[2026-09-01T20:30:13.885Z] NOT FOUND: AWAITSCREEN (nodeId: 45, conferenceId: 1)
[2026-09-01T20:30:13.889Z] NOT FOUND: AWAITSCREEN (nodeId: 45, conferenceId: 1)
[2026-09-01T20:30:13.895Z] NOT FOUND: AWAITSCREEN (nodeId: 45, conferenceId: 1)
[2026-09-01T20:30:13.900Z] NOT FOUND: AWAITSCREEN (nodeId: 45, conferenceId: 1)
[2026-09-01T20:30:13.906Z] NOT FOUND: AWAITSCREEN (nodeId: 45, conferenceId: 1)
[2026-09-01T20:30:13.907Z] NOT FOUND: AWAITSCREEN (nodeId: 97, conferenceId: 1)
[2026-09-01T20:30:13.910Z] NOT FOUND: AWAITSCREEN (nodeId: 97, conferenceId: 1)
[2026-09-01T20:30:13.913Z] NOT FOUND: AWAITSCREEN (nodeId: 97, conferenceId: 1)
[2026-09-01T20:30:13.916Z] NOT FOUND: AWAITSCREEN (nodeId: 97, conferenceId: 1)
[2026-09-01T20:30:13.924Z] NOT FOUND: AWAITSCREEN (nodeId: 97, conferenceId: 1)
[2026-09-01T20:30:13.925Z] NOT FOUND: NODE_BULL (nodeId: 0, conferenceId: 1)
[2026-09-01T20:30:13.929Z] NOT FOUND: NODE_BULL (nodeId: 0, conferenceId: 1)
[2026-09-01T20:30:13.933Z] NOT FOUND: NODE_BULL (nodeId: 0, conferenceId: 1)
[2026-09-01T20:30:13.938Z] NOT FOUND: NODE_BULL (nodeId: 0, conferenceId: 1)
[2026-09-01T20:30:13.944Z] NOT FOUND: NODE_BULL (nodeId: 0, conferenceId: 1)
[2026-09-01T20:30:13.945Z] NOT FOUND: NODE_BULL (nodeId: 1, conferenceId: 1)
[2026-09-01T20:30:13.949Z] NOT FOUND: NODE_BULL (nodeId: 1, conferenceId: 1)
[2026-09-01T20:30:13.954Z] NOT FOUND: NODE_BULL (nodeId: 1, conferenceId: 1)
[2026-09-01T20:30:13.959Z] NOT FOUND: NODE_BULL (nodeId: 1, conferenceId: 1)
[2026-09-01T20:30:13.968Z] NOT FOUND: NODE_BULL (nodeId: 1, conferenceId: 1)
[2026-09-01T20:30:13.969Z] NOT FOUND: NODE_BULL (nodeId: 2, conferenceId: 1)
[2026-09-01T20:30:13.972Z] NOT FOUND: NODE_BULL (nodeId: 2, conferenceId: 1)
[2026-09-01T20:30:13.975Z] NOT FOUND: NODE_BULL (nodeId: 2, conferenceId: 1)
[2026-09-01T20:30:13.981Z] NOT FOUND: NODE_BULL (nodeId: 2, conferenceId: 1)
[2026-09-01T20:30:13.987Z] NOT FOUND: NODE_BULL (nodeId: 2, conferenceId: 1)
[2026-09-01T20:30:13.988Z] NOT FOUND: NODE_BULL (nodeId: 3, conferenceId: 1)
[2026-09-01T20:30:13.993Z] NOT FOUND: NODE_BULL (nodeId: 3, conferenceId: 1)
[2026-09-01T20:30:13.997Z] NOT FOUND: NODE_BULL (nodeId: 3, conferenceId: 1)
[2026-09-01T20:30:14.003Z] NOT FOUND: NODE_BULL (nodeId: 3, conferenceId: 1)
[2026-09-01T20:30:14.013Z] NOT FOUND: NODE_BULL (nodeId: 3, conferenceId: 1)
[2026-09-01T20:30:14.014Z] NOT FOUND: NODE_BULL (nodeId: 4, conferenceId: 1)
[2026-09-01T20:30:14.017Z] NOT FOUND: NODE_BULL (nodeId: 4, conferenceId: 1)
[2026-09-01T20:30:14.020Z] NOT FOUND: NODE_BULL (nodeId: 4, conferenceId: 1)
[2026-09-01T20:30:14.025Z] NOT FOUND: NODE_BULL (nodeId: 4, conferenceId: 1)
[2026-09-01T20:30:14.033Z] NOT FOUND: NODE_BULL (nodeId: 4, conferenceId: 1)
[2026-09-01T20:30:14.034Z] NOT FOUND: NODE_BULL (nodeId: 5, conferenceId: 1)
[2026-09-01T20:30:14.037Z] NOT FOUND: NODE_BULL (nodeId: 5, conferenceId: 1)
[2026-09-01T20:30:14.043Z] NOT FOUND: NODE_BULL (nodeId: 5, conferenceId: 1)
[2026-09-01T20:30:14.047Z] NOT FOUND: NODE_BULL (nodeId: 5, conferenceId: 1)
[2026-09-01T20:30:14.056Z] NOT FOUND: NODE_BULL (nodeId: 5, conferenceId: 1)
[2026-09-01T20:30:14.057Z] NOT FOUND: NODE_BULL (nodeId: 6, conferenceId: 1)
[2026-09-01T20:30:14.060Z] NOT FOUND: NODE_BULL (nodeId: 6, conferenceId: 1)
[2026-09-01T20:30:14.064Z] NOT FOUND: NODE_BULL (nodeId: 6, conferenceId: 1)
[2026-09-01T20:30:14.073Z] NOT FOUND: NODE_BULL (nodeId: 6, conferenceId: 1)
[2026-09-01T20:30:14.083Z] NOT FOUND: NODE_BULL (nodeId: 6, conferenceId: 1)
[2026-09-01T20:30:14.084Z] NOT FOUND: NODE_BULL (nodeId: 7, conferenceId: 1)
[2026-09-01T20:30:14.089Z] NOT FOUND: NODE_BULL (nodeId: 7, conferenceId: 1)
[2026-09-01T20:30:14.094Z] NOT FOUND: NODE_BULL (nodeId: 7, conferenceId: 1)
[2026-09-01T20:30:14.099Z] NOT FOUND: NODE_BULL (nodeId: 7, conferenceId: 1)
[2026-09-01T20:30:14.106Z] NOT FOUND: NODE_BULL (nodeId: 7, conferenceId: 1)
[2026-09-01T20:30:14.107Z] NOT FOUND: NODE_BULL (nodeId: 8, conferenceId: 1)
[2026-09-01T20:30:14.111Z] NOT FOUND: NODE_BULL (nodeId: 8, conferenceId: 1)
[2026-09-01T20:30:14.114Z] NOT FOUND: NODE_BULL (nodeId: 8, conferenceId: 1)
[2026-09-01T20:30:14.120Z] NOT FOUND: NODE_BULL (nodeId: 8, conferenceId: 1)
[2026-09-01T20:30:14.126Z] NOT FOUND: NODE_BULL (nodeId: 8, conferenceId: 1)
[2026-09-01T20:30:14.127Z] NOT FOUND: NODE_BULL (nodeId: 9, conferenceId: 1)
[2026-09-01T20:30:14.130Z] NOT FOUND: NODE_BULL (nodeId: 9, conferenceId: 1)
[2026-09-01T20:30:14.134Z] NOT FOUND: NODE_BULL (nodeId: 9, conferenceId: 1)
[2026-09-01T20:30:14.139Z] NOT FOUND: NODE_BULL (nodeId: 9, conferenceId: 1)
[2026-09-01T20:30:14.150Z] NOT FOUND: NODE_BULL (nodeId: 9, conferenceId: 1)
[2026-09-01T20:30:14.151Z] NOT FOUND: NODE_BULL (nodeId: 10, conferenceId: 1)
[2026-09-01T20:30:14.154Z] NOT FOUND: NODE_BULL (nodeId: 10, conferenceId: 1)
[2026-09-01T20:30:14.158Z] NOT FOUND: NODE_BULL (nodeId: 10, conferenceId: 1)
[2026-09-01T20:30:14.164Z] NOT FOUND: NODE_BULL (nodeId: 10, conferenceId: 1)
[2026-09-01T20:30:14.181Z] NOT FOUND: NODE_BULL (nodeId: 10, conferenceId: 1)
[2026-09-01T20:30:14.182Z] NOT FOUND: NODE_BULL (nodeId: 11, conferenceId: 1)
[2026-09-01T20:30:14.185Z] NOT FOUND: NODE_BULL (nodeId: 11, conferenceId: 1)
[2026-09-01T20:30:14.191Z] NOT FOUND: NODE_BULL (nodeId: 11, conferenceId: 1)
[2026-09-01T20:30:14.198Z] NOT FOUND: NODE_BULL (nodeId: 11, conferenceId: 1)
[2026-09-01T20:30:14.205Z] NOT FOUND: NODE_BULL (nodeId: 11, conferenceId: 1)
[2026-09-01T20:30:14.206Z] NOT FOUND: NODE_BULL (nodeId: 12, conferenceId: 1)
[2026-09-01T20:30:14.209Z] NOT FOUND: NODE_BULL (nodeId: 12, conferenceId: 1)
[2026-09-01T20:30:14.215Z] NOT FOUND: NODE_BULL (nodeId: 12, conferenceId: 1)
[2026-09-01T20:30:14.222Z] NOT FOUND: NODE_BULL (nodeId: 12, conferenceId: 1)
[2026-09-01T20:30:14.231Z] NOT FOUND: NODE_BULL (nodeId: 12, conferenceId: 1)
[2026-09-01T20:30:14.232Z] NOT FOUND: NODE_BULL (nodeId: 13, conferenceId: 1)
[2026-09-01T20:30:14.235Z] NOT FOUND: NODE_BULL (nodeId: 13, conferenceId: 1)
[2026-09-01T20:30:14.239Z] NOT FOUND: NODE_BULL (nodeId: 13, conferenceId: 1)
[2026-09-01T20:30:14.244Z] NOT FOUND: NODE_BULL (nodeId: 13, conferenceId: 1)
[2026-09-01T20:30:14.253Z] NOT FOUND: NODE_BULL (nodeId: 13, conferenceId: 1)
[2026-09-01T20:30:14.253Z] NOT FOUND: NODE_BULL (nodeId: 14, conferenceId: 1)
[2026-09-01T20:30:14.257Z] NOT FOUND: NODE_BULL (nodeId: 14, conferenceId: 1)
[2026-09-01T20:30:14.262Z] NOT FOUND: NODE_BULL (nodeId: 14, conferenceId: 1)
[2026-09-01T20:30:14.267Z] NOT FOUND: NODE_BULL (nodeId: 14, conferenceId: 1)
[2026-09-01T20:30:14.275Z] NOT FOUND: NODE_BULL (nodeId: 14, conferenceId: 1)
[2026-09-01T20:30:14.276Z] NOT FOUND: NODE_BULL (nodeId: 15, conferenceId: 1)
[2026-09-01T20:30:14.279Z] NOT FOUND: NODE_BULL (nodeId: 15, conferenceId: 1)
[2026-09-01T20:30:14.284Z] NOT FOUND: NODE_BULL (nodeId: 15, conferenceId: 1)
[2026-09-01T20:30:14.291Z] NOT FOUND: NODE_BULL (nodeId: 15, conferenceId: 1)
[2026-09-01T20:30:14.301Z] NOT FOUND: NODE_BULL (nodeId: 15, conferenceId: 1)
[2026-09-01T20:30:14.302Z] NOT FOUND: NODE_BULL (nodeId: 16, conferenceId: 1)
[2026-09-01T20:30:14.305Z] NOT FOUND: NODE_BULL (nodeId: 16, conferenceId: 1)
[2026-09-01T20:30:14.308Z] NOT FOUND: NODE_BULL (nodeId: 16, conferenceId: 1)
[2026-09-01T20:30:14.313Z] NOT FOUND: NODE_BULL (nodeId: 16, conferenceId: 1)
[2026-09-01T20:30:14.322Z] NOT FOUND: NODE_BULL (nodeId: 16, conferenceId: 1)
[2026-09-01T20:30:14.323Z] NOT FOUND: NODE_BULL (nodeId: 17, conferenceId: 1)
[2026-09-01T20:30:14.326Z] NOT FOUND: NODE_BULL (nodeId: 17, conferenceId: 1)
[2026-09-01T20:30:14.329Z] NOT FOUND: NODE_BULL (nodeId: 17, conferenceId: 1)
[2026-09-01T20:30:14.337Z] NOT FOUND: NODE_BULL (nodeId: 17, conferenceId: 1)
[2026-09-01T20:30:14.347Z] NOT FOUND: NODE_BULL (nodeId: 17, conferenceId: 1)
[2026-09-01T20:30:14.348Z] NOT FOUND: NODE_BULL (nodeId: 18, conferenceId: 1)
[2026-09-01T20:30:14.352Z] NOT FOUND: NODE_BULL (nodeId: 18, conferenceId: 1)
[2026-09-01T20:30:14.356Z] NOT FOUND: NODE_BULL (nodeId: 18, conferenceId: 1)
[2026-09-01T20:30:14.361Z] NOT FOUND: NODE_BULL (nodeId: 18, conferenceId: 1)
[2026-09-01T20:30:14.368Z] NOT FOUND: NODE_BULL (nodeId: 18, conferenceId: 1)
[2026-09-01T20:30:14.369Z] NOT FOUND: NODE_BULL (nodeId: 19, conferenceId: 1)
[2026-09-01T20:30:14.373Z] NOT FOUND: NODE_BULL (nodeId: 19, conferenceId: 1)
[2026-09-01T20:30:14.380Z] NOT FOUND: NODE_BULL (nodeId: 19, conferenceId: 1)
[2026-09-01T20:30:14.388Z] NOT FOUND: NODE_BULL (nodeId: 19, conferenceId: 1)
[2026-09-01T20:30:14.396Z] NOT FOUND: NODE_BULL (nodeId: 19, conferenceId: 1)
[2026-09-01T20:30:14.397Z] NOT FOUND: NODE_BULL (nodeId: 20, conferenceId: 1)
[2026-09-01T20:30:14.401Z] NOT FOUND: NODE_BULL (nodeId: 20, conferenceId: 1)
[2026-09-01T20:30:14.407Z] NOT FOUND: NODE_BULL (nodeId: 20, conferenceId: 1)
[2026-09-01T20:30:14.412Z] NOT FOUND: NODE_BULL (nodeId: 20, conferenceId: 1)
[2026-09-01T20:30:14.423Z] NOT FOUND: NODE_BULL (nodeId: 20, conferenceId: 1)
[2026-09-01T20:30:14.424Z] NOT FOUND: NODE_BULL (nodeId: 21, conferenceId: 1)
[2026-09-01T20:30:14.427Z] NOT FOUND: NODE_BULL (nodeId: 21, conferenceId: 1)
[2026-09-01T20:30:14.434Z] NOT FOUND: NODE_BULL (nodeId: 21, conferenceId: 1)
[2026-09-01T20:30:14.439Z] NOT FOUND: NODE_BULL (nodeId: 21, conferenceId: 1)
[2026-09-01T20:30:14.446Z] NOT FOUND: NODE_BULL (nodeId: 21, conferenceId: 1)
[2026-09-01T20:30:14.447Z] NOT FOUND: NODE_BULL (nodeId: 22, conferenceId: 1)
[2026-09-01T20:30:14.451Z] NOT FOUND: NODE_BULL (nodeId: 22, conferenceId: 1)
[2026-09-01T20:30:14.456Z] NOT FOUND: NODE_BULL (nodeId: 22, conferenceId: 1)
[2026-09-01T20:30:14.461Z] NOT FOUND: NODE_BULL (nodeId: 22, conferenceId: 1)
[2026-09-01T20:30:14.470Z] NOT FOUND: NODE_BULL (nodeId: 22, conferenceId: 1)
[2026-09-01T20:30:14.471Z] NOT FOUND: NODE_BULL (nodeId: 23, conferenceId: 1)
[2026-09-01T20:30:14.474Z] NOT FOUND: NODE_BULL (nodeId: 23, conferenceId: 1)
[2026-09-01T20:30:14.477Z] NOT FOUND: NODE_BULL (nodeId: 23, conferenceId: 1)
[2026-09-01T20:30:14.484Z] NOT FOUND: NODE_BULL (nodeId: 23, conferenceId: 1)
[2026-09-01T20:30:14.495Z] NOT FOUND: NODE_BULL (nodeId: 23, conferenceId: 1)
[2026-09-01T20:30:14.496Z] NOT FOUND: NODE_BULL (nodeId: 24, conferenceId: 1)
[2026-09-01T20:30:14.500Z] NOT FOUND: NODE_BULL (nodeId: 24, conferenceId: 1)
[2026-09-01T20:30:14.503Z] NOT FOUND: NODE_BULL (nodeId: 24, conferenceId: 1)
[2026-09-01T20:30:14.510Z] NOT FOUND: NODE_BULL (nodeId: 24, conferenceId: 1)
[2026-09-01T20:30:14.520Z] NOT FOUND: NODE_BULL (nodeId: 24, conferenceId: 1)
[2026-09-01T20:30:14.521Z] NOT FOUND: NODE_BULL (nodeId: 25, conferenceId: 1)
[2026-09-01T20:30:14.525Z] NOT FOUND: NODE_BULL (nodeId: 25, conferenceId: 1)
[2026-09-01T20:30:14.529Z] NOT FOUND: NODE_BULL (nodeId: 25, conferenceId: 1)
[2026-09-01T20:30:14.539Z] NOT FOUND: NODE_BULL (nodeId: 25, conferenceId: 1)
[2026-09-01T20:30:14.549Z] NOT FOUND: NODE_BULL (nodeId: 25, conferenceId: 1)
[2026-09-01T20:30:14.550Z] NOT FOUND: NODE_BULL (nodeId: 26, conferenceId: 1)
[2026-09-01T20:30:14.554Z] NOT FOUND: NODE_BULL (nodeId: 26, conferenceId: 1)
[2026-09-01T20:30:14.557Z] NOT FOUND: NODE_BULL (nodeId: 26, conferenceId: 1)
[2026-09-01T20:30:14.567Z] NOT FOUND: NODE_BULL (nodeId: 26, conferenceId: 1)
[2026-09-01T20:30:14.576Z] NOT FOUND: NODE_BULL (nodeId: 26, conferenceId: 1)
[2026-09-01T20:30:14.577Z] NOT FOUND: NODE_BULL (nodeId: 27, conferenceId: 1)
[2026-09-01T20:30:14.581Z] NOT FOUND: NODE_BULL (nodeId: 27, conferenceId: 1)
[2026-09-01T20:30:14.585Z] NOT FOUND: NODE_BULL (nodeId: 27, conferenceId: 1)
[2026-09-01T20:30:14.595Z] NOT FOUND: NODE_BULL (nodeId: 27, conferenceId: 1)
[2026-09-01T20:30:14.604Z] NOT FOUND: NODE_BULL (nodeId: 27, conferenceId: 1)
[2026-09-01T20:30:14.605Z] NOT FOUND: NODE_BULL (nodeId: 28, conferenceId: 1)
[2026-09-01T20:30:14.609Z] NOT FOUND: NODE_BULL (nodeId: 28, conferenceId: 1)
[2026-09-01T20:30:14.612Z] NOT FOUND: NODE_BULL (nodeId: 28, conferenceId: 1)
[2026-09-01T20:30:14.622Z] NOT FOUND: NODE_BULL (nodeId: 28, conferenceId: 1)
[2026-09-01T20:30:14.631Z] NOT FOUND: NODE_BULL (nodeId: 28, conferenceId: 1)
[2026-09-01T20:30:14.632Z] NOT FOUND: NODE_BULL (nodeId: 29, conferenceId: 1)
[2026-09-01T20:30:14.639Z] NOT FOUND: NODE_BULL (nodeId: 29, conferenceId: 1)
[2026-09-01T20:30:14.643Z] NOT FOUND: NODE_BULL (nodeId: 29, conferenceId: 1)
[2026-09-01T20:30:14.652Z] NOT FOUND: NODE_BULL (nodeId: 29, conferenceId: 1)
[2026-09-01T20:30:14.664Z] NOT FOUND: NODE_BULL (nodeId: 29, conferenceId: 1)
[2026-09-01T20:30:14.665Z] NOT FOUND: NODE_BULL (nodeId: 30, conferenceId: 1)
[2026-09-01T20:30:14.669Z] NOT FOUND: NODE_BULL (nodeId: 30, conferenceId: 1)
[2026-09-01T20:30:14.672Z] NOT FOUND: NODE_BULL (nodeId: 30, conferenceId: 1)
[2026-09-01T20:30:14.680Z] NOT FOUND: NODE_BULL (nodeId: 30, conferenceId: 1)
[2026-09-01T20:30:14.689Z] NOT FOUND: NODE_BULL (nodeId: 30, conferenceId: 1)
[2026-09-01T20:30:14.690Z] NOT FOUND: NODE_BULL (nodeId: 31, conferenceId: 1)
[2026-09-01T20:30:14.694Z] NOT FOUND: NODE_BULL (nodeId: 31, conferenceId: 1)
[2026-09-01T20:30:14.702Z] NOT FOUND: NODE_BULL (nodeId: 31, conferenceId: 1)
[2026-09-01T20:30:14.707Z] NOT FOUND: NODE_BULL (nodeId: 31, conferenceId: 1)
[2026-09-01T20:30:14.716Z] NOT FOUND: NODE_BULL (nodeId: 31, conferenceId: 1)
[2026-09-01T20:30:14.718Z] NOT FOUND: NODE_BULL (nodeId: 32, conferenceId: 1)
[2026-09-01T20:30:14.723Z] NOT FOUND: NODE_BULL (nodeId: 32, conferenceId: 1)
[2026-09-01T20:30:14.729Z] NOT FOUND: NODE_BULL (nodeId: 32, conferenceId: 1)
[2026-09-01T20:30:14.737Z] NOT FOUND: NODE_BULL (nodeId: 32, conferenceId: 1)
[2026-09-01T20:30:14.746Z] NOT FOUND: NODE_BULL (nodeId: 32, conferenceId: 1)
[2026-09-01T20:30:14.747Z] NOT FOUND: NODE_BULL (nodeId: 33, conferenceId: 1)
[2026-09-01T20:30:14.751Z] NOT FOUND: NODE_BULL (nodeId: 33, conferenceId: 1)
[2026-09-01T20:30:14.755Z] NOT FOUND: NODE_BULL (nodeId: 33, conferenceId: 1)
[2026-09-01T20:30:14.762Z] NOT FOUND: NODE_BULL (nodeId: 33, conferenceId: 1)
[2026-09-01T20:30:14.772Z] NOT FOUND: NODE_BULL (nodeId: 33, conferenceId: 1)
[2026-09-01T20:30:14.773Z] NOT FOUND: NODE_BULL (nodeId: 34, conferenceId: 1)
[2026-09-01T20:30:14.777Z] NOT FOUND: NODE_BULL (nodeId: 34, conferenceId: 1)
[2026-09-01T20:30:14.781Z] NOT FOUND: NODE_BULL (nodeId: 34, conferenceId: 1)
[2026-09-01T20:30:14.791Z] NOT FOUND: NODE_BULL (nodeId: 34, conferenceId: 1)
[2026-09-01T20:30:14.801Z] NOT FOUND: NODE_BULL (nodeId: 34, conferenceId: 1)
[2026-09-01T20:30:14.802Z] NOT FOUND: NODE_BULL (nodeId: 35, conferenceId: 1)
[2026-09-01T20:30:14.806Z] NOT FOUND: NODE_BULL (nodeId: 35, conferenceId: 1)
[2026-09-01T20:30:14.809Z] NOT FOUND: NODE_BULL (nodeId: 35, conferenceId: 1)
[2026-09-01T20:30:14.817Z] NOT FOUND: NODE_BULL (nodeId: 35, conferenceId: 1)
[2026-09-01T20:30:14.828Z] NOT FOUND: NODE_BULL (nodeId: 35, conferenceId: 1)
[2026-09-01T20:30:14.829Z] NOT FOUND: NODE_BULL (nodeId: 36, conferenceId: 1)
[2026-09-01T20:30:14.832Z] NOT FOUND: NODE_BULL (nodeId: 36, conferenceId: 1)
[2026-09-01T20:30:14.836Z] NOT FOUND: NODE_BULL (nodeId: 36, conferenceId: 1)
[2026-09-01T20:30:14.845Z] NOT FOUND: NODE_BULL (nodeId: 36, conferenceId: 1)
[2026-09-01T20:30:14.858Z] NOT FOUND: NODE_BULL (nodeId: 36, conferenceId: 1)
[2026-09-01T20:30:14.860Z] NOT FOUND: NODE_BULL (nodeId: 37, conferenceId: 1)
[2026-09-01T20:30:14.865Z] NOT FOUND: NODE_BULL (nodeId: 37, conferenceId: 1)
[2026-09-01T20:30:14.868Z] NOT FOUND: NODE_BULL (nodeId: 37, conferenceId: 1)
[2026-09-01T20:30:14.874Z] NOT FOUND: NODE_BULL (nodeId: 37, conferenceId: 1)
[2026-09-01T20:30:14.896Z] NOT FOUND: NODE_BULL (nodeId: 37, conferenceId: 1)
[2026-09-01T20:30:14.897Z] NOT FOUND: NODE_BULL (nodeId: 38, conferenceId: 1)
[2026-09-01T20:30:14.901Z] NOT FOUND: NODE_BULL (nodeId: 38, conferenceId: 1)
[2026-09-01T20:30:14.905Z] NOT FOUND: NODE_BULL (nodeId: 38, conferenceId: 1)
[2026-09-01T20:30:14.914Z] NOT FOUND: NODE_BULL (nodeId: 38, conferenceId: 1)
[2026-09-01T20:30:14.925Z] NOT FOUND: NODE_BULL (nodeId: 38, conferenceId: 1)
[2026-09-01T20:30:14.926Z] NOT FOUND: NODE_BULL (nodeId: 39, conferenceId: 1)
[2026-09-01T20:30:14.930Z] NOT FOUND: NODE_BULL (nodeId: 39, conferenceId: 1)
[2026-09-01T20:30:14.934Z] NOT FOUND: NODE_BULL (nodeId: 39, conferenceId: 1)
[2026-09-01T20:30:14.944Z] NOT FOUND: NODE_BULL (nodeId: 39, conferenceId: 1)
[2026-09-01T20:30:14.955Z] NOT FOUND: NODE_BULL (nodeId: 39, conferenceId: 1)
[2026-09-01T20:30:14.956Z] NOT FOUND: NODE_BULL (nodeId: 40, conferenceId: 1)
[2026-09-01T20:30:14.962Z] NOT FOUND: NODE_BULL (nodeId: 40, conferenceId: 1)
[2026-09-01T20:30:14.966Z] NOT FOUND: NODE_BULL (nodeId: 40, conferenceId: 1)
[2026-09-01T20:30:14.976Z] NOT FOUND: NODE_BULL (nodeId: 40, conferenceId: 1)
[2026-09-01T20:30:14.989Z] NOT FOUND: NODE_BULL (nodeId: 40, conferenceId: 1)
[2026-09-01T20:30:14.991Z] NOT FOUND: NODE_BULL (nodeId: 45, conferenceId: 1)
[2026-09-01T20:30:14.994Z] NOT FOUND: NODE_BULL (nodeId: 45, conferenceId: 1)
[2026-09-01T20:30:14.999Z] NOT FOUND: NODE_BULL (nodeId: 45, conferenceId: 1)
[2026-09-01T20:30:15.008Z] NOT FOUND: NODE_BULL (nodeId: 45, conferenceId: 1)
[2026-09-01T20:30:15.018Z] NOT FOUND: NODE_BULL (nodeId: 45, conferenceId: 1)
[2026-09-01T20:30:15.019Z] NOT FOUND: NODE_BULL (nodeId: 97, conferenceId: 1)
[2026-09-01T20:30:15.023Z] NOT FOUND: NODE_BULL (nodeId: 97, conferenceId: 1)
[2026-09-01T20:30:15.027Z] NOT FOUND: NODE_BULL (nodeId: 97, conferenceId: 1)
[2026-09-01T20:30:15.035Z] NOT FOUND: NODE_BULL (nodeId: 97, conferenceId: 1)
[2026-09-01T20:30:15.046Z] NOT FOUND: NODE_BULL (nodeId: 97, conferenceId: 1)
[2026-09-01T20:30:15.457Z] NOT FOUND: LOGOFF (nodeId: 45, conferenceId: 1)
[2026-09-01T20:30:15.459Z] NOT FOUND: LOGOFF (nodeId: 45, conferenceId: 1)
[2026-09-01T20:30:15.464Z] NOT FOUND: LOGOFF (nodeId: 45, conferenceId: 1)
[2026-09-01T20:30:15.470Z] NOT FOUND: LOGOFF (nodeId: 45, conferenceId: 1)
[2026-09-01T20:30:15.478Z] NOT FOUND: LOGOFF (nodeId: 45, conferenceId: 1)
[2026-09-01T20:30:15.479Z] NOT FOUND: LOGOFF (nodeId: 97, conferenceId: 1)
[2026-09-01T20:30:15.483Z] NOT FOUND: LOGOFF (nodeId: 97, conferenceId: 1)
[2026-09-01T20:30:15.491Z] NOT FOUND: LOGOFF (nodeId: 97, conferenceId: 1)
[2026-09-01T20:30:15.495Z] NOT FOUND: LOGOFF (nodeId: 97, conferenceId: 1)
[2026-09-01T20:30:15.505Z] NOT FOUND: LOGOFF (nodeId: 97, conferenceId: 1)
[2026-09-01T20:30:15.733Z] NOT FOUND: LOGON (nodeId: 45, conferenceId: 1)
[2026-09-01T20:30:15.734Z] NOT FOUND: LOGON (nodeId: 45, conferenceId: 1)
[2026-09-01T20:30:15.738Z] NOT FOUND: LOGON (nodeId: 45, conferenceId: 1)
[2026-09-01T20:30:15.743Z] NOT FOUND: LOGON (nodeId: 45, conferenceId: 1)
[2026-09-01T20:30:15.752Z] NOT FOUND: LOGON (nodeId: 45, conferenceId: 1)
[2026-09-01T20:30:15.753Z] NOT FOUND: LOGON (nodeId: 97, conferenceId: 1)
[2026-09-01T20:30:15.757Z] NOT FOUND: LOGON (nodeId: 97, conferenceId: 1)
[2026-09-01T20:30:15.760Z] NOT FOUND: LOGON (nodeId: 97, conferenceId: 1)
[2026-09-01T20:30:15.764Z] NOT FOUND: LOGON (nodeId: 97, conferenceId: 1)
[2026-09-01T20:30:15.772Z] NOT FOUND: LOGON (nodeId: 97, conferenceId: 1)
[2026-09-01T20:30:16.203Z] NOT FOUND: BBSTITLE (nodeId: 45, conferenceId: 1)
[2026-09-01T20:30:16.204Z] NOT FOUND: BBSTITLE (nodeId: 45, conferenceId: 1)
[2026-09-01T20:30:16.208Z] NOT FOUND: BBSTITLE (nodeId: 45, conferenceId: 1)
[2026-09-01T20:30:16.215Z] NOT FOUND: BBSTITLE (nodeId: 45, conferenceId: 1)
[2026-09-01T20:30:16.224Z] NOT FOUND: BBSTITLE (nodeId: 45, conferenceId: 1)
[2026-09-01T20:30:16.224Z] NOT FOUND: BBSTITLE (nodeId: 97, conferenceId: 1)
[2026-09-01T20:30:16.227Z] NOT FOUND: BBSTITLE (nodeId: 97, conferenceId: 1)
[2026-09-01T20:30:16.231Z] NOT FOUND: BBSTITLE (nodeId: 97, conferenceId: 1)
[2026-09-01T20:30:16.238Z] NOT FOUND: BBSTITLE (nodeId: 97, conferenceId: 1)
[2026-09-01T20:30:16.248Z] NOT FOUND: BBSTITLE (nodeId: 97, conferenceId: 1)
[2026-09-01T20:30:16.734Z] NOT FOUND: JOIN (nodeId: 45, conferenceId: 1)
[2026-09-01T20:30:16.735Z] NOT FOUND: JOIN (nodeId: 45, conferenceId: 1)
[2026-09-01T20:30:16.739Z] NOT FOUND: JOIN (nodeId: 45, conferenceId: 1)
[2026-09-01T20:30:16.748Z] NOT FOUND: JOIN (nodeId: 45, conferenceId: 1)
[2026-09-01T20:30:16.756Z] NOT FOUND: JOIN (nodeId: 45, conferenceId: 1)
[2026-09-01T20:30:16.757Z] NOT FOUND: JOIN (nodeId: 97, conferenceId: 1)
[2026-09-01T20:30:16.760Z] NOT FOUND: JOIN (nodeId: 97, conferenceId: 1)
[2026-09-01T20:30:16.763Z] NOT FOUND: JOIN (nodeId: 97, conferenceId: 1)
[2026-09-01T20:30:16.771Z] NOT FOUND: JOIN (nodeId: 97, conferenceId: 1)
[2026-09-01T20:30:16.781Z] NOT FOUND: JOIN (nodeId: 97, conferenceId: 1)
[2026-09-01T20:30:17.218Z] NOT FOUND: JOINED (nodeId: 45, conferenceId: 1)
[2026-09-01T20:30:17.219Z] NOT FOUND: JOINED (nodeId: 45, conferenceId: 1)
[2026-09-01T20:30:17.224Z] NOT FOUND: JOINED (nodeId: 45, conferenceId: 1)
[2026-09-01T20:30:17.229Z] NOT FOUND: JOINED (nodeId: 45, conferenceId: 1)
[2026-09-01T20:30:17.238Z] NOT FOUND: JOINED (nodeId: 45, conferenceId: 1)
[2026-09-01T20:30:17.239Z] NOT FOUND: JOINED (nodeId: 97, conferenceId: 1)
[2026-09-01T20:30:17.243Z] NOT FOUND: JOINED (nodeId: 97, conferenceId: 1)
[2026-09-01T20:30:17.246Z] NOT FOUND: JOINED (nodeId: 97, conferenceId: 1)
[2026-09-01T20:30:17.250Z] NOT FOUND: JOINED (nodeId: 97, conferenceId: 1)
[2026-09-01T20:30:17.260Z] NOT FOUND: JOINED (nodeId: 97, conferenceId: 1)
[2026-09-01T20:30:17.669Z] NOT FOUND: JOINCONF (nodeId: 45, conferenceId: 1)
[2026-09-01T20:30:17.670Z] NOT FOUND: JOINCONF (nodeId: 45, conferenceId: 1)
[2026-09-01T20:30:17.674Z] NOT FOUND: JOINCONF (nodeId: 45, conferenceId: 1)
[2026-09-01T20:30:17.678Z] NOT FOUND: JOINCONF (nodeId: 45, conferenceId: 1)
[2026-09-01T20:30:17.690Z] NOT FOUND: JOINCONF (nodeId: 45, conferenceId: 1)
[2026-09-01T20:30:17.690Z] NOT FOUND: JOINCONF (nodeId: 97, conferenceId: 1)
[2026-09-01T20:30:17.695Z] NOT FOUND: JOINCONF (nodeId: 97, conferenceId: 1)
[2026-09-01T20:30:17.699Z] NOT FOUND: JOINCONF (nodeId: 97, conferenceId: 1)
[2026-09-01T20:30:17.703Z] NOT FOUND: JOINCONF (nodeId: 97, conferenceId: 1)
[2026-09-01T20:30:17.710Z] NOT FOUND: JOINCONF (nodeId: 97, conferenceId: 1)
[2026-09-01T20:30:17.711Z] NOT FOUND: JOINMSGBASE (nodeId: 0, conferenceId: 1)
[2026-09-01T20:30:17.717Z] NOT FOUND: JOINMSGBASE (nodeId: 0, conferenceId: 1)
[2026-09-01T20:30:17.720Z] NOT FOUND: JOINMSGBASE (nodeId: 0, conferenceId: 1)
[2026-09-01T20:30:17.726Z] NOT FOUND: JOINMSGBASE (nodeId: 0, conferenceId: 1)
[2026-09-01T20:30:17.734Z] NOT FOUND: JOINMSGBASE (nodeId: 0, conferenceId: 1)
[2026-09-01T20:30:17.735Z] NOT FOUND: JOINMSGBASE (nodeId: 1, conferenceId: 1)
[2026-09-01T20:30:17.740Z] NOT FOUND: JOINMSGBASE (nodeId: 1, conferenceId: 1)
[2026-09-01T20:30:17.744Z] NOT FOUND: JOINMSGBASE (nodeId: 1, conferenceId: 1)
[2026-09-01T20:30:17.749Z] NOT FOUND: JOINMSGBASE (nodeId: 1, conferenceId: 1)
[2026-09-01T20:30:17.760Z] NOT FOUND: JOINMSGBASE (nodeId: 1, conferenceId: 1)
[2026-09-01T20:30:17.761Z] NOT FOUND: JOINMSGBASE (nodeId: 2, conferenceId: 1)
[2026-09-01T20:30:17.764Z] NOT FOUND: JOINMSGBASE (nodeId: 2, conferenceId: 1)
[2026-09-01T20:30:17.769Z] NOT FOUND: JOINMSGBASE (nodeId: 2, conferenceId: 1)
[2026-09-01T20:30:17.777Z] NOT FOUND: JOINMSGBASE (nodeId: 2, conferenceId: 1)
[2026-09-01T20:30:17.787Z] NOT FOUND: JOINMSGBASE (nodeId: 2, conferenceId: 1)
[2026-09-01T20:30:17.788Z] NOT FOUND: JOINMSGBASE (nodeId: 3, conferenceId: 1)
[2026-09-01T20:30:17.793Z] NOT FOUND: JOINMSGBASE (nodeId: 3, conferenceId: 1)
[2026-09-01T20:30:17.797Z] NOT FOUND: JOINMSGBASE (nodeId: 3, conferenceId: 1)
[2026-09-01T20:30:17.802Z] NOT FOUND: JOINMSGBASE (nodeId: 3, conferenceId: 1)
[2026-09-01T20:30:17.810Z] NOT FOUND: JOINMSGBASE (nodeId: 3, conferenceId: 1)
[2026-09-01T20:30:17.811Z] NOT FOUND: JOINMSGBASE (nodeId: 4, conferenceId: 1)
[2026-09-01T20:30:17.816Z] NOT FOUND: JOINMSGBASE (nodeId: 4, conferenceId: 1)
[2026-09-01T20:30:17.820Z] NOT FOUND: JOINMSGBASE (nodeId: 4, conferenceId: 1)
[2026-09-01T20:30:17.824Z] NOT FOUND: JOINMSGBASE (nodeId: 4, conferenceId: 1)
[2026-09-01T20:30:17.833Z] NOT FOUND: JOINMSGBASE (nodeId: 4, conferenceId: 1)
[2026-09-01T20:30:17.834Z] NOT FOUND: JOINMSGBASE (nodeId: 5, conferenceId: 1)
[2026-09-01T20:30:17.839Z] NOT FOUND: JOINMSGBASE (nodeId: 5, conferenceId: 1)
[2026-09-01T20:30:17.843Z] NOT FOUND: JOINMSGBASE (nodeId: 5, conferenceId: 1)
[2026-09-01T20:30:17.848Z] NOT FOUND: JOINMSGBASE (nodeId: 5, conferenceId: 1)
[2026-09-01T20:30:17.857Z] NOT FOUND: JOINMSGBASE (nodeId: 5, conferenceId: 1)
[2026-09-01T20:30:17.858Z] NOT FOUND: JOINMSGBASE (nodeId: 6, conferenceId: 1)
[2026-09-01T20:30:17.863Z] NOT FOUND: JOINMSGBASE (nodeId: 6, conferenceId: 1)
[2026-09-01T20:30:17.867Z] NOT FOUND: JOINMSGBASE (nodeId: 6, conferenceId: 1)
[2026-09-01T20:30:17.872Z] NOT FOUND: JOINMSGBASE (nodeId: 6, conferenceId: 1)
[2026-09-01T20:30:17.882Z] NOT FOUND: JOINMSGBASE (nodeId: 6, conferenceId: 1)
[2026-09-01T20:30:17.883Z] NOT FOUND: JOINMSGBASE (nodeId: 7, conferenceId: 1)
[2026-09-01T20:30:17.887Z] NOT FOUND: JOINMSGBASE (nodeId: 7, conferenceId: 1)
[2026-09-01T20:30:17.892Z] NOT FOUND: JOINMSGBASE (nodeId: 7, conferenceId: 1)
[2026-09-01T20:30:17.897Z] NOT FOUND: JOINMSGBASE (nodeId: 7, conferenceId: 1)
[2026-09-01T20:30:17.907Z] NOT FOUND: JOINMSGBASE (nodeId: 7, conferenceId: 1)
[2026-09-01T20:30:17.907Z] NOT FOUND: JOINMSGBASE (nodeId: 8, conferenceId: 1)
[2026-09-01T20:30:17.911Z] NOT FOUND: JOINMSGBASE (nodeId: 8, conferenceId: 1)
[2026-09-01T20:30:17.915Z] NOT FOUND: JOINMSGBASE (nodeId: 8, conferenceId: 1)
[2026-09-01T20:30:17.921Z] NOT FOUND: JOINMSGBASE (nodeId: 8, conferenceId: 1)
[2026-09-01T20:30:17.930Z] NOT FOUND: JOINMSGBASE (nodeId: 8, conferenceId: 1)
[2026-09-01T20:30:17.932Z] NOT FOUND: JOINMSGBASE (nodeId: 9, conferenceId: 1)
[2026-09-01T20:30:17.935Z] NOT FOUND: JOINMSGBASE (nodeId: 9, conferenceId: 1)
[2026-09-01T20:30:17.942Z] NOT FOUND: JOINMSGBASE (nodeId: 9, conferenceId: 1)
[2026-09-01T20:30:17.948Z] NOT FOUND: JOINMSGBASE (nodeId: 9, conferenceId: 1)
[2026-09-01T20:30:17.957Z] NOT FOUND: JOINMSGBASE (nodeId: 9, conferenceId: 1)
[2026-09-01T20:30:17.958Z] NOT FOUND: JOINMSGBASE (nodeId: 10, conferenceId: 1)
[2026-09-01T20:30:17.964Z] NOT FOUND: JOINMSGBASE (nodeId: 10, conferenceId: 1)
[2026-09-01T20:30:17.967Z] NOT FOUND: JOINMSGBASE (nodeId: 10, conferenceId: 1)
[2026-09-01T20:30:17.973Z] NOT FOUND: JOINMSGBASE (nodeId: 10, conferenceId: 1)
[2026-09-01T20:30:17.982Z] NOT FOUND: JOINMSGBASE (nodeId: 10, conferenceId: 1)
[2026-09-01T20:30:17.983Z] NOT FOUND: JOINMSGBASE (nodeId: 11, conferenceId: 1)
[2026-09-01T20:30:17.988Z] NOT FOUND: JOINMSGBASE (nodeId: 11, conferenceId: 1)
[2026-09-01T20:30:17.991Z] NOT FOUND: JOINMSGBASE (nodeId: 11, conferenceId: 1)
[2026-09-01T20:30:17.997Z] NOT FOUND: JOINMSGBASE (nodeId: 11, conferenceId: 1)
[2026-09-01T20:30:18.006Z] NOT FOUND: JOINMSGBASE (nodeId: 11, conferenceId: 1)
[2026-09-01T20:30:18.006Z] NOT FOUND: JOINMSGBASE (nodeId: 12, conferenceId: 1)
[2026-09-01T20:30:18.010Z] NOT FOUND: JOINMSGBASE (nodeId: 12, conferenceId: 1)
[2026-09-01T20:30:18.014Z] NOT FOUND: JOINMSGBASE (nodeId: 12, conferenceId: 1)
[2026-09-01T20:30:18.020Z] NOT FOUND: JOINMSGBASE (nodeId: 12, conferenceId: 1)
[2026-09-01T20:30:18.028Z] NOT FOUND: JOINMSGBASE (nodeId: 12, conferenceId: 1)
[2026-09-01T20:30:18.029Z] NOT FOUND: JOINMSGBASE (nodeId: 13, conferenceId: 1)
[2026-09-01T20:30:18.033Z] NOT FOUND: JOINMSGBASE (nodeId: 13, conferenceId: 1)
[2026-09-01T20:30:18.038Z] NOT FOUND: JOINMSGBASE (nodeId: 13, conferenceId: 1)
[2026-09-01T20:30:18.043Z] NOT FOUND: JOINMSGBASE (nodeId: 13, conferenceId: 1)
[2026-09-01T20:30:18.051Z] NOT FOUND: JOINMSGBASE (nodeId: 13, conferenceId: 1)
[2026-09-01T20:30:18.052Z] NOT FOUND: JOINMSGBASE (nodeId: 14, conferenceId: 1)
[2026-09-01T20:30:18.056Z] NOT FOUND: JOINMSGBASE (nodeId: 14, conferenceId: 1)
[2026-09-01T20:30:18.061Z] NOT FOUND: JOINMSGBASE (nodeId: 14, conferenceId: 1)
[2026-09-01T20:30:18.066Z] NOT FOUND: JOINMSGBASE (nodeId: 14, conferenceId: 1)
[2026-09-01T20:30:18.074Z] NOT FOUND: JOINMSGBASE (nodeId: 14, conferenceId: 1)
[2026-09-01T20:30:18.075Z] NOT FOUND: JOINMSGBASE (nodeId: 15, conferenceId: 1)
[2026-09-01T20:30:18.078Z] NOT FOUND: JOINMSGBASE (nodeId: 15, conferenceId: 1)
[2026-09-01T20:30:18.083Z] NOT FOUND: JOINMSGBASE (nodeId: 15, conferenceId: 1)
[2026-09-01T20:30:18.088Z] NOT FOUND: JOINMSGBASE (nodeId: 15, conferenceId: 1)
[2026-09-01T20:30:18.097Z] NOT FOUND: JOINMSGBASE (nodeId: 15, conferenceId: 1)
[2026-09-01T20:30:18.098Z] NOT FOUND: JOINMSGBASE (nodeId: 16, conferenceId: 1)
[2026-09-01T20:30:18.103Z] NOT FOUND: JOINMSGBASE (nodeId: 16, conferenceId: 1)
[2026-09-01T20:30:18.106Z] NOT FOUND: JOINMSGBASE (nodeId: 16, conferenceId: 1)
[2026-09-01T20:30:18.111Z] NOT FOUND: JOINMSGBASE (nodeId: 16, conferenceId: 1)
[2026-09-01T20:30:18.120Z] NOT FOUND: JOINMSGBASE (nodeId: 16, conferenceId: 1)
[2026-09-01T20:30:18.121Z] NOT FOUND: JOINMSGBASE (nodeId: 17, conferenceId: 1)
[2026-09-01T20:30:18.126Z] NOT FOUND: JOINMSGBASE (nodeId: 17, conferenceId: 1)
[2026-09-01T20:30:18.130Z] NOT FOUND: JOINMSGBASE (nodeId: 17, conferenceId: 1)
[2026-09-01T20:30:18.136Z] NOT FOUND: JOINMSGBASE (nodeId: 17, conferenceId: 1)
[2026-09-01T20:30:18.145Z] NOT FOUND: JOINMSGBASE (nodeId: 17, conferenceId: 1)
[2026-09-01T20:30:18.146Z] NOT FOUND: JOINMSGBASE (nodeId: 18, conferenceId: 1)
[2026-09-01T20:30:18.149Z] NOT FOUND: JOINMSGBASE (nodeId: 18, conferenceId: 1)
[2026-09-01T20:30:18.153Z] NOT FOUND: JOINMSGBASE (nodeId: 18, conferenceId: 1)
[2026-09-01T20:30:18.160Z] NOT FOUND: JOINMSGBASE (nodeId: 18, conferenceId: 1)
[2026-09-01T20:30:18.169Z] NOT FOUND: JOINMSGBASE (nodeId: 18, conferenceId: 1)
[2026-09-01T20:30:18.170Z] NOT FOUND: JOINMSGBASE (nodeId: 19, conferenceId: 1)
[2026-09-01T20:30:18.174Z] NOT FOUND: JOINMSGBASE (nodeId: 19, conferenceId: 1)
[2026-09-01T20:30:18.178Z] NOT FOUND: JOINMSGBASE (nodeId: 19, conferenceId: 1)
[2026-09-01T20:30:18.185Z] NOT FOUND: JOINMSGBASE (nodeId: 19, conferenceId: 1)
[2026-09-01T20:30:18.196Z] NOT FOUND: JOINMSGBASE (nodeId: 19, conferenceId: 1)
[2026-09-01T20:30:18.197Z] NOT FOUND: JOINMSGBASE (nodeId: 20, conferenceId: 1)
[2026-09-01T20:30:18.202Z] NOT FOUND: JOINMSGBASE (nodeId: 20, conferenceId: 1)
[2026-09-01T20:30:18.206Z] NOT FOUND: JOINMSGBASE (nodeId: 20, conferenceId: 1)
[2026-09-01T20:30:18.211Z] NOT FOUND: JOINMSGBASE (nodeId: 20, conferenceId: 1)
[2026-09-01T20:30:18.220Z] NOT FOUND: JOINMSGBASE (nodeId: 20, conferenceId: 1)
[2026-09-01T20:30:18.221Z] NOT FOUND: JOINMSGBASE (nodeId: 21, conferenceId: 1)
[2026-09-01T20:30:18.226Z] NOT FOUND: JOINMSGBASE (nodeId: 21, conferenceId: 1)
[2026-09-01T20:30:18.230Z] NOT FOUND: JOINMSGBASE (nodeId: 21, conferenceId: 1)
[2026-09-01T20:30:18.235Z] NOT FOUND: JOINMSGBASE (nodeId: 21, conferenceId: 1)
[2026-09-01T20:30:18.244Z] NOT FOUND: JOINMSGBASE (nodeId: 21, conferenceId: 1)
[2026-09-01T20:30:18.244Z] NOT FOUND: JOINMSGBASE (nodeId: 22, conferenceId: 1)
[2026-09-01T20:30:18.248Z] NOT FOUND: JOINMSGBASE (nodeId: 22, conferenceId: 1)
[2026-09-01T20:30:18.251Z] NOT FOUND: JOINMSGBASE (nodeId: 22, conferenceId: 1)
[2026-09-01T20:30:18.260Z] NOT FOUND: JOINMSGBASE (nodeId: 22, conferenceId: 1)
[2026-09-01T20:30:18.271Z] NOT FOUND: JOINMSGBASE (nodeId: 22, conferenceId: 1)
[2026-09-01T20:30:18.271Z] NOT FOUND: JOINMSGBASE (nodeId: 23, conferenceId: 1)
[2026-09-01T20:30:18.275Z] NOT FOUND: JOINMSGBASE (nodeId: 23, conferenceId: 1)
[2026-09-01T20:30:18.278Z] NOT FOUND: JOINMSGBASE (nodeId: 23, conferenceId: 1)
[2026-09-01T20:30:18.285Z] NOT FOUND: JOINMSGBASE (nodeId: 23, conferenceId: 1)
[2026-09-01T20:30:18.293Z] NOT FOUND: JOINMSGBASE (nodeId: 23, conferenceId: 1)
[2026-09-01T20:30:18.294Z] NOT FOUND: JOINMSGBASE (nodeId: 24, conferenceId: 1)
[2026-09-01T20:30:18.297Z] NOT FOUND: JOINMSGBASE (nodeId: 24, conferenceId: 1)
[2026-09-01T20:30:18.303Z] NOT FOUND: JOINMSGBASE (nodeId: 24, conferenceId: 1)
[2026-09-01T20:30:18.308Z] NOT FOUND: JOINMSGBASE (nodeId: 24, conferenceId: 1)
[2026-09-01T20:30:18.315Z] NOT FOUND: JOINMSGBASE (nodeId: 24, conferenceId: 1)
[2026-09-01T20:30:18.316Z] NOT FOUND: JOINMSGBASE (nodeId: 25, conferenceId: 1)
[2026-09-01T20:30:18.320Z] NOT FOUND: JOINMSGBASE (nodeId: 25, conferenceId: 1)
[2026-09-01T20:30:18.323Z] NOT FOUND: JOINMSGBASE (nodeId: 25, conferenceId: 1)
[2026-09-01T20:30:18.332Z] NOT FOUND: JOINMSGBASE (nodeId: 25, conferenceId: 1)
[2026-09-01T20:30:18.344Z] NOT FOUND: JOINMSGBASE (nodeId: 25, conferenceId: 1)
[2026-09-01T20:30:18.345Z] NOT FOUND: JOINMSGBASE (nodeId: 26, conferenceId: 1)
[2026-09-01T20:30:18.349Z] NOT FOUND: JOINMSGBASE (nodeId: 26, conferenceId: 1)
[2026-09-01T20:30:18.357Z] NOT FOUND: JOINMSGBASE (nodeId: 26, conferenceId: 1)
[2026-09-01T20:30:18.368Z] NOT FOUND: JOINMSGBASE (nodeId: 26, conferenceId: 1)
[2026-09-01T20:30:18.380Z] NOT FOUND: JOINMSGBASE (nodeId: 26, conferenceId: 1)
[2026-09-01T20:30:18.381Z] NOT FOUND: JOINMSGBASE (nodeId: 27, conferenceId: 1)
[2026-09-01T20:30:18.384Z] NOT FOUND: JOINMSGBASE (nodeId: 27, conferenceId: 1)
[2026-09-01T20:30:18.388Z] NOT FOUND: JOINMSGBASE (nodeId: 27, conferenceId: 1)
[2026-09-01T20:30:18.399Z] NOT FOUND: JOINMSGBASE (nodeId: 27, conferenceId: 1)
[2026-09-01T20:30:18.410Z] NOT FOUND: JOINMSGBASE (nodeId: 27, conferenceId: 1)
[2026-09-01T20:30:18.417Z] NOT FOUND: JOINMSGBASE (nodeId: 28, conferenceId: 1)
[2026-09-01T20:30:18.421Z] NOT FOUND: JOINMSGBASE (nodeId: 28, conferenceId: 1)
[2026-09-01T20:30:18.455Z] NOT FOUND: JOINMSGBASE (nodeId: 28, conferenceId: 1)
[2026-09-01T20:30:18.465Z] NOT FOUND: JOINMSGBASE (nodeId: 28, conferenceId: 1)
[2026-09-01T20:30:18.471Z] NOT FOUND: JOINMSGBASE (nodeId: 28, conferenceId: 1)
[2026-09-01T20:30:18.472Z] NOT FOUND: JOINMSGBASE (nodeId: 29, conferenceId: 1)
[2026-09-01T20:30:18.476Z] NOT FOUND: JOINMSGBASE (nodeId: 29, conferenceId: 1)
[2026-09-01T20:30:18.485Z] NOT FOUND: JOINMSGBASE (nodeId: 29, conferenceId: 1)
[2026-09-01T20:30:18.492Z] NOT FOUND: JOINMSGBASE (nodeId: 29, conferenceId: 1)
[2026-09-01T20:30:18.503Z] NOT FOUND: JOINMSGBASE (nodeId: 29, conferenceId: 1)
[2026-09-01T20:30:18.504Z] NOT FOUND: JOINMSGBASE (nodeId: 30, conferenceId: 1)
[2026-09-01T20:30:18.508Z] NOT FOUND: JOINMSGBASE (nodeId: 30, conferenceId: 1)
[2026-09-01T20:30:18.512Z] NOT FOUND: JOINMSGBASE (nodeId: 30, conferenceId: 1)
[2026-09-01T20:30:18.522Z] NOT FOUND: JOINMSGBASE (nodeId: 30, conferenceId: 1)
[2026-09-01T20:30:18.536Z] NOT FOUND: JOINMSGBASE (nodeId: 30, conferenceId: 1)
[2026-09-01T20:30:18.539Z] NOT FOUND: JOINMSGBASE (nodeId: 31, conferenceId: 1)
[2026-09-01T20:30:18.543Z] NOT FOUND: JOINMSGBASE (nodeId: 31, conferenceId: 1)
[2026-09-01T20:30:18.549Z] NOT FOUND: JOINMSGBASE (nodeId: 31, conferenceId: 1)
[2026-09-01T20:30:18.558Z] NOT FOUND: JOINMSGBASE (nodeId: 31, conferenceId: 1)
[2026-09-01T20:30:18.573Z] NOT FOUND: JOINMSGBASE (nodeId: 31, conferenceId: 1)
[2026-09-01T20:30:18.575Z] NOT FOUND: JOINMSGBASE (nodeId: 32, conferenceId: 1)
[2026-09-01T20:30:18.581Z] NOT FOUND: JOINMSGBASE (nodeId: 32, conferenceId: 1)
[2026-09-01T20:30:18.589Z] NOT FOUND: JOINMSGBASE (nodeId: 32, conferenceId: 1)
[2026-09-01T20:30:18.600Z] NOT FOUND: JOINMSGBASE (nodeId: 32, conferenceId: 1)
[2026-09-01T20:30:18.616Z] NOT FOUND: JOINMSGBASE (nodeId: 32, conferenceId: 1)
[2026-09-01T20:30:18.617Z] NOT FOUND: JOINMSGBASE (nodeId: 33, conferenceId: 1)
[2026-09-01T20:30:18.621Z] NOT FOUND: JOINMSGBASE (nodeId: 33, conferenceId: 1)
[2026-09-01T20:30:18.625Z] NOT FOUND: JOINMSGBASE (nodeId: 33, conferenceId: 1)
[2026-09-01T20:30:18.734Z] NOT FOUND: JOINMSGBASE (nodeId: 33, conferenceId: 1)
[2026-09-01T20:30:18.898Z] NOT FOUND: JOINMSGBASE (nodeId: 33, conferenceId: 1)
[2026-09-01T20:30:18.903Z] NOT FOUND: JOINMSGBASE (nodeId: 34, conferenceId: 1)
[2026-09-01T20:30:18.931Z] NOT FOUND: JOINMSGBASE (nodeId: 34, conferenceId: 1)
[2026-09-01T20:30:19.034Z] NOT FOUND: JOINMSGBASE (nodeId: 34, conferenceId: 1)
[2026-09-01T20:30:19.117Z] NOT FOUND: JOINMSGBASE (nodeId: 34, conferenceId: 1)
[2026-09-01T20:30:19.216Z] NOT FOUND: JOINMSGBASE (nodeId: 34, conferenceId: 1)
[2026-09-01T20:30:19.218Z] NOT FOUND: JOINMSGBASE (nodeId: 35, conferenceId: 1)
[2026-09-01T20:30:19.253Z] NOT FOUND: JOINMSGBASE (nodeId: 35, conferenceId: 1)
[2026-09-01T20:30:19.317Z] NOT FOUND: JOINMSGBASE (nodeId: 35, conferenceId: 1)
[2026-09-01T20:30:19.335Z] NOT FOUND: JOINMSGBASE (nodeId: 35, conferenceId: 1)
[2026-09-01T20:30:19.400Z] NOT FOUND: JOINMSGBASE (nodeId: 35, conferenceId: 1)
[2026-09-01T20:30:19.408Z] NOT FOUND: JOINMSGBASE (nodeId: 36, conferenceId: 1)
[2026-09-01T20:30:19.416Z] NOT FOUND: JOINMSGBASE (nodeId: 36, conferenceId: 1)
[2026-09-01T20:30:19.434Z] NOT FOUND: JOINMSGBASE (nodeId: 36, conferenceId: 1)
[2026-09-01T20:30:19.447Z] NOT FOUND: JOINMSGBASE (nodeId: 36, conferenceId: 1)
[2026-09-01T20:30:19.462Z] NOT FOUND: JOINMSGBASE (nodeId: 36, conferenceId: 1)
[2026-09-01T20:30:19.463Z] NOT FOUND: JOINMSGBASE (nodeId: 37, conferenceId: 1)
[2026-09-01T20:30:19.476Z] NOT FOUND: JOINMSGBASE (nodeId: 37, conferenceId: 1)
[2026-09-01T20:30:19.482Z] NOT FOUND: JOINMSGBASE (nodeId: 37, conferenceId: 1)
[2026-09-01T20:30:19.487Z] NOT FOUND: JOINMSGBASE (nodeId: 37, conferenceId: 1)
[2026-09-01T20:30:19.499Z] NOT FOUND: JOINMSGBASE (nodeId: 37, conferenceId: 1)
[2026-09-01T20:30:19.500Z] NOT FOUND: JOINMSGBASE (nodeId: 38, conferenceId: 1)
[2026-09-01T20:30:19.504Z] NOT FOUND: JOINMSGBASE (nodeId: 38, conferenceId: 1)
[2026-09-01T20:30:19.511Z] NOT FOUND: JOINMSGBASE (nodeId: 38, conferenceId: 1)
[2026-09-01T20:30:19.518Z] NOT FOUND: JOINMSGBASE (nodeId: 38, conferenceId: 1)
[2026-09-01T20:30:19.535Z] NOT FOUND: JOINMSGBASE (nodeId: 38, conferenceId: 1)
[2026-09-01T20:30:19.538Z] NOT FOUND: JOINMSGBASE (nodeId: 39, conferenceId: 1)
[2026-09-01T20:30:19.544Z] NOT FOUND: JOINMSGBASE (nodeId: 39, conferenceId: 1)
[2026-09-01T20:30:19.553Z] NOT FOUND: JOINMSGBASE (nodeId: 39, conferenceId: 1)
[2026-09-01T20:30:19.559Z] NOT FOUND: JOINMSGBASE (nodeId: 39, conferenceId: 1)
[2026-09-01T20:30:19.571Z] NOT FOUND: JOINMSGBASE (nodeId: 39, conferenceId: 1)
[2026-09-01T20:30:19.573Z] NOT FOUND: JOINMSGBASE (nodeId: 40, conferenceId: 1)
[2026-09-01T20:30:19.577Z] NOT FOUND: JOINMSGBASE (nodeId: 40, conferenceId: 1)
[2026-09-01T20:30:19.580Z] NOT FOUND: JOINMSGBASE (nodeId: 40, conferenceId: 1)
[2026-09-01T20:30:19.592Z] NOT FOUND: JOINMSGBASE (nodeId: 40, conferenceId: 1)
[2026-09-01T20:30:19.605Z] NOT FOUND: JOINMSGBASE (nodeId: 40, conferenceId: 1)
[2026-09-01T20:30:19.606Z] NOT FOUND: JOINMSGBASE (nodeId: 45, conferenceId: 1)
[2026-09-01T20:30:19.612Z] NOT FOUND: JOINMSGBASE (nodeId: 45, conferenceId: 1)
[2026-09-01T20:30:19.616Z] NOT FOUND: JOINMSGBASE (nodeId: 45, conferenceId: 1)
[2026-09-01T20:30:19.625Z] NOT FOUND: JOINMSGBASE (nodeId: 45, conferenceId: 1)
[2026-09-01T20:30:19.635Z] NOT FOUND: JOINMSGBASE (nodeId: 45, conferenceId: 1)
[2026-09-01T20:30:19.636Z] NOT FOUND: JOINMSGBASE (nodeId: 97, conferenceId: 1)
[2026-09-01T20:30:19.640Z] NOT FOUND: JOINMSGBASE (nodeId: 97, conferenceId: 1)
[2026-09-01T20:30:19.644Z] NOT FOUND: JOINMSGBASE (nodeId: 97, conferenceId: 1)
[2026-09-01T20:30:19.649Z] NOT FOUND: JOINMSGBASE (nodeId: 97, conferenceId: 1)
[2026-09-01T20:30:19.658Z] NOT FOUND: JOINMSGBASE (nodeId: 97, conferenceId: 1)
[2026-09-01T20:30:19.659Z] NOT FOUND: NEWUSERPW (nodeId: 0, conferenceId: 1)
[2026-09-01T20:30:19.664Z] NOT FOUND: NEWUSERPW (nodeId: 0, conferenceId: 1)
[2026-09-01T20:30:19.672Z] NOT FOUND: NEWUSERPW (nodeId: 0, conferenceId: 1)
[2026-09-01T20:30:19.679Z] NOT FOUND: NEWUSERPW (nodeId: 0, conferenceId: 1)
[2026-09-01T20:30:19.710Z] NOT FOUND: NEWUSERPW (nodeId: 0, conferenceId: 1)
[2026-09-01T20:30:19.712Z] NOT FOUND: NEWUSERPW (nodeId: 1, conferenceId: 1)
[2026-09-01T20:30:19.718Z] NOT FOUND: NEWUSERPW (nodeId: 1, conferenceId: 1)
[2026-09-01T20:30:19.722Z] NOT FOUND: NEWUSERPW (nodeId: 1, conferenceId: 1)
[2026-09-01T20:30:19.729Z] NOT FOUND: NEWUSERPW (nodeId: 1, conferenceId: 1)
[2026-09-01T20:30:19.741Z] NOT FOUND: NEWUSERPW (nodeId: 1, conferenceId: 1)
[2026-09-01T20:30:19.742Z] NOT FOUND: NEWUSERPW (nodeId: 2, conferenceId: 1)
[2026-09-01T20:30:19.748Z] NOT FOUND: NEWUSERPW (nodeId: 2, conferenceId: 1)
[2026-09-01T20:30:19.752Z] NOT FOUND: NEWUSERPW (nodeId: 2, conferenceId: 1)
[2026-09-01T20:30:19.758Z] NOT FOUND: NEWUSERPW (nodeId: 2, conferenceId: 1)
[2026-09-01T20:30:19.770Z] NOT FOUND: NEWUSERPW (nodeId: 2, conferenceId: 1)
[2026-09-01T20:30:19.771Z] NOT FOUND: NEWUSERPW (nodeId: 3, conferenceId: 1)
[2026-09-01T20:30:19.776Z] NOT FOUND: NEWUSERPW (nodeId: 3, conferenceId: 1)
[2026-09-01T20:30:19.780Z] NOT FOUND: NEWUSERPW (nodeId: 3, conferenceId: 1)
[2026-09-01T20:30:19.788Z] NOT FOUND: NEWUSERPW (nodeId: 3, conferenceId: 1)
[2026-09-01T20:30:19.799Z] NOT FOUND: NEWUSERPW (nodeId: 3, conferenceId: 1)
[2026-09-01T20:30:19.800Z] NOT FOUND: NEWUSERPW (nodeId: 4, conferenceId: 1)
[2026-09-01T20:30:19.805Z] NOT FOUND: NEWUSERPW (nodeId: 4, conferenceId: 1)
[2026-09-01T20:30:19.809Z] NOT FOUND: NEWUSERPW (nodeId: 4, conferenceId: 1)
[2026-09-01T20:30:19.817Z] NOT FOUND: NEWUSERPW (nodeId: 4, conferenceId: 1)
[2026-09-01T20:30:19.829Z] NOT FOUND: NEWUSERPW (nodeId: 4, conferenceId: 1)
[2026-09-01T20:30:19.830Z] NOT FOUND: NEWUSERPW (nodeId: 5, conferenceId: 1)
[2026-09-01T20:30:19.837Z] NOT FOUND: NEWUSERPW (nodeId: 5, conferenceId: 1)
[2026-09-01T20:30:19.841Z] NOT FOUND: NEWUSERPW (nodeId: 5, conferenceId: 1)
[2026-09-01T20:30:19.848Z] NOT FOUND: NEWUSERPW (nodeId: 5, conferenceId: 1)
[2026-09-01T20:30:19.860Z] NOT FOUND: NEWUSERPW (nodeId: 5, conferenceId: 1)
[2026-09-01T20:30:19.861Z] NOT FOUND: NEWUSERPW (nodeId: 6, conferenceId: 1)
[2026-09-01T20:30:19.868Z] NOT FOUND: NEWUSERPW (nodeId: 6, conferenceId: 1)
[2026-09-01T20:30:19.872Z] NOT FOUND: NEWUSERPW (nodeId: 6, conferenceId: 1)
[2026-09-01T20:30:19.881Z] NOT FOUND: NEWUSERPW (nodeId: 6, conferenceId: 1)
[2026-09-01T20:30:19.891Z] NOT FOUND: NEWUSERPW (nodeId: 6, conferenceId: 1)
[2026-09-01T20:30:19.893Z] NOT FOUND: NEWUSERPW (nodeId: 7, conferenceId: 1)
[2026-09-01T20:30:19.898Z] NOT FOUND: NEWUSERPW (nodeId: 7, conferenceId: 1)
[2026-09-01T20:30:19.902Z] NOT FOUND: NEWUSERPW (nodeId: 7, conferenceId: 1)
[2026-09-01T20:30:19.909Z] NOT FOUND: NEWUSERPW (nodeId: 7, conferenceId: 1)
[2026-09-01T20:30:19.920Z] NOT FOUND: NEWUSERPW (nodeId: 7, conferenceId: 1)
[2026-09-01T20:30:19.920Z] NOT FOUND: NEWUSERPW (nodeId: 8, conferenceId: 1)
[2026-09-01T20:30:19.926Z] NOT FOUND: NEWUSERPW (nodeId: 8, conferenceId: 1)
[2026-09-01T20:30:19.929Z] NOT FOUND: NEWUSERPW (nodeId: 8, conferenceId: 1)
[2026-09-01T20:30:19.938Z] NOT FOUND: NEWUSERPW (nodeId: 8, conferenceId: 1)
[2026-09-01T20:30:19.951Z] NOT FOUND: NEWUSERPW (nodeId: 8, conferenceId: 1)
[2026-09-01T20:30:19.953Z] NOT FOUND: NEWUSERPW (nodeId: 9, conferenceId: 1)
[2026-09-01T20:30:19.956Z] NOT FOUND: NEWUSERPW (nodeId: 9, conferenceId: 1)
[2026-09-01T20:30:19.962Z] NOT FOUND: NEWUSERPW (nodeId: 9, conferenceId: 1)
[2026-09-01T20:30:19.970Z] NOT FOUND: NEWUSERPW (nodeId: 9, conferenceId: 1)
[2026-09-01T20:30:19.979Z] NOT FOUND: NEWUSERPW (nodeId: 9, conferenceId: 1)
[2026-09-01T20:30:19.980Z] NOT FOUND: NEWUSERPW (nodeId: 10, conferenceId: 1)
[2026-09-01T20:30:19.985Z] NOT FOUND: NEWUSERPW (nodeId: 10, conferenceId: 1)
[2026-09-01T20:30:19.990Z] NOT FOUND: NEWUSERPW (nodeId: 10, conferenceId: 1)
[2026-09-01T20:30:19.999Z] NOT FOUND: NEWUSERPW (nodeId: 10, conferenceId: 1)
[2026-09-01T20:30:20.010Z] NOT FOUND: NEWUSERPW (nodeId: 10, conferenceId: 1)
[2026-09-01T20:30:20.012Z] NOT FOUND: NEWUSERPW (nodeId: 11, conferenceId: 1)
[2026-09-01T20:30:20.016Z] NOT FOUND: NEWUSERPW (nodeId: 11, conferenceId: 1)
[2026-09-01T20:30:20.020Z] NOT FOUND: NEWUSERPW (nodeId: 11, conferenceId: 1)
[2026-09-01T20:30:20.027Z] NOT FOUND: NEWUSERPW (nodeId: 11, conferenceId: 1)
[2026-09-01T20:30:20.036Z] NOT FOUND: NEWUSERPW (nodeId: 11, conferenceId: 1)
[2026-09-01T20:30:20.037Z] NOT FOUND: NEWUSERPW (nodeId: 12, conferenceId: 1)
[2026-09-01T20:30:20.041Z] NOT FOUND: NEWUSERPW (nodeId: 12, conferenceId: 1)
[2026-09-01T20:30:20.045Z] NOT FOUND: NEWUSERPW (nodeId: 12, conferenceId: 1)
[2026-09-01T20:30:20.055Z] NOT FOUND: NEWUSERPW (nodeId: 12, conferenceId: 1)
[2026-09-01T20:30:20.063Z] NOT FOUND: NEWUSERPW (nodeId: 12, conferenceId: 1)
[2026-09-01T20:30:20.064Z] NOT FOUND: NEWUSERPW (nodeId: 13, conferenceId: 1)
[2026-09-01T20:30:20.068Z] NOT FOUND: NEWUSERPW (nodeId: 13, conferenceId: 1)
[2026-09-01T20:30:20.073Z] NOT FOUND: NEWUSERPW (nodeId: 13, conferenceId: 1)
[2026-09-01T20:30:20.081Z] NOT FOUND: NEWUSERPW (nodeId: 13, conferenceId: 1)
[2026-09-01T20:30:20.091Z] NOT FOUND: NEWUSERPW (nodeId: 13, conferenceId: 1)
[2026-09-01T20:30:20.092Z] NOT FOUND: NEWUSERPW (nodeId: 14, conferenceId: 1)
[2026-09-01T20:30:20.096Z] NOT FOUND: NEWUSERPW (nodeId: 14, conferenceId: 1)
[2026-09-01T20:30:20.101Z] NOT FOUND: NEWUSERPW (nodeId: 14, conferenceId: 1)
[2026-09-01T20:30:20.110Z] NOT FOUND: NEWUSERPW (nodeId: 14, conferenceId: 1)
[2026-09-01T20:30:20.119Z] NOT FOUND: NEWUSERPW (nodeId: 14, conferenceId: 1)
[2026-09-01T20:30:20.120Z] NOT FOUND: NEWUSERPW (nodeId: 15, conferenceId: 1)
[2026-09-01T20:30:20.126Z] NOT FOUND: NEWUSERPW (nodeId: 15, conferenceId: 1)
[2026-09-01T20:30:20.133Z] NOT FOUND: NEWUSERPW (nodeId: 15, conferenceId: 1)
[2026-09-01T20:30:20.141Z] NOT FOUND: NEWUSERPW (nodeId: 15, conferenceId: 1)
[2026-09-01T20:30:20.149Z] NOT FOUND: NEWUSERPW (nodeId: 15, conferenceId: 1)
[2026-09-01T20:30:20.151Z] NOT FOUND: NEWUSERPW (nodeId: 16, conferenceId: 1)
[2026-09-01T20:30:20.155Z] NOT FOUND: NEWUSERPW (nodeId: 16, conferenceId: 1)
[2026-09-01T20:30:20.160Z] NOT FOUND: NEWUSERPW (nodeId: 16, conferenceId: 1)
[2026-09-01T20:30:20.166Z] NOT FOUND: NEWUSERPW (nodeId: 16, conferenceId: 1)
[2026-09-01T20:30:20.178Z] NOT FOUND: NEWUSERPW (nodeId: 16, conferenceId: 1)
[2026-09-01T20:30:20.179Z] NOT FOUND: NEWUSERPW (nodeId: 17, conferenceId: 1)
[2026-09-01T20:30:20.183Z] NOT FOUND: NEWUSERPW (nodeId: 17, conferenceId: 1)
[2026-09-01T20:30:20.189Z] NOT FOUND: NEWUSERPW (nodeId: 17, conferenceId: 1)
[2026-09-01T20:30:20.204Z] NOT FOUND: NEWUSERPW (nodeId: 17, conferenceId: 1)
[2026-09-01T20:30:20.214Z] NOT FOUND: NEWUSERPW (nodeId: 17, conferenceId: 1)
[2026-09-01T20:30:20.216Z] NOT FOUND: NEWUSERPW (nodeId: 18, conferenceId: 1)
[2026-09-01T20:30:20.222Z] NOT FOUND: NEWUSERPW (nodeId: 18, conferenceId: 1)
[2026-09-01T20:30:20.229Z] NOT FOUND: NEWUSERPW (nodeId: 18, conferenceId: 1)
[2026-09-01T20:30:20.239Z] NOT FOUND: NEWUSERPW (nodeId: 18, conferenceId: 1)
[2026-09-01T20:30:20.247Z] NOT FOUND: NEWUSERPW (nodeId: 18, conferenceId: 1)
[2026-09-01T20:30:20.248Z] NOT FOUND: NEWUSERPW (nodeId: 19, conferenceId: 1)
[2026-09-01T20:30:20.254Z] NOT FOUND: NEWUSERPW (nodeId: 19, conferenceId: 1)
[2026-09-01T20:30:20.258Z] NOT FOUND: NEWUSERPW (nodeId: 19, conferenceId: 1)
[2026-09-01T20:30:20.270Z] NOT FOUND: NEWUSERPW (nodeId: 19, conferenceId: 1)
[2026-09-01T20:30:20.282Z] NOT FOUND: NEWUSERPW (nodeId: 19, conferenceId: 1)
[2026-09-01T20:30:20.284Z] NOT FOUND: NEWUSERPW (nodeId: 20, conferenceId: 1)
[2026-09-01T20:30:20.297Z] NOT FOUND: NEWUSERPW (nodeId: 20, conferenceId: 1)
[2026-09-01T20:30:20.304Z] NOT FOUND: NEWUSERPW (nodeId: 20, conferenceId: 1)
[2026-09-01T20:30:20.314Z] NOT FOUND: NEWUSERPW (nodeId: 20, conferenceId: 1)
[2026-09-01T20:30:20.332Z] NOT FOUND: NEWUSERPW (nodeId: 20, conferenceId: 1)
[2026-09-01T20:30:20.335Z] NOT FOUND: NEWUSERPW (nodeId: 21, conferenceId: 1)
[2026-09-01T20:30:20.347Z] NOT FOUND: NEWUSERPW (nodeId: 21, conferenceId: 1)
[2026-09-01T20:30:20.354Z] NOT FOUND: NEWUSERPW (nodeId: 21, conferenceId: 1)
[2026-09-01T20:30:20.375Z] NOT FOUND: NEWUSERPW (nodeId: 21, conferenceId: 1)
[2026-09-01T20:30:20.387Z] NOT FOUND: NEWUSERPW (nodeId: 21, conferenceId: 1)
[2026-09-01T20:30:20.389Z] NOT FOUND: NEWUSERPW (nodeId: 22, conferenceId: 1)
[2026-09-01T20:30:20.394Z] NOT FOUND: NEWUSERPW (nodeId: 22, conferenceId: 1)
[2026-09-01T20:30:20.398Z] NOT FOUND: NEWUSERPW (nodeId: 22, conferenceId: 1)
[2026-09-01T20:30:20.405Z] NOT FOUND: NEWUSERPW (nodeId: 22, conferenceId: 1)
[2026-09-01T20:30:20.415Z] NOT FOUND: NEWUSERPW (nodeId: 22, conferenceId: 1)
[2026-09-01T20:30:20.417Z] NOT FOUND: NEWUSERPW (nodeId: 23, conferenceId: 1)
[2026-09-01T20:30:20.422Z] NOT FOUND: NEWUSERPW (nodeId: 23, conferenceId: 1)
[2026-09-01T20:30:20.427Z] NOT FOUND: NEWUSERPW (nodeId: 23, conferenceId: 1)
[2026-09-01T20:30:20.433Z] NOT FOUND: NEWUSERPW (nodeId: 23, conferenceId: 1)
[2026-09-01T20:30:20.444Z] NOT FOUND: NEWUSERPW (nodeId: 23, conferenceId: 1)
[2026-09-01T20:30:20.445Z] NOT FOUND: NEWUSERPW (nodeId: 24, conferenceId: 1)
[2026-09-01T20:30:20.450Z] NOT FOUND: NEWUSERPW (nodeId: 24, conferenceId: 1)
[2026-09-01T20:30:20.454Z] NOT FOUND: NEWUSERPW (nodeId: 24, conferenceId: 1)
[2026-09-01T20:30:20.461Z] NOT FOUND: NEWUSERPW (nodeId: 24, conferenceId: 1)
[2026-09-01T20:30:20.471Z] NOT FOUND: NEWUSERPW (nodeId: 24, conferenceId: 1)
[2026-09-01T20:30:20.472Z] NOT FOUND: NEWUSERPW (nodeId: 25, conferenceId: 1)
[2026-09-01T20:30:20.477Z] NOT FOUND: NEWUSERPW (nodeId: 25, conferenceId: 1)
[2026-09-01T20:30:20.482Z] NOT FOUND: NEWUSERPW (nodeId: 25, conferenceId: 1)
[2026-09-01T20:30:20.487Z] NOT FOUND: NEWUSERPW (nodeId: 25, conferenceId: 1)
[2026-09-01T20:30:20.499Z] NOT FOUND: NEWUSERPW (nodeId: 25, conferenceId: 1)
[2026-09-01T20:30:20.501Z] NOT FOUND: NEWUSERPW (nodeId: 26, conferenceId: 1)
[2026-09-01T20:30:20.504Z] NOT FOUND: NEWUSERPW (nodeId: 26, conferenceId: 1)
[2026-09-01T20:30:20.508Z] NOT FOUND: NEWUSERPW (nodeId: 26, conferenceId: 1)
[2026-09-01T20:30:20.519Z] NOT FOUND: NEWUSERPW (nodeId: 26, conferenceId: 1)
[2026-09-01T20:30:20.530Z] NOT FOUND: NEWUSERPW (nodeId: 26, conferenceId: 1)
[2026-09-01T20:30:20.531Z] NOT FOUND: NEWUSERPW (nodeId: 27, conferenceId: 1)
[2026-09-01T20:30:20.535Z] NOT FOUND: NEWUSERPW (nodeId: 27, conferenceId: 1)
[2026-09-01T20:30:20.542Z] NOT FOUND: NEWUSERPW (nodeId: 27, conferenceId: 1)
[2026-09-01T20:30:20.548Z] NOT FOUND: NEWUSERPW (nodeId: 27, conferenceId: 1)
[2026-09-01T20:30:20.561Z] NOT FOUND: NEWUSERPW (nodeId: 27, conferenceId: 1)
[2026-09-01T20:30:20.562Z] NOT FOUND: NEWUSERPW (nodeId: 28, conferenceId: 1)
[2026-09-01T20:30:20.565Z] NOT FOUND: NEWUSERPW (nodeId: 28, conferenceId: 1)
[2026-09-01T20:30:20.571Z] NOT FOUND: NEWUSERPW (nodeId: 28, conferenceId: 1)
[2026-09-01T20:30:20.580Z] NOT FOUND: NEWUSERPW (nodeId: 28, conferenceId: 1)
[2026-09-01T20:30:20.589Z] NOT FOUND: NEWUSERPW (nodeId: 28, conferenceId: 1)
[2026-09-01T20:30:20.590Z] NOT FOUND: NEWUSERPW (nodeId: 29, conferenceId: 1)
[2026-09-01T20:30:20.595Z] NOT FOUND: NEWUSERPW (nodeId: 29, conferenceId: 1)
[2026-09-01T20:30:20.599Z] NOT FOUND: NEWUSERPW (nodeId: 29, conferenceId: 1)
[2026-09-01T20:30:20.611Z] NOT FOUND: NEWUSERPW (nodeId: 29, conferenceId: 1)
[2026-09-01T20:30:20.619Z] NOT FOUND: NEWUSERPW (nodeId: 29, conferenceId: 1)
[2026-09-01T20:30:20.620Z] NOT FOUND: NEWUSERPW (nodeId: 30, conferenceId: 1)
[2026-09-01T20:30:20.624Z] NOT FOUND: NEWUSERPW (nodeId: 30, conferenceId: 1)
[2026-09-01T20:30:20.627Z] NOT FOUND: NEWUSERPW (nodeId: 30, conferenceId: 1)
[2026-09-01T20:30:20.637Z] NOT FOUND: NEWUSERPW (nodeId: 30, conferenceId: 1)
[2026-09-01T20:30:20.648Z] NOT FOUND: NEWUSERPW (nodeId: 30, conferenceId: 1)
[2026-09-01T20:30:20.649Z] NOT FOUND: NEWUSERPW (nodeId: 31, conferenceId: 1)
[2026-09-01T20:30:20.653Z] NOT FOUND: NEWUSERPW (nodeId: 31, conferenceId: 1)
[2026-09-01T20:30:20.658Z] NOT FOUND: NEWUSERPW (nodeId: 31, conferenceId: 1)
[2026-09-01T20:30:20.665Z] NOT FOUND: NEWUSERPW (nodeId: 31, conferenceId: 1)
[2026-09-01T20:30:20.678Z] NOT FOUND: NEWUSERPW (nodeId: 31, conferenceId: 1)
[2026-09-01T20:30:20.679Z] NOT FOUND: NEWUSERPW (nodeId: 32, conferenceId: 1)
[2026-09-01T20:30:20.683Z] NOT FOUND: NEWUSERPW (nodeId: 32, conferenceId: 1)
[2026-09-01T20:30:20.686Z] NOT FOUND: NEWUSERPW (nodeId: 32, conferenceId: 1)
[2026-09-01T20:30:20.696Z] NOT FOUND: NEWUSERPW (nodeId: 32, conferenceId: 1)
[2026-09-01T20:30:20.709Z] NOT FOUND: NEWUSERPW (nodeId: 32, conferenceId: 1)
[2026-09-01T20:30:20.711Z] NOT FOUND: NEWUSERPW (nodeId: 33, conferenceId: 1)
[2026-09-01T20:30:20.715Z] NOT FOUND: NEWUSERPW (nodeId: 33, conferenceId: 1)
[2026-09-01T20:30:20.722Z] NOT FOUND: NEWUSERPW (nodeId: 33, conferenceId: 1)
[2026-09-01T20:30:20.730Z] NOT FOUND: NEWUSERPW (nodeId: 33, conferenceId: 1)
[2026-09-01T20:30:20.742Z] NOT FOUND: NEWUSERPW (nodeId: 33, conferenceId: 1)
[2026-09-01T20:30:20.743Z] NOT FOUND: NEWUSERPW (nodeId: 34, conferenceId: 1)
[2026-09-01T20:30:20.748Z] NOT FOUND: NEWUSERPW (nodeId: 34, conferenceId: 1)
[2026-09-01T20:30:20.753Z] NOT FOUND: NEWUSERPW (nodeId: 34, conferenceId: 1)
[2026-09-01T20:30:20.763Z] NOT FOUND: NEWUSERPW (nodeId: 34, conferenceId: 1)
[2026-09-01T20:30:20.774Z] NOT FOUND: NEWUSERPW (nodeId: 34, conferenceId: 1)
[2026-09-01T20:30:20.775Z] NOT FOUND: NEWUSERPW (nodeId: 35, conferenceId: 1)
[2026-09-01T20:30:20.779Z] NOT FOUND: NEWUSERPW (nodeId: 35, conferenceId: 1)
[2026-09-01T20:30:20.782Z] NOT FOUND: NEWUSERPW (nodeId: 35, conferenceId: 1)
[2026-09-01T20:30:20.795Z] NOT FOUND: NEWUSERPW (nodeId: 35, conferenceId: 1)
[2026-09-01T20:30:20.807Z] NOT FOUND: NEWUSERPW (nodeId: 35, conferenceId: 1)
[2026-09-01T20:30:20.808Z] NOT FOUND: NEWUSERPW (nodeId: 36, conferenceId: 1)
[2026-09-01T20:30:20.813Z] NOT FOUND: NEWUSERPW (nodeId: 36, conferenceId: 1)
[2026-09-01T20:30:20.817Z] NOT FOUND: NEWUSERPW (nodeId: 36, conferenceId: 1)
[2026-09-01T20:30:20.829Z] NOT FOUND: NEWUSERPW (nodeId: 36, conferenceId: 1)
[2026-09-01T20:30:20.840Z] NOT FOUND: NEWUSERPW (nodeId: 36, conferenceId: 1)
[2026-09-01T20:30:20.841Z] NOT FOUND: NEWUSERPW (nodeId: 37, conferenceId: 1)
[2026-09-01T20:30:20.844Z] NOT FOUND: NEWUSERPW (nodeId: 37, conferenceId: 1)
[2026-09-01T20:30:20.849Z] NOT FOUND: NEWUSERPW (nodeId: 37, conferenceId: 1)
[2026-09-01T20:30:20.859Z] NOT FOUND: NEWUSERPW (nodeId: 37, conferenceId: 1)
[2026-09-01T20:30:20.869Z] NOT FOUND: NEWUSERPW (nodeId: 37, conferenceId: 1)
[2026-09-01T20:30:20.870Z] NOT FOUND: NEWUSERPW (nodeId: 38, conferenceId: 1)
[2026-09-01T20:30:20.874Z] NOT FOUND: NEWUSERPW (nodeId: 38, conferenceId: 1)
[2026-09-01T20:30:20.878Z] NOT FOUND: NEWUSERPW (nodeId: 38, conferenceId: 1)
[2026-09-01T20:30:20.894Z] NOT FOUND: NEWUSERPW (nodeId: 38, conferenceId: 1)
[2026-09-01T20:30:20.912Z] NOT FOUND: NEWUSERPW (nodeId: 38, conferenceId: 1)
[2026-09-01T20:30:20.913Z] NOT FOUND: NEWUSERPW (nodeId: 39, conferenceId: 1)
[2026-09-01T20:30:20.917Z] NOT FOUND: NEWUSERPW (nodeId: 39, conferenceId: 1)
[2026-09-01T20:30:20.921Z] NOT FOUND: NEWUSERPW (nodeId: 39, conferenceId: 1)
[2026-09-01T20:30:20.936Z] NOT FOUND: NEWUSERPW (nodeId: 39, conferenceId: 1)
[2026-09-01T20:30:20.950Z] NOT FOUND: NEWUSERPW (nodeId: 39, conferenceId: 1)
[2026-09-01T20:30:20.952Z] NOT FOUND: NEWUSERPW (nodeId: 40, conferenceId: 1)
[2026-09-01T20:30:20.956Z] NOT FOUND: NEWUSERPW (nodeId: 40, conferenceId: 1)
[2026-09-01T20:30:20.961Z] NOT FOUND: NEWUSERPW (nodeId: 40, conferenceId: 1)
[2026-09-01T20:30:20.971Z] NOT FOUND: NEWUSERPW (nodeId: 40, conferenceId: 1)
[2026-09-01T20:30:20.980Z] NOT FOUND: NEWUSERPW (nodeId: 40, conferenceId: 1)
[2026-09-01T20:30:20.980Z] NOT FOUND: NEWUSERPW (nodeId: 45, conferenceId: 1)
[2026-09-01T20:30:20.986Z] NOT FOUND: NEWUSERPW (nodeId: 45, conferenceId: 1)
[2026-09-01T20:30:20.990Z] NOT FOUND: NEWUSERPW (nodeId: 45, conferenceId: 1)
[2026-09-01T20:30:21.015Z] NOT FOUND: NEWUSERPW (nodeId: 45, conferenceId: 1)
[2026-09-01T20:30:21.023Z] NOT FOUND: NEWUSERPW (nodeId: 45, conferenceId: 1)
[2026-09-01T20:30:21.024Z] NOT FOUND: NEWUSERPW (nodeId: 97, conferenceId: 1)
[2026-09-01T20:30:21.042Z] NOT FOUND: NEWUSERPW (nodeId: 97, conferenceId: 1)
[2026-09-01T20:30:21.049Z] NOT FOUND: NEWUSERPW (nodeId: 97, conferenceId: 1)
[2026-09-01T20:30:21.056Z] NOT FOUND: NEWUSERPW (nodeId: 97, conferenceId: 1)
[2026-09-01T20:30:21.064Z] NOT FOUND: NEWUSERPW (nodeId: 97, conferenceId: 1)
[2026-09-01T20:30:21.065Z] NOT FOUND: NONEWUSERS (nodeId: 0, conferenceId: 1)
[2026-09-01T20:30:21.069Z] NOT FOUND: NONEWUSERS (nodeId: 0, conferenceId: 1)
[2026-09-01T20:30:21.075Z] NOT FOUND: NONEWUSERS (nodeId: 0, conferenceId: 1)
[2026-09-01T20:30:21.083Z] NOT FOUND: NONEWUSERS (nodeId: 0, conferenceId: 1)
[2026-09-01T20:30:21.093Z] NOT FOUND: NONEWUSERS (nodeId: 0, conferenceId: 1)
[2026-09-01T20:30:21.094Z] NOT FOUND: NONEWUSERS (nodeId: 1, conferenceId: 1)
[2026-09-01T20:30:21.099Z] NOT FOUND: NONEWUSERS (nodeId: 1, conferenceId: 1)
[2026-09-01T20:30:21.103Z] NOT FOUND: NONEWUSERS (nodeId: 1, conferenceId: 1)
[2026-09-01T20:30:21.113Z] NOT FOUND: NONEWUSERS (nodeId: 1, conferenceId: 1)
[2026-09-01T20:30:21.125Z] NOT FOUND: NONEWUSERS (nodeId: 1, conferenceId: 1)
[2026-09-01T20:30:21.126Z] NOT FOUND: NONEWUSERS (nodeId: 2, conferenceId: 1)
[2026-09-01T20:30:21.130Z] NOT FOUND: NONEWUSERS (nodeId: 2, conferenceId: 1)
[2026-09-01T20:30:21.133Z] NOT FOUND: NONEWUSERS (nodeId: 2, conferenceId: 1)
[2026-09-01T20:30:21.143Z] NOT FOUND: NONEWUSERS (nodeId: 2, conferenceId: 1)
[2026-09-01T20:30:21.155Z] NOT FOUND: NONEWUSERS (nodeId: 2, conferenceId: 1)
[2026-09-01T20:30:21.156Z] NOT FOUND: NONEWUSERS (nodeId: 3, conferenceId: 1)
[2026-09-01T20:30:21.159Z] NOT FOUND: NONEWUSERS (nodeId: 3, conferenceId: 1)
[2026-09-01T20:30:21.163Z] NOT FOUND: NONEWUSERS (nodeId: 3, conferenceId: 1)
[2026-09-01T20:30:21.175Z] NOT FOUND: NONEWUSERS (nodeId: 3, conferenceId: 1)
[2026-09-01T20:30:21.188Z] NOT FOUND: NONEWUSERS (nodeId: 3, conferenceId: 1)
[2026-09-01T20:30:21.189Z] NOT FOUND: NONEWUSERS (nodeId: 4, conferenceId: 1)
[2026-09-01T20:30:21.192Z] NOT FOUND: NONEWUSERS (nodeId: 4, conferenceId: 1)
[2026-09-01T20:30:21.196Z] NOT FOUND: NONEWUSERS (nodeId: 4, conferenceId: 1)
[2026-09-01T20:30:21.205Z] NOT FOUND: NONEWUSERS (nodeId: 4, conferenceId: 1)
[2026-09-01T20:30:21.217Z] NOT FOUND: NONEWUSERS (nodeId: 4, conferenceId: 1)
[2026-09-01T20:30:21.218Z] NOT FOUND: NONEWUSERS (nodeId: 5, conferenceId: 1)
[2026-09-01T20:30:21.222Z] NOT FOUND: NONEWUSERS (nodeId: 5, conferenceId: 1)
[2026-09-01T20:30:21.225Z] NOT FOUND: NONEWUSERS (nodeId: 5, conferenceId: 1)
[2026-09-01T20:30:21.232Z] NOT FOUND: NONEWUSERS (nodeId: 5, conferenceId: 1)
[2026-09-01T20:30:21.246Z] NOT FOUND: NONEWUSERS (nodeId: 5, conferenceId: 1)
[2026-09-01T20:30:21.248Z] NOT FOUND: NONEWUSERS (nodeId: 6, conferenceId: 1)
[2026-09-01T20:30:21.253Z] NOT FOUND: NONEWUSERS (nodeId: 6, conferenceId: 1)
[2026-09-01T20:30:21.257Z] NOT FOUND: NONEWUSERS (nodeId: 6, conferenceId: 1)
[2026-09-01T20:30:21.263Z] NOT FOUND: NONEWUSERS (nodeId: 6, conferenceId: 1)
[2026-09-01T20:30:21.274Z] NOT FOUND: NONEWUSERS (nodeId: 6, conferenceId: 1)
[2026-09-01T20:30:21.276Z] NOT FOUND: NONEWUSERS (nodeId: 7, conferenceId: 1)
[2026-09-01T20:30:21.280Z] NOT FOUND: NONEWUSERS (nodeId: 7, conferenceId: 1)
[2026-09-01T20:30:21.284Z] NOT FOUND: NONEWUSERS (nodeId: 7, conferenceId: 1)
[2026-09-01T20:30:21.293Z] NOT FOUND: NONEWUSERS (nodeId: 7, conferenceId: 1)
[2026-09-01T20:30:21.302Z] NOT FOUND: NONEWUSERS (nodeId: 7, conferenceId: 1)
[2026-09-01T20:30:21.303Z] NOT FOUND: NONEWUSERS (nodeId: 8, conferenceId: 1)
[2026-09-01T20:30:21.308Z] NOT FOUND: NONEWUSERS (nodeId: 8, conferenceId: 1)
[2026-09-01T20:30:21.313Z] NOT FOUND: NONEWUSERS (nodeId: 8, conferenceId: 1)
[2026-09-01T20:30:21.321Z] NOT FOUND: NONEWUSERS (nodeId: 8, conferenceId: 1)
[2026-09-01T20:30:21.328Z] NOT FOUND: NONEWUSERS (nodeId: 8, conferenceId: 1)
[2026-09-01T20:30:21.329Z] NOT FOUND: NONEWUSERS (nodeId: 9, conferenceId: 1)
[2026-09-01T20:30:21.333Z] NOT FOUND: NONEWUSERS (nodeId: 9, conferenceId: 1)
[2026-09-01T20:30:21.337Z] NOT FOUND: NONEWUSERS (nodeId: 9, conferenceId: 1)
[2026-09-01T20:30:21.344Z] NOT FOUND: NONEWUSERS (nodeId: 9, conferenceId: 1)
[2026-09-01T20:30:21.355Z] NOT FOUND: NONEWUSERS (nodeId: 9, conferenceId: 1)
[2026-09-01T20:30:21.356Z] NOT FOUND: NONEWUSERS (nodeId: 10, conferenceId: 1)
[2026-09-01T20:30:21.362Z] NOT FOUND: NONEWUSERS (nodeId: 10, conferenceId: 1)
[2026-09-01T20:30:21.365Z] NOT FOUND: NONEWUSERS (nodeId: 10, conferenceId: 1)
[2026-09-01T20:30:21.372Z] NOT FOUND: NONEWUSERS (nodeId: 10, conferenceId: 1)
[2026-09-01T20:30:21.379Z] NOT FOUND: NONEWUSERS (nodeId: 10, conferenceId: 1)
[2026-09-01T20:30:21.380Z] NOT FOUND: NONEWUSERS (nodeId: 11, conferenceId: 1)
[2026-09-01T20:30:21.384Z] NOT FOUND: NONEWUSERS (nodeId: 11, conferenceId: 1)
[2026-09-01T20:30:21.388Z] NOT FOUND: NONEWUSERS (nodeId: 11, conferenceId: 1)
[2026-09-01T20:30:21.394Z] NOT FOUND: NONEWUSERS (nodeId: 11, conferenceId: 1)
[2026-09-01T20:30:21.405Z] NOT FOUND: NONEWUSERS (nodeId: 11, conferenceId: 1)
[2026-09-01T20:30:21.406Z] NOT FOUND: NONEWUSERS (nodeId: 12, conferenceId: 1)
[2026-09-01T20:30:21.410Z] NOT FOUND: NONEWUSERS (nodeId: 12, conferenceId: 1)
[2026-09-01T20:30:21.414Z] NOT FOUND: NONEWUSERS (nodeId: 12, conferenceId: 1)
[2026-09-01T20:30:21.420Z] NOT FOUND: NONEWUSERS (nodeId: 12, conferenceId: 1)
[2026-09-01T20:30:21.429Z] NOT FOUND: NONEWUSERS (nodeId: 12, conferenceId: 1)
[2026-09-01T20:30:21.430Z] NOT FOUND: NONEWUSERS (nodeId: 13, conferenceId: 1)
[2026-09-01T20:30:21.436Z] NOT FOUND: NONEWUSERS (nodeId: 13, conferenceId: 1)
[2026-09-01T20:30:21.441Z] NOT FOUND: NONEWUSERS (nodeId: 13, conferenceId: 1)
[2026-09-01T20:30:21.448Z] NOT FOUND: NONEWUSERS (nodeId: 13, conferenceId: 1)
[2026-09-01T20:30:21.458Z] NOT FOUND: NONEWUSERS (nodeId: 13, conferenceId: 1)
[2026-09-01T20:30:21.459Z] NOT FOUND: NONEWUSERS (nodeId: 14, conferenceId: 1)
[2026-09-01T20:30:21.462Z] NOT FOUND: NONEWUSERS (nodeId: 14, conferenceId: 1)
[2026-09-01T20:30:21.467Z] NOT FOUND: NONEWUSERS (nodeId: 14, conferenceId: 1)
[2026-09-01T20:30:21.474Z] NOT FOUND: NONEWUSERS (nodeId: 14, conferenceId: 1)
[2026-09-01T20:30:21.484Z] NOT FOUND: NONEWUSERS (nodeId: 14, conferenceId: 1)
[2026-09-01T20:30:21.484Z] NOT FOUND: NONEWUSERS (nodeId: 15, conferenceId: 1)
[2026-09-01T20:30:21.488Z] NOT FOUND: NONEWUSERS (nodeId: 15, conferenceId: 1)
[2026-09-01T20:30:21.492Z] NOT FOUND: NONEWUSERS (nodeId: 15, conferenceId: 1)
[2026-09-01T20:30:21.500Z] NOT FOUND: NONEWUSERS (nodeId: 15, conferenceId: 1)
[2026-09-01T20:30:21.510Z] NOT FOUND: NONEWUSERS (nodeId: 15, conferenceId: 1)
[2026-09-01T20:30:21.511Z] NOT FOUND: NONEWUSERS (nodeId: 16, conferenceId: 1)
[2026-09-01T20:30:21.515Z] NOT FOUND: NONEWUSERS (nodeId: 16, conferenceId: 1)
[2026-09-01T20:30:21.520Z] NOT FOUND: NONEWUSERS (nodeId: 16, conferenceId: 1)
[2026-09-01T20:30:21.526Z] NOT FOUND: NONEWUSERS (nodeId: 16, conferenceId: 1)
[2026-09-01T20:30:21.532Z] NOT FOUND: NONEWUSERS (nodeId: 16, conferenceId: 1)
[2026-09-01T20:30:21.533Z] NOT FOUND: NONEWUSERS (nodeId: 17, conferenceId: 1)
[2026-09-01T20:30:21.538Z] NOT FOUND: NONEWUSERS (nodeId: 17, conferenceId: 1)
[2026-09-01T20:30:21.542Z] NOT FOUND: NONEWUSERS (nodeId: 17, conferenceId: 1)
[2026-09-01T20:30:21.547Z] NOT FOUND: NONEWUSERS (nodeId: 17, conferenceId: 1)
[2026-09-01T20:30:21.556Z] NOT FOUND: NONEWUSERS (nodeId: 17, conferenceId: 1)
[2026-09-01T20:30:21.557Z] NOT FOUND: NONEWUSERS (nodeId: 18, conferenceId: 1)
[2026-09-01T20:30:21.562Z] NOT FOUND: NONEWUSERS (nodeId: 18, conferenceId: 1)
[2026-09-01T20:30:21.566Z] NOT FOUND: NONEWUSERS (nodeId: 18, conferenceId: 1)
[2026-09-01T20:30:21.572Z] NOT FOUND: NONEWUSERS (nodeId: 18, conferenceId: 1)
[2026-09-01T20:30:21.580Z] NOT FOUND: NONEWUSERS (nodeId: 18, conferenceId: 1)
[2026-09-01T20:30:21.581Z] NOT FOUND: NONEWUSERS (nodeId: 19, conferenceId: 1)
[2026-09-01T20:30:21.587Z] NOT FOUND: NONEWUSERS (nodeId: 19, conferenceId: 1)
[2026-09-01T20:30:21.590Z] NOT FOUND: NONEWUSERS (nodeId: 19, conferenceId: 1)
[2026-09-01T20:30:21.596Z] NOT FOUND: NONEWUSERS (nodeId: 19, conferenceId: 1)
[2026-09-01T20:30:21.605Z] NOT FOUND: NONEWUSERS (nodeId: 19, conferenceId: 1)
[2026-09-01T20:30:21.606Z] NOT FOUND: NONEWUSERS (nodeId: 20, conferenceId: 1)
[2026-09-01T20:30:21.611Z] NOT FOUND: NONEWUSERS (nodeId: 20, conferenceId: 1)
[2026-09-01T20:30:21.615Z] NOT FOUND: NONEWUSERS (nodeId: 20, conferenceId: 1)
[2026-09-01T20:30:21.620Z] NOT FOUND: NONEWUSERS (nodeId: 20, conferenceId: 1)
[2026-09-01T20:30:21.629Z] NOT FOUND: NONEWUSERS (nodeId: 20, conferenceId: 1)
[2026-09-01T20:30:21.631Z] NOT FOUND: NONEWUSERS (nodeId: 21, conferenceId: 1)
[2026-09-01T20:30:21.634Z] NOT FOUND: NONEWUSERS (nodeId: 21, conferenceId: 1)
[2026-09-01T20:30:21.639Z] NOT FOUND: NONEWUSERS (nodeId: 21, conferenceId: 1)
[2026-09-01T20:30:21.646Z] NOT FOUND: NONEWUSERS (nodeId: 21, conferenceId: 1)
[2026-09-01T20:30:21.654Z] NOT FOUND: NONEWUSERS (nodeId: 21, conferenceId: 1)
[2026-09-01T20:30:21.655Z] NOT FOUND: NONEWUSERS (nodeId: 22, conferenceId: 1)
[2026-09-01T20:30:21.660Z] NOT FOUND: NONEWUSERS (nodeId: 22, conferenceId: 1)
[2026-09-01T20:30:21.664Z] NOT FOUND: NONEWUSERS (nodeId: 22, conferenceId: 1)
[2026-09-01T20:30:21.670Z] NOT FOUND: NONEWUSERS (nodeId: 22, conferenceId: 1)
[2026-09-01T20:30:21.680Z] NOT FOUND: NONEWUSERS (nodeId: 22, conferenceId: 1)
[2026-09-01T20:30:21.681Z] NOT FOUND: NONEWUSERS (nodeId: 23, conferenceId: 1)
[2026-09-01T20:30:21.686Z] NOT FOUND: NONEWUSERS (nodeId: 23, conferenceId: 1)
[2026-09-01T20:30:21.690Z] NOT FOUND: NONEWUSERS (nodeId: 23, conferenceId: 1)
[2026-09-01T20:30:21.697Z] NOT FOUND: NONEWUSERS (nodeId: 23, conferenceId: 1)
[2026-09-01T20:30:21.706Z] NOT FOUND: NONEWUSERS (nodeId: 23, conferenceId: 1)
[2026-09-01T20:30:21.707Z] NOT FOUND: NONEWUSERS (nodeId: 24, conferenceId: 1)
[2026-09-01T20:30:21.713Z] NOT FOUND: NONEWUSERS (nodeId: 24, conferenceId: 1)
[2026-09-01T20:30:21.717Z] NOT FOUND: NONEWUSERS (nodeId: 24, conferenceId: 1)
[2026-09-01T20:30:21.723Z] NOT FOUND: NONEWUSERS (nodeId: 24, conferenceId: 1)
[2026-09-01T20:30:21.732Z] NOT FOUND: NONEWUSERS (nodeId: 24, conferenceId: 1)
[2026-09-01T20:30:21.733Z] NOT FOUND: NONEWUSERS (nodeId: 25, conferenceId: 1)
[2026-09-01T20:30:21.738Z] NOT FOUND: NONEWUSERS (nodeId: 25, conferenceId: 1)
[2026-09-01T20:30:21.742Z] NOT FOUND: NONEWUSERS (nodeId: 25, conferenceId: 1)
[2026-09-01T20:30:21.748Z] NOT FOUND: NONEWUSERS (nodeId: 25, conferenceId: 1)
[2026-09-01T20:30:21.758Z] NOT FOUND: NONEWUSERS (nodeId: 25, conferenceId: 1)
[2026-09-01T20:30:21.759Z] NOT FOUND: NONEWUSERS (nodeId: 26, conferenceId: 1)
[2026-09-01T20:30:21.765Z] NOT FOUND: NONEWUSERS (nodeId: 26, conferenceId: 1)
[2026-09-01T20:30:21.769Z] NOT FOUND: NONEWUSERS (nodeId: 26, conferenceId: 1)
[2026-09-01T20:30:21.775Z] NOT FOUND: NONEWUSERS (nodeId: 26, conferenceId: 1)
[2026-09-01T20:30:21.784Z] NOT FOUND: NONEWUSERS (nodeId: 26, conferenceId: 1)
[2026-09-01T20:30:21.785Z] NOT FOUND: NONEWUSERS (nodeId: 27, conferenceId: 1)
[2026-09-01T20:30:21.790Z] NOT FOUND: NONEWUSERS (nodeId: 27, conferenceId: 1)
[2026-09-01T20:30:21.794Z] NOT FOUND: NONEWUSERS (nodeId: 27, conferenceId: 1)
[2026-09-01T20:30:21.800Z] NOT FOUND: NONEWUSERS (nodeId: 27, conferenceId: 1)
[2026-09-01T20:30:21.810Z] NOT FOUND: NONEWUSERS (nodeId: 27, conferenceId: 1)
[2026-09-01T20:30:21.812Z] NOT FOUND: NONEWUSERS (nodeId: 28, conferenceId: 1)
[2026-09-01T20:30:21.817Z] NOT FOUND: NONEWUSERS (nodeId: 28, conferenceId: 1)
[2026-09-01T20:30:21.820Z] NOT FOUND: NONEWUSERS (nodeId: 28, conferenceId: 1)
[2026-09-01T20:30:21.826Z] NOT FOUND: NONEWUSERS (nodeId: 28, conferenceId: 1)
[2026-09-01T20:30:21.835Z] NOT FOUND: NONEWUSERS (nodeId: 28, conferenceId: 1)
[2026-09-01T20:30:21.836Z] NOT FOUND: NONEWUSERS (nodeId: 29, conferenceId: 1)
[2026-09-01T20:30:21.842Z] NOT FOUND: NONEWUSERS (nodeId: 29, conferenceId: 1)
[2026-09-01T20:30:21.845Z] NOT FOUND: NONEWUSERS (nodeId: 29, conferenceId: 1)
[2026-09-01T20:30:21.850Z] NOT FOUND: NONEWUSERS (nodeId: 29, conferenceId: 1)
[2026-09-01T20:30:21.859Z] NOT FOUND: NONEWUSERS (nodeId: 29, conferenceId: 1)
[2026-09-01T20:30:21.860Z] NOT FOUND: NONEWUSERS (nodeId: 30, conferenceId: 1)
[2026-09-01T20:30:21.865Z] NOT FOUND: NONEWUSERS (nodeId: 30, conferenceId: 1)
[2026-09-01T20:30:21.869Z] NOT FOUND: NONEWUSERS (nodeId: 30, conferenceId: 1)
[2026-09-01T20:30:21.876Z] NOT FOUND: NONEWUSERS (nodeId: 30, conferenceId: 1)
[2026-09-01T20:30:21.885Z] NOT FOUND: NONEWUSERS (nodeId: 30, conferenceId: 1)
[2026-09-01T20:30:21.886Z] NOT FOUND: NONEWUSERS (nodeId: 31, conferenceId: 1)
[2026-09-01T20:30:21.892Z] NOT FOUND: NONEWUSERS (nodeId: 31, conferenceId: 1)
[2026-09-01T20:30:21.895Z] NOT FOUND: NONEWUSERS (nodeId: 31, conferenceId: 1)
[2026-09-01T20:30:21.900Z] NOT FOUND: NONEWUSERS (nodeId: 31, conferenceId: 1)
[2026-09-01T20:30:21.909Z] NOT FOUND: NONEWUSERS (nodeId: 31, conferenceId: 1)
[2026-09-01T20:30:21.910Z] NOT FOUND: NONEWUSERS (nodeId: 32, conferenceId: 1)
[2026-09-01T20:30:21.913Z] NOT FOUND: NONEWUSERS (nodeId: 32, conferenceId: 1)
[2026-09-01T20:30:21.918Z] NOT FOUND: NONEWUSERS (nodeId: 32, conferenceId: 1)
[2026-09-01T20:30:21.923Z] NOT FOUND: NONEWUSERS (nodeId: 32, conferenceId: 1)
[2026-09-01T20:30:21.931Z] NOT FOUND: NONEWUSERS (nodeId: 32, conferenceId: 1)
[2026-09-01T20:30:21.932Z] NOT FOUND: NONEWUSERS (nodeId: 33, conferenceId: 1)
[2026-09-01T20:30:21.936Z] NOT FOUND: NONEWUSERS (nodeId: 33, conferenceId: 1)
[2026-09-01T20:30:21.943Z] NOT FOUND: NONEWUSERS (nodeId: 33, conferenceId: 1)
[2026-09-01T20:30:21.947Z] NOT FOUND: NONEWUSERS (nodeId: 33, conferenceId: 1)
[2026-09-01T20:30:21.957Z] NOT FOUND: NONEWUSERS (nodeId: 33, conferenceId: 1)
[2026-09-01T20:30:21.958Z] NOT FOUND: NONEWUSERS (nodeId: 34, conferenceId: 1)
[2026-09-01T20:30:21.961Z] NOT FOUND: NONEWUSERS (nodeId: 34, conferenceId: 1)
[2026-09-01T20:30:21.968Z] NOT FOUND: NONEWUSERS (nodeId: 34, conferenceId: 1)
[2026-09-01T20:30:21.974Z] NOT FOUND: NONEWUSERS (nodeId: 34, conferenceId: 1)
[2026-09-01T20:30:21.982Z] NOT FOUND: NONEWUSERS (nodeId: 34, conferenceId: 1)
[2026-09-01T20:30:21.983Z] NOT FOUND: NONEWUSERS (nodeId: 35, conferenceId: 1)
[2026-09-01T20:30:21.987Z] NOT FOUND: NONEWUSERS (nodeId: 35, conferenceId: 1)
[2026-09-01T20:30:21.992Z] NOT FOUND: NONEWUSERS (nodeId: 35, conferenceId: 1)
[2026-09-01T20:30:21.997Z] NOT FOUND: NONEWUSERS (nodeId: 35, conferenceId: 1)
[2026-09-01T20:30:22.006Z] NOT FOUND: NONEWUSERS (nodeId: 35, conferenceId: 1)
[2026-09-01T20:30:22.007Z] NOT FOUND: NONEWUSERS (nodeId: 36, conferenceId: 1)
[2026-09-01T20:30:22.011Z] NOT FOUND: NONEWUSERS (nodeId: 36, conferenceId: 1)
[2026-09-01T20:30:22.019Z] NOT FOUND: NONEWUSERS (nodeId: 36, conferenceId: 1)
[2026-09-01T20:30:22.025Z] NOT FOUND: NONEWUSERS (nodeId: 36, conferenceId: 1)
[2026-09-01T20:30:22.032Z] NOT FOUND: NONEWUSERS (nodeId: 36, conferenceId: 1)
[2026-09-01T20:30:22.032Z] NOT FOUND: NONEWUSERS (nodeId: 37, conferenceId: 1)
[2026-09-01T20:30:22.036Z] NOT FOUND: NONEWUSERS (nodeId: 37, conferenceId: 1)
[2026-09-01T20:30:22.040Z] NOT FOUND: NONEWUSERS (nodeId: 37, conferenceId: 1)
[2026-09-01T20:30:22.047Z] NOT FOUND: NONEWUSERS (nodeId: 37, conferenceId: 1)
[2026-09-01T20:30:22.054Z] NOT FOUND: NONEWUSERS (nodeId: 37, conferenceId: 1)
[2026-09-01T20:30:22.055Z] NOT FOUND: NONEWUSERS (nodeId: 38, conferenceId: 1)
[2026-09-01T20:30:22.058Z] NOT FOUND: NONEWUSERS (nodeId: 38, conferenceId: 1)
[2026-09-01T20:30:22.065Z] NOT FOUND: NONEWUSERS (nodeId: 38, conferenceId: 1)
[2026-09-01T20:30:22.071Z] NOT FOUND: NONEWUSERS (nodeId: 38, conferenceId: 1)
[2026-09-01T20:30:22.078Z] NOT FOUND: NONEWUSERS (nodeId: 38, conferenceId: 1)
[2026-09-01T20:30:22.079Z] NOT FOUND: NONEWUSERS (nodeId: 39, conferenceId: 1)
[2026-09-01T20:30:22.082Z] NOT FOUND: NONEWUSERS (nodeId: 39, conferenceId: 1)
[2026-09-01T20:30:22.087Z] NOT FOUND: NONEWUSERS (nodeId: 39, conferenceId: 1)
[2026-09-01T20:30:22.094Z] NOT FOUND: NONEWUSERS (nodeId: 39, conferenceId: 1)
[2026-09-01T20:30:22.105Z] NOT FOUND: NONEWUSERS (nodeId: 39, conferenceId: 1)
[2026-09-01T20:30:22.106Z] NOT FOUND: NONEWUSERS (nodeId: 40, conferenceId: 1)
[2026-09-01T20:30:22.109Z] NOT FOUND: NONEWUSERS (nodeId: 40, conferenceId: 1)
[2026-09-01T20:30:22.114Z] NOT FOUND: NONEWUSERS (nodeId: 40, conferenceId: 1)
[2026-09-01T20:30:22.120Z] NOT FOUND: NONEWUSERS (nodeId: 40, conferenceId: 1)
[2026-09-01T20:30:22.129Z] NOT FOUND: NONEWUSERS (nodeId: 40, conferenceId: 1)
[2026-09-01T20:30:22.130Z] NOT FOUND: NONEWUSERS (nodeId: 45, conferenceId: 1)
[2026-09-01T20:30:22.134Z] NOT FOUND: NONEWUSERS (nodeId: 45, conferenceId: 1)
[2026-09-01T20:30:22.141Z] NOT FOUND: NONEWUSERS (nodeId: 45, conferenceId: 1)
[2026-09-01T20:30:22.147Z] NOT FOUND: NONEWUSERS (nodeId: 45, conferenceId: 1)
[2026-09-01T20:30:22.156Z] NOT FOUND: NONEWUSERS (nodeId: 45, conferenceId: 1)
[2026-09-01T20:30:22.157Z] NOT FOUND: NONEWUSERS (nodeId: 97, conferenceId: 1)
[2026-09-01T20:30:22.168Z] NOT FOUND: NONEWUSERS (nodeId: 97, conferenceId: 1)
[2026-09-01T20:30:22.174Z] NOT FOUND: NONEWUSERS (nodeId: 97, conferenceId: 1)
[2026-09-01T20:30:22.183Z] NOT FOUND: NONEWUSERS (nodeId: 97, conferenceId: 1)
[2026-09-01T20:30:22.191Z] NOT FOUND: NONEWUSERS (nodeId: 97, conferenceId: 1)
[2026-09-01T20:30:22.588Z] NOT FOUND: GUESTLOGON (nodeId: 45, conferenceId: 1)
[2026-09-01T20:30:22.589Z] NOT FOUND: GUESTLOGON (nodeId: 45, conferenceId: 1)
[2026-09-01T20:30:22.593Z] NOT FOUND: GUESTLOGON (nodeId: 45, conferenceId: 1)
[2026-09-01T20:30:22.601Z] NOT FOUND: GUESTLOGON (nodeId: 45, conferenceId: 1)
[2026-09-01T20:30:22.610Z] NOT FOUND: GUESTLOGON (nodeId: 45, conferenceId: 1)
[2026-09-01T20:30:22.611Z] NOT FOUND: GUESTLOGON (nodeId: 97, conferenceId: 1)
[2026-09-01T20:30:22.614Z] NOT FOUND: GUESTLOGON (nodeId: 97, conferenceId: 1)
[2026-09-01T20:30:22.618Z] NOT FOUND: GUESTLOGON (nodeId: 97, conferenceId: 1)
[2026-09-01T20:30:22.624Z] NOT FOUND: GUESTLOGON (nodeId: 97, conferenceId: 1)
[2026-09-01T20:30:22.632Z] NOT FOUND: GUESTLOGON (nodeId: 97, conferenceId: 1)
[2026-09-01T20:30:22.633Z] NOT FOUND: LOCKOUT0 (nodeId: 0, conferenceId: 1)
[2026-09-01T20:30:22.637Z] NOT FOUND: LOCKOUT0 (nodeId: 0, conferenceId: 1)
[2026-09-01T20:30:22.641Z] NOT FOUND: LOCKOUT0 (nodeId: 0, conferenceId: 1)
[2026-09-01T20:30:22.648Z] NOT FOUND: LOCKOUT0 (nodeId: 0, conferenceId: 1)
[2026-09-01T20:30:22.658Z] NOT FOUND: LOCKOUT0 (nodeId: 0, conferenceId: 1)
[2026-09-01T20:30:22.659Z] NOT FOUND: LOCKOUT0 (nodeId: 1, conferenceId: 1)
[2026-09-01T20:30:22.662Z] NOT FOUND: LOCKOUT0 (nodeId: 1, conferenceId: 1)
[2026-09-01T20:30:22.665Z] NOT FOUND: LOCKOUT0 (nodeId: 1, conferenceId: 1)
[2026-09-01T20:30:22.674Z] NOT FOUND: LOCKOUT0 (nodeId: 1, conferenceId: 1)
[2026-09-01T20:30:22.684Z] NOT FOUND: LOCKOUT0 (nodeId: 1, conferenceId: 1)
[2026-09-01T20:30:22.685Z] NOT FOUND: LOCKOUT0 (nodeId: 2, conferenceId: 1)
[2026-09-01T20:30:22.688Z] NOT FOUND: LOCKOUT0 (nodeId: 2, conferenceId: 1)
[2026-09-01T20:30:22.692Z] NOT FOUND: LOCKOUT0 (nodeId: 2, conferenceId: 1)
[2026-09-01T20:30:22.699Z] NOT FOUND: LOCKOUT0 (nodeId: 2, conferenceId: 1)
[2026-09-01T20:30:22.708Z] NOT FOUND: LOCKOUT0 (nodeId: 2, conferenceId: 1)
[2026-09-01T20:30:22.709Z] NOT FOUND: LOCKOUT0 (nodeId: 3, conferenceId: 1)
[2026-09-01T20:30:22.712Z] NOT FOUND: LOCKOUT0 (nodeId: 3, conferenceId: 1)
[2026-09-01T20:30:22.716Z] NOT FOUND: LOCKOUT0 (nodeId: 3, conferenceId: 1)
[2026-09-01T20:30:22.723Z] NOT FOUND: LOCKOUT0 (nodeId: 3, conferenceId: 1)
[2026-09-01T20:30:22.732Z] NOT FOUND: LOCKOUT0 (nodeId: 3, conferenceId: 1)
[2026-09-01T20:30:22.733Z] NOT FOUND: LOCKOUT0 (nodeId: 4, conferenceId: 1)
[2026-09-01T20:30:22.737Z] NOT FOUND: LOCKOUT0 (nodeId: 4, conferenceId: 1)
[2026-09-01T20:30:22.745Z] NOT FOUND: LOCKOUT0 (nodeId: 4, conferenceId: 1)
[2026-09-01T20:30:22.750Z] NOT FOUND: LOCKOUT0 (nodeId: 4, conferenceId: 1)
[2026-09-01T20:30:22.760Z] NOT FOUND: LOCKOUT0 (nodeId: 4, conferenceId: 1)
[2026-09-01T20:30:22.761Z] NOT FOUND: LOCKOUT0 (nodeId: 5, conferenceId: 1)
[2026-09-01T20:30:22.764Z] NOT FOUND: LOCKOUT0 (nodeId: 5, conferenceId: 1)
[2026-09-01T20:30:22.768Z] NOT FOUND: LOCKOUT0 (nodeId: 5, conferenceId: 1)
[2026-09-01T20:30:22.777Z] NOT FOUND: LOCKOUT0 (nodeId: 5, conferenceId: 1)
[2026-09-01T20:30:22.785Z] NOT FOUND: LOCKOUT0 (nodeId: 5, conferenceId: 1)
[2026-09-01T20:30:22.786Z] NOT FOUND: LOCKOUT0 (nodeId: 6, conferenceId: 1)
[2026-09-01T20:30:22.790Z] NOT FOUND: LOCKOUT0 (nodeId: 6, conferenceId: 1)
[2026-09-01T20:30:22.793Z] NOT FOUND: LOCKOUT0 (nodeId: 6, conferenceId: 1)
[2026-09-01T20:30:22.801Z] NOT FOUND: LOCKOUT0 (nodeId: 6, conferenceId: 1)
[2026-09-01T20:30:22.808Z] NOT FOUND: LOCKOUT0 (nodeId: 6, conferenceId: 1)
[2026-09-01T20:30:22.809Z] NOT FOUND: LOCKOUT0 (nodeId: 7, conferenceId: 1)
[2026-09-01T20:30:22.813Z] NOT FOUND: LOCKOUT0 (nodeId: 7, conferenceId: 1)
[2026-09-01T20:30:22.817Z] NOT FOUND: LOCKOUT0 (nodeId: 7, conferenceId: 1)
[2026-09-01T20:30:22.823Z] NOT FOUND: LOCKOUT0 (nodeId: 7, conferenceId: 1)
[2026-09-01T20:30:22.833Z] NOT FOUND: LOCKOUT0 (nodeId: 7, conferenceId: 1)
[2026-09-01T20:30:22.834Z] NOT FOUND: LOCKOUT0 (nodeId: 8, conferenceId: 1)
[2026-09-01T20:30:22.838Z] NOT FOUND: LOCKOUT0 (nodeId: 8, conferenceId: 1)
[2026-09-01T20:30:22.841Z] NOT FOUND: LOCKOUT0 (nodeId: 8, conferenceId: 1)
[2026-09-01T20:30:22.848Z] NOT FOUND: LOCKOUT0 (nodeId: 8, conferenceId: 1)
[2026-09-01T20:30:22.859Z] NOT FOUND: LOCKOUT0 (nodeId: 8, conferenceId: 1)
[2026-09-01T20:30:22.860Z] NOT FOUND: LOCKOUT0 (nodeId: 9, conferenceId: 1)
[2026-09-01T20:30:22.863Z] NOT FOUND: LOCKOUT0 (nodeId: 9, conferenceId: 1)
[2026-09-01T20:30:22.867Z] NOT FOUND: LOCKOUT0 (nodeId: 9, conferenceId: 1)
[2026-09-01T20:30:22.875Z] NOT FOUND: LOCKOUT0 (nodeId: 9, conferenceId: 1)
[2026-09-01T20:30:22.887Z] NOT FOUND: LOCKOUT0 (nodeId: 9, conferenceId: 1)
[2026-09-01T20:30:22.888Z] NOT FOUND: LOCKOUT0 (nodeId: 10, conferenceId: 1)
[2026-09-01T20:30:22.892Z] NOT FOUND: LOCKOUT0 (nodeId: 10, conferenceId: 1)
[2026-09-01T20:30:22.895Z] NOT FOUND: LOCKOUT0 (nodeId: 10, conferenceId: 1)
[2026-09-01T20:30:22.901Z] NOT FOUND: LOCKOUT0 (nodeId: 10, conferenceId: 1)
[2026-09-01T20:30:22.910Z] NOT FOUND: LOCKOUT0 (nodeId: 10, conferenceId: 1)
[2026-09-01T20:30:22.911Z] NOT FOUND: LOCKOUT0 (nodeId: 11, conferenceId: 1)
[2026-09-01T20:30:22.916Z] NOT FOUND: LOCKOUT0 (nodeId: 11, conferenceId: 1)
[2026-09-01T20:30:22.920Z] NOT FOUND: LOCKOUT0 (nodeId: 11, conferenceId: 1)
[2026-09-01T20:30:22.925Z] NOT FOUND: LOCKOUT0 (nodeId: 11, conferenceId: 1)
[2026-09-01T20:30:22.935Z] NOT FOUND: LOCKOUT0 (nodeId: 11, conferenceId: 1)
[2026-09-01T20:30:22.936Z] NOT FOUND: LOCKOUT0 (nodeId: 12, conferenceId: 1)
[2026-09-01T20:30:22.941Z] NOT FOUND: LOCKOUT0 (nodeId: 12, conferenceId: 1)
[2026-09-01T20:30:22.945Z] NOT FOUND: LOCKOUT0 (nodeId: 12, conferenceId: 1)
[2026-09-01T20:30:22.950Z] NOT FOUND: LOCKOUT0 (nodeId: 12, conferenceId: 1)
[2026-09-01T20:30:22.960Z] NOT FOUND: LOCKOUT0 (nodeId: 12, conferenceId: 1)
[2026-09-01T20:30:22.961Z] NOT FOUND: LOCKOUT0 (nodeId: 13, conferenceId: 1)
[2026-09-01T20:30:22.966Z] NOT FOUND: LOCKOUT0 (nodeId: 13, conferenceId: 1)
[2026-09-01T20:30:22.970Z] NOT FOUND: LOCKOUT0 (nodeId: 13, conferenceId: 1)
[2026-09-01T20:30:22.975Z] NOT FOUND: LOCKOUT0 (nodeId: 13, conferenceId: 1)
[2026-09-01T20:30:22.984Z] NOT FOUND: LOCKOUT0 (nodeId: 13, conferenceId: 1)
[2026-09-01T20:30:22.985Z] NOT FOUND: LOCKOUT0 (nodeId: 14, conferenceId: 1)
[2026-09-01T20:30:22.992Z] NOT FOUND: LOCKOUT0 (nodeId: 14, conferenceId: 1)
[2026-09-01T20:30:22.995Z] NOT FOUND: LOCKOUT0 (nodeId: 14, conferenceId: 1)
[2026-09-01T20:30:23.001Z] NOT FOUND: LOCKOUT0 (nodeId: 14, conferenceId: 1)
[2026-09-01T20:30:23.011Z] NOT FOUND: LOCKOUT0 (nodeId: 14, conferenceId: 1)
[2026-09-01T20:30:23.012Z] NOT FOUND: LOCKOUT0 (nodeId: 15, conferenceId: 1)
[2026-09-01T20:30:23.017Z] NOT FOUND: LOCKOUT0 (nodeId: 15, conferenceId: 1)
[2026-09-01T20:30:23.021Z] NOT FOUND: LOCKOUT0 (nodeId: 15, conferenceId: 1)
[2026-09-01T20:30:23.027Z] NOT FOUND: LOCKOUT0 (nodeId: 15, conferenceId: 1)
[2026-09-01T20:30:23.035Z] NOT FOUND: LOCKOUT0 (nodeId: 15, conferenceId: 1)
[2026-09-01T20:30:23.036Z] NOT FOUND: LOCKOUT0 (nodeId: 16, conferenceId: 1)
[2026-09-01T20:30:23.041Z] NOT FOUND: LOCKOUT0 (nodeId: 16, conferenceId: 1)
[2026-09-01T20:30:23.045Z] NOT FOUND: LOCKOUT0 (nodeId: 16, conferenceId: 1)
[2026-09-01T20:30:23.051Z] NOT FOUND: LOCKOUT0 (nodeId: 16, conferenceId: 1)
[2026-09-01T20:30:23.060Z] NOT FOUND: LOCKOUT0 (nodeId: 16, conferenceId: 1)
[2026-09-01T20:30:23.061Z] NOT FOUND: LOCKOUT0 (nodeId: 17, conferenceId: 1)
[2026-09-01T20:30:23.066Z] NOT FOUND: LOCKOUT0 (nodeId: 17, conferenceId: 1)
[2026-09-01T20:30:23.069Z] NOT FOUND: LOCKOUT0 (nodeId: 17, conferenceId: 1)
[2026-09-01T20:30:23.074Z] NOT FOUND: LOCKOUT0 (nodeId: 17, conferenceId: 1)
[2026-09-01T20:30:23.083Z] NOT FOUND: LOCKOUT0 (nodeId: 17, conferenceId: 1)
[2026-09-01T20:30:23.084Z] NOT FOUND: LOCKOUT0 (nodeId: 18, conferenceId: 1)
[2026-09-01T20:30:23.090Z] NOT FOUND: LOCKOUT0 (nodeId: 18, conferenceId: 1)
[2026-09-01T20:30:23.094Z] NOT FOUND: LOCKOUT0 (nodeId: 18, conferenceId: 1)
[2026-09-01T20:30:23.099Z] NOT FOUND: LOCKOUT0 (nodeId: 18, conferenceId: 1)
[2026-09-01T20:30:23.107Z] NOT FOUND: LOCKOUT0 (nodeId: 18, conferenceId: 1)
[2026-09-01T20:30:23.108Z] NOT FOUND: LOCKOUT0 (nodeId: 19, conferenceId: 1)
[2026-09-01T20:30:23.113Z] NOT FOUND: LOCKOUT0 (nodeId: 19, conferenceId: 1)
[2026-09-01T20:30:23.117Z] NOT FOUND: LOCKOUT0 (nodeId: 19, conferenceId: 1)
[2026-09-01T20:30:23.122Z] NOT FOUND: LOCKOUT0 (nodeId: 19, conferenceId: 1)
[2026-09-01T20:30:23.131Z] NOT FOUND: LOCKOUT0 (nodeId: 19, conferenceId: 1)
[2026-09-01T20:30:23.132Z] NOT FOUND: LOCKOUT0 (nodeId: 20, conferenceId: 1)
[2026-09-01T20:30:23.136Z] NOT FOUND: LOCKOUT0 (nodeId: 20, conferenceId: 1)
[2026-09-01T20:30:23.140Z] NOT FOUND: LOCKOUT0 (nodeId: 20, conferenceId: 1)
[2026-09-01T20:30:23.147Z] NOT FOUND: LOCKOUT0 (nodeId: 20, conferenceId: 1)
[2026-09-01T20:30:23.154Z] NOT FOUND: LOCKOUT0 (nodeId: 20, conferenceId: 1)
[2026-09-01T20:30:23.155Z] NOT FOUND: LOCKOUT0 (nodeId: 21, conferenceId: 1)
[2026-09-01T20:30:23.158Z] NOT FOUND: LOCKOUT0 (nodeId: 21, conferenceId: 1)
[2026-09-01T20:30:23.163Z] NOT FOUND: LOCKOUT0 (nodeId: 21, conferenceId: 1)
[2026-09-01T20:30:23.170Z] NOT FOUND: LOCKOUT0 (nodeId: 21, conferenceId: 1)
[2026-09-01T20:30:23.176Z] NOT FOUND: LOCKOUT0 (nodeId: 21, conferenceId: 1)
[2026-09-01T20:30:23.177Z] NOT FOUND: LOCKOUT0 (nodeId: 22, conferenceId: 1)
[2026-09-01T20:30:23.181Z] NOT FOUND: LOCKOUT0 (nodeId: 22, conferenceId: 1)
[2026-09-01T20:30:23.186Z] NOT FOUND: LOCKOUT0 (nodeId: 22, conferenceId: 1)
[2026-09-01T20:30:23.193Z] NOT FOUND: LOCKOUT0 (nodeId: 22, conferenceId: 1)
[2026-09-01T20:30:23.201Z] NOT FOUND: LOCKOUT0 (nodeId: 22, conferenceId: 1)
[2026-09-01T20:30:23.202Z] NOT FOUND: LOCKOUT0 (nodeId: 23, conferenceId: 1)
[2026-09-01T20:30:23.206Z] NOT FOUND: LOCKOUT0 (nodeId: 23, conferenceId: 1)
[2026-09-01T20:30:23.212Z] NOT FOUND: LOCKOUT0 (nodeId: 23, conferenceId: 1)
[2026-09-01T20:30:23.217Z] NOT FOUND: LOCKOUT0 (nodeId: 23, conferenceId: 1)
[2026-09-01T20:30:23.225Z] NOT FOUND: LOCKOUT0 (nodeId: 23, conferenceId: 1)
[2026-09-01T20:30:23.226Z] NOT FOUND: LOCKOUT0 (nodeId: 24, conferenceId: 1)
[2026-09-01T20:30:23.229Z] NOT FOUND: LOCKOUT0 (nodeId: 24, conferenceId: 1)
[2026-09-01T20:30:23.234Z] NOT FOUND: LOCKOUT0 (nodeId: 24, conferenceId: 1)
[2026-09-01T20:30:23.239Z] NOT FOUND: LOCKOUT0 (nodeId: 24, conferenceId: 1)
[2026-09-01T20:30:23.245Z] NOT FOUND: LOCKOUT0 (nodeId: 24, conferenceId: 1)
[2026-09-01T20:30:23.246Z] NOT FOUND: LOCKOUT0 (nodeId: 25, conferenceId: 1)
[2026-09-01T20:30:23.250Z] NOT FOUND: LOCKOUT0 (nodeId: 25, conferenceId: 1)
[2026-09-01T20:30:23.255Z] NOT FOUND: LOCKOUT0 (nodeId: 25, conferenceId: 1)
[2026-09-01T20:30:23.261Z] NOT FOUND: LOCKOUT0 (nodeId: 25, conferenceId: 1)
[2026-09-01T20:30:23.269Z] NOT FOUND: LOCKOUT0 (nodeId: 25, conferenceId: 1)
[2026-09-01T20:30:23.270Z] NOT FOUND: LOCKOUT0 (nodeId: 26, conferenceId: 1)
[2026-09-01T20:30:23.274Z] NOT FOUND: LOCKOUT0 (nodeId: 26, conferenceId: 1)
[2026-09-01T20:30:23.278Z] NOT FOUND: LOCKOUT0 (nodeId: 26, conferenceId: 1)
[2026-09-01T20:30:23.286Z] NOT FOUND: LOCKOUT0 (nodeId: 26, conferenceId: 1)
[2026-09-01T20:30:23.299Z] NOT FOUND: LOCKOUT0 (nodeId: 26, conferenceId: 1)
[2026-09-01T20:30:23.300Z] NOT FOUND: LOCKOUT0 (nodeId: 27, conferenceId: 1)
[2026-09-01T20:30:23.304Z] NOT FOUND: LOCKOUT0 (nodeId: 27, conferenceId: 1)
[2026-09-01T20:30:23.311Z] NOT FOUND: LOCKOUT0 (nodeId: 27, conferenceId: 1)
[2026-09-01T20:30:23.317Z] NOT FOUND: LOCKOUT0 (nodeId: 27, conferenceId: 1)
[2026-09-01T20:30:23.326Z] NOT FOUND: LOCKOUT0 (nodeId: 27, conferenceId: 1)
[2026-09-01T20:30:23.327Z] NOT FOUND: LOCKOUT0 (nodeId: 28, conferenceId: 1)
[2026-09-01T20:30:23.330Z] NOT FOUND: LOCKOUT0 (nodeId: 28, conferenceId: 1)
[2026-09-01T20:30:23.333Z] NOT FOUND: LOCKOUT0 (nodeId: 28, conferenceId: 1)
[2026-09-01T20:30:23.343Z] NOT FOUND: LOCKOUT0 (nodeId: 28, conferenceId: 1)
[2026-09-01T20:30:23.353Z] NOT FOUND: LOCKOUT0 (nodeId: 28, conferenceId: 1)
[2026-09-01T20:30:23.354Z] NOT FOUND: LOCKOUT0 (nodeId: 29, conferenceId: 1)
[2026-09-01T20:30:23.358Z] NOT FOUND: LOCKOUT0 (nodeId: 29, conferenceId: 1)
[2026-09-01T20:30:23.363Z] NOT FOUND: LOCKOUT0 (nodeId: 29, conferenceId: 1)
[2026-09-01T20:30:23.368Z] NOT FOUND: LOCKOUT0 (nodeId: 29, conferenceId: 1)
[2026-09-01T20:30:23.379Z] NOT FOUND: LOCKOUT0 (nodeId: 29, conferenceId: 1)
[2026-09-01T20:30:23.379Z] NOT FOUND: LOCKOUT0 (nodeId: 30, conferenceId: 1)
[2026-09-01T20:30:23.387Z] NOT FOUND: LOCKOUT0 (nodeId: 30, conferenceId: 1)
[2026-09-01T20:30:23.391Z] NOT FOUND: LOCKOUT0 (nodeId: 30, conferenceId: 1)
[2026-09-01T20:30:23.397Z] NOT FOUND: LOCKOUT0 (nodeId: 30, conferenceId: 1)
[2026-09-01T20:30:23.410Z] NOT FOUND: LOCKOUT0 (nodeId: 30, conferenceId: 1)
[2026-09-01T20:30:23.411Z] NOT FOUND: LOCKOUT0 (nodeId: 31, conferenceId: 1)
[2026-09-01T20:30:23.416Z] NOT FOUND: LOCKOUT0 (nodeId: 31, conferenceId: 1)
[2026-09-01T20:30:23.421Z] NOT FOUND: LOCKOUT0 (nodeId: 31, conferenceId: 1)
[2026-09-01T20:30:23.426Z] NOT FOUND: LOCKOUT0 (nodeId: 31, conferenceId: 1)
[2026-09-01T20:30:23.436Z] NOT FOUND: LOCKOUT0 (nodeId: 31, conferenceId: 1)
[2026-09-01T20:30:23.437Z] NOT FOUND: LOCKOUT0 (nodeId: 32, conferenceId: 1)
[2026-09-01T20:30:23.442Z] NOT FOUND: LOCKOUT0 (nodeId: 32, conferenceId: 1)
[2026-09-01T20:30:23.446Z] NOT FOUND: LOCKOUT0 (nodeId: 32, conferenceId: 1)
[2026-09-01T20:30:23.453Z] NOT FOUND: LOCKOUT0 (nodeId: 32, conferenceId: 1)
[2026-09-01T20:30:23.463Z] NOT FOUND: LOCKOUT0 (nodeId: 32, conferenceId: 1)
[2026-09-01T20:30:23.464Z] NOT FOUND: LOCKOUT0 (nodeId: 33, conferenceId: 1)
[2026-09-01T20:30:23.468Z] NOT FOUND: LOCKOUT0 (nodeId: 33, conferenceId: 1)
[2026-09-01T20:30:23.472Z] NOT FOUND: LOCKOUT0 (nodeId: 33, conferenceId: 1)
[2026-09-01T20:30:23.482Z] NOT FOUND: LOCKOUT0 (nodeId: 33, conferenceId: 1)
[2026-09-01T20:30:23.488Z] NOT FOUND: LOCKOUT0 (nodeId: 33, conferenceId: 1)
[2026-09-01T20:30:23.489Z] NOT FOUND: LOCKOUT0 (nodeId: 34, conferenceId: 1)
[2026-09-01T20:30:23.495Z] NOT FOUND: LOCKOUT0 (nodeId: 34, conferenceId: 1)
[2026-09-01T20:30:23.499Z] NOT FOUND: LOCKOUT0 (nodeId: 34, conferenceId: 1)
[2026-09-01T20:30:23.506Z] NOT FOUND: LOCKOUT0 (nodeId: 34, conferenceId: 1)
[2026-09-01T20:30:23.519Z] NOT FOUND: LOCKOUT0 (nodeId: 34, conferenceId: 1)
[2026-09-01T20:30:23.520Z] NOT FOUND: LOCKOUT0 (nodeId: 35, conferenceId: 1)
[2026-09-01T20:30:23.524Z] NOT FOUND: LOCKOUT0 (nodeId: 35, conferenceId: 1)
[2026-09-01T20:30:23.527Z] NOT FOUND: LOCKOUT0 (nodeId: 35, conferenceId: 1)
[2026-09-01T20:30:23.539Z] NOT FOUND: LOCKOUT0 (nodeId: 35, conferenceId: 1)
[2026-09-01T20:30:23.551Z] NOT FOUND: LOCKOUT0 (nodeId: 35, conferenceId: 1)
[2026-09-01T20:30:23.552Z] NOT FOUND: LOCKOUT0 (nodeId: 36, conferenceId: 1)
[2026-09-01T20:30:23.556Z] NOT FOUND: LOCKOUT0 (nodeId: 36, conferenceId: 1)
[2026-09-01T20:30:23.561Z] NOT FOUND: LOCKOUT0 (nodeId: 36, conferenceId: 1)
[2026-09-01T20:30:23.571Z] NOT FOUND: LOCKOUT0 (nodeId: 36, conferenceId: 1)
[2026-09-01T20:30:23.584Z] NOT FOUND: LOCKOUT0 (nodeId: 36, conferenceId: 1)
[2026-09-01T20:30:23.585Z] NOT FOUND: LOCKOUT0 (nodeId: 37, conferenceId: 1)
[2026-09-01T20:30:23.590Z] NOT FOUND: LOCKOUT0 (nodeId: 37, conferenceId: 1)
[2026-09-01T20:30:23.598Z] NOT FOUND: LOCKOUT0 (nodeId: 37, conferenceId: 1)
[2026-09-01T20:30:23.603Z] NOT FOUND: LOCKOUT0 (nodeId: 37, conferenceId: 1)
[2026-09-01T20:30:23.613Z] NOT FOUND: LOCKOUT0 (nodeId: 37, conferenceId: 1)
[2026-09-01T20:30:23.614Z] NOT FOUND: LOCKOUT0 (nodeId: 38, conferenceId: 1)
[2026-09-01T20:30:23.619Z] NOT FOUND: LOCKOUT0 (nodeId: 38, conferenceId: 1)
[2026-09-01T20:30:23.623Z] NOT FOUND: LOCKOUT0 (nodeId: 38, conferenceId: 1)
[2026-09-01T20:30:23.628Z] NOT FOUND: LOCKOUT0 (nodeId: 38, conferenceId: 1)
[2026-09-01T20:30:23.638Z] NOT FOUND: LOCKOUT0 (nodeId: 38, conferenceId: 1)
[2026-09-01T20:30:23.639Z] NOT FOUND: LOCKOUT0 (nodeId: 39, conferenceId: 1)
[2026-09-01T20:30:23.644Z] NOT FOUND: LOCKOUT0 (nodeId: 39, conferenceId: 1)
[2026-09-01T20:30:23.648Z] NOT FOUND: LOCKOUT0 (nodeId: 39, conferenceId: 1)
[2026-09-01T20:30:23.653Z] NOT FOUND: LOCKOUT0 (nodeId: 39, conferenceId: 1)
[2026-09-01T20:30:23.663Z] NOT FOUND: LOCKOUT0 (nodeId: 39, conferenceId: 1)
[2026-09-01T20:30:23.664Z] NOT FOUND: LOCKOUT0 (nodeId: 40, conferenceId: 1)
[2026-09-01T20:30:23.674Z] NOT FOUND: LOCKOUT0 (nodeId: 40, conferenceId: 1)
[2026-09-01T20:30:23.677Z] NOT FOUND: LOCKOUT0 (nodeId: 40, conferenceId: 1)
[2026-09-01T20:30:23.685Z] NOT FOUND: LOCKOUT0 (nodeId: 40, conferenceId: 1)
[2026-09-01T20:30:23.706Z] NOT FOUND: LOCKOUT0 (nodeId: 40, conferenceId: 1)
[2026-09-01T20:30:23.707Z] NOT FOUND: LOCKOUT0 (nodeId: 45, conferenceId: 1)
[2026-09-01T20:30:23.712Z] NOT FOUND: LOCKOUT0 (nodeId: 45, conferenceId: 1)
[2026-09-01T20:30:23.716Z] NOT FOUND: LOCKOUT0 (nodeId: 45, conferenceId: 1)
[2026-09-01T20:30:23.723Z] NOT FOUND: LOCKOUT0 (nodeId: 45, conferenceId: 1)
[2026-09-01T20:30:23.736Z] NOT FOUND: LOCKOUT0 (nodeId: 45, conferenceId: 1)
[2026-09-01T20:30:23.743Z] NOT FOUND: LOCKOUT0 (nodeId: 97, conferenceId: 1)
[2026-09-01T20:30:23.750Z] NOT FOUND: LOCKOUT0 (nodeId: 97, conferenceId: 1)
[2026-09-01T20:30:23.755Z] NOT FOUND: LOCKOUT0 (nodeId: 97, conferenceId: 1)
[2026-09-01T20:30:23.764Z] NOT FOUND: LOCKOUT0 (nodeId: 97, conferenceId: 1)
[2026-09-01T20:30:23.777Z] NOT FOUND: LOCKOUT0 (nodeId: 97, conferenceId: 1)
[2026-09-01T20:30:23.777Z] NOT FOUND: LOCKOUT1 (nodeId: 0, conferenceId: 1)
[2026-09-01T20:30:23.781Z] NOT FOUND: LOCKOUT1 (nodeId: 0, conferenceId: 1)
[2026-09-01T20:30:23.785Z] NOT FOUND: LOCKOUT1 (nodeId: 0, conferenceId: 1)
[2026-09-01T20:30:23.794Z] NOT FOUND: LOCKOUT1 (nodeId: 0, conferenceId: 1)
[2026-09-01T20:30:23.806Z] NOT FOUND: LOCKOUT1 (nodeId: 0, conferenceId: 1)
[2026-09-01T20:30:23.807Z] NOT FOUND: LOCKOUT1 (nodeId: 1, conferenceId: 1)
[2026-09-01T20:30:23.810Z] NOT FOUND: LOCKOUT1 (nodeId: 1, conferenceId: 1)
[2026-09-01T20:30:23.816Z] NOT FOUND: LOCKOUT1 (nodeId: 1, conferenceId: 1)
[2026-09-01T20:30:23.823Z] NOT FOUND: LOCKOUT1 (nodeId: 1, conferenceId: 1)
[2026-09-01T20:30:23.834Z] NOT FOUND: LOCKOUT1 (nodeId: 1, conferenceId: 1)
[2026-09-01T20:30:23.835Z] NOT FOUND: LOCKOUT1 (nodeId: 2, conferenceId: 1)
[2026-09-01T20:30:23.838Z] NOT FOUND: LOCKOUT1 (nodeId: 2, conferenceId: 1)
[2026-09-01T20:30:23.842Z] NOT FOUND: LOCKOUT1 (nodeId: 2, conferenceId: 1)
[2026-09-01T20:30:23.849Z] NOT FOUND: LOCKOUT1 (nodeId: 2, conferenceId: 1)
[2026-09-01T20:30:23.860Z] NOT FOUND: LOCKOUT1 (nodeId: 2, conferenceId: 1)
[2026-09-01T20:30:23.861Z] NOT FOUND: LOCKOUT1 (nodeId: 3, conferenceId: 1)
[2026-09-01T20:30:23.867Z] NOT FOUND: LOCKOUT1 (nodeId: 3, conferenceId: 1)
[2026-09-01T20:30:23.871Z] NOT FOUND: LOCKOUT1 (nodeId: 3, conferenceId: 1)
[2026-09-01T20:30:23.880Z] NOT FOUND: LOCKOUT1 (nodeId: 3, conferenceId: 1)
[2026-09-01T20:30:23.895Z] NOT FOUND: LOCKOUT1 (nodeId: 3, conferenceId: 1)
[2026-09-01T20:30:23.896Z] NOT FOUND: LOCKOUT1 (nodeId: 4, conferenceId: 1)
[2026-09-01T20:30:23.900Z] NOT FOUND: LOCKOUT1 (nodeId: 4, conferenceId: 1)
[2026-09-01T20:30:23.904Z] NOT FOUND: LOCKOUT1 (nodeId: 4, conferenceId: 1)
[2026-09-01T20:30:23.910Z] NOT FOUND: LOCKOUT1 (nodeId: 4, conferenceId: 1)
[2026-09-01T20:30:23.919Z] NOT FOUND: LOCKOUT1 (nodeId: 4, conferenceId: 1)
[2026-09-01T20:30:23.920Z] NOT FOUND: LOCKOUT1 (nodeId: 5, conferenceId: 1)
[2026-09-01T20:30:23.923Z] NOT FOUND: LOCKOUT1 (nodeId: 5, conferenceId: 1)
[2026-09-01T20:30:23.927Z] NOT FOUND: LOCKOUT1 (nodeId: 5, conferenceId: 1)
[2026-09-01T20:30:23.936Z] NOT FOUND: LOCKOUT1 (nodeId: 5, conferenceId: 1)
[2026-09-01T20:30:23.948Z] NOT FOUND: LOCKOUT1 (nodeId: 5, conferenceId: 1)
[2026-09-01T20:30:23.949Z] NOT FOUND: LOCKOUT1 (nodeId: 6, conferenceId: 1)
[2026-09-01T20:30:23.953Z] NOT FOUND: LOCKOUT1 (nodeId: 6, conferenceId: 1)
[2026-09-01T20:30:23.962Z] NOT FOUND: LOCKOUT1 (nodeId: 6, conferenceId: 1)
[2026-09-01T20:30:23.970Z] NOT FOUND: LOCKOUT1 (nodeId: 6, conferenceId: 1)
[2026-09-01T20:30:23.982Z] NOT FOUND: LOCKOUT1 (nodeId: 6, conferenceId: 1)
[2026-09-01T20:30:23.983Z] NOT FOUND: LOCKOUT1 (nodeId: 7, conferenceId: 1)
[2026-09-01T20:30:23.989Z] NOT FOUND: LOCKOUT1 (nodeId: 7, conferenceId: 1)
[2026-09-01T20:30:23.993Z] NOT FOUND: LOCKOUT1 (nodeId: 7, conferenceId: 1)
[2026-09-01T20:30:24.003Z] NOT FOUND: LOCKOUT1 (nodeId: 7, conferenceId: 1)
[2026-09-01T20:30:24.021Z] NOT FOUND: LOCKOUT1 (nodeId: 7, conferenceId: 1)
[2026-09-01T20:30:24.022Z] NOT FOUND: LOCKOUT1 (nodeId: 8, conferenceId: 1)
[2026-09-01T20:30:24.026Z] NOT FOUND: LOCKOUT1 (nodeId: 8, conferenceId: 1)
[2026-09-01T20:30:24.032Z] NOT FOUND: LOCKOUT1 (nodeId: 8, conferenceId: 1)
[2026-09-01T20:30:24.039Z] NOT FOUND: LOCKOUT1 (nodeId: 8, conferenceId: 1)
[2026-09-01T20:30:24.054Z] NOT FOUND: LOCKOUT1 (nodeId: 8, conferenceId: 1)
[2026-09-01T20:30:24.055Z] NOT FOUND: LOCKOUT1 (nodeId: 9, conferenceId: 1)
[2026-09-01T20:30:24.061Z] NOT FOUND: LOCKOUT1 (nodeId: 9, conferenceId: 1)
[2026-09-01T20:30:24.071Z] NOT FOUND: LOCKOUT1 (nodeId: 9, conferenceId: 1)
[2026-09-01T20:30:24.078Z] NOT FOUND: LOCKOUT1 (nodeId: 9, conferenceId: 1)
[2026-09-01T20:30:24.091Z] NOT FOUND: LOCKOUT1 (nodeId: 9, conferenceId: 1)
[2026-09-01T20:30:24.092Z] NOT FOUND: LOCKOUT1 (nodeId: 10, conferenceId: 1)
[2026-09-01T20:30:24.098Z] NOT FOUND: LOCKOUT1 (nodeId: 10, conferenceId: 1)
[2026-09-01T20:30:24.102Z] NOT FOUND: LOCKOUT1 (nodeId: 10, conferenceId: 1)
[2026-09-01T20:30:24.112Z] NOT FOUND: LOCKOUT1 (nodeId: 10, conferenceId: 1)
[2026-09-01T20:30:24.122Z] NOT FOUND: LOCKOUT1 (nodeId: 10, conferenceId: 1)
[2026-09-01T20:30:24.123Z] NOT FOUND: LOCKOUT1 (nodeId: 11, conferenceId: 1)
[2026-09-01T20:30:24.127Z] NOT FOUND: LOCKOUT1 (nodeId: 11, conferenceId: 1)
[2026-09-01T20:30:24.131Z] NOT FOUND: LOCKOUT1 (nodeId: 11, conferenceId: 1)
[2026-09-01T20:30:24.139Z] NOT FOUND: LOCKOUT1 (nodeId: 11, conferenceId: 1)
[2026-09-01T20:30:24.152Z] NOT FOUND: LOCKOUT1 (nodeId: 11, conferenceId: 1)
[2026-09-01T20:30:24.153Z] NOT FOUND: LOCKOUT1 (nodeId: 12, conferenceId: 1)
[2026-09-01T20:30:24.157Z] NOT FOUND: LOCKOUT1 (nodeId: 12, conferenceId: 1)
[2026-09-01T20:30:24.161Z] NOT FOUND: LOCKOUT1 (nodeId: 12, conferenceId: 1)
[2026-09-01T20:30:24.170Z] NOT FOUND: LOCKOUT1 (nodeId: 12, conferenceId: 1)
[2026-09-01T20:30:24.181Z] NOT FOUND: LOCKOUT1 (nodeId: 12, conferenceId: 1)
[2026-09-01T20:30:24.182Z] NOT FOUND: LOCKOUT1 (nodeId: 13, conferenceId: 1)
[2026-09-01T20:30:24.185Z] NOT FOUND: LOCKOUT1 (nodeId: 13, conferenceId: 1)
[2026-09-01T20:30:24.189Z] NOT FOUND: LOCKOUT1 (nodeId: 13, conferenceId: 1)
[2026-09-01T20:30:24.196Z] NOT FOUND: LOCKOUT1 (nodeId: 13, conferenceId: 1)
[2026-09-01T20:30:24.212Z] NOT FOUND: LOCKOUT1 (nodeId: 13, conferenceId: 1)
[2026-09-01T20:30:24.213Z] NOT FOUND: LOCKOUT1 (nodeId: 14, conferenceId: 1)
[2026-09-01T20:30:24.219Z] NOT FOUND: LOCKOUT1 (nodeId: 14, conferenceId: 1)
[2026-09-01T20:30:24.223Z] NOT FOUND: LOCKOUT1 (nodeId: 14, conferenceId: 1)
[2026-09-01T20:30:24.232Z] NOT FOUND: LOCKOUT1 (nodeId: 14, conferenceId: 1)
[2026-09-01T20:30:24.251Z] NOT FOUND: LOCKOUT1 (nodeId: 14, conferenceId: 1)
[2026-09-01T20:30:24.252Z] NOT FOUND: LOCKOUT1 (nodeId: 15, conferenceId: 1)
[2026-09-01T20:30:24.256Z] NOT FOUND: LOCKOUT1 (nodeId: 15, conferenceId: 1)
[2026-09-01T20:30:24.260Z] NOT FOUND: LOCKOUT1 (nodeId: 15, conferenceId: 1)
[2026-09-01T20:30:24.271Z] NOT FOUND: LOCKOUT1 (nodeId: 15, conferenceId: 1)
[2026-09-01T20:30:24.281Z] NOT FOUND: LOCKOUT1 (nodeId: 15, conferenceId: 1)
[2026-09-01T20:30:24.282Z] NOT FOUND: LOCKOUT1 (nodeId: 16, conferenceId: 1)
[2026-09-01T20:30:24.286Z] NOT FOUND: LOCKOUT1 (nodeId: 16, conferenceId: 1)
[2026-09-01T20:30:24.290Z] NOT FOUND: LOCKOUT1 (nodeId: 16, conferenceId: 1)
[2026-09-01T20:30:24.301Z] NOT FOUND: LOCKOUT1 (nodeId: 16, conferenceId: 1)
[2026-09-01T20:30:24.309Z] NOT FOUND: LOCKOUT1 (nodeId: 16, conferenceId: 1)
[2026-09-01T20:30:24.310Z] NOT FOUND: LOCKOUT1 (nodeId: 17, conferenceId: 1)
[2026-09-01T20:30:24.314Z] NOT FOUND: LOCKOUT1 (nodeId: 17, conferenceId: 1)
[2026-09-01T20:30:24.318Z] NOT FOUND: LOCKOUT1 (nodeId: 17, conferenceId: 1)
[2026-09-01T20:30:24.327Z] NOT FOUND: LOCKOUT1 (nodeId: 17, conferenceId: 1)
[2026-09-01T20:30:24.335Z] NOT FOUND: LOCKOUT1 (nodeId: 17, conferenceId: 1)
[2026-09-01T20:30:24.336Z] NOT FOUND: LOCKOUT1 (nodeId: 18, conferenceId: 1)
[2026-09-01T20:30:24.339Z] NOT FOUND: LOCKOUT1 (nodeId: 18, conferenceId: 1)
[2026-09-01T20:30:24.347Z] NOT FOUND: LOCKOUT1 (nodeId: 18, conferenceId: 1)
[2026-09-01T20:30:24.353Z] NOT FOUND: LOCKOUT1 (nodeId: 18, conferenceId: 1)
[2026-09-01T20:30:24.363Z] NOT FOUND: LOCKOUT1 (nodeId: 18, conferenceId: 1)
[2026-09-01T20:30:24.364Z] NOT FOUND: LOCKOUT1 (nodeId: 19, conferenceId: 1)
[2026-09-01T20:30:24.369Z] NOT FOUND: LOCKOUT1 (nodeId: 19, conferenceId: 1)
[2026-09-01T20:30:24.373Z] NOT FOUND: LOCKOUT1 (nodeId: 19, conferenceId: 1)
[2026-09-01T20:30:24.379Z] NOT FOUND: LOCKOUT1 (nodeId: 19, conferenceId: 1)
[2026-09-01T20:30:24.387Z] NOT FOUND: LOCKOUT1 (nodeId: 19, conferenceId: 1)
[2026-09-01T20:30:24.388Z] NOT FOUND: LOCKOUT1 (nodeId: 20, conferenceId: 1)
[2026-09-01T20:30:24.394Z] NOT FOUND: LOCKOUT1 (nodeId: 20, conferenceId: 1)
[2026-09-01T20:30:24.399Z] NOT FOUND: LOCKOUT1 (nodeId: 20, conferenceId: 1)
[2026-09-01T20:30:24.409Z] NOT FOUND: LOCKOUT1 (nodeId: 20, conferenceId: 1)
[2026-09-01T20:30:24.422Z] NOT FOUND: LOCKOUT1 (nodeId: 20, conferenceId: 1)
[2026-09-01T20:30:24.423Z] NOT FOUND: LOCKOUT1 (nodeId: 21, conferenceId: 1)
[2026-09-01T20:30:24.428Z] NOT FOUND: LOCKOUT1 (nodeId: 21, conferenceId: 1)
[2026-09-01T20:30:24.433Z] NOT FOUND: LOCKOUT1 (nodeId: 21, conferenceId: 1)
[2026-09-01T20:30:24.441Z] NOT FOUND: LOCKOUT1 (nodeId: 21, conferenceId: 1)
[2026-09-01T20:30:24.448Z] NOT FOUND: LOCKOUT1 (nodeId: 21, conferenceId: 1)
[2026-09-01T20:30:24.449Z] NOT FOUND: LOCKOUT1 (nodeId: 22, conferenceId: 1)
[2026-09-01T20:30:24.452Z] NOT FOUND: LOCKOUT1 (nodeId: 22, conferenceId: 1)
[2026-09-01T20:30:24.460Z] NOT FOUND: LOCKOUT1 (nodeId: 22, conferenceId: 1)
[2026-09-01T20:30:24.465Z] NOT FOUND: LOCKOUT1 (nodeId: 22, conferenceId: 1)
[2026-09-01T20:30:24.477Z] NOT FOUND: LOCKOUT1 (nodeId: 22, conferenceId: 1)
[2026-09-01T20:30:24.478Z] NOT FOUND: LOCKOUT1 (nodeId: 23, conferenceId: 1)
[2026-09-01T20:30:24.481Z] NOT FOUND: LOCKOUT1 (nodeId: 23, conferenceId: 1)
[2026-09-01T20:30:24.499Z] NOT FOUND: LOCKOUT1 (nodeId: 23, conferenceId: 1)
[2026-09-01T20:30:24.508Z] NOT FOUND: LOCKOUT1 (nodeId: 23, conferenceId: 1)
[2026-09-01T20:30:24.517Z] NOT FOUND: LOCKOUT1 (nodeId: 23, conferenceId: 1)
[2026-09-01T20:30:24.518Z] NOT FOUND: LOCKOUT1 (nodeId: 24, conferenceId: 1)
[2026-09-01T20:30:24.524Z] NOT FOUND: LOCKOUT1 (nodeId: 24, conferenceId: 1)
[2026-09-01T20:30:24.533Z] NOT FOUND: LOCKOUT1 (nodeId: 24, conferenceId: 1)
[2026-09-01T20:30:24.544Z] NOT FOUND: LOCKOUT1 (nodeId: 24, conferenceId: 1)
[2026-09-01T20:30:24.553Z] NOT FOUND: LOCKOUT1 (nodeId: 24, conferenceId: 1)
[2026-09-01T20:30:24.554Z] NOT FOUND: LOCKOUT1 (nodeId: 25, conferenceId: 1)
[2026-09-01T20:30:24.559Z] NOT FOUND: LOCKOUT1 (nodeId: 25, conferenceId: 1)
[2026-09-01T20:30:24.563Z] NOT FOUND: LOCKOUT1 (nodeId: 25, conferenceId: 1)
[2026-09-01T20:30:24.573Z] NOT FOUND: LOCKOUT1 (nodeId: 25, conferenceId: 1)
[2026-09-01T20:30:24.584Z] NOT FOUND: LOCKOUT1 (nodeId: 25, conferenceId: 1)
[2026-09-01T20:30:24.585Z] NOT FOUND: LOCKOUT1 (nodeId: 26, conferenceId: 1)
[2026-09-01T20:30:24.589Z] NOT FOUND: LOCKOUT1 (nodeId: 26, conferenceId: 1)
[2026-09-01T20:30:24.594Z] NOT FOUND: LOCKOUT1 (nodeId: 26, conferenceId: 1)
[2026-09-01T20:30:24.605Z] NOT FOUND: LOCKOUT1 (nodeId: 26, conferenceId: 1)
[2026-09-01T20:30:24.616Z] NOT FOUND: LOCKOUT1 (nodeId: 26, conferenceId: 1)
[2026-09-01T20:30:24.617Z] NOT FOUND: LOCKOUT1 (nodeId: 27, conferenceId: 1)
[2026-09-01T20:30:24.620Z] NOT FOUND: LOCKOUT1 (nodeId: 27, conferenceId: 1)
[2026-09-01T20:30:24.626Z] NOT FOUND: LOCKOUT1 (nodeId: 27, conferenceId: 1)
[2026-09-01T20:30:24.632Z] NOT FOUND: LOCKOUT1 (nodeId: 27, conferenceId: 1)
[2026-09-01T20:30:24.643Z] NOT FOUND: LOCKOUT1 (nodeId: 27, conferenceId: 1)
[2026-09-01T20:30:24.644Z] NOT FOUND: LOCKOUT1 (nodeId: 28, conferenceId: 1)
[2026-09-01T20:30:24.649Z] NOT FOUND: LOCKOUT1 (nodeId: 28, conferenceId: 1)
[2026-09-01T20:30:24.653Z] NOT FOUND: LOCKOUT1 (nodeId: 28, conferenceId: 1)
[2026-09-01T20:30:24.662Z] NOT FOUND: LOCKOUT1 (nodeId: 28, conferenceId: 1)
[2026-09-01T20:30:24.680Z] NOT FOUND: LOCKOUT1 (nodeId: 28, conferenceId: 1)
[2026-09-01T20:30:24.681Z] NOT FOUND: LOCKOUT1 (nodeId: 29, conferenceId: 1)
[2026-09-01T20:30:24.685Z] NOT FOUND: LOCKOUT1 (nodeId: 29, conferenceId: 1)
[2026-09-01T20:30:24.688Z] NOT FOUND: LOCKOUT1 (nodeId: 29, conferenceId: 1)
[2026-09-01T20:30:24.699Z] NOT FOUND: LOCKOUT1 (nodeId: 29, conferenceId: 1)
[2026-09-01T20:30:24.711Z] NOT FOUND: LOCKOUT1 (nodeId: 29, conferenceId: 1)
[2026-09-01T20:30:24.712Z] NOT FOUND: LOCKOUT1 (nodeId: 30, conferenceId: 1)
[2026-09-01T20:30:24.716Z] NOT FOUND: LOCKOUT1 (nodeId: 30, conferenceId: 1)
[2026-09-01T20:30:24.720Z] NOT FOUND: LOCKOUT1 (nodeId: 30, conferenceId: 1)
[2026-09-01T20:30:24.731Z] NOT FOUND: LOCKOUT1 (nodeId: 30, conferenceId: 1)
[2026-09-01T20:30:24.742Z] NOT FOUND: LOCKOUT1 (nodeId: 30, conferenceId: 1)
[2026-09-01T20:30:24.743Z] NOT FOUND: LOCKOUT1 (nodeId: 31, conferenceId: 1)
[2026-09-01T20:30:24.746Z] NOT FOUND: LOCKOUT1 (nodeId: 31, conferenceId: 1)
[2026-09-01T20:30:24.752Z] NOT FOUND: LOCKOUT1 (nodeId: 31, conferenceId: 1)
[2026-09-01T20:30:24.758Z] NOT FOUND: LOCKOUT1 (nodeId: 31, conferenceId: 1)
[2026-09-01T20:30:24.765Z] NOT FOUND: LOCKOUT1 (nodeId: 31, conferenceId: 1)
[2026-09-01T20:30:24.765Z] NOT FOUND: LOCKOUT1 (nodeId: 32, conferenceId: 1)
[2026-09-01T20:30:24.771Z] NOT FOUND: LOCKOUT1 (nodeId: 32, conferenceId: 1)
[2026-09-01T20:30:24.776Z] NOT FOUND: LOCKOUT1 (nodeId: 32, conferenceId: 1)
[2026-09-01T20:30:24.782Z] NOT FOUND: LOCKOUT1 (nodeId: 32, conferenceId: 1)
[2026-09-01T20:30:24.792Z] NOT FOUND: LOCKOUT1 (nodeId: 32, conferenceId: 1)
[2026-09-01T20:30:24.792Z] NOT FOUND: LOCKOUT1 (nodeId: 33, conferenceId: 1)
[2026-09-01T20:30:24.797Z] NOT FOUND: LOCKOUT1 (nodeId: 33, conferenceId: 1)
[2026-09-01T20:30:24.801Z] NOT FOUND: LOCKOUT1 (nodeId: 33, conferenceId: 1)
[2026-09-01T20:30:24.809Z] NOT FOUND: LOCKOUT1 (nodeId: 33, conferenceId: 1)
[2026-09-01T20:30:24.821Z] NOT FOUND: LOCKOUT1 (nodeId: 33, conferenceId: 1)
[2026-09-01T20:30:24.821Z] NOT FOUND: LOCKOUT1 (nodeId: 34, conferenceId: 1)
[2026-09-01T20:30:24.827Z] NOT FOUND: LOCKOUT1 (nodeId: 34, conferenceId: 1)
[2026-09-01T20:30:24.831Z] NOT FOUND: LOCKOUT1 (nodeId: 34, conferenceId: 1)
[2026-09-01T20:30:24.841Z] NOT FOUND: LOCKOUT1 (nodeId: 34, conferenceId: 1)
[2026-09-01T20:30:24.852Z] NOT FOUND: LOCKOUT1 (nodeId: 34, conferenceId: 1)
[2026-09-01T20:30:24.852Z] NOT FOUND: LOCKOUT1 (nodeId: 35, conferenceId: 1)
[2026-09-01T20:30:24.856Z] NOT FOUND: LOCKOUT1 (nodeId: 35, conferenceId: 1)
[2026-09-01T20:30:24.863Z] NOT FOUND: LOCKOUT1 (nodeId: 35, conferenceId: 1)
[2026-09-01T20:30:24.872Z] NOT FOUND: LOCKOUT1 (nodeId: 35, conferenceId: 1)
[2026-09-01T20:30:24.885Z] NOT FOUND: LOCKOUT1 (nodeId: 35, conferenceId: 1)
[2026-09-01T20:30:24.886Z] NOT FOUND: LOCKOUT1 (nodeId: 36, conferenceId: 1)
[2026-09-01T20:30:24.890Z] NOT FOUND: LOCKOUT1 (nodeId: 36, conferenceId: 1)
[2026-09-01T20:30:24.897Z] NOT FOUND: LOCKOUT1 (nodeId: 36, conferenceId: 1)
[2026-09-01T20:30:24.903Z] NOT FOUND: LOCKOUT1 (nodeId: 36, conferenceId: 1)
[2026-09-01T20:30:24.914Z] NOT FOUND: LOCKOUT1 (nodeId: 36, conferenceId: 1)
[2026-09-01T20:30:24.914Z] NOT FOUND: LOCKOUT1 (nodeId: 37, conferenceId: 1)
[2026-09-01T20:30:24.918Z] NOT FOUND: LOCKOUT1 (nodeId: 37, conferenceId: 1)
[2026-09-01T20:30:24.923Z] NOT FOUND: LOCKOUT1 (nodeId: 37, conferenceId: 1)
[2026-09-01T20:30:24.928Z] NOT FOUND: LOCKOUT1 (nodeId: 37, conferenceId: 1)
[2026-09-01T20:30:24.939Z] NOT FOUND: LOCKOUT1 (nodeId: 37, conferenceId: 1)
[2026-09-01T20:30:24.940Z] NOT FOUND: LOCKOUT1 (nodeId: 38, conferenceId: 1)
[2026-09-01T20:30:24.943Z] NOT FOUND: LOCKOUT1 (nodeId: 38, conferenceId: 1)
[2026-09-01T20:30:24.947Z] NOT FOUND: LOCKOUT1 (nodeId: 38, conferenceId: 1)
[2026-09-01T20:30:24.958Z] NOT FOUND: LOCKOUT1 (nodeId: 38, conferenceId: 1)
[2026-09-01T20:30:24.971Z] NOT FOUND: LOCKOUT1 (nodeId: 38, conferenceId: 1)
[2026-09-01T20:30:24.972Z] NOT FOUND: LOCKOUT1 (nodeId: 39, conferenceId: 1)
[2026-09-01T20:30:24.976Z] NOT FOUND: LOCKOUT1 (nodeId: 39, conferenceId: 1)
[2026-09-01T20:30:24.982Z] NOT FOUND: LOCKOUT1 (nodeId: 39, conferenceId: 1)
[2026-09-01T20:30:24.991Z] NOT FOUND: LOCKOUT1 (nodeId: 39, conferenceId: 1)
[2026-09-01T20:30:25.003Z] NOT FOUND: LOCKOUT1 (nodeId: 39, conferenceId: 1)
[2026-09-01T20:30:25.004Z] NOT FOUND: LOCKOUT1 (nodeId: 40, conferenceId: 1)
[2026-09-01T20:30:25.009Z] NOT FOUND: LOCKOUT1 (nodeId: 40, conferenceId: 1)
[2026-09-01T20:30:25.014Z] NOT FOUND: LOCKOUT1 (nodeId: 40, conferenceId: 1)
[2026-09-01T20:30:25.026Z] NOT FOUND: LOCKOUT1 (nodeId: 40, conferenceId: 1)
[2026-09-01T20:30:25.035Z] NOT FOUND: LOCKOUT1 (nodeId: 40, conferenceId: 1)
[2026-09-01T20:30:25.036Z] NOT FOUND: LOCKOUT1 (nodeId: 45, conferenceId: 1)
[2026-09-01T20:30:25.039Z] NOT FOUND: LOCKOUT1 (nodeId: 45, conferenceId: 1)
[2026-09-01T20:30:25.046Z] NOT FOUND: LOCKOUT1 (nodeId: 45, conferenceId: 1)
[2026-09-01T20:30:25.053Z] NOT FOUND: LOCKOUT1 (nodeId: 45, conferenceId: 1)
[2026-09-01T20:30:25.061Z] NOT FOUND: LOCKOUT1 (nodeId: 45, conferenceId: 1)
[2026-09-01T20:30:25.062Z] NOT FOUND: LOCKOUT1 (nodeId: 97, conferenceId: 1)
[2026-09-01T20:30:25.065Z] NOT FOUND: LOCKOUT1 (nodeId: 97, conferenceId: 1)
[2026-09-01T20:30:25.070Z] NOT FOUND: LOCKOUT1 (nodeId: 97, conferenceId: 1)
[2026-09-01T20:30:25.077Z] NOT FOUND: LOCKOUT1 (nodeId: 97, conferenceId: 1)
[2026-09-01T20:30:25.095Z] NOT FOUND: LOCKOUT1 (nodeId: 97, conferenceId: 1)
[2026-09-01T20:30:25.097Z] NOT FOUND: PRIVATE (nodeId: 0, conferenceId: 1)
[2026-09-01T20:30:25.101Z] NOT FOUND: PRIVATE (nodeId: 0, conferenceId: 1)
[2026-09-01T20:30:25.107Z] NOT FOUND: PRIVATE (nodeId: 0, conferenceId: 1)
[2026-09-01T20:30:25.114Z] NOT FOUND: PRIVATE (nodeId: 0, conferenceId: 1)
[2026-09-01T20:30:25.121Z] NOT FOUND: PRIVATE (nodeId: 0, conferenceId: 1)
[2026-09-01T20:30:25.122Z] NOT FOUND: PRIVATE (nodeId: 1, conferenceId: 1)
[2026-09-01T20:30:25.125Z] NOT FOUND: PRIVATE (nodeId: 1, conferenceId: 1)
[2026-09-01T20:30:25.130Z] NOT FOUND: PRIVATE (nodeId: 1, conferenceId: 1)
[2026-09-01T20:30:25.138Z] NOT FOUND: PRIVATE (nodeId: 1, conferenceId: 1)
[2026-09-01T20:30:25.149Z] NOT FOUND: PRIVATE (nodeId: 1, conferenceId: 1)
[2026-09-01T20:30:25.150Z] NOT FOUND: PRIVATE (nodeId: 2, conferenceId: 1)
[2026-09-01T20:30:25.154Z] NOT FOUND: PRIVATE (nodeId: 2, conferenceId: 1)
[2026-09-01T20:30:25.162Z] NOT FOUND: PRIVATE (nodeId: 2, conferenceId: 1)
[2026-09-01T20:30:25.171Z] NOT FOUND: PRIVATE (nodeId: 2, conferenceId: 1)
[2026-09-01T20:30:25.180Z] NOT FOUND: PRIVATE (nodeId: 2, conferenceId: 1)
[2026-09-01T20:30:25.181Z] NOT FOUND: PRIVATE (nodeId: 3, conferenceId: 1)
[2026-09-01T20:30:25.186Z] NOT FOUND: PRIVATE (nodeId: 3, conferenceId: 1)
[2026-09-01T20:30:25.189Z] NOT FOUND: PRIVATE (nodeId: 3, conferenceId: 1)
[2026-09-01T20:30:25.200Z] NOT FOUND: PRIVATE (nodeId: 3, conferenceId: 1)
[2026-09-01T20:30:25.212Z] NOT FOUND: PRIVATE (nodeId: 3, conferenceId: 1)
[2026-09-01T20:30:25.213Z] NOT FOUND: PRIVATE (nodeId: 4, conferenceId: 1)
[2026-09-01T20:30:25.216Z] NOT FOUND: PRIVATE (nodeId: 4, conferenceId: 1)
[2026-09-01T20:30:25.220Z] NOT FOUND: PRIVATE (nodeId: 4, conferenceId: 1)
[2026-09-01T20:30:25.226Z] NOT FOUND: PRIVATE (nodeId: 4, conferenceId: 1)
[2026-09-01T20:30:25.239Z] NOT FOUND: PRIVATE (nodeId: 4, conferenceId: 1)
[2026-09-01T20:30:25.239Z] NOT FOUND: PRIVATE (nodeId: 5, conferenceId: 1)
[2026-09-01T20:30:25.245Z] NOT FOUND: PRIVATE (nodeId: 5, conferenceId: 1)
[2026-09-01T20:30:25.250Z] NOT FOUND: PRIVATE (nodeId: 5, conferenceId: 1)
[2026-09-01T20:30:25.257Z] NOT FOUND: PRIVATE (nodeId: 5, conferenceId: 1)
[2026-09-01T20:30:25.266Z] NOT FOUND: PRIVATE (nodeId: 5, conferenceId: 1)
[2026-09-01T20:30:25.267Z] NOT FOUND: PRIVATE (nodeId: 6, conferenceId: 1)
[2026-09-01T20:30:25.270Z] NOT FOUND: PRIVATE (nodeId: 6, conferenceId: 1)
[2026-09-01T20:30:25.274Z] NOT FOUND: PRIVATE (nodeId: 6, conferenceId: 1)
[2026-09-01T20:30:25.284Z] NOT FOUND: PRIVATE (nodeId: 6, conferenceId: 1)
[2026-09-01T20:30:25.296Z] NOT FOUND: PRIVATE (nodeId: 6, conferenceId: 1)
[2026-09-01T20:30:25.297Z] NOT FOUND: PRIVATE (nodeId: 7, conferenceId: 1)
[2026-09-01T20:30:25.300Z] NOT FOUND: PRIVATE (nodeId: 7, conferenceId: 1)
[2026-09-01T20:30:25.306Z] NOT FOUND: PRIVATE (nodeId: 7, conferenceId: 1)
[2026-09-01T20:30:25.312Z] NOT FOUND: PRIVATE (nodeId: 7, conferenceId: 1)
[2026-09-01T20:30:25.324Z] NOT FOUND: PRIVATE (nodeId: 7, conferenceId: 1)
[2026-09-01T20:30:25.325Z] NOT FOUND: PRIVATE (nodeId: 8, conferenceId: 1)
[2026-09-01T20:30:25.331Z] NOT FOUND: PRIVATE (nodeId: 8, conferenceId: 1)
[2026-09-01T20:30:25.335Z] NOT FOUND: PRIVATE (nodeId: 8, conferenceId: 1)
[2026-09-01T20:30:25.343Z] NOT FOUND: PRIVATE (nodeId: 8, conferenceId: 1)
[2026-09-01T20:30:25.359Z] NOT FOUND: PRIVATE (nodeId: 8, conferenceId: 1)
[2026-09-01T20:30:25.360Z] NOT FOUND: PRIVATE (nodeId: 9, conferenceId: 1)
[2026-09-01T20:30:25.364Z] NOT FOUND: PRIVATE (nodeId: 9, conferenceId: 1)
[2026-09-01T20:30:25.368Z] NOT FOUND: PRIVATE (nodeId: 9, conferenceId: 1)
[2026-09-01T20:30:25.381Z] NOT FOUND: PRIVATE (nodeId: 9, conferenceId: 1)
[2026-09-01T20:30:25.388Z] NOT FOUND: PRIVATE (nodeId: 9, conferenceId: 1)
[2026-09-01T20:30:25.389Z] NOT FOUND: PRIVATE (nodeId: 10, conferenceId: 1)
[2026-09-01T20:30:25.393Z] NOT FOUND: PRIVATE (nodeId: 10, conferenceId: 1)
[2026-09-01T20:30:25.401Z] NOT FOUND: PRIVATE (nodeId: 10, conferenceId: 1)
[2026-09-01T20:30:25.406Z] NOT FOUND: PRIVATE (nodeId: 10, conferenceId: 1)
[2026-09-01T20:30:25.414Z] NOT FOUND: PRIVATE (nodeId: 10, conferenceId: 1)
[2026-09-01T20:30:25.415Z] NOT FOUND: PRIVATE (nodeId: 11, conferenceId: 1)
[2026-09-01T20:30:25.421Z] NOT FOUND: PRIVATE (nodeId: 11, conferenceId: 1)
[2026-09-01T20:30:25.424Z] NOT FOUND: PRIVATE (nodeId: 11, conferenceId: 1)
[2026-09-01T20:30:25.432Z] NOT FOUND: PRIVATE (nodeId: 11, conferenceId: 1)
[2026-09-01T20:30:25.443Z] NOT FOUND: PRIVATE (nodeId: 11, conferenceId: 1)
[2026-09-01T20:30:25.444Z] NOT FOUND: PRIVATE (nodeId: 12, conferenceId: 1)
[2026-09-01T20:30:25.448Z] NOT FOUND: PRIVATE (nodeId: 12, conferenceId: 1)
[2026-09-01T20:30:25.452Z] NOT FOUND: PRIVATE (nodeId: 12, conferenceId: 1)
[2026-09-01T20:30:25.458Z] NOT FOUND: PRIVATE (nodeId: 12, conferenceId: 1)
[2026-09-01T20:30:25.472Z] NOT FOUND: PRIVATE (nodeId: 12, conferenceId: 1)
[2026-09-01T20:30:25.473Z] NOT FOUND: PRIVATE (nodeId: 13, conferenceId: 1)
[2026-09-01T20:30:25.477Z] NOT FOUND: PRIVATE (nodeId: 13, conferenceId: 1)
[2026-09-01T20:30:25.486Z] NOT FOUND: PRIVATE (nodeId: 13, conferenceId: 1)
[2026-09-01T20:30:25.495Z] NOT FOUND: PRIVATE (nodeId: 13, conferenceId: 1)
[2026-09-01T20:30:25.505Z] NOT FOUND: PRIVATE (nodeId: 13, conferenceId: 1)
[2026-09-01T20:30:25.505Z] NOT FOUND: PRIVATE (nodeId: 14, conferenceId: 1)
[2026-09-01T20:30:25.510Z] NOT FOUND: PRIVATE (nodeId: 14, conferenceId: 1)
[2026-09-01T20:30:25.515Z] NOT FOUND: PRIVATE (nodeId: 14, conferenceId: 1)
[2026-09-01T20:30:25.521Z] NOT FOUND: PRIVATE (nodeId: 14, conferenceId: 1)
[2026-09-01T20:30:25.527Z] NOT FOUND: PRIVATE (nodeId: 14, conferenceId: 1)
[2026-09-01T20:30:25.528Z] NOT FOUND: PRIVATE (nodeId: 15, conferenceId: 1)
[2026-09-01T20:30:25.535Z] NOT FOUND: PRIVATE (nodeId: 15, conferenceId: 1)
[2026-09-01T20:30:25.539Z] NOT FOUND: PRIVATE (nodeId: 15, conferenceId: 1)
[2026-09-01T20:30:25.546Z] NOT FOUND: PRIVATE (nodeId: 15, conferenceId: 1)
[2026-09-01T20:30:25.561Z] NOT FOUND: PRIVATE (nodeId: 15, conferenceId: 1)
[2026-09-01T20:30:25.561Z] NOT FOUND: PRIVATE (nodeId: 16, conferenceId: 1)
[2026-09-01T20:30:25.565Z] NOT FOUND: PRIVATE (nodeId: 16, conferenceId: 1)
[2026-09-01T20:30:25.569Z] NOT FOUND: PRIVATE (nodeId: 16, conferenceId: 1)
[2026-09-01T20:30:25.580Z] NOT FOUND: PRIVATE (nodeId: 16, conferenceId: 1)
[2026-09-01T20:30:25.589Z] NOT FOUND: PRIVATE (nodeId: 16, conferenceId: 1)
[2026-09-01T20:30:25.590Z] NOT FOUND: PRIVATE (nodeId: 17, conferenceId: 1)
[2026-09-01T20:30:25.594Z] NOT FOUND: PRIVATE (nodeId: 17, conferenceId: 1)
[2026-09-01T20:30:25.602Z] NOT FOUND: PRIVATE (nodeId: 17, conferenceId: 1)
[2026-09-01T20:30:25.608Z] NOT FOUND: PRIVATE (nodeId: 17, conferenceId: 1)
[2026-09-01T20:30:25.619Z] NOT FOUND: PRIVATE (nodeId: 17, conferenceId: 1)
[2026-09-01T20:30:25.620Z] NOT FOUND: PRIVATE (nodeId: 18, conferenceId: 1)
[2026-09-01T20:30:25.625Z] NOT FOUND: PRIVATE (nodeId: 18, conferenceId: 1)
[2026-09-01T20:30:25.629Z] NOT FOUND: PRIVATE (nodeId: 18, conferenceId: 1)
[2026-09-01T20:30:25.635Z] NOT FOUND: PRIVATE (nodeId: 18, conferenceId: 1)
[2026-09-01T20:30:25.646Z] NOT FOUND: PRIVATE (nodeId: 18, conferenceId: 1)
[2026-09-01T20:30:25.647Z] NOT FOUND: PRIVATE (nodeId: 19, conferenceId: 1)
[2026-09-01T20:30:25.651Z] NOT FOUND: PRIVATE (nodeId: 19, conferenceId: 1)
[2026-09-01T20:30:25.655Z] NOT FOUND: PRIVATE (nodeId: 19, conferenceId: 1)
[2026-09-01T20:30:25.661Z] NOT FOUND: PRIVATE (nodeId: 19, conferenceId: 1)
[2026-09-01T20:30:25.670Z] NOT FOUND: PRIVATE (nodeId: 19, conferenceId: 1)
[2026-09-01T20:30:25.671Z] NOT FOUND: PRIVATE (nodeId: 20, conferenceId: 1)
[2026-09-01T20:30:25.675Z] NOT FOUND: PRIVATE (nodeId: 20, conferenceId: 1)
[2026-09-01T20:30:25.683Z] NOT FOUND: PRIVATE (nodeId: 20, conferenceId: 1)
[2026-09-01T20:30:25.690Z] NOT FOUND: PRIVATE (nodeId: 20, conferenceId: 1)
[2026-09-01T20:30:25.701Z] NOT FOUND: PRIVATE (nodeId: 20, conferenceId: 1)
[2026-09-01T20:30:25.702Z] NOT FOUND: PRIVATE (nodeId: 21, conferenceId: 1)
[2026-09-01T20:30:25.707Z] NOT FOUND: PRIVATE (nodeId: 21, conferenceId: 1)
[2026-09-01T20:30:25.710Z] NOT FOUND: PRIVATE (nodeId: 21, conferenceId: 1)
[2026-09-01T20:30:25.716Z] NOT FOUND: PRIVATE (nodeId: 21, conferenceId: 1)
[2026-09-01T20:30:25.727Z] NOT FOUND: PRIVATE (nodeId: 21, conferenceId: 1)
[2026-09-01T20:30:25.728Z] NOT FOUND: PRIVATE (nodeId: 22, conferenceId: 1)
[2026-09-01T20:30:25.731Z] NOT FOUND: PRIVATE (nodeId: 22, conferenceId: 1)
[2026-09-01T20:30:25.735Z] NOT FOUND: PRIVATE (nodeId: 22, conferenceId: 1)
[2026-09-01T20:30:25.747Z] NOT FOUND: PRIVATE (nodeId: 22, conferenceId: 1)
[2026-09-01T20:30:25.758Z] NOT FOUND: PRIVATE (nodeId: 22, conferenceId: 1)
[2026-09-01T20:30:25.759Z] NOT FOUND: PRIVATE (nodeId: 23, conferenceId: 1)
[2026-09-01T20:30:25.762Z] NOT FOUND: PRIVATE (nodeId: 23, conferenceId: 1)
[2026-09-01T20:30:25.767Z] NOT FOUND: PRIVATE (nodeId: 23, conferenceId: 1)
[2026-09-01T20:30:25.777Z] NOT FOUND: PRIVATE (nodeId: 23, conferenceId: 1)
[2026-09-01T20:30:25.787Z] NOT FOUND: PRIVATE (nodeId: 23, conferenceId: 1)
[2026-09-01T20:30:25.788Z] NOT FOUND: PRIVATE (nodeId: 24, conferenceId: 1)
[2026-09-01T20:30:25.791Z] NOT FOUND: PRIVATE (nodeId: 24, conferenceId: 1)
[2026-09-01T20:30:25.799Z] NOT FOUND: PRIVATE (nodeId: 24, conferenceId: 1)
[2026-09-01T20:30:25.806Z] NOT FOUND: PRIVATE (nodeId: 24, conferenceId: 1)
[2026-09-01T20:30:25.816Z] NOT FOUND: PRIVATE (nodeId: 24, conferenceId: 1)
[2026-09-01T20:30:25.817Z] NOT FOUND: PRIVATE (nodeId: 25, conferenceId: 1)
[2026-09-01T20:30:25.821Z] NOT FOUND: PRIVATE (nodeId: 25, conferenceId: 1)
[2026-09-01T20:30:25.827Z] NOT FOUND: PRIVATE (nodeId: 25, conferenceId: 1)
[2026-09-01T20:30:25.832Z] NOT FOUND: PRIVATE (nodeId: 25, conferenceId: 1)
[2026-09-01T20:30:25.841Z] NOT FOUND: PRIVATE (nodeId: 25, conferenceId: 1)
[2026-09-01T20:30:25.842Z] NOT FOUND: PRIVATE (nodeId: 26, conferenceId: 1)
[2026-09-01T20:30:25.845Z] NOT FOUND: PRIVATE (nodeId: 26, conferenceId: 1)
[2026-09-01T20:30:25.850Z] NOT FOUND: PRIVATE (nodeId: 26, conferenceId: 1)
[2026-09-01T20:30:25.857Z] NOT FOUND: PRIVATE (nodeId: 26, conferenceId: 1)
[2026-09-01T20:30:25.869Z] NOT FOUND: PRIVATE (nodeId: 26, conferenceId: 1)
[2026-09-01T20:30:25.870Z] NOT FOUND: PRIVATE (nodeId: 27, conferenceId: 1)
[2026-09-01T20:30:25.876Z] NOT FOUND: PRIVATE (nodeId: 27, conferenceId: 1)
[2026-09-01T20:30:25.880Z] NOT FOUND: PRIVATE (nodeId: 27, conferenceId: 1)
[2026-09-01T20:30:25.889Z] NOT FOUND: PRIVATE (nodeId: 27, conferenceId: 1)
[2026-09-01T20:30:25.900Z] NOT FOUND: PRIVATE (nodeId: 27, conferenceId: 1)
[2026-09-01T20:30:25.901Z] NOT FOUND: PRIVATE (nodeId: 28, conferenceId: 1)
[2026-09-01T20:30:25.904Z] NOT FOUND: PRIVATE (nodeId: 28, conferenceId: 1)
[2026-09-01T20:30:25.907Z] NOT FOUND: PRIVATE (nodeId: 28, conferenceId: 1)
[2026-09-01T20:30:25.914Z] NOT FOUND: PRIVATE (nodeId: 28, conferenceId: 1)
[2026-09-01T20:30:25.924Z] NOT FOUND: PRIVATE (nodeId: 28, conferenceId: 1)
[2026-09-01T20:30:25.925Z] NOT FOUND: PRIVATE (nodeId: 29, conferenceId: 1)
[2026-09-01T20:30:25.928Z] NOT FOUND: PRIVATE (nodeId: 29, conferenceId: 1)
[2026-09-01T20:30:25.932Z] NOT FOUND: PRIVATE (nodeId: 29, conferenceId: 1)
[2026-09-01T20:30:25.942Z] NOT FOUND: PRIVATE (nodeId: 29, conferenceId: 1)
[2026-09-01T20:30:25.949Z] NOT FOUND: PRIVATE (nodeId: 29, conferenceId: 1)
[2026-09-01T20:30:25.950Z] NOT FOUND: PRIVATE (nodeId: 30, conferenceId: 1)
[2026-09-01T20:30:25.956Z] NOT FOUND: PRIVATE (nodeId: 30, conferenceId: 1)
[2026-09-01T20:30:25.960Z] NOT FOUND: PRIVATE (nodeId: 30, conferenceId: 1)
[2026-09-01T20:30:25.967Z] NOT FOUND: PRIVATE (nodeId: 30, conferenceId: 1)
[2026-09-01T20:30:25.978Z] NOT FOUND: PRIVATE (nodeId: 30, conferenceId: 1)
[2026-09-01T20:30:25.979Z] NOT FOUND: PRIVATE (nodeId: 31, conferenceId: 1)
[2026-09-01T20:30:25.982Z] NOT FOUND: PRIVATE (nodeId: 31, conferenceId: 1)
[2026-09-01T20:30:25.990Z] NOT FOUND: PRIVATE (nodeId: 31, conferenceId: 1)
[2026-09-01T20:30:25.996Z] NOT FOUND: PRIVATE (nodeId: 31, conferenceId: 1)
[2026-09-01T20:30:26.006Z] NOT FOUND: PRIVATE (nodeId: 31, conferenceId: 1)
[2026-09-01T20:30:26.007Z] NOT FOUND: PRIVATE (nodeId: 32, conferenceId: 1)
[2026-09-01T20:30:26.012Z] NOT FOUND: PRIVATE (nodeId: 32, conferenceId: 1)
[2026-09-01T20:30:26.016Z] NOT FOUND: PRIVATE (nodeId: 32, conferenceId: 1)
[2026-09-01T20:30:26.026Z] NOT FOUND: PRIVATE (nodeId: 32, conferenceId: 1)
[2026-09-01T20:30:26.036Z] NOT FOUND: PRIVATE (nodeId: 32, conferenceId: 1)
[2026-09-01T20:30:26.037Z] NOT FOUND: PRIVATE (nodeId: 33, conferenceId: 1)
[2026-09-01T20:30:26.040Z] NOT FOUND: PRIVATE (nodeId: 33, conferenceId: 1)
[2026-09-01T20:30:26.047Z] NOT FOUND: PRIVATE (nodeId: 33, conferenceId: 1)
[2026-09-01T20:30:26.053Z] NOT FOUND: PRIVATE (nodeId: 33, conferenceId: 1)
[2026-09-01T20:30:26.063Z] NOT FOUND: PRIVATE (nodeId: 33, conferenceId: 1)
[2026-09-01T20:30:26.064Z] NOT FOUND: PRIVATE (nodeId: 34, conferenceId: 1)
[2026-09-01T20:30:26.067Z] NOT FOUND: PRIVATE (nodeId: 34, conferenceId: 1)
[2026-09-01T20:30:26.070Z] NOT FOUND: PRIVATE (nodeId: 34, conferenceId: 1)
[2026-09-01T20:30:26.080Z] NOT FOUND: PRIVATE (nodeId: 34, conferenceId: 1)
[2026-09-01T20:30:26.090Z] NOT FOUND: PRIVATE (nodeId: 34, conferenceId: 1)
[2026-09-01T20:30:26.091Z] NOT FOUND: PRIVATE (nodeId: 35, conferenceId: 1)
[2026-09-01T20:30:26.095Z] NOT FOUND: PRIVATE (nodeId: 35, conferenceId: 1)
[2026-09-01T20:30:26.101Z] NOT FOUND: PRIVATE (nodeId: 35, conferenceId: 1)
[2026-09-01T20:30:26.108Z] NOT FOUND: PRIVATE (nodeId: 35, conferenceId: 1)
[2026-09-01T20:30:26.119Z] NOT FOUND: PRIVATE (nodeId: 35, conferenceId: 1)
[2026-09-01T20:30:26.120Z] NOT FOUND: PRIVATE (nodeId: 36, conferenceId: 1)
[2026-09-01T20:30:26.123Z] NOT FOUND: PRIVATE (nodeId: 36, conferenceId: 1)
[2026-09-01T20:30:26.130Z] NOT FOUND: PRIVATE (nodeId: 36, conferenceId: 1)
[2026-09-01T20:30:26.136Z] NOT FOUND: PRIVATE (nodeId: 36, conferenceId: 1)
[2026-09-01T20:30:26.145Z] NOT FOUND: PRIVATE (nodeId: 36, conferenceId: 1)
[2026-09-01T20:30:26.146Z] NOT FOUND: PRIVATE (nodeId: 37, conferenceId: 1)
[2026-09-01T20:30:26.149Z] NOT FOUND: PRIVATE (nodeId: 37, conferenceId: 1)
[2026-09-01T20:30:26.153Z] NOT FOUND: PRIVATE (nodeId: 37, conferenceId: 1)
[2026-09-01T20:30:26.162Z] NOT FOUND: PRIVATE (nodeId: 37, conferenceId: 1)
[2026-09-01T20:30:26.169Z] NOT FOUND: PRIVATE (nodeId: 37, conferenceId: 1)
[2026-09-01T20:30:26.170Z] NOT FOUND: PRIVATE (nodeId: 38, conferenceId: 1)
[2026-09-01T20:30:26.174Z] NOT FOUND: PRIVATE (nodeId: 38, conferenceId: 1)
[2026-09-01T20:30:26.177Z] NOT FOUND: PRIVATE (nodeId: 38, conferenceId: 1)
[2026-09-01T20:30:26.183Z] NOT FOUND: PRIVATE (nodeId: 38, conferenceId: 1)
[2026-09-01T20:30:26.193Z] NOT FOUND: PRIVATE (nodeId: 38, conferenceId: 1)
[2026-09-01T20:30:26.194Z] NOT FOUND: PRIVATE (nodeId: 39, conferenceId: 1)
[2026-09-01T20:30:26.197Z] NOT FOUND: PRIVATE (nodeId: 39, conferenceId: 1)
[2026-09-01T20:30:26.205Z] NOT FOUND: PRIVATE (nodeId: 39, conferenceId: 1)
[2026-09-01T20:30:26.213Z] NOT FOUND: PRIVATE (nodeId: 39, conferenceId: 1)
[2026-09-01T20:30:26.224Z] NOT FOUND: PRIVATE (nodeId: 39, conferenceId: 1)
[2026-09-01T20:30:26.225Z] NOT FOUND: PRIVATE (nodeId: 40, conferenceId: 1)
[2026-09-01T20:30:26.228Z] NOT FOUND: PRIVATE (nodeId: 40, conferenceId: 1)
[2026-09-01T20:30:26.233Z] NOT FOUND: PRIVATE (nodeId: 40, conferenceId: 1)
[2026-09-01T20:30:26.239Z] NOT FOUND: PRIVATE (nodeId: 40, conferenceId: 1)
[2026-09-01T20:30:26.247Z] NOT FOUND: PRIVATE (nodeId: 40, conferenceId: 1)
[2026-09-01T20:30:26.248Z] NOT FOUND: PRIVATE (nodeId: 45, conferenceId: 1)
[2026-09-01T20:30:26.254Z] NOT FOUND: PRIVATE (nodeId: 45, conferenceId: 1)
[2026-09-01T20:30:26.257Z] NOT FOUND: PRIVATE (nodeId: 45, conferenceId: 1)
[2026-09-01T20:30:26.265Z] NOT FOUND: PRIVATE (nodeId: 45, conferenceId: 1)
[2026-09-01T20:30:26.276Z] NOT FOUND: PRIVATE (nodeId: 45, conferenceId: 1)
[2026-09-01T20:30:26.277Z] NOT FOUND: PRIVATE (nodeId: 97, conferenceId: 1)
[2026-09-01T20:30:26.280Z] NOT FOUND: PRIVATE (nodeId: 97, conferenceId: 1)
[2026-09-01T20:30:26.286Z] NOT FOUND: PRIVATE (nodeId: 97, conferenceId: 1)
[2026-09-01T20:30:26.291Z] NOT FOUND: PRIVATE (nodeId: 97, conferenceId: 1)
[2026-09-01T20:30:26.299Z] NOT FOUND: PRIVATE (nodeId: 97, conferenceId: 1)
[2026-09-01T20:30:26.300Z] NOT FOUND: CONF_BULL (nodeId: 1, conferenceId: 1)
[2026-09-01T20:30:26.305Z] NOT FOUND: CONF_BULL (nodeId: 1, conferenceId: 1)
[2026-09-01T20:30:26.309Z] NOT FOUND: CONF_BULL (nodeId: 1, conferenceId: 1)
[2026-09-01T20:30:26.317Z] NOT FOUND: CONF_BULL (nodeId: 1, conferenceId: 1)
[2026-09-01T20:30:26.331Z] NOT FOUND: CONF_BULL (nodeId: 1, conferenceId: 1)
[2026-09-01T20:30:26.450Z] NOT FOUND: CONF_BULL (nodeId: 1, conferenceId: 14)
[2026-09-01T20:30:26.565Z] NOT FOUND: CONF_JOINMSGBASE (nodeId: 1, conferenceId: 1)
[2026-09-01T20:30:26.566Z] NOT FOUND: CONF_JOINMSGBASE (nodeId: 1, conferenceId: 1)
[2026-09-01T20:30:26.570Z] NOT FOUND: CONF_JOINMSGBASE (nodeId: 1, conferenceId: 1)
[2026-09-01T20:30:26.579Z] NOT FOUND: CONF_JOINMSGBASE (nodeId: 1, conferenceId: 1)
[2026-09-01T20:30:26.590Z] NOT FOUND: CONF_JOINMSGBASE (nodeId: 1, conferenceId: 1)
[2026-09-01T20:30:26.591Z] NOT FOUND: CONF_JOINMSGBASE (nodeId: 1, conferenceId: 2)
[2026-09-01T20:30:26.595Z] NOT FOUND: CONF_JOINMSGBASE (nodeId: 1, conferenceId: 2)
[2026-09-01T20:30:26.601Z] NOT FOUND: CONF_JOINMSGBASE (nodeId: 1, conferenceId: 2)
[2026-09-01T20:30:26.609Z] NOT FOUND: CONF_JOINMSGBASE (nodeId: 1, conferenceId: 2)
[2026-09-01T20:30:26.622Z] NOT FOUND: CONF_JOINMSGBASE (nodeId: 1, conferenceId: 2)
[2026-09-01T20:30:26.623Z] NOT FOUND: CONF_JOINMSGBASE (nodeId: 1, conferenceId: 3)
[2026-09-01T20:30:26.627Z] NOT FOUND: CONF_JOINMSGBASE (nodeId: 1, conferenceId: 3)
[2026-09-01T20:30:26.635Z] NOT FOUND: CONF_JOINMSGBASE (nodeId: 1, conferenceId: 3)
[2026-09-01T20:30:26.645Z] NOT FOUND: CONF_JOINMSGBASE (nodeId: 1, conferenceId: 3)
[2026-09-01T20:30:26.661Z] NOT FOUND: CONF_JOINMSGBASE (nodeId: 1, conferenceId: 3)
[2026-09-01T20:30:26.662Z] NOT FOUND: CONF_JOINMSGBASE (nodeId: 1, conferenceId: 4)
[2026-09-01T20:30:26.668Z] NOT FOUND: CONF_JOINMSGBASE (nodeId: 1, conferenceId: 4)
[2026-09-01T20:30:26.677Z] NOT FOUND: CONF_JOINMSGBASE (nodeId: 1, conferenceId: 4)
[2026-09-01T20:30:26.686Z] NOT FOUND: CONF_JOINMSGBASE (nodeId: 1, conferenceId: 4)
[2026-09-01T20:30:26.698Z] NOT FOUND: CONF_JOINMSGBASE (nodeId: 1, conferenceId: 4)
[2026-09-01T20:30:26.700Z] NOT FOUND: CONF_JOINMSGBASE (nodeId: 1, conferenceId: 5)
[2026-09-01T20:30:26.704Z] NOT FOUND: CONF_JOINMSGBASE (nodeId: 1, conferenceId: 5)
[2026-09-01T20:30:26.711Z] NOT FOUND: CONF_JOINMSGBASE (nodeId: 1, conferenceId: 5)
[2026-09-01T20:30:26.720Z] NOT FOUND: CONF_JOINMSGBASE (nodeId: 1, conferenceId: 5)
[2026-09-01T20:30:26.731Z] NOT FOUND: CONF_JOINMSGBASE (nodeId: 1, conferenceId: 5)
[2026-09-01T20:30:26.733Z] NOT FOUND: CONF_JOINMSGBASE (nodeId: 1, conferenceId: 6)
[2026-09-01T20:30:26.737Z] NOT FOUND: CONF_JOINMSGBASE (nodeId: 1, conferenceId: 6)
[2026-09-01T20:30:26.745Z] NOT FOUND: CONF_JOINMSGBASE (nodeId: 1, conferenceId: 6)
[2026-09-01T20:30:26.753Z] NOT FOUND: CONF_JOINMSGBASE (nodeId: 1, conferenceId: 6)
[2026-09-01T20:30:26.764Z] NOT FOUND: CONF_JOINMSGBASE (nodeId: 1, conferenceId: 6)
[2026-09-01T20:30:26.765Z] NOT FOUND: CONF_JOINMSGBASE (nodeId: 1, conferenceId: 7)
[2026-09-01T20:30:26.769Z] NOT FOUND: CONF_JOINMSGBASE (nodeId: 1, conferenceId: 7)
[2026-09-01T20:30:26.775Z] NOT FOUND: CONF_JOINMSGBASE (nodeId: 1, conferenceId: 7)
[2026-09-01T20:30:26.785Z] NOT FOUND: CONF_JOINMSGBASE (nodeId: 1, conferenceId: 7)
[2026-09-01T20:30:26.795Z] NOT FOUND: CONF_JOINMSGBASE (nodeId: 1, conferenceId: 7)
[2026-09-01T20:30:26.796Z] NOT FOUND: CONF_JOINMSGBASE (nodeId: 1, conferenceId: 8)
[2026-09-01T20:30:26.802Z] NOT FOUND: CONF_JOINMSGBASE (nodeId: 1, conferenceId: 8)
[2026-09-01T20:30:26.807Z] NOT FOUND: CONF_JOINMSGBASE (nodeId: 1, conferenceId: 8)
[2026-09-01T20:30:26.817Z] NOT FOUND: CONF_JOINMSGBASE (nodeId: 1, conferenceId: 8)
[2026-09-01T20:30:26.828Z] NOT FOUND: CONF_JOINMSGBASE (nodeId: 1, conferenceId: 8)
[2026-09-01T20:30:26.829Z] NOT FOUND: CONF_JOINMSGBASE (nodeId: 1, conferenceId: 9)
[2026-09-01T20:30:26.834Z] NOT FOUND: CONF_JOINMSGBASE (nodeId: 1, conferenceId: 9)
[2026-09-01T20:30:26.841Z] NOT FOUND: CONF_JOINMSGBASE (nodeId: 1, conferenceId: 9)
[2026-09-01T20:30:26.851Z] NOT FOUND: CONF_JOINMSGBASE (nodeId: 1, conferenceId: 9)
[2026-09-01T20:30:26.864Z] NOT FOUND: CONF_JOINMSGBASE (nodeId: 1, conferenceId: 9)
[2026-09-01T20:30:26.865Z] NOT FOUND: CONF_JOINMSGBASE (nodeId: 1, conferenceId: 10)
[2026-09-01T20:30:26.870Z] NOT FOUND: CONF_JOINMSGBASE (nodeId: 1, conferenceId: 10)
[2026-09-01T20:30:26.877Z] NOT FOUND: CONF_JOINMSGBASE (nodeId: 1, conferenceId: 10)
[2026-09-01T20:30:26.886Z] NOT FOUND: CONF_JOINMSGBASE (nodeId: 1, conferenceId: 10)
[2026-09-01T20:30:26.898Z] NOT FOUND: CONF_JOINMSGBASE (nodeId: 1, conferenceId: 10)
[2026-09-01T20:30:26.899Z] NOT FOUND: CONF_JOINMSGBASE (nodeId: 1, conferenceId: 11)
[2026-09-01T20:30:26.903Z] NOT FOUND: CONF_JOINMSGBASE (nodeId: 1, conferenceId: 11)
[2026-09-01T20:30:26.908Z] NOT FOUND: CONF_JOINMSGBASE (nodeId: 1, conferenceId: 11)
[2026-09-01T20:30:26.917Z] NOT FOUND: CONF_JOINMSGBASE (nodeId: 1, conferenceId: 11)
[2026-09-01T20:30:26.927Z] NOT FOUND: CONF_JOINMSGBASE (nodeId: 1, conferenceId: 11)
[2026-09-01T20:30:26.928Z] NOT FOUND: CONF_JOINMSGBASE (nodeId: 1, conferenceId: 12)
[2026-09-01T20:30:26.934Z] NOT FOUND: CONF_JOINMSGBASE (nodeId: 1, conferenceId: 12)
[2026-09-01T20:30:26.938Z] NOT FOUND: CONF_JOINMSGBASE (nodeId: 1, conferenceId: 12)
[2026-09-01T20:30:26.949Z] NOT FOUND: CONF_JOINMSGBASE (nodeId: 1, conferenceId: 12)
[2026-09-01T20:30:26.960Z] NOT FOUND: CONF_JOINMSGBASE (nodeId: 1, conferenceId: 12)
[2026-09-01T20:30:26.962Z] NOT FOUND: CONF_JOINMSGBASE (nodeId: 1, conferenceId: 13)
[2026-09-01T20:30:26.967Z] NOT FOUND: CONF_JOINMSGBASE (nodeId: 1, conferenceId: 13)
[2026-09-01T20:30:26.973Z] NOT FOUND: CONF_JOINMSGBASE (nodeId: 1, conferenceId: 13)
[2026-09-01T20:30:26.984Z] NOT FOUND: CONF_JOINMSGBASE (nodeId: 1, conferenceId: 13)
[2026-09-01T20:30:26.999Z] NOT FOUND: CONF_JOINMSGBASE (nodeId: 1, conferenceId: 13)
[2026-09-01T20:30:27.001Z] NOT FOUND: CONF_JOINMSGBASE (nodeId: 1, conferenceId: 14)
[2026-09-01T20:30:27.007Z] NOT FOUND: CONF_JOINMSGBASE (nodeId: 1, conferenceId: 14)
[2026-09-01T20:30:27.012Z] NOT FOUND: CONF_JOINMSGBASE (nodeId: 1, conferenceId: 14)
[2026-09-01T20:30:27.021Z] NOT FOUND: CONF_JOINMSGBASE (nodeId: 1, conferenceId: 14)
[2026-09-01T20:30:27.028Z] NOT FOUND: CONF_JOINMSGBASE (nodeId: 1, conferenceId: 14)
[2026-09-01T20:30:27.029Z] NOT FOUND: DOWNLOADMSG (nodeId: 1, conferenceId: 1)
[2026-09-01T20:30:27.033Z] NOT FOUND: DOWNLOADMSG (nodeId: 1, conferenceId: 1)
[2026-09-01T20:30:27.038Z] NOT FOUND: DOWNLOADMSG (nodeId: 1, conferenceId: 1)
[2026-09-01T20:30:27.046Z] NOT FOUND: DOWNLOADMSG (nodeId: 1, conferenceId: 1)
[2026-09-01T20:30:27.058Z] NOT FOUND: DOWNLOADMSG (nodeId: 1, conferenceId: 1)
[2026-09-01T20:30:27.207Z] NOT FOUND: DOWNLOADMSG (nodeId: 1, conferenceId: 13)
[2026-09-01T20:30:27.209Z] NOT FOUND: DOWNLOADMSG (nodeId: 1, conferenceId: 13)
[2026-09-01T20:30:27.217Z] NOT FOUND: DOWNLOADMSG (nodeId: 1, conferenceId: 13)
[2026-09-01T20:30:27.228Z] NOT FOUND: DOWNLOADMSG (nodeId: 1, conferenceId: 13)
[2026-09-01T20:30:27.242Z] NOT FOUND: DOWNLOADMSG (nodeId: 1, conferenceId: 13)
[2026-09-01T20:30:27.252Z] NOT FOUND: FILEHELP (nodeId: 1, conferenceId: 1)
[2026-09-01T20:30:27.254Z] NOT FOUND: FILEHELP (nodeId: 1, conferenceId: 1)
[2026-09-01T20:30:27.258Z] NOT FOUND: FILEHELP (nodeId: 1, conferenceId: 1)
[2026-09-01T20:30:27.267Z] NOT FOUND: FILEHELP (nodeId: 1, conferenceId: 1)
[2026-09-01T20:30:27.276Z] NOT FOUND: FILEHELP (nodeId: 1, conferenceId: 1)
[2026-09-01T20:30:27.277Z] NOT FOUND: FILEHELP (nodeId: 1, conferenceId: 2)
[2026-09-01T20:30:27.282Z] NOT FOUND: FILEHELP (nodeId: 1, conferenceId: 2)
[2026-09-01T20:30:27.286Z] NOT FOUND: FILEHELP (nodeId: 1, conferenceId: 2)
[2026-09-01T20:30:27.296Z] NOT FOUND: FILEHELP (nodeId: 1, conferenceId: 2)
[2026-09-01T20:30:27.310Z] NOT FOUND: FILEHELP (nodeId: 1, conferenceId: 2)
[2026-09-01T20:30:27.312Z] NOT FOUND: FILEHELP (nodeId: 1, conferenceId: 3)
[2026-09-01T20:30:27.317Z] NOT FOUND: FILEHELP (nodeId: 1, conferenceId: 3)
[2026-09-01T20:30:27.323Z] NOT FOUND: FILEHELP (nodeId: 1, conferenceId: 3)
[2026-09-01T20:30:27.334Z] NOT FOUND: FILEHELP (nodeId: 1, conferenceId: 3)
[2026-09-01T20:30:27.347Z] NOT FOUND: FILEHELP (nodeId: 1, conferenceId: 3)
[2026-09-01T20:30:27.348Z] NOT FOUND: FILEHELP (nodeId: 1, conferenceId: 4)
[2026-09-01T20:30:27.353Z] NOT FOUND: FILEHELP (nodeId: 1, conferenceId: 4)
[2026-09-01T20:30:27.362Z] NOT FOUND: FILEHELP (nodeId: 1, conferenceId: 4)
[2026-09-01T20:30:27.374Z] NOT FOUND: FILEHELP (nodeId: 1, conferenceId: 4)
[2026-09-01T20:30:27.390Z] NOT FOUND: FILEHELP (nodeId: 1, conferenceId: 4)
[2026-09-01T20:30:27.391Z] NOT FOUND: FILEHELP (nodeId: 1, conferenceId: 5)
[2026-09-01T20:30:27.396Z] NOT FOUND: FILEHELP (nodeId: 1, conferenceId: 5)
[2026-09-01T20:30:27.402Z] NOT FOUND: FILEHELP (nodeId: 1, conferenceId: 5)
[2026-09-01T20:30:27.411Z] NOT FOUND: FILEHELP (nodeId: 1, conferenceId: 5)
[2026-09-01T20:30:27.423Z] NOT FOUND: FILEHELP (nodeId: 1, conferenceId: 5)
[2026-09-01T20:30:27.424Z] NOT FOUND: FILEHELP (nodeId: 1, conferenceId: 6)
[2026-09-01T20:30:27.431Z] NOT FOUND: FILEHELP (nodeId: 1, conferenceId: 6)
[2026-09-01T20:30:27.436Z] NOT FOUND: FILEHELP (nodeId: 1, conferenceId: 6)
[2026-09-01T20:30:27.446Z] NOT FOUND: FILEHELP (nodeId: 1, conferenceId: 6)
[2026-09-01T20:30:27.460Z] NOT FOUND: FILEHELP (nodeId: 1, conferenceId: 6)
[2026-09-01T20:30:27.462Z] NOT FOUND: FILEHELP (nodeId: 1, conferenceId: 7)
[2026-09-01T20:30:27.468Z] NOT FOUND: FILEHELP (nodeId: 1, conferenceId: 7)
[2026-09-01T20:30:27.473Z] NOT FOUND: FILEHELP (nodeId: 1, conferenceId: 7)
[2026-09-01T20:30:27.481Z] NOT FOUND: FILEHELP (nodeId: 1, conferenceId: 7)
[2026-09-01T20:30:27.494Z] NOT FOUND: FILEHELP (nodeId: 1, conferenceId: 7)
[2026-09-01T20:30:27.496Z] NOT FOUND: FILEHELP (nodeId: 1, conferenceId: 8)
[2026-09-01T20:30:27.586Z] NOT FOUND: FILEHELP (nodeId: 1, conferenceId: 8)
[2026-09-01T20:30:27.663Z] NOT FOUND: FILEHELP (nodeId: 1, conferenceId: 8)
[2026-09-01T20:30:27.691Z] NOT FOUND: FILEHELP (nodeId: 1, conferenceId: 8)
[2026-09-01T20:30:27.736Z] NOT FOUND: FILEHELP (nodeId: 1, conferenceId: 8)
[2026-09-01T20:30:27.738Z] NOT FOUND: FILEHELP (nodeId: 1, conferenceId: 9)
[2026-09-01T20:30:27.748Z] NOT FOUND: FILEHELP (nodeId: 1, conferenceId: 9)
[2026-09-01T20:30:27.753Z] NOT FOUND: FILEHELP (nodeId: 1, conferenceId: 9)
[2026-09-01T20:30:27.766Z] NOT FOUND: FILEHELP (nodeId: 1, conferenceId: 9)
[2026-09-01T20:30:27.781Z] NOT FOUND: FILEHELP (nodeId: 1, conferenceId: 9)
[2026-09-01T20:30:27.783Z] NOT FOUND: FILEHELP (nodeId: 1, conferenceId: 10)
[2026-09-01T20:30:27.788Z] NOT FOUND: FILEHELP (nodeId: 1, conferenceId: 10)
[2026-09-01T20:30:27.796Z] NOT FOUND: FILEHELP (nodeId: 1, conferenceId: 10)
[2026-09-01T20:30:27.809Z] NOT FOUND: FILEHELP (nodeId: 1, conferenceId: 10)
[2026-09-01T20:30:27.822Z] NOT FOUND: FILEHELP (nodeId: 1, conferenceId: 10)
[2026-09-01T20:30:27.852Z] NOT FOUND: FILEHELP (nodeId: 1, conferenceId: 14)
[2026-09-01T20:30:27.853Z] NOT FOUND: FILEHELP (nodeId: 1, conferenceId: 14)
[2026-09-01T20:30:27.857Z] NOT FOUND: FILEHELP (nodeId: 1, conferenceId: 14)
[2026-09-01T20:30:27.862Z] NOT FOUND: FILEHELP (nodeId: 1, conferenceId: 14)
[2026-09-01T20:30:27.873Z] NOT FOUND: FILEHELP (nodeId: 1, conferenceId: 14)
[2026-09-01T20:30:28.011Z] NOT FOUND: NOUPLOADS (nodeId: 1, conferenceId: 1)
[2026-09-01T20:30:28.012Z] NOT FOUND: NOUPLOADS (nodeId: 1, conferenceId: 1)
[2026-09-01T20:30:28.017Z] NOT FOUND: NOUPLOADS (nodeId: 1, conferenceId: 1)
[2026-09-01T20:30:28.027Z] NOT FOUND: NOUPLOADS (nodeId: 1, conferenceId: 1)
[2026-09-01T20:30:28.039Z] NOT FOUND: NOUPLOADS (nodeId: 1, conferenceId: 1)
[2026-09-01T20:30:28.040Z] NOT FOUND: NOUPLOADS (nodeId: 1, conferenceId: 2)
[2026-09-01T20:30:28.044Z] NOT FOUND: NOUPLOADS (nodeId: 1, conferenceId: 2)
[2026-09-01T20:30:28.051Z] NOT FOUND: NOUPLOADS (nodeId: 1, conferenceId: 2)
[2026-09-01T20:30:28.060Z] NOT FOUND: NOUPLOADS (nodeId: 1, conferenceId: 2)
[2026-09-01T20:30:28.076Z] NOT FOUND: NOUPLOADS (nodeId: 1, conferenceId: 2)
[2026-09-01T20:30:28.078Z] NOT FOUND: NOUPLOADS (nodeId: 1, conferenceId: 3)
[2026-09-01T20:30:28.084Z] NOT FOUND: NOUPLOADS (nodeId: 1, conferenceId: 3)
[2026-09-01T20:30:28.089Z] NOT FOUND: NOUPLOADS (nodeId: 1, conferenceId: 3)
[2026-09-01T20:30:28.099Z] NOT FOUND: NOUPLOADS (nodeId: 1, conferenceId: 3)
[2026-09-01T20:30:28.111Z] NOT FOUND: NOUPLOADS (nodeId: 1, conferenceId: 3)
[2026-09-01T20:30:28.112Z] NOT FOUND: NOUPLOADS (nodeId: 1, conferenceId: 4)
[2026-09-01T20:30:28.118Z] NOT FOUND: NOUPLOADS (nodeId: 1, conferenceId: 4)
[2026-09-01T20:30:28.123Z] NOT FOUND: NOUPLOADS (nodeId: 1, conferenceId: 4)
[2026-09-01T20:30:28.134Z] NOT FOUND: NOUPLOADS (nodeId: 1, conferenceId: 4)
[2026-09-01T20:30:28.146Z] NOT FOUND: NOUPLOADS (nodeId: 1, conferenceId: 4)
[2026-09-01T20:30:28.148Z] NOT FOUND: NOUPLOADS (nodeId: 1, conferenceId: 5)
[2026-09-01T20:30:28.155Z] NOT FOUND: NOUPLOADS (nodeId: 1, conferenceId: 5)
[2026-09-01T20:30:28.159Z] NOT FOUND: NOUPLOADS (nodeId: 1, conferenceId: 5)
[2026-09-01T20:30:28.168Z] NOT FOUND: NOUPLOADS (nodeId: 1, conferenceId: 5)
[2026-09-01T20:30:28.179Z] NOT FOUND: NOUPLOADS (nodeId: 1, conferenceId: 5)
[2026-09-01T20:30:28.180Z] NOT FOUND: NOUPLOADS (nodeId: 1, conferenceId: 6)
[2026-09-01T20:30:28.186Z] NOT FOUND: NOUPLOADS (nodeId: 1, conferenceId: 6)
[2026-09-01T20:30:28.191Z] NOT FOUND: NOUPLOADS (nodeId: 1, conferenceId: 6)
[2026-09-01T20:30:28.202Z] NOT FOUND: NOUPLOADS (nodeId: 1, conferenceId: 6)
[2026-09-01T20:30:28.213Z] NOT FOUND: NOUPLOADS (nodeId: 1, conferenceId: 6)
[2026-09-01T20:30:28.214Z] NOT FOUND: NOUPLOADS (nodeId: 1, conferenceId: 7)
[2026-09-01T20:30:28.219Z] NOT FOUND: NOUPLOADS (nodeId: 1, conferenceId: 7)
[2026-09-01T20:30:28.227Z] NOT FOUND: NOUPLOADS (nodeId: 1, conferenceId: 7)
[2026-09-01T20:30:28.234Z] NOT FOUND: NOUPLOADS (nodeId: 1, conferenceId: 7)
[2026-09-01T20:30:28.249Z] NOT FOUND: NOUPLOADS (nodeId: 1, conferenceId: 7)
[2026-09-01T20:30:28.251Z] NOT FOUND: NOUPLOADS (nodeId: 1, conferenceId: 8)
[2026-09-01T20:30:28.257Z] NOT FOUND: NOUPLOADS (nodeId: 1, conferenceId: 8)
[2026-09-01T20:30:28.264Z] NOT FOUND: NOUPLOADS (nodeId: 1, conferenceId: 8)
[2026-09-01T20:30:28.279Z] NOT FOUND: NOUPLOADS (nodeId: 1, conferenceId: 8)
[2026-09-01T20:30:28.292Z] NOT FOUND: NOUPLOADS (nodeId: 1, conferenceId: 8)
[2026-09-01T20:30:28.294Z] NOT FOUND: NOUPLOADS (nodeId: 1, conferenceId: 9)
[2026-09-01T20:30:28.300Z] NOT FOUND: NOUPLOADS (nodeId: 1, conferenceId: 9)
[2026-09-01T20:30:28.305Z] NOT FOUND: NOUPLOADS (nodeId: 1, conferenceId: 9)
[2026-09-01T20:30:28.315Z] NOT FOUND: NOUPLOADS (nodeId: 1, conferenceId: 9)
[2026-09-01T20:30:28.326Z] NOT FOUND: NOUPLOADS (nodeId: 1, conferenceId: 9)
[2026-09-01T20:30:28.328Z] NOT FOUND: NOUPLOADS (nodeId: 1, conferenceId: 10)
[2026-09-01T20:30:28.332Z] NOT FOUND: NOUPLOADS (nodeId: 1, conferenceId: 10)
[2026-09-01T20:30:28.338Z] NOT FOUND: NOUPLOADS (nodeId: 1, conferenceId: 10)
[2026-09-01T20:30:28.347Z] NOT FOUND: NOUPLOADS (nodeId: 1, conferenceId: 10)
[2026-09-01T20:30:28.358Z] NOT FOUND: NOUPLOADS (nodeId: 1, conferenceId: 10)
[2026-09-01T20:30:28.359Z] NOT FOUND: NOUPLOADS (nodeId: 1, conferenceId: 11)
[2026-09-01T20:30:28.363Z] NOT FOUND: NOUPLOADS (nodeId: 1, conferenceId: 11)
[2026-09-01T20:30:28.371Z] NOT FOUND: NOUPLOADS (nodeId: 1, conferenceId: 11)
[2026-09-01T20:30:28.380Z] NOT FOUND: NOUPLOADS (nodeId: 1, conferenceId: 11)
[2026-09-01T20:30:28.390Z] NOT FOUND: NOUPLOADS (nodeId: 1, conferenceId: 11)
[2026-09-01T20:30:28.392Z] NOT FOUND: NOUPLOADS (nodeId: 1, conferenceId: 12)
[2026-09-01T20:30:28.396Z] NOT FOUND: NOUPLOADS (nodeId: 1, conferenceId: 12)
[2026-09-01T20:30:28.402Z] NOT FOUND: NOUPLOADS (nodeId: 1, conferenceId: 12)
[2026-09-01T20:30:28.411Z] NOT FOUND: NOUPLOADS (nodeId: 1, conferenceId: 12)
[2026-09-01T20:30:28.422Z] NOT FOUND: NOUPLOADS (nodeId: 1, conferenceId: 12)
[2026-09-01T20:30:28.423Z] NOT FOUND: NOUPLOADS (nodeId: 1, conferenceId: 13)
[2026-09-01T20:30:28.427Z] NOT FOUND: NOUPLOADS (nodeId: 1, conferenceId: 13)
[2026-09-01T20:30:28.432Z] NOT FOUND: NOUPLOADS (nodeId: 1, conferenceId: 13)
[2026-09-01T20:30:28.442Z] NOT FOUND: NOUPLOADS (nodeId: 1, conferenceId: 13)
[2026-09-01T20:30:28.452Z] NOT FOUND: NOUPLOADS (nodeId: 1, conferenceId: 13)
[2026-09-01T20:30:28.453Z] NOT FOUND: NOUPLOADS (nodeId: 1, conferenceId: 14)
[2026-09-01T20:30:28.458Z] NOT FOUND: NOUPLOADS (nodeId: 1, conferenceId: 14)
[2026-09-01T20:30:28.461Z] NOT FOUND: NOUPLOADS (nodeId: 1, conferenceId: 14)
[2026-09-01T20:30:28.466Z] NOT FOUND: NOUPLOADS (nodeId: 1, conferenceId: 14)
[2026-09-01T20:30:28.474Z] NOT FOUND: NOUPLOADS (nodeId: 1, conferenceId: 14)
[2026-09-01T20:30:28.477Z] NOT FOUND: BULL (nodeId: 0, conferenceId: 1)
[2026-09-01T20:30:28.480Z] NOT FOUND: BULL (nodeId: 0, conferenceId: 1)
[2026-09-01T20:30:28.488Z] NOT FOUND: BULL (nodeId: 0, conferenceId: 1)
[2026-09-01T20:30:28.502Z] NOT FOUND: BULL (nodeId: 0, conferenceId: 1)
[2026-09-01T20:30:28.530Z] NOT FOUND: BULL (nodeId: 0, conferenceId: 1)
[2026-09-01T20:30:28.533Z] NOT FOUND: BULL (nodeId: 1, conferenceId: 1)
[2026-09-01T20:30:28.538Z] NOT FOUND: BULL (nodeId: 1, conferenceId: 1)
[2026-09-01T20:30:28.549Z] NOT FOUND: BULL (nodeId: 1, conferenceId: 1)
[2026-09-01T20:30:28.566Z] NOT FOUND: BULL (nodeId: 1, conferenceId: 1)
[2026-09-01T20:30:28.593Z] NOT FOUND: BULL (nodeId: 1, conferenceId: 1)
[2026-09-01T20:30:28.595Z] NOT FOUND: BULL (nodeId: 2, conferenceId: 1)
[2026-09-01T20:30:28.601Z] NOT FOUND: BULL (nodeId: 2, conferenceId: 1)
[2026-09-01T20:30:28.609Z] NOT FOUND: BULL (nodeId: 2, conferenceId: 1)
[2026-09-01T20:30:28.626Z] NOT FOUND: BULL (nodeId: 2, conferenceId: 1)
[2026-09-01T20:30:28.654Z] NOT FOUND: BULL (nodeId: 2, conferenceId: 1)
[2026-09-01T20:30:28.657Z] NOT FOUND: BULL (nodeId: 3, conferenceId: 1)
[2026-09-01T20:30:28.665Z] NOT FOUND: BULL (nodeId: 3, conferenceId: 1)
[2026-09-01T20:30:28.673Z] NOT FOUND: BULL (nodeId: 3, conferenceId: 1)
[2026-09-01T20:30:28.690Z] NOT FOUND: BULL (nodeId: 3, conferenceId: 1)
[2026-09-01T20:30:28.723Z] NOT FOUND: BULL (nodeId: 3, conferenceId: 1)
[2026-09-01T20:30:28.726Z] NOT FOUND: BULL (nodeId: 4, conferenceId: 1)
[2026-09-01T20:30:28.733Z] NOT FOUND: BULL (nodeId: 4, conferenceId: 1)
[2026-09-01T20:30:28.741Z] NOT FOUND: BULL (nodeId: 4, conferenceId: 1)
[2026-09-01T20:30:28.755Z] NOT FOUND: BULL (nodeId: 4, conferenceId: 1)
[2026-09-01T20:30:28.784Z] NOT FOUND: BULL (nodeId: 4, conferenceId: 1)
[2026-09-01T20:30:28.787Z] NOT FOUND: BULL (nodeId: 5, conferenceId: 1)
[2026-09-01T20:30:28.796Z] NOT FOUND: BULL (nodeId: 5, conferenceId: 1)
[2026-09-01T20:30:28.801Z] NOT FOUND: BULL (nodeId: 5, conferenceId: 1)
[2026-09-01T20:30:28.815Z] NOT FOUND: BULL (nodeId: 5, conferenceId: 1)
[2026-09-01T20:30:28.843Z] NOT FOUND: BULL (nodeId: 5, conferenceId: 1)
[2026-09-01T20:30:28.846Z] NOT FOUND: BULL (nodeId: 6, conferenceId: 1)
[2026-09-01T20:30:28.852Z] NOT FOUND: BULL (nodeId: 6, conferenceId: 1)
[2026-09-01T20:30:28.859Z] NOT FOUND: BULL (nodeId: 6, conferenceId: 1)
[2026-09-01T20:30:28.874Z] NOT FOUND: BULL (nodeId: 6, conferenceId: 1)
[2026-09-01T20:30:28.903Z] NOT FOUND: BULL (nodeId: 6, conferenceId: 1)
[2026-09-01T20:30:28.906Z] NOT FOUND: BULL (nodeId: 7, conferenceId: 1)
[2026-09-01T20:30:28.912Z] NOT FOUND: BULL (nodeId: 7, conferenceId: 1)
[2026-09-01T20:30:28.921Z] NOT FOUND: BULL (nodeId: 7, conferenceId: 1)
[2026-09-01T20:30:28.936Z] NOT FOUND: BULL (nodeId: 7, conferenceId: 1)
[2026-09-01T20:30:28.964Z] NOT FOUND: BULL (nodeId: 7, conferenceId: 1)
[2026-09-01T20:30:28.966Z] NOT FOUND: BULL (nodeId: 8, conferenceId: 1)
[2026-09-01T20:30:28.972Z] NOT FOUND: BULL (nodeId: 8, conferenceId: 1)
[2026-09-01T20:30:28.983Z] NOT FOUND: BULL (nodeId: 8, conferenceId: 1)
[2026-09-01T20:30:28.998Z] NOT FOUND: BULL (nodeId: 8, conferenceId: 1)
[2026-09-01T20:30:29.030Z] NOT FOUND: BULL (nodeId: 8, conferenceId: 1)
[2026-09-01T20:30:29.032Z] NOT FOUND: BULL (nodeId: 9, conferenceId: 1)
[2026-09-01T20:30:29.040Z] NOT FOUND: BULL (nodeId: 9, conferenceId: 1)
[2026-09-01T20:30:29.047Z] NOT FOUND: BULL (nodeId: 9, conferenceId: 1)
[2026-09-01T20:30:29.059Z] NOT FOUND: BULL (nodeId: 9, conferenceId: 1)
[2026-09-01T20:30:29.088Z] NOT FOUND: BULL (nodeId: 9, conferenceId: 1)
[2026-09-01T20:30:29.090Z] NOT FOUND: BULL (nodeId: 10, conferenceId: 1)
[2026-09-01T20:30:29.097Z] NOT FOUND: BULL (nodeId: 10, conferenceId: 1)
[2026-09-01T20:30:29.107Z] NOT FOUND: BULL (nodeId: 10, conferenceId: 1)
[2026-09-01T20:30:29.123Z] NOT FOUND: BULL (nodeId: 10, conferenceId: 1)
[2026-09-01T20:30:29.151Z] NOT FOUND: BULL (nodeId: 10, conferenceId: 1)
[2026-09-01T20:30:29.154Z] NOT FOUND: BULL (nodeId: 11, conferenceId: 1)
[2026-09-01T20:30:29.162Z] NOT FOUND: BULL (nodeId: 11, conferenceId: 1)
[2026-09-01T20:30:29.169Z] NOT FOUND: BULL (nodeId: 11, conferenceId: 1)
[2026-09-01T20:30:29.180Z] NOT FOUND: BULL (nodeId: 11, conferenceId: 1)
[2026-09-01T20:30:29.207Z] NOT FOUND: BULL (nodeId: 11, conferenceId: 1)
[2026-09-01T20:30:29.210Z] NOT FOUND: BULL (nodeId: 12, conferenceId: 1)
[2026-09-01T20:30:29.216Z] NOT FOUND: BULL (nodeId: 12, conferenceId: 1)
[2026-09-01T20:30:29.223Z] NOT FOUND: BULL (nodeId: 12, conferenceId: 1)
[2026-09-01T20:30:29.239Z] NOT FOUND: BULL (nodeId: 12, conferenceId: 1)
[2026-09-01T20:30:29.265Z] NOT FOUND: BULL (nodeId: 12, conferenceId: 1)
[2026-09-01T20:30:29.268Z] NOT FOUND: BULL (nodeId: 13, conferenceId: 1)
[2026-09-01T20:30:29.274Z] NOT FOUND: BULL (nodeId: 13, conferenceId: 1)
[2026-09-01T20:30:29.286Z] NOT FOUND: BULL (nodeId: 13, conferenceId: 1)
[2026-09-01T20:30:29.301Z] NOT FOUND: BULL (nodeId: 13, conferenceId: 1)
[2026-09-01T20:30:29.329Z] NOT FOUND: BULL (nodeId: 13, conferenceId: 1)
[2026-09-01T20:30:29.331Z] NOT FOUND: BULL (nodeId: 14, conferenceId: 1)
[2026-09-01T20:30:29.338Z] NOT FOUND: BULL (nodeId: 14, conferenceId: 1)
[2026-09-01T20:30:29.346Z] NOT FOUND: BULL (nodeId: 14, conferenceId: 1)
[2026-09-01T20:30:29.363Z] NOT FOUND: BULL (nodeId: 14, conferenceId: 1)
[2026-09-01T20:30:29.390Z] NOT FOUND: BULL (nodeId: 14, conferenceId: 1)
[2026-09-01T20:30:29.393Z] NOT FOUND: BULL (nodeId: 15, conferenceId: 1)
[2026-09-01T20:30:29.399Z] NOT FOUND: BULL (nodeId: 15, conferenceId: 1)
[2026-09-01T20:30:29.410Z] NOT FOUND: BULL (nodeId: 15, conferenceId: 1)
[2026-09-01T20:30:29.426Z] NOT FOUND: BULL (nodeId: 15, conferenceId: 1)
[2026-09-01T20:30:29.455Z] NOT FOUND: BULL (nodeId: 15, conferenceId: 1)
[2026-09-01T20:30:29.458Z] NOT FOUND: BULL (nodeId: 16, conferenceId: 1)
[2026-09-01T20:30:29.465Z] NOT FOUND: BULL (nodeId: 16, conferenceId: 1)
[2026-09-01T20:30:29.472Z] NOT FOUND: BULL (nodeId: 16, conferenceId: 1)
[2026-09-01T20:30:29.486Z] NOT FOUND: BULL (nodeId: 16, conferenceId: 1)
[2026-09-01T20:30:29.513Z] NOT FOUND: BULL (nodeId: 16, conferenceId: 1)
[2026-09-01T20:30:29.516Z] NOT FOUND: BULL (nodeId: 17, conferenceId: 1)
[2026-09-01T20:30:29.524Z] NOT FOUND: BULL (nodeId: 17, conferenceId: 1)
[2026-09-01T20:30:29.531Z] NOT FOUND: BULL (nodeId: 17, conferenceId: 1)
[2026-09-01T20:30:29.546Z] NOT FOUND: BULL (nodeId: 17, conferenceId: 1)
[2026-09-01T20:30:29.573Z] NOT FOUND: BULL (nodeId: 17, conferenceId: 1)
[2026-09-01T20:30:29.576Z] NOT FOUND: BULL (nodeId: 18, conferenceId: 1)
[2026-09-01T20:30:29.584Z] NOT FOUND: BULL (nodeId: 18, conferenceId: 1)
[2026-09-01T20:30:29.590Z] NOT FOUND: BULL (nodeId: 18, conferenceId: 1)
[2026-09-01T20:30:29.603Z] NOT FOUND: BULL (nodeId: 18, conferenceId: 1)
[2026-09-01T20:30:29.628Z] NOT FOUND: BULL (nodeId: 18, conferenceId: 1)
[2026-09-01T20:30:29.632Z] NOT FOUND: BULL (nodeId: 19, conferenceId: 1)
[2026-09-01T20:30:29.637Z] NOT FOUND: BULL (nodeId: 19, conferenceId: 1)
[2026-09-01T20:30:29.645Z] NOT FOUND: BULL (nodeId: 19, conferenceId: 1)
[2026-09-01T20:30:29.662Z] NOT FOUND: BULL (nodeId: 19, conferenceId: 1)
[2026-09-01T20:30:29.690Z] NOT FOUND: BULL (nodeId: 19, conferenceId: 1)
[2026-09-01T20:30:29.692Z] NOT FOUND: BULL (nodeId: 20, conferenceId: 1)
[2026-09-01T20:30:29.698Z] NOT FOUND: BULL (nodeId: 20, conferenceId: 1)
[2026-09-01T20:30:29.706Z] NOT FOUND: BULL (nodeId: 20, conferenceId: 1)
[2026-09-01T20:30:29.723Z] NOT FOUND: BULL (nodeId: 20, conferenceId: 1)
[2026-09-01T20:30:29.753Z] NOT FOUND: BULL (nodeId: 20, conferenceId: 1)
[2026-09-01T20:30:29.755Z] NOT FOUND: BULL (nodeId: 21, conferenceId: 1)
[2026-09-01T20:30:29.765Z] NOT FOUND: BULL (nodeId: 21, conferenceId: 1)
[2026-09-01T20:30:29.776Z] NOT FOUND: BULL (nodeId: 21, conferenceId: 1)
[2026-09-01T20:30:29.793Z] NOT FOUND: BULL (nodeId: 21, conferenceId: 1)
[2026-09-01T20:30:29.823Z] NOT FOUND: BULL (nodeId: 21, conferenceId: 1)
[2026-09-01T20:30:29.826Z] NOT FOUND: BULL (nodeId: 22, conferenceId: 1)
[2026-09-01T20:30:29.832Z] NOT FOUND: BULL (nodeId: 22, conferenceId: 1)
[2026-09-01T20:30:29.843Z] NOT FOUND: BULL (nodeId: 22, conferenceId: 1)
[2026-09-01T20:30:29.861Z] NOT FOUND: BULL (nodeId: 22, conferenceId: 1)
[2026-09-01T20:30:29.902Z] NOT FOUND: BULL (nodeId: 22, conferenceId: 1)
[2026-09-01T20:30:29.904Z] NOT FOUND: BULL (nodeId: 23, conferenceId: 1)
[2026-09-01T20:30:29.911Z] NOT FOUND: BULL (nodeId: 23, conferenceId: 1)
[2026-09-01T20:30:29.922Z] NOT FOUND: BULL (nodeId: 23, conferenceId: 1)
[2026-09-01T20:30:29.937Z] NOT FOUND: BULL (nodeId: 23, conferenceId: 1)
[2026-09-01T20:30:29.971Z] NOT FOUND: BULL (nodeId: 23, conferenceId: 1)
[2026-09-01T20:30:29.974Z] NOT FOUND: BULL (nodeId: 24, conferenceId: 1)
[2026-09-01T20:30:29.981Z] NOT FOUND: BULL (nodeId: 24, conferenceId: 1)
[2026-09-01T20:30:29.988Z] NOT FOUND: BULL (nodeId: 24, conferenceId: 1)
[2026-09-01T20:30:30.002Z] NOT FOUND: BULL (nodeId: 24, conferenceId: 1)
[2026-09-01T20:30:30.030Z] NOT FOUND: BULL (nodeId: 24, conferenceId: 1)
[2026-09-01T20:30:30.033Z] NOT FOUND: BULL (nodeId: 25, conferenceId: 1)
[2026-09-01T20:30:30.040Z] NOT FOUND: BULL (nodeId: 25, conferenceId: 1)
[2026-09-01T20:30:30.051Z] NOT FOUND: BULL (nodeId: 25, conferenceId: 1)
[2026-09-01T20:30:30.065Z] NOT FOUND: BULL (nodeId: 25, conferenceId: 1)
[2026-09-01T20:30:30.096Z] NOT FOUND: BULL (nodeId: 25, conferenceId: 1)
[2026-09-01T20:30:30.100Z] NOT FOUND: BULL (nodeId: 26, conferenceId: 1)
[2026-09-01T20:30:30.107Z] NOT FOUND: BULL (nodeId: 26, conferenceId: 1)
[2026-09-01T20:30:30.114Z] NOT FOUND: BULL (nodeId: 26, conferenceId: 1)
[2026-09-01T20:30:30.129Z] NOT FOUND: BULL (nodeId: 26, conferenceId: 1)
[2026-09-01T20:30:30.156Z] NOT FOUND: BULL (nodeId: 26, conferenceId: 1)
[2026-09-01T20:30:30.159Z] NOT FOUND: BULL (nodeId: 27, conferenceId: 1)
[2026-09-01T20:30:30.165Z] NOT FOUND: BULL (nodeId: 27, conferenceId: 1)
[2026-09-01T20:30:30.173Z] NOT FOUND: BULL (nodeId: 27, conferenceId: 1)
[2026-09-01T20:30:30.186Z] NOT FOUND: BULL (nodeId: 27, conferenceId: 1)
[2026-09-01T20:30:30.218Z] NOT FOUND: BULL (nodeId: 27, conferenceId: 1)
[2026-09-01T20:30:30.222Z] NOT FOUND: BULL (nodeId: 28, conferenceId: 1)
[2026-09-01T20:30:30.232Z] NOT FOUND: BULL (nodeId: 28, conferenceId: 1)
[2026-09-01T20:30:30.243Z] NOT FOUND: BULL (nodeId: 28, conferenceId: 1)
[2026-09-01T20:30:30.258Z] NOT FOUND: BULL (nodeId: 28, conferenceId: 1)
[2026-09-01T20:30:30.287Z] NOT FOUND: BULL (nodeId: 28, conferenceId: 1)
[2026-09-01T20:30:30.290Z] NOT FOUND: BULL (nodeId: 29, conferenceId: 1)
[2026-09-01T20:30:30.297Z] NOT FOUND: BULL (nodeId: 29, conferenceId: 1)
[2026-09-01T20:30:30.307Z] NOT FOUND: BULL (nodeId: 29, conferenceId: 1)
[2026-09-01T20:30:30.326Z] NOT FOUND: BULL (nodeId: 29, conferenceId: 1)
[2026-09-01T20:30:30.357Z] NOT FOUND: BULL (nodeId: 29, conferenceId: 1)
[2026-09-01T20:30:30.361Z] NOT FOUND: BULL (nodeId: 30, conferenceId: 1)
[2026-09-01T20:30:30.367Z] NOT FOUND: BULL (nodeId: 30, conferenceId: 1)
[2026-09-01T20:30:30.380Z] NOT FOUND: BULL (nodeId: 30, conferenceId: 1)
[2026-09-01T20:30:30.400Z] NOT FOUND: BULL (nodeId: 30, conferenceId: 1)
[2026-09-01T20:30:30.430Z] NOT FOUND: BULL (nodeId: 30, conferenceId: 1)
[2026-09-01T20:30:30.432Z] NOT FOUND: BULL (nodeId: 31, conferenceId: 1)
[2026-09-01T20:30:30.439Z] NOT FOUND: BULL (nodeId: 31, conferenceId: 1)
[2026-09-01T20:30:30.448Z] NOT FOUND: BULL (nodeId: 31, conferenceId: 1)
[2026-09-01T20:30:30.464Z] NOT FOUND: BULL (nodeId: 31, conferenceId: 1)
[2026-09-01T20:30:30.495Z] NOT FOUND: BULL (nodeId: 31, conferenceId: 1)
[2026-09-01T20:30:30.498Z] NOT FOUND: BULL (nodeId: 32, conferenceId: 1)
[2026-09-01T20:30:30.506Z] NOT FOUND: BULL (nodeId: 32, conferenceId: 1)
[2026-09-01T20:30:30.513Z] NOT FOUND: BULL (nodeId: 32, conferenceId: 1)
[2026-09-01T20:30:30.526Z] NOT FOUND: BULL (nodeId: 32, conferenceId: 1)
[2026-09-01T20:30:30.555Z] NOT FOUND: BULL (nodeId: 32, conferenceId: 1)
[2026-09-01T20:30:30.558Z] NOT FOUND: BULL (nodeId: 33, conferenceId: 1)
[2026-09-01T20:30:30.564Z] NOT FOUND: BULL (nodeId: 33, conferenceId: 1)
[2026-09-01T20:30:30.574Z] NOT FOUND: BULL (nodeId: 33, conferenceId: 1)
[2026-09-01T20:30:30.590Z] NOT FOUND: BULL (nodeId: 33, conferenceId: 1)
[2026-09-01T20:30:30.619Z] NOT FOUND: BULL (nodeId: 33, conferenceId: 1)
[2026-09-01T20:30:30.622Z] NOT FOUND: BULL (nodeId: 34, conferenceId: 1)
[2026-09-01T20:30:30.628Z] NOT FOUND: BULL (nodeId: 34, conferenceId: 1)
[2026-09-01T20:30:30.638Z] NOT FOUND: BULL (nodeId: 34, conferenceId: 1)
[2026-09-01T20:30:30.655Z] NOT FOUND: BULL (nodeId: 34, conferenceId: 1)
[2026-09-01T20:30:30.683Z] NOT FOUND: BULL (nodeId: 34, conferenceId: 1)
[2026-09-01T20:30:30.685Z] NOT FOUND: BULL (nodeId: 35, conferenceId: 1)
[2026-09-01T20:30:30.691Z] NOT FOUND: BULL (nodeId: 35, conferenceId: 1)
[2026-09-01T20:30:30.700Z] NOT FOUND: BULL (nodeId: 35, conferenceId: 1)
[2026-09-01T20:30:30.714Z] NOT FOUND: BULL (nodeId: 35, conferenceId: 1)
[2026-09-01T20:30:30.746Z] NOT FOUND: BULL (nodeId: 35, conferenceId: 1)
[2026-09-01T20:30:30.748Z] NOT FOUND: BULL (nodeId: 36, conferenceId: 1)
[2026-09-01T20:30:30.755Z] NOT FOUND: BULL (nodeId: 36, conferenceId: 1)
[2026-09-01T20:30:30.763Z] NOT FOUND: BULL (nodeId: 36, conferenceId: 1)
[2026-09-01T20:30:30.783Z] NOT FOUND: BULL (nodeId: 36, conferenceId: 1)
[2026-09-01T20:30:30.812Z] NOT FOUND: BULL (nodeId: 36, conferenceId: 1)
[2026-09-01T20:30:30.815Z] NOT FOUND: BULL (nodeId: 37, conferenceId: 1)
[2026-09-01T20:30:30.821Z] NOT FOUND: BULL (nodeId: 37, conferenceId: 1)
[2026-09-01T20:30:30.825Z] NOT FOUND: BULL (nodeId: 37, conferenceId: 1)
[2026-09-01T20:30:30.840Z] NOT FOUND: BULL (nodeId: 37, conferenceId: 1)
[2026-09-01T20:30:30.867Z] NOT FOUND: BULL (nodeId: 37, conferenceId: 1)
[2026-09-01T20:30:30.869Z] NOT FOUND: BULL (nodeId: 38, conferenceId: 1)
[2026-09-01T20:30:30.875Z] NOT FOUND: BULL (nodeId: 38, conferenceId: 1)
[2026-09-01T20:30:30.882Z] NOT FOUND: BULL (nodeId: 38, conferenceId: 1)
[2026-09-01T20:30:30.897Z] NOT FOUND: BULL (nodeId: 38, conferenceId: 1)
[2026-09-01T20:30:30.924Z] NOT FOUND: BULL (nodeId: 38, conferenceId: 1)
[2026-09-01T20:30:30.927Z] NOT FOUND: BULL (nodeId: 39, conferenceId: 1)
[2026-09-01T20:30:30.933Z] NOT FOUND: BULL (nodeId: 39, conferenceId: 1)
[2026-09-01T20:30:30.943Z] NOT FOUND: BULL (nodeId: 39, conferenceId: 1)
[2026-09-01T20:30:30.958Z] NOT FOUND: BULL (nodeId: 39, conferenceId: 1)
[2026-09-01T20:30:30.985Z] NOT FOUND: BULL (nodeId: 39, conferenceId: 1)
[2026-09-01T20:30:30.987Z] NOT FOUND: BULL (nodeId: 40, conferenceId: 1)
[2026-09-01T20:30:30.993Z] NOT FOUND: BULL (nodeId: 40, conferenceId: 1)
[2026-09-01T20:30:31.004Z] NOT FOUND: BULL (nodeId: 40, conferenceId: 1)
[2026-09-01T20:30:31.020Z] NOT FOUND: BULL (nodeId: 40, conferenceId: 1)
[2026-09-01T20:30:31.054Z] NOT FOUND: BULL (nodeId: 40, conferenceId: 1)
[2026-09-01T20:30:31.058Z] NOT FOUND: BULL (nodeId: 45, conferenceId: 1)
[2026-09-01T20:30:31.064Z] NOT FOUND: BULL (nodeId: 45, conferenceId: 1)
[2026-09-01T20:30:31.071Z] NOT FOUND: BULL (nodeId: 45, conferenceId: 1)
[2026-09-01T20:30:31.087Z] NOT FOUND: BULL (nodeId: 45, conferenceId: 1)
[2026-09-01T20:30:31.115Z] NOT FOUND: BULL (nodeId: 45, conferenceId: 1)
[2026-09-01T20:30:31.119Z] NOT FOUND: BULL (nodeId: 97, conferenceId: 1)
[2026-09-01T20:30:31.127Z] NOT FOUND: BULL (nodeId: 97, conferenceId: 1)
[2026-09-01T20:30:31.133Z] NOT FOUND: BULL (nodeId: 97, conferenceId: 1)
[2026-09-01T20:30:31.146Z] NOT FOUND: BULL (nodeId: 97, conferenceId: 1)
[2026-09-01T20:30:31.175Z] NOT FOUND: BULL (nodeId: 97, conferenceId: 1)
[2026-09-01T20:30:31.178Z] NOT FOUND: ONENODE (nodeId: 0, conferenceId: 1)
[2026-09-01T20:30:31.185Z] NOT FOUND: ONENODE (nodeId: 0, conferenceId: 1)
[2026-09-01T20:30:31.189Z] NOT FOUND: ONENODE (nodeId: 0, conferenceId: 1)
[2026-09-01T20:30:31.205Z] NOT FOUND: ONENODE (nodeId: 0, conferenceId: 1)
[2026-09-01T20:30:31.235Z] NOT FOUND: ONENODE (nodeId: 0, conferenceId: 1)
[2026-09-01T20:30:31.238Z] NOT FOUND: ONENODE (nodeId: 1, conferenceId: 1)
[2026-09-01T20:30:31.245Z] NOT FOUND: ONENODE (nodeId: 1, conferenceId: 1)
[2026-09-01T20:30:31.249Z] NOT FOUND: ONENODE (nodeId: 1, conferenceId: 1)
[2026-09-01T20:30:31.265Z] NOT FOUND: ONENODE (nodeId: 1, conferenceId: 1)
[2026-09-01T20:30:31.297Z] NOT FOUND: ONENODE (nodeId: 1, conferenceId: 1)
[2026-09-01T20:30:31.300Z] NOT FOUND: ONENODE (nodeId: 2, conferenceId: 1)
[2026-09-01T20:30:31.306Z] NOT FOUND: ONENODE (nodeId: 2, conferenceId: 1)
[2026-09-01T20:30:31.314Z] NOT FOUND: ONENODE (nodeId: 2, conferenceId: 1)
[2026-09-01T20:30:31.332Z] NOT FOUND: ONENODE (nodeId: 2, conferenceId: 1)
[2026-09-01T20:30:31.362Z] NOT FOUND: ONENODE (nodeId: 2, conferenceId: 1)
[2026-09-01T20:30:31.365Z] NOT FOUND: ONENODE (nodeId: 3, conferenceId: 1)
[2026-09-01T20:30:31.371Z] NOT FOUND: ONENODE (nodeId: 3, conferenceId: 1)
[2026-09-01T20:30:31.381Z] NOT FOUND: ONENODE (nodeId: 3, conferenceId: 1)
[2026-09-01T20:30:31.396Z] NOT FOUND: ONENODE (nodeId: 3, conferenceId: 1)
[2026-09-01T20:30:31.427Z] NOT FOUND: ONENODE (nodeId: 3, conferenceId: 1)
[2026-09-01T20:30:31.430Z] NOT FOUND: ONENODE (nodeId: 4, conferenceId: 1)
[2026-09-01T20:30:31.438Z] NOT FOUND: ONENODE (nodeId: 4, conferenceId: 1)
[2026-09-01T20:30:31.445Z] NOT FOUND: ONENODE (nodeId: 4, conferenceId: 1)
[2026-09-01T20:30:31.459Z] NOT FOUND: ONENODE (nodeId: 4, conferenceId: 1)
[2026-09-01T20:30:31.490Z] NOT FOUND: ONENODE (nodeId: 4, conferenceId: 1)
[2026-09-01T20:30:31.493Z] NOT FOUND: ONENODE (nodeId: 5, conferenceId: 1)
[2026-09-01T20:30:31.503Z] NOT FOUND: ONENODE (nodeId: 5, conferenceId: 1)
[2026-09-01T20:30:31.511Z] NOT FOUND: ONENODE (nodeId: 5, conferenceId: 1)
[2026-09-01T20:30:31.539Z] NOT FOUND: ONENODE (nodeId: 5, conferenceId: 1)
[2026-09-01T20:30:31.576Z] NOT FOUND: ONENODE (nodeId: 5, conferenceId: 1)
[2026-09-01T20:30:31.579Z] NOT FOUND: ONENODE (nodeId: 6, conferenceId: 1)
[2026-09-01T20:30:31.586Z] NOT FOUND: ONENODE (nodeId: 6, conferenceId: 1)
[2026-09-01T20:30:31.596Z] NOT FOUND: ONENODE (nodeId: 6, conferenceId: 1)
[2026-09-01T20:30:31.619Z] NOT FOUND: ONENODE (nodeId: 6, conferenceId: 1)
[2026-09-01T20:30:31.650Z] NOT FOUND: ONENODE (nodeId: 6, conferenceId: 1)
[2026-09-01T20:30:31.653Z] NOT FOUND: ONENODE (nodeId: 7, conferenceId: 1)
[2026-09-01T20:30:31.660Z] NOT FOUND: ONENODE (nodeId: 7, conferenceId: 1)
[2026-09-01T20:30:31.675Z] NOT FOUND: ONENODE (nodeId: 7, conferenceId: 1)
[2026-09-01T20:30:31.695Z] NOT FOUND: ONENODE (nodeId: 7, conferenceId: 1)
[2026-09-01T20:30:31.727Z] NOT FOUND: ONENODE (nodeId: 7, conferenceId: 1)
[2026-09-01T20:30:31.733Z] NOT FOUND: ONENODE (nodeId: 8, conferenceId: 1)
[2026-09-01T20:30:31.740Z] NOT FOUND: ONENODE (nodeId: 8, conferenceId: 1)
[2026-09-01T20:30:31.751Z] NOT FOUND: ONENODE (nodeId: 8, conferenceId: 1)
[2026-09-01T20:30:31.766Z] NOT FOUND: ONENODE (nodeId: 8, conferenceId: 1)
[2026-09-01T20:30:31.798Z] NOT FOUND: ONENODE (nodeId: 8, conferenceId: 1)
[2026-09-01T20:30:31.804Z] NOT FOUND: ONENODE (nodeId: 9, conferenceId: 1)
[2026-09-01T20:30:31.812Z] NOT FOUND: ONENODE (nodeId: 9, conferenceId: 1)
[2026-09-01T20:30:31.822Z] NOT FOUND: ONENODE (nodeId: 9, conferenceId: 1)
[2026-09-01T20:30:31.837Z] NOT FOUND: ONENODE (nodeId: 9, conferenceId: 1)
[2026-09-01T20:30:31.869Z] NOT FOUND: ONENODE (nodeId: 9, conferenceId: 1)
[2026-09-01T20:30:31.871Z] NOT FOUND: ONENODE (nodeId: 10, conferenceId: 1)
[2026-09-01T20:30:31.881Z] NOT FOUND: ONENODE (nodeId: 10, conferenceId: 1)
[2026-09-01T20:30:31.891Z] NOT FOUND: ONENODE (nodeId: 10, conferenceId: 1)
[2026-09-01T20:30:31.924Z] NOT FOUND: ONENODE (nodeId: 10, conferenceId: 1)
[2026-09-01T20:30:31.957Z] NOT FOUND: ONENODE (nodeId: 10, conferenceId: 1)
[2026-09-01T20:30:31.960Z] NOT FOUND: ONENODE (nodeId: 11, conferenceId: 1)
[2026-09-01T20:30:31.969Z] NOT FOUND: ONENODE (nodeId: 11, conferenceId: 1)
[2026-09-01T20:30:31.984Z] NOT FOUND: ONENODE (nodeId: 11, conferenceId: 1)
[2026-09-01T20:30:32.003Z] NOT FOUND: ONENODE (nodeId: 11, conferenceId: 1)
[2026-09-01T20:30:32.038Z] NOT FOUND: ONENODE (nodeId: 11, conferenceId: 1)
[2026-09-01T20:30:32.041Z] NOT FOUND: ONENODE (nodeId: 12, conferenceId: 1)
[2026-09-01T20:30:32.047Z] NOT FOUND: ONENODE (nodeId: 12, conferenceId: 1)
[2026-09-01T20:30:32.055Z] NOT FOUND: ONENODE (nodeId: 12, conferenceId: 1)
[2026-09-01T20:30:32.071Z] NOT FOUND: ONENODE (nodeId: 12, conferenceId: 1)
[2026-09-01T20:30:32.105Z] NOT FOUND: ONENODE (nodeId: 12, conferenceId: 1)
[2026-09-01T20:30:32.108Z] NOT FOUND: ONENODE (nodeId: 13, conferenceId: 1)
[2026-09-01T20:30:32.117Z] NOT FOUND: ONENODE (nodeId: 13, conferenceId: 1)
[2026-09-01T20:30:32.127Z] NOT FOUND: ONENODE (nodeId: 13, conferenceId: 1)
[2026-09-01T20:30:32.145Z] NOT FOUND: ONENODE (nodeId: 13, conferenceId: 1)
[2026-09-01T20:30:32.187Z] NOT FOUND: ONENODE (nodeId: 13, conferenceId: 1)
[2026-09-01T20:30:32.192Z] NOT FOUND: ONENODE (nodeId: 14, conferenceId: 1)
[2026-09-01T20:30:32.201Z] NOT FOUND: ONENODE (nodeId: 14, conferenceId: 1)
[2026-09-01T20:30:32.212Z] NOT FOUND: ONENODE (nodeId: 14, conferenceId: 1)
[2026-09-01T20:30:32.236Z] NOT FOUND: ONENODE (nodeId: 14, conferenceId: 1)
[2026-09-01T20:30:32.267Z] NOT FOUND: ONENODE (nodeId: 14, conferenceId: 1)
[2026-09-01T20:30:32.270Z] NOT FOUND: ONENODE (nodeId: 15, conferenceId: 1)
[2026-09-01T20:30:32.281Z] NOT FOUND: ONENODE (nodeId: 15, conferenceId: 1)
[2026-09-01T20:30:32.288Z] NOT FOUND: ONENODE (nodeId: 15, conferenceId: 1)
[2026-09-01T20:30:32.306Z] NOT FOUND: ONENODE (nodeId: 15, conferenceId: 1)
[2026-09-01T20:30:32.337Z] NOT FOUND: ONENODE (nodeId: 15, conferenceId: 1)
[2026-09-01T20:30:32.339Z] NOT FOUND: ONENODE (nodeId: 16, conferenceId: 1)
[2026-09-01T20:30:32.348Z] NOT FOUND: ONENODE (nodeId: 16, conferenceId: 1)
[2026-09-01T20:30:32.357Z] NOT FOUND: ONENODE (nodeId: 16, conferenceId: 1)
[2026-09-01T20:30:32.377Z] NOT FOUND: ONENODE (nodeId: 16, conferenceId: 1)
[2026-09-01T20:30:32.406Z] NOT FOUND: ONENODE (nodeId: 16, conferenceId: 1)
[2026-09-01T20:30:32.409Z] NOT FOUND: ONENODE (nodeId: 17, conferenceId: 1)
[2026-09-01T20:30:32.414Z] NOT FOUND: ONENODE (nodeId: 17, conferenceId: 1)
[2026-09-01T20:30:32.422Z] NOT FOUND: ONENODE (nodeId: 17, conferenceId: 1)
[2026-09-01T20:30:32.438Z] NOT FOUND: ONENODE (nodeId: 17, conferenceId: 1)
[2026-09-01T20:30:32.466Z] NOT FOUND: ONENODE (nodeId: 17, conferenceId: 1)
[2026-09-01T20:30:32.469Z] NOT FOUND: ONENODE (nodeId: 18, conferenceId: 1)
[2026-09-01T20:30:32.476Z] NOT FOUND: ONENODE (nodeId: 18, conferenceId: 1)
[2026-09-01T20:30:32.485Z] NOT FOUND: ONENODE (nodeId: 18, conferenceId: 1)
[2026-09-01T20:30:32.518Z] NOT FOUND: ONENODE (nodeId: 18, conferenceId: 1)
[2026-09-01T20:30:32.549Z] NOT FOUND: ONENODE (nodeId: 18, conferenceId: 1)
[2026-09-01T20:30:32.551Z] NOT FOUND: ONENODE (nodeId: 19, conferenceId: 1)
[2026-09-01T20:30:32.558Z] NOT FOUND: ONENODE (nodeId: 19, conferenceId: 1)
[2026-09-01T20:30:32.565Z] NOT FOUND: ONENODE (nodeId: 19, conferenceId: 1)
[2026-09-01T20:30:32.582Z] NOT FOUND: ONENODE (nodeId: 19, conferenceId: 1)
[2026-09-01T20:30:32.612Z] NOT FOUND: ONENODE (nodeId: 19, conferenceId: 1)
[2026-09-01T20:30:32.614Z] NOT FOUND: ONENODE (nodeId: 20, conferenceId: 1)
[2026-09-01T20:30:32.622Z] NOT FOUND: ONENODE (nodeId: 20, conferenceId: 1)
[2026-09-01T20:30:32.629Z] NOT FOUND: ONENODE (nodeId: 20, conferenceId: 1)
[2026-09-01T20:30:32.642Z] NOT FOUND: ONENODE (nodeId: 20, conferenceId: 1)
[2026-09-01T20:30:32.672Z] NOT FOUND: ONENODE (nodeId: 20, conferenceId: 1)
[2026-09-01T20:30:32.675Z] NOT FOUND: ONENODE (nodeId: 21, conferenceId: 1)
[2026-09-01T20:30:32.683Z] NOT FOUND: ONENODE (nodeId: 21, conferenceId: 1)
[2026-09-01T20:30:32.690Z] NOT FOUND: ONENODE (nodeId: 21, conferenceId: 1)
[2026-09-01T20:30:32.705Z] NOT FOUND: ONENODE (nodeId: 21, conferenceId: 1)
[2026-09-01T20:30:32.733Z] NOT FOUND: ONENODE (nodeId: 21, conferenceId: 1)
[2026-09-01T20:30:32.736Z] NOT FOUND: ONENODE (nodeId: 22, conferenceId: 1)
[2026-09-01T20:30:32.744Z] NOT FOUND: ONENODE (nodeId: 22, conferenceId: 1)
[2026-09-01T20:30:32.750Z] NOT FOUND: ONENODE (nodeId: 22, conferenceId: 1)
[2026-09-01T20:30:32.764Z] NOT FOUND: ONENODE (nodeId: 22, conferenceId: 1)
[2026-09-01T20:30:32.790Z] NOT FOUND: ONENODE (nodeId: 22, conferenceId: 1)
[2026-09-01T20:30:32.793Z] NOT FOUND: ONENODE (nodeId: 23, conferenceId: 1)
[2026-09-01T20:30:32.799Z] NOT FOUND: ONENODE (nodeId: 23, conferenceId: 1)
[2026-09-01T20:30:32.806Z] NOT FOUND: ONENODE (nodeId: 23, conferenceId: 1)
[2026-09-01T20:30:32.821Z] NOT FOUND: ONENODE (nodeId: 23, conferenceId: 1)
[2026-09-01T20:30:32.849Z] NOT FOUND: ONENODE (nodeId: 23, conferenceId: 1)
[2026-09-01T20:30:32.852Z] NOT FOUND: ONENODE (nodeId: 24, conferenceId: 1)
[2026-09-01T20:30:32.857Z] NOT FOUND: ONENODE (nodeId: 24, conferenceId: 1)
[2026-09-01T20:30:32.866Z] NOT FOUND: ONENODE (nodeId: 24, conferenceId: 1)
[2026-09-01T20:30:32.882Z] NOT FOUND: ONENODE (nodeId: 24, conferenceId: 1)
[2026-09-01T20:30:32.912Z] NOT FOUND: ONENODE (nodeId: 24, conferenceId: 1)
[2026-09-01T20:30:32.915Z] NOT FOUND: ONENODE (nodeId: 25, conferenceId: 1)
[2026-09-01T20:30:32.921Z] NOT FOUND: ONENODE (nodeId: 25, conferenceId: 1)
[2026-09-01T20:30:32.929Z] NOT FOUND: ONENODE (nodeId: 25, conferenceId: 1)
[2026-09-01T20:30:32.944Z] NOT FOUND: ONENODE (nodeId: 25, conferenceId: 1)
[2026-09-01T20:30:32.969Z] NOT FOUND: ONENODE (nodeId: 25, conferenceId: 1)
[2026-09-01T20:30:32.972Z] NOT FOUND: ONENODE (nodeId: 26, conferenceId: 1)
[2026-09-01T20:30:32.978Z] NOT FOUND: ONENODE (nodeId: 26, conferenceId: 1)
[2026-09-01T20:30:32.988Z] NOT FOUND: ONENODE (nodeId: 26, conferenceId: 1)
[2026-09-01T20:30:33.004Z] NOT FOUND: ONENODE (nodeId: 26, conferenceId: 1)
[2026-09-01T20:30:33.033Z] NOT FOUND: ONENODE (nodeId: 26, conferenceId: 1)
[2026-09-01T20:30:33.036Z] NOT FOUND: ONENODE (nodeId: 27, conferenceId: 1)
[2026-09-01T20:30:33.042Z] NOT FOUND: ONENODE (nodeId: 27, conferenceId: 1)
[2026-09-01T20:30:33.051Z] NOT FOUND: ONENODE (nodeId: 27, conferenceId: 1)
[2026-09-01T20:30:33.065Z] NOT FOUND: ONENODE (nodeId: 27, conferenceId: 1)
[2026-09-01T20:30:33.104Z] NOT FOUND: ONENODE (nodeId: 27, conferenceId: 1)
[2026-09-01T20:30:33.118Z] NOT FOUND: ONENODE (nodeId: 28, conferenceId: 1)
[2026-09-01T20:30:33.174Z] NOT FOUND: ONENODE (nodeId: 28, conferenceId: 1)
[2026-09-01T20:30:33.219Z] NOT FOUND: ONENODE (nodeId: 28, conferenceId: 1)
[2026-09-01T20:30:33.287Z] NOT FOUND: ONENODE (nodeId: 28, conferenceId: 1)
[2026-09-01T20:30:33.346Z] NOT FOUND: ONENODE (nodeId: 28, conferenceId: 1)
[2026-09-01T20:30:33.349Z] NOT FOUND: ONENODE (nodeId: 29, conferenceId: 1)
[2026-09-01T20:30:33.356Z] NOT FOUND: ONENODE (nodeId: 29, conferenceId: 1)
[2026-09-01T20:30:33.364Z] NOT FOUND: ONENODE (nodeId: 29, conferenceId: 1)
[2026-09-01T20:30:33.391Z] NOT FOUND: ONENODE (nodeId: 29, conferenceId: 1)
[2026-09-01T20:30:33.456Z] NOT FOUND: ONENODE (nodeId: 29, conferenceId: 1)
[2026-09-01T20:30:33.462Z] NOT FOUND: ONENODE (nodeId: 30, conferenceId: 1)
[2026-09-01T20:30:33.470Z] NOT FOUND: ONENODE (nodeId: 30, conferenceId: 1)
[2026-09-01T20:30:33.481Z] NOT FOUND: ONENODE (nodeId: 30, conferenceId: 1)
[2026-09-01T20:30:33.501Z] NOT FOUND: ONENODE (nodeId: 30, conferenceId: 1)
[2026-09-01T20:30:33.535Z] NOT FOUND: ONENODE (nodeId: 30, conferenceId: 1)
[2026-09-01T20:30:33.537Z] NOT FOUND: ONENODE (nodeId: 31, conferenceId: 1)
[2026-09-01T20:30:33.546Z] NOT FOUND: ONENODE (nodeId: 31, conferenceId: 1)
[2026-09-01T20:30:33.556Z] NOT FOUND: ONENODE (nodeId: 31, conferenceId: 1)
[2026-09-01T20:30:33.577Z] NOT FOUND: ONENODE (nodeId: 31, conferenceId: 1)
[2026-09-01T20:30:33.608Z] NOT FOUND: ONENODE (nodeId: 31, conferenceId: 1)
[2026-09-01T20:30:33.611Z] NOT FOUND: ONENODE (nodeId: 32, conferenceId: 1)
[2026-09-01T20:30:33.620Z] NOT FOUND: ONENODE (nodeId: 32, conferenceId: 1)
[2026-09-01T20:30:33.631Z] NOT FOUND: ONENODE (nodeId: 32, conferenceId: 1)
[2026-09-01T20:30:33.646Z] NOT FOUND: ONENODE (nodeId: 32, conferenceId: 1)
[2026-09-01T20:30:33.679Z] NOT FOUND: ONENODE (nodeId: 32, conferenceId: 1)
[2026-09-01T20:30:33.681Z] NOT FOUND: ONENODE (nodeId: 33, conferenceId: 1)
[2026-09-01T20:30:33.689Z] NOT FOUND: ONENODE (nodeId: 33, conferenceId: 1)
[2026-09-01T20:30:33.704Z] NOT FOUND: ONENODE (nodeId: 33, conferenceId: 1)
[2026-09-01T20:30:33.727Z] NOT FOUND: ONENODE (nodeId: 33, conferenceId: 1)
[2026-09-01T20:30:33.760Z] NOT FOUND: ONENODE (nodeId: 33, conferenceId: 1)
[2026-09-01T20:30:33.762Z] NOT FOUND: ONENODE (nodeId: 34, conferenceId: 1)
[2026-09-01T20:30:33.771Z] NOT FOUND: ONENODE (nodeId: 34, conferenceId: 1)
[2026-09-01T20:30:33.782Z] NOT FOUND: ONENODE (nodeId: 34, conferenceId: 1)
[2026-09-01T20:30:33.797Z] NOT FOUND: ONENODE (nodeId: 34, conferenceId: 1)
[2026-09-01T20:30:33.830Z] NOT FOUND: ONENODE (nodeId: 34, conferenceId: 1)
[2026-09-01T20:30:33.833Z] NOT FOUND: ONENODE (nodeId: 35, conferenceId: 1)
[2026-09-01T20:30:33.844Z] NOT FOUND: ONENODE (nodeId: 35, conferenceId: 1)
[2026-09-01T20:30:33.851Z] NOT FOUND: ONENODE (nodeId: 35, conferenceId: 1)
[2026-09-01T20:30:33.867Z] NOT FOUND: ONENODE (nodeId: 35, conferenceId: 1)
[2026-09-01T20:30:33.899Z] NOT FOUND: ONENODE (nodeId: 35, conferenceId: 1)
[2026-09-01T20:30:33.902Z] NOT FOUND: ONENODE (nodeId: 36, conferenceId: 1)
[2026-09-01T20:30:33.908Z] NOT FOUND: ONENODE (nodeId: 36, conferenceId: 1)
[2026-09-01T20:30:33.912Z] NOT FOUND: ONENODE (nodeId: 36, conferenceId: 1)
[2026-09-01T20:30:33.928Z] NOT FOUND: ONENODE (nodeId: 36, conferenceId: 1)
[2026-09-01T20:30:33.955Z] NOT FOUND: ONENODE (nodeId: 36, conferenceId: 1)
[2026-09-01T20:30:33.957Z] NOT FOUND: ONENODE (nodeId: 37, conferenceId: 1)
[2026-09-01T20:30:33.964Z] NOT FOUND: ONENODE (nodeId: 37, conferenceId: 1)
[2026-09-01T20:30:33.975Z] NOT FOUND: ONENODE (nodeId: 37, conferenceId: 1)
[2026-09-01T20:30:33.992Z] NOT FOUND: ONENODE (nodeId: 37, conferenceId: 1)
[2026-09-01T20:30:34.028Z] NOT FOUND: ONENODE (nodeId: 37, conferenceId: 1)
[2026-09-01T20:30:34.031Z] NOT FOUND: ONENODE (nodeId: 38, conferenceId: 1)
[2026-09-01T20:30:34.039Z] NOT FOUND: ONENODE (nodeId: 38, conferenceId: 1)
[2026-09-01T20:30:34.050Z] NOT FOUND: ONENODE (nodeId: 38, conferenceId: 1)
[2026-09-01T20:30:34.074Z] NOT FOUND: ONENODE (nodeId: 38, conferenceId: 1)
[2026-09-01T20:30:34.113Z] NOT FOUND: ONENODE (nodeId: 38, conferenceId: 1)
[2026-09-01T20:30:34.115Z] NOT FOUND: ONENODE (nodeId: 39, conferenceId: 1)
[2026-09-01T20:30:34.127Z] NOT FOUND: ONENODE (nodeId: 39, conferenceId: 1)
[2026-09-01T20:30:34.140Z] NOT FOUND: ONENODE (nodeId: 39, conferenceId: 1)
[2026-09-01T20:30:34.157Z] NOT FOUND: ONENODE (nodeId: 39, conferenceId: 1)
[2026-09-01T20:30:34.192Z] NOT FOUND: ONENODE (nodeId: 39, conferenceId: 1)
[2026-09-01T20:30:34.194Z] NOT FOUND: ONENODE (nodeId: 40, conferenceId: 1)
[2026-09-01T20:30:34.200Z] NOT FOUND: ONENODE (nodeId: 40, conferenceId: 1)
[2026-09-01T20:30:34.205Z] NOT FOUND: ONENODE (nodeId: 40, conferenceId: 1)
[2026-09-01T20:30:34.223Z] NOT FOUND: ONENODE (nodeId: 40, conferenceId: 1)
[2026-09-01T20:30:34.255Z] NOT FOUND: ONENODE (nodeId: 40, conferenceId: 1)
[2026-09-01T20:30:34.257Z] NOT FOUND: ONENODE (nodeId: 45, conferenceId: 1)
[2026-09-01T20:30:34.267Z] NOT FOUND: ONENODE (nodeId: 45, conferenceId: 1)
[2026-09-01T20:30:34.276Z] NOT FOUND: ONENODE (nodeId: 45, conferenceId: 1)
[2026-09-01T20:30:34.289Z] NOT FOUND: ONENODE (nodeId: 45, conferenceId: 1)
[2026-09-01T20:30:34.322Z] NOT FOUND: ONENODE (nodeId: 45, conferenceId: 1)
[2026-09-01T20:30:34.325Z] NOT FOUND: ONENODE (nodeId: 97, conferenceId: 1)
[2026-09-01T20:30:34.334Z] NOT FOUND: ONENODE (nodeId: 97, conferenceId: 1)
[2026-09-01T20:30:34.343Z] NOT FOUND: ONENODE (nodeId: 97, conferenceId: 1)
[2026-09-01T20:30:34.368Z] NOT FOUND: ONENODE (nodeId: 97, conferenceId: 1)
[2026-09-01T20:30:34.418Z] NOT FOUND: ONENODE (nodeId: 97, conferenceId: 1)
[2026-09-01T20:30:36.916Z] NOT FOUND: NONEWATBAUD (nodeId: 0, conferenceId: 1)
[2026-09-01T20:30:36.917Z] NOT FOUND: NONEWATBAUD (nodeId: 0, conferenceId: 1)
[2026-09-01T20:30:36.923Z] NOT FOUND: NONEWATBAUD (nodeId: 0, conferenceId: 1)
[2026-09-01T20:30:36.929Z] NOT FOUND: NONEWATBAUD (nodeId: 0, conferenceId: 1)
[2026-09-01T20:30:36.942Z] NOT FOUND: NONEWATBAUD (nodeId: 0, conferenceId: 1)
[2026-09-01T20:30:36.943Z] NOT FOUND: NONEWATBAUD (nodeId: 1, conferenceId: 1)
[2026-09-01T20:30:36.947Z] NOT FOUND: NONEWATBAUD (nodeId: 1, conferenceId: 1)
[2026-09-01T20:30:36.955Z] NOT FOUND: NONEWATBAUD (nodeId: 1, conferenceId: 1)
[2026-09-01T20:30:36.961Z] NOT FOUND: NONEWATBAUD (nodeId: 1, conferenceId: 1)
[2026-09-01T20:30:36.970Z] NOT FOUND: NONEWATBAUD (nodeId: 1, conferenceId: 1)
[2026-09-01T20:30:36.970Z] NOT FOUND: NONEWATBAUD (nodeId: 2, conferenceId: 1)
[2026-09-01T20:30:36.974Z] NOT FOUND: NONEWATBAUD (nodeId: 2, conferenceId: 1)
[2026-09-01T20:30:36.981Z] NOT FOUND: NONEWATBAUD (nodeId: 2, conferenceId: 1)
[2026-09-01T20:30:36.987Z] NOT FOUND: NONEWATBAUD (nodeId: 2, conferenceId: 1)
[2026-09-01T20:30:37.000Z] NOT FOUND: NONEWATBAUD (nodeId: 2, conferenceId: 1)
[2026-09-01T20:30:37.001Z] NOT FOUND: NONEWATBAUD (nodeId: 3, conferenceId: 1)
[2026-09-01T20:30:37.005Z] NOT FOUND: NONEWATBAUD (nodeId: 3, conferenceId: 1)
[2026-09-01T20:30:37.014Z] NOT FOUND: NONEWATBAUD (nodeId: 3, conferenceId: 1)
[2026-09-01T20:30:37.022Z] NOT FOUND: NONEWATBAUD (nodeId: 3, conferenceId: 1)
[2026-09-01T20:30:37.032Z] NOT FOUND: NONEWATBAUD (nodeId: 3, conferenceId: 1)
[2026-09-01T20:30:37.033Z] NOT FOUND: NONEWATBAUD (nodeId: 4, conferenceId: 1)
[2026-09-01T20:30:37.038Z] NOT FOUND: NONEWATBAUD (nodeId: 4, conferenceId: 1)
[2026-09-01T20:30:37.044Z] NOT FOUND: NONEWATBAUD (nodeId: 4, conferenceId: 1)
[2026-09-01T20:30:37.050Z] NOT FOUND: NONEWATBAUD (nodeId: 4, conferenceId: 1)
[2026-09-01T20:30:37.063Z] NOT FOUND: NONEWATBAUD (nodeId: 4, conferenceId: 1)
[2026-09-01T20:30:37.064Z] NOT FOUND: NONEWATBAUD (nodeId: 5, conferenceId: 1)
[2026-09-01T20:30:37.067Z] NOT FOUND: NONEWATBAUD (nodeId: 5, conferenceId: 1)
[2026-09-01T20:30:37.071Z] NOT FOUND: NONEWATBAUD (nodeId: 5, conferenceId: 1)
[2026-09-01T20:30:37.082Z] NOT FOUND: NONEWATBAUD (nodeId: 5, conferenceId: 1)
[2026-09-01T20:30:37.093Z] NOT FOUND: NONEWATBAUD (nodeId: 5, conferenceId: 1)
[2026-09-01T20:30:37.094Z] NOT FOUND: NONEWATBAUD (nodeId: 6, conferenceId: 1)
[2026-09-01T20:30:37.099Z] NOT FOUND: NONEWATBAUD (nodeId: 6, conferenceId: 1)
[2026-09-01T20:30:37.104Z] NOT FOUND: NONEWATBAUD (nodeId: 6, conferenceId: 1)
[2026-09-01T20:30:37.113Z] NOT FOUND: NONEWATBAUD (nodeId: 6, conferenceId: 1)
[2026-09-01T20:30:37.124Z] NOT FOUND: NONEWATBAUD (nodeId: 6, conferenceId: 1)
[2026-09-01T20:30:37.125Z] NOT FOUND: NONEWATBAUD (nodeId: 7, conferenceId: 1)
[2026-09-01T20:30:37.129Z] NOT FOUND: NONEWATBAUD (nodeId: 7, conferenceId: 1)
[2026-09-01T20:30:37.133Z] NOT FOUND: NONEWATBAUD (nodeId: 7, conferenceId: 1)
[2026-09-01T20:30:37.142Z] NOT FOUND: NONEWATBAUD (nodeId: 7, conferenceId: 1)
[2026-09-01T20:30:37.154Z] NOT FOUND: NONEWATBAUD (nodeId: 7, conferenceId: 1)
[2026-09-01T20:30:37.155Z] NOT FOUND: NONEWATBAUD (nodeId: 8, conferenceId: 1)
[2026-09-01T20:30:37.163Z] NOT FOUND: NONEWATBAUD (nodeId: 8, conferenceId: 1)
[2026-09-01T20:30:37.205Z] NOT FOUND: NONEWATBAUD (nodeId: 8, conferenceId: 1)
[2026-09-01T20:30:37.213Z] NOT FOUND: NONEWATBAUD (nodeId: 8, conferenceId: 1)
[2026-09-01T20:30:37.227Z] NOT FOUND: NONEWATBAUD (nodeId: 8, conferenceId: 1)
[2026-09-01T20:30:37.228Z] NOT FOUND: NONEWATBAUD (nodeId: 9, conferenceId: 1)
[2026-09-01T20:30:37.233Z] NOT FOUND: NONEWATBAUD (nodeId: 9, conferenceId: 1)
[2026-09-01T20:30:37.243Z] NOT FOUND: NONEWATBAUD (nodeId: 9, conferenceId: 1)
[2026-09-01T20:30:37.250Z] NOT FOUND: NONEWATBAUD (nodeId: 9, conferenceId: 1)
[2026-09-01T20:30:37.261Z] NOT FOUND: NONEWATBAUD (nodeId: 9, conferenceId: 1)
[2026-09-01T20:30:37.262Z] NOT FOUND: NONEWATBAUD (nodeId: 10, conferenceId: 1)
[2026-09-01T20:30:37.266Z] NOT FOUND: NONEWATBAUD (nodeId: 10, conferenceId: 1)
[2026-09-01T20:30:37.274Z] NOT FOUND: NONEWATBAUD (nodeId: 10, conferenceId: 1)
[2026-09-01T20:30:37.300Z] NOT FOUND: NONEWATBAUD (nodeId: 10, conferenceId: 1)
[2026-09-01T20:30:37.320Z] NOT FOUND: NONEWATBAUD (nodeId: 10, conferenceId: 1)
[2026-09-01T20:30:37.321Z] NOT FOUND: NONEWATBAUD (nodeId: 11, conferenceId: 1)
[2026-09-01T20:30:37.325Z] NOT FOUND: NONEWATBAUD (nodeId: 11, conferenceId: 1)
[2026-09-01T20:30:37.329Z] NOT FOUND: NONEWATBAUD (nodeId: 11, conferenceId: 1)
[2026-09-01T20:30:37.341Z] NOT FOUND: NONEWATBAUD (nodeId: 11, conferenceId: 1)
[2026-09-01T20:30:37.351Z] NOT FOUND: NONEWATBAUD (nodeId: 11, conferenceId: 1)
[2026-09-01T20:30:37.353Z] NOT FOUND: NONEWATBAUD (nodeId: 12, conferenceId: 1)
[2026-09-01T20:30:37.358Z] NOT FOUND: NONEWATBAUD (nodeId: 12, conferenceId: 1)
[2026-09-01T20:30:37.364Z] NOT FOUND: NONEWATBAUD (nodeId: 12, conferenceId: 1)
[2026-09-01T20:30:37.378Z] NOT FOUND: NONEWATBAUD (nodeId: 12, conferenceId: 1)
[2026-09-01T20:30:37.391Z] NOT FOUND: NONEWATBAUD (nodeId: 12, conferenceId: 1)
[2026-09-01T20:30:37.392Z] NOT FOUND: NONEWATBAUD (nodeId: 13, conferenceId: 1)
[2026-09-01T20:30:37.398Z] NOT FOUND: NONEWATBAUD (nodeId: 13, conferenceId: 1)
[2026-09-01T20:30:37.403Z] NOT FOUND: NONEWATBAUD (nodeId: 13, conferenceId: 1)
[2026-09-01T20:30:37.413Z] NOT FOUND: NONEWATBAUD (nodeId: 13, conferenceId: 1)
[2026-09-01T20:30:37.424Z] NOT FOUND: NONEWATBAUD (nodeId: 13, conferenceId: 1)
[2026-09-01T20:30:37.425Z] NOT FOUND: NONEWATBAUD (nodeId: 14, conferenceId: 1)
[2026-09-01T20:30:37.429Z] NOT FOUND: NONEWATBAUD (nodeId: 14, conferenceId: 1)
[2026-09-01T20:30:37.433Z] NOT FOUND: NONEWATBAUD (nodeId: 14, conferenceId: 1)
[2026-09-01T20:30:37.449Z] NOT FOUND: NONEWATBAUD (nodeId: 14, conferenceId: 1)
[2026-09-01T20:30:37.457Z] NOT FOUND: NONEWATBAUD (nodeId: 14, conferenceId: 1)
[2026-09-01T20:30:37.458Z] NOT FOUND: NONEWATBAUD (nodeId: 15, conferenceId: 1)
[2026-09-01T20:30:37.462Z] NOT FOUND: NONEWATBAUD (nodeId: 15, conferenceId: 1)
[2026-09-01T20:30:37.469Z] NOT FOUND: NONEWATBAUD (nodeId: 15, conferenceId: 1)
[2026-09-01T20:30:37.478Z] NOT FOUND: NONEWATBAUD (nodeId: 15, conferenceId: 1)
[2026-09-01T20:30:37.492Z] NOT FOUND: NONEWATBAUD (nodeId: 15, conferenceId: 1)
[2026-09-01T20:30:37.493Z] NOT FOUND: NONEWATBAUD (nodeId: 16, conferenceId: 1)
[2026-09-01T20:30:37.500Z] NOT FOUND: NONEWATBAUD (nodeId: 16, conferenceId: 1)
[2026-09-01T20:30:37.504Z] NOT FOUND: NONEWATBAUD (nodeId: 16, conferenceId: 1)
[2026-09-01T20:30:37.511Z] NOT FOUND: NONEWATBAUD (nodeId: 16, conferenceId: 1)
[2026-09-01T20:30:37.524Z] NOT FOUND: NONEWATBAUD (nodeId: 16, conferenceId: 1)
[2026-09-01T20:30:37.525Z] NOT FOUND: NONEWATBAUD (nodeId: 17, conferenceId: 1)
[2026-09-01T20:30:37.531Z] NOT FOUND: NONEWATBAUD (nodeId: 17, conferenceId: 1)
[2026-09-01T20:30:37.540Z] NOT FOUND: NONEWATBAUD (nodeId: 17, conferenceId: 1)
[2026-09-01T20:30:37.571Z] NOT FOUND: NONEWATBAUD (nodeId: 17, conferenceId: 1)
[2026-09-01T20:30:37.606Z] NOT FOUND: NONEWATBAUD (nodeId: 17, conferenceId: 1)
[2026-09-01T20:30:37.608Z] NOT FOUND: NONEWATBAUD (nodeId: 18, conferenceId: 1)
[2026-09-01T20:30:37.616Z] NOT FOUND: NONEWATBAUD (nodeId: 18, conferenceId: 1)
[2026-09-01T20:30:37.622Z] NOT FOUND: NONEWATBAUD (nodeId: 18, conferenceId: 1)
[2026-09-01T20:30:37.631Z] NOT FOUND: NONEWATBAUD (nodeId: 18, conferenceId: 1)
[2026-09-01T20:30:37.644Z] NOT FOUND: NONEWATBAUD (nodeId: 18, conferenceId: 1)
[2026-09-01T20:30:37.646Z] NOT FOUND: NONEWATBAUD (nodeId: 19, conferenceId: 1)
[2026-09-01T20:30:37.651Z] NOT FOUND: NONEWATBAUD (nodeId: 19, conferenceId: 1)
[2026-09-01T20:30:37.666Z] NOT FOUND: NONEWATBAUD (nodeId: 19, conferenceId: 1)
[2026-09-01T20:30:37.683Z] NOT FOUND: NONEWATBAUD (nodeId: 19, conferenceId: 1)
[2026-09-01T20:30:37.706Z] NOT FOUND: NONEWATBAUD (nodeId: 19, conferenceId: 1)
[2026-09-01T20:30:37.708Z] NOT FOUND: NONEWATBAUD (nodeId: 20, conferenceId: 1)
[2026-09-01T20:30:37.715Z] NOT FOUND: NONEWATBAUD (nodeId: 20, conferenceId: 1)
[2026-09-01T20:30:37.720Z] NOT FOUND: NONEWATBAUD (nodeId: 20, conferenceId: 1)
[2026-09-01T20:30:37.727Z] NOT FOUND: NONEWATBAUD (nodeId: 20, conferenceId: 1)
[2026-09-01T20:30:37.744Z] NOT FOUND: NONEWATBAUD (nodeId: 20, conferenceId: 1)
[2026-09-01T20:30:37.747Z] NOT FOUND: NONEWATBAUD (nodeId: 21, conferenceId: 1)
[2026-09-01T20:30:37.753Z] NOT FOUND: NONEWATBAUD (nodeId: 21, conferenceId: 1)
[2026-09-01T20:30:37.758Z] NOT FOUND: NONEWATBAUD (nodeId: 21, conferenceId: 1)
[2026-09-01T20:30:37.766Z] NOT FOUND: NONEWATBAUD (nodeId: 21, conferenceId: 1)
[2026-09-01T20:30:37.780Z] NOT FOUND: NONEWATBAUD (nodeId: 21, conferenceId: 1)
[2026-09-01T20:30:37.782Z] NOT FOUND: NONEWATBAUD (nodeId: 22, conferenceId: 1)
[2026-09-01T20:30:37.795Z] NOT FOUND: NONEWATBAUD (nodeId: 22, conferenceId: 1)
[2026-09-01T20:30:37.801Z] NOT FOUND: NONEWATBAUD (nodeId: 22, conferenceId: 1)
[2026-09-01T20:30:37.812Z] NOT FOUND: NONEWATBAUD (nodeId: 22, conferenceId: 1)
[2026-09-01T20:30:37.829Z] NOT FOUND: NONEWATBAUD (nodeId: 22, conferenceId: 1)
[2026-09-01T20:30:37.836Z] NOT FOUND: NONEWATBAUD (nodeId: 23, conferenceId: 1)
[2026-09-01T20:30:37.841Z] NOT FOUND: NONEWATBAUD (nodeId: 23, conferenceId: 1)
[2026-09-01T20:30:37.846Z] NOT FOUND: NONEWATBAUD (nodeId: 23, conferenceId: 1)
[2026-09-01T20:30:37.866Z] NOT FOUND: NONEWATBAUD (nodeId: 23, conferenceId: 1)
[2026-09-01T20:30:37.885Z] NOT FOUND: NONEWATBAUD (nodeId: 23, conferenceId: 1)
[2026-09-01T20:30:37.887Z] NOT FOUND: NONEWATBAUD (nodeId: 24, conferenceId: 1)
[2026-09-01T20:30:37.892Z] NOT FOUND: NONEWATBAUD (nodeId: 24, conferenceId: 1)
[2026-09-01T20:30:37.899Z] NOT FOUND: NONEWATBAUD (nodeId: 24, conferenceId: 1)
[2026-09-01T20:30:37.910Z] NOT FOUND: NONEWATBAUD (nodeId: 24, conferenceId: 1)
[2026-09-01T20:30:37.924Z] NOT FOUND: NONEWATBAUD (nodeId: 24, conferenceId: 1)
[2026-09-01T20:30:37.925Z] NOT FOUND: NONEWATBAUD (nodeId: 25, conferenceId: 1)
[2026-09-01T20:30:37.929Z] NOT FOUND: NONEWATBAUD (nodeId: 25, conferenceId: 1)
[2026-09-01T20:30:37.934Z] NOT FOUND: NONEWATBAUD (nodeId: 25, conferenceId: 1)
[2026-09-01T20:30:37.944Z] NOT FOUND: NONEWATBAUD (nodeId: 25, conferenceId: 1)
[2026-09-01T20:30:37.957Z] NOT FOUND: NONEWATBAUD (nodeId: 25, conferenceId: 1)
[2026-09-01T20:30:37.960Z] NOT FOUND: NONEWATBAUD (nodeId: 26, conferenceId: 1)
[2026-09-01T20:30:37.965Z] NOT FOUND: NONEWATBAUD (nodeId: 26, conferenceId: 1)
[2026-09-01T20:30:37.973Z] NOT FOUND: NONEWATBAUD (nodeId: 26, conferenceId: 1)
[2026-09-01T20:30:37.982Z] NOT FOUND: NONEWATBAUD (nodeId: 26, conferenceId: 1)
[2026-09-01T20:30:37.997Z] NOT FOUND: NONEWATBAUD (nodeId: 26, conferenceId: 1)
[2026-09-01T20:30:37.998Z] NOT FOUND: NONEWATBAUD (nodeId: 27, conferenceId: 1)
[2026-09-01T20:30:38.007Z] NOT FOUND: NONEWATBAUD (nodeId: 27, conferenceId: 1)
[2026-09-01T20:30:38.014Z] NOT FOUND: NONEWATBAUD (nodeId: 27, conferenceId: 1)
[2026-09-01T20:30:38.035Z] NOT FOUND: NONEWATBAUD (nodeId: 27, conferenceId: 1)
[2026-09-01T20:30:38.048Z] NOT FOUND: NONEWATBAUD (nodeId: 27, conferenceId: 1)
[2026-09-01T20:30:38.050Z] NOT FOUND: NONEWATBAUD (nodeId: 28, conferenceId: 1)
[2026-09-01T20:30:38.054Z] NOT FOUND: NONEWATBAUD (nodeId: 28, conferenceId: 1)
[2026-09-01T20:30:38.061Z] NOT FOUND: NONEWATBAUD (nodeId: 28, conferenceId: 1)
[2026-09-01T20:30:38.072Z] NOT FOUND: NONEWATBAUD (nodeId: 28, conferenceId: 1)
[2026-09-01T20:30:38.104Z] NOT FOUND: NONEWATBAUD (nodeId: 28, conferenceId: 1)
[2026-09-01T20:30:38.105Z] NOT FOUND: NONEWATBAUD (nodeId: 29, conferenceId: 1)
[2026-09-01T20:30:38.110Z] NOT FOUND: NONEWATBAUD (nodeId: 29, conferenceId: 1)
[2026-09-01T20:30:38.115Z] NOT FOUND: NONEWATBAUD (nodeId: 29, conferenceId: 1)
[2026-09-01T20:30:38.528Z] NOT FOUND: NONEWATBAUD (nodeId: 29, conferenceId: 1)
[2026-09-01T20:30:38.549Z] NOT FOUND: NONEWATBAUD (nodeId: 29, conferenceId: 1)
[2026-09-01T20:30:38.551Z] NOT FOUND: NONEWATBAUD (nodeId: 30, conferenceId: 1)
[2026-09-01T20:30:39.084Z] NOT FOUND: NONEWATBAUD (nodeId: 30, conferenceId: 1)
[2026-09-01T20:30:39.091Z] NOT FOUND: NONEWATBAUD (nodeId: 30, conferenceId: 1)
[2026-09-01T20:30:39.112Z] NOT FOUND: NONEWATBAUD (nodeId: 30, conferenceId: 1)
[2026-09-01T20:30:39.140Z] NOT FOUND: NONEWATBAUD (nodeId: 30, conferenceId: 1)
[2026-09-01T20:30:39.141Z] NOT FOUND: NONEWATBAUD (nodeId: 31, conferenceId: 1)
[2026-09-01T20:30:39.145Z] NOT FOUND: NONEWATBAUD (nodeId: 31, conferenceId: 1)
[2026-09-01T20:30:39.151Z] NOT FOUND: NONEWATBAUD (nodeId: 31, conferenceId: 1)
[2026-09-01T20:30:39.170Z] NOT FOUND: NONEWATBAUD (nodeId: 31, conferenceId: 1)
[2026-09-01T20:30:39.183Z] NOT FOUND: NONEWATBAUD (nodeId: 31, conferenceId: 1)
[2026-09-01T20:30:39.184Z] NOT FOUND: NONEWATBAUD (nodeId: 32, conferenceId: 1)
[2026-09-01T20:30:39.189Z] NOT FOUND: NONEWATBAUD (nodeId: 32, conferenceId: 1)
[2026-09-01T20:30:39.194Z] NOT FOUND: NONEWATBAUD (nodeId: 32, conferenceId: 1)
[2026-09-01T20:30:39.207Z] NOT FOUND: NONEWATBAUD (nodeId: 32, conferenceId: 1)
[2026-09-01T20:30:39.224Z] NOT FOUND: NONEWATBAUD (nodeId: 32, conferenceId: 1)
[2026-09-01T20:30:39.225Z] NOT FOUND: NONEWATBAUD (nodeId: 33, conferenceId: 1)
[2026-09-01T20:30:39.228Z] NOT FOUND: NONEWATBAUD (nodeId: 33, conferenceId: 1)
[2026-09-01T20:30:39.232Z] NOT FOUND: NONEWATBAUD (nodeId: 33, conferenceId: 1)
[2026-09-01T20:30:39.244Z] NOT FOUND: NONEWATBAUD (nodeId: 33, conferenceId: 1)
[2026-09-01T20:30:39.259Z] NOT FOUND: NONEWATBAUD (nodeId: 33, conferenceId: 1)
[2026-09-01T20:30:39.261Z] NOT FOUND: NONEWATBAUD (nodeId: 34, conferenceId: 1)
[2026-09-01T20:30:39.265Z] NOT FOUND: NONEWATBAUD (nodeId: 34, conferenceId: 1)
[2026-09-01T20:30:39.272Z] NOT FOUND: NONEWATBAUD (nodeId: 34, conferenceId: 1)
[2026-09-01T20:30:39.278Z] NOT FOUND: NONEWATBAUD (nodeId: 34, conferenceId: 1)
[2026-09-01T20:30:39.297Z] NOT FOUND: NONEWATBAUD (nodeId: 34, conferenceId: 1)
[2026-09-01T20:30:39.298Z] NOT FOUND: NONEWATBAUD (nodeId: 35, conferenceId: 1)
[2026-09-01T20:30:39.318Z] NOT FOUND: NONEWATBAUD (nodeId: 35, conferenceId: 1)
[2026-09-01T20:30:39.325Z] NOT FOUND: NONEWATBAUD (nodeId: 35, conferenceId: 1)
[2026-09-01T20:30:39.332Z] NOT FOUND: NONEWATBAUD (nodeId: 35, conferenceId: 1)
[2026-09-01T20:30:39.345Z] NOT FOUND: NONEWATBAUD (nodeId: 35, conferenceId: 1)
[2026-09-01T20:30:39.346Z] NOT FOUND: NONEWATBAUD (nodeId: 36, conferenceId: 1)
[2026-09-01T20:30:39.350Z] NOT FOUND: NONEWATBAUD (nodeId: 36, conferenceId: 1)
[2026-09-01T20:30:39.357Z] NOT FOUND: NONEWATBAUD (nodeId: 36, conferenceId: 1)
[2026-09-01T20:30:39.364Z] NOT FOUND: NONEWATBAUD (nodeId: 36, conferenceId: 1)
[2026-09-01T20:30:39.377Z] NOT FOUND: NONEWATBAUD (nodeId: 36, conferenceId: 1)
[2026-09-01T20:30:39.378Z] NOT FOUND: NONEWATBAUD (nodeId: 37, conferenceId: 1)
[2026-09-01T20:30:39.384Z] NOT FOUND: NONEWATBAUD (nodeId: 37, conferenceId: 1)
[2026-09-01T20:30:39.389Z] NOT FOUND: NONEWATBAUD (nodeId: 37, conferenceId: 1)
[2026-09-01T20:30:39.397Z] NOT FOUND: NONEWATBAUD (nodeId: 37, conferenceId: 1)
[2026-09-01T20:30:39.417Z] NOT FOUND: NONEWATBAUD (nodeId: 37, conferenceId: 1)
[2026-09-01T20:30:39.418Z] NOT FOUND: NONEWATBAUD (nodeId: 38, conferenceId: 1)
[2026-09-01T20:30:39.423Z] NOT FOUND: NONEWATBAUD (nodeId: 38, conferenceId: 1)
[2026-09-01T20:30:39.427Z] NOT FOUND: NONEWATBAUD (nodeId: 38, conferenceId: 1)
[2026-09-01T20:30:39.433Z] NOT FOUND: NONEWATBAUD (nodeId: 38, conferenceId: 1)
[2026-09-01T20:30:39.443Z] NOT FOUND: NONEWATBAUD (nodeId: 38, conferenceId: 1)
[2026-09-01T20:30:39.444Z] NOT FOUND: NONEWATBAUD (nodeId: 39, conferenceId: 1)
[2026-09-01T20:30:39.543Z] NOT FOUND: NONEWATBAUD (nodeId: 39, conferenceId: 1)
[2026-09-01T20:30:39.551Z] NOT FOUND: NONEWATBAUD (nodeId: 39, conferenceId: 1)
[2026-09-01T20:30:39.562Z] NOT FOUND: NONEWATBAUD (nodeId: 39, conferenceId: 1)
[2026-09-01T20:30:39.576Z] NOT FOUND: NONEWATBAUD (nodeId: 39, conferenceId: 1)
[2026-09-01T20:30:39.581Z] NOT FOUND: NONEWATBAUD (nodeId: 40, conferenceId: 1)
[2026-09-01T20:30:39.586Z] NOT FOUND: NONEWATBAUD (nodeId: 40, conferenceId: 1)
[2026-09-01T20:30:39.593Z] NOT FOUND: NONEWATBAUD (nodeId: 40, conferenceId: 1)
[2026-09-01T20:30:39.602Z] NOT FOUND: NONEWATBAUD (nodeId: 40, conferenceId: 1)
[2026-09-01T20:30:39.614Z] NOT FOUND: NONEWATBAUD (nodeId: 40, conferenceId: 1)
[2026-09-01T20:30:39.615Z] NOT FOUND: NONEWATBAUD (nodeId: 45, conferenceId: 1)
[2026-09-01T20:30:39.620Z] NOT FOUND: NONEWATBAUD (nodeId: 45, conferenceId: 1)
[2026-09-01T20:30:39.625Z] NOT FOUND: NONEWATBAUD (nodeId: 45, conferenceId: 1)
[2026-09-01T20:30:39.632Z] NOT FOUND: NONEWATBAUD (nodeId: 45, conferenceId: 1)
[2026-09-01T20:30:39.642Z] NOT FOUND: NONEWATBAUD (nodeId: 45, conferenceId: 1)
[2026-09-01T20:30:39.644Z] NOT FOUND: NONEWATBAUD (nodeId: 97, conferenceId: 1)
[2026-09-01T20:30:39.649Z] NOT FOUND: NONEWATBAUD (nodeId: 97, conferenceId: 1)
[2026-09-01T20:30:39.653Z] NOT FOUND: NONEWATBAUD (nodeId: 97, conferenceId: 1)
[2026-09-01T20:30:39.671Z] NOT FOUND: NONEWATBAUD (nodeId: 97, conferenceId: 1)
[2026-09-01T20:30:39.681Z] NOT FOUND: NONEWATBAUD (nodeId: 97, conferenceId: 1)
[2026-09-01T20:30:39.682Z] NOT FOUND: NOTTIME (nodeId: 0, conferenceId: 1)
[2026-09-01T20:30:39.685Z] NOT FOUND: NOTTIME (nodeId: 0, conferenceId: 1)
[2026-09-01T20:30:39.688Z] NOT FOUND: NOTTIME (nodeId: 0, conferenceId: 1)
[2026-09-01T20:30:39.700Z] NOT FOUND: NOTTIME (nodeId: 0, conferenceId: 1)
[2026-09-01T20:30:39.711Z] NOT FOUND: NOTTIME (nodeId: 0, conferenceId: 1)
[2026-09-01T20:30:39.711Z] NOT FOUND: NOTTIME (nodeId: 1, conferenceId: 1)
[2026-09-01T20:30:39.715Z] NOT FOUND: NOTTIME (nodeId: 1, conferenceId: 1)
[2026-09-01T20:30:39.719Z] NOT FOUND: NOTTIME (nodeId: 1, conferenceId: 1)
[2026-09-01T20:30:39.731Z] NOT FOUND: NOTTIME (nodeId: 1, conferenceId: 1)
[2026-09-01T20:30:39.748Z] NOT FOUND: NOTTIME (nodeId: 1, conferenceId: 1)
[2026-09-01T20:30:39.749Z] NOT FOUND: NOTTIME (nodeId: 2, conferenceId: 1)
[2026-09-01T20:30:39.753Z] NOT FOUND: NOTTIME (nodeId: 2, conferenceId: 1)
[2026-09-01T20:30:39.757Z] NOT FOUND: NOTTIME (nodeId: 2, conferenceId: 1)
[2026-09-01T20:30:39.767Z] NOT FOUND: NOTTIME (nodeId: 2, conferenceId: 1)
[2026-09-01T20:30:39.777Z] NOT FOUND: NOTTIME (nodeId: 2, conferenceId: 1)
[2026-09-01T20:30:39.778Z] NOT FOUND: NOTTIME (nodeId: 3, conferenceId: 1)
[2026-09-01T20:30:39.782Z] NOT FOUND: NOTTIME (nodeId: 3, conferenceId: 1)
[2026-09-01T20:30:39.786Z] NOT FOUND: NOTTIME (nodeId: 3, conferenceId: 1)
[2026-09-01T20:30:39.796Z] NOT FOUND: NOTTIME (nodeId: 3, conferenceId: 1)
[2026-09-01T20:30:39.811Z] NOT FOUND: NOTTIME (nodeId: 3, conferenceId: 1)
[2026-09-01T20:30:39.812Z] NOT FOUND: NOTTIME (nodeId: 4, conferenceId: 1)
[2026-09-01T20:30:39.815Z] NOT FOUND: NOTTIME (nodeId: 4, conferenceId: 1)
[2026-09-01T20:30:39.820Z] NOT FOUND: NOTTIME (nodeId: 4, conferenceId: 1)
[2026-09-01T20:30:39.831Z] NOT FOUND: NOTTIME (nodeId: 4, conferenceId: 1)
[2026-09-01T20:30:39.843Z] NOT FOUND: NOTTIME (nodeId: 4, conferenceId: 1)
[2026-09-01T20:30:39.844Z] NOT FOUND: NOTTIME (nodeId: 5, conferenceId: 1)
[2026-09-01T20:30:39.850Z] NOT FOUND: NOTTIME (nodeId: 5, conferenceId: 1)
[2026-09-01T20:30:39.854Z] NOT FOUND: NOTTIME (nodeId: 5, conferenceId: 1)
[2026-09-01T20:30:39.865Z] NOT FOUND: NOTTIME (nodeId: 5, conferenceId: 1)
[2026-09-01T20:30:39.880Z] NOT FOUND: NOTTIME (nodeId: 5, conferenceId: 1)
[2026-09-01T20:30:39.894Z] NOT FOUND: NOTTIME (nodeId: 6, conferenceId: 1)
[2026-09-01T20:30:39.905Z] NOT FOUND: NOTTIME (nodeId: 6, conferenceId: 1)
[2026-09-01T20:30:39.910Z] NOT FOUND: NOTTIME (nodeId: 6, conferenceId: 1)
[2026-09-01T20:30:39.920Z] NOT FOUND: NOTTIME (nodeId: 6, conferenceId: 1)
[2026-09-01T20:30:39.934Z] NOT FOUND: NOTTIME (nodeId: 6, conferenceId: 1)
[2026-09-01T20:30:39.936Z] NOT FOUND: NOTTIME (nodeId: 7, conferenceId: 1)
[2026-09-01T20:30:39.949Z] NOT FOUND: NOTTIME (nodeId: 7, conferenceId: 1)
[2026-09-01T20:30:39.961Z] NOT FOUND: NOTTIME (nodeId: 7, conferenceId: 1)
[2026-09-01T20:30:39.977Z] NOT FOUND: NOTTIME (nodeId: 7, conferenceId: 1)
[2026-09-01T20:30:39.985Z] NOT FOUND: NOTTIME (nodeId: 7, conferenceId: 1)
[2026-09-01T20:30:39.986Z] NOT FOUND: NOTTIME (nodeId: 8, conferenceId: 1)
[2026-09-01T20:30:39.995Z] NOT FOUND: NOTTIME (nodeId: 8, conferenceId: 1)
[2026-09-01T20:30:39.999Z] NOT FOUND: NOTTIME (nodeId: 8, conferenceId: 1)
[2026-09-01T20:30:40.012Z] NOT FOUND: NOTTIME (nodeId: 8, conferenceId: 1)
[2026-09-01T20:30:40.031Z] NOT FOUND: NOTTIME (nodeId: 8, conferenceId: 1)
[2026-09-01T20:30:40.032Z] NOT FOUND: NOTTIME (nodeId: 9, conferenceId: 1)
[2026-09-01T20:30:40.037Z] NOT FOUND: NOTTIME (nodeId: 9, conferenceId: 1)
[2026-09-01T20:30:40.043Z] NOT FOUND: NOTTIME (nodeId: 9, conferenceId: 1)
[2026-09-01T20:30:40.053Z] NOT FOUND: NOTTIME (nodeId: 9, conferenceId: 1)
[2026-09-01T20:30:40.065Z] NOT FOUND: NOTTIME (nodeId: 9, conferenceId: 1)
[2026-09-01T20:30:40.067Z] NOT FOUND: NOTTIME (nodeId: 10, conferenceId: 1)
[2026-09-01T20:30:40.071Z] NOT FOUND: NOTTIME (nodeId: 10, conferenceId: 1)
[2026-09-01T20:30:40.076Z] NOT FOUND: NOTTIME (nodeId: 10, conferenceId: 1)
[2026-09-01T20:30:40.085Z] NOT FOUND: NOTTIME (nodeId: 10, conferenceId: 1)
[2026-09-01T20:30:40.098Z] NOT FOUND: NOTTIME (nodeId: 10, conferenceId: 1)
[2026-09-01T20:30:40.099Z] NOT FOUND: NOTTIME (nodeId: 11, conferenceId: 1)
[2026-09-01T20:30:40.102Z] NOT FOUND: NOTTIME (nodeId: 11, conferenceId: 1)
[2026-09-01T20:30:40.106Z] NOT FOUND: NOTTIME (nodeId: 11, conferenceId: 1)
[2026-09-01T20:30:40.114Z] NOT FOUND: NOTTIME (nodeId: 11, conferenceId: 1)
[2026-09-01T20:30:40.126Z] NOT FOUND: NOTTIME (nodeId: 11, conferenceId: 1)
[2026-09-01T20:30:40.127Z] NOT FOUND: NOTTIME (nodeId: 12, conferenceId: 1)
[2026-09-01T20:30:40.130Z] NOT FOUND: NOTTIME (nodeId: 12, conferenceId: 1)
[2026-09-01T20:30:40.134Z] NOT FOUND: NOTTIME (nodeId: 12, conferenceId: 1)
[2026-09-01T20:30:40.142Z] NOT FOUND: NOTTIME (nodeId: 12, conferenceId: 1)
[2026-09-01T20:30:40.152Z] NOT FOUND: NOTTIME (nodeId: 12, conferenceId: 1)
[2026-09-01T20:30:40.153Z] NOT FOUND: NOTTIME (nodeId: 13, conferenceId: 1)
[2026-09-01T20:30:40.156Z] NOT FOUND: NOTTIME (nodeId: 13, conferenceId: 1)
[2026-09-01T20:30:40.160Z] NOT FOUND: NOTTIME (nodeId: 13, conferenceId: 1)
[2026-09-01T20:30:40.171Z] NOT FOUND: NOTTIME (nodeId: 13, conferenceId: 1)
[2026-09-01T20:30:40.180Z] NOT FOUND: NOTTIME (nodeId: 13, conferenceId: 1)
[2026-09-01T20:30:40.181Z] NOT FOUND: NOTTIME (nodeId: 14, conferenceId: 1)
[2026-09-01T20:30:40.185Z] NOT FOUND: NOTTIME (nodeId: 14, conferenceId: 1)
[2026-09-01T20:30:40.188Z] NOT FOUND: NOTTIME (nodeId: 14, conferenceId: 1)
[2026-09-01T20:30:40.197Z] NOT FOUND: NOTTIME (nodeId: 14, conferenceId: 1)
[2026-09-01T20:30:40.212Z] NOT FOUND: NOTTIME (nodeId: 14, conferenceId: 1)
[2026-09-01T20:30:40.213Z] NOT FOUND: NOTTIME (nodeId: 15, conferenceId: 1)
[2026-09-01T20:30:40.217Z] NOT FOUND: NOTTIME (nodeId: 15, conferenceId: 1)
[2026-09-01T20:30:40.226Z] NOT FOUND: NOTTIME (nodeId: 15, conferenceId: 1)
[2026-09-01T20:30:40.232Z] NOT FOUND: NOTTIME (nodeId: 15, conferenceId: 1)
[2026-09-01T20:30:40.244Z] NOT FOUND: NOTTIME (nodeId: 15, conferenceId: 1)
[2026-09-01T20:30:40.245Z] NOT FOUND: NOTTIME (nodeId: 16, conferenceId: 1)
[2026-09-01T20:30:40.249Z] NOT FOUND: NOTTIME (nodeId: 16, conferenceId: 1)
[2026-09-01T20:30:40.258Z] NOT FOUND: NOTTIME (nodeId: 16, conferenceId: 1)
[2026-09-01T20:30:40.265Z] NOT FOUND: NOTTIME (nodeId: 16, conferenceId: 1)
[2026-09-01T20:30:40.273Z] NOT FOUND: NOTTIME (nodeId: 16, conferenceId: 1)
[2026-09-01T20:30:40.274Z] NOT FOUND: NOTTIME (nodeId: 17, conferenceId: 1)
[2026-09-01T20:30:40.279Z] NOT FOUND: NOTTIME (nodeId: 17, conferenceId: 1)
[2026-09-01T20:30:40.287Z] NOT FOUND: NOTTIME (nodeId: 17, conferenceId: 1)
[2026-09-01T20:30:40.294Z] NOT FOUND: NOTTIME (nodeId: 17, conferenceId: 1)
[2026-09-01T20:30:40.305Z] NOT FOUND: NOTTIME (nodeId: 17, conferenceId: 1)
[2026-09-01T20:30:40.306Z] NOT FOUND: NOTTIME (nodeId: 18, conferenceId: 1)
[2026-09-01T20:30:40.309Z] NOT FOUND: NOTTIME (nodeId: 18, conferenceId: 1)
[2026-09-01T20:30:40.317Z] NOT FOUND: NOTTIME (nodeId: 18, conferenceId: 1)
[2026-09-01T20:30:40.323Z] NOT FOUND: NOTTIME (nodeId: 18, conferenceId: 1)
[2026-09-01T20:30:40.337Z] NOT FOUND: NOTTIME (nodeId: 18, conferenceId: 1)
[2026-09-01T20:30:40.338Z] NOT FOUND: NOTTIME (nodeId: 19, conferenceId: 1)
[2026-09-01T20:30:40.342Z] NOT FOUND: NOTTIME (nodeId: 19, conferenceId: 1)
[2026-09-01T20:30:40.346Z] NOT FOUND: NOTTIME (nodeId: 19, conferenceId: 1)
[2026-09-01T20:30:40.358Z] NOT FOUND: NOTTIME (nodeId: 19, conferenceId: 1)
[2026-09-01T20:30:40.371Z] NOT FOUND: NOTTIME (nodeId: 19, conferenceId: 1)
[2026-09-01T20:30:40.372Z] NOT FOUND: NOTTIME (nodeId: 20, conferenceId: 1)
[2026-09-01T20:30:40.376Z] NOT FOUND: NOTTIME (nodeId: 20, conferenceId: 1)
[2026-09-01T20:30:40.381Z] NOT FOUND: NOTTIME (nodeId: 20, conferenceId: 1)
[2026-09-01T20:30:40.391Z] NOT FOUND: NOTTIME (nodeId: 20, conferenceId: 1)
[2026-09-01T20:30:40.401Z] NOT FOUND: NOTTIME (nodeId: 20, conferenceId: 1)
[2026-09-01T20:30:40.402Z] NOT FOUND: NOTTIME (nodeId: 21, conferenceId: 1)
[2026-09-01T20:30:40.405Z] NOT FOUND: NOTTIME (nodeId: 21, conferenceId: 1)
[2026-09-01T20:30:40.410Z] NOT FOUND: NOTTIME (nodeId: 21, conferenceId: 1)
[2026-09-01T20:30:40.419Z] NOT FOUND: NOTTIME (nodeId: 21, conferenceId: 1)
[2026-09-01T20:30:40.429Z] NOT FOUND: NOTTIME (nodeId: 21, conferenceId: 1)
[2026-09-01T20:30:40.430Z] NOT FOUND: NOTTIME (nodeId: 22, conferenceId: 1)
[2026-09-01T20:30:40.432Z] NOT FOUND: NOTTIME (nodeId: 22, conferenceId: 1)
[2026-09-01T20:30:40.437Z] NOT FOUND: NOTTIME (nodeId: 22, conferenceId: 1)
[2026-09-01T20:30:40.448Z] NOT FOUND: NOTTIME (nodeId: 22, conferenceId: 1)
[2026-09-01T20:30:40.456Z] NOT FOUND: NOTTIME (nodeId: 22, conferenceId: 1)
[2026-09-01T20:30:40.457Z] NOT FOUND: NOTTIME (nodeId: 23, conferenceId: 1)
[2026-09-01T20:30:40.461Z] NOT FOUND: NOTTIME (nodeId: 23, conferenceId: 1)
[2026-09-01T20:30:40.465Z] NOT FOUND: NOTTIME (nodeId: 23, conferenceId: 1)
[2026-09-01T20:30:40.475Z] NOT FOUND: NOTTIME (nodeId: 23, conferenceId: 1)
[2026-09-01T20:30:40.488Z] NOT FOUND: NOTTIME (nodeId: 23, conferenceId: 1)
[2026-09-01T20:30:40.490Z] NOT FOUND: NOTTIME (nodeId: 24, conferenceId: 1)
[2026-09-01T20:30:40.493Z] NOT FOUND: NOTTIME (nodeId: 24, conferenceId: 1)
[2026-09-01T20:30:40.496Z] NOT FOUND: NOTTIME (nodeId: 24, conferenceId: 1)
[2026-09-01T20:30:40.507Z] NOT FOUND: NOTTIME (nodeId: 24, conferenceId: 1)
[2026-09-01T20:30:40.516Z] NOT FOUND: NOTTIME (nodeId: 24, conferenceId: 1)
[2026-09-01T20:30:40.517Z] NOT FOUND: NOTTIME (nodeId: 25, conferenceId: 1)
[2026-09-01T20:30:40.520Z] NOT FOUND: NOTTIME (nodeId: 25, conferenceId: 1)
[2026-09-01T20:30:40.524Z] NOT FOUND: NOTTIME (nodeId: 25, conferenceId: 1)
[2026-09-01T20:30:40.533Z] NOT FOUND: NOTTIME (nodeId: 25, conferenceId: 1)
[2026-09-01T20:30:40.546Z] NOT FOUND: NOTTIME (nodeId: 25, conferenceId: 1)
[2026-09-01T20:30:40.547Z] NOT FOUND: NOTTIME (nodeId: 26, conferenceId: 1)
[2026-09-01T20:30:40.551Z] NOT FOUND: NOTTIME (nodeId: 26, conferenceId: 1)
[2026-09-01T20:30:40.555Z] NOT FOUND: NOTTIME (nodeId: 26, conferenceId: 1)
[2026-09-01T20:30:40.562Z] NOT FOUND: NOTTIME (nodeId: 26, conferenceId: 1)
[2026-09-01T20:30:40.574Z] NOT FOUND: NOTTIME (nodeId: 26, conferenceId: 1)
[2026-09-01T20:30:40.575Z] NOT FOUND: NOTTIME (nodeId: 27, conferenceId: 1)
[2026-09-01T20:30:40.580Z] NOT FOUND: NOTTIME (nodeId: 27, conferenceId: 1)
[2026-09-01T20:30:40.583Z] NOT FOUND: NOTTIME (nodeId: 27, conferenceId: 1)
[2026-09-01T20:30:40.590Z] NOT FOUND: NOTTIME (nodeId: 27, conferenceId: 1)
[2026-09-01T20:30:40.602Z] NOT FOUND: NOTTIME (nodeId: 27, conferenceId: 1)
[2026-09-01T20:30:40.603Z] NOT FOUND: NOTTIME (nodeId: 28, conferenceId: 1)
[2026-09-01T20:30:40.608Z] NOT FOUND: NOTTIME (nodeId: 28, conferenceId: 1)
[2026-09-01T20:30:40.612Z] NOT FOUND: NOTTIME (nodeId: 28, conferenceId: 1)
[2026-09-01T20:30:40.620Z] NOT FOUND: NOTTIME (nodeId: 28, conferenceId: 1)
[2026-09-01T20:30:40.628Z] NOT FOUND: NOTTIME (nodeId: 28, conferenceId: 1)
[2026-09-01T20:30:40.629Z] NOT FOUND: NOTTIME (nodeId: 29, conferenceId: 1)
[2026-09-01T20:30:40.634Z] NOT FOUND: NOTTIME (nodeId: 29, conferenceId: 1)
[2026-09-01T20:30:40.638Z] NOT FOUND: NOTTIME (nodeId: 29, conferenceId: 1)
[2026-09-01T20:30:40.643Z] NOT FOUND: NOTTIME (nodeId: 29, conferenceId: 1)
[2026-09-01T20:30:40.654Z] NOT FOUND: NOTTIME (nodeId: 29, conferenceId: 1)
[2026-09-01T20:30:40.655Z] NOT FOUND: NOTTIME (nodeId: 30, conferenceId: 1)
[2026-09-01T20:30:40.662Z] NOT FOUND: NOTTIME (nodeId: 30, conferenceId: 1)
[2026-09-01T20:30:40.669Z] NOT FOUND: NOTTIME (nodeId: 30, conferenceId: 1)
[2026-09-01T20:30:40.677Z] NOT FOUND: NOTTIME (nodeId: 30, conferenceId: 1)
[2026-09-01T20:30:40.691Z] NOT FOUND: NOTTIME (nodeId: 30, conferenceId: 1)
[2026-09-01T20:30:40.692Z] NOT FOUND: NOTTIME (nodeId: 31, conferenceId: 1)
[2026-09-01T20:30:40.698Z] NOT FOUND: NOTTIME (nodeId: 31, conferenceId: 1)
[2026-09-01T20:30:40.702Z] NOT FOUND: NOTTIME (nodeId: 31, conferenceId: 1)
[2026-09-01T20:30:40.711Z] NOT FOUND: NOTTIME (nodeId: 31, conferenceId: 1)
[2026-09-01T20:30:40.724Z] NOT FOUND: NOTTIME (nodeId: 31, conferenceId: 1)
[2026-09-01T20:30:40.725Z] NOT FOUND: NOTTIME (nodeId: 32, conferenceId: 1)
[2026-09-01T20:30:40.730Z] NOT FOUND: NOTTIME (nodeId: 32, conferenceId: 1)
[2026-09-01T20:30:40.734Z] NOT FOUND: NOTTIME (nodeId: 32, conferenceId: 1)
[2026-09-01T20:30:40.740Z] NOT FOUND: NOTTIME (nodeId: 32, conferenceId: 1)
[2026-09-01T20:30:40.754Z] NOT FOUND: NOTTIME (nodeId: 32, conferenceId: 1)
[2026-09-01T20:30:40.755Z] NOT FOUND: NOTTIME (nodeId: 33, conferenceId: 1)
[2026-09-01T20:30:40.760Z] NOT FOUND: NOTTIME (nodeId: 33, conferenceId: 1)
[2026-09-01T20:30:40.765Z] NOT FOUND: NOTTIME (nodeId: 33, conferenceId: 1)
[2026-09-01T20:30:40.772Z] NOT FOUND: NOTTIME (nodeId: 33, conferenceId: 1)
[2026-09-01T20:30:40.781Z] NOT FOUND: NOTTIME (nodeId: 33, conferenceId: 1)
[2026-09-01T20:30:40.782Z] NOT FOUND: NOTTIME (nodeId: 34, conferenceId: 1)
[2026-09-01T20:30:40.787Z] NOT FOUND: NOTTIME (nodeId: 34, conferenceId: 1)
[2026-09-01T20:30:40.791Z] NOT FOUND: NOTTIME (nodeId: 34, conferenceId: 1)
[2026-09-01T20:30:40.798Z] NOT FOUND: NOTTIME (nodeId: 34, conferenceId: 1)
[2026-09-01T20:30:40.811Z] NOT FOUND: NOTTIME (nodeId: 34, conferenceId: 1)
[2026-09-01T20:30:40.812Z] NOT FOUND: NOTTIME (nodeId: 35, conferenceId: 1)
[2026-09-01T20:30:40.815Z] NOT FOUND: NOTTIME (nodeId: 35, conferenceId: 1)
[2026-09-01T20:30:40.821Z] NOT FOUND: NOTTIME (nodeId: 35, conferenceId: 1)
[2026-09-01T20:30:40.837Z] NOT FOUND: NOTTIME (nodeId: 35, conferenceId: 1)
[2026-09-01T20:30:40.848Z] NOT FOUND: NOTTIME (nodeId: 35, conferenceId: 1)
[2026-09-01T20:30:40.849Z] NOT FOUND: NOTTIME (nodeId: 36, conferenceId: 1)
[2026-09-01T20:30:40.855Z] NOT FOUND: NOTTIME (nodeId: 36, conferenceId: 1)
[2026-09-01T20:30:40.867Z] NOT FOUND: NOTTIME (nodeId: 36, conferenceId: 1)
[2026-09-01T20:30:40.874Z] NOT FOUND: NOTTIME (nodeId: 36, conferenceId: 1)
[2026-09-01T20:30:40.886Z] NOT FOUND: NOTTIME (nodeId: 36, conferenceId: 1)
[2026-09-01T20:30:40.887Z] NOT FOUND: NOTTIME (nodeId: 37, conferenceId: 1)
[2026-09-01T20:30:40.893Z] NOT FOUND: NOTTIME (nodeId: 37, conferenceId: 1)
[2026-09-01T20:30:40.918Z] NOT FOUND: NOTTIME (nodeId: 37, conferenceId: 1)
[2026-09-01T20:30:40.926Z] NOT FOUND: NOTTIME (nodeId: 37, conferenceId: 1)
[2026-09-01T20:30:40.940Z] NOT FOUND: NOTTIME (nodeId: 37, conferenceId: 1)
[2026-09-01T20:30:40.941Z] NOT FOUND: NOTTIME (nodeId: 38, conferenceId: 1)
[2026-09-01T20:30:40.944Z] NOT FOUND: NOTTIME (nodeId: 38, conferenceId: 1)
[2026-09-01T20:30:40.957Z] NOT FOUND: NOTTIME (nodeId: 38, conferenceId: 1)
[2026-09-01T20:30:40.965Z] NOT FOUND: NOTTIME (nodeId: 38, conferenceId: 1)
[2026-09-01T20:30:40.980Z] NOT FOUND: NOTTIME (nodeId: 38, conferenceId: 1)
[2026-09-01T20:30:40.982Z] NOT FOUND: NOTTIME (nodeId: 39, conferenceId: 1)
[2026-09-01T20:30:40.986Z] NOT FOUND: NOTTIME (nodeId: 39, conferenceId: 1)
[2026-09-01T20:30:40.994Z] NOT FOUND: NOTTIME (nodeId: 39, conferenceId: 1)
[2026-09-01T20:30:41.001Z] NOT FOUND: NOTTIME (nodeId: 39, conferenceId: 1)
[2026-09-01T20:30:41.017Z] NOT FOUND: NOTTIME (nodeId: 39, conferenceId: 1)
[2026-09-01T20:30:41.018Z] NOT FOUND: NOTTIME (nodeId: 40, conferenceId: 1)
[2026-09-01T20:30:41.022Z] NOT FOUND: NOTTIME (nodeId: 40, conferenceId: 1)
[2026-09-01T20:30:41.028Z] NOT FOUND: NOTTIME (nodeId: 40, conferenceId: 1)
[2026-09-01T20:30:41.036Z] NOT FOUND: NOTTIME (nodeId: 40, conferenceId: 1)
[2026-09-01T20:30:41.047Z] NOT FOUND: NOTTIME (nodeId: 40, conferenceId: 1)
[2026-09-01T20:30:41.047Z] NOT FOUND: NOTTIME (nodeId: 45, conferenceId: 1)
[2026-09-01T20:30:41.050Z] NOT FOUND: NOTTIME (nodeId: 45, conferenceId: 1)
[2026-09-01T20:30:41.055Z] NOT FOUND: NOTTIME (nodeId: 45, conferenceId: 1)
[2026-09-01T20:30:41.063Z] NOT FOUND: NOTTIME (nodeId: 45, conferenceId: 1)
[2026-09-01T20:30:41.075Z] NOT FOUND: NOTTIME (nodeId: 45, conferenceId: 1)
[2026-09-01T20:30:41.076Z] NOT FOUND: NOTTIME (nodeId: 97, conferenceId: 1)
[2026-09-01T20:30:41.079Z] NOT FOUND: NOTTIME (nodeId: 97, conferenceId: 1)
[2026-09-01T20:30:41.087Z] NOT FOUND: NOTTIME (nodeId: 97, conferenceId: 1)
[2026-09-01T20:30:41.095Z] NOT FOUND: NOTTIME (nodeId: 97, conferenceId: 1)
[2026-09-01T20:30:41.104Z] NOT FOUND: NOTTIME (nodeId: 97, conferenceId: 1)
[2026-09-01T20:30:41.106Z] NOT FOUND: NOCALLERSAT (nodeId: 0, conferenceId: 1)
[2026-09-01T20:30:41.109Z] NOT FOUND: NOCALLERSAT (nodeId: 0, conferenceId: 1)
[2026-09-01T20:30:41.116Z] NOT FOUND: NOCALLERSAT (nodeId: 0, conferenceId: 1)
[2026-09-01T20:30:41.121Z] NOT FOUND: NOCALLERSAT (nodeId: 0, conferenceId: 1)
[2026-09-01T20:30:41.131Z] NOT FOUND: NOCALLERSAT (nodeId: 0, conferenceId: 1)
[2026-09-01T20:30:41.132Z] NOT FOUND: NOCALLERSAT (nodeId: 1, conferenceId: 1)
[2026-09-01T20:30:41.136Z] NOT FOUND: NOCALLERSAT (nodeId: 1, conferenceId: 1)
[2026-09-01T20:30:41.143Z] NOT FOUND: NOCALLERSAT (nodeId: 1, conferenceId: 1)
[2026-09-01T20:30:41.151Z] NOT FOUND: NOCALLERSAT (nodeId: 1, conferenceId: 1)
[2026-09-01T20:30:41.185Z] NOT FOUND: NOCALLERSAT (nodeId: 1, conferenceId: 1)
[2026-09-01T20:30:41.187Z] NOT FOUND: NOCALLERSAT (nodeId: 2, conferenceId: 1)
[2026-09-01T20:30:41.192Z] NOT FOUND: NOCALLERSAT (nodeId: 2, conferenceId: 1)
[2026-09-01T20:30:41.199Z] NOT FOUND: NOCALLERSAT (nodeId: 2, conferenceId: 1)
[2026-09-01T20:30:41.206Z] NOT FOUND: NOCALLERSAT (nodeId: 2, conferenceId: 1)
[2026-09-01T20:30:41.223Z] NOT FOUND: NOCALLERSAT (nodeId: 2, conferenceId: 1)
[2026-09-01T20:30:41.224Z] NOT FOUND: NOCALLERSAT (nodeId: 3, conferenceId: 1)
[2026-09-01T20:30:41.253Z] NOT FOUND: NOCALLERSAT (nodeId: 3, conferenceId: 1)
[2026-09-01T20:30:41.259Z] NOT FOUND: NOCALLERSAT (nodeId: 3, conferenceId: 1)
[2026-09-01T20:30:41.268Z] NOT FOUND: NOCALLERSAT (nodeId: 3, conferenceId: 1)
[2026-09-01T20:30:41.282Z] NOT FOUND: NOCALLERSAT (nodeId: 3, conferenceId: 1)
[2026-09-01T20:30:41.283Z] NOT FOUND: NOCALLERSAT (nodeId: 4, conferenceId: 1)
[2026-09-01T20:30:41.289Z] NOT FOUND: NOCALLERSAT (nodeId: 4, conferenceId: 1)
[2026-09-01T20:30:41.293Z] NOT FOUND: NOCALLERSAT (nodeId: 4, conferenceId: 1)
[2026-09-01T20:30:41.300Z] NOT FOUND: NOCALLERSAT (nodeId: 4, conferenceId: 1)
[2026-09-01T20:30:41.313Z] NOT FOUND: NOCALLERSAT (nodeId: 4, conferenceId: 1)
[2026-09-01T20:30:41.314Z] NOT FOUND: NOCALLERSAT (nodeId: 5, conferenceId: 1)
[2026-09-01T20:30:41.319Z] NOT FOUND: NOCALLERSAT (nodeId: 5, conferenceId: 1)
[2026-09-01T20:30:41.323Z] NOT FOUND: NOCALLERSAT (nodeId: 5, conferenceId: 1)
[2026-09-01T20:30:41.332Z] NOT FOUND: NOCALLERSAT (nodeId: 5, conferenceId: 1)
[2026-09-01T20:30:41.344Z] NOT FOUND: NOCALLERSAT (nodeId: 5, conferenceId: 1)
[2026-09-01T20:30:41.345Z] NOT FOUND: NOCALLERSAT (nodeId: 6, conferenceId: 1)
[2026-09-01T20:30:41.353Z] NOT FOUND: NOCALLERSAT (nodeId: 6, conferenceId: 1)
[2026-09-01T20:30:41.359Z] NOT FOUND: NOCALLERSAT (nodeId: 6, conferenceId: 1)
[2026-09-01T20:30:41.367Z] NOT FOUND: NOCALLERSAT (nodeId: 6, conferenceId: 1)
[2026-09-01T20:30:41.384Z] NOT FOUND: NOCALLERSAT (nodeId: 6, conferenceId: 1)
[2026-09-01T20:30:41.392Z] NOT FOUND: NOCALLERSAT (nodeId: 7, conferenceId: 1)
[2026-09-01T20:30:41.398Z] NOT FOUND: NOCALLERSAT (nodeId: 7, conferenceId: 1)
[2026-09-01T20:30:41.407Z] NOT FOUND: NOCALLERSAT (nodeId: 7, conferenceId: 1)
[2026-09-01T20:30:41.415Z] NOT FOUND: NOCALLERSAT (nodeId: 7, conferenceId: 1)
[2026-09-01T20:30:41.428Z] NOT FOUND: NOCALLERSAT (nodeId: 7, conferenceId: 1)
[2026-09-01T20:30:41.433Z] NOT FOUND: NOCALLERSAT (nodeId: 8, conferenceId: 1)
[2026-09-01T20:30:41.436Z] NOT FOUND: NOCALLERSAT (nodeId: 8, conferenceId: 1)
[2026-09-01T20:30:41.442Z] NOT FOUND: NOCALLERSAT (nodeId: 8, conferenceId: 1)
[2026-09-01T20:30:41.451Z] NOT FOUND: NOCALLERSAT (nodeId: 8, conferenceId: 1)
[2026-09-01T20:30:41.460Z] NOT FOUND: NOCALLERSAT (nodeId: 8, conferenceId: 1)
[2026-09-01T20:30:41.461Z] NOT FOUND: NOCALLERSAT (nodeId: 9, conferenceId: 1)
[2026-09-01T20:30:41.464Z] NOT FOUND: NOCALLERSAT (nodeId: 9, conferenceId: 1)
[2026-09-01T20:30:41.475Z] NOT FOUND: NOCALLERSAT (nodeId: 9, conferenceId: 1)
[2026-09-01T20:30:41.486Z] NOT FOUND: NOCALLERSAT (nodeId: 9, conferenceId: 1)
[2026-09-01T20:30:41.496Z] NOT FOUND: NOCALLERSAT (nodeId: 9, conferenceId: 1)
[2026-09-01T20:30:41.497Z] NOT FOUND: NOCALLERSAT (nodeId: 10, conferenceId: 1)
[2026-09-01T20:30:41.501Z] NOT FOUND: NOCALLERSAT (nodeId: 10, conferenceId: 1)
[2026-09-01T20:30:41.506Z] NOT FOUND: NOCALLERSAT (nodeId: 10, conferenceId: 1)
[2026-09-01T20:30:41.516Z] NOT FOUND: NOCALLERSAT (nodeId: 10, conferenceId: 1)
[2026-09-01T20:30:41.536Z] NOT FOUND: NOCALLERSAT (nodeId: 10, conferenceId: 1)
[2026-09-01T20:30:41.537Z] NOT FOUND: NOCALLERSAT (nodeId: 11, conferenceId: 1)
[2026-09-01T20:30:41.542Z] NOT FOUND: NOCALLERSAT (nodeId: 11, conferenceId: 1)
[2026-09-01T20:30:41.548Z] NOT FOUND: NOCALLERSAT (nodeId: 11, conferenceId: 1)
[2026-09-01T20:30:41.556Z] NOT FOUND: NOCALLERSAT (nodeId: 11, conferenceId: 1)
[2026-09-01T20:30:41.567Z] NOT FOUND: NOCALLERSAT (nodeId: 11, conferenceId: 1)
[2026-09-01T20:30:41.568Z] NOT FOUND: NOCALLERSAT (nodeId: 12, conferenceId: 1)
[2026-09-01T20:30:41.572Z] NOT FOUND: NOCALLERSAT (nodeId: 12, conferenceId: 1)
[2026-09-01T20:30:41.576Z] NOT FOUND: NOCALLERSAT (nodeId: 12, conferenceId: 1)
[2026-09-01T20:30:41.586Z] NOT FOUND: NOCALLERSAT (nodeId: 12, conferenceId: 1)
[2026-09-01T20:30:41.601Z] NOT FOUND: NOCALLERSAT (nodeId: 12, conferenceId: 1)
[2026-09-01T20:30:41.602Z] NOT FOUND: NOCALLERSAT (nodeId: 13, conferenceId: 1)
[2026-09-01T20:30:41.607Z] NOT FOUND: NOCALLERSAT (nodeId: 13, conferenceId: 1)
[2026-09-01T20:30:41.612Z] NOT FOUND: NOCALLERSAT (nodeId: 13, conferenceId: 1)
[2026-09-01T20:30:41.622Z] NOT FOUND: NOCALLERSAT (nodeId: 13, conferenceId: 1)
[2026-09-01T20:30:41.636Z] NOT FOUND: NOCALLERSAT (nodeId: 13, conferenceId: 1)
[2026-09-01T20:30:41.637Z] NOT FOUND: NOCALLERSAT (nodeId: 14, conferenceId: 1)
[2026-09-01T20:30:41.641Z] NOT FOUND: NOCALLERSAT (nodeId: 14, conferenceId: 1)
[2026-09-01T20:30:41.645Z] NOT FOUND: NOCALLERSAT (nodeId: 14, conferenceId: 1)
[2026-09-01T20:30:41.655Z] NOT FOUND: NOCALLERSAT (nodeId: 14, conferenceId: 1)
[2026-09-01T20:30:41.672Z] NOT FOUND: NOCALLERSAT (nodeId: 14, conferenceId: 1)
[2026-09-01T20:30:41.673Z] NOT FOUND: NOCALLERSAT (nodeId: 15, conferenceId: 1)
[2026-09-01T20:30:41.677Z] NOT FOUND: NOCALLERSAT (nodeId: 15, conferenceId: 1)
[2026-09-01T20:30:41.682Z] NOT FOUND: NOCALLERSAT (nodeId: 15, conferenceId: 1)
[2026-09-01T20:30:41.699Z] NOT FOUND: NOCALLERSAT (nodeId: 15, conferenceId: 1)
[2026-09-01T20:30:41.715Z] NOT FOUND: NOCALLERSAT (nodeId: 15, conferenceId: 1)
[2026-09-01T20:30:41.717Z] NOT FOUND: NOCALLERSAT (nodeId: 16, conferenceId: 1)
[2026-09-01T20:30:41.721Z] NOT FOUND: NOCALLERSAT (nodeId: 16, conferenceId: 1)
[2026-09-01T20:30:41.725Z] NOT FOUND: NOCALLERSAT (nodeId: 16, conferenceId: 1)
[2026-09-01T20:30:41.736Z] NOT FOUND: NOCALLERSAT (nodeId: 16, conferenceId: 1)
[2026-09-01T20:30:41.749Z] NOT FOUND: NOCALLERSAT (nodeId: 16, conferenceId: 1)
[2026-09-01T20:30:41.754Z] NOT FOUND: NOCALLERSAT (nodeId: 17, conferenceId: 1)
[2026-09-01T20:30:41.759Z] NOT FOUND: NOCALLERSAT (nodeId: 17, conferenceId: 1)
[2026-09-01T20:30:41.763Z] NOT FOUND: NOCALLERSAT (nodeId: 17, conferenceId: 1)
[2026-09-01T20:30:41.774Z] NOT FOUND: NOCALLERSAT (nodeId: 17, conferenceId: 1)
[2026-09-01T20:30:41.789Z] NOT FOUND: NOCALLERSAT (nodeId: 17, conferenceId: 1)
[2026-09-01T20:30:41.794Z] NOT FOUND: NOCALLERSAT (nodeId: 18, conferenceId: 1)
[2026-09-01T20:30:41.808Z] NOT FOUND: NOCALLERSAT (nodeId: 18, conferenceId: 1)
[2026-09-01T20:30:41.823Z] NOT FOUND: NOCALLERSAT (nodeId: 18, conferenceId: 1)
[2026-09-01T20:30:41.837Z] NOT FOUND: NOCALLERSAT (nodeId: 18, conferenceId: 1)
[2026-09-01T20:30:41.851Z] NOT FOUND: NOCALLERSAT (nodeId: 18, conferenceId: 1)
[2026-09-01T20:30:41.852Z] NOT FOUND: NOCALLERSAT (nodeId: 19, conferenceId: 1)
[2026-09-01T20:30:41.874Z] NOT FOUND: NOCALLERSAT (nodeId: 19, conferenceId: 1)
[2026-09-01T20:30:41.879Z] NOT FOUND: NOCALLERSAT (nodeId: 19, conferenceId: 1)
[2026-09-01T20:30:41.891Z] NOT FOUND: NOCALLERSAT (nodeId: 19, conferenceId: 1)
[2026-09-01T20:30:41.903Z] NOT FOUND: NOCALLERSAT (nodeId: 19, conferenceId: 1)
[2026-09-01T20:30:41.908Z] NOT FOUND: NOCALLERSAT (nodeId: 20, conferenceId: 1)
[2026-09-01T20:30:41.916Z] NOT FOUND: NOCALLERSAT (nodeId: 20, conferenceId: 1)
[2026-09-01T20:30:41.921Z] NOT FOUND: NOCALLERSAT (nodeId: 20, conferenceId: 1)
[2026-09-01T20:30:41.944Z] NOT FOUND: NOCALLERSAT (nodeId: 20, conferenceId: 1)
[2026-09-01T20:30:41.961Z] NOT FOUND: NOCALLERSAT (nodeId: 20, conferenceId: 1)
[2026-09-01T20:30:41.962Z] NOT FOUND: NOCALLERSAT (nodeId: 21, conferenceId: 1)
[2026-09-01T20:30:41.967Z] NOT FOUND: NOCALLERSAT (nodeId: 21, conferenceId: 1)
[2026-09-01T20:30:41.976Z] NOT FOUND: NOCALLERSAT (nodeId: 21, conferenceId: 1)
[2026-09-01T20:30:41.993Z] NOT FOUND: NOCALLERSAT (nodeId: 21, conferenceId: 1)
[2026-09-01T20:30:42.008Z] NOT FOUND: NOCALLERSAT (nodeId: 21, conferenceId: 1)
[2026-09-01T20:30:42.010Z] NOT FOUND: NOCALLERSAT (nodeId: 22, conferenceId: 1)
[2026-09-01T20:30:42.014Z] NOT FOUND: NOCALLERSAT (nodeId: 22, conferenceId: 1)
[2026-09-01T20:30:42.020Z] NOT FOUND: NOCALLERSAT (nodeId: 22, conferenceId: 1)
[2026-09-01T20:30:42.038Z] NOT FOUND: NOCALLERSAT (nodeId: 22, conferenceId: 1)
[2026-09-01T20:30:42.053Z] NOT FOUND: NOCALLERSAT (nodeId: 22, conferenceId: 1)
[2026-09-01T20:30:42.055Z] NOT FOUND: NOCALLERSAT (nodeId: 23, conferenceId: 1)
[2026-09-01T20:30:42.063Z] NOT FOUND: NOCALLERSAT (nodeId: 23, conferenceId: 1)
[2026-09-01T20:30:42.068Z] NOT FOUND: NOCALLERSAT (nodeId: 23, conferenceId: 1)
[2026-09-01T20:30:42.081Z] NOT FOUND: NOCALLERSAT (nodeId: 23, conferenceId: 1)
[2026-09-01T20:30:42.096Z] NOT FOUND: NOCALLERSAT (nodeId: 23, conferenceId: 1)
[2026-09-01T20:30:42.099Z] NOT FOUND: NOCALLERSAT (nodeId: 24, conferenceId: 1)
[2026-09-01T20:30:42.107Z] NOT FOUND: NOCALLERSAT (nodeId: 24, conferenceId: 1)
[2026-09-01T20:30:42.111Z] NOT FOUND: NOCALLERSAT (nodeId: 24, conferenceId: 1)
[2026-09-01T20:30:42.125Z] NOT FOUND: NOCALLERSAT (nodeId: 24, conferenceId: 1)
[2026-09-01T20:30:42.140Z] NOT FOUND: NOCALLERSAT (nodeId: 24, conferenceId: 1)
[2026-09-01T20:30:42.141Z] NOT FOUND: NOCALLERSAT (nodeId: 25, conferenceId: 1)
[2026-09-01T20:30:42.145Z] NOT FOUND: NOCALLERSAT (nodeId: 25, conferenceId: 1)
[2026-09-01T20:30:42.151Z] NOT FOUND: NOCALLERSAT (nodeId: 25, conferenceId: 1)
[2026-09-01T20:30:42.164Z] NOT FOUND: NOCALLERSAT (nodeId: 25, conferenceId: 1)
[2026-09-01T20:30:42.200Z] NOT FOUND: NOCALLERSAT (nodeId: 25, conferenceId: 1)
[2026-09-01T20:30:42.202Z] NOT FOUND: NOCALLERSAT (nodeId: 26, conferenceId: 1)
[2026-09-01T20:30:42.207Z] NOT FOUND: NOCALLERSAT (nodeId: 26, conferenceId: 1)
[2026-09-01T20:30:42.212Z] NOT FOUND: NOCALLERSAT (nodeId: 26, conferenceId: 1)
[2026-09-01T20:30:42.221Z] NOT FOUND: NOCALLERSAT (nodeId: 26, conferenceId: 1)
[2026-09-01T20:30:42.232Z] NOT FOUND: NOCALLERSAT (nodeId: 26, conferenceId: 1)
[2026-09-01T20:30:42.234Z] NOT FOUND: NOCALLERSAT (nodeId: 27, conferenceId: 1)
[2026-09-01T20:30:42.238Z] NOT FOUND: NOCALLERSAT (nodeId: 27, conferenceId: 1)
[2026-09-01T20:30:42.244Z] NOT FOUND: NOCALLERSAT (nodeId: 27, conferenceId: 1)
[2026-09-01T20:30:42.255Z] NOT FOUND: NOCALLERSAT (nodeId: 27, conferenceId: 1)
[2026-09-01T20:30:42.269Z] NOT FOUND: NOCALLERSAT (nodeId: 27, conferenceId: 1)
[2026-09-01T20:30:42.270Z] NOT FOUND: NOCALLERSAT (nodeId: 28, conferenceId: 1)
[2026-09-01T20:30:42.274Z] NOT FOUND: NOCALLERSAT (nodeId: 28, conferenceId: 1)
[2026-09-01T20:30:42.280Z] NOT FOUND: NOCALLERSAT (nodeId: 28, conferenceId: 1)
[2026-09-01T20:30:42.287Z] NOT FOUND: NOCALLERSAT (nodeId: 28, conferenceId: 1)
[2026-09-01T20:30:42.297Z] NOT FOUND: NOCALLERSAT (nodeId: 28, conferenceId: 1)
[2026-09-01T20:30:42.298Z] NOT FOUND: NOCALLERSAT (nodeId: 29, conferenceId: 1)
[2026-09-01T20:30:42.302Z] NOT FOUND: NOCALLERSAT (nodeId: 29, conferenceId: 1)
[2026-09-01T20:30:42.306Z] NOT FOUND: NOCALLERSAT (nodeId: 29, conferenceId: 1)
[2026-09-01T20:30:42.319Z] NOT FOUND: NOCALLERSAT (nodeId: 29, conferenceId: 1)
[2026-09-01T20:30:42.336Z] NOT FOUND: NOCALLERSAT (nodeId: 29, conferenceId: 1)
[2026-09-01T20:30:42.337Z] NOT FOUND: NOCALLERSAT (nodeId: 30, conferenceId: 1)
[2026-09-01T20:30:42.343Z] NOT FOUND: NOCALLERSAT (nodeId: 30, conferenceId: 1)
[2026-09-01T20:30:42.347Z] NOT FOUND: NOCALLERSAT (nodeId: 30, conferenceId: 1)
[2026-09-01T20:30:42.357Z] NOT FOUND: NOCALLERSAT (nodeId: 30, conferenceId: 1)
[2026-09-01T20:30:42.372Z] NOT FOUND: NOCALLERSAT (nodeId: 30, conferenceId: 1)
[2026-09-01T20:30:42.373Z] NOT FOUND: NOCALLERSAT (nodeId: 31, conferenceId: 1)
[2026-09-01T20:30:42.378Z] NOT FOUND: NOCALLERSAT (nodeId: 31, conferenceId: 1)
[2026-09-01T20:30:42.382Z] NOT FOUND: NOCALLERSAT (nodeId: 31, conferenceId: 1)
[2026-09-01T20:30:42.395Z] NOT FOUND: NOCALLERSAT (nodeId: 31, conferenceId: 1)
[2026-09-01T20:30:42.418Z] NOT FOUND: NOCALLERSAT (nodeId: 31, conferenceId: 1)
[2026-09-01T20:30:42.420Z] NOT FOUND: NOCALLERSAT (nodeId: 32, conferenceId: 1)
[2026-09-01T20:30:42.424Z] NOT FOUND: NOCALLERSAT (nodeId: 32, conferenceId: 1)
[2026-09-01T20:30:42.444Z] NOT FOUND: NOCALLERSAT (nodeId: 32, conferenceId: 1)
[2026-09-01T20:30:42.454Z] NOT FOUND: NOCALLERSAT (nodeId: 32, conferenceId: 1)
[2026-09-01T20:30:42.469Z] NOT FOUND: NOCALLERSAT (nodeId: 32, conferenceId: 1)
[2026-09-01T20:30:42.474Z] NOT FOUND: NOCALLERSAT (nodeId: 33, conferenceId: 1)
[2026-09-01T20:30:42.481Z] NOT FOUND: NOCALLERSAT (nodeId: 33, conferenceId: 1)
[2026-09-01T20:30:42.486Z] NOT FOUND: NOCALLERSAT (nodeId: 33, conferenceId: 1)
[2026-09-01T20:30:42.494Z] NOT FOUND: NOCALLERSAT (nodeId: 33, conferenceId: 1)
[2026-09-01T20:30:42.504Z] NOT FOUND: NOCALLERSAT (nodeId: 33, conferenceId: 1)
[2026-09-01T20:30:42.505Z] NOT FOUND: NOCALLERSAT (nodeId: 34, conferenceId: 1)
[2026-09-01T20:30:42.511Z] NOT FOUND: NOCALLERSAT (nodeId: 34, conferenceId: 1)
[2026-09-01T20:30:42.514Z] NOT FOUND: NOCALLERSAT (nodeId: 34, conferenceId: 1)
[2026-09-01T20:30:42.521Z] NOT FOUND: NOCALLERSAT (nodeId: 34, conferenceId: 1)
[2026-09-01T20:30:42.532Z] NOT FOUND: NOCALLERSAT (nodeId: 34, conferenceId: 1)
[2026-09-01T20:30:42.533Z] NOT FOUND: NOCALLERSAT (nodeId: 35, conferenceId: 1)
[2026-09-01T20:30:42.538Z] NOT FOUND: NOCALLERSAT (nodeId: 35, conferenceId: 1)
[2026-09-01T20:30:42.542Z] NOT FOUND: NOCALLERSAT (nodeId: 35, conferenceId: 1)
[2026-09-01T20:30:42.556Z] NOT FOUND: NOCALLERSAT (nodeId: 35, conferenceId: 1)
[2026-09-01T20:30:42.568Z] NOT FOUND: NOCALLERSAT (nodeId: 35, conferenceId: 1)
[2026-09-01T20:30:42.569Z] NOT FOUND: NOCALLERSAT (nodeId: 36, conferenceId: 1)
[2026-09-01T20:30:42.574Z] NOT FOUND: NOCALLERSAT (nodeId: 36, conferenceId: 1)
[2026-09-01T20:30:42.580Z] NOT FOUND: NOCALLERSAT (nodeId: 36, conferenceId: 1)
[2026-09-01T20:30:42.587Z] NOT FOUND: NOCALLERSAT (nodeId: 36, conferenceId: 1)
[2026-09-01T20:30:42.602Z] NOT FOUND: NOCALLERSAT (nodeId: 36, conferenceId: 1)
[2026-09-01T20:30:42.603Z] NOT FOUND: NOCALLERSAT (nodeId: 37, conferenceId: 1)
[2026-09-01T20:30:42.607Z] NOT FOUND: NOCALLERSAT (nodeId: 37, conferenceId: 1)
[2026-09-01T20:30:42.613Z] NOT FOUND: NOCALLERSAT (nodeId: 37, conferenceId: 1)
[2026-09-01T20:30:42.620Z] NOT FOUND: NOCALLERSAT (nodeId: 37, conferenceId: 1)
[2026-09-01T20:30:42.632Z] NOT FOUND: NOCALLERSAT (nodeId: 37, conferenceId: 1)
[2026-09-01T20:30:42.633Z] NOT FOUND: NOCALLERSAT (nodeId: 38, conferenceId: 1)
[2026-09-01T20:30:42.637Z] NOT FOUND: NOCALLERSAT (nodeId: 38, conferenceId: 1)
[2026-09-01T20:30:42.646Z] NOT FOUND: NOCALLERSAT (nodeId: 38, conferenceId: 1)
[2026-09-01T20:30:42.656Z] NOT FOUND: NOCALLERSAT (nodeId: 38, conferenceId: 1)
[2026-09-01T20:30:42.673Z] NOT FOUND: NOCALLERSAT (nodeId: 38, conferenceId: 1)
[2026-09-01T20:30:42.674Z] NOT FOUND: NOCALLERSAT (nodeId: 39, conferenceId: 1)
[2026-09-01T20:30:42.679Z] NOT FOUND: NOCALLERSAT (nodeId: 39, conferenceId: 1)
[2026-09-01T20:30:42.689Z] NOT FOUND: NOCALLERSAT (nodeId: 39, conferenceId: 1)
[2026-09-01T20:30:42.698Z] NOT FOUND: NOCALLERSAT (nodeId: 39, conferenceId: 1)
[2026-09-01T20:30:42.710Z] NOT FOUND: NOCALLERSAT (nodeId: 39, conferenceId: 1)
[2026-09-01T20:30:42.712Z] NOT FOUND: NOCALLERSAT (nodeId: 40, conferenceId: 1)
[2026-09-01T20:30:42.715Z] NOT FOUND: NOCALLERSAT (nodeId: 40, conferenceId: 1)
[2026-09-01T20:30:42.724Z] NOT FOUND: NOCALLERSAT (nodeId: 40, conferenceId: 1)
[2026-09-01T20:30:42.732Z] NOT FOUND: NOCALLERSAT (nodeId: 40, conferenceId: 1)
[2026-09-01T20:30:42.749Z] NOT FOUND: NOCALLERSAT (nodeId: 40, conferenceId: 1)
[2026-09-01T20:30:42.750Z] NOT FOUND: NOCALLERSAT (nodeId: 45, conferenceId: 1)
[2026-09-01T20:30:42.754Z] NOT FOUND: NOCALLERSAT (nodeId: 45, conferenceId: 1)
[2026-09-01T20:30:42.762Z] NOT FOUND: NOCALLERSAT (nodeId: 45, conferenceId: 1)
[2026-09-01T20:30:42.767Z] NOT FOUND: NOCALLERSAT (nodeId: 45, conferenceId: 1)
[2026-09-01T20:30:42.777Z] NOT FOUND: NOCALLERSAT (nodeId: 45, conferenceId: 1)
[2026-09-01T20:30:42.779Z] NOT FOUND: NOCALLERSAT (nodeId: 97, conferenceId: 1)
[2026-09-01T20:30:42.782Z] NOT FOUND: NOCALLERSAT (nodeId: 97, conferenceId: 1)
[2026-09-01T20:30:42.792Z] NOT FOUND: NOCALLERSAT (nodeId: 97, conferenceId: 1)
[2026-09-01T20:30:42.797Z] NOT FOUND: NOCALLERSAT (nodeId: 97, conferenceId: 1)
[2026-09-01T20:30:42.806Z] NOT FOUND: NOCALLERSAT (nodeId: 97, conferenceId: 1)
[2026-09-01T20:30:42.815Z] NOT FOUND: LANGUAGES (nodeId: 0, conferenceId: 1)
[2026-09-01T20:30:42.833Z] NOT FOUND: LANGUAGES (nodeId: 0, conferenceId: 1)
[2026-09-01T20:30:42.841Z] NOT FOUND: LANGUAGES (nodeId: 0, conferenceId: 1)
[2026-09-01T20:30:42.859Z] NOT FOUND: LANGUAGES (nodeId: 0, conferenceId: 1)
[2026-09-01T20:30:42.890Z] NOT FOUND: LANGUAGES (nodeId: 0, conferenceId: 1)
[2026-09-01T20:30:42.893Z] NOT FOUND: LANGUAGES (nodeId: 1, conferenceId: 1)
[2026-09-01T20:30:42.907Z] NOT FOUND: LANGUAGES (nodeId: 1, conferenceId: 1)
[2026-09-01T20:30:42.932Z] NOT FOUND: LANGUAGES (nodeId: 1, conferenceId: 1)
[2026-09-01T20:30:42.954Z] NOT FOUND: LANGUAGES (nodeId: 1, conferenceId: 1)
[2026-09-01T20:30:42.982Z] NOT FOUND: LANGUAGES (nodeId: 1, conferenceId: 1)
[2026-09-01T20:30:42.984Z] NOT FOUND: LANGUAGES (nodeId: 2, conferenceId: 1)
[2026-09-01T20:30:43.000Z] NOT FOUND: LANGUAGES (nodeId: 2, conferenceId: 1)
[2026-09-01T20:30:43.007Z] NOT FOUND: LANGUAGES (nodeId: 2, conferenceId: 1)
[2026-09-01T20:30:43.057Z] NOT FOUND: LANGUAGES (nodeId: 2, conferenceId: 1)
[2026-09-01T20:30:43.087Z] NOT FOUND: LANGUAGES (nodeId: 2, conferenceId: 1)
[2026-09-01T20:30:43.092Z] NOT FOUND: LANGUAGES (nodeId: 3, conferenceId: 1)
[2026-09-01T20:30:43.117Z] NOT FOUND: LANGUAGES (nodeId: 3, conferenceId: 1)
[2026-09-01T20:30:43.136Z] NOT FOUND: LANGUAGES (nodeId: 3, conferenceId: 1)
[2026-09-01T20:30:43.151Z] NOT FOUND: LANGUAGES (nodeId: 3, conferenceId: 1)
[2026-09-01T20:30:43.246Z] NOT FOUND: LANGUAGES (nodeId: 3, conferenceId: 1)
[2026-09-01T20:30:43.266Z] NOT FOUND: LANGUAGES (nodeId: 4, conferenceId: 1)
[2026-09-01T20:30:43.287Z] NOT FOUND: LANGUAGES (nodeId: 4, conferenceId: 1)
[2026-09-01T20:30:43.308Z] NOT FOUND: LANGUAGES (nodeId: 4, conferenceId: 1)
[2026-09-01T20:30:43.337Z] NOT FOUND: LANGUAGES (nodeId: 4, conferenceId: 1)
[2026-09-01T20:30:43.372Z] NOT FOUND: LANGUAGES (nodeId: 4, conferenceId: 1)
[2026-09-01T20:30:43.395Z] NOT FOUND: LANGUAGES (nodeId: 5, conferenceId: 1)
[2026-09-01T20:30:43.412Z] NOT FOUND: LANGUAGES (nodeId: 5, conferenceId: 1)
[2026-09-01T20:30:43.427Z] NOT FOUND: LANGUAGES (nodeId: 5, conferenceId: 1)
[2026-09-01T20:30:43.457Z] NOT FOUND: LANGUAGES (nodeId: 5, conferenceId: 1)
[2026-09-01T20:30:43.489Z] NOT FOUND: LANGUAGES (nodeId: 5, conferenceId: 1)
[2026-09-01T20:30:43.494Z] NOT FOUND: LANGUAGES (nodeId: 6, conferenceId: 1)
[2026-09-01T20:30:43.506Z] NOT FOUND: LANGUAGES (nodeId: 6, conferenceId: 1)
[2026-09-01T20:30:43.535Z] NOT FOUND: LANGUAGES (nodeId: 6, conferenceId: 1)
[2026-09-01T20:30:43.553Z] NOT FOUND: LANGUAGES (nodeId: 6, conferenceId: 1)
[2026-09-01T20:30:43.598Z] NOT FOUND: LANGUAGES (nodeId: 6, conferenceId: 1)
[2026-09-01T20:30:43.601Z] NOT FOUND: LANGUAGES (nodeId: 7, conferenceId: 1)
[2026-09-01T20:30:43.614Z] NOT FOUND: LANGUAGES (nodeId: 7, conferenceId: 1)
[2026-09-01T20:30:43.631Z] NOT FOUND: LANGUAGES (nodeId: 7, conferenceId: 1)
[2026-09-01T20:30:43.646Z] NOT FOUND: LANGUAGES (nodeId: 7, conferenceId: 1)
[2026-09-01T20:30:43.674Z] NOT FOUND: LANGUAGES (nodeId: 7, conferenceId: 1)
[2026-09-01T20:30:43.681Z] NOT FOUND: LANGUAGES (nodeId: 8, conferenceId: 1)
[2026-09-01T20:30:43.703Z] NOT FOUND: LANGUAGES (nodeId: 8, conferenceId: 1)
[2026-09-01T20:30:43.716Z] NOT FOUND: LANGUAGES (nodeId: 8, conferenceId: 1)
[2026-09-01T20:30:43.732Z] NOT FOUND: LANGUAGES (nodeId: 8, conferenceId: 1)
[2026-09-01T20:30:43.759Z] NOT FOUND: LANGUAGES (nodeId: 8, conferenceId: 1)
[2026-09-01T20:30:43.764Z] NOT FOUND: LANGUAGES (nodeId: 9, conferenceId: 1)
[2026-09-01T20:30:43.776Z] NOT FOUND: LANGUAGES (nodeId: 9, conferenceId: 1)
[2026-09-01T20:30:43.814Z] NOT FOUND: LANGUAGES (nodeId: 9, conferenceId: 1)
[2026-09-01T20:30:43.844Z] NOT FOUND: LANGUAGES (nodeId: 9, conferenceId: 1)
[2026-09-01T20:30:43.870Z] NOT FOUND: LANGUAGES (nodeId: 9, conferenceId: 1)
[2026-09-01T20:30:43.874Z] NOT FOUND: LANGUAGES (nodeId: 10, conferenceId: 1)
[2026-09-01T20:30:43.902Z] NOT FOUND: LANGUAGES (nodeId: 10, conferenceId: 1)
[2026-09-01T20:30:43.909Z] NOT FOUND: LANGUAGES (nodeId: 10, conferenceId: 1)
[2026-09-01T20:30:43.924Z] NOT FOUND: LANGUAGES (nodeId: 10, conferenceId: 1)
[2026-09-01T20:30:43.951Z] NOT FOUND: LANGUAGES (nodeId: 10, conferenceId: 1)
[2026-09-01T20:30:43.954Z] NOT FOUND: LANGUAGES (nodeId: 11, conferenceId: 1)
[2026-09-01T20:30:43.973Z] NOT FOUND: LANGUAGES (nodeId: 11, conferenceId: 1)
[2026-09-01T20:30:43.981Z] NOT FOUND: LANGUAGES (nodeId: 11, conferenceId: 1)
[2026-09-01T20:30:43.999Z] NOT FOUND: LANGUAGES (nodeId: 11, conferenceId: 1)
[2026-09-01T20:30:44.027Z] NOT FOUND: LANGUAGES (nodeId: 11, conferenceId: 1)
[2026-09-01T20:30:44.031Z] NOT FOUND: LANGUAGES (nodeId: 12, conferenceId: 1)
[2026-09-01T20:30:44.041Z] NOT FOUND: LANGUAGES (nodeId: 12, conferenceId: 1)
[2026-09-01T20:30:44.087Z] NOT FOUND: LANGUAGES (nodeId: 12, conferenceId: 1)
[2026-09-01T20:30:44.125Z] NOT FOUND: LANGUAGES (nodeId: 12, conferenceId: 1)
[2026-09-01T20:30:44.153Z] NOT FOUND: LANGUAGES (nodeId: 12, conferenceId: 1)
[2026-09-01T20:30:44.157Z] NOT FOUND: LANGUAGES (nodeId: 13, conferenceId: 1)
[2026-09-01T20:30:44.166Z] NOT FOUND: LANGUAGES (nodeId: 13, conferenceId: 1)
[2026-09-01T20:30:44.185Z] NOT FOUND: LANGUAGES (nodeId: 13, conferenceId: 1)
[2026-09-01T20:30:44.200Z] NOT FOUND: LANGUAGES (nodeId: 13, conferenceId: 1)
[2026-09-01T20:30:44.227Z] NOT FOUND: LANGUAGES (nodeId: 13, conferenceId: 1)
[2026-09-01T20:30:44.229Z] NOT FOUND: LANGUAGES (nodeId: 14, conferenceId: 1)
[2026-09-01T20:30:44.262Z] NOT FOUND: LANGUAGES (nodeId: 14, conferenceId: 1)
[2026-09-01T20:30:44.270Z] NOT FOUND: LANGUAGES (nodeId: 14, conferenceId: 1)
[2026-09-01T20:30:44.287Z] NOT FOUND: LANGUAGES (nodeId: 14, conferenceId: 1)
[2026-09-01T20:30:44.318Z] NOT FOUND: LANGUAGES (nodeId: 14, conferenceId: 1)
[2026-09-01T20:30:44.322Z] NOT FOUND: LANGUAGES (nodeId: 15, conferenceId: 1)
[2026-09-01T20:30:44.337Z] NOT FOUND: LANGUAGES (nodeId: 15, conferenceId: 1)
[2026-09-01T20:30:44.357Z] NOT FOUND: LANGUAGES (nodeId: 15, conferenceId: 1)
[2026-09-01T20:30:44.372Z] NOT FOUND: LANGUAGES (nodeId: 15, conferenceId: 1)
[2026-09-01T20:30:44.407Z] NOT FOUND: LANGUAGES (nodeId: 15, conferenceId: 1)
[2026-09-01T20:30:44.413Z] NOT FOUND: LANGUAGES (nodeId: 16, conferenceId: 1)
[2026-09-01T20:30:44.425Z] NOT FOUND: LANGUAGES (nodeId: 16, conferenceId: 1)
[2026-09-01T20:30:44.440Z] NOT FOUND: LANGUAGES (nodeId: 16, conferenceId: 1)
[2026-09-01T20:30:44.468Z] NOT FOUND: LANGUAGES (nodeId: 16, conferenceId: 1)
[2026-09-01T20:30:44.493Z] NOT FOUND: LANGUAGES (nodeId: 16, conferenceId: 1)
[2026-09-01T20:30:44.495Z] NOT FOUND: LANGUAGES (nodeId: 17, conferenceId: 1)
[2026-09-01T20:30:44.505Z] NOT FOUND: LANGUAGES (nodeId: 17, conferenceId: 1)
[2026-09-01T20:30:44.512Z] NOT FOUND: LANGUAGES (nodeId: 17, conferenceId: 1)
[2026-09-01T20:30:44.537Z] NOT FOUND: LANGUAGES (nodeId: 17, conferenceId: 1)
[2026-09-01T20:30:44.563Z] NOT FOUND: LANGUAGES (nodeId: 17, conferenceId: 1)
[2026-09-01T20:30:44.566Z] NOT FOUND: LANGUAGES (nodeId: 18, conferenceId: 1)
[2026-09-01T20:30:44.585Z] NOT FOUND: LANGUAGES (nodeId: 18, conferenceId: 1)
[2026-09-01T20:30:44.606Z] NOT FOUND: LANGUAGES (nodeId: 18, conferenceId: 1)
[2026-09-01T20:30:44.623Z] NOT FOUND: LANGUAGES (nodeId: 18, conferenceId: 1)
[2026-09-01T20:30:44.649Z] NOT FOUND: LANGUAGES (nodeId: 18, conferenceId: 1)
[2026-09-01T20:30:44.652Z] NOT FOUND: LANGUAGES (nodeId: 19, conferenceId: 1)
[2026-09-01T20:30:44.676Z] NOT FOUND: LANGUAGES (nodeId: 19, conferenceId: 1)
[2026-09-01T20:30:44.692Z] NOT FOUND: LANGUAGES (nodeId: 19, conferenceId: 1)
[2026-09-01T20:30:44.724Z] NOT FOUND: LANGUAGES (nodeId: 19, conferenceId: 1)
[2026-09-01T20:30:44.755Z] NOT FOUND: LANGUAGES (nodeId: 19, conferenceId: 1)
[2026-09-01T20:30:44.762Z] NOT FOUND: LANGUAGES (nodeId: 20, conferenceId: 1)
[2026-09-01T20:30:44.770Z] NOT FOUND: LANGUAGES (nodeId: 20, conferenceId: 1)
[2026-09-01T20:30:44.778Z] NOT FOUND: LANGUAGES (nodeId: 20, conferenceId: 1)
[2026-09-01T20:30:44.794Z] NOT FOUND: LANGUAGES (nodeId: 20, conferenceId: 1)
[2026-09-01T20:30:44.827Z] NOT FOUND: LANGUAGES (nodeId: 20, conferenceId: 1)
[2026-09-01T20:30:44.835Z] NOT FOUND: LANGUAGES (nodeId: 21, conferenceId: 1)
[2026-09-01T20:30:44.845Z] NOT FOUND: LANGUAGES (nodeId: 21, conferenceId: 1)
[2026-09-01T20:30:44.860Z] NOT FOUND: LANGUAGES (nodeId: 21, conferenceId: 1)
[2026-09-01T20:30:44.879Z] NOT FOUND: LANGUAGES (nodeId: 21, conferenceId: 1)
[2026-09-01T20:30:44.908Z] NOT FOUND: LANGUAGES (nodeId: 21, conferenceId: 1)
[2026-09-01T20:30:44.915Z] NOT FOUND: LANGUAGES (nodeId: 22, conferenceId: 1)
[2026-09-01T20:30:44.931Z] NOT FOUND: LANGUAGES (nodeId: 22, conferenceId: 1)
[2026-09-01T20:30:44.945Z] NOT FOUND: LANGUAGES (nodeId: 22, conferenceId: 1)
[2026-09-01T20:30:44.957Z] NOT FOUND: LANGUAGES (nodeId: 22, conferenceId: 1)
[2026-09-01T20:30:44.985Z] NOT FOUND: LANGUAGES (nodeId: 22, conferenceId: 1)
[2026-09-01T20:30:44.988Z] NOT FOUND: LANGUAGES (nodeId: 23, conferenceId: 1)
[2026-09-01T20:30:45.006Z] NOT FOUND: LANGUAGES (nodeId: 23, conferenceId: 1)
[2026-09-01T20:30:45.021Z] NOT FOUND: LANGUAGES (nodeId: 23, conferenceId: 1)
[2026-09-01T20:30:45.035Z] NOT FOUND: LANGUAGES (nodeId: 23, conferenceId: 1)
[2026-09-01T20:30:45.061Z] NOT FOUND: LANGUAGES (nodeId: 23, conferenceId: 1)
[2026-09-01T20:30:45.064Z] NOT FOUND: LANGUAGES (nodeId: 24, conferenceId: 1)
[2026-09-01T20:30:45.080Z] NOT FOUND: LANGUAGES (nodeId: 24, conferenceId: 1)
[2026-09-01T20:30:45.086Z] NOT FOUND: LANGUAGES (nodeId: 24, conferenceId: 1)
[2026-09-01T20:30:45.118Z] NOT FOUND: LANGUAGES (nodeId: 24, conferenceId: 1)
[2026-09-01T20:30:45.147Z] NOT FOUND: LANGUAGES (nodeId: 24, conferenceId: 1)
[2026-09-01T20:30:45.155Z] NOT FOUND: LANGUAGES (nodeId: 25, conferenceId: 1)
[2026-09-01T20:30:45.181Z] NOT FOUND: LANGUAGES (nodeId: 25, conferenceId: 1)
[2026-09-01T20:30:45.190Z] NOT FOUND: LANGUAGES (nodeId: 25, conferenceId: 1)
[2026-09-01T20:30:45.205Z] NOT FOUND: LANGUAGES (nodeId: 25, conferenceId: 1)
[2026-09-01T20:30:45.231Z] NOT FOUND: LANGUAGES (nodeId: 25, conferenceId: 1)
[2026-09-01T20:30:45.234Z] NOT FOUND: LANGUAGES (nodeId: 26, conferenceId: 1)
[2026-09-01T20:30:45.250Z] NOT FOUND: LANGUAGES (nodeId: 26, conferenceId: 1)
[2026-09-01T20:30:45.276Z] NOT FOUND: LANGUAGES (nodeId: 26, conferenceId: 1)
[2026-09-01T20:30:45.294Z] NOT FOUND: LANGUAGES (nodeId: 26, conferenceId: 1)
[2026-09-01T20:30:45.321Z] NOT FOUND: LANGUAGES (nodeId: 26, conferenceId: 1)
[2026-09-01T20:30:45.324Z] NOT FOUND: LANGUAGES (nodeId: 27, conferenceId: 1)
[2026-09-01T20:30:45.341Z] NOT FOUND: LANGUAGES (nodeId: 27, conferenceId: 1)
[2026-09-01T20:30:45.373Z] NOT FOUND: LANGUAGES (nodeId: 27, conferenceId: 1)
[2026-09-01T20:30:45.423Z] NOT FOUND: LANGUAGES (nodeId: 27, conferenceId: 1)
[2026-09-01T20:30:45.451Z] NOT FOUND: LANGUAGES (nodeId: 27, conferenceId: 1)
[2026-09-01T20:30:45.453Z] NOT FOUND: LANGUAGES (nodeId: 28, conferenceId: 1)
[2026-09-01T20:30:45.485Z] NOT FOUND: LANGUAGES (nodeId: 28, conferenceId: 1)
[2026-09-01T20:30:45.494Z] NOT FOUND: LANGUAGES (nodeId: 28, conferenceId: 1)
[2026-09-01T20:30:45.508Z] NOT FOUND: LANGUAGES (nodeId: 28, conferenceId: 1)
[2026-09-01T20:30:45.537Z] NOT FOUND: LANGUAGES (nodeId: 28, conferenceId: 1)
[2026-09-01T20:30:45.539Z] NOT FOUND: LANGUAGES (nodeId: 29, conferenceId: 1)
[2026-09-01T20:30:45.549Z] NOT FOUND: LANGUAGES (nodeId: 29, conferenceId: 1)
[2026-09-01T20:30:45.581Z] NOT FOUND: LANGUAGES (nodeId: 29, conferenceId: 1)
[2026-09-01T20:30:45.597Z] NOT FOUND: LANGUAGES (nodeId: 29, conferenceId: 1)
[2026-09-01T20:30:45.624Z] NOT FOUND: LANGUAGES (nodeId: 29, conferenceId: 1)
[2026-09-01T20:30:45.627Z] NOT FOUND: LANGUAGES (nodeId: 30, conferenceId: 1)
[2026-09-01T20:30:45.646Z] NOT FOUND: LANGUAGES (nodeId: 30, conferenceId: 1)
[2026-09-01T20:30:45.664Z] NOT FOUND: LANGUAGES (nodeId: 30, conferenceId: 1)
[2026-09-01T20:30:45.679Z] NOT FOUND: LANGUAGES (nodeId: 30, conferenceId: 1)
[2026-09-01T20:30:45.710Z] NOT FOUND: LANGUAGES (nodeId: 30, conferenceId: 1)
[2026-09-01T20:30:45.713Z] NOT FOUND: LANGUAGES (nodeId: 31, conferenceId: 1)
[2026-09-01T20:30:45.722Z] NOT FOUND: LANGUAGES (nodeId: 31, conferenceId: 1)
[2026-09-01T20:30:45.750Z] NOT FOUND: LANGUAGES (nodeId: 31, conferenceId: 1)
[2026-09-01T20:30:45.765Z] NOT FOUND: LANGUAGES (nodeId: 31, conferenceId: 1)
[2026-09-01T20:30:45.792Z] NOT FOUND: LANGUAGES (nodeId: 31, conferenceId: 1)
[2026-09-01T20:30:45.795Z] NOT FOUND: LANGUAGES (nodeId: 32, conferenceId: 1)
[2026-09-01T20:30:45.807Z] NOT FOUND: LANGUAGES (nodeId: 32, conferenceId: 1)
[2026-09-01T20:30:45.823Z] NOT FOUND: LANGUAGES (nodeId: 32, conferenceId: 1)
[2026-09-01T20:30:45.837Z] NOT FOUND: LANGUAGES (nodeId: 32, conferenceId: 1)
[2026-09-01T20:30:45.864Z] NOT FOUND: LANGUAGES (nodeId: 32, conferenceId: 1)
[2026-09-01T20:30:45.866Z] NOT FOUND: LANGUAGES (nodeId: 33, conferenceId: 1)
[2026-09-01T20:30:45.879Z] NOT FOUND: LANGUAGES (nodeId: 33, conferenceId: 1)
[2026-09-01T20:30:45.893Z] NOT FOUND: LANGUAGES (nodeId: 33, conferenceId: 1)
[2026-09-01T20:30:45.908Z] NOT FOUND: LANGUAGES (nodeId: 33, conferenceId: 1)
[2026-09-01T20:30:45.941Z] NOT FOUND: LANGUAGES (nodeId: 33, conferenceId: 1)
[2026-09-01T20:30:45.945Z] NOT FOUND: LANGUAGES (nodeId: 34, conferenceId: 1)
[2026-09-01T20:30:45.964Z] NOT FOUND: LANGUAGES (nodeId: 34, conferenceId: 1)
[2026-09-01T20:30:45.978Z] NOT FOUND: LANGUAGES (nodeId: 34, conferenceId: 1)
[2026-09-01T20:30:45.995Z] NOT FOUND: LANGUAGES (nodeId: 34, conferenceId: 1)
[2026-09-01T20:30:46.021Z] NOT FOUND: LANGUAGES (nodeId: 34, conferenceId: 1)
[2026-09-01T20:30:46.026Z] NOT FOUND: LANGUAGES (nodeId: 35, conferenceId: 1)
[2026-09-01T20:30:46.044Z] NOT FOUND: LANGUAGES (nodeId: 35, conferenceId: 1)
[2026-09-01T20:30:46.054Z] NOT FOUND: LANGUAGES (nodeId: 35, conferenceId: 1)
[2026-09-01T20:30:46.076Z] NOT FOUND: LANGUAGES (nodeId: 35, conferenceId: 1)
[2026-09-01T20:30:46.104Z] NOT FOUND: LANGUAGES (nodeId: 35, conferenceId: 1)
[2026-09-01T20:30:46.117Z] NOT FOUND: LANGUAGES (nodeId: 36, conferenceId: 1)
[2026-09-01T20:30:46.136Z] NOT FOUND: LANGUAGES (nodeId: 36, conferenceId: 1)
[2026-09-01T20:30:46.145Z] NOT FOUND: LANGUAGES (nodeId: 36, conferenceId: 1)
[2026-09-01T20:30:46.168Z] NOT FOUND: LANGUAGES (nodeId: 36, conferenceId: 1)
[2026-09-01T20:30:46.199Z] NOT FOUND: LANGUAGES (nodeId: 36, conferenceId: 1)
[2026-09-01T20:30:46.202Z] NOT FOUND: LANGUAGES (nodeId: 37, conferenceId: 1)
[2026-09-01T20:30:46.218Z] NOT FOUND: LANGUAGES (nodeId: 37, conferenceId: 1)
[2026-09-01T20:30:46.234Z] NOT FOUND: LANGUAGES (nodeId: 37, conferenceId: 1)
[2026-09-01T20:30:46.250Z] NOT FOUND: LANGUAGES (nodeId: 37, conferenceId: 1)
[2026-09-01T20:30:46.289Z] NOT FOUND: LANGUAGES (nodeId: 37, conferenceId: 1)
[2026-09-01T20:30:46.295Z] NOT FOUND: LANGUAGES (nodeId: 38, conferenceId: 1)
[2026-09-01T20:30:46.308Z] NOT FOUND: LANGUAGES (nodeId: 38, conferenceId: 1)
[2026-09-01T20:30:46.315Z] NOT FOUND: LANGUAGES (nodeId: 38, conferenceId: 1)
[2026-09-01T20:30:46.329Z] NOT FOUND: LANGUAGES (nodeId: 38, conferenceId: 1)
[2026-09-01T20:30:46.355Z] NOT FOUND: LANGUAGES (nodeId: 38, conferenceId: 1)
[2026-09-01T20:30:46.368Z] NOT FOUND: LANGUAGES (nodeId: 39, conferenceId: 1)
[2026-09-01T20:30:46.382Z] NOT FOUND: LANGUAGES (nodeId: 39, conferenceId: 1)
[2026-09-01T20:30:46.408Z] NOT FOUND: LANGUAGES (nodeId: 39, conferenceId: 1)
[2026-09-01T20:30:46.428Z] NOT FOUND: LANGUAGES (nodeId: 39, conferenceId: 1)
[2026-09-01T20:30:46.457Z] NOT FOUND: LANGUAGES (nodeId: 39, conferenceId: 1)
[2026-09-01T20:30:46.462Z] NOT FOUND: LANGUAGES (nodeId: 40, conferenceId: 1)
[2026-09-01T20:30:46.477Z] NOT FOUND: LANGUAGES (nodeId: 40, conferenceId: 1)
[2026-09-01T20:30:46.511Z] NOT FOUND: LANGUAGES (nodeId: 40, conferenceId: 1)
[2026-09-01T20:30:46.527Z] NOT FOUND: LANGUAGES (nodeId: 40, conferenceId: 1)
[2026-09-01T20:30:46.557Z] NOT FOUND: LANGUAGES (nodeId: 40, conferenceId: 1)
[2026-09-01T20:30:46.560Z] NOT FOUND: LANGUAGES (nodeId: 45, conferenceId: 1)
[2026-09-01T20:30:46.570Z] NOT FOUND: LANGUAGES (nodeId: 45, conferenceId: 1)
[2026-09-01T20:30:46.576Z] NOT FOUND: LANGUAGES (nodeId: 45, conferenceId: 1)
[2026-09-01T20:30:46.589Z] NOT FOUND: LANGUAGES (nodeId: 45, conferenceId: 1)
[2026-09-01T20:30:46.642Z] NOT FOUND: LANGUAGES (nodeId: 45, conferenceId: 1)
[2026-09-01T20:30:46.644Z] NOT FOUND: LANGUAGES (nodeId: 97, conferenceId: 1)
[2026-09-01T20:30:46.667Z] NOT FOUND: LANGUAGES (nodeId: 97, conferenceId: 1)
[2026-09-01T20:30:46.691Z] NOT FOUND: LANGUAGES (nodeId: 97, conferenceId: 1)
[2026-09-01T20:30:46.710Z] NOT FOUND: LANGUAGES (nodeId: 97, conferenceId: 1)
[2026-09-01T20:30:46.738Z] NOT FOUND: LANGUAGES (nodeId: 97, conferenceId: 1)
[2026-09-01T20:30:46.743Z] NOT FOUND: INTERNETNAMES (nodeId: 0, conferenceId: 1)
[2026-09-01T20:30:46.755Z] NOT FOUND: INTERNETNAMES (nodeId: 0, conferenceId: 1)
[2026-09-01T20:30:46.765Z] NOT FOUND: INTERNETNAMES (nodeId: 0, conferenceId: 1)
[2026-09-01T20:30:46.782Z] NOT FOUND: INTERNETNAMES (nodeId: 0, conferenceId: 1)
[2026-09-01T20:30:46.809Z] NOT FOUND: INTERNETNAMES (nodeId: 0, conferenceId: 1)
[2026-09-01T20:30:46.814Z] NOT FOUND: INTERNETNAMES (nodeId: 1, conferenceId: 1)
[2026-09-01T20:30:46.826Z] NOT FOUND: INTERNETNAMES (nodeId: 1, conferenceId: 1)
[2026-09-01T20:30:46.843Z] NOT FOUND: INTERNETNAMES (nodeId: 1, conferenceId: 1)
[2026-09-01T20:30:46.858Z] NOT FOUND: INTERNETNAMES (nodeId: 1, conferenceId: 1)
[2026-09-01T20:30:46.900Z] NOT FOUND: INTERNETNAMES (nodeId: 1, conferenceId: 1)
[2026-09-01T20:30:46.903Z] NOT FOUND: INTERNETNAMES (nodeId: 2, conferenceId: 1)
[2026-09-01T20:30:46.927Z] NOT FOUND: INTERNETNAMES (nodeId: 2, conferenceId: 1)
[2026-09-01T20:30:46.951Z] NOT FOUND: INTERNETNAMES (nodeId: 2, conferenceId: 1)
[2026-09-01T20:30:46.965Z] NOT FOUND: INTERNETNAMES (nodeId: 2, conferenceId: 1)
[2026-09-01T20:30:47.001Z] NOT FOUND: INTERNETNAMES (nodeId: 2, conferenceId: 1)
[2026-09-01T20:30:47.003Z] NOT FOUND: INTERNETNAMES (nodeId: 3, conferenceId: 1)
[2026-09-01T20:30:47.018Z] NOT FOUND: INTERNETNAMES (nodeId: 3, conferenceId: 1)
[2026-09-01T20:30:47.025Z] NOT FOUND: INTERNETNAMES (nodeId: 3, conferenceId: 1)
[2026-09-01T20:30:47.037Z] NOT FOUND: INTERNETNAMES (nodeId: 3, conferenceId: 1)
[2026-09-01T20:30:47.062Z] NOT FOUND: INTERNETNAMES (nodeId: 3, conferenceId: 1)
[2026-09-01T20:30:47.069Z] NOT FOUND: INTERNETNAMES (nodeId: 4, conferenceId: 1)
[2026-09-01T20:30:47.086Z] NOT FOUND: INTERNETNAMES (nodeId: 4, conferenceId: 1)
[2026-09-01T20:30:47.101Z] NOT FOUND: INTERNETNAMES (nodeId: 4, conferenceId: 1)
[2026-09-01T20:30:47.120Z] NOT FOUND: INTERNETNAMES (nodeId: 4, conferenceId: 1)
[2026-09-01T20:30:47.147Z] NOT FOUND: INTERNETNAMES (nodeId: 4, conferenceId: 1)
[2026-09-01T20:30:47.175Z] NOT FOUND: INTERNETNAMES (nodeId: 5, conferenceId: 1)
[2026-09-01T20:30:47.218Z] NOT FOUND: INTERNETNAMES (nodeId: 5, conferenceId: 1)
[2026-09-01T20:30:47.230Z] NOT FOUND: INTERNETNAMES (nodeId: 5, conferenceId: 1)
[2026-09-01T20:30:47.249Z] NOT FOUND: INTERNETNAMES (nodeId: 5, conferenceId: 1)
[2026-09-01T20:30:47.275Z] NOT FOUND: INTERNETNAMES (nodeId: 5, conferenceId: 1)
[2026-09-01T20:30:47.280Z] NOT FOUND: INTERNETNAMES (nodeId: 6, conferenceId: 1)
[2026-09-01T20:30:47.292Z] NOT FOUND: INTERNETNAMES (nodeId: 6, conferenceId: 1)
[2026-09-01T20:30:47.298Z] NOT FOUND: INTERNETNAMES (nodeId: 6, conferenceId: 1)
[2026-09-01T20:30:47.320Z] NOT FOUND: INTERNETNAMES (nodeId: 6, conferenceId: 1)
[2026-09-01T20:30:47.347Z] NOT FOUND: INTERNETNAMES (nodeId: 6, conferenceId: 1)
[2026-09-01T20:30:47.349Z] NOT FOUND: INTERNETNAMES (nodeId: 7, conferenceId: 1)
[2026-09-01T20:30:47.376Z] NOT FOUND: INTERNETNAMES (nodeId: 7, conferenceId: 1)
[2026-09-01T20:30:47.399Z] NOT FOUND: INTERNETNAMES (nodeId: 7, conferenceId: 1)
[2026-09-01T20:30:47.420Z] NOT FOUND: INTERNETNAMES (nodeId: 7, conferenceId: 1)
[2026-09-01T20:30:47.447Z] NOT FOUND: INTERNETNAMES (nodeId: 7, conferenceId: 1)
[2026-09-01T20:30:47.449Z] NOT FOUND: INTERNETNAMES (nodeId: 8, conferenceId: 1)
[2026-09-01T20:30:47.466Z] NOT FOUND: INTERNETNAMES (nodeId: 8, conferenceId: 1)
[2026-09-01T20:30:47.495Z] NOT FOUND: INTERNETNAMES (nodeId: 8, conferenceId: 1)
[2026-09-01T20:30:47.518Z] NOT FOUND: INTERNETNAMES (nodeId: 8, conferenceId: 1)
[2026-09-01T20:30:47.555Z] NOT FOUND: INTERNETNAMES (nodeId: 8, conferenceId: 1)
[2026-09-01T20:30:47.566Z] NOT FOUND: INTERNETNAMES (nodeId: 9, conferenceId: 1)
[2026-09-01T20:30:47.584Z] NOT FOUND: INTERNETNAMES (nodeId: 9, conferenceId: 1)
[2026-09-01T20:30:47.617Z] NOT FOUND: INTERNETNAMES (nodeId: 9, conferenceId: 1)
[2026-09-01T20:30:47.637Z] NOT FOUND: INTERNETNAMES (nodeId: 9, conferenceId: 1)
[2026-09-01T20:30:47.664Z] NOT FOUND: INTERNETNAMES (nodeId: 9, conferenceId: 1)
[2026-09-01T20:30:47.667Z] NOT FOUND: INTERNETNAMES (nodeId: 10, conferenceId: 1)
[2026-09-01T20:30:47.682Z] NOT FOUND: INTERNETNAMES (nodeId: 10, conferenceId: 1)
[2026-09-01T20:30:47.690Z] NOT FOUND: INTERNETNAMES (nodeId: 10, conferenceId: 1)
[2026-09-01T20:30:47.714Z] NOT FOUND: INTERNETNAMES (nodeId: 10, conferenceId: 1)
[2026-09-01T20:30:47.742Z] NOT FOUND: INTERNETNAMES (nodeId: 10, conferenceId: 1)
[2026-09-01T20:30:47.745Z] NOT FOUND: INTERNETNAMES (nodeId: 11, conferenceId: 1)
[2026-09-01T20:30:47.768Z] NOT FOUND: INTERNETNAMES (nodeId: 11, conferenceId: 1)
[2026-09-01T20:30:47.775Z] NOT FOUND: INTERNETNAMES (nodeId: 11, conferenceId: 1)
[2026-09-01T20:30:47.789Z] NOT FOUND: INTERNETNAMES (nodeId: 11, conferenceId: 1)
[2026-09-01T20:30:47.819Z] NOT FOUND: INTERNETNAMES (nodeId: 11, conferenceId: 1)
[2026-09-01T20:30:47.823Z] NOT FOUND: INTERNETNAMES (nodeId: 12, conferenceId: 1)
[2026-09-01T20:30:47.844Z] NOT FOUND: INTERNETNAMES (nodeId: 12, conferenceId: 1)
[2026-09-01T20:30:47.850Z] NOT FOUND: INTERNETNAMES (nodeId: 12, conferenceId: 1)
[2026-09-01T20:30:47.870Z] NOT FOUND: INTERNETNAMES (nodeId: 12, conferenceId: 1)
[2026-09-01T20:30:47.896Z] NOT FOUND: INTERNETNAMES (nodeId: 12, conferenceId: 1)
[2026-09-01T20:30:47.900Z] NOT FOUND: INTERNETNAMES (nodeId: 13, conferenceId: 1)
[2026-09-01T20:30:47.910Z] NOT FOUND: INTERNETNAMES (nodeId: 13, conferenceId: 1)
[2026-09-01T20:30:47.927Z] NOT FOUND: INTERNETNAMES (nodeId: 13, conferenceId: 1)
[2026-09-01T20:30:47.942Z] NOT FOUND: INTERNETNAMES (nodeId: 13, conferenceId: 1)
[2026-09-01T20:30:47.969Z] NOT FOUND: INTERNETNAMES (nodeId: 13, conferenceId: 1)
[2026-09-01T20:30:47.974Z] NOT FOUND: INTERNETNAMES (nodeId: 14, conferenceId: 1)
[2026-09-01T20:30:47.992Z] NOT FOUND: INTERNETNAMES (nodeId: 14, conferenceId: 1)
[2026-09-01T20:30:48.007Z] NOT FOUND: INTERNETNAMES (nodeId: 14, conferenceId: 1)
[2026-09-01T20:30:48.026Z] NOT FOUND: INTERNETNAMES (nodeId: 14, conferenceId: 1)
[2026-09-01T20:30:48.053Z] NOT FOUND: INTERNETNAMES (nodeId: 14, conferenceId: 1)
[2026-09-01T20:30:48.056Z] NOT FOUND: INTERNETNAMES (nodeId: 15, conferenceId: 1)
[2026-09-01T20:30:48.067Z] NOT FOUND: INTERNETNAMES (nodeId: 15, conferenceId: 1)
[2026-09-01T20:30:48.085Z] NOT FOUND: INTERNETNAMES (nodeId: 15, conferenceId: 1)
[2026-09-01T20:30:48.104Z] NOT FOUND: INTERNETNAMES (nodeId: 15, conferenceId: 1)
[2026-09-01T20:30:48.144Z] NOT FOUND: INTERNETNAMES (nodeId: 15, conferenceId: 1)
[2026-09-01T20:30:48.147Z] NOT FOUND: INTERNETNAMES (nodeId: 16, conferenceId: 1)
[2026-09-01T20:30:48.167Z] NOT FOUND: INTERNETNAMES (nodeId: 16, conferenceId: 1)
[2026-09-01T20:30:48.209Z] NOT FOUND: INTERNETNAMES (nodeId: 16, conferenceId: 1)
[2026-09-01T20:30:48.232Z] NOT FOUND: INTERNETNAMES (nodeId: 16, conferenceId: 1)
[2026-09-01T20:30:48.262Z] NOT FOUND: INTERNETNAMES (nodeId: 16, conferenceId: 1)
[2026-09-01T20:30:48.271Z] NOT FOUND: INTERNETNAMES (nodeId: 17, conferenceId: 1)
[2026-09-01T20:30:48.288Z] NOT FOUND: INTERNETNAMES (nodeId: 17, conferenceId: 1)
[2026-09-01T20:30:48.293Z] NOT FOUND: INTERNETNAMES (nodeId: 17, conferenceId: 1)
[2026-09-01T20:30:48.308Z] NOT FOUND: INTERNETNAMES (nodeId: 17, conferenceId: 1)
[2026-09-01T20:30:48.338Z] NOT FOUND: INTERNETNAMES (nodeId: 17, conferenceId: 1)
[2026-09-01T20:30:48.343Z] NOT FOUND: INTERNETNAMES (nodeId: 18, conferenceId: 1)
[2026-09-01T20:30:48.364Z] NOT FOUND: INTERNETNAMES (nodeId: 18, conferenceId: 1)
[2026-09-01T20:30:48.387Z] NOT FOUND: INTERNETNAMES (nodeId: 18, conferenceId: 1)
[2026-09-01T20:30:48.404Z] NOT FOUND: INTERNETNAMES (nodeId: 18, conferenceId: 1)
[2026-09-01T20:30:48.434Z] NOT FOUND: INTERNETNAMES (nodeId: 18, conferenceId: 1)
[2026-09-01T20:30:48.438Z] NOT FOUND: INTERNETNAMES (nodeId: 19, conferenceId: 1)
[2026-09-01T20:30:48.462Z] NOT FOUND: INTERNETNAMES (nodeId: 19, conferenceId: 1)
[2026-09-01T20:30:48.479Z] NOT FOUND: INTERNETNAMES (nodeId: 19, conferenceId: 1)
[2026-09-01T20:30:48.495Z] NOT FOUND: INTERNETNAMES (nodeId: 19, conferenceId: 1)
[2026-09-01T20:30:48.528Z] NOT FOUND: INTERNETNAMES (nodeId: 19, conferenceId: 1)
[2026-09-01T20:30:48.532Z] NOT FOUND: INTERNETNAMES (nodeId: 20, conferenceId: 1)
[2026-09-01T20:30:48.543Z] NOT FOUND: INTERNETNAMES (nodeId: 20, conferenceId: 1)
[2026-09-01T20:30:48.562Z] NOT FOUND: INTERNETNAMES (nodeId: 20, conferenceId: 1)
[2026-09-01T20:30:48.582Z] NOT FOUND: INTERNETNAMES (nodeId: 20, conferenceId: 1)
[2026-09-01T20:30:48.610Z] NOT FOUND: INTERNETNAMES (nodeId: 20, conferenceId: 1)
[2026-09-01T20:30:48.612Z] NOT FOUND: INTERNETNAMES (nodeId: 21, conferenceId: 1)
[2026-09-01T20:30:48.621Z] NOT FOUND: INTERNETNAMES (nodeId: 21, conferenceId: 1)
[2026-09-01T20:30:48.629Z] NOT FOUND: INTERNETNAMES (nodeId: 21, conferenceId: 1)
[2026-09-01T20:30:48.646Z] NOT FOUND: INTERNETNAMES (nodeId: 21, conferenceId: 1)
[2026-09-01T20:30:48.707Z] NOT FOUND: INTERNETNAMES (nodeId: 21, conferenceId: 1)
[2026-09-01T20:30:48.716Z] NOT FOUND: INTERNETNAMES (nodeId: 22, conferenceId: 1)
[2026-09-01T20:30:48.726Z] NOT FOUND: INTERNETNAMES (nodeId: 22, conferenceId: 1)
[2026-09-01T20:30:48.733Z] NOT FOUND: INTERNETNAMES (nodeId: 22, conferenceId: 1)
[2026-09-01T20:30:48.758Z] NOT FOUND: INTERNETNAMES (nodeId: 22, conferenceId: 1)
[2026-09-01T20:30:48.784Z] NOT FOUND: INTERNETNAMES (nodeId: 22, conferenceId: 1)
[2026-09-01T20:30:48.787Z] NOT FOUND: INTERNETNAMES (nodeId: 23, conferenceId: 1)
[2026-09-01T20:30:48.806Z] NOT FOUND: INTERNETNAMES (nodeId: 23, conferenceId: 1)
[2026-09-01T20:30:48.812Z] NOT FOUND: INTERNETNAMES (nodeId: 23, conferenceId: 1)
[2026-09-01T20:30:48.829Z] NOT FOUND: INTERNETNAMES (nodeId: 23, conferenceId: 1)
[2026-09-01T20:30:48.858Z] NOT FOUND: INTERNETNAMES (nodeId: 23, conferenceId: 1)
[2026-09-01T20:30:48.867Z] NOT FOUND: INTERNETNAMES (nodeId: 24, conferenceId: 1)
[2026-09-01T20:30:48.881Z] NOT FOUND: INTERNETNAMES (nodeId: 24, conferenceId: 1)
[2026-09-01T20:30:48.894Z] NOT FOUND: INTERNETNAMES (nodeId: 24, conferenceId: 1)
[2026-09-01T20:30:48.917Z] NOT FOUND: INTERNETNAMES (nodeId: 24, conferenceId: 1)
[2026-09-01T20:30:48.944Z] NOT FOUND: INTERNETNAMES (nodeId: 24, conferenceId: 1)
[2026-09-01T20:30:48.955Z] NOT FOUND: INTERNETNAMES (nodeId: 25, conferenceId: 1)
[2026-09-01T20:30:48.968Z] NOT FOUND: INTERNETNAMES (nodeId: 25, conferenceId: 1)
[2026-09-01T20:30:48.983Z] NOT FOUND: INTERNETNAMES (nodeId: 25, conferenceId: 1)
[2026-09-01T20:30:48.997Z] NOT FOUND: INTERNETNAMES (nodeId: 25, conferenceId: 1)
[2026-09-01T20:30:49.024Z] NOT FOUND: INTERNETNAMES (nodeId: 25, conferenceId: 1)
[2026-09-01T20:30:49.027Z] NOT FOUND: INTERNETNAMES (nodeId: 26, conferenceId: 1)
[2026-09-01T20:30:49.037Z] NOT FOUND: INTERNETNAMES (nodeId: 26, conferenceId: 1)
[2026-09-01T20:30:49.062Z] NOT FOUND: INTERNETNAMES (nodeId: 26, conferenceId: 1)
[2026-09-01T20:30:49.077Z] NOT FOUND: INTERNETNAMES (nodeId: 26, conferenceId: 1)
[2026-09-01T20:30:49.108Z] NOT FOUND: INTERNETNAMES (nodeId: 26, conferenceId: 1)
[2026-09-01T20:30:49.113Z] NOT FOUND: INTERNETNAMES (nodeId: 27, conferenceId: 1)
[2026-09-01T20:30:49.124Z] NOT FOUND: INTERNETNAMES (nodeId: 27, conferenceId: 1)
[2026-09-01T20:30:49.143Z] NOT FOUND: INTERNETNAMES (nodeId: 27, conferenceId: 1)
[2026-09-01T20:30:49.156Z] NOT FOUND: INTERNETNAMES (nodeId: 27, conferenceId: 1)
[2026-09-01T20:30:49.185Z] NOT FOUND: INTERNETNAMES (nodeId: 27, conferenceId: 1)
[2026-09-01T20:30:49.188Z] NOT FOUND: INTERNETNAMES (nodeId: 28, conferenceId: 1)
[2026-09-01T20:30:49.220Z] NOT FOUND: INTERNETNAMES (nodeId: 28, conferenceId: 1)
[2026-09-01T20:30:49.227Z] NOT FOUND: INTERNETNAMES (nodeId: 28, conferenceId: 1)
[2026-09-01T20:30:49.244Z] NOT FOUND: INTERNETNAMES (nodeId: 28, conferenceId: 1)
[2026-09-01T20:30:49.270Z] NOT FOUND: INTERNETNAMES (nodeId: 28, conferenceId: 1)
[2026-09-01T20:30:49.274Z] NOT FOUND: INTERNETNAMES (nodeId: 29, conferenceId: 1)
[2026-09-01T20:30:49.294Z] NOT FOUND: INTERNETNAMES (nodeId: 29, conferenceId: 1)
[2026-09-01T20:30:49.300Z] NOT FOUND: INTERNETNAMES (nodeId: 29, conferenceId: 1)
[2026-09-01T20:30:49.316Z] NOT FOUND: INTERNETNAMES (nodeId: 29, conferenceId: 1)
[2026-09-01T20:30:49.343Z] NOT FOUND: INTERNETNAMES (nodeId: 29, conferenceId: 1)
[2026-09-01T20:30:49.345Z] NOT FOUND: INTERNETNAMES (nodeId: 30, conferenceId: 1)
[2026-09-01T20:30:49.359Z] NOT FOUND: INTERNETNAMES (nodeId: 30, conferenceId: 1)
[2026-09-01T20:30:49.366Z] NOT FOUND: INTERNETNAMES (nodeId: 30, conferenceId: 1)
[2026-09-01T20:30:49.381Z] NOT FOUND: INTERNETNAMES (nodeId: 30, conferenceId: 1)
[2026-09-01T20:30:49.408Z] NOT FOUND: INTERNETNAMES (nodeId: 30, conferenceId: 1)
[2026-09-01T20:30:49.411Z] NOT FOUND: INTERNETNAMES (nodeId: 31, conferenceId: 1)
[2026-09-01T20:30:49.423Z] NOT FOUND: INTERNETNAMES (nodeId: 31, conferenceId: 1)
[2026-09-01T20:30:49.449Z] NOT FOUND: INTERNETNAMES (nodeId: 31, conferenceId: 1)
[2026-09-01T20:30:49.490Z] NOT FOUND: INTERNETNAMES (nodeId: 31, conferenceId: 1)
[2026-09-01T20:30:49.523Z] NOT FOUND: INTERNETNAMES (nodeId: 31, conferenceId: 1)
[2026-09-01T20:30:49.526Z] NOT FOUND: INTERNETNAMES (nodeId: 32, conferenceId: 1)
[2026-09-01T20:30:49.546Z] NOT FOUND: INTERNETNAMES (nodeId: 32, conferenceId: 1)
[2026-09-01T20:30:49.576Z] NOT FOUND: INTERNETNAMES (nodeId: 32, conferenceId: 1)
[2026-09-01T20:30:49.591Z] NOT FOUND: INTERNETNAMES (nodeId: 32, conferenceId: 1)
[2026-09-01T20:30:49.621Z] NOT FOUND: INTERNETNAMES (nodeId: 32, conferenceId: 1)
[2026-09-01T20:30:49.624Z] NOT FOUND: INTERNETNAMES (nodeId: 33, conferenceId: 1)
[2026-09-01T20:30:49.643Z] NOT FOUND: INTERNETNAMES (nodeId: 33, conferenceId: 1)
[2026-09-01T20:30:49.662Z] NOT FOUND: INTERNETNAMES (nodeId: 33, conferenceId: 1)
[2026-09-01T20:30:49.678Z] NOT FOUND: INTERNETNAMES (nodeId: 33, conferenceId: 1)
[2026-09-01T20:30:49.705Z] NOT FOUND: INTERNETNAMES (nodeId: 33, conferenceId: 1)
[2026-09-01T20:30:49.707Z] NOT FOUND: INTERNETNAMES (nodeId: 34, conferenceId: 1)
[2026-09-01T20:30:49.735Z] NOT FOUND: INTERNETNAMES (nodeId: 34, conferenceId: 1)
[2026-09-01T20:30:49.762Z] NOT FOUND: INTERNETNAMES (nodeId: 34, conferenceId: 1)
[2026-09-01T20:30:49.779Z] NOT FOUND: INTERNETNAMES (nodeId: 34, conferenceId: 1)
[2026-09-01T20:30:49.807Z] NOT FOUND: INTERNETNAMES (nodeId: 34, conferenceId: 1)
[2026-09-01T20:30:49.809Z] NOT FOUND: INTERNETNAMES (nodeId: 35, conferenceId: 1)
[2026-09-01T20:30:49.816Z] NOT FOUND: INTERNETNAMES (nodeId: 35, conferenceId: 1)
[2026-09-01T20:30:49.824Z] NOT FOUND: INTERNETNAMES (nodeId: 35, conferenceId: 1)
[2026-09-01T20:30:49.837Z] NOT FOUND: INTERNETNAMES (nodeId: 35, conferenceId: 1)
[2026-09-01T20:30:49.883Z] NOT FOUND: INTERNETNAMES (nodeId: 35, conferenceId: 1)
[2026-09-01T20:30:49.886Z] NOT FOUND: INTERNETNAMES (nodeId: 36, conferenceId: 1)
[2026-09-01T20:30:49.911Z] NOT FOUND: INTERNETNAMES (nodeId: 36, conferenceId: 1)
[2026-09-01T20:30:49.917Z] NOT FOUND: INTERNETNAMES (nodeId: 36, conferenceId: 1)
[2026-09-01T20:30:49.931Z] NOT FOUND: INTERNETNAMES (nodeId: 36, conferenceId: 1)
[2026-09-01T20:30:49.956Z] NOT FOUND: INTERNETNAMES (nodeId: 36, conferenceId: 1)
[2026-09-01T20:30:49.959Z] NOT FOUND: INTERNETNAMES (nodeId: 37, conferenceId: 1)
[2026-09-01T20:30:49.977Z] NOT FOUND: INTERNETNAMES (nodeId: 37, conferenceId: 1)
[2026-09-01T20:30:49.985Z] NOT FOUND: INTERNETNAMES (nodeId: 37, conferenceId: 1)
[2026-09-01T20:30:50.012Z] NOT FOUND: INTERNETNAMES (nodeId: 37, conferenceId: 1)
[2026-09-01T20:30:50.044Z] NOT FOUND: INTERNETNAMES (nodeId: 37, conferenceId: 1)
[2026-09-01T20:30:50.055Z] NOT FOUND: INTERNETNAMES (nodeId: 38, conferenceId: 1)
[2026-09-01T20:30:50.067Z] NOT FOUND: INTERNETNAMES (nodeId: 38, conferenceId: 1)
[2026-09-01T20:30:50.076Z] NOT FOUND: INTERNETNAMES (nodeId: 38, conferenceId: 1)
[2026-09-01T20:30:50.090Z] NOT FOUND: INTERNETNAMES (nodeId: 38, conferenceId: 1)
[2026-09-01T20:30:50.117Z] NOT FOUND: INTERNETNAMES (nodeId: 38, conferenceId: 1)
[2026-09-01T20:30:50.121Z] NOT FOUND: INTERNETNAMES (nodeId: 39, conferenceId: 1)
[2026-09-01T20:30:50.136Z] NOT FOUND: INTERNETNAMES (nodeId: 39, conferenceId: 1)
[2026-09-01T20:30:50.145Z] NOT FOUND: INTERNETNAMES (nodeId: 39, conferenceId: 1)
[2026-09-01T20:30:50.163Z] NOT FOUND: INTERNETNAMES (nodeId: 39, conferenceId: 1)
[2026-09-01T20:30:50.189Z] NOT FOUND: INTERNETNAMES (nodeId: 39, conferenceId: 1)
[2026-09-01T20:30:50.192Z] NOT FOUND: INTERNETNAMES (nodeId: 40, conferenceId: 1)
[2026-09-01T20:30:50.207Z] NOT FOUND: INTERNETNAMES (nodeId: 40, conferenceId: 1)
[2026-09-01T20:30:50.214Z] NOT FOUND: INTERNETNAMES (nodeId: 40, conferenceId: 1)
[2026-09-01T20:30:50.230Z] NOT FOUND: INTERNETNAMES (nodeId: 40, conferenceId: 1)
[2026-09-01T20:30:50.258Z] NOT FOUND: INTERNETNAMES (nodeId: 40, conferenceId: 1)
[2026-09-01T20:30:50.261Z] NOT FOUND: INTERNETNAMES (nodeId: 45, conferenceId: 1)
[2026-09-01T20:30:50.289Z] NOT FOUND: INTERNETNAMES (nodeId: 45, conferenceId: 1)
[2026-09-01T20:30:50.296Z] NOT FOUND: INTERNETNAMES (nodeId: 45, conferenceId: 1)
[2026-09-01T20:30:50.308Z] NOT FOUND: INTERNETNAMES (nodeId: 45, conferenceId: 1)
[2026-09-01T20:30:50.354Z] NOT FOUND: INTERNETNAMES (nodeId: 45, conferenceId: 1)
[2026-09-01T20:30:50.361Z] NOT FOUND: INTERNETNAMES (nodeId: 97, conferenceId: 1)
[2026-09-01T20:30:50.384Z] NOT FOUND: INTERNETNAMES (nodeId: 97, conferenceId: 1)
[2026-09-01T20:30:50.391Z] NOT FOUND: INTERNETNAMES (nodeId: 97, conferenceId: 1)
[2026-09-01T20:30:50.405Z] NOT FOUND: INTERNETNAMES (nodeId: 97, conferenceId: 1)
[2026-09-01T20:30:50.432Z] NOT FOUND: INTERNETNAMES (nodeId: 97, conferenceId: 1)
[2026-09-01T20:30:50.446Z] NOT FOUND: REALNAMES (nodeId: 0, conferenceId: 1)
[2026-09-01T20:30:50.456Z] NOT FOUND: REALNAMES (nodeId: 0, conferenceId: 1)
[2026-09-01T20:30:50.474Z] NOT FOUND: REALNAMES (nodeId: 0, conferenceId: 1)
[2026-09-01T20:30:50.490Z] NOT FOUND: REALNAMES (nodeId: 0, conferenceId: 1)
[2026-09-01T20:30:50.516Z] NOT FOUND: REALNAMES (nodeId: 0, conferenceId: 1)
[2026-09-01T20:30:50.523Z] NOT FOUND: REALNAMES (nodeId: 1, conferenceId: 1)
[2026-09-01T20:30:50.533Z] NOT FOUND: REALNAMES (nodeId: 1, conferenceId: 1)
[2026-09-01T20:30:50.550Z] NOT FOUND: REALNAMES (nodeId: 1, conferenceId: 1)
[2026-09-01T20:30:50.566Z] NOT FOUND: REALNAMES (nodeId: 1, conferenceId: 1)
[2026-09-01T20:30:50.593Z] NOT FOUND: REALNAMES (nodeId: 1, conferenceId: 1)
[2026-09-01T20:30:50.595Z] NOT FOUND: REALNAMES (nodeId: 2, conferenceId: 1)
[2026-09-01T20:30:50.612Z] NOT FOUND: REALNAMES (nodeId: 2, conferenceId: 1)
[2026-09-01T20:30:50.624Z] NOT FOUND: REALNAMES (nodeId: 2, conferenceId: 1)
[2026-09-01T20:30:50.635Z] NOT FOUND: REALNAMES (nodeId: 2, conferenceId: 1)
[2026-09-01T20:30:50.661Z] NOT FOUND: REALNAMES (nodeId: 2, conferenceId: 1)
[2026-09-01T20:30:50.678Z] NOT FOUND: REALNAMES (nodeId: 3, conferenceId: 1)
[2026-09-01T20:30:50.702Z] NOT FOUND: REALNAMES (nodeId: 3, conferenceId: 1)
[2026-09-01T20:30:50.710Z] NOT FOUND: REALNAMES (nodeId: 3, conferenceId: 1)
[2026-09-01T20:30:50.728Z] NOT FOUND: REALNAMES (nodeId: 3, conferenceId: 1)
[2026-09-01T20:30:50.769Z] NOT FOUND: REALNAMES (nodeId: 3, conferenceId: 1)
[2026-09-01T20:30:50.771Z] NOT FOUND: REALNAMES (nodeId: 4, conferenceId: 1)
[2026-09-01T20:30:50.789Z] NOT FOUND: REALNAMES (nodeId: 4, conferenceId: 1)
[2026-09-01T20:30:50.797Z] NOT FOUND: REALNAMES (nodeId: 4, conferenceId: 1)
[2026-09-01T20:30:50.814Z] NOT FOUND: REALNAMES (nodeId: 4, conferenceId: 1)
[2026-09-01T20:30:50.843Z] NOT FOUND: REALNAMES (nodeId: 4, conferenceId: 1)
[2026-09-01T20:30:50.852Z] NOT FOUND: REALNAMES (nodeId: 5, conferenceId: 1)
[2026-09-01T20:30:50.861Z] NOT FOUND: REALNAMES (nodeId: 5, conferenceId: 1)
[2026-09-01T20:30:50.870Z] NOT FOUND: REALNAMES (nodeId: 5, conferenceId: 1)
[2026-09-01T20:30:50.886Z] NOT FOUND: REALNAMES (nodeId: 5, conferenceId: 1)
[2026-09-01T20:30:50.913Z] NOT FOUND: REALNAMES (nodeId: 5, conferenceId: 1)
[2026-09-01T20:30:50.948Z] NOT FOUND: REALNAMES (nodeId: 6, conferenceId: 1)
[2026-09-01T20:30:50.963Z] NOT FOUND: REALNAMES (nodeId: 6, conferenceId: 1)
[2026-09-01T20:30:50.972Z] NOT FOUND: REALNAMES (nodeId: 6, conferenceId: 1)
[2026-09-01T20:30:50.988Z] NOT FOUND: REALNAMES (nodeId: 6, conferenceId: 1)
[2026-09-01T20:30:51.020Z] NOT FOUND: REALNAMES (nodeId: 6, conferenceId: 1)
[2026-09-01T20:30:51.023Z] NOT FOUND: REALNAMES (nodeId: 7, conferenceId: 1)
[2026-09-01T20:30:51.027Z] NOT FOUND: REALNAMES (nodeId: 7, conferenceId: 1)
[2026-09-01T20:30:51.040Z] NOT FOUND: REALNAMES (nodeId: 7, conferenceId: 1)
[2026-09-01T20:30:51.056Z] NOT FOUND: REALNAMES (nodeId: 7, conferenceId: 1)
[2026-09-01T20:30:51.082Z] NOT FOUND: REALNAMES (nodeId: 7, conferenceId: 1)
[2026-09-01T20:30:51.096Z] NOT FOUND: REALNAMES (nodeId: 8, conferenceId: 1)
[2026-09-01T20:30:51.158Z] NOT FOUND: REALNAMES (nodeId: 8, conferenceId: 1)
[2026-09-01T20:30:51.172Z] NOT FOUND: REALNAMES (nodeId: 8, conferenceId: 1)
[2026-09-01T20:30:51.190Z] NOT FOUND: REALNAMES (nodeId: 8, conferenceId: 1)
[2026-09-01T20:30:51.223Z] NOT FOUND: REALNAMES (nodeId: 8, conferenceId: 1)
[2026-09-01T20:30:51.226Z] NOT FOUND: REALNAMES (nodeId: 9, conferenceId: 1)
[2026-09-01T20:30:51.302Z] NOT FOUND: REALNAMES (nodeId: 9, conferenceId: 1)
[2026-09-01T20:30:51.317Z] NOT FOUND: REALNAMES (nodeId: 9, conferenceId: 1)
[2026-09-01T20:30:51.343Z] NOT FOUND: REALNAMES (nodeId: 9, conferenceId: 1)
[2026-09-01T20:30:51.383Z] NOT FOUND: REALNAMES (nodeId: 9, conferenceId: 1)
[2026-09-01T20:30:51.386Z] NOT FOUND: REALNAMES (nodeId: 10, conferenceId: 1)
[2026-09-01T20:30:51.404Z] NOT FOUND: REALNAMES (nodeId: 10, conferenceId: 1)
[2026-09-01T20:30:51.413Z] NOT FOUND: REALNAMES (nodeId: 10, conferenceId: 1)
[2026-09-01T20:30:51.431Z] NOT FOUND: REALNAMES (nodeId: 10, conferenceId: 1)
[2026-09-01T20:30:51.459Z] NOT FOUND: REALNAMES (nodeId: 10, conferenceId: 1)
[2026-09-01T20:30:51.462Z] NOT FOUND: REALNAMES (nodeId: 11, conferenceId: 1)
[2026-09-01T20:30:51.482Z] NOT FOUND: REALNAMES (nodeId: 11, conferenceId: 1)
[2026-09-01T20:30:51.490Z] NOT FOUND: REALNAMES (nodeId: 11, conferenceId: 1)
[2026-09-01T20:30:51.502Z] NOT FOUND: REALNAMES (nodeId: 11, conferenceId: 1)
[2026-09-01T20:30:51.531Z] NOT FOUND: REALNAMES (nodeId: 11, conferenceId: 1)
[2026-09-01T20:30:51.534Z] NOT FOUND: REALNAMES (nodeId: 12, conferenceId: 1)
[2026-09-01T20:30:51.540Z] NOT FOUND: REALNAMES (nodeId: 12, conferenceId: 1)
[2026-09-01T20:30:51.547Z] NOT FOUND: REALNAMES (nodeId: 12, conferenceId: 1)
[2026-09-01T20:30:51.563Z] NOT FOUND: REALNAMES (nodeId: 12, conferenceId: 1)
[2026-09-01T20:30:51.599Z] NOT FOUND: REALNAMES (nodeId: 12, conferenceId: 1)
[2026-09-01T20:30:51.601Z] NOT FOUND: REALNAMES (nodeId: 13, conferenceId: 1)
[2026-09-01T20:30:51.608Z] NOT FOUND: REALNAMES (nodeId: 13, conferenceId: 1)
[2026-09-01T20:30:51.615Z] NOT FOUND: REALNAMES (nodeId: 13, conferenceId: 1)
[2026-09-01T20:30:51.629Z] NOT FOUND: REALNAMES (nodeId: 13, conferenceId: 1)
[2026-09-01T20:30:51.663Z] NOT FOUND: REALNAMES (nodeId: 13, conferenceId: 1)
[2026-09-01T20:30:51.669Z] NOT FOUND: REALNAMES (nodeId: 14, conferenceId: 1)
[2026-09-01T20:30:51.680Z] NOT FOUND: REALNAMES (nodeId: 14, conferenceId: 1)
[2026-09-01T20:30:51.688Z] NOT FOUND: REALNAMES (nodeId: 14, conferenceId: 1)
[2026-09-01T20:30:51.704Z] NOT FOUND: REALNAMES (nodeId: 14, conferenceId: 1)
[2026-09-01T20:30:51.739Z] NOT FOUND: REALNAMES (nodeId: 14, conferenceId: 1)
[2026-09-01T20:30:51.742Z] NOT FOUND: REALNAMES (nodeId: 15, conferenceId: 1)
[2026-09-01T20:30:51.759Z] NOT FOUND: REALNAMES (nodeId: 15, conferenceId: 1)
[2026-09-01T20:30:51.771Z] NOT FOUND: REALNAMES (nodeId: 15, conferenceId: 1)
[2026-09-01T20:30:51.789Z] NOT FOUND: REALNAMES (nodeId: 15, conferenceId: 1)
[2026-09-01T20:30:51.823Z] NOT FOUND: REALNAMES (nodeId: 15, conferenceId: 1)
[2026-09-01T20:30:51.825Z] NOT FOUND: REALNAMES (nodeId: 16, conferenceId: 1)
[2026-09-01T20:30:51.837Z] NOT FOUND: REALNAMES (nodeId: 16, conferenceId: 1)
[2026-09-01T20:30:51.850Z] NOT FOUND: REALNAMES (nodeId: 16, conferenceId: 1)
[2026-09-01T20:30:51.865Z] NOT FOUND: REALNAMES (nodeId: 16, conferenceId: 1)
[2026-09-01T20:30:51.895Z] NOT FOUND: REALNAMES (nodeId: 16, conferenceId: 1)
[2026-09-01T20:30:51.903Z] NOT FOUND: REALNAMES (nodeId: 17, conferenceId: 1)
[2026-09-01T20:30:51.923Z] NOT FOUND: REALNAMES (nodeId: 17, conferenceId: 1)
[2026-09-01T20:30:51.932Z] NOT FOUND: REALNAMES (nodeId: 17, conferenceId: 1)
[2026-09-01T20:30:51.947Z] NOT FOUND: REALNAMES (nodeId: 17, conferenceId: 1)
[2026-09-01T20:30:51.975Z] NOT FOUND: REALNAMES (nodeId: 17, conferenceId: 1)
[2026-09-01T20:30:51.982Z] NOT FOUND: REALNAMES (nodeId: 18, conferenceId: 1)
[2026-09-01T20:30:52.000Z] NOT FOUND: REALNAMES (nodeId: 18, conferenceId: 1)
[2026-09-01T20:30:52.009Z] NOT FOUND: REALNAMES (nodeId: 18, conferenceId: 1)
[2026-09-01T20:30:52.024Z] NOT FOUND: REALNAMES (nodeId: 18, conferenceId: 1)
[2026-09-01T20:30:52.051Z] NOT FOUND: REALNAMES (nodeId: 18, conferenceId: 1)
[2026-09-01T20:30:52.054Z] NOT FOUND: REALNAMES (nodeId: 19, conferenceId: 1)
[2026-09-01T20:30:52.083Z] NOT FOUND: REALNAMES (nodeId: 19, conferenceId: 1)
[2026-09-01T20:30:52.091Z] NOT FOUND: REALNAMES (nodeId: 19, conferenceId: 1)
[2026-09-01T20:30:52.106Z] NOT FOUND: REALNAMES (nodeId: 19, conferenceId: 1)
[2026-09-01T20:30:52.132Z] NOT FOUND: REALNAMES (nodeId: 19, conferenceId: 1)
[2026-09-01T20:30:52.134Z] NOT FOUND: REALNAMES (nodeId: 20, conferenceId: 1)
[2026-09-01T20:30:52.157Z] NOT FOUND: REALNAMES (nodeId: 20, conferenceId: 1)
[2026-09-01T20:30:52.164Z] NOT FOUND: REALNAMES (nodeId: 20, conferenceId: 1)
[2026-09-01T20:30:52.180Z] NOT FOUND: REALNAMES (nodeId: 20, conferenceId: 1)
[2026-09-01T20:30:52.205Z] NOT FOUND: REALNAMES (nodeId: 20, conferenceId: 1)
[2026-09-01T20:30:52.208Z] NOT FOUND: REALNAMES (nodeId: 21, conferenceId: 1)
[2026-09-01T20:30:52.228Z] NOT FOUND: REALNAMES (nodeId: 21, conferenceId: 1)
[2026-09-01T20:30:52.244Z] NOT FOUND: REALNAMES (nodeId: 21, conferenceId: 1)
[2026-09-01T20:30:52.260Z] NOT FOUND: REALNAMES (nodeId: 21, conferenceId: 1)
[2026-09-01T20:30:52.292Z] NOT FOUND: REALNAMES (nodeId: 21, conferenceId: 1)
[2026-09-01T20:30:52.309Z] NOT FOUND: REALNAMES (nodeId: 22, conferenceId: 1)
[2026-09-01T20:30:52.331Z] NOT FOUND: REALNAMES (nodeId: 22, conferenceId: 1)
[2026-09-01T20:30:52.362Z] NOT FOUND: REALNAMES (nodeId: 22, conferenceId: 1)
[2026-09-01T20:30:52.381Z] NOT FOUND: REALNAMES (nodeId: 22, conferenceId: 1)
[2026-09-01T20:30:52.410Z] NOT FOUND: REALNAMES (nodeId: 22, conferenceId: 1)
[2026-09-01T20:30:52.412Z] NOT FOUND: REALNAMES (nodeId: 23, conferenceId: 1)
[2026-09-01T20:30:52.441Z] NOT FOUND: REALNAMES (nodeId: 23, conferenceId: 1)
[2026-09-01T20:30:52.450Z] NOT FOUND: REALNAMES (nodeId: 23, conferenceId: 1)
[2026-09-01T20:30:52.461Z] NOT FOUND: REALNAMES (nodeId: 23, conferenceId: 1)
[2026-09-01T20:30:52.487Z] NOT FOUND: REALNAMES (nodeId: 23, conferenceId: 1)
[2026-09-01T20:30:52.489Z] NOT FOUND: REALNAMES (nodeId: 24, conferenceId: 1)
[2026-09-01T20:30:52.505Z] NOT FOUND: REALNAMES (nodeId: 24, conferenceId: 1)
[2026-09-01T20:30:52.511Z] NOT FOUND: REALNAMES (nodeId: 24, conferenceId: 1)
[2026-09-01T20:30:52.525Z] NOT FOUND: REALNAMES (nodeId: 24, conferenceId: 1)
[2026-09-01T20:30:52.552Z] NOT FOUND: REALNAMES (nodeId: 24, conferenceId: 1)
[2026-09-01T20:30:52.554Z] NOT FOUND: REALNAMES (nodeId: 25, conferenceId: 1)
[2026-09-01T20:30:52.584Z] NOT FOUND: REALNAMES (nodeId: 25, conferenceId: 1)
[2026-09-01T20:30:52.590Z] NOT FOUND: REALNAMES (nodeId: 25, conferenceId: 1)
[2026-09-01T20:30:52.613Z] NOT FOUND: REALNAMES (nodeId: 25, conferenceId: 1)
[2026-09-01T20:30:52.640Z] NOT FOUND: REALNAMES (nodeId: 25, conferenceId: 1)
[2026-09-01T20:30:52.643Z] NOT FOUND: REALNAMES (nodeId: 26, conferenceId: 1)
[2026-09-01T20:30:52.668Z] NOT FOUND: REALNAMES (nodeId: 26, conferenceId: 1)
[2026-09-01T20:30:52.689Z] NOT FOUND: REALNAMES (nodeId: 26, conferenceId: 1)
[2026-09-01T20:30:52.704Z] NOT FOUND: REALNAMES (nodeId: 26, conferenceId: 1)
[2026-09-01T20:30:52.735Z] NOT FOUND: REALNAMES (nodeId: 26, conferenceId: 1)
[2026-09-01T20:30:52.739Z] NOT FOUND: REALNAMES (nodeId: 27, conferenceId: 1)
[2026-09-01T20:30:52.765Z] NOT FOUND: REALNAMES (nodeId: 27, conferenceId: 1)
[2026-09-01T20:30:52.777Z] NOT FOUND: REALNAMES (nodeId: 27, conferenceId: 1)
[2026-09-01T20:30:52.798Z] NOT FOUND: REALNAMES (nodeId: 27, conferenceId: 1)
[2026-09-01T20:30:52.826Z] NOT FOUND: REALNAMES (nodeId: 27, conferenceId: 1)
[2026-09-01T20:30:52.828Z] NOT FOUND: REALNAMES (nodeId: 28, conferenceId: 1)
[2026-09-01T20:30:52.846Z] NOT FOUND: REALNAMES (nodeId: 28, conferenceId: 1)
[2026-09-01T20:30:52.851Z] NOT FOUND: REALNAMES (nodeId: 28, conferenceId: 1)
[2026-09-01T20:30:52.867Z] NOT FOUND: REALNAMES (nodeId: 28, conferenceId: 1)
[2026-09-01T20:30:52.896Z] NOT FOUND: REALNAMES (nodeId: 28, conferenceId: 1)
[2026-09-01T20:30:52.902Z] NOT FOUND: REALNAMES (nodeId: 29, conferenceId: 1)
[2026-09-01T20:30:52.920Z] NOT FOUND: REALNAMES (nodeId: 29, conferenceId: 1)
[2026-09-01T20:30:52.926Z] NOT FOUND: REALNAMES (nodeId: 29, conferenceId: 1)
[2026-09-01T20:30:52.945Z] NOT FOUND: REALNAMES (nodeId: 29, conferenceId: 1)
[2026-09-01T20:30:52.971Z] NOT FOUND: REALNAMES (nodeId: 29, conferenceId: 1)
[2026-09-01T20:30:52.976Z] NOT FOUND: REALNAMES (nodeId: 30, conferenceId: 1)
[2026-09-01T20:30:52.993Z] NOT FOUND: REALNAMES (nodeId: 30, conferenceId: 1)
[2026-09-01T20:30:52.997Z] NOT FOUND: REALNAMES (nodeId: 30, conferenceId: 1)
[2026-09-01T20:30:53.011Z] NOT FOUND: REALNAMES (nodeId: 30, conferenceId: 1)
[2026-09-01T20:30:53.039Z] NOT FOUND: REALNAMES (nodeId: 30, conferenceId: 1)
[2026-09-01T20:30:53.042Z] NOT FOUND: REALNAMES (nodeId: 31, conferenceId: 1)
[2026-09-01T20:30:53.053Z] NOT FOUND: REALNAMES (nodeId: 31, conferenceId: 1)
[2026-09-01T20:30:53.081Z] NOT FOUND: REALNAMES (nodeId: 31, conferenceId: 1)
[2026-09-01T20:30:53.095Z] NOT FOUND: REALNAMES (nodeId: 31, conferenceId: 1)
[2026-09-01T20:30:53.130Z] NOT FOUND: REALNAMES (nodeId: 31, conferenceId: 1)
[2026-09-01T20:30:53.135Z] NOT FOUND: REALNAMES (nodeId: 32, conferenceId: 1)
[2026-09-01T20:30:53.156Z] NOT FOUND: REALNAMES (nodeId: 32, conferenceId: 1)
[2026-09-01T20:30:53.181Z] NOT FOUND: REALNAMES (nodeId: 32, conferenceId: 1)
[2026-09-01T20:30:53.197Z] NOT FOUND: REALNAMES (nodeId: 32, conferenceId: 1)
[2026-09-01T20:30:53.224Z] NOT FOUND: REALNAMES (nodeId: 32, conferenceId: 1)
[2026-09-01T20:30:53.227Z] NOT FOUND: REALNAMES (nodeId: 33, conferenceId: 1)
[2026-09-01T20:30:53.250Z] NOT FOUND: REALNAMES (nodeId: 33, conferenceId: 1)
[2026-09-01T20:30:53.269Z] NOT FOUND: REALNAMES (nodeId: 33, conferenceId: 1)
[2026-09-01T20:30:53.283Z] NOT FOUND: REALNAMES (nodeId: 33, conferenceId: 1)
[2026-09-01T20:30:53.350Z] NOT FOUND: REALNAMES (nodeId: 33, conferenceId: 1)
[2026-09-01T20:30:53.352Z] NOT FOUND: REALNAMES (nodeId: 34, conferenceId: 1)
[2026-09-01T20:30:53.358Z] NOT FOUND: REALNAMES (nodeId: 34, conferenceId: 1)
[2026-09-01T20:30:53.368Z] NOT FOUND: REALNAMES (nodeId: 34, conferenceId: 1)
[2026-09-01T20:30:53.383Z] NOT FOUND: REALNAMES (nodeId: 34, conferenceId: 1)
[2026-09-01T20:30:53.411Z] NOT FOUND: REALNAMES (nodeId: 34, conferenceId: 1)
[2026-09-01T20:30:53.413Z] NOT FOUND: REALNAMES (nodeId: 35, conferenceId: 1)
[2026-09-01T20:30:53.429Z] NOT FOUND: REALNAMES (nodeId: 35, conferenceId: 1)
[2026-09-01T20:30:53.455Z] NOT FOUND: REALNAMES (nodeId: 35, conferenceId: 1)
[2026-09-01T20:30:53.469Z] NOT FOUND: REALNAMES (nodeId: 35, conferenceId: 1)
[2026-09-01T20:30:53.499Z] NOT FOUND: REALNAMES (nodeId: 35, conferenceId: 1)
[2026-09-01T20:30:53.503Z] NOT FOUND: REALNAMES (nodeId: 36, conferenceId: 1)
[2026-09-01T20:30:53.524Z] NOT FOUND: REALNAMES (nodeId: 36, conferenceId: 1)
[2026-09-01T20:30:53.535Z] NOT FOUND: REALNAMES (nodeId: 36, conferenceId: 1)
[2026-09-01T20:30:53.547Z] NOT FOUND: REALNAMES (nodeId: 36, conferenceId: 1)
[2026-09-01T20:30:53.576Z] NOT FOUND: REALNAMES (nodeId: 36, conferenceId: 1)
[2026-09-01T20:30:53.582Z] NOT FOUND: REALNAMES (nodeId: 37, conferenceId: 1)
[2026-09-01T20:30:53.595Z] NOT FOUND: REALNAMES (nodeId: 37, conferenceId: 1)
[2026-09-01T20:30:53.608Z] NOT FOUND: REALNAMES (nodeId: 37, conferenceId: 1)
[2026-09-01T20:30:53.621Z] NOT FOUND: REALNAMES (nodeId: 37, conferenceId: 1)
[2026-09-01T20:30:53.648Z] NOT FOUND: REALNAMES (nodeId: 37, conferenceId: 1)
[2026-09-01T20:30:53.652Z] NOT FOUND: REALNAMES (nodeId: 38, conferenceId: 1)
[2026-09-01T20:30:53.710Z] NOT FOUND: REALNAMES (nodeId: 38, conferenceId: 1)
[2026-09-01T20:30:53.723Z] NOT FOUND: REALNAMES (nodeId: 38, conferenceId: 1)
[2026-09-01T20:30:53.765Z] NOT FOUND: REALNAMES (nodeId: 38, conferenceId: 1)
[2026-09-01T20:30:53.803Z] NOT FOUND: REALNAMES (nodeId: 38, conferenceId: 1)
[2026-09-01T20:30:53.805Z] NOT FOUND: REALNAMES (nodeId: 39, conferenceId: 1)
[2026-09-01T20:30:53.819Z] NOT FOUND: REALNAMES (nodeId: 39, conferenceId: 1)
[2026-09-01T20:30:53.826Z] NOT FOUND: REALNAMES (nodeId: 39, conferenceId: 1)
[2026-09-01T20:30:53.839Z] NOT FOUND: REALNAMES (nodeId: 39, conferenceId: 1)
[2026-09-01T20:30:53.865Z] NOT FOUND: REALNAMES (nodeId: 39, conferenceId: 1)
[2026-09-01T20:30:53.871Z] NOT FOUND: REALNAMES (nodeId: 40, conferenceId: 1)
[2026-09-01T20:30:53.886Z] NOT FOUND: REALNAMES (nodeId: 40, conferenceId: 1)
[2026-09-01T20:30:53.893Z] NOT FOUND: REALNAMES (nodeId: 40, conferenceId: 1)
[2026-09-01T20:30:53.911Z] NOT FOUND: REALNAMES (nodeId: 40, conferenceId: 1)
[2026-09-01T20:30:53.939Z] NOT FOUND: REALNAMES (nodeId: 40, conferenceId: 1)
[2026-09-01T20:30:53.944Z] NOT FOUND: REALNAMES (nodeId: 45, conferenceId: 1)
[2026-09-01T20:30:53.965Z] NOT FOUND: REALNAMES (nodeId: 45, conferenceId: 1)
[2026-09-01T20:30:53.978Z] NOT FOUND: REALNAMES (nodeId: 45, conferenceId: 1)
[2026-09-01T20:30:53.991Z] NOT FOUND: REALNAMES (nodeId: 45, conferenceId: 1)
[2026-09-01T20:30:54.026Z] NOT FOUND: REALNAMES (nodeId: 45, conferenceId: 1)
[2026-09-01T20:30:54.037Z] NOT FOUND: REALNAMES (nodeId: 97, conferenceId: 1)
[2026-09-01T20:30:54.050Z] NOT FOUND: REALNAMES (nodeId: 97, conferenceId: 1)
[2026-09-01T20:30:54.059Z] NOT FOUND: REALNAMES (nodeId: 97, conferenceId: 1)
[2026-09-01T20:30:54.075Z] NOT FOUND: REALNAMES (nodeId: 97, conferenceId: 1)
[2026-09-01T20:30:54.102Z] NOT FOUND: REALNAMES (nodeId: 97, conferenceId: 1)
