[2026-04-19T22:48:44.635Z] Login successful for sysop. dataDir=/Users/spot/Code/amiexpress-web
[2026-04-19T23:27:24.093Z] Login successful for sysop. dataDir=/Users/spot/Code/amiexpress-web
[2026-04-19T23:35:18.950Z] Login successful for sysop. dataDir=/Users/spot/Code/amiexpress-web
[2026-04-19T23:45:25.196Z] Login successful for sysop. dataDir=/Users/spot/Code/amiexpress-web
[2026-04-20T04:54:10.719Z] Login successful for sysop. dataDir=/Users/spot/Code/amiexpress-web
[2026-04-20T04:57:46.855Z] Login successful for sysop. dataDir=/Users/spot/Code/amiexpress-web
[2026-08-16T19:27:56.875Z] Error in display state handling: socket.on is not a function
Stack: TypeError: socket.on is not a function
    at on (/Users/spot/Code/amiexpress-web/web/backend/src/utils/ansi-buffer.util.ts:175:10)
    at getAnsiBuffer (/Users/spot/Code/amiexpress-web/web/backend/src/utils/ansi-buffer.util.ts:195:18)
    at emitText (/Users/spot/Code/amiexpress-web/web/backend/src/utils/ansi-buffer.util.ts:211:3)
    at emitPrompt (/Users/spot/Code/amiexpress-web/web/backend/src/utils/output.util.ts:54:19)
    at doPause (/Users/spot/Code/amiexpress-web/web/backend/src/handlers/screen.handler.ts:2942:13)
    at doPause (/Users/spot/Code/amiexpress-web/web/backend/src/handlers/command.handler.ts:957:11)
    at finishConferenceScan (/Users/spot/Code/amiexpress-web/web/backend/src/handlers/message/message-scan.handler.ts:465:5)
    at advanceConferenceScan (/Users/spot/Code/amiexpress-web/web/backend/src/handlers/message/message-scan.handler.ts:822:3)
    at performConferenceScan (/Users/spot/Code/amiexpress-web/web/backend/src/handlers/message/message-scan.handler.ts:885:3)
    at Object.<anonymous> (/Users/spot/Code/amiexpress-web/web/backend/tests/message-scan-parity.test.ts:190:5)
Session: {"subState":"display_menu","currentConf":1}
[2026-08-16T19:27:58.052Z] Error in display state handling: socket.on is not a function
Stack: TypeError: socket.on is not a function
    at on (/Users/spot/Code/amiexpress-web/web/backend/src/utils/ansi-buffer.util.ts:175:10)
    at getAnsiBuffer (/Users/spot/Code/amiexpress-web/web/backend/src/utils/ansi-buffer.util.ts:195:18)
    at emitText (/Users/spot/Code/amiexpress-web/web/backend/src/utils/ansi-buffer.util.ts:211:3)
    at emitPrompt (/Users/spot/Code/amiexpress-web/web/backend/src/utils/output.util.ts:54:19)
    at doPause (/Users/spot/Code/amiexpress-web/web/backend/src/handlers/screen.handler.ts:2942:13)
    at doPause (/Users/spot/Code/amiexpress-web/web/backend/src/handlers/command.handler.ts:957:11)
    at finishConferenceScan (/Users/spot/Code/amiexpress-web/web/backend/src/handlers/message/message-scan.handler.ts:465:5)
    at advanceConferenceScan (/Users/spot/Code/amiexpress-web/web/backend/src/handlers/message/message-scan.handler.ts:822:3)
    at performConferenceScan (/Users/spot/Code/amiexpress-web/web/backend/src/handlers/message/message-scan.handler.ts:885:3)
    at Object.<anonymous> (/Users/spot/Code/amiexpress-web/web/backend/tests/message-scan-parity.test.ts:336:5)
Session: {"subState":"display_menu","currentConf":1}
[2026-08-16T19:27:58.953Z] Error in display state handling: socket.on is not a function
Stack: TypeError: socket.on is not a function
    at on (/Users/spot/Code/amiexpress-web/web/backend/src/utils/ansi-buffer.util.ts:175:10)
    at getAnsiBuffer (/Users/spot/Code/amiexpress-web/web/backend/src/utils/ansi-buffer.util.ts:195:18)
    at emitText (/Users/spot/Code/amiexpress-web/web/backend/src/utils/ansi-buffer.util.ts:211:3)
    at emitPrompt (/Users/spot/Code/amiexpress-web/web/backend/src/utils/output.util.ts:54:19)
    at doPause (/Users/spot/Code/amiexpress-web/web/backend/src/handlers/screen.handler.ts:2942:13)
    at doPause (/Users/spot/Code/amiexpress-web/web/backend/src/handlers/command.handler.ts:957:11)
    at finishConferenceScan (/Users/spot/Code/amiexpress-web/web/backend/src/handlers/message/message-scan.handler.ts:465:5)
    at advanceConferenceScan (/Users/spot/Code/amiexpress-web/web/backend/src/handlers/message/message-scan.handler.ts:822:3)
    at performConferenceScan (/Users/spot/Code/amiexpress-web/web/backend/src/handlers/message/message-scan.handler.ts:885:3)
    at Object.<anonymous> (/Users/spot/Code/amiexpress-web/web/backend/tests/message-scan-parity.test.ts:363:5)
Session: {"subState":"display_menu","currentConf":1}
[2026-08-16T19:28:01.283Z] Error in display state handling: socket.on is not a function
Stack: TypeError: socket.on is not a function
    at on (/Users/spot/Code/amiexpress-web/web/backend/src/utils/ansi-buffer.util.ts:175:10)
    at getAnsiBuffer (/Users/spot/Code/amiexpress-web/web/backend/src/utils/ansi-buffer.util.ts:195:18)
    at emitText (/Users/spot/Code/amiexpress-web/web/backend/src/utils/ansi-buffer.util.ts:211:3)
    at emitPrompt (/Users/spot/Code/amiexpress-web/web/backend/src/utils/output.util.ts:54:19)
    at doPause (/Users/spot/Code/amiexpress-web/web/backend/src/handlers/screen.handler.ts:2942:13)
    at doPause (/Users/spot/Code/amiexpress-web/web/backend/src/handlers/command.handler.ts:957:11)
    at finishConferenceScan (/Users/spot/Code/amiexpress-web/web/backend/src/handlers/message/message-scan.handler.ts:465:5)
    at advanceConferenceScan (/Users/spot/Code/amiexpress-web/web/backend/src/handlers/message/message-scan.handler.ts:822:3)
    at performConferenceScan (/Users/spot/Code/amiexpress-web/web/backend/src/handlers/message/message-scan.handler.ts:885:3)
    at Object.<anonymous> (/Users/spot/Code/amiexpress-web/web/backend/tests/message-scan-parity.test.ts:390:5)
Session: {"subState":"display_menu","currentConf":1}
[2026-08-16T19:32:28.490Z] Error in display state handling: socket.on is not a function
Stack: TypeError: socket.on is not a function
    at on (/Users/spot/Code/amiexpress-web/web/backend/src/utils/ansi-buffer.util.ts:175:10)
    at getAnsiBuffer (/Users/spot/Code/amiexpress-web/web/backend/src/utils/ansi-buffer.util.ts:195:18)
    at emitText (/Users/spot/Code/amiexpress-web/web/backend/src/utils/ansi-buffer.util.ts:211:3)
    at emitPrompt (/Users/spot/Code/amiexpress-web/web/backend/src/utils/output.util.ts:54:19)
    at doPause (/Users/spot/Code/amiexpress-web/web/backend/src/handlers/screen.handler.ts:2942:13)
    at doPause (/Users/spot/Code/amiexpress-web/web/backend/src/handlers/command.handler.ts:957:11)
    at finishConferenceScan (/Users/spot/Code/amiexpress-web/web/backend/src/handlers/message/message-scan.handler.ts:465:5)
    at advanceConferenceScan (/Users/spot/Code/amiexpress-web/web/backend/src/handlers/message/message-scan.handler.ts:822:3)
    at performConferenceScan (/Users/spot/Code/amiexpress-web/web/backend/src/handlers/message/message-scan.handler.ts:885:3)
    at Object.<anonymous> (/Users/spot/Code/amiexpress-web/web/backend/tests/message-scan-parity.test.ts:190:5)
Session: {"subState":"display_menu","currentConf":1}
[2026-08-16T19:32:29.908Z] Error in display state handling: socket.on is not a function
Stack: TypeError: socket.on is not a function
    at on (/Users/spot/Code/amiexpress-web/web/backend/src/utils/ansi-buffer.util.ts:175:10)
    at getAnsiBuffer (/Users/spot/Code/amiexpress-web/web/backend/src/utils/ansi-buffer.util.ts:195:18)
    at emitText (/Users/spot/Code/amiexpress-web/web/backend/src/utils/ansi-buffer.util.ts:211:3)
    at emitPrompt (/Users/spot/Code/amiexpress-web/web/backend/src/utils/output.util.ts:54:19)
    at doPause (/Users/spot/Code/amiexpress-web/web/backend/src/handlers/screen.handler.ts:2942:13)
    at doPause (/Users/spot/Code/amiexpress-web/web/backend/src/handlers/command.handler.ts:957:11)
    at finishConferenceScan (/Users/spot/Code/amiexpress-web/web/backend/src/handlers/message/message-scan.handler.ts:465:5)
    at advanceConferenceScan (/Users/spot/Code/amiexpress-web/web/backend/src/handlers/message/message-scan.handler.ts:822:3)
    at performConferenceScan (/Users/spot/Code/amiexpress-web/web/backend/src/handlers/message/message-scan.handler.ts:885:3)
    at Object.<anonymous> (/Users/spot/Code/amiexpress-web/web/backend/tests/message-scan-parity.test.ts:336:5)
Session: {"subState":"display_menu","currentConf":1}
[2026-08-16T19:32:30.718Z] Error in display state handling: socket.on is not a function
Stack: TypeError: socket.on is not a function
    at on (/Users/spot/Code/amiexpress-web/web/backend/src/utils/ansi-buffer.util.ts:175:10)
    at getAnsiBuffer (/Users/spot/Code/amiexpress-web/web/backend/src/utils/ansi-buffer.util.ts:195:18)
    at emitText (/Users/spot/Code/amiexpress-web/web/backend/src/utils/ansi-buffer.util.ts:211:3)
    at emitPrompt (/Users/spot/Code/amiexpress-web/web/backend/src/utils/output.util.ts:54:19)
    at doPause (/Users/spot/Code/amiexpress-web/web/backend/src/handlers/screen.handler.ts:2942:13)
    at doPause (/Users/spot/Code/amiexpress-web/web/backend/src/handlers/command.handler.ts:957:11)
    at finishConferenceScan (/Users/spot/Code/amiexpress-web/web/backend/src/handlers/message/message-scan.handler.ts:465:5)
    at advanceConferenceScan (/Users/spot/Code/amiexpress-web/web/backend/src/handlers/message/message-scan.handler.ts:822:3)
    at performConferenceScan (/Users/spot/Code/amiexpress-web/web/backend/src/handlers/message/message-scan.handler.ts:885:3)
    at Object.<anonymous> (/Users/spot/Code/amiexpress-web/web/backend/tests/message-scan-parity.test.ts:363:5)
Session: {"subState":"display_menu","currentConf":1}
[2026-08-16T19:32:31.220Z] Error in display state handling: socket.on is not a function
Stack: TypeError: socket.on is not a function
    at on (/Users/spot/Code/amiexpress-web/web/backend/src/utils/ansi-buffer.util.ts:175:10)
    at getAnsiBuffer (/Users/spot/Code/amiexpress-web/web/backend/src/utils/ansi-buffer.util.ts:195:18)
    at emitText (/Users/spot/Code/amiexpress-web/web/backend/src/utils/ansi-buffer.util.ts:211:3)
    at emitPrompt (/Users/spot/Code/amiexpress-web/web/backend/src/utils/output.util.ts:54:19)
    at doPause (/Users/spot/Code/amiexpress-web/web/backend/src/handlers/screen.handler.ts:2942:13)
    at doPause (/Users/spot/Code/amiexpress-web/web/backend/src/handlers/command.handler.ts:957:11)
    at finishConferenceScan (/Users/spot/Code/amiexpress-web/web/backend/src/handlers/message/message-scan.handler.ts:465:5)
    at advanceConferenceScan (/Users/spot/Code/amiexpress-web/web/backend/src/handlers/message/message-scan.handler.ts:822:3)
    at performConferenceScan (/Users/spot/Code/amiexpress-web/web/backend/src/handlers/message/message-scan.handler.ts:885:3)
    at Object.<anonymous> (/Users/spot/Code/amiexpress-web/web/backend/tests/message-scan-parity.test.ts:390:5)
Session: {"subState":"display_menu","currentConf":1}
[2026-08-16T19:41:19.460Z] Error in display state handling: socket.on is not a function
Stack: TypeError: socket.on is not a function
    at on (/Users/spot/Code/amiexpress-web/web/backend/src/utils/ansi-buffer.util.ts:175:10)
    at getAnsiBuffer (/Users/spot/Code/amiexpress-web/web/backend/src/utils/ansi-buffer.util.ts:195:18)
    at emitText (/Users/spot/Code/amiexpress-web/web/backend/src/utils/ansi-buffer.util.ts:211:3)
    at emitPrompt (/Users/spot/Code/amiexpress-web/web/backend/src/utils/output.util.ts:54:19)
    at doPause (/Users/spot/Code/amiexpress-web/web/backend/src/handlers/screen.handler.ts:2942:13)
    at doPause (/Users/spot/Code/amiexpress-web/web/backend/src/handlers/command.handler.ts:957:11)
    at finishConferenceScan (/Users/spot/Code/amiexpress-web/web/backend/src/handlers/message/message-scan.handler.ts:465:5)
    at advanceConferenceScan (/Users/spot/Code/amiexpress-web/web/backend/src/handlers/message/message-scan.handler.ts:822:3)
    at performConferenceScan (/Users/spot/Code/amiexpress-web/web/backend/src/handlers/message/message-scan.handler.ts:885:3)
    at Object.<anonymous> (/Users/spot/Code/amiexpress-web/web/backend/tests/message-scan-parity.test.ts:190:5)
Session: {"subState":"display_menu","currentConf":1}
[2026-08-16T19:41:21.555Z] Error in display state handling: socket.on is not a function
Stack: TypeError: socket.on is not a function
    at on (/Users/spot/Code/amiexpress-web/web/backend/src/utils/ansi-buffer.util.ts:175:10)
    at getAnsiBuffer (/Users/spot/Code/amiexpress-web/web/backend/src/utils/ansi-buffer.util.ts:195:18)
    at emitText (/Users/spot/Code/amiexpress-web/web/backend/src/utils/ansi-buffer.util.ts:211:3)
    at emitPrompt (/Users/spot/Code/amiexpress-web/web/backend/src/utils/output.util.ts:54:19)
    at doPause (/Users/spot/Code/amiexpress-web/web/backend/src/handlers/screen.handler.ts:2942:13)
    at doPause (/Users/spot/Code/amiexpress-web/web/backend/src/handlers/command.handler.ts:957:11)
    at finishConferenceScan (/Users/spot/Code/amiexpress-web/web/backend/src/handlers/message/message-scan.handler.ts:465:5)
    at advanceConferenceScan (/Users/spot/Code/amiexpress-web/web/backend/src/handlers/message/message-scan.handler.ts:822:3)
    at performConferenceScan (/Users/spot/Code/amiexpress-web/web/backend/src/handlers/message/message-scan.handler.ts:885:3)
    at Object.<anonymous> (/Users/spot/Code/amiexpress-web/web/backend/tests/message-scan-parity.test.ts:336:5)
Session: {"subState":"display_menu","currentConf":1}
[2026-08-16T19:41:22.573Z] Error in display state handling: socket.on is not a function
Stack: TypeError: socket.on is not a function
    at on (/Users/spot/Code/amiexpress-web/web/backend/src/utils/ansi-buffer.util.ts:175:10)
    at getAnsiBuffer (/Users/spot/Code/amiexpress-web/web/backend/src/utils/ansi-buffer.util.ts:195:18)
    at emitText (/Users/spot/Code/amiexpress-web/web/backend/src/utils/ansi-buffer.util.ts:211:3)
    at emitPrompt (/Users/spot/Code/amiexpress-web/web/backend/src/utils/output.util.ts:54:19)
    at doPause (/Users/spot/Code/amiexpress-web/web/backend/src/handlers/screen.handler.ts:2942:13)
    at doPause (/Users/spot/Code/amiexpress-web/web/backend/src/handlers/command.handler.ts:957:11)
    at finishConferenceScan (/Users/spot/Code/amiexpress-web/web/backend/src/handlers/message/message-scan.handler.ts:465:5)
    at advanceConferenceScan (/Users/spot/Code/amiexpress-web/web/backend/src/handlers/message/message-scan.handler.ts:822:3)
    at performConferenceScan (/Users/spot/Code/amiexpress-web/web/backend/src/handlers/message/message-scan.handler.ts:885:3)
    at Object.<anonymous> (/Users/spot/Code/amiexpress-web/web/backend/tests/message-scan-parity.test.ts:363:5)
Session: {"subState":"display_menu","currentConf":1}
[2026-08-16T19:41:23.992Z] Error in display state handling: socket.on is not a function
Stack: TypeError: socket.on is not a function
    at on (/Users/spot/Code/amiexpress-web/web/backend/src/utils/ansi-buffer.util.ts:175:10)
    at getAnsiBuffer (/Users/spot/Code/amiexpress-web/web/backend/src/utils/ansi-buffer.util.ts:195:18)
    at emitText (/Users/spot/Code/amiexpress-web/web/backend/src/utils/ansi-buffer.util.ts:211:3)
    at emitPrompt (/Users/spot/Code/amiexpress-web/web/backend/src/utils/output.util.ts:54:19)
    at doPause (/Users/spot/Code/amiexpress-web/web/backend/src/handlers/screen.handler.ts:2942:13)
    at doPause (/Users/spot/Code/amiexpress-web/web/backend/src/handlers/command.handler.ts:957:11)
    at finishConferenceScan (/Users/spot/Code/amiexpress-web/web/backend/src/handlers/message/message-scan.handler.ts:465:5)
    at advanceConferenceScan (/Users/spot/Code/amiexpress-web/web/backend/src/handlers/message/message-scan.handler.ts:822:3)
    at performConferenceScan (/Users/spot/Code/amiexpress-web/web/backend/src/handlers/message/message-scan.handler.ts:885:3)
    at Object.<anonymous> (/Users/spot/Code/amiexpress-web/web/backend/tests/message-scan-parity.test.ts:390:5)
Session: {"subState":"display_menu","currentConf":1}
[2026-08-17T20:02:25.691Z] Error in display state handling: socket.on is not a function
Stack: TypeError: socket.on is not a function
    at on (/Users/spot/Code/amiexpress-web/web/backend/src/utils/ansi-buffer.util.ts:175:10)
    at getAnsiBuffer (/Users/spot/Code/amiexpress-web/web/backend/src/utils/ansi-buffer.util.ts:195:18)
    at emitText (/Users/spot/Code/amiexpress-web/web/backend/src/utils/ansi-buffer.util.ts:211:3)
    at emitPrompt (/Users/spot/Code/amiexpress-web/web/backend/src/utils/output.util.ts:54:19)
    at doPause (/Users/spot/Code/amiexpress-web/web/backend/src/handlers/screen.handler.ts:2942:13)
    at doPause (/Users/spot/Code/amiexpress-web/web/backend/src/handlers/command.handler.ts:957:11)
    at finishConferenceScan (/Users/spot/Code/amiexpress-web/web/backend/src/handlers/message/message-scan.handler.ts:465:5)
    at advanceConferenceScan (/Users/spot/Code/amiexpress-web/web/backend/src/handlers/message/message-scan.handler.ts:822:3)
    at performConferenceScan (/Users/spot/Code/amiexpress-web/web/backend/src/handlers/message/message-scan.handler.ts:885:3)
    at Object.<anonymous> (/Users/spot/Code/amiexpress-web/web/backend/tests/message-scan-parity.test.ts:190:5)
Session: {"subState":"display_menu","currentConf":1}
[2026-08-17T20:02:26.648Z] Error in display state handling: socket.on is not a function
Stack: TypeError: socket.on is not a function
    at on (/Users/spot/Code/amiexpress-web/web/backend/src/utils/ansi-buffer.util.ts:175:10)
    at getAnsiBuffer (/Users/spot/Code/amiexpress-web/web/backend/src/utils/ansi-buffer.util.ts:195:18)
    at emitText (/Users/spot/Code/amiexpress-web/web/backend/src/utils/ansi-buffer.util.ts:211:3)
    at emitPrompt (/Users/spot/Code/amiexpress-web/web/backend/src/utils/output.util.ts:54:19)
    at doPause (/Users/spot/Code/amiexpress-web/web/backend/src/handlers/screen.handler.ts:2942:13)
    at doPause (/Users/spot/Code/amiexpress-web/web/backend/src/handlers/command.handler.ts:957:11)
    at finishConferenceScan (/Users/spot/Code/amiexpress-web/web/backend/src/handlers/message/message-scan.handler.ts:465:5)
    at advanceConferenceScan (/Users/spot/Code/amiexpress-web/web/backend/src/handlers/message/message-scan.handler.ts:822:3)
    at performConferenceScan (/Users/spot/Code/amiexpress-web/web/backend/src/handlers/message/message-scan.handler.ts:885:3)
    at Object.<anonymous> (/Users/spot/Code/amiexpress-web/web/backend/tests/message-scan-parity.test.ts:336:5)
Session: {"subState":"display_menu","currentConf":1}
[2026-08-17T20:02:27.249Z] Error in display state handling: socket.on is not a function
Stack: TypeError: socket.on is not a function
    at on (/Users/spot/Code/amiexpress-web/web/backend/src/utils/ansi-buffer.util.ts:175:10)
    at getAnsiBuffer (/Users/spot/Code/amiexpress-web/web/backend/src/utils/ansi-buffer.util.ts:195:18)
    at emitText (/Users/spot/Code/amiexpress-web/web/backend/src/utils/ansi-buffer.util.ts:211:3)
    at emitPrompt (/Users/spot/Code/amiexpress-web/web/backend/src/utils/output.util.ts:54:19)
    at doPause (/Users/spot/Code/amiexpress-web/web/backend/src/handlers/screen.handler.ts:2942:13)
    at doPause (/Users/spot/Code/amiexpress-web/web/backend/src/handlers/command.handler.ts:957:11)
    at finishConferenceScan (/Users/spot/Code/amiexpress-web/web/backend/src/handlers/message/message-scan.handler.ts:465:5)
    at advanceConferenceScan (/Users/spot/Code/amiexpress-web/web/backend/src/handlers/message/message-scan.handler.ts:822:3)
    at performConferenceScan (/Users/spot/Code/amiexpress-web/web/backend/src/handlers/message/message-scan.handler.ts:885:3)
    at Object.<anonymous> (/Users/spot/Code/amiexpress-web/web/backend/tests/message-scan-parity.test.ts:363:5)
Session: {"subState":"display_menu","currentConf":1}
[2026-08-17T20:02:28.132Z] Error in display state handling: socket.on is not a function
Stack: TypeError: socket.on is not a function
    at on (/Users/spot/Code/amiexpress-web/web/backend/src/utils/ansi-buffer.util.ts:175:10)
    at getAnsiBuffer (/Users/spot/Code/amiexpress-web/web/backend/src/utils/ansi-buffer.util.ts:195:18)
    at emitText (/Users/spot/Code/amiexpress-web/web/backend/src/utils/ansi-buffer.util.ts:211:3)
    at emitPrompt (/Users/spot/Code/amiexpress-web/web/backend/src/utils/output.util.ts:54:19)
    at doPause (/Users/spot/Code/amiexpress-web/web/backend/src/handlers/screen.handler.ts:2942:13)
    at doPause (/Users/spot/Code/amiexpress-web/web/backend/src/handlers/command.handler.ts:957:11)
    at finishConferenceScan (/Users/spot/Code/amiexpress-web/web/backend/src/handlers/message/message-scan.handler.ts:465:5)
    at advanceConferenceScan (/Users/spot/Code/amiexpress-web/web/backend/src/handlers/message/message-scan.handler.ts:822:3)
    at performConferenceScan (/Users/spot/Code/amiexpress-web/web/backend/src/handlers/message/message-scan.handler.ts:885:3)
    at Object.<anonymous> (/Users/spot/Code/amiexpress-web/web/backend/tests/message-scan-parity.test.ts:390:5)
Session: {"subState":"display_menu","currentConf":1}
[2026-08-17T20:09:06.351Z] Error in display state handling: socket.on is not a function
Stack: TypeError: socket.on is not a function
    at on (/Users/spot/Code/amiexpress-web/web/backend/src/utils/ansi-buffer.util.ts:175:10)
    at getAnsiBuffer (/Users/spot/Code/amiexpress-web/web/backend/src/utils/ansi-buffer.util.ts:195:18)
    at emitText (/Users/spot/Code/amiexpress-web/web/backend/src/utils/ansi-buffer.util.ts:211:3)
    at emitPrompt (/Users/spot/Code/amiexpress-web/web/backend/src/utils/output.util.ts:54:19)
    at doPause (/Users/spot/Code/amiexpress-web/web/backend/src/handlers/screen.handler.ts:2942:13)
    at doPause (/Users/spot/Code/amiexpress-web/web/backend/src/handlers/command.handler.ts:957:11)
    at finishConferenceScan (/Users/spot/Code/amiexpress-web/web/backend/src/handlers/message/message-scan.handler.ts:465:5)
    at advanceConferenceScan (/Users/spot/Code/amiexpress-web/web/backend/src/handlers/message/message-scan.handler.ts:822:3)
    at performConferenceScan (/Users/spot/Code/amiexpress-web/web/backend/src/handlers/message/message-scan.handler.ts:885:3)
    at Object.<anonymous> (/Users/spot/Code/amiexpress-web/web/backend/tests/message-scan-parity.test.ts:190:5)
Session: {"subState":"display_menu","currentConf":1}
[2026-08-17T20:09:10.877Z] Error in display state handling: socket.on is not a function
Stack: TypeError: socket.on is not a function
    at on (/Users/spot/Code/amiexpress-web/web/backend/src/utils/ansi-buffer.util.ts:175:10)
    at getAnsiBuffer (/Users/spot/Code/amiexpress-web/web/backend/src/utils/ansi-buffer.util.ts:195:18)
    at emitText (/Users/spot/Code/amiexpress-web/web/backend/src/utils/ansi-buffer.util.ts:211:3)
    at emitPrompt (/Users/spot/Code/amiexpress-web/web/backend/src/utils/output.util.ts:54:19)
    at doPause (/Users/spot/Code/amiexpress-web/web/backend/src/handlers/screen.handler.ts:2942:13)
    at doPause (/Users/spot/Code/amiexpress-web/web/backend/src/handlers/command.handler.ts:957:11)
    at finishConferenceScan (/Users/spot/Code/amiexpress-web/web/backend/src/handlers/message/message-scan.handler.ts:465:5)
    at advanceConferenceScan (/Users/spot/Code/amiexpress-web/web/backend/src/handlers/message/message-scan.handler.ts:822:3)
    at performConferenceScan (/Users/spot/Code/amiexpress-web/web/backend/src/handlers/message/message-scan.handler.ts:885:3)
    at Object.<anonymous> (/Users/spot/Code/amiexpress-web/web/backend/tests/message-scan-parity.test.ts:336:5)
Session: {"subState":"display_menu","currentConf":1}
[2026-08-17T20:09:12.349Z] Error in display state handling: socket.on is not a function
Stack: TypeError: socket.on is not a function
    at on (/Users/spot/Code/amiexpress-web/web/backend/src/utils/ansi-buffer.util.ts:175:10)
    at getAnsiBuffer (/Users/spot/Code/amiexpress-web/web/backend/src/utils/ansi-buffer.util.ts:195:18)
    at emitText (/Users/spot/Code/amiexpress-web/web/backend/src/utils/ansi-buffer.util.ts:211:3)
    at emitPrompt (/Users/spot/Code/amiexpress-web/web/backend/src/utils/output.util.ts:54:19)
    at doPause (/Users/spot/Code/amiexpress-web/web/backend/src/handlers/screen.handler.ts:2942:13)
    at doPause (/Users/spot/Code/amiexpress-web/web/backend/src/handlers/command.handler.ts:957:11)
    at finishConferenceScan (/Users/spot/Code/amiexpress-web/web/backend/src/handlers/message/message-scan.handler.ts:465:5)
    at advanceConferenceScan (/Users/spot/Code/amiexpress-web/web/backend/src/handlers/message/message-scan.handler.ts:822:3)
    at performConferenceScan (/Users/spot/Code/amiexpress-web/web/backend/src/handlers/message/message-scan.handler.ts:885:3)
    at Object.<anonymous> (/Users/spot/Code/amiexpress-web/web/backend/tests/message-scan-parity.test.ts:363:5)
Session: {"subState":"display_menu","currentConf":1}
[2026-08-17T20:09:14.629Z] Error in display state handling: socket.on is not a function
Stack: TypeError: socket.on is not a function
    at on (/Users/spot/Code/amiexpress-web/web/backend/src/utils/ansi-buffer.util.ts:175:10)
    at getAnsiBuffer (/Users/spot/Code/amiexpress-web/web/backend/src/utils/ansi-buffer.util.ts:195:18)
    at emitText (/Users/spot/Code/amiexpress-web/web/backend/src/utils/ansi-buffer.util.ts:211:3)
    at emitPrompt (/Users/spot/Code/amiexpress-web/web/backend/src/utils/output.util.ts:54:19)
    at doPause (/Users/spot/Code/amiexpress-web/web/backend/src/handlers/screen.handler.ts:2942:13)
    at doPause (/Users/spot/Code/amiexpress-web/web/backend/src/handlers/command.handler.ts:957:11)
    at finishConferenceScan (/Users/spot/Code/amiexpress-web/web/backend/src/handlers/message/message-scan.handler.ts:465:5)
    at advanceConferenceScan (/Users/spot/Code/amiexpress-web/web/backend/src/handlers/message/message-scan.handler.ts:822:3)
    at performConferenceScan (/Users/spot/Code/amiexpress-web/web/backend/src/handlers/message/message-scan.handler.ts:885:3)
    at Object.<anonymous> (/Users/spot/Code/amiexpress-web/web/backend/tests/message-scan-parity.test.ts:390:5)
Session: {"subState":"display_menu","currentConf":1}
[2026-08-17T20:11:03.186Z] Error in display state handling: socket.on is not a function
Stack: TypeError: socket.on is not a function
    at on (/Users/spot/Code/amiexpress-web/web/backend/src/utils/ansi-buffer.util.ts:175:10)
    at getAnsiBuffer (/Users/spot/Code/amiexpress-web/web/backend/src/utils/ansi-buffer.util.ts:195:18)
    at emitText (/Users/spot/Code/amiexpress-web/web/backend/src/utils/ansi-buffer.util.ts:211:3)
    at emitPrompt (/Users/spot/Code/amiexpress-web/web/backend/src/utils/output.util.ts:54:19)
    at doPause (/Users/spot/Code/amiexpress-web/web/backend/src/handlers/screen.handler.ts:2942:13)
    at doPause (/Users/spot/Code/amiexpress-web/web/backend/src/handlers/command.handler.ts:957:11)
    at finishConferenceScan (/Users/spot/Code/amiexpress-web/web/backend/src/handlers/message/message-scan.handler.ts:465:5)
    at advanceConferenceScan (/Users/spot/Code/amiexpress-web/web/backend/src/handlers/message/message-scan.handler.ts:822:3)
    at performConferenceScan (/Users/spot/Code/amiexpress-web/web/backend/src/handlers/message/message-scan.handler.ts:885:3)
    at Object.<anonymous> (/Users/spot/Code/amiexpress-web/web/backend/tests/message-scan-parity.test.ts:190:5)
Session: {"subState":"display_menu","currentConf":1}
[2026-08-17T20:11:08.090Z] Error in display state handling: socket.on is not a function
Stack: TypeError: socket.on is not a function
    at on (/Users/spot/Code/amiexpress-web/web/backend/src/utils/ansi-buffer.util.ts:175:10)
    at getAnsiBuffer (/Users/spot/Code/amiexpress-web/web/backend/src/utils/ansi-buffer.util.ts:195:18)
    at emitText (/Users/spot/Code/amiexpress-web/web/backend/src/utils/ansi-buffer.util.ts:211:3)
    at emitPrompt (/Users/spot/Code/amiexpress-web/web/backend/src/utils/output.util.ts:54:19)
    at doPause (/Users/spot/Code/amiexpress-web/web/backend/src/handlers/screen.handler.ts:2942:13)
    at doPause (/Users/spot/Code/amiexpress-web/web/backend/src/handlers/command.handler.ts:957:11)
    at finishConferenceScan (/Users/spot/Code/amiexpress-web/web/backend/src/handlers/message/message-scan.handler.ts:465:5)
    at advanceConferenceScan (/Users/spot/Code/amiexpress-web/web/backend/src/handlers/message/message-scan.handler.ts:822:3)
    at performConferenceScan (/Users/spot/Code/amiexpress-web/web/backend/src/handlers/message/message-scan.handler.ts:885:3)
    at Object.<anonymous> (/Users/spot/Code/amiexpress-web/web/backend/tests/message-scan-parity.test.ts:336:5)
Session: {"subState":"display_menu","currentConf":1}
[2026-08-17T20:11:11.625Z] Error in display state handling: socket.on is not a function
Stack: TypeError: socket.on is not a function
    at on (/Users/spot/Code/amiexpress-web/web/backend/src/utils/ansi-buffer.util.ts:175:10)
    at getAnsiBuffer (/Users/spot/Code/amiexpress-web/web/backend/src/utils/ansi-buffer.util.ts:195:18)
    at emitText (/Users/spot/Code/amiexpress-web/web/backend/src/utils/ansi-buffer.util.ts:211:3)
    at emitPrompt (/Users/spot/Code/amiexpress-web/web/backend/src/utils/output.util.ts:54:19)
    at doPause (/Users/spot/Code/amiexpress-web/web/backend/src/handlers/screen.handler.ts:2942:13)
    at doPause (/Users/spot/Code/amiexpress-web/web/backend/src/handlers/command.handler.ts:957:11)
    at finishConferenceScan (/Users/spot/Code/amiexpress-web/web/backend/src/handlers/message/message-scan.handler.ts:465:5)
    at advanceConferenceScan (/Users/spot/Code/amiexpress-web/web/backend/src/handlers/message/message-scan.handler.ts:822:3)
    at performConferenceScan (/Users/spot/Code/amiexpress-web/web/backend/src/handlers/message/message-scan.handler.ts:885:3)
    at Object.<anonymous> (/Users/spot/Code/amiexpress-web/web/backend/tests/message-scan-parity.test.ts:363:5)
Session: {"subState":"display_menu","currentConf":1}
[2026-08-17T20:11:16.392Z] Error in display state handling: socket.on is not a function
Stack: TypeError: socket.on is not a function
    at on (/Users/spot/Code/amiexpress-web/web/backend/src/utils/ansi-buffer.util.ts:175:10)
    at getAnsiBuffer (/Users/spot/Code/amiexpress-web/web/backend/src/utils/ansi-buffer.util.ts:195:18)
    at emitText (/Users/spot/Code/amiexpress-web/web/backend/src/utils/ansi-buffer.util.ts:211:3)
    at emitPrompt (/Users/spot/Code/amiexpress-web/web/backend/src/utils/output.util.ts:54:19)
    at doPause (/Users/spot/Code/amiexpress-web/web/backend/src/handlers/screen.handler.ts:2942:13)
    at doPause (/Users/spot/Code/amiexpress-web/web/backend/src/handlers/command.handler.ts:957:11)
    at finishConferenceScan (/Users/spot/Code/amiexpress-web/web/backend/src/handlers/message/message-scan.handler.ts:465:5)
    at advanceConferenceScan (/Users/spot/Code/amiexpress-web/web/backend/src/handlers/message/message-scan.handler.ts:822:3)
    at performConferenceScan (/Users/spot/Code/amiexpress-web/web/backend/src/handlers/message/message-scan.handler.ts:885:3)
    at Object.<anonymous> (/Users/spot/Code/amiexpress-web/web/backend/tests/message-scan-parity.test.ts:390:5)
Session: {"subState":"display_menu","currentConf":1}
[2026-08-17T20:12:25.713Z] Error in display state handling: socket.on is not a function
Stack: TypeError: socket.on is not a function
    at on (/Users/spot/Code/amiexpress-web/web/backend/src/utils/ansi-buffer.util.ts:175:10)
    at getAnsiBuffer (/Users/spot/Code/amiexpress-web/web/backend/src/utils/ansi-buffer.util.ts:195:18)
    at emitText (/Users/spot/Code/amiexpress-web/web/backend/src/utils/ansi-buffer.util.ts:211:3)
    at emitPrompt (/Users/spot/Code/amiexpress-web/web/backend/src/utils/output.util.ts:54:19)
    at doPause (/Users/spot/Code/amiexpress-web/web/backend/src/handlers/screen.handler.ts:2942:13)
    at doPause (/Users/spot/Code/amiexpress-web/web/backend/src/handlers/command.handler.ts:957:11)
    at finishConferenceScan (/Users/spot/Code/amiexpress-web/web/backend/src/handlers/message/message-scan.handler.ts:465:5)
    at advanceConferenceScan (/Users/spot/Code/amiexpress-web/web/backend/src/handlers/message/message-scan.handler.ts:822:3)
    at performConferenceScan (/Users/spot/Code/amiexpress-web/web/backend/src/handlers/message/message-scan.handler.ts:885:3)
    at Object.<anonymous> (/Users/spot/Code/amiexpress-web/web/backend/tests/message-scan-parity.test.ts:190:5)
Session: {"subState":"display_menu","currentConf":1}
[2026-08-17T20:12:42.604Z] Error in display state handling: socket.on is not a function
Stack: TypeError: socket.on is not a function
    at on (/Users/spot/Code/amiexpress-web/web/backend/src/utils/ansi-buffer.util.ts:175:10)
    at getAnsiBuffer (/Users/spot/Code/amiexpress-web/web/backend/src/utils/ansi-buffer.util.ts:195:18)
    at emitText (/Users/spot/Code/amiexpress-web/web/backend/src/utils/ansi-buffer.util.ts:211:3)
    at emitPrompt (/Users/spot/Code/amiexpress-web/web/backend/src/utils/output.util.ts:54:19)
    at doPause (/Users/spot/Code/amiexpress-web/web/backend/src/handlers/screen.handler.ts:2942:13)
    at doPause (/Users/spot/Code/amiexpress-web/web/backend/src/handlers/command.handler.ts:957:11)
    at finishConferenceScan (/Users/spot/Code/amiexpress-web/web/backend/src/handlers/message/message-scan.handler.ts:465:5)
    at advanceConferenceScan (/Users/spot/Code/amiexpress-web/web/backend/src/handlers/message/message-scan.handler.ts:822:3)
    at performConferenceScan (/Users/spot/Code/amiexpress-web/web/backend/src/handlers/message/message-scan.handler.ts:885:3)
    at Object.<anonymous> (/Users/spot/Code/amiexpress-web/web/backend/tests/message-scan-parity.test.ts:336:5)
Session: {"subState":"display_menu","currentConf":1}
[2026-08-17T20:12:55.406Z] Error in display state handling: socket.on is not a function
Stack: TypeError: socket.on is not a function
    at on (/Users/spot/Code/amiexpress-web/web/backend/src/utils/ansi-buffer.util.ts:175:10)
    at getAnsiBuffer (/Users/spot/Code/amiexpress-web/web/backend/src/utils/ansi-buffer.util.ts:195:18)
    at emitText (/Users/spot/Code/amiexpress-web/web/backend/src/utils/ansi-buffer.util.ts:211:3)
    at emitPrompt (/Users/spot/Code/amiexpress-web/web/backend/src/utils/output.util.ts:54:19)
    at doPause (/Users/spot/Code/amiexpress-web/web/backend/src/handlers/screen.handler.ts:2942:13)
    at doPause (/Users/spot/Code/amiexpress-web/web/backend/src/handlers/command.handler.ts:957:11)
    at finishConferenceScan (/Users/spot/Code/amiexpress-web/web/backend/src/handlers/message/message-scan.handler.ts:465:5)
    at advanceConferenceScan (/Users/spot/Code/amiexpress-web/web/backend/src/handlers/message/message-scan.handler.ts:822:3)
    at performConferenceScan (/Users/spot/Code/amiexpress-web/web/backend/src/handlers/message/message-scan.handler.ts:885:3)
    at Object.<anonymous> (/Users/spot/Code/amiexpress-web/web/backend/tests/message-scan-parity.test.ts:363:5)
Session: {"subState":"display_menu","currentConf":1}
[2026-08-17T20:13:09.118Z] Error in display state handling: socket.on is not a function
Stack: TypeError: socket.on is not a function
    at on (/Users/spot/Code/amiexpress-web/web/backend/src/utils/ansi-buffer.util.ts:175:10)
    at getAnsiBuffer (/Users/spot/Code/amiexpress-web/web/backend/src/utils/ansi-buffer.util.ts:195:18)
    at emitText (/Users/spot/Code/amiexpress-web/web/backend/src/utils/ansi-buffer.util.ts:211:3)
    at emitPrompt (/Users/spot/Code/amiexpress-web/web/backend/src/utils/output.util.ts:54:19)
    at doPause (/Users/spot/Code/amiexpress-web/web/backend/src/handlers/screen.handler.ts:2942:13)
    at doPause (/Users/spot/Code/amiexpress-web/web/backend/src/handlers/command.handler.ts:957:11)
    at finishConferenceScan (/Users/spot/Code/amiexpress-web/web/backend/src/handlers/message/message-scan.handler.ts:465:5)
    at advanceConferenceScan (/Users/spot/Code/amiexpress-web/web/backend/src/handlers/message/message-scan.handler.ts:822:3)
    at performConferenceScan (/Users/spot/Code/amiexpress-web/web/backend/src/handlers/message/message-scan.handler.ts:885:3)
    at Object.<anonymous> (/Users/spot/Code/amiexpress-web/web/backend/tests/message-scan-parity.test.ts:390:5)
Session: {"subState":"display_menu","currentConf":1}
[2026-08-17T20:13:58.876Z] Error in display state handling: socket.on is not a function
Stack: TypeError: socket.on is not a function
    at on (/Users/spot/Code/amiexpress-web/web/backend/src/utils/ansi-buffer.util.ts:175:10)
    at getAnsiBuffer (/Users/spot/Code/amiexpress-web/web/backend/src/utils/ansi-buffer.util.ts:195:18)
    at emitText (/Users/spot/Code/amiexpress-web/web/backend/src/utils/ansi-buffer.util.ts:211:3)
    at emitPrompt (/Users/spot/Code/amiexpress-web/web/backend/src/utils/output.util.ts:54:19)
    at doPause (/Users/spot/Code/amiexpress-web/web/backend/src/handlers/screen.handler.ts:2942:13)
    at doPause (/Users/spot/Code/amiexpress-web/web/backend/src/handlers/command.handler.ts:957:11)
    at finishConferenceScan (/Users/spot/Code/amiexpress-web/web/backend/src/handlers/message/message-scan.handler.ts:465:5)
    at advanceConferenceScan (/Users/spot/Code/amiexpress-web/web/backend/src/handlers/message/message-scan.handler.ts:822:3)
    at performConferenceScan (/Users/spot/Code/amiexpress-web/web/backend/src/handlers/message/message-scan.handler.ts:885:3)
    at Object.<anonymous> (/Users/spot/Code/amiexpress-web/web/backend/tests/message-scan-parity.test.ts:190:5)
Session: {"subState":"display_menu","currentConf":1}
[2026-08-17T20:14:12.311Z] Error in display state handling: socket.on is not a function
Stack: TypeError: socket.on is not a function
    at on (/Users/spot/Code/amiexpress-web/web/backend/src/utils/ansi-buffer.util.ts:175:10)
    at getAnsiBuffer (/Users/spot/Code/amiexpress-web/web/backend/src/utils/ansi-buffer.util.ts:195:18)
    at emitText (/Users/spot/Code/amiexpress-web/web/backend/src/utils/ansi-buffer.util.ts:211:3)
    at emitPrompt (/Users/spot/Code/amiexpress-web/web/backend/src/utils/output.util.ts:54:19)
    at doPause (/Users/spot/Code/amiexpress-web/web/backend/src/handlers/screen.handler.ts:2942:13)
    at doPause (/Users/spot/Code/amiexpress-web/web/backend/src/handlers/command.handler.ts:957:11)
    at finishConferenceScan (/Users/spot/Code/amiexpress-web/web/backend/src/handlers/message/message-scan.handler.ts:465:5)
    at advanceConferenceScan (/Users/spot/Code/amiexpress-web/web/backend/src/handlers/message/message-scan.handler.ts:822:3)
    at performConferenceScan (/Users/spot/Code/amiexpress-web/web/backend/src/handlers/message/message-scan.handler.ts:885:3)
    at Object.<anonymous> (/Users/spot/Code/amiexpress-web/web/backend/tests/message-scan-parity.test.ts:336:5)
Session: {"subState":"display_menu","currentConf":1}
[2026-08-17T20:14:22.037Z] Error in display state handling: socket.on is not a function
Stack: TypeError: socket.on is not a function
    at on (/Users/spot/Code/amiexpress-web/web/backend/src/utils/ansi-buffer.util.ts:175:10)
    at getAnsiBuffer (/Users/spot/Code/amiexpress-web/web/backend/src/utils/ansi-buffer.util.ts:195:18)
    at emitText (/Users/spot/Code/amiexpress-web/web/backend/src/utils/ansi-buffer.util.ts:211:3)
    at emitPrompt (/Users/spot/Code/amiexpress-web/web/backend/src/utils/output.util.ts:54:19)
    at doPause (/Users/spot/Code/amiexpress-web/web/backend/src/handlers/screen.handler.ts:2942:13)
    at doPause (/Users/spot/Code/amiexpress-web/web/backend/src/handlers/command.handler.ts:957:11)
    at finishConferenceScan (/Users/spot/Code/amiexpress-web/web/backend/src/handlers/message/message-scan.handler.ts:465:5)
    at advanceConferenceScan (/Users/spot/Code/amiexpress-web/web/backend/src/handlers/message/message-scan.handler.ts:822:3)
    at performConferenceScan (/Users/spot/Code/amiexpress-web/web/backend/src/handlers/message/message-scan.handler.ts:885:3)
    at Object.<anonymous> (/Users/spot/Code/amiexpress-web/web/backend/tests/message-scan-parity.test.ts:363:5)
Session: {"subState":"display_menu","currentConf":1}
[2026-08-17T20:14:35.059Z] Error in display state handling: socket.on is not a function
Stack: TypeError: socket.on is not a function
    at on (/Users/spot/Code/amiexpress-web/web/backend/src/utils/ansi-buffer.util.ts:175:10)
    at getAnsiBuffer (/Users/spot/Code/amiexpress-web/web/backend/src/utils/ansi-buffer.util.ts:195:18)
    at emitText (/Users/spot/Code/amiexpress-web/web/backend/src/utils/ansi-buffer.util.ts:211:3)
    at emitPrompt (/Users/spot/Code/amiexpress-web/web/backend/src/utils/output.util.ts:54:19)
    at doPause (/Users/spot/Code/amiexpress-web/web/backend/src/handlers/screen.handler.ts:2942:13)
    at doPause (/Users/spot/Code/amiexpress-web/web/backend/src/handlers/command.handler.ts:957:11)
    at finishConferenceScan (/Users/spot/Code/amiexpress-web/web/backend/src/handlers/message/message-scan.handler.ts:465:5)
    at advanceConferenceScan (/Users/spot/Code/amiexpress-web/web/backend/src/handlers/message/message-scan.handler.ts:822:3)
    at performConferenceScan (/Users/spot/Code/amiexpress-web/web/backend/src/handlers/message/message-scan.handler.ts:885:3)
    at Object.<anonymous> (/Users/spot/Code/amiexpress-web/web/backend/tests/message-scan-parity.test.ts:390:5)
Session: {"subState":"display_menu","currentConf":1}
[2026-08-17T20:17:40.302Z] Error in display state handling: socket.on is not a function
Stack: TypeError: socket.on is not a function
    at on (/Users/spot/Code/amiexpress-web/web/backend/src/utils/ansi-buffer.util.ts:175:10)
    at getAnsiBuffer (/Users/spot/Code/amiexpress-web/web/backend/src/utils/ansi-buffer.util.ts:195:18)
    at emitText (/Users/spot/Code/amiexpress-web/web/backend/src/utils/ansi-buffer.util.ts:211:3)
    at emitPrompt (/Users/spot/Code/amiexpress-web/web/backend/src/utils/output.util.ts:54:19)
    at doPause (/Users/spot/Code/amiexpress-web/web/backend/src/handlers/screen.handler.ts:2942:13)
    at doPause (/Users/spot/Code/amiexpress-web/web/backend/src/handlers/command.handler.ts:957:11)
    at finishConferenceScan (/Users/spot/Code/amiexpress-web/web/backend/src/handlers/message/message-scan.handler.ts:465:5)
    at advanceConferenceScan (/Users/spot/Code/amiexpress-web/web/backend/src/handlers/message/message-scan.handler.ts:822:3)
    at performConferenceScan (/Users/spot/Code/amiexpress-web/web/backend/src/handlers/message/message-scan.handler.ts:885:3)
    at Object.<anonymous> (/Users/spot/Code/amiexpress-web/web/backend/tests/message-scan-parity.test.ts:190:5)
Session: {"subState":"display_menu","currentConf":1}
[2026-08-17T20:17:42.681Z] Error in display state handling: socket.on is not a function
Stack: TypeError: socket.on is not a function
    at on (/Users/spot/Code/amiexpress-web/web/backend/src/utils/ansi-buffer.util.ts:175:10)
    at getAnsiBuffer (/Users/spot/Code/amiexpress-web/web/backend/src/utils/ansi-buffer.util.ts:195:18)
    at emitText (/Users/spot/Code/amiexpress-web/web/backend/src/utils/ansi-buffer.util.ts:211:3)
    at emitPrompt (/Users/spot/Code/amiexpress-web/web/backend/src/utils/output.util.ts:54:19)
    at doPause (/Users/spot/Code/amiexpress-web/web/backend/src/handlers/screen.handler.ts:2942:13)
    at doPause (/Users/spot/Code/amiexpress-web/web/backend/src/handlers/command.handler.ts:957:11)
    at finishConferenceScan (/Users/spot/Code/amiexpress-web/web/backend/src/handlers/message/message-scan.handler.ts:465:5)
    at advanceConferenceScan (/Users/spot/Code/amiexpress-web/web/backend/src/handlers/message/message-scan.handler.ts:822:3)
    at performConferenceScan (/Users/spot/Code/amiexpress-web/web/backend/src/handlers/message/message-scan.handler.ts:885:3)
    at Object.<anonymous> (/Users/spot/Code/amiexpress-web/web/backend/tests/message-scan-parity.test.ts:336:5)
Session: {"subState":"display_menu","currentConf":1}
[2026-08-17T20:17:47.108Z] Error in display state handling: socket.on is not a function
Stack: TypeError: socket.on is not a function
    at on (/Users/spot/Code/amiexpress-web/web/backend/src/utils/ansi-buffer.util.ts:175:10)
    at getAnsiBuffer (/Users/spot/Code/amiexpress-web/web/backend/src/utils/ansi-buffer.util.ts:195:18)
    at emitText (/Users/spot/Code/amiexpress-web/web/backend/src/utils/ansi-buffer.util.ts:211:3)
    at emitPrompt (/Users/spot/Code/amiexpress-web/web/backend/src/utils/output.util.ts:54:19)
    at doPause (/Users/spot/Code/amiexpress-web/web/backend/src/handlers/screen.handler.ts:2942:13)
    at doPause (/Users/spot/Code/amiexpress-web/web/backend/src/handlers/command.handler.ts:957:11)
    at finishConferenceScan (/Users/spot/Code/amiexpress-web/web/backend/src/handlers/message/message-scan.handler.ts:465:5)
    at advanceConferenceScan (/Users/spot/Code/amiexpress-web/web/backend/src/handlers/message/message-scan.handler.ts:822:3)
    at performConferenceScan (/Users/spot/Code/amiexpress-web/web/backend/src/handlers/message/message-scan.handler.ts:885:3)
    at Object.<anonymous> (/Users/spot/Code/amiexpress-web/web/backend/tests/message-scan-parity.test.ts:363:5)
Session: {"subState":"display_menu","currentConf":1}
[2026-08-17T20:17:48.972Z] Error in display state handling: socket.on is not a function
Stack: TypeError: socket.on is not a function
    at on (/Users/spot/Code/amiexpress-web/web/backend/src/utils/ansi-buffer.util.ts:175:10)
    at getAnsiBuffer (/Users/spot/Code/amiexpress-web/web/backend/src/utils/ansi-buffer.util.ts:195:18)
    at emitText (/Users/spot/Code/amiexpress-web/web/backend/src/utils/ansi-buffer.util.ts:211:3)
    at emitPrompt (/Users/spot/Code/amiexpress-web/web/backend/src/utils/output.util.ts:54:19)
    at doPause (/Users/spot/Code/amiexpress-web/web/backend/src/handlers/screen.handler.ts:2942:13)
    at doPause (/Users/spot/Code/amiexpress-web/web/backend/src/handlers/command.handler.ts:957:11)
    at finishConferenceScan (/Users/spot/Code/amiexpress-web/web/backend/src/handlers/message/message-scan.handler.ts:465:5)
    at advanceConferenceScan (/Users/spot/Code/amiexpress-web/web/backend/src/handlers/message/message-scan.handler.ts:822:3)
    at performConferenceScan (/Users/spot/Code/amiexpress-web/web/backend/src/handlers/message/message-scan.handler.ts:885:3)
    at Object.<anonymous> (/Users/spot/Code/amiexpress-web/web/backend/tests/message-scan-parity.test.ts:390:5)
Session: {"subState":"display_menu","currentConf":1}
[2026-08-17T20:32:55.373Z] Error in display state handling: socket.on is not a function
Stack: TypeError: socket.on is not a function
    at on (/Users/spot/Code/amiexpress-web/web/backend/src/utils/ansi-buffer.util.ts:175:10)
    at getAnsiBuffer (/Users/spot/Code/amiexpress-web/web/backend/src/utils/ansi-buffer.util.ts:195:18)
    at emitText (/Users/spot/Code/amiexpress-web/web/backend/src/utils/ansi-buffer.util.ts:211:3)
    at emitPrompt (/Users/spot/Code/amiexpress-web/web/backend/src/utils/output.util.ts:54:19)
    at doPause (/Users/spot/Code/amiexpress-web/web/backend/src/handlers/screen.handler.ts:2942:13)
    at doPause (/Users/spot/Code/amiexpress-web/web/backend/src/handlers/command.handler.ts:957:11)
    at finishConferenceScan (/Users/spot/Code/amiexpress-web/web/backend/src/handlers/message/message-scan.handler.ts:465:5)
    at advanceConferenceScan (/Users/spot/Code/amiexpress-web/web/backend/src/handlers/message/message-scan.handler.ts:822:3)
    at performConferenceScan (/Users/spot/Code/amiexpress-web/web/backend/src/handlers/message/message-scan.handler.ts:885:3)
    at Object.<anonymous> (/Users/spot/Code/amiexpress-web/web/backend/tests/message-scan-parity.test.ts:190:5)
Session: {"subState":"display_menu","currentConf":1}
[2026-08-17T20:33:00.546Z] Error in display state handling: socket.on is not a function
Stack: TypeError: socket.on is not a function
    at on (/Users/spot/Code/amiexpress-web/web/backend/src/utils/ansi-buffer.util.ts:175:10)
    at getAnsiBuffer (/Users/spot/Code/amiexpress-web/web/backend/src/utils/ansi-buffer.util.ts:195:18)
    at emitText (/Users/spot/Code/amiexpress-web/web/backend/src/utils/ansi-buffer.util.ts:211:3)
    at emitPrompt (/Users/spot/Code/amiexpress-web/web/backend/src/utils/output.util.ts:54:19)
    at doPause (/Users/spot/Code/amiexpress-web/web/backend/src/handlers/screen.handler.ts:2942:13)
    at doPause (/Users/spot/Code/amiexpress-web/web/backend/src/handlers/command.handler.ts:957:11)
    at finishConferenceScan (/Users/spot/Code/amiexpress-web/web/backend/src/handlers/message/message-scan.handler.ts:465:5)
    at advanceConferenceScan (/Users/spot/Code/amiexpress-web/web/backend/src/handlers/message/message-scan.handler.ts:822:3)
    at performConferenceScan (/Users/spot/Code/amiexpress-web/web/backend/src/handlers/message/message-scan.handler.ts:885:3)
    at Object.<anonymous> (/Users/spot/Code/amiexpress-web/web/backend/tests/message-scan-parity.test.ts:336:5)
Session: {"subState":"display_menu","currentConf":1}
[2026-08-17T20:33:03.221Z] Error in display state handling: socket.on is not a function
Stack: TypeError: socket.on is not a function
    at on (/Users/spot/Code/amiexpress-web/web/backend/src/utils/ansi-buffer.util.ts:175:10)
    at getAnsiBuffer (/Users/spot/Code/amiexpress-web/web/backend/src/utils/ansi-buffer.util.ts:195:18)
    at emitText (/Users/spot/Code/amiexpress-web/web/backend/src/utils/ansi-buffer.util.ts:211:3)
    at emitPrompt (/Users/spot/Code/amiexpress-web/web/backend/src/utils/output.util.ts:54:19)
    at doPause (/Users/spot/Code/amiexpress-web/web/backend/src/handlers/screen.handler.ts:2942:13)
    at doPause (/Users/spot/Code/amiexpress-web/web/backend/src/handlers/command.handler.ts:957:11)
    at finishConferenceScan (/Users/spot/Code/amiexpress-web/web/backend/src/handlers/message/message-scan.handler.ts:465:5)
    at advanceConferenceScan (/Users/spot/Code/amiexpress-web/web/backend/src/handlers/message/message-scan.handler.ts:822:3)
    at performConferenceScan (/Users/spot/Code/amiexpress-web/web/backend/src/handlers/message/message-scan.handler.ts:885:3)
    at Object.<anonymous> (/Users/spot/Code/amiexpress-web/web/backend/tests/message-scan-parity.test.ts:363:5)
Session: {"subState":"display_menu","currentConf":1}
[2026-08-17T20:33:05.463Z] Error in display state handling: socket.on is not a function
Stack: TypeError: socket.on is not a function
    at on (/Users/spot/Code/amiexpress-web/web/backend/src/utils/ansi-buffer.util.ts:175:10)
    at getAnsiBuffer (/Users/spot/Code/amiexpress-web/web/backend/src/utils/ansi-buffer.util.ts:195:18)
    at emitText (/Users/spot/Code/amiexpress-web/web/backend/src/utils/ansi-buffer.util.ts:211:3)
    at emitPrompt (/Users/spot/Code/amiexpress-web/web/backend/src/utils/output.util.ts:54:19)
    at doPause (/Users/spot/Code/amiexpress-web/web/backend/src/handlers/screen.handler.ts:2942:13)
    at doPause (/Users/spot/Code/amiexpress-web/web/backend/src/handlers/command.handler.ts:957:11)
    at finishConferenceScan (/Users/spot/Code/amiexpress-web/web/backend/src/handlers/message/message-scan.handler.ts:465:5)
    at advanceConferenceScan (/Users/spot/Code/amiexpress-web/web/backend/src/handlers/message/message-scan.handler.ts:822:3)
    at performConferenceScan (/Users/spot/Code/amiexpress-web/web/backend/src/handlers/message/message-scan.handler.ts:885:3)
    at Object.<anonymous> (/Users/spot/Code/amiexpress-web/web/backend/tests/message-scan-parity.test.ts:390:5)
Session: {"subState":"display_menu","currentConf":1}
[2026-08-17T20:49:39.784Z] Error in display state handling: socket.on is not a function
Stack: TypeError: socket.on is not a function
    at getAnsiBuffer (/Users/spot/Code/amiexpress-web/web/backend/src/utils/ansi-buffer.util.ts:175:10)
    at emitText (/Users/spot/Code/amiexpress-web/web/backend/src/utils/ansi-buffer.util.ts:195:18)
    at emitPrompt (/Users/spot/Code/amiexpress-web/web/backend/src/utils/ansi-buffer.util.ts:211:3)
    at emitPrompt (/Users/spot/Code/amiexpress-web/web/backend/src/utils/output.util.ts:54:19)
    at doPause (/Users/spot/Code/amiexpress-web/web/backend/src/handlers/screen.handler.ts:2942:13)
    at advanceDisplayFlow (/Users/spot/Code/amiexpress-web/web/backend/src/handlers/command.handler.ts:957:11)
    at async finishConferenceScan (/Users/spot/Code/amiexpress-web/web/backend/src/handlers/message/message-scan.handler.ts:465:5)
    at async advanceConferenceScan (/Users/spot/Code/amiexpress-web/web/backend/src/handlers/message/message-scan.handler.ts:822:3)
    at async performConferenceScan (/Users/spot/Code/amiexpress-web/web/backend/src/handlers/message/message-scan.handler.ts:885:3)
    at async Object.<anonymous> (/Users/spot/Code/amiexpress-web/web/backend/tests/message-scan-parity.test.ts:190:5)
Session: {"subState":"display_menu","currentConf":1}
[2026-08-17T20:49:40.336Z] Error in display state handling: socket.on is not a function
Stack: TypeError: socket.on is not a function
    at getAnsiBuffer (/Users/spot/Code/amiexpress-web/web/backend/src/utils/ansi-buffer.util.ts:175:10)
    at emitText (/Users/spot/Code/amiexpress-web/web/backend/src/utils/ansi-buffer.util.ts:195:18)
    at emitPrompt (/Users/spot/Code/amiexpress-web/web/backend/src/utils/ansi-buffer.util.ts:211:3)
    at emitPrompt (/Users/spot/Code/amiexpress-web/web/backend/src/utils/output.util.ts:54:19)
    at doPause (/Users/spot/Code/amiexpress-web/web/backend/src/handlers/screen.handler.ts:2942:13)
    at advanceDisplayFlow (/Users/spot/Code/amiexpress-web/web/backend/src/handlers/command.handler.ts:957:11)
    at async finishConferenceScan (/Users/spot/Code/amiexpress-web/web/backend/src/handlers/message/message-scan.handler.ts:465:5)
    at async advanceConferenceScan (/Users/spot/Code/amiexpress-web/web/backend/src/handlers/message/message-scan.handler.ts:822:3)
    at async performConferenceScan (/Users/spot/Code/amiexpress-web/web/backend/src/handlers/message/message-scan.handler.ts:885:3)
    at async Object.<anonymous> (/Users/spot/Code/amiexpress-web/web/backend/tests/message-scan-parity.test.ts:336:5)
Session: {"subState":"display_menu","currentConf":1}
[2026-08-17T20:49:40.660Z] Error in display state handling: socket.on is not a function
Stack: TypeError: socket.on is not a function
    at getAnsiBuffer (/Users/spot/Code/amiexpress-web/web/backend/src/utils/ansi-buffer.util.ts:175:10)
    at emitText (/Users/spot/Code/amiexpress-web/web/backend/src/utils/ansi-buffer.util.ts:195:18)
    at emitPrompt (/Users/spot/Code/amiexpress-web/web/backend/src/utils/ansi-buffer.util.ts:211:3)
    at emitPrompt (/Users/spot/Code/amiexpress-web/web/backend/src/utils/output.util.ts:54:19)
    at doPause (/Users/spot/Code/amiexpress-web/web/backend/src/handlers/screen.handler.ts:2942:13)
    at advanceDisplayFlow (/Users/spot/Code/amiexpress-web/web/backend/src/handlers/command.handler.ts:957:11)
    at async finishConferenceScan (/Users/spot/Code/amiexpress-web/web/backend/src/handlers/message/message-scan.handler.ts:465:5)
    at async advanceConferenceScan (/Users/spot/Code/amiexpress-web/web/backend/src/handlers/message/message-scan.handler.ts:822:3)
    at async performConferenceScan (/Users/spot/Code/amiexpress-web/web/backend/src/handlers/message/message-scan.handler.ts:885:3)
    at async Object.<anonymous> (/Users/spot/Code/amiexpress-web/web/backend/tests/message-scan-parity.test.ts:363:5)
Session: {"subState":"display_menu","currentConf":1}
[2026-08-17T20:49:41.051Z] Error in display state handling: socket.on is not a function
Stack: TypeError: socket.on is not a function
    at getAnsiBuffer (/Users/spot/Code/amiexpress-web/web/backend/src/utils/ansi-buffer.util.ts:175:10)
    at emitText (/Users/spot/Code/amiexpress-web/web/backend/src/utils/ansi-buffer.util.ts:195:18)
    at emitPrompt (/Users/spot/Code/amiexpress-web/web/backend/src/utils/ansi-buffer.util.ts:211:3)
    at emitPrompt (/Users/spot/Code/amiexpress-web/web/backend/src/utils/output.util.ts:54:19)
    at doPause (/Users/spot/Code/amiexpress-web/web/backend/src/handlers/screen.handler.ts:2942:13)
    at advanceDisplayFlow (/Users/spot/Code/amiexpress-web/web/backend/src/handlers/command.handler.ts:957:11)
    at async finishConferenceScan (/Users/spot/Code/amiexpress-web/web/backend/src/handlers/message/message-scan.handler.ts:465:5)
    at async advanceConferenceScan (/Users/spot/Code/amiexpress-web/web/backend/src/handlers/message/message-scan.handler.ts:822:3)
    at async performConferenceScan (/Users/spot/Code/amiexpress-web/web/backend/src/handlers/message/message-scan.handler.ts:885:3)
    at async Object.<anonymous> (/Users/spot/Code/amiexpress-web/web/backend/tests/message-scan-parity.test.ts:390:5)
Session: {"subState":"display_menu","currentConf":1}
[2026-08-17T21:00:08.967Z] Error in display state handling: socket.on is not a function
Stack: TypeError: socket.on is not a function
    at getAnsiBuffer (/Users/spot/Code/amiexpress-web/web/backend/src/utils/ansi-buffer.util.ts:175:10)
    at emitText (/Users/spot/Code/amiexpress-web/web/backend/src/utils/ansi-buffer.util.ts:195:18)
    at emitPrompt (/Users/spot/Code/amiexpress-web/web/backend/src/utils/ansi-buffer.util.ts:211:3)
    at emitPrompt (/Users/spot/Code/amiexpress-web/web/backend/src/utils/output.util.ts:54:19)
    at doPause (/Users/spot/Code/amiexpress-web/web/backend/src/handlers/screen.handler.ts:2942:13)
    at advanceDisplayFlow (/Users/spot/Code/amiexpress-web/web/backend/src/handlers/command.handler.ts:957:11)
    at async finishConferenceScan (/Users/spot/Code/amiexpress-web/web/backend/src/handlers/message/message-scan.handler.ts:465:5)
    at async advanceConferenceScan (/Users/spot/Code/amiexpress-web/web/backend/src/handlers/message/message-scan.handler.ts:822:3)
    at async performConferenceScan (/Users/spot/Code/amiexpress-web/web/backend/src/handlers/message/message-scan.handler.ts:885:3)
    at async Object.<anonymous> (/Users/spot/Code/amiexpress-web/web/backend/tests/message-scan-parity.test.ts:190:5)
Session: {"subState":"display_menu","currentConf":1}
[2026-08-17T21:00:11.031Z] Error in display state handling: socket.on is not a function
Stack: TypeError: socket.on is not a function
    at getAnsiBuffer (/Users/spot/Code/amiexpress-web/web/backend/src/utils/ansi-buffer.util.ts:175:10)
    at emitText (/Users/spot/Code/amiexpress-web/web/backend/src/utils/ansi-buffer.util.ts:195:18)
    at emitPrompt (/Users/spot/Code/amiexpress-web/web/backend/src/utils/ansi-buffer.util.ts:211:3)
    at emitPrompt (/Users/spot/Code/amiexpress-web/web/backend/src/utils/output.util.ts:54:19)
    at doPause (/Users/spot/Code/amiexpress-web/web/backend/src/handlers/screen.handler.ts:2942:13)
    at advanceDisplayFlow (/Users/spot/Code/amiexpress-web/web/backend/src/handlers/command.handler.ts:957:11)
    at async finishConferenceScan (/Users/spot/Code/amiexpress-web/web/backend/src/handlers/message/message-scan.handler.ts:465:5)
    at async advanceConferenceScan (/Users/spot/Code/amiexpress-web/web/backend/src/handlers/message/message-scan.handler.ts:822:3)
    at async performConferenceScan (/Users/spot/Code/amiexpress-web/web/backend/src/handlers/message/message-scan.handler.ts:885:3)
    at async Object.<anonymous> (/Users/spot/Code/amiexpress-web/web/backend/tests/message-scan-parity.test.ts:336:5)
Session: {"subState":"display_menu","currentConf":1}
[2026-08-17T21:00:13.066Z] Error in display state handling: socket.on is not a function
Stack: TypeError: socket.on is not a function
    at getAnsiBuffer (/Users/spot/Code/amiexpress-web/web/backend/src/utils/ansi-buffer.util.ts:175:10)
    at emitText (/Users/spot/Code/amiexpress-web/web/backend/src/utils/ansi-buffer.util.ts:195:18)
    at emitPrompt (/Users/spot/Code/amiexpress-web/web/backend/src/utils/ansi-buffer.util.ts:211:3)
    at emitPrompt (/Users/spot/Code/amiexpress-web/web/backend/src/utils/output.util.ts:54:19)
    at doPause (/Users/spot/Code/amiexpress-web/web/backend/src/handlers/screen.handler.ts:2942:13)
    at advanceDisplayFlow (/Users/spot/Code/amiexpress-web/web/backend/src/handlers/command.handler.ts:957:11)
    at async finishConferenceScan (/Users/spot/Code/amiexpress-web/web/backend/src/handlers/message/message-scan.handler.ts:465:5)
    at async advanceConferenceScan (/Users/spot/Code/amiexpress-web/web/backend/src/handlers/message/message-scan.handler.ts:822:3)
    at async performConferenceScan (/Users/spot/Code/amiexpress-web/web/backend/src/handlers/message/message-scan.handler.ts:885:3)
    at async Object.<anonymous> (/Users/spot/Code/amiexpress-web/web/backend/tests/message-scan-parity.test.ts:363:5)
Session: {"subState":"display_menu","currentConf":1}
[2026-08-17T21:00:15.478Z] Error in display state handling: socket.on is not a function
Stack: TypeError: socket.on is not a function
    at getAnsiBuffer (/Users/spot/Code/amiexpress-web/web/backend/src/utils/ansi-buffer.util.ts:175:10)
    at emitText (/Users/spot/Code/amiexpress-web/web/backend/src/utils/ansi-buffer.util.ts:195:18)
    at emitPrompt (/Users/spot/Code/amiexpress-web/web/backend/src/utils/ansi-buffer.util.ts:211:3)
    at emitPrompt (/Users/spot/Code/amiexpress-web/web/backend/src/utils/output.util.ts:54:19)
    at doPause (/Users/spot/Code/amiexpress-web/web/backend/src/handlers/screen.handler.ts:2942:13)
    at advanceDisplayFlow (/Users/spot/Code/amiexpress-web/web/backend/src/handlers/command.handler.ts:957:11)
    at async finishConferenceScan (/Users/spot/Code/amiexpress-web/web/backend/src/handlers/message/message-scan.handler.ts:465:5)
    at async advanceConferenceScan (/Users/spot/Code/amiexpress-web/web/backend/src/handlers/message/message-scan.handler.ts:822:3)
    at async performConferenceScan (/Users/spot/Code/amiexpress-web/web/backend/src/handlers/message/message-scan.handler.ts:885:3)
    at async Object.<anonymous> (/Users/spot/Code/amiexpress-web/web/backend/tests/message-scan-parity.test.ts:390:5)
Session: {"subState":"display_menu","currentConf":1}
[2026-08-17T21:17:09.954Z] Error in display state handling: socket.on is not a function
Stack: TypeError: socket.on is not a function
    at getAnsiBuffer (/Users/spot/Code/amiexpress-web/web/backend/src/utils/ansi-buffer.util.ts:175:10)
    at emitText (/Users/spot/Code/amiexpress-web/web/backend/src/utils/ansi-buffer.util.ts:195:18)
    at emitPrompt (/Users/spot/Code/amiexpress-web/web/backend/src/utils/ansi-buffer.util.ts:211:3)
    at emitPrompt (/Users/spot/Code/amiexpress-web/web/backend/src/utils/output.util.ts:54:19)
    at doPause (/Users/spot/Code/amiexpress-web/web/backend/src/handlers/screen.handler.ts:2942:13)
    at advanceDisplayFlow (/Users/spot/Code/amiexpress-web/web/backend/src/handlers/command.handler.ts:957:11)
    at async finishConferenceScan (/Users/spot/Code/amiexpress-web/web/backend/src/handlers/message/message-scan.handler.ts:465:5)
    at async advanceConferenceScan (/Users/spot/Code/amiexpress-web/web/backend/src/handlers/message/message-scan.handler.ts:822:3)
    at async performConferenceScan (/Users/spot/Code/amiexpress-web/web/backend/src/handlers/message/message-scan.handler.ts:885:3)
    at async Object.<anonymous> (/Users/spot/Code/amiexpress-web/web/backend/tests/message-scan-parity.test.ts:215:5)
Session: {"subState":"display_menu","currentConf":1}
[2026-08-17T21:17:10.884Z] Error in display state handling: socket.on is not a function
Stack: TypeError: socket.on is not a function
    at getAnsiBuffer (/Users/spot/Code/amiexpress-web/web/backend/src/utils/ansi-buffer.util.ts:175:10)
    at emitText (/Users/spot/Code/amiexpress-web/web/backend/src/utils/ansi-buffer.util.ts:195:18)
    at emitPrompt (/Users/spot/Code/amiexpress-web/web/backend/src/utils/ansi-buffer.util.ts:211:3)
    at emitPrompt (/Users/spot/Code/amiexpress-web/web/backend/src/utils/output.util.ts:54:19)
    at doPause (/Users/spot/Code/amiexpress-web/web/backend/src/handlers/screen.handler.ts:2942:13)
    at advanceDisplayFlow (/Users/spot/Code/amiexpress-web/web/backend/src/handlers/command.handler.ts:957:11)
    at async finishConferenceScan (/Users/spot/Code/amiexpress-web/web/backend/src/handlers/message/message-scan.handler.ts:465:5)
    at async advanceConferenceScan (/Users/spot/Code/amiexpress-web/web/backend/src/handlers/message/message-scan.handler.ts:822:3)
    at async performConferenceScan (/Users/spot/Code/amiexpress-web/web/backend/src/handlers/message/message-scan.handler.ts:885:3)
    at async Object.<anonymous> (/Users/spot/Code/amiexpress-web/web/backend/tests/message-scan-parity.test.ts:361:5)
Session: {"subState":"display_menu","currentConf":1}
[2026-08-17T21:17:11.596Z] Error in display state handling: socket.on is not a function
Stack: TypeError: socket.on is not a function
    at getAnsiBuffer (/Users/spot/Code/amiexpress-web/web/backend/src/utils/ansi-buffer.util.ts:175:10)
    at emitText (/Users/spot/Code/amiexpress-web/web/backend/src/utils/ansi-buffer.util.ts:195:18)
    at emitPrompt (/Users/spot/Code/amiexpress-web/web/backend/src/utils/ansi-buffer.util.ts:211:3)
    at emitPrompt (/Users/spot/Code/amiexpress-web/web/backend/src/utils/output.util.ts:54:19)
    at doPause (/Users/spot/Code/amiexpress-web/web/backend/src/handlers/screen.handler.ts:2942:13)
    at advanceDisplayFlow (/Users/spot/Code/amiexpress-web/web/backend/src/handlers/command.handler.ts:957:11)
    at async finishConferenceScan (/Users/spot/Code/amiexpress-web/web/backend/src/handlers/message/message-scan.handler.ts:465:5)
    at async advanceConferenceScan (/Users/spot/Code/amiexpress-web/web/backend/src/handlers/message/message-scan.handler.ts:822:3)
    at async performConferenceScan (/Users/spot/Code/amiexpress-web/web/backend/src/handlers/message/message-scan.handler.ts:885:3)
    at async Object.<anonymous> (/Users/spot/Code/amiexpress-web/web/backend/tests/message-scan-parity.test.ts:388:5)
Session: {"subState":"display_menu","currentConf":1}
[2026-08-17T21:17:12.118Z] Error in display state handling: socket.on is not a function
Stack: TypeError: socket.on is not a function
    at getAnsiBuffer (/Users/spot/Code/amiexpress-web/web/backend/src/utils/ansi-buffer.util.ts:175:10)
    at emitText (/Users/spot/Code/amiexpress-web/web/backend/src/utils/ansi-buffer.util.ts:195:18)
    at emitPrompt (/Users/spot/Code/amiexpress-web/web/backend/src/utils/ansi-buffer.util.ts:211:3)
    at emitPrompt (/Users/spot/Code/amiexpress-web/web/backend/src/utils/output.util.ts:54:19)
    at doPause (/Users/spot/Code/amiexpress-web/web/backend/src/handlers/screen.handler.ts:2942:13)
    at advanceDisplayFlow (/Users/spot/Code/amiexpress-web/web/backend/src/handlers/command.handler.ts:957:11)
    at async finishConferenceScan (/Users/spot/Code/amiexpress-web/web/backend/src/handlers/message/message-scan.handler.ts:465:5)
    at async advanceConferenceScan (/Users/spot/Code/amiexpress-web/web/backend/src/handlers/message/message-scan.handler.ts:822:3)
    at async performConferenceScan (/Users/spot/Code/amiexpress-web/web/backend/src/handlers/message/message-scan.handler.ts:885:3)
    at async Object.<anonymous> (/Users/spot/Code/amiexpress-web/web/backend/tests/message-scan-parity.test.ts:415:5)
Session: {"subState":"display_menu","currentConf":1}
[2026-08-17T23:56:19.767Z] Error in display state handling: socket.on is not a function
Stack: TypeError: socket.on is not a function
    at on (/Users/spot/Code/amiexpress-web/web/backend/src/utils/ansi-buffer.util.ts:175:10)
    at getAnsiBuffer (/Users/spot/Code/amiexpress-web/web/backend/src/utils/ansi-buffer.util.ts:195:18)
    at emitText (/Users/spot/Code/amiexpress-web/web/backend/src/utils/ansi-buffer.util.ts:211:3)
    at emitPrompt (/Users/spot/Code/amiexpress-web/web/backend/src/utils/output.util.ts:54:19)
    at doPause (/Users/spot/Code/amiexpress-web/web/backend/src/handlers/screen.handler.ts:2942:13)
    at doPause (/Users/spot/Code/amiexpress-web/web/backend/src/handlers/command.handler.ts:957:11)
    at finishConferenceScan (/Users/spot/Code/amiexpress-web/web/backend/src/handlers/message/message-scan.handler.ts:465:5)
    at advanceConferenceScan (/Users/spot/Code/amiexpress-web/web/backend/src/handlers/message/message-scan.handler.ts:822:3)
    at performConferenceScan (/Users/spot/Code/amiexpress-web/web/backend/src/handlers/message/message-scan.handler.ts:885:3)
    at Object.<anonymous> (/Users/spot/Code/amiexpress-web/web/backend/tests/message-scan-parity.test.ts:215:5)
Session: {"subState":"display_menu","currentConf":1}
[2026-08-17T23:56:22.109Z] Error in display state handling: socket.on is not a function
Stack: TypeError: socket.on is not a function
    at on (/Users/spot/Code/amiexpress-web/web/backend/src/utils/ansi-buffer.util.ts:175:10)
    at getAnsiBuffer (/Users/spot/Code/amiexpress-web/web/backend/src/utils/ansi-buffer.util.ts:195:18)
    at emitText (/Users/spot/Code/amiexpress-web/web/backend/src/utils/ansi-buffer.util.ts:211:3)
    at emitPrompt (/Users/spot/Code/amiexpress-web/web/backend/src/utils/output.util.ts:54:19)
    at doPause (/Users/spot/Code/amiexpress-web/web/backend/src/handlers/screen.handler.ts:2942:13)
    at doPause (/Users/spot/Code/amiexpress-web/web/backend/src/handlers/command.handler.ts:957:11)
    at finishConferenceScan (/Users/spot/Code/amiexpress-web/web/backend/src/handlers/message/message-scan.handler.ts:465:5)
    at advanceConferenceScan (/Users/spot/Code/amiexpress-web/web/backend/src/handlers/message/message-scan.handler.ts:822:3)
    at performConferenceScan (/Users/spot/Code/amiexpress-web/web/backend/src/handlers/message/message-scan.handler.ts:885:3)
    at Object.<anonymous> (/Users/spot/Code/amiexpress-web/web/backend/tests/message-scan-parity.test.ts:361:5)
Session: {"subState":"display_menu","currentConf":1}
[2026-08-17T23:56:23.947Z] Error in display state handling: socket.on is not a function
Stack: TypeError: socket.on is not a function
    at on (/Users/spot/Code/amiexpress-web/web/backend/src/utils/ansi-buffer.util.ts:175:10)
    at getAnsiBuffer (/Users/spot/Code/amiexpress-web/web/backend/src/utils/ansi-buffer.util.ts:195:18)
    at emitText (/Users/spot/Code/amiexpress-web/web/backend/src/utils/ansi-buffer.util.ts:211:3)
    at emitPrompt (/Users/spot/Code/amiexpress-web/web/backend/src/utils/output.util.ts:54:19)
    at doPause (/Users/spot/Code/amiexpress-web/web/backend/src/handlers/screen.handler.ts:2942:13)
    at doPause (/Users/spot/Code/amiexpress-web/web/backend/src/handlers/command.handler.ts:957:11)
    at finishConferenceScan (/Users/spot/Code/amiexpress-web/web/backend/src/handlers/message/message-scan.handler.ts:465:5)
    at advanceConferenceScan (/Users/spot/Code/amiexpress-web/web/backend/src/handlers/message/message-scan.handler.ts:822:3)
    at performConferenceScan (/Users/spot/Code/amiexpress-web/web/backend/src/handlers/message/message-scan.handler.ts:885:3)
    at Object.<anonymous> (/Users/spot/Code/amiexpress-web/web/backend/tests/message-scan-parity.test.ts:388:5)
Session: {"subState":"display_menu","currentConf":1}
[2026-08-17T23:56:25.696Z] Error in display state handling: socket.on is not a function
Stack: TypeError: socket.on is not a function
    at on (/Users/spot/Code/amiexpress-web/web/backend/src/utils/ansi-buffer.util.ts:175:10)
    at getAnsiBuffer (/Users/spot/Code/amiexpress-web/web/backend/src/utils/ansi-buffer.util.ts:195:18)
    at emitText (/Users/spot/Code/amiexpress-web/web/backend/src/utils/ansi-buffer.util.ts:211:3)
    at emitPrompt (/Users/spot/Code/amiexpress-web/web/backend/src/utils/output.util.ts:54:19)
    at doPause (/Users/spot/Code/amiexpress-web/web/backend/src/handlers/screen.handler.ts:2942:13)
    at doPause (/Users/spot/Code/amiexpress-web/web/backend/src/handlers/command.handler.ts:957:11)
    at finishConferenceScan (/Users/spot/Code/amiexpress-web/web/backend/src/handlers/message/message-scan.handler.ts:465:5)
    at advanceConferenceScan (/Users/spot/Code/amiexpress-web/web/backend/src/handlers/message/message-scan.handler.ts:822:3)
    at performConferenceScan (/Users/spot/Code/amiexpress-web/web/backend/src/handlers/message/message-scan.handler.ts:885:3)
    at Object.<anonymous> (/Users/spot/Code/amiexpress-web/web/backend/tests/message-scan-parity.test.ts:415:5)
Session: {"subState":"display_menu","currentConf":1}
[2026-08-18T05:15:49.322Z] Error in display state handling: socket.on is not a function
Stack: TypeError: socket.on is not a function
    at on (/Users/spot/Code/amiexpress-web/web/backend/src/utils/ansi-buffer.util.ts:175:10)
    at getAnsiBuffer (/Users/spot/Code/amiexpress-web/web/backend/src/utils/ansi-buffer.util.ts:195:18)
    at emitText (/Users/spot/Code/amiexpress-web/web/backend/src/utils/ansi-buffer.util.ts:211:3)
    at emitPrompt (/Users/spot/Code/amiexpress-web/web/backend/src/utils/output.util.ts:54:19)
    at doPause (/Users/spot/Code/amiexpress-web/web/backend/src/handlers/screen.handler.ts:2942:13)
    at doPause (/Users/spot/Code/amiexpress-web/web/backend/src/handlers/command.handler.ts:957:11)
    at finishConferenceScan (/Users/spot/Code/amiexpress-web/web/backend/src/handlers/message/message-scan.handler.ts:465:5)
    at advanceConferenceScan (/Users/spot/Code/amiexpress-web/web/backend/src/handlers/message/message-scan.handler.ts:822:3)
    at performConferenceScan (/Users/spot/Code/amiexpress-web/web/backend/src/handlers/message/message-scan.handler.ts:885:3)
    at Object.<anonymous> (/Users/spot/Code/amiexpress-web/web/backend/tests/message-scan-parity.test.ts:215:5)
Session: {"subState":"display_menu","currentConf":1}
[2026-08-18T05:15:54.830Z] Error in display state handling: socket.on is not a function
Stack: TypeError: socket.on is not a function
    at on (/Users/spot/Code/amiexpress-web/web/backend/src/utils/ansi-buffer.util.ts:175:10)
    at getAnsiBuffer (/Users/spot/Code/amiexpress-web/web/backend/src/utils/ansi-buffer.util.ts:195:18)
    at emitText (/Users/spot/Code/amiexpress-web/web/backend/src/utils/ansi-buffer.util.ts:211:3)
    at emitPrompt (/Users/spot/Code/amiexpress-web/web/backend/src/utils/output.util.ts:54:19)
    at doPause (/Users/spot/Code/amiexpress-web/web/backend/src/handlers/screen.handler.ts:2942:13)
    at doPause (/Users/spot/Code/amiexpress-web/web/backend/src/handlers/command.handler.ts:957:11)
    at finishConferenceScan (/Users/spot/Code/amiexpress-web/web/backend/src/handlers/message/message-scan.handler.ts:465:5)
    at advanceConferenceScan (/Users/spot/Code/amiexpress-web/web/backend/src/handlers/message/message-scan.handler.ts:822:3)
    at performConferenceScan (/Users/spot/Code/amiexpress-web/web/backend/src/handlers/message/message-scan.handler.ts:885:3)
    at Object.<anonymous> (/Users/spot/Code/amiexpress-web/web/backend/tests/message-scan-parity.test.ts:361:5)
Session: {"subState":"display_menu","currentConf":1}
[2026-08-18T05:15:58.121Z] Error in display state handling: socket.on is not a function
Stack: TypeError: socket.on is not a function
    at on (/Users/spot/Code/amiexpress-web/web/backend/src/utils/ansi-buffer.util.ts:175:10)
    at getAnsiBuffer (/Users/spot/Code/amiexpress-web/web/backend/src/utils/ansi-buffer.util.ts:195:18)
    at emitText (/Users/spot/Code/amiexpress-web/web/backend/src/utils/ansi-buffer.util.ts:211:3)
    at emitPrompt (/Users/spot/Code/amiexpress-web/web/backend/src/utils/output.util.ts:54:19)
    at doPause (/Users/spot/Code/amiexpress-web/web/backend/src/handlers/screen.handler.ts:2942:13)
    at doPause (/Users/spot/Code/amiexpress-web/web/backend/src/handlers/command.handler.ts:957:11)
    at finishConferenceScan (/Users/spot/Code/amiexpress-web/web/backend/src/handlers/message/message-scan.handler.ts:465:5)
    at advanceConferenceScan (/Users/spot/Code/amiexpress-web/web/backend/src/handlers/message/message-scan.handler.ts:822:3)
    at performConferenceScan (/Users/spot/Code/amiexpress-web/web/backend/src/handlers/message/message-scan.handler.ts:885:3)
    at Object.<anonymous> (/Users/spot/Code/amiexpress-web/web/backend/tests/message-scan-parity.test.ts:388:5)
Session: {"subState":"display_menu","currentConf":1}
[2026-08-18T05:16:02.571Z] Error in display state handling: socket.on is not a function
Stack: TypeError: socket.on is not a function
    at on (/Users/spot/Code/amiexpress-web/web/backend/src/utils/ansi-buffer.util.ts:175:10)
    at getAnsiBuffer (/Users/spot/Code/amiexpress-web/web/backend/src/utils/ansi-buffer.util.ts:195:18)
    at emitText (/Users/spot/Code/amiexpress-web/web/backend/src/utils/ansi-buffer.util.ts:211:3)
    at emitPrompt (/Users/spot/Code/amiexpress-web/web/backend/src/utils/output.util.ts:54:19)
    at doPause (/Users/spot/Code/amiexpress-web/web/backend/src/handlers/screen.handler.ts:2942:13)
    at doPause (/Users/spot/Code/amiexpress-web/web/backend/src/handlers/command.handler.ts:957:11)
    at finishConferenceScan (/Users/spot/Code/amiexpress-web/web/backend/src/handlers/message/message-scan.handler.ts:465:5)
    at advanceConferenceScan (/Users/spot/Code/amiexpress-web/web/backend/src/handlers/message/message-scan.handler.ts:822:3)
    at performConferenceScan (/Users/spot/Code/amiexpress-web/web/backend/src/handlers/message/message-scan.handler.ts:885:3)
    at Object.<anonymous> (/Users/spot/Code/amiexpress-web/web/backend/tests/message-scan-parity.test.ts:415:5)
Session: {"subState":"display_menu","currentConf":1}
[2026-08-18T05:33:15.194Z] Error in display state handling: socket.on is not a function
Stack: TypeError: socket.on is not a function
    at on (/Users/spot/Code/amiexpress-web/web/backend/src/utils/ansi-buffer.util.ts:175:10)
    at getAnsiBuffer (/Users/spot/Code/amiexpress-web/web/backend/src/utils/ansi-buffer.util.ts:195:18)
    at emitText (/Users/spot/Code/amiexpress-web/web/backend/src/utils/ansi-buffer.util.ts:211:3)
    at emitPrompt (/Users/spot/Code/amiexpress-web/web/backend/src/utils/output.util.ts:54:19)
    at doPause (/Users/spot/Code/amiexpress-web/web/backend/src/handlers/screen.handler.ts:2942:13)
    at doPause (/Users/spot/Code/amiexpress-web/web/backend/src/handlers/command.handler.ts:957:11)
    at finishConferenceScan (/Users/spot/Code/amiexpress-web/web/backend/src/handlers/message/message-scan.handler.ts:465:5)
    at advanceConferenceScan (/Users/spot/Code/amiexpress-web/web/backend/src/handlers/message/message-scan.handler.ts:822:3)
    at performConferenceScan (/Users/spot/Code/amiexpress-web/web/backend/src/handlers/message/message-scan.handler.ts:885:3)
    at Object.<anonymous> (/Users/spot/Code/amiexpress-web/web/backend/tests/message-scan-parity.test.ts:215:5)
Session: {"subState":"display_menu","currentConf":1}
[2026-08-18T05:33:16.216Z] Error in display state handling: socket.on is not a function
Stack: TypeError: socket.on is not a function
    at on (/Users/spot/Code/amiexpress-web/web/backend/src/utils/ansi-buffer.util.ts:175:10)
    at getAnsiBuffer (/Users/spot/Code/amiexpress-web/web/backend/src/utils/ansi-buffer.util.ts:195:18)
    at emitText (/Users/spot/Code/amiexpress-web/web/backend/src/utils/ansi-buffer.util.ts:211:3)
    at emitPrompt (/Users/spot/Code/amiexpress-web/web/backend/src/utils/output.util.ts:54:19)
    at doPause (/Users/spot/Code/amiexpress-web/web/backend/src/handlers/screen.handler.ts:2942:13)
    at doPause (/Users/spot/Code/amiexpress-web/web/backend/src/handlers/command.handler.ts:957:11)
    at finishConferenceScan (/Users/spot/Code/amiexpress-web/web/backend/src/handlers/message/message-scan.handler.ts:465:5)
    at advanceConferenceScan (/Users/spot/Code/amiexpress-web/web/backend/src/handlers/message/message-scan.handler.ts:822:3)
    at performConferenceScan (/Users/spot/Code/amiexpress-web/web/backend/src/handlers/message/message-scan.handler.ts:885:3)
    at Object.<anonymous> (/Users/spot/Code/amiexpress-web/web/backend/tests/message-scan-parity.test.ts:361:5)
Session: {"subState":"display_menu","currentConf":1}
[2026-08-18T05:33:16.818Z] Error in display state handling: socket.on is not a function
Stack: TypeError: socket.on is not a function
    at on (/Users/spot/Code/amiexpress-web/web/backend/src/utils/ansi-buffer.util.ts:175:10)
    at getAnsiBuffer (/Users/spot/Code/amiexpress-web/web/backend/src/utils/ansi-buffer.util.ts:195:18)
    at emitText (/Users/spot/Code/amiexpress-web/web/backend/src/utils/ansi-buffer.util.ts:211:3)
    at emitPrompt (/Users/spot/Code/amiexpress-web/web/backend/src/utils/output.util.ts:54:19)
    at doPause (/Users/spot/Code/amiexpress-web/web/backend/src/handlers/screen.handler.ts:2942:13)
    at doPause (/Users/spot/Code/amiexpress-web/web/backend/src/handlers/command.handler.ts:957:11)
    at finishConferenceScan (/Users/spot/Code/amiexpress-web/web/backend/src/handlers/message/message-scan.handler.ts:465:5)
    at advanceConferenceScan (/Users/spot/Code/amiexpress-web/web/backend/src/handlers/message/message-scan.handler.ts:822:3)
    at performConferenceScan (/Users/spot/Code/amiexpress-web/web/backend/src/handlers/message/message-scan.handler.ts:885:3)
    at Object.<anonymous> (/Users/spot/Code/amiexpress-web/web/backend/tests/message-scan-parity.test.ts:388:5)
Session: {"subState":"display_menu","currentConf":1}
[2026-08-18T05:33:17.380Z] Error in display state handling: socket.on is not a function
Stack: TypeError: socket.on is not a function
    at on (/Users/spot/Code/amiexpress-web/web/backend/src/utils/ansi-buffer.util.ts:175:10)
    at getAnsiBuffer (/Users/spot/Code/amiexpress-web/web/backend/src/utils/ansi-buffer.util.ts:195:18)
    at emitText (/Users/spot/Code/amiexpress-web/web/backend/src/utils/ansi-buffer.util.ts:211:3)
    at emitPrompt (/Users/spot/Code/amiexpress-web/web/backend/src/utils/output.util.ts:54:19)
    at doPause (/Users/spot/Code/amiexpress-web/web/backend/src/handlers/screen.handler.ts:2942:13)
    at doPause (/Users/spot/Code/amiexpress-web/web/backend/src/handlers/command.handler.ts:957:11)
    at finishConferenceScan (/Users/spot/Code/amiexpress-web/web/backend/src/handlers/message/message-scan.handler.ts:465:5)
    at advanceConferenceScan (/Users/spot/Code/amiexpress-web/web/backend/src/handlers/message/message-scan.handler.ts:822:3)
    at performConferenceScan (/Users/spot/Code/amiexpress-web/web/backend/src/handlers/message/message-scan.handler.ts:885:3)
    at Object.<anonymous> (/Users/spot/Code/amiexpress-web/web/backend/tests/message-scan-parity.test.ts:415:5)
Session: {"subState":"display_menu","currentConf":1}
[2026-08-18T09:51:39.864Z] Error in display state handling: socket.on is not a function
Stack: TypeError: socket.on is not a function
    at on (/Users/spot/Code/amiexpress-web/web/backend/src/utils/ansi-buffer.util.ts:175:10)
    at getAnsiBuffer (/Users/spot/Code/amiexpress-web/web/backend/src/utils/ansi-buffer.util.ts:195:18)
    at emitText (/Users/spot/Code/amiexpress-web/web/backend/src/utils/ansi-buffer.util.ts:211:3)
    at emitPrompt (/Users/spot/Code/amiexpress-web/web/backend/src/utils/output.util.ts:54:19)
    at doPause (/Users/spot/Code/amiexpress-web/web/backend/src/handlers/screen.handler.ts:2942:13)
    at doPause (/Users/spot/Code/amiexpress-web/web/backend/src/handlers/command.handler.ts:957:11)
    at finishConferenceScan (/Users/spot/Code/amiexpress-web/web/backend/src/handlers/message/message-scan.handler.ts:465:5)
    at advanceConferenceScan (/Users/spot/Code/amiexpress-web/web/backend/src/handlers/message/message-scan.handler.ts:822:3)
    at performConferenceScan (/Users/spot/Code/amiexpress-web/web/backend/src/handlers/message/message-scan.handler.ts:885:3)
    at Object.<anonymous> (/Users/spot/Code/amiexpress-web/web/backend/tests/message-scan-parity.test.ts:215:5)
Session: {"subState":"display_menu","currentConf":1}
[2026-08-18T09:51:42.099Z] Error in display state handling: socket.on is not a function
Stack: TypeError: socket.on is not a function
    at on (/Users/spot/Code/amiexpress-web/web/backend/src/utils/ansi-buffer.util.ts:175:10)
    at getAnsiBuffer (/Users/spot/Code/amiexpress-web/web/backend/src/utils/ansi-buffer.util.ts:195:18)
    at emitText (/Users/spot/Code/amiexpress-web/web/backend/src/utils/ansi-buffer.util.ts:211:3)
    at emitPrompt (/Users/spot/Code/amiexpress-web/web/backend/src/utils/output.util.ts:54:19)
    at doPause (/Users/spot/Code/amiexpress-web/web/backend/src/handlers/screen.handler.ts:2942:13)
    at doPause (/Users/spot/Code/amiexpress-web/web/backend/src/handlers/command.handler.ts:957:11)
    at finishConferenceScan (/Users/spot/Code/amiexpress-web/web/backend/src/handlers/message/message-scan.handler.ts:465:5)
    at advanceConferenceScan (/Users/spot/Code/amiexpress-web/web/backend/src/handlers/message/message-scan.handler.ts:822:3)
    at performConferenceScan (/Users/spot/Code/amiexpress-web/web/backend/src/handlers/message/message-scan.handler.ts:885:3)
    at Object.<anonymous> (/Users/spot/Code/amiexpress-web/web/backend/tests/message-scan-parity.test.ts:361:5)
Session: {"subState":"display_menu","currentConf":1}
[2026-08-18T09:51:42.956Z] Error in display state handling: socket.on is not a function
Stack: TypeError: socket.on is not a function
    at on (/Users/spot/Code/amiexpress-web/web/backend/src/utils/ansi-buffer.util.ts:175:10)
    at getAnsiBuffer (/Users/spot/Code/amiexpress-web/web/backend/src/utils/ansi-buffer.util.ts:195:18)
    at emitText (/Users/spot/Code/amiexpress-web/web/backend/src/utils/ansi-buffer.util.ts:211:3)
    at emitPrompt (/Users/spot/Code/amiexpress-web/web/backend/src/utils/output.util.ts:54:19)
    at doPause (/Users/spot/Code/amiexpress-web/web/backend/src/handlers/screen.handler.ts:2942:13)
    at doPause (/Users/spot/Code/amiexpress-web/web/backend/src/handlers/command.handler.ts:957:11)
    at finishConferenceScan (/Users/spot/Code/amiexpress-web/web/backend/src/handlers/message/message-scan.handler.ts:465:5)
    at advanceConferenceScan (/Users/spot/Code/amiexpress-web/web/backend/src/handlers/message/message-scan.handler.ts:822:3)
    at performConferenceScan (/Users/spot/Code/amiexpress-web/web/backend/src/handlers/message/message-scan.handler.ts:885:3)
    at Object.<anonymous> (/Users/spot/Code/amiexpress-web/web/backend/tests/message-scan-parity.test.ts:388:5)
Session: {"subState":"display_menu","currentConf":1}
[2026-08-18T09:51:43.791Z] Error in display state handling: socket.on is not a function
Stack: TypeError: socket.on is not a function
    at on (/Users/spot/Code/amiexpress-web/web/backend/src/utils/ansi-buffer.util.ts:175:10)
    at getAnsiBuffer (/Users/spot/Code/amiexpress-web/web/backend/src/utils/ansi-buffer.util.ts:195:18)
    at emitText (/Users/spot/Code/amiexpress-web/web/backend/src/utils/ansi-buffer.util.ts:211:3)
    at emitPrompt (/Users/spot/Code/amiexpress-web/web/backend/src/utils/output.util.ts:54:19)
    at doPause (/Users/spot/Code/amiexpress-web/web/backend/src/handlers/screen.handler.ts:2942:13)
    at doPause (/Users/spot/Code/amiexpress-web/web/backend/src/handlers/command.handler.ts:957:11)
    at finishConferenceScan (/Users/spot/Code/amiexpress-web/web/backend/src/handlers/message/message-scan.handler.ts:465:5)
    at advanceConferenceScan (/Users/spot/Code/amiexpress-web/web/backend/src/handlers/message/message-scan.handler.ts:822:3)
    at performConferenceScan (/Users/spot/Code/amiexpress-web/web/backend/src/handlers/message/message-scan.handler.ts:885:3)
    at Object.<anonymous> (/Users/spot/Code/amiexpress-web/web/backend/tests/message-scan-parity.test.ts:415:5)
Session: {"subState":"display_menu","currentConf":1}
[2026-08-18T10:24:55.625Z] Error in display state handling: socket.on is not a function
Stack: TypeError: socket.on is not a function
    at on (/Users/spot/Code/amiexpress-web/web/backend/src/utils/ansi-buffer.util.ts:175:10)
    at getAnsiBuffer (/Users/spot/Code/amiexpress-web/web/backend/src/utils/ansi-buffer.util.ts:195:18)
    at emitText (/Users/spot/Code/amiexpress-web/web/backend/src/utils/ansi-buffer.util.ts:211:3)
    at emitPrompt (/Users/spot/Code/amiexpress-web/web/backend/src/utils/output.util.ts:54:19)
    at doPause (/Users/spot/Code/amiexpress-web/web/backend/src/handlers/screen.handler.ts:2942:13)
    at doPause (/Users/spot/Code/amiexpress-web/web/backend/src/handlers/command.handler.ts:957:11)
    at finishConferenceScan (/Users/spot/Code/amiexpress-web/web/backend/src/handlers/message/message-scan.handler.ts:465:5)
    at advanceConferenceScan (/Users/spot/Code/amiexpress-web/web/backend/src/handlers/message/message-scan.handler.ts:822:3)
    at performConferenceScan (/Users/spot/Code/amiexpress-web/web/backend/src/handlers/message/message-scan.handler.ts:885:3)
    at Object.<anonymous> (/Users/spot/Code/amiexpress-web/web/backend/tests/message-scan-parity.test.ts:215:5)
Session: {"subState":"display_menu","currentConf":1}
[2026-08-18T10:25:02.210Z] Error in display state handling: socket.on is not a function
Stack: TypeError: socket.on is not a function
    at on (/Users/spot/Code/amiexpress-web/web/backend/src/utils/ansi-buffer.util.ts:175:10)
    at getAnsiBuffer (/Users/spot/Code/amiexpress-web/web/backend/src/utils/ansi-buffer.util.ts:195:18)
    at emitText (/Users/spot/Code/amiexpress-web/web/backend/src/utils/ansi-buffer.util.ts:211:3)
    at emitPrompt (/Users/spot/Code/amiexpress-web/web/backend/src/utils/output.util.ts:54:19)
    at doPause (/Users/spot/Code/amiexpress-web/web/backend/src/handlers/screen.handler.ts:2942:13)
    at doPause (/Users/spot/Code/amiexpress-web/web/backend/src/handlers/command.handler.ts:957:11)
    at finishConferenceScan (/Users/spot/Code/amiexpress-web/web/backend/src/handlers/message/message-scan.handler.ts:465:5)
    at advanceConferenceScan (/Users/spot/Code/amiexpress-web/web/backend/src/handlers/message/message-scan.handler.ts:822:3)
    at performConferenceScan (/Users/spot/Code/amiexpress-web/web/backend/src/handlers/message/message-scan.handler.ts:885:3)
    at Object.<anonymous> (/Users/spot/Code/amiexpress-web/web/backend/tests/message-scan-parity.test.ts:361:5)
Session: {"subState":"display_menu","currentConf":1}
[2026-08-18T10:25:07.561Z] Error in display state handling: socket.on is not a function
Stack: TypeError: socket.on is not a function
    at on (/Users/spot/Code/amiexpress-web/web/backend/src/utils/ansi-buffer.util.ts:175:10)
    at getAnsiBuffer (/Users/spot/Code/amiexpress-web/web/backend/src/utils/ansi-buffer.util.ts:195:18)
    at emitText (/Users/spot/Code/amiexpress-web/web/backend/src/utils/ansi-buffer.util.ts:211:3)
    at emitPrompt (/Users/spot/Code/amiexpress-web/web/backend/src/utils/output.util.ts:54:19)
    at doPause (/Users/spot/Code/amiexpress-web/web/backend/src/handlers/screen.handler.ts:2942:13)
    at doPause (/Users/spot/Code/amiexpress-web/web/backend/src/handlers/command.handler.ts:957:11)
    at finishConferenceScan (/Users/spot/Code/amiexpress-web/web/backend/src/handlers/message/message-scan.handler.ts:465:5)
    at advanceConferenceScan (/Users/spot/Code/amiexpress-web/web/backend/src/handlers/message/message-scan.handler.ts:822:3)
    at performConferenceScan (/Users/spot/Code/amiexpress-web/web/backend/src/handlers/message/message-scan.handler.ts:885:3)
    at Object.<anonymous> (/Users/spot/Code/amiexpress-web/web/backend/tests/message-scan-parity.test.ts:388:5)
Session: {"subState":"display_menu","currentConf":1}
[2026-08-18T10:25:20.078Z] Error in display state handling: socket.on is not a function
Stack: TypeError: socket.on is not a function
    at on (/Users/spot/Code/amiexpress-web/web/backend/src/utils/ansi-buffer.util.ts:175:10)
    at getAnsiBuffer (/Users/spot/Code/amiexpress-web/web/backend/src/utils/ansi-buffer.util.ts:195:18)
    at emitText (/Users/spot/Code/amiexpress-web/web/backend/src/utils/ansi-buffer.util.ts:211:3)
    at emitPrompt (/Users/spot/Code/amiexpress-web/web/backend/src/utils/output.util.ts:54:19)
    at doPause (/Users/spot/Code/amiexpress-web/web/backend/src/handlers/screen.handler.ts:2942:13)
    at doPause (/Users/spot/Code/amiexpress-web/web/backend/src/handlers/command.handler.ts:957:11)
    at finishConferenceScan (/Users/spot/Code/amiexpress-web/web/backend/src/handlers/message/message-scan.handler.ts:465:5)
    at advanceConferenceScan (/Users/spot/Code/amiexpress-web/web/backend/src/handlers/message/message-scan.handler.ts:822:3)
    at performConferenceScan (/Users/spot/Code/amiexpress-web/web/backend/src/handlers/message/message-scan.handler.ts:885:3)
    at Object.<anonymous> (/Users/spot/Code/amiexpress-web/web/backend/tests/message-scan-parity.test.ts:415:5)
Session: {"subState":"display_menu","currentConf":1}
[2026-08-18T10:27:45.653Z] Error in display state handling: socket.on is not a function
Stack: TypeError: socket.on is not a function
    at on (/Users/spot/Code/amiexpress-web/web/backend/src/utils/ansi-buffer.util.ts:175:10)
    at getAnsiBuffer (/Users/spot/Code/amiexpress-web/web/backend/src/utils/ansi-buffer.util.ts:195:18)
    at emitText (/Users/spot/Code/amiexpress-web/web/backend/src/utils/ansi-buffer.util.ts:211:3)
    at emitPrompt (/Users/spot/Code/amiexpress-web/web/backend/src/utils/output.util.ts:54:19)
    at doPause (/Users/spot/Code/amiexpress-web/web/backend/src/handlers/screen.handler.ts:2942:13)
    at doPause (/Users/spot/Code/amiexpress-web/web/backend/src/handlers/command.handler.ts:957:11)
    at finishConferenceScan (/Users/spot/Code/amiexpress-web/web/backend/src/handlers/message/message-scan.handler.ts:465:5)
    at advanceConferenceScan (/Users/spot/Code/amiexpress-web/web/backend/src/handlers/message/message-scan.handler.ts:822:3)
    at performConferenceScan (/Users/spot/Code/amiexpress-web/web/backend/src/handlers/message/message-scan.handler.ts:885:3)
    at Object.<anonymous> (/Users/spot/Code/amiexpress-web/web/backend/tests/message-scan-parity.test.ts:215:5)
Session: {"subState":"display_menu","currentConf":1}
[2026-08-18T10:27:47.775Z] Error in display state handling: socket.on is not a function
Stack: TypeError: socket.on is not a function
    at on (/Users/spot/Code/amiexpress-web/web/backend/src/utils/ansi-buffer.util.ts:175:10)
    at getAnsiBuffer (/Users/spot/Code/amiexpress-web/web/backend/src/utils/ansi-buffer.util.ts:195:18)
    at emitText (/Users/spot/Code/amiexpress-web/web/backend/src/utils/ansi-buffer.util.ts:211:3)
    at emitPrompt (/Users/spot/Code/amiexpress-web/web/backend/src/utils/output.util.ts:54:19)
    at doPause (/Users/spot/Code/amiexpress-web/web/backend/src/handlers/screen.handler.ts:2942:13)
    at doPause (/Users/spot/Code/amiexpress-web/web/backend/src/handlers/command.handler.ts:957:11)
    at finishConferenceScan (/Users/spot/Code/amiexpress-web/web/backend/src/handlers/message/message-scan.handler.ts:465:5)
    at advanceConferenceScan (/Users/spot/Code/amiexpress-web/web/backend/src/handlers/message/message-scan.handler.ts:822:3)
    at performConferenceScan (/Users/spot/Code/amiexpress-web/web/backend/src/handlers/message/message-scan.handler.ts:885:3)
    at Object.<anonymous> (/Users/spot/Code/amiexpress-web/web/backend/tests/message-scan-parity.test.ts:361:5)
Session: {"subState":"display_menu","currentConf":1}
[2026-08-18T10:27:49.030Z] Error in display state handling: socket.on is not a function
Stack: TypeError: socket.on is not a function
    at on (/Users/spot/Code/amiexpress-web/web/backend/src/utils/ansi-buffer.util.ts:175:10)
    at getAnsiBuffer (/Users/spot/Code/amiexpress-web/web/backend/src/utils/ansi-buffer.util.ts:195:18)
    at emitText (/Users/spot/Code/amiexpress-web/web/backend/src/utils/ansi-buffer.util.ts:211:3)
    at emitPrompt (/Users/spot/Code/amiexpress-web/web/backend/src/utils/output.util.ts:54:19)
    at doPause (/Users/spot/Code/amiexpress-web/web/backend/src/handlers/screen.handler.ts:2942:13)
    at doPause (/Users/spot/Code/amiexpress-web/web/backend/src/handlers/command.handler.ts:957:11)
    at finishConferenceScan (/Users/spot/Code/amiexpress-web/web/backend/src/handlers/message/message-scan.handler.ts:465:5)
    at advanceConferenceScan (/Users/spot/Code/amiexpress-web/web/backend/src/handlers/message/message-scan.handler.ts:822:3)
    at performConferenceScan (/Users/spot/Code/amiexpress-web/web/backend/src/handlers/message/message-scan.handler.ts:885:3)
    at Object.<anonymous> (/Users/spot/Code/amiexpress-web/web/backend/tests/message-scan-parity.test.ts:388:5)
Session: {"subState":"display_menu","currentConf":1}
[2026-08-18T10:27:50.323Z] Error in display state handling: socket.on is not a function
Stack: TypeError: socket.on is not a function
    at on (/Users/spot/Code/amiexpress-web/web/backend/src/utils/ansi-buffer.util.ts:175:10)
    at getAnsiBuffer (/Users/spot/Code/amiexpress-web/web/backend/src/utils/ansi-buffer.util.ts:195:18)
    at emitText (/Users/spot/Code/amiexpress-web/web/backend/src/utils/ansi-buffer.util.ts:211:3)
    at emitPrompt (/Users/spot/Code/amiexpress-web/web/backend/src/utils/output.util.ts:54:19)
    at doPause (/Users/spot/Code/amiexpress-web/web/backend/src/handlers/screen.handler.ts:2942:13)
    at doPause (/Users/spot/Code/amiexpress-web/web/backend/src/handlers/command.handler.ts:957:11)
    at finishConferenceScan (/Users/spot/Code/amiexpress-web/web/backend/src/handlers/message/message-scan.handler.ts:465:5)
    at advanceConferenceScan (/Users/spot/Code/amiexpress-web/web/backend/src/handlers/message/message-scan.handler.ts:822:3)
    at performConferenceScan (/Users/spot/Code/amiexpress-web/web/backend/src/handlers/message/message-scan.handler.ts:885:3)
    at Object.<anonymous> (/Users/spot/Code/amiexpress-web/web/backend/tests/message-scan-parity.test.ts:415:5)
Session: {"subState":"display_menu","currentConf":1}
[2026-08-18T10:30:39.744Z] Error in display state handling: socket.on is not a function
Stack: TypeError: socket.on is not a function
    at on (/Users/spot/Code/amiexpress-web/web/backend/src/utils/ansi-buffer.util.ts:175:10)
    at getAnsiBuffer (/Users/spot/Code/amiexpress-web/web/backend/src/utils/ansi-buffer.util.ts:195:18)
    at emitText (/Users/spot/Code/amiexpress-web/web/backend/src/utils/ansi-buffer.util.ts:211:3)
    at emitPrompt (/Users/spot/Code/amiexpress-web/web/backend/src/utils/output.util.ts:54:19)
    at doPause (/Users/spot/Code/amiexpress-web/web/backend/src/handlers/screen.handler.ts:2942:13)
    at doPause (/Users/spot/Code/amiexpress-web/web/backend/src/handlers/command.handler.ts:957:11)
    at finishConferenceScan (/Users/spot/Code/amiexpress-web/web/backend/src/handlers/message/message-scan.handler.ts:465:5)
    at advanceConferenceScan (/Users/spot/Code/amiexpress-web/web/backend/src/handlers/message/message-scan.handler.ts:822:3)
    at performConferenceScan (/Users/spot/Code/amiexpress-web/web/backend/src/handlers/message/message-scan.handler.ts:885:3)
    at Object.<anonymous> (/Users/spot/Code/amiexpress-web/web/backend/tests/message-scan-parity.test.ts:215:5)
Session: {"subState":"display_menu","currentConf":1}
[2026-08-18T10:30:41.073Z] Error in display state handling: socket.on is not a function
Stack: TypeError: socket.on is not a function
    at on (/Users/spot/Code/amiexpress-web/web/backend/src/utils/ansi-buffer.util.ts:175:10)
    at getAnsiBuffer (/Users/spot/Code/amiexpress-web/web/backend/src/utils/ansi-buffer.util.ts:195:18)
    at emitText (/Users/spot/Code/amiexpress-web/web/backend/src/utils/ansi-buffer.util.ts:211:3)
    at emitPrompt (/Users/spot/Code/amiexpress-web/web/backend/src/utils/output.util.ts:54:19)
    at doPause (/Users/spot/Code/amiexpress-web/web/backend/src/handlers/screen.handler.ts:2942:13)
    at doPause (/Users/spot/Code/amiexpress-web/web/backend/src/handlers/command.handler.ts:957:11)
    at finishConferenceScan (/Users/spot/Code/amiexpress-web/web/backend/src/handlers/message/message-scan.handler.ts:465:5)
    at advanceConferenceScan (/Users/spot/Code/amiexpress-web/web/backend/src/handlers/message/message-scan.handler.ts:822:3)
    at performConferenceScan (/Users/spot/Code/amiexpress-web/web/backend/src/handlers/message/message-scan.handler.ts:885:3)
    at Object.<anonymous> (/Users/spot/Code/amiexpress-web/web/backend/tests/message-scan-parity.test.ts:361:5)
Session: {"subState":"display_menu","currentConf":1}
[2026-08-18T10:30:42.093Z] Error in display state handling: socket.on is not a function
Stack: TypeError: socket.on is not a function
    at on (/Users/spot/Code/amiexpress-web/web/backend/src/utils/ansi-buffer.util.ts:175:10)
    at getAnsiBuffer (/Users/spot/Code/amiexpress-web/web/backend/src/utils/ansi-buffer.util.ts:195:18)
    at emitText (/Users/spot/Code/amiexpress-web/web/backend/src/utils/ansi-buffer.util.ts:211:3)
    at emitPrompt (/Users/spot/Code/amiexpress-web/web/backend/src/utils/output.util.ts:54:19)
    at doPause (/Users/spot/Code/amiexpress-web/web/backend/src/handlers/screen.handler.ts:2942:13)
    at doPause (/Users/spot/Code/amiexpress-web/web/backend/src/handlers/command.handler.ts:957:11)
    at finishConferenceScan (/Users/spot/Code/amiexpress-web/web/backend/src/handlers/message/message-scan.handler.ts:465:5)
    at advanceConferenceScan (/Users/spot/Code/amiexpress-web/web/backend/src/handlers/message/message-scan.handler.ts:822:3)
    at performConferenceScan (/Users/spot/Code/amiexpress-web/web/backend/src/handlers/message/message-scan.handler.ts:885:3)
    at Object.<anonymous> (/Users/spot/Code/amiexpress-web/web/backend/tests/message-scan-parity.test.ts:388:5)
Session: {"subState":"display_menu","currentConf":1}
[2026-08-18T10:30:42.654Z] Error in display state handling: socket.on is not a function
Stack: TypeError: socket.on is not a function
    at on (/Users/spot/Code/amiexpress-web/web/backend/src/utils/ansi-buffer.util.ts:175:10)
    at getAnsiBuffer (/Users/spot/Code/amiexpress-web/web/backend/src/utils/ansi-buffer.util.ts:195:18)
    at emitText (/Users/spot/Code/amiexpress-web/web/backend/src/utils/ansi-buffer.util.ts:211:3)
    at emitPrompt (/Users/spot/Code/amiexpress-web/web/backend/src/utils/output.util.ts:54:19)
    at doPause (/Users/spot/Code/amiexpress-web/web/backend/src/handlers/screen.handler.ts:2942:13)
    at doPause (/Users/spot/Code/amiexpress-web/web/backend/src/handlers/command.handler.ts:957:11)
    at finishConferenceScan (/Users/spot/Code/amiexpress-web/web/backend/src/handlers/message/message-scan.handler.ts:465:5)
    at advanceConferenceScan (/Users/spot/Code/amiexpress-web/web/backend/src/handlers/message/message-scan.handler.ts:822:3)
    at performConferenceScan (/Users/spot/Code/amiexpress-web/web/backend/src/handlers/message/message-scan.handler.ts:885:3)
    at Object.<anonymous> (/Users/spot/Code/amiexpress-web/web/backend/tests/message-scan-parity.test.ts:415:5)
Session: {"subState":"display_menu","currentConf":1}
[2026-08-18T10:33:46.583Z] Error in display state handling: socket.on is not a function
Stack: TypeError: socket.on is not a function
    at on (/Users/spot/Code/amiexpress-web/web/backend/src/utils/ansi-buffer.util.ts:175:10)
    at getAnsiBuffer (/Users/spot/Code/amiexpress-web/web/backend/src/utils/ansi-buffer.util.ts:195:18)
    at emitText (/Users/spot/Code/amiexpress-web/web/backend/src/utils/ansi-buffer.util.ts:211:3)
    at emitPrompt (/Users/spot/Code/amiexpress-web/web/backend/src/utils/output.util.ts:54:19)
    at doPause (/Users/spot/Code/amiexpress-web/web/backend/src/handlers/screen.handler.ts:2942:13)
    at doPause (/Users/spot/Code/amiexpress-web/web/backend/src/handlers/command.handler.ts:957:11)
    at finishConferenceScan (/Users/spot/Code/amiexpress-web/web/backend/src/handlers/message/message-scan.handler.ts:465:5)
    at advanceConferenceScan (/Users/spot/Code/amiexpress-web/web/backend/src/handlers/message/message-scan.handler.ts:822:3)
    at performConferenceScan (/Users/spot/Code/amiexpress-web/web/backend/src/handlers/message/message-scan.handler.ts:885:3)
    at Object.<anonymous> (/Users/spot/Code/amiexpress-web/web/backend/tests/message-scan-parity.test.ts:215:5)
Session: {"subState":"display_menu","currentConf":1}
[2026-08-18T10:33:48.692Z] Error in display state handling: socket.on is not a function
Stack: TypeError: socket.on is not a function
    at on (/Users/spot/Code/amiexpress-web/web/backend/src/utils/ansi-buffer.util.ts:175:10)
    at getAnsiBuffer (/Users/spot/Code/amiexpress-web/web/backend/src/utils/ansi-buffer.util.ts:195:18)
    at emitText (/Users/spot/Code/amiexpress-web/web/backend/src/utils/ansi-buffer.util.ts:211:3)
    at emitPrompt (/Users/spot/Code/amiexpress-web/web/backend/src/utils/output.util.ts:54:19)
    at doPause (/Users/spot/Code/amiexpress-web/web/backend/src/handlers/screen.handler.ts:2942:13)
    at doPause (/Users/spot/Code/amiexpress-web/web/backend/src/handlers/command.handler.ts:957:11)
    at finishConferenceScan (/Users/spot/Code/amiexpress-web/web/backend/src/handlers/message/message-scan.handler.ts:465:5)
    at advanceConferenceScan (/Users/spot/Code/amiexpress-web/web/backend/src/handlers/message/message-scan.handler.ts:822:3)
    at performConferenceScan (/Users/spot/Code/amiexpress-web/web/backend/src/handlers/message/message-scan.handler.ts:885:3)
    at Object.<anonymous> (/Users/spot/Code/amiexpress-web/web/backend/tests/message-scan-parity.test.ts:361:5)
Session: {"subState":"display_menu","currentConf":1}
[2026-08-18T10:33:49.358Z] Error in display state handling: socket.on is not a function
Stack: TypeError: socket.on is not a function
    at on (/Users/spot/Code/amiexpress-web/web/backend/src/utils/ansi-buffer.util.ts:175:10)
    at getAnsiBuffer (/Users/spot/Code/amiexpress-web/web/backend/src/utils/ansi-buffer.util.ts:195:18)
    at emitText (/Users/spot/Code/amiexpress-web/web/backend/src/utils/ansi-buffer.util.ts:211:3)
    at emitPrompt (/Users/spot/Code/amiexpress-web/web/backend/src/utils/output.util.ts:54:19)
    at doPause (/Users/spot/Code/amiexpress-web/web/backend/src/handlers/screen.handler.ts:2942:13)
    at doPause (/Users/spot/Code/amiexpress-web/web/backend/src/handlers/command.handler.ts:957:11)
    at finishConferenceScan (/Users/spot/Code/amiexpress-web/web/backend/src/handlers/message/message-scan.handler.ts:465:5)
    at advanceConferenceScan (/Users/spot/Code/amiexpress-web/web/backend/src/handlers/message/message-scan.handler.ts:822:3)
    at performConferenceScan (/Users/spot/Code/amiexpress-web/web/backend/src/handlers/message/message-scan.handler.ts:885:3)
    at Object.<anonymous> (/Users/spot/Code/amiexpress-web/web/backend/tests/message-scan-parity.test.ts:388:5)
Session: {"subState":"display_menu","currentConf":1}
[2026-08-18T10:33:49.943Z] Error in display state handling: socket.on is not a function
Stack: TypeError: socket.on is not a function
    at on (/Users/spot/Code/amiexpress-web/web/backend/src/utils/ansi-buffer.util.ts:175:10)
    at getAnsiBuffer (/Users/spot/Code/amiexpress-web/web/backend/src/utils/ansi-buffer.util.ts:195:18)
    at emitText (/Users/spot/Code/amiexpress-web/web/backend/src/utils/ansi-buffer.util.ts:211:3)
    at emitPrompt (/Users/spot/Code/amiexpress-web/web/backend/src/utils/output.util.ts:54:19)
    at doPause (/Users/spot/Code/amiexpress-web/web/backend/src/handlers/screen.handler.ts:2942:13)
    at doPause (/Users/spot/Code/amiexpress-web/web/backend/src/handlers/command.handler.ts:957:11)
    at finishConferenceScan (/Users/spot/Code/amiexpress-web/web/backend/src/handlers/message/message-scan.handler.ts:465:5)
    at advanceConferenceScan (/Users/spot/Code/amiexpress-web/web/backend/src/handlers/message/message-scan.handler.ts:822:3)
    at performConferenceScan (/Users/spot/Code/amiexpress-web/web/backend/src/handlers/message/message-scan.handler.ts:885:3)
    at Object.<anonymous> (/Users/spot/Code/amiexpress-web/web/backend/tests/message-scan-parity.test.ts:415:5)
Session: {"subState":"display_menu","currentConf":1}
[2026-08-19T05:42:45.422Z] Error in display state handling: socket.on is not a function
Stack: TypeError: socket.on is not a function
    at on (/Users/spot/Code/amiexpress-web/web/backend/src/utils/ansi-buffer.util.ts:175:10)
    at getAnsiBuffer (/Users/spot/Code/amiexpress-web/web/backend/src/utils/ansi-buffer.util.ts:195:18)
    at emitText (/Users/spot/Code/amiexpress-web/web/backend/src/utils/ansi-buffer.util.ts:211:3)
    at emitPrompt (/Users/spot/Code/amiexpress-web/web/backend/src/utils/output.util.ts:54:19)
    at doPause (/Users/spot/Code/amiexpress-web/web/backend/src/handlers/screen.handler.ts:2942:13)
    at doPause (/Users/spot/Code/amiexpress-web/web/backend/src/handlers/command.handler.ts:957:11)
    at finishConferenceScan (/Users/spot/Code/amiexpress-web/web/backend/src/handlers/message/message-scan.handler.ts:465:5)
    at advanceConferenceScan (/Users/spot/Code/amiexpress-web/web/backend/src/handlers/message/message-scan.handler.ts:822:3)
    at performConferenceScan (/Users/spot/Code/amiexpress-web/web/backend/src/handlers/message/message-scan.handler.ts:885:3)
    at Object.<anonymous> (/Users/spot/Code/amiexpress-web/web/backend/tests/message-scan-parity.test.ts:215:5)
Session: {"subState":"display_menu","currentConf":1}
[2026-08-19T05:42:48.018Z] Error in display state handling: socket.on is not a function
Stack: TypeError: socket.on is not a function
    at on (/Users/spot/Code/amiexpress-web/web/backend/src/utils/ansi-buffer.util.ts:175:10)
    at getAnsiBuffer (/Users/spot/Code/amiexpress-web/web/backend/src/utils/ansi-buffer.util.ts:195:18)
    at emitText (/Users/spot/Code/amiexpress-web/web/backend/src/utils/ansi-buffer.util.ts:211:3)
    at emitPrompt (/Users/spot/Code/amiexpress-web/web/backend/src/utils/output.util.ts:54:19)
    at doPause (/Users/spot/Code/amiexpress-web/web/backend/src/handlers/screen.handler.ts:2942:13)
    at doPause (/Users/spot/Code/amiexpress-web/web/backend/src/handlers/command.handler.ts:957:11)
    at finishConferenceScan (/Users/spot/Code/amiexpress-web/web/backend/src/handlers/message/message-scan.handler.ts:465:5)
    at advanceConferenceScan (/Users/spot/Code/amiexpress-web/web/backend/src/handlers/message/message-scan.handler.ts:822:3)
    at performConferenceScan (/Users/spot/Code/amiexpress-web/web/backend/src/handlers/message/message-scan.handler.ts:885:3)
    at Object.<anonymous> (/Users/spot/Code/amiexpress-web/web/backend/tests/message-scan-parity.test.ts:361:5)
Session: {"subState":"display_menu","currentConf":1}
[2026-08-19T05:42:49.101Z] Error in display state handling: socket.on is not a function
Stack: TypeError: socket.on is not a function
    at on (/Users/spot/Code/amiexpress-web/web/backend/src/utils/ansi-buffer.util.ts:175:10)
    at getAnsiBuffer (/Users/spot/Code/amiexpress-web/web/backend/src/utils/ansi-buffer.util.ts:195:18)
    at emitText (/Users/spot/Code/amiexpress-web/web/backend/src/utils/ansi-buffer.util.ts:211:3)
    at emitPrompt (/Users/spot/Code/amiexpress-web/web/backend/src/utils/output.util.ts:54:19)
    at doPause (/Users/spot/Code/amiexpress-web/web/backend/src/handlers/screen.handler.ts:2942:13)
    at doPause (/Users/spot/Code/amiexpress-web/web/backend/src/handlers/command.handler.ts:957:11)
    at finishConferenceScan (/Users/spot/Code/amiexpress-web/web/backend/src/handlers/message/message-scan.handler.ts:465:5)
    at advanceConferenceScan (/Users/spot/Code/amiexpress-web/web/backend/src/handlers/message/message-scan.handler.ts:822:3)
    at performConferenceScan (/Users/spot/Code/amiexpress-web/web/backend/src/handlers/message/message-scan.handler.ts:885:3)
    at Object.<anonymous> (/Users/spot/Code/amiexpress-web/web/backend/tests/message-scan-parity.test.ts:388:5)
Session: {"subState":"display_menu","currentConf":1}
[2026-08-19T05:42:50.036Z] Error in display state handling: socket.on is not a function
Stack: TypeError: socket.on is not a function
    at on (/Users/spot/Code/amiexpress-web/web/backend/src/utils/ansi-buffer.util.ts:175:10)
    at getAnsiBuffer (/Users/spot/Code/amiexpress-web/web/backend/src/utils/ansi-buffer.util.ts:195:18)
    at emitText (/Users/spot/Code/amiexpress-web/web/backend/src/utils/ansi-buffer.util.ts:211:3)
    at emitPrompt (/Users/spot/Code/amiexpress-web/web/backend/src/utils/output.util.ts:54:19)
    at doPause (/Users/spot/Code/amiexpress-web/web/backend/src/handlers/screen.handler.ts:2942:13)
    at doPause (/Users/spot/Code/amiexpress-web/web/backend/src/handlers/command.handler.ts:957:11)
    at finishConferenceScan (/Users/spot/Code/amiexpress-web/web/backend/src/handlers/message/message-scan.handler.ts:465:5)
    at advanceConferenceScan (/Users/spot/Code/amiexpress-web/web/backend/src/handlers/message/message-scan.handler.ts:822:3)
    at performConferenceScan (/Users/spot/Code/amiexpress-web/web/backend/src/handlers/message/message-scan.handler.ts:885:3)
    at Object.<anonymous> (/Users/spot/Code/amiexpress-web/web/backend/tests/message-scan-parity.test.ts:415:5)
Session: {"subState":"display_menu","currentConf":1}
[2026-08-19T07:20:00.982Z] Error in display state handling: socket.on is not a function
Stack: TypeError: socket.on is not a function
    at on (/Users/spot/Code/amiexpress-web/web/backend/src/utils/ansi-buffer.util.ts:175:10)
    at getAnsiBuffer (/Users/spot/Code/amiexpress-web/web/backend/src/utils/ansi-buffer.util.ts:195:18)
    at emitText (/Users/spot/Code/amiexpress-web/web/backend/src/utils/ansi-buffer.util.ts:211:3)
    at emitPrompt (/Users/spot/Code/amiexpress-web/web/backend/src/utils/output.util.ts:54:19)
    at doPause (/Users/spot/Code/amiexpress-web/web/backend/src/handlers/screen.handler.ts:2942:13)
    at doPause (/Users/spot/Code/amiexpress-web/web/backend/src/handlers/command.handler.ts:957:11)
    at finishConferenceScan (/Users/spot/Code/amiexpress-web/web/backend/src/handlers/message/message-scan.handler.ts:465:5)
    at advanceConferenceScan (/Users/spot/Code/amiexpress-web/web/backend/src/handlers/message/message-scan.handler.ts:822:3)
    at performConferenceScan (/Users/spot/Code/amiexpress-web/web/backend/src/handlers/message/message-scan.handler.ts:885:3)
    at Object.<anonymous> (/Users/spot/Code/amiexpress-web/web/backend/tests/message-scan-parity.test.ts:215:5)
Session: {"subState":"display_menu","currentConf":1}
[2026-08-19T07:20:02.688Z] Error in display state handling: socket.on is not a function
Stack: TypeError: socket.on is not a function
    at on (/Users/spot/Code/amiexpress-web/web/backend/src/utils/ansi-buffer.util.ts:175:10)
    at getAnsiBuffer (/Users/spot/Code/amiexpress-web/web/backend/src/utils/ansi-buffer.util.ts:195:18)
    at emitText (/Users/spot/Code/amiexpress-web/web/backend/src/utils/ansi-buffer.util.ts:211:3)
    at emitPrompt (/Users/spot/Code/amiexpress-web/web/backend/src/utils/output.util.ts:54:19)
    at doPause (/Users/spot/Code/amiexpress-web/web/backend/src/handlers/screen.handler.ts:2942:13)
    at doPause (/Users/spot/Code/amiexpress-web/web/backend/src/handlers/command.handler.ts:957:11)
    at finishConferenceScan (/Users/spot/Code/amiexpress-web/web/backend/src/handlers/message/message-scan.handler.ts:465:5)
    at advanceConferenceScan (/Users/spot/Code/amiexpress-web/web/backend/src/handlers/message/message-scan.handler.ts:822:3)
    at performConferenceScan (/Users/spot/Code/amiexpress-web/web/backend/src/handlers/message/message-scan.handler.ts:885:3)
    at Object.<anonymous> (/Users/spot/Code/amiexpress-web/web/backend/tests/message-scan-parity.test.ts:361:5)
Session: {"subState":"display_menu","currentConf":1}
[2026-08-19T07:20:03.720Z] Error in display state handling: socket.on is not a function
Stack: TypeError: socket.on is not a function
    at on (/Users/spot/Code/amiexpress-web/web/backend/src/utils/ansi-buffer.util.ts:175:10)
    at getAnsiBuffer (/Users/spot/Code/amiexpress-web/web/backend/src/utils/ansi-buffer.util.ts:195:18)
    at emitText (/Users/spot/Code/amiexpress-web/web/backend/src/utils/ansi-buffer.util.ts:211:3)
    at emitPrompt (/Users/spot/Code/amiexpress-web/web/backend/src/utils/output.util.ts:54:19)
    at doPause (/Users/spot/Code/amiexpress-web/web/backend/src/handlers/screen.handler.ts:2942:13)
    at doPause (/Users/spot/Code/amiexpress-web/web/backend/src/handlers/command.handler.ts:957:11)
    at finishConferenceScan (/Users/spot/Code/amiexpress-web/web/backend/src/handlers/message/message-scan.handler.ts:465:5)
    at advanceConferenceScan (/Users/spot/Code/amiexpress-web/web/backend/src/handlers/message/message-scan.handler.ts:822:3)
    at performConferenceScan (/Users/spot/Code/amiexpress-web/web/backend/src/handlers/message/message-scan.handler.ts:885:3)
    at Object.<anonymous> (/Users/spot/Code/amiexpress-web/web/backend/tests/message-scan-parity.test.ts:388:5)
Session: {"subState":"display_menu","currentConf":1}
[2026-08-19T07:20:05.438Z] Error in display state handling: socket.on is not a function
Stack: TypeError: socket.on is not a function
    at on (/Users/spot/Code/amiexpress-web/web/backend/src/utils/ansi-buffer.util.ts:175:10)
    at getAnsiBuffer (/Users/spot/Code/amiexpress-web/web/backend/src/utils/ansi-buffer.util.ts:195:18)
    at emitText (/Users/spot/Code/amiexpress-web/web/backend/src/utils/ansi-buffer.util.ts:211:3)
    at emitPrompt (/Users/spot/Code/amiexpress-web/web/backend/src/utils/output.util.ts:54:19)
    at doPause (/Users/spot/Code/amiexpress-web/web/backend/src/handlers/screen.handler.ts:2942:13)
    at doPause (/Users/spot/Code/amiexpress-web/web/backend/src/handlers/command.handler.ts:957:11)
    at finishConferenceScan (/Users/spot/Code/amiexpress-web/web/backend/src/handlers/message/message-scan.handler.ts:465:5)
    at advanceConferenceScan (/Users/spot/Code/amiexpress-web/web/backend/src/handlers/message/message-scan.handler.ts:822:3)
    at performConferenceScan (/Users/spot/Code/amiexpress-web/web/backend/src/handlers/message/message-scan.handler.ts:885:3)
    at Object.<anonymous> (/Users/spot/Code/amiexpress-web/web/backend/tests/message-scan-parity.test.ts:415:5)
Session: {"subState":"display_menu","currentConf":1}
[2026-08-19T09:22:21.933Z] Error in display state handling: socket.on is not a function
Stack: TypeError: socket.on is not a function
    at on (/Users/spot/Code/amiexpress-web/web/backend/src/utils/ansi-buffer.util.ts:175:10)
    at getAnsiBuffer (/Users/spot/Code/amiexpress-web/web/backend/src/utils/ansi-buffer.util.ts:195:18)
    at emitText (/Users/spot/Code/amiexpress-web/web/backend/src/utils/ansi-buffer.util.ts:211:3)
    at emitPrompt (/Users/spot/Code/amiexpress-web/web/backend/src/utils/output.util.ts:54:19)
    at doPause (/Users/spot/Code/amiexpress-web/web/backend/src/handlers/screen.handler.ts:2942:13)
    at doPause (/Users/spot/Code/amiexpress-web/web/backend/src/handlers/command.handler.ts:957:11)
    at finishConferenceScan (/Users/spot/Code/amiexpress-web/web/backend/src/handlers/message/message-scan.handler.ts:465:5)
    at advanceConferenceScan (/Users/spot/Code/amiexpress-web/web/backend/src/handlers/message/message-scan.handler.ts:822:3)
    at performConferenceScan (/Users/spot/Code/amiexpress-web/web/backend/src/handlers/message/message-scan.handler.ts:885:3)
    at Object.<anonymous> (/Users/spot/Code/amiexpress-web/web/backend/tests/message-scan-parity.test.ts:215:5)
Session: {"subState":"display_menu","currentConf":1}
[2026-08-19T09:22:56.311Z] Error in display state handling: socket.on is not a function
Stack: TypeError: socket.on is not a function
    at on (/Users/spot/Code/amiexpress-web/web/backend/src/utils/ansi-buffer.util.ts:175:10)
    at getAnsiBuffer (/Users/spot/Code/amiexpress-web/web/backend/src/utils/ansi-buffer.util.ts:195:18)
    at emitText (/Users/spot/Code/amiexpress-web/web/backend/src/utils/ansi-buffer.util.ts:211:3)
    at emitPrompt (/Users/spot/Code/amiexpress-web/web/backend/src/utils/output.util.ts:54:19)
    at doPause (/Users/spot/Code/amiexpress-web/web/backend/src/handlers/screen.handler.ts:2942:13)
    at doPause (/Users/spot/Code/amiexpress-web/web/backend/src/handlers/command.handler.ts:957:11)
    at finishConferenceScan (/Users/spot/Code/amiexpress-web/web/backend/src/handlers/message/message-scan.handler.ts:465:5)
    at advanceConferenceScan (/Users/spot/Code/amiexpress-web/web/backend/src/handlers/message/message-scan.handler.ts:822:3)
    at performConferenceScan (/Users/spot/Code/amiexpress-web/web/backend/src/handlers/message/message-scan.handler.ts:885:3)
    at Object.<anonymous> (/Users/spot/Code/amiexpress-web/web/backend/tests/message-scan-parity.test.ts:361:5)
Session: {"subState":"display_menu","currentConf":1}
[2026-08-19T09:23:10.993Z] Error in display state handling: socket.on is not a function
Stack: TypeError: socket.on is not a function
    at on (/Users/spot/Code/amiexpress-web/web/backend/src/utils/ansi-buffer.util.ts:175:10)
    at getAnsiBuffer (/Users/spot/Code/amiexpress-web/web/backend/src/utils/ansi-buffer.util.ts:195:18)
    at emitText (/Users/spot/Code/amiexpress-web/web/backend/src/utils/ansi-buffer.util.ts:211:3)
    at emitPrompt (/Users/spot/Code/amiexpress-web/web/backend/src/utils/output.util.ts:54:19)
    at doPause (/Users/spot/Code/amiexpress-web/web/backend/src/handlers/screen.handler.ts:2942:13)
    at doPause (/Users/spot/Code/amiexpress-web/web/backend/src/handlers/command.handler.ts:957:11)
    at finishConferenceScan (/Users/spot/Code/amiexpress-web/web/backend/src/handlers/message/message-scan.handler.ts:465:5)
    at advanceConferenceScan (/Users/spot/Code/amiexpress-web/web/backend/src/handlers/message/message-scan.handler.ts:822:3)
    at performConferenceScan (/Users/spot/Code/amiexpress-web/web/backend/src/handlers/message/message-scan.handler.ts:885:3)
    at Object.<anonymous> (/Users/spot/Code/amiexpress-web/web/backend/tests/message-scan-parity.test.ts:388:5)
Session: {"subState":"display_menu","currentConf":1}
[2026-08-19T09:23:28.128Z] Error in display state handling: socket.on is not a function
Stack: TypeError: socket.on is not a function
    at on (/Users/spot/Code/amiexpress-web/web/backend/src/utils/ansi-buffer.util.ts:175:10)
    at getAnsiBuffer (/Users/spot/Code/amiexpress-web/web/backend/src/utils/ansi-buffer.util.ts:195:18)
    at emitText (/Users/spot/Code/amiexpress-web/web/backend/src/utils/ansi-buffer.util.ts:211:3)
    at emitPrompt (/Users/spot/Code/amiexpress-web/web/backend/src/utils/output.util.ts:54:19)
    at doPause (/Users/spot/Code/amiexpress-web/web/backend/src/handlers/screen.handler.ts:2942:13)
    at doPause (/Users/spot/Code/amiexpress-web/web/backend/src/handlers/command.handler.ts:957:11)
    at finishConferenceScan (/Users/spot/Code/amiexpress-web/web/backend/src/handlers/message/message-scan.handler.ts:465:5)
    at advanceConferenceScan (/Users/spot/Code/amiexpress-web/web/backend/src/handlers/message/message-scan.handler.ts:822:3)
    at performConferenceScan (/Users/spot/Code/amiexpress-web/web/backend/src/handlers/message/message-scan.handler.ts:885:3)
    at Object.<anonymous> (/Users/spot/Code/amiexpress-web/web/backend/tests/message-scan-parity.test.ts:415:5)
Session: {"subState":"display_menu","currentConf":1}
[2026-08-19T09:30:26.525Z] Error in display state handling: socket.on is not a function
Stack: TypeError: socket.on is not a function
    at getAnsiBuffer (/Users/spot/Code/amiexpress-web/web/backend/src/utils/ansi-buffer.util.ts:175:10)
    at emitText (/Users/spot/Code/amiexpress-web/web/backend/src/utils/ansi-buffer.util.ts:195:18)
    at emitPrompt (/Users/spot/Code/amiexpress-web/web/backend/src/utils/ansi-buffer.util.ts:211:3)
    at emitPrompt (/Users/spot/Code/amiexpress-web/web/backend/src/utils/output.util.ts:54:19)
    at doPause (/Users/spot/Code/amiexpress-web/web/backend/src/handlers/screen.handler.ts:2942:13)
    at advanceDisplayFlow (/Users/spot/Code/amiexpress-web/web/backend/src/handlers/command.handler.ts:957:11)
    at async finishConferenceScan (/Users/spot/Code/amiexpress-web/web/backend/src/handlers/message/message-scan.handler.ts:465:5)
    at async advanceConferenceScan (/Users/spot/Code/amiexpress-web/web/backend/src/handlers/message/message-scan.handler.ts:822:3)
    at async performConferenceScan (/Users/spot/Code/amiexpress-web/web/backend/src/handlers/message/message-scan.handler.ts:885:3)
    at async Object.<anonymous> (/Users/spot/Code/amiexpress-web/web/backend/tests/message-scan-parity.test.ts:215:5)
Session: {"subState":"display_menu","currentConf":1}
[2026-08-19T09:30:32.185Z] Error in display state handling: socket.on is not a function
Stack: TypeError: socket.on is not a function
    at getAnsiBuffer (/Users/spot/Code/amiexpress-web/web/backend/src/utils/ansi-buffer.util.ts:175:10)
    at emitText (/Users/spot/Code/amiexpress-web/web/backend/src/utils/ansi-buffer.util.ts:195:18)
    at emitPrompt (/Users/spot/Code/amiexpress-web/web/backend/src/utils/ansi-buffer.util.ts:211:3)
    at emitPrompt (/Users/spot/Code/amiexpress-web/web/backend/src/utils/output.util.ts:54:19)
    at doPause (/Users/spot/Code/amiexpress-web/web/backend/src/handlers/screen.handler.ts:2942:13)
    at advanceDisplayFlow (/Users/spot/Code/amiexpress-web/web/backend/src/handlers/command.handler.ts:957:11)
    at async finishConferenceScan (/Users/spot/Code/amiexpress-web/web/backend/src/handlers/message/message-scan.handler.ts:465:5)
    at async advanceConferenceScan (/Users/spot/Code/amiexpress-web/web/backend/src/handlers/message/message-scan.handler.ts:822:3)
    at async performConferenceScan (/Users/spot/Code/amiexpress-web/web/backend/src/handlers/message/message-scan.handler.ts:885:3)
    at async Object.<anonymous> (/Users/spot/Code/amiexpress-web/web/backend/tests/message-scan-parity.test.ts:361:5)
Session: {"subState":"display_menu","currentConf":1}
[2026-08-19T09:30:35.934Z] Error in display state handling: socket.on is not a function
Stack: TypeError: socket.on is not a function
    at getAnsiBuffer (/Users/spot/Code/amiexpress-web/web/backend/src/utils/ansi-buffer.util.ts:175:10)
    at emitText (/Users/spot/Code/amiexpress-web/web/backend/src/utils/ansi-buffer.util.ts:195:18)
    at emitPrompt (/Users/spot/Code/amiexpress-web/web/backend/src/utils/ansi-buffer.util.ts:211:3)
    at emitPrompt (/Users/spot/Code/amiexpress-web/web/backend/src/utils/output.util.ts:54:19)
    at doPause (/Users/spot/Code/amiexpress-web/web/backend/src/handlers/screen.handler.ts:2942:13)
    at advanceDisplayFlow (/Users/spot/Code/amiexpress-web/web/backend/src/handlers/command.handler.ts:957:11)
    at async finishConferenceScan (/Users/spot/Code/amiexpress-web/web/backend/src/handlers/message/message-scan.handler.ts:465:5)
    at async advanceConferenceScan (/Users/spot/Code/amiexpress-web/web/backend/src/handlers/message/message-scan.handler.ts:822:3)
    at async performConferenceScan (/Users/spot/Code/amiexpress-web/web/backend/src/handlers/message/message-scan.handler.ts:885:3)
    at async Object.<anonymous> (/Users/spot/Code/amiexpress-web/web/backend/tests/message-scan-parity.test.ts:388:5)
Session: {"subState":"display_menu","currentConf":1}
[2026-08-19T09:30:40.790Z] Error in display state handling: socket.on is not a function
Stack: TypeError: socket.on is not a function
    at getAnsiBuffer (/Users/spot/Code/amiexpress-web/web/backend/src/utils/ansi-buffer.util.ts:175:10)
    at emitText (/Users/spot/Code/amiexpress-web/web/backend/src/utils/ansi-buffer.util.ts:195:18)
    at emitPrompt (/Users/spot/Code/amiexpress-web/web/backend/src/utils/ansi-buffer.util.ts:211:3)
    at emitPrompt (/Users/spot/Code/amiexpress-web/web/backend/src/utils/output.util.ts:54:19)
    at doPause (/Users/spot/Code/amiexpress-web/web/backend/src/handlers/screen.handler.ts:2942:13)
    at advanceDisplayFlow (/Users/spot/Code/amiexpress-web/web/backend/src/handlers/command.handler.ts:957:11)
    at async finishConferenceScan (/Users/spot/Code/amiexpress-web/web/backend/src/handlers/message/message-scan.handler.ts:465:5)
    at async advanceConferenceScan (/Users/spot/Code/amiexpress-web/web/backend/src/handlers/message/message-scan.handler.ts:822:3)
    at async performConferenceScan (/Users/spot/Code/amiexpress-web/web/backend/src/handlers/message/message-scan.handler.ts:885:3)
    at async Object.<anonymous> (/Users/spot/Code/amiexpress-web/web/backend/tests/message-scan-parity.test.ts:415:5)
Session: {"subState":"display_menu","currentConf":1}
[2026-08-19T09:32:19.646Z] Error in display state handling: socket.on is not a function
Stack: TypeError: socket.on is not a function
    at getAnsiBuffer (/Users/spot/Code/amiexpress-web/web/backend/src/utils/ansi-buffer.util.ts:175:10)
    at emitText (/Users/spot/Code/amiexpress-web/web/backend/src/utils/ansi-buffer.util.ts:195:18)
    at emitPrompt (/Users/spot/Code/amiexpress-web/web/backend/src/utils/ansi-buffer.util.ts:211:3)
    at emitPrompt (/Users/spot/Code/amiexpress-web/web/backend/src/utils/output.util.ts:54:19)
    at doPause (/Users/spot/Code/amiexpress-web/web/backend/src/handlers/screen.handler.ts:2942:13)
    at advanceDisplayFlow (/Users/spot/Code/amiexpress-web/web/backend/src/handlers/command.handler.ts:957:11)
    at async finishConferenceScan (/Users/spot/Code/amiexpress-web/web/backend/src/handlers/message/message-scan.handler.ts:465:5)
    at async advanceConferenceScan (/Users/spot/Code/amiexpress-web/web/backend/src/handlers/message/message-scan.handler.ts:822:3)
    at async performConferenceScan (/Users/spot/Code/amiexpress-web/web/backend/src/handlers/message/message-scan.handler.ts:885:3)
    at async Object.<anonymous> (/Users/spot/Code/amiexpress-web/web/backend/tests/message-scan-parity.test.ts:215:5)
Session: {"subState":"display_menu","currentConf":1}
[2026-08-19T09:32:22.791Z] Error in display state handling: socket.on is not a function
Stack: TypeError: socket.on is not a function
    at getAnsiBuffer (/Users/spot/Code/amiexpress-web/web/backend/src/utils/ansi-buffer.util.ts:175:10)
    at emitText (/Users/spot/Code/amiexpress-web/web/backend/src/utils/ansi-buffer.util.ts:195:18)
    at emitPrompt (/Users/spot/Code/amiexpress-web/web/backend/src/utils/ansi-buffer.util.ts:211:3)
    at emitPrompt (/Users/spot/Code/amiexpress-web/web/backend/src/utils/output.util.ts:54:19)
    at doPause (/Users/spot/Code/amiexpress-web/web/backend/src/handlers/screen.handler.ts:2942:13)
    at advanceDisplayFlow (/Users/spot/Code/amiexpress-web/web/backend/src/handlers/command.handler.ts:957:11)
    at async finishConferenceScan (/Users/spot/Code/amiexpress-web/web/backend/src/handlers/message/message-scan.handler.ts:465:5)
    at async advanceConferenceScan (/Users/spot/Code/amiexpress-web/web/backend/src/handlers/message/message-scan.handler.ts:822:3)
    at async performConferenceScan (/Users/spot/Code/amiexpress-web/web/backend/src/handlers/message/message-scan.handler.ts:885:3)
    at async Object.<anonymous> (/Users/spot/Code/amiexpress-web/web/backend/tests/message-scan-parity.test.ts:361:5)
Session: {"subState":"display_menu","currentConf":1}
[2026-08-19T09:32:36.461Z] Error in display state handling: socket.on is not a function
Stack: TypeError: socket.on is not a function
    at getAnsiBuffer (/Users/spot/Code/amiexpress-web/web/backend/src/utils/ansi-buffer.util.ts:175:10)
    at emitText (/Users/spot/Code/amiexpress-web/web/backend/src/utils/ansi-buffer.util.ts:195:18)
    at emitPrompt (/Users/spot/Code/amiexpress-web/web/backend/src/utils/ansi-buffer.util.ts:211:3)
    at emitPrompt (/Users/spot/Code/amiexpress-web/web/backend/src/utils/output.util.ts:54:19)
    at doPause (/Users/spot/Code/amiexpress-web/web/backend/src/handlers/screen.handler.ts:2942:13)
    at advanceDisplayFlow (/Users/spot/Code/amiexpress-web/web/backend/src/handlers/command.handler.ts:957:11)
    at async finishConferenceScan (/Users/spot/Code/amiexpress-web/web/backend/src/handlers/message/message-scan.handler.ts:465:5)
    at async advanceConferenceScan (/Users/spot/Code/amiexpress-web/web/backend/src/handlers/message/message-scan.handler.ts:822:3)
    at async performConferenceScan (/Users/spot/Code/amiexpress-web/web/backend/src/handlers/message/message-scan.handler.ts:885:3)
    at async Object.<anonymous> (/Users/spot/Code/amiexpress-web/web/backend/tests/message-scan-parity.test.ts:388:5)
Session: {"subState":"display_menu","currentConf":1}
[2026-08-19T09:32:39.975Z] Error in display state handling: socket.on is not a function
Stack: TypeError: socket.on is not a function
    at getAnsiBuffer (/Users/spot/Code/amiexpress-web/web/backend/src/utils/ansi-buffer.util.ts:175:10)
    at emitText (/Users/spot/Code/amiexpress-web/web/backend/src/utils/ansi-buffer.util.ts:195:18)
    at emitPrompt (/Users/spot/Code/amiexpress-web/web/backend/src/utils/ansi-buffer.util.ts:211:3)
    at emitPrompt (/Users/spot/Code/amiexpress-web/web/backend/src/utils/output.util.ts:54:19)
    at doPause (/Users/spot/Code/amiexpress-web/web/backend/src/handlers/screen.handler.ts:2942:13)
    at advanceDisplayFlow (/Users/spot/Code/amiexpress-web/web/backend/src/handlers/command.handler.ts:957:11)
    at async finishConferenceScan (/Users/spot/Code/amiexpress-web/web/backend/src/handlers/message/message-scan.handler.ts:465:5)
    at async advanceConferenceScan (/Users/spot/Code/amiexpress-web/web/backend/src/handlers/message/message-scan.handler.ts:822:3)
    at async performConferenceScan (/Users/spot/Code/amiexpress-web/web/backend/src/handlers/message/message-scan.handler.ts:885:3)
    at async Object.<anonymous> (/Users/spot/Code/amiexpress-web/web/backend/tests/message-scan-parity.test.ts:415:5)
Session: {"subState":"display_menu","currentConf":1}
[2026-08-19T11:47:41.904Z] Error in display state handling: socket.on is not a function
Stack: TypeError: socket.on is not a function
    at on (/Users/spot/Code/amiexpress-web/web/backend/src/utils/ansi-buffer.util.ts:175:10)
    at getAnsiBuffer (/Users/spot/Code/amiexpress-web/web/backend/src/utils/ansi-buffer.util.ts:195:18)
    at emitText (/Users/spot/Code/amiexpress-web/web/backend/src/utils/ansi-buffer.util.ts:211:3)
    at emitPrompt (/Users/spot/Code/amiexpress-web/web/backend/src/utils/output.util.ts:54:19)
    at doPause (/Users/spot/Code/amiexpress-web/web/backend/src/handlers/screen.handler.ts:2942:13)
    at doPause (/Users/spot/Code/amiexpress-web/web/backend/src/handlers/command.handler.ts:957:11)
    at finishConferenceScan (/Users/spot/Code/amiexpress-web/web/backend/src/handlers/message/message-scan.handler.ts:465:5)
    at advanceConferenceScan (/Users/spot/Code/amiexpress-web/web/backend/src/handlers/message/message-scan.handler.ts:822:3)
    at performConferenceScan (/Users/spot/Code/amiexpress-web/web/backend/src/handlers/message/message-scan.handler.ts:885:3)
    at Object.<anonymous> (/Users/spot/Code/amiexpress-web/web/backend/tests/message-scan-parity.test.ts:215:5)
Session: {"subState":"display_menu","currentConf":1}
[2026-08-19T11:48:03.052Z] Error in display state handling: socket.on is not a function
Stack: TypeError: socket.on is not a function
    at on (/Users/spot/Code/amiexpress-web/web/backend/src/utils/ansi-buffer.util.ts:175:10)
    at getAnsiBuffer (/Users/spot/Code/amiexpress-web/web/backend/src/utils/ansi-buffer.util.ts:195:18)
    at emitText (/Users/spot/Code/amiexpress-web/web/backend/src/utils/ansi-buffer.util.ts:211:3)
    at emitPrompt (/Users/spot/Code/amiexpress-web/web/backend/src/utils/output.util.ts:54:19)
    at doPause (/Users/spot/Code/amiexpress-web/web/backend/src/handlers/screen.handler.ts:2942:13)
    at doPause (/Users/spot/Code/amiexpress-web/web/backend/src/handlers/command.handler.ts:957:11)
    at finishConferenceScan (/Users/spot/Code/amiexpress-web/web/backend/src/handlers/message/message-scan.handler.ts:465:5)
    at advanceConferenceScan (/Users/spot/Code/amiexpress-web/web/backend/src/handlers/message/message-scan.handler.ts:822:3)
    at performConferenceScan (/Users/spot/Code/amiexpress-web/web/backend/src/handlers/message/message-scan.handler.ts:885:3)
    at Object.<anonymous> (/Users/spot/Code/amiexpress-web/web/backend/tests/message-scan-parity.test.ts:361:5)
Session: {"subState":"display_menu","currentConf":1}
[2026-08-19T11:48:17.765Z] Error in display state handling: socket.on is not a function
Stack: TypeError: socket.on is not a function
    at on (/Users/spot/Code/amiexpress-web/web/backend/src/utils/ansi-buffer.util.ts:175:10)
    at getAnsiBuffer (/Users/spot/Code/amiexpress-web/web/backend/src/utils/ansi-buffer.util.ts:195:18)
    at emitText (/Users/spot/Code/amiexpress-web/web/backend/src/utils/ansi-buffer.util.ts:211:3)
    at emitPrompt (/Users/spot/Code/amiexpress-web/web/backend/src/utils/output.util.ts:54:19)
    at doPause (/Users/spot/Code/amiexpress-web/web/backend/src/handlers/screen.handler.ts:2942:13)
    at doPause (/Users/spot/Code/amiexpress-web/web/backend/src/handlers/command.handler.ts:957:11)
    at finishConferenceScan (/Users/spot/Code/amiexpress-web/web/backend/src/handlers/message/message-scan.handler.ts:465:5)
    at advanceConferenceScan (/Users/spot/Code/amiexpress-web/web/backend/src/handlers/message/message-scan.handler.ts:822:3)
    at performConferenceScan (/Users/spot/Code/amiexpress-web/web/backend/src/handlers/message/message-scan.handler.ts:885:3)
    at Object.<anonymous> (/Users/spot/Code/amiexpress-web/web/backend/tests/message-scan-parity.test.ts:388:5)
Session: {"subState":"display_menu","currentConf":1}
[2026-08-19T11:48:49.748Z] Error in display state handling: socket.on is not a function
Stack: TypeError: socket.on is not a function
    at on (/Users/spot/Code/amiexpress-web/web/backend/src/utils/ansi-buffer.util.ts:175:10)
    at getAnsiBuffer (/Users/spot/Code/amiexpress-web/web/backend/src/utils/ansi-buffer.util.ts:195:18)
    at emitText (/Users/spot/Code/amiexpress-web/web/backend/src/utils/ansi-buffer.util.ts:211:3)
    at emitPrompt (/Users/spot/Code/amiexpress-web/web/backend/src/utils/output.util.ts:54:19)
    at doPause (/Users/spot/Code/amiexpress-web/web/backend/src/handlers/screen.handler.ts:2942:13)
    at doPause (/Users/spot/Code/amiexpress-web/web/backend/src/handlers/command.handler.ts:957:11)
    at finishConferenceScan (/Users/spot/Code/amiexpress-web/web/backend/src/handlers/message/message-scan.handler.ts:465:5)
    at advanceConferenceScan (/Users/spot/Code/amiexpress-web/web/backend/src/handlers/message/message-scan.handler.ts:822:3)
    at performConferenceScan (/Users/spot/Code/amiexpress-web/web/backend/src/handlers/message/message-scan.handler.ts:885:3)
    at Object.<anonymous> (/Users/spot/Code/amiexpress-web/web/backend/tests/message-scan-parity.test.ts:415:5)
Session: {"subState":"display_menu","currentConf":1}
[2026-08-19T13:01:49.299Z] Error in display state handling: socket.on is not a function
Stack: TypeError: socket.on is not a function
    at on (/Users/spot/Code/amiexpress-web/web/backend/src/utils/ansi-buffer.util.ts:175:10)
    at getAnsiBuffer (/Users/spot/Code/amiexpress-web/web/backend/src/utils/ansi-buffer.util.ts:195:18)
    at emitText (/Users/spot/Code/amiexpress-web/web/backend/src/utils/ansi-buffer.util.ts:211:3)
    at emitPrompt (/Users/spot/Code/amiexpress-web/web/backend/src/utils/output.util.ts:54:19)
    at doPause (/Users/spot/Code/amiexpress-web/web/backend/src/handlers/screen.handler.ts:2942:13)
    at doPause (/Users/spot/Code/amiexpress-web/web/backend/src/handlers/command.handler.ts:957:11)
    at finishConferenceScan (/Users/spot/Code/amiexpress-web/web/backend/src/handlers/message/message-scan.handler.ts:465:5)
    at advanceConferenceScan (/Users/spot/Code/amiexpress-web/web/backend/src/handlers/message/message-scan.handler.ts:822:3)
    at performConferenceScan (/Users/spot/Code/amiexpress-web/web/backend/src/handlers/message/message-scan.handler.ts:885:3)
    at Object.<anonymous> (/Users/spot/Code/amiexpress-web/web/backend/tests/message-scan-parity.test.ts:215:5)
Session: {"subState":"display_menu","currentConf":1}
[2026-08-19T13:01:53.411Z] Error in display state handling: socket.on is not a function
Stack: TypeError: socket.on is not a function
    at on (/Users/spot/Code/amiexpress-web/web/backend/src/utils/ansi-buffer.util.ts:175:10)
    at getAnsiBuffer (/Users/spot/Code/amiexpress-web/web/backend/src/utils/ansi-buffer.util.ts:195:18)
    at emitText (/Users/spot/Code/amiexpress-web/web/backend/src/utils/ansi-buffer.util.ts:211:3)
    at emitPrompt (/Users/spot/Code/amiexpress-web/web/backend/src/utils/output.util.ts:54:19)
    at doPause (/Users/spot/Code/amiexpress-web/web/backend/src/handlers/screen.handler.ts:2942:13)
    at doPause (/Users/spot/Code/amiexpress-web/web/backend/src/handlers/command.handler.ts:957:11)
    at finishConferenceScan (/Users/spot/Code/amiexpress-web/web/backend/src/handlers/message/message-scan.handler.ts:465:5)
    at advanceConferenceScan (/Users/spot/Code/amiexpress-web/web/backend/src/handlers/message/message-scan.handler.ts:822:3)
    at performConferenceScan (/Users/spot/Code/amiexpress-web/web/backend/src/handlers/message/message-scan.handler.ts:885:3)
    at Object.<anonymous> (/Users/spot/Code/amiexpress-web/web/backend/tests/message-scan-parity.test.ts:361:5)
Session: {"subState":"display_menu","currentConf":1}
[2026-08-19T13:01:56.357Z] Error in display state handling: socket.on is not a function
Stack: TypeError: socket.on is not a function
    at on (/Users/spot/Code/amiexpress-web/web/backend/src/utils/ansi-buffer.util.ts:175:10)
    at getAnsiBuffer (/Users/spot/Code/amiexpress-web/web/backend/src/utils/ansi-buffer.util.ts:195:18)
    at emitText (/Users/spot/Code/amiexpress-web/web/backend/src/utils/ansi-buffer.util.ts:211:3)
    at emitPrompt (/Users/spot/Code/amiexpress-web/web/backend/src/utils/output.util.ts:54:19)
    at doPause (/Users/spot/Code/amiexpress-web/web/backend/src/handlers/screen.handler.ts:2942:13)
    at doPause (/Users/spot/Code/amiexpress-web/web/backend/src/handlers/command.handler.ts:957:11)
    at finishConferenceScan (/Users/spot/Code/amiexpress-web/web/backend/src/handlers/message/message-scan.handler.ts:465:5)
    at advanceConferenceScan (/Users/spot/Code/amiexpress-web/web/backend/src/handlers/message/message-scan.handler.ts:822:3)
    at performConferenceScan (/Users/spot/Code/amiexpress-web/web/backend/src/handlers/message/message-scan.handler.ts:885:3)
    at Object.<anonymous> (/Users/spot/Code/amiexpress-web/web/backend/tests/message-scan-parity.test.ts:388:5)
Session: {"subState":"display_menu","currentConf":1}
[2026-08-19T13:01:59.517Z] Error in display state handling: socket.on is not a function
Stack: TypeError: socket.on is not a function
    at on (/Users/spot/Code/amiexpress-web/web/backend/src/utils/ansi-buffer.util.ts:175:10)
    at getAnsiBuffer (/Users/spot/Code/amiexpress-web/web/backend/src/utils/ansi-buffer.util.ts:195:18)
    at emitText (/Users/spot/Code/amiexpress-web/web/backend/src/utils/ansi-buffer.util.ts:211:3)
    at emitPrompt (/Users/spot/Code/amiexpress-web/web/backend/src/utils/output.util.ts:54:19)
    at doPause (/Users/spot/Code/amiexpress-web/web/backend/src/handlers/screen.handler.ts:2942:13)
    at doPause (/Users/spot/Code/amiexpress-web/web/backend/src/handlers/command.handler.ts:957:11)
    at finishConferenceScan (/Users/spot/Code/amiexpress-web/web/backend/src/handlers/message/message-scan.handler.ts:465:5)
    at advanceConferenceScan (/Users/spot/Code/amiexpress-web/web/backend/src/handlers/message/message-scan.handler.ts:822:3)
    at performConferenceScan (/Users/spot/Code/amiexpress-web/web/backend/src/handlers/message/message-scan.handler.ts:885:3)
    at Object.<anonymous> (/Users/spot/Code/amiexpress-web/web/backend/tests/message-scan-parity.test.ts:415:5)
Session: {"subState":"display_menu","currentConf":1}
[2026-08-19T13:56:03.043Z] Error in display state handling: socket.on is not a function
Stack: TypeError: socket.on is not a function
    at on (/Users/spot/Code/amiexpress-web/web/backend/src/utils/ansi-buffer.util.ts:175:10)
    at getAnsiBuffer (/Users/spot/Code/amiexpress-web/web/backend/src/utils/ansi-buffer.util.ts:195:18)
    at emitText (/Users/spot/Code/amiexpress-web/web/backend/src/utils/ansi-buffer.util.ts:211:3)
    at emitPrompt (/Users/spot/Code/amiexpress-web/web/backend/src/utils/output.util.ts:54:19)
    at doPause (/Users/spot/Code/amiexpress-web/web/backend/src/handlers/screen.handler.ts:2942:13)
    at doPause (/Users/spot/Code/amiexpress-web/web/backend/src/handlers/command.handler.ts:957:11)
    at finishConferenceScan (/Users/spot/Code/amiexpress-web/web/backend/src/handlers/message/message-scan.handler.ts:465:5)
    at advanceConferenceScan (/Users/spot/Code/amiexpress-web/web/backend/src/handlers/message/message-scan.handler.ts:822:3)
    at performConferenceScan (/Users/spot/Code/amiexpress-web/web/backend/src/handlers/message/message-scan.handler.ts:885:3)
    at Object.<anonymous> (/Users/spot/Code/amiexpress-web/web/backend/tests/message-scan-parity.test.ts:215:5)
Session: {"subState":"display_menu","currentConf":1}
[2026-08-19T13:56:16.022Z] Error in display state handling: socket.on is not a function
Stack: TypeError: socket.on is not a function
    at on (/Users/spot/Code/amiexpress-web/web/backend/src/utils/ansi-buffer.util.ts:175:10)
    at getAnsiBuffer (/Users/spot/Code/amiexpress-web/web/backend/src/utils/ansi-buffer.util.ts:195:18)
    at emitText (/Users/spot/Code/amiexpress-web/web/backend/src/utils/ansi-buffer.util.ts:211:3)
    at emitPrompt (/Users/spot/Code/amiexpress-web/web/backend/src/utils/output.util.ts:54:19)
    at doPause (/Users/spot/Code/amiexpress-web/web/backend/src/handlers/screen.handler.ts:2942:13)
    at doPause (/Users/spot/Code/amiexpress-web/web/backend/src/handlers/command.handler.ts:957:11)
    at finishConferenceScan (/Users/spot/Code/amiexpress-web/web/backend/src/handlers/message/message-scan.handler.ts:465:5)
    at advanceConferenceScan (/Users/spot/Code/amiexpress-web/web/backend/src/handlers/message/message-scan.handler.ts:822:3)
    at performConferenceScan (/Users/spot/Code/amiexpress-web/web/backend/src/handlers/message/message-scan.handler.ts:885:3)
    at Object.<anonymous> (/Users/spot/Code/amiexpress-web/web/backend/tests/message-scan-parity.test.ts:361:5)
Session: {"subState":"display_menu","currentConf":1}
[2026-08-19T13:56:27.949Z] Error in display state handling: socket.on is not a function
Stack: TypeError: socket.on is not a function
    at on (/Users/spot/Code/amiexpress-web/web/backend/src/utils/ansi-buffer.util.ts:175:10)
    at getAnsiBuffer (/Users/spot/Code/amiexpress-web/web/backend/src/utils/ansi-buffer.util.ts:195:18)
    at emitText (/Users/spot/Code/amiexpress-web/web/backend/src/utils/ansi-buffer.util.ts:211:3)
    at emitPrompt (/Users/spot/Code/amiexpress-web/web/backend/src/utils/output.util.ts:54:19)
    at doPause (/Users/spot/Code/amiexpress-web/web/backend/src/handlers/screen.handler.ts:2942:13)
    at doPause (/Users/spot/Code/amiexpress-web/web/backend/src/handlers/command.handler.ts:957:11)
    at finishConferenceScan (/Users/spot/Code/amiexpress-web/web/backend/src/handlers/message/message-scan.handler.ts:465:5)
    at advanceConferenceScan (/Users/spot/Code/amiexpress-web/web/backend/src/handlers/message/message-scan.handler.ts:822:3)
    at performConferenceScan (/Users/spot/Code/amiexpress-web/web/backend/src/handlers/message/message-scan.handler.ts:885:3)
    at Object.<anonymous> (/Users/spot/Code/amiexpress-web/web/backend/tests/message-scan-parity.test.ts:388:5)
Session: {"subState":"display_menu","currentConf":1}
[2026-08-19T13:56:42.723Z] Error in display state handling: socket.on is not a function
Stack: TypeError: socket.on is not a function
    at on (/Users/spot/Code/amiexpress-web/web/backend/src/utils/ansi-buffer.util.ts:175:10)
    at getAnsiBuffer (/Users/spot/Code/amiexpress-web/web/backend/src/utils/ansi-buffer.util.ts:195:18)
    at emitText (/Users/spot/Code/amiexpress-web/web/backend/src/utils/ansi-buffer.util.ts:211:3)
    at emitPrompt (/Users/spot/Code/amiexpress-web/web/backend/src/utils/output.util.ts:54:19)
    at doPause (/Users/spot/Code/amiexpress-web/web/backend/src/handlers/screen.handler.ts:2942:13)
    at doPause (/Users/spot/Code/amiexpress-web/web/backend/src/handlers/command.handler.ts:957:11)
    at finishConferenceScan (/Users/spot/Code/amiexpress-web/web/backend/src/handlers/message/message-scan.handler.ts:465:5)
    at advanceConferenceScan (/Users/spot/Code/amiexpress-web/web/backend/src/handlers/message/message-scan.handler.ts:822:3)
    at performConferenceScan (/Users/spot/Code/amiexpress-web/web/backend/src/handlers/message/message-scan.handler.ts:885:3)
    at Object.<anonymous> (/Users/spot/Code/amiexpress-web/web/backend/tests/message-scan-parity.test.ts:415:5)
Session: {"subState":"display_menu","currentConf":1}
[2026-08-19T15:55:33.316Z] Error in display state handling: socket.on is not a function
Stack: TypeError: socket.on is not a function
    at on (/Users/spot/Code/amiexpress-web/web/backend/src/utils/ansi-buffer.util.ts:175:10)
    at getAnsiBuffer (/Users/spot/Code/amiexpress-web/web/backend/src/utils/ansi-buffer.util.ts:195:18)
    at emitText (/Users/spot/Code/amiexpress-web/web/backend/src/utils/ansi-buffer.util.ts:211:3)
    at emitPrompt (/Users/spot/Code/amiexpress-web/web/backend/src/utils/output.util.ts:54:19)
    at doPause (/Users/spot/Code/amiexpress-web/web/backend/src/handlers/screen.handler.ts:2942:13)
    at doPause (/Users/spot/Code/amiexpress-web/web/backend/src/handlers/command.handler.ts:957:11)
    at finishConferenceScan (/Users/spot/Code/amiexpress-web/web/backend/src/handlers/message/message-scan.handler.ts:465:5)
    at advanceConferenceScan (/Users/spot/Code/amiexpress-web/web/backend/src/handlers/message/message-scan.handler.ts:822:3)
    at performConferenceScan (/Users/spot/Code/amiexpress-web/web/backend/src/handlers/message/message-scan.handler.ts:885:3)
    at Object.<anonymous> (/Users/spot/Code/amiexpress-web/web/backend/tests/message-scan-parity.test.ts:215:5)
Session: {"subState":"display_menu","currentConf":1}
[2026-08-19T15:56:04.346Z] Error in display state handling: socket.on is not a function
Stack: TypeError: socket.on is not a function
    at on (/Users/spot/Code/amiexpress-web/web/backend/src/utils/ansi-buffer.util.ts:175:10)
    at getAnsiBuffer (/Users/spot/Code/amiexpress-web/web/backend/src/utils/ansi-buffer.util.ts:195:18)
    at emitText (/Users/spot/Code/amiexpress-web/web/backend/src/utils/ansi-buffer.util.ts:211:3)
    at emitPrompt (/Users/spot/Code/amiexpress-web/web/backend/src/utils/output.util.ts:54:19)
    at doPause (/Users/spot/Code/amiexpress-web/web/backend/src/handlers/screen.handler.ts:2942:13)
    at doPause (/Users/spot/Code/amiexpress-web/web/backend/src/handlers/command.handler.ts:957:11)
    at finishConferenceScan (/Users/spot/Code/amiexpress-web/web/backend/src/handlers/message/message-scan.handler.ts:465:5)
    at advanceConferenceScan (/Users/spot/Code/amiexpress-web/web/backend/src/handlers/message/message-scan.handler.ts:822:3)
    at performConferenceScan (/Users/spot/Code/amiexpress-web/web/backend/src/handlers/message/message-scan.handler.ts:885:3)
    at Object.<anonymous> (/Users/spot/Code/amiexpress-web/web/backend/tests/message-scan-parity.test.ts:361:5)
Session: {"subState":"display_menu","currentConf":1}
[2026-08-19T15:56:09.327Z] Error in display state handling: socket.on is not a function
Stack: TypeError: socket.on is not a function
    at on (/Users/spot/Code/amiexpress-web/web/backend/src/utils/ansi-buffer.util.ts:175:10)
    at getAnsiBuffer (/Users/spot/Code/amiexpress-web/web/backend/src/utils/ansi-buffer.util.ts:195:18)
    at emitText (/Users/spot/Code/amiexpress-web/web/backend/src/utils/ansi-buffer.util.ts:211:3)
    at emitPrompt (/Users/spot/Code/amiexpress-web/web/backend/src/utils/output.util.ts:54:19)
    at doPause (/Users/spot/Code/amiexpress-web/web/backend/src/handlers/screen.handler.ts:2942:13)
    at doPause (/Users/spot/Code/amiexpress-web/web/backend/src/handlers/command.handler.ts:957:11)
    at finishConferenceScan (/Users/spot/Code/amiexpress-web/web/backend/src/handlers/message/message-scan.handler.ts:465:5)
    at advanceConferenceScan (/Users/spot/Code/amiexpress-web/web/backend/src/handlers/message/message-scan.handler.ts:822:3)
    at performConferenceScan (/Users/spot/Code/amiexpress-web/web/backend/src/handlers/message/message-scan.handler.ts:885:3)
    at Object.<anonymous> (/Users/spot/Code/amiexpress-web/web/backend/tests/message-scan-parity.test.ts:388:5)
Session: {"subState":"display_menu","currentConf":1}
[2026-08-19T15:56:14.348Z] Error in display state handling: socket.on is not a function
Stack: TypeError: socket.on is not a function
    at on (/Users/spot/Code/amiexpress-web/web/backend/src/utils/ansi-buffer.util.ts:175:10)
    at getAnsiBuffer (/Users/spot/Code/amiexpress-web/web/backend/src/utils/ansi-buffer.util.ts:195:18)
    at emitText (/Users/spot/Code/amiexpress-web/web/backend/src/utils/ansi-buffer.util.ts:211:3)
    at emitPrompt (/Users/spot/Code/amiexpress-web/web/backend/src/utils/output.util.ts:54:19)
    at doPause (/Users/spot/Code/amiexpress-web/web/backend/src/handlers/screen.handler.ts:2942:13)
    at doPause (/Users/spot/Code/amiexpress-web/web/backend/src/handlers/command.handler.ts:957:11)
    at finishConferenceScan (/Users/spot/Code/amiexpress-web/web/backend/src/handlers/message/message-scan.handler.ts:465:5)
    at advanceConferenceScan (/Users/spot/Code/amiexpress-web/web/backend/src/handlers/message/message-scan.handler.ts:822:3)
    at performConferenceScan (/Users/spot/Code/amiexpress-web/web/backend/src/handlers/message/message-scan.handler.ts:885:3)
    at Object.<anonymous> (/Users/spot/Code/amiexpress-web/web/backend/tests/message-scan-parity.test.ts:415:5)
Session: {"subState":"display_menu","currentConf":1}
[2026-08-19T20:09:34.606Z] Error in display state handling: socket.on is not a function
Stack: TypeError: socket.on is not a function
    at on (/Users/spot/Code/amiexpress-web/web/backend/src/utils/ansi-buffer.util.ts:175:10)
    at getAnsiBuffer (/Users/spot/Code/amiexpress-web/web/backend/src/utils/ansi-buffer.util.ts:195:18)
    at emitText (/Users/spot/Code/amiexpress-web/web/backend/src/utils/ansi-buffer.util.ts:211:3)
    at emitPrompt (/Users/spot/Code/amiexpress-web/web/backend/src/utils/output.util.ts:54:19)
    at doPause (/Users/spot/Code/amiexpress-web/web/backend/src/handlers/screen.handler.ts:2942:13)
    at doPause (/Users/spot/Code/amiexpress-web/web/backend/src/handlers/command.handler.ts:957:11)
    at finishConferenceScan (/Users/spot/Code/amiexpress-web/web/backend/src/handlers/message/message-scan.handler.ts:465:5)
    at advanceConferenceScan (/Users/spot/Code/amiexpress-web/web/backend/src/handlers/message/message-scan.handler.ts:822:3)
    at performConferenceScan (/Users/spot/Code/amiexpress-web/web/backend/src/handlers/message/message-scan.handler.ts:885:3)
    at Object.<anonymous> (/Users/spot/Code/amiexpress-web/web/backend/tests/message-scan-parity.test.ts:215:5)
Session: {"subState":"display_menu","currentConf":1}
[2026-08-19T20:09:41.702Z] Error in display state handling: socket.on is not a function
Stack: TypeError: socket.on is not a function
    at on (/Users/spot/Code/amiexpress-web/web/backend/src/utils/ansi-buffer.util.ts:175:10)
    at getAnsiBuffer (/Users/spot/Code/amiexpress-web/web/backend/src/utils/ansi-buffer.util.ts:195:18)
    at emitText (/Users/spot/Code/amiexpress-web/web/backend/src/utils/ansi-buffer.util.ts:211:3)
    at emitPrompt (/Users/spot/Code/amiexpress-web/web/backend/src/utils/output.util.ts:54:19)
    at doPause (/Users/spot/Code/amiexpress-web/web/backend/src/handlers/screen.handler.ts:2942:13)
    at doPause (/Users/spot/Code/amiexpress-web/web/backend/src/handlers/command.handler.ts:957:11)
    at finishConferenceScan (/Users/spot/Code/amiexpress-web/web/backend/src/handlers/message/message-scan.handler.ts:465:5)
    at advanceConferenceScan (/Users/spot/Code/amiexpress-web/web/backend/src/handlers/message/message-scan.handler.ts:822:3)
    at performConferenceScan (/Users/spot/Code/amiexpress-web/web/backend/src/handlers/message/message-scan.handler.ts:885:3)
    at Object.<anonymous> (/Users/spot/Code/amiexpress-web/web/backend/tests/message-scan-parity.test.ts:361:5)
Session: {"subState":"display_menu","currentConf":1}
[2026-08-19T20:09:45.664Z] Error in display state handling: socket.on is not a function
Stack: TypeError: socket.on is not a function
    at on (/Users/spot/Code/amiexpress-web/web/backend/src/utils/ansi-buffer.util.ts:175:10)
    at getAnsiBuffer (/Users/spot/Code/amiexpress-web/web/backend/src/utils/ansi-buffer.util.ts:195:18)
    at emitText (/Users/spot/Code/amiexpress-web/web/backend/src/utils/ansi-buffer.util.ts:211:3)
    at emitPrompt (/Users/spot/Code/amiexpress-web/web/backend/src/utils/output.util.ts:54:19)
    at doPause (/Users/spot/Code/amiexpress-web/web/backend/src/handlers/screen.handler.ts:2942:13)
    at doPause (/Users/spot/Code/amiexpress-web/web/backend/src/handlers/command.handler.ts:957:11)
    at finishConferenceScan (/Users/spot/Code/amiexpress-web/web/backend/src/handlers/message/message-scan.handler.ts:465:5)
    at advanceConferenceScan (/Users/spot/Code/amiexpress-web/web/backend/src/handlers/message/message-scan.handler.ts:822:3)
    at performConferenceScan (/Users/spot/Code/amiexpress-web/web/backend/src/handlers/message/message-scan.handler.ts:885:3)
    at Object.<anonymous> (/Users/spot/Code/amiexpress-web/web/backend/tests/message-scan-parity.test.ts:388:5)
Session: {"subState":"display_menu","currentConf":1}
[2026-08-19T20:09:50.465Z] Error in display state handling: socket.on is not a function
Stack: TypeError: socket.on is not a function
    at on (/Users/spot/Code/amiexpress-web/web/backend/src/utils/ansi-buffer.util.ts:175:10)
    at getAnsiBuffer (/Users/spot/Code/amiexpress-web/web/backend/src/utils/ansi-buffer.util.ts:195:18)
    at emitText (/Users/spot/Code/amiexpress-web/web/backend/src/utils/ansi-buffer.util.ts:211:3)
    at emitPrompt (/Users/spot/Code/amiexpress-web/web/backend/src/utils/output.util.ts:54:19)
    at doPause (/Users/spot/Code/amiexpress-web/web/backend/src/handlers/screen.handler.ts:2942:13)
    at doPause (/Users/spot/Code/amiexpress-web/web/backend/src/handlers/command.handler.ts:957:11)
    at finishConferenceScan (/Users/spot/Code/amiexpress-web/web/backend/src/handlers/message/message-scan.handler.ts:465:5)
    at advanceConferenceScan (/Users/spot/Code/amiexpress-web/web/backend/src/handlers/message/message-scan.handler.ts:822:3)
    at performConferenceScan (/Users/spot/Code/amiexpress-web/web/backend/src/handlers/message/message-scan.handler.ts:885:3)
    at Object.<anonymous> (/Users/spot/Code/amiexpress-web/web/backend/tests/message-scan-parity.test.ts:415:5)
Session: {"subState":"display_menu","currentConf":1}
[2026-08-19T20:50:39.597Z] Error in display state handling: socket.on is not a function
Stack: TypeError: socket.on is not a function
    at on (/Users/spot/Code/amiexpress-web/web/backend/src/utils/ansi-buffer.util.ts:175:10)
    at getAnsiBuffer (/Users/spot/Code/amiexpress-web/web/backend/src/utils/ansi-buffer.util.ts:195:18)
    at emitText (/Users/spot/Code/amiexpress-web/web/backend/src/utils/ansi-buffer.util.ts:211:3)
    at emitPrompt (/Users/spot/Code/amiexpress-web/web/backend/src/utils/output.util.ts:54:19)
    at doPause (/Users/spot/Code/amiexpress-web/web/backend/src/handlers/screen.handler.ts:2942:13)
    at doPause (/Users/spot/Code/amiexpress-web/web/backend/src/handlers/command.handler.ts:957:11)
    at finishConferenceScan (/Users/spot/Code/amiexpress-web/web/backend/src/handlers/message/message-scan.handler.ts:465:5)
    at advanceConferenceScan (/Users/spot/Code/amiexpress-web/web/backend/src/handlers/message/message-scan.handler.ts:822:3)
    at performConferenceScan (/Users/spot/Code/amiexpress-web/web/backend/src/handlers/message/message-scan.handler.ts:885:3)
    at Object.<anonymous> (/Users/spot/Code/amiexpress-web/web/backend/tests/message-scan-parity.test.ts:215:5)
Session: {"subState":"display_menu","currentConf":1}
[2026-08-19T20:50:45.212Z] Error in display state handling: socket.on is not a function
Stack: TypeError: socket.on is not a function
    at on (/Users/spot/Code/amiexpress-web/web/backend/src/utils/ansi-buffer.util.ts:175:10)
    at getAnsiBuffer (/Users/spot/Code/amiexpress-web/web/backend/src/utils/ansi-buffer.util.ts:195:18)
    at emitText (/Users/spot/Code/amiexpress-web/web/backend/src/utils/ansi-buffer.util.ts:211:3)
    at emitPrompt (/Users/spot/Code/amiexpress-web/web/backend/src/utils/output.util.ts:54:19)
    at doPause (/Users/spot/Code/amiexpress-web/web/backend/src/handlers/screen.handler.ts:2942:13)
    at doPause (/Users/spot/Code/amiexpress-web/web/backend/src/handlers/command.handler.ts:957:11)
    at finishConferenceScan (/Users/spot/Code/amiexpress-web/web/backend/src/handlers/message/message-scan.handler.ts:465:5)
    at advanceConferenceScan (/Users/spot/Code/amiexpress-web/web/backend/src/handlers/message/message-scan.handler.ts:822:3)
    at performConferenceScan (/Users/spot/Code/amiexpress-web/web/backend/src/handlers/message/message-scan.handler.ts:885:3)
    at Object.<anonymous> (/Users/spot/Code/amiexpress-web/web/backend/tests/message-scan-parity.test.ts:361:5)
Session: {"subState":"display_menu","currentConf":1}
[2026-08-19T20:50:49.103Z] Error in display state handling: socket.on is not a function
Stack: TypeError: socket.on is not a function
    at on (/Users/spot/Code/amiexpress-web/web/backend/src/utils/ansi-buffer.util.ts:175:10)
    at getAnsiBuffer (/Users/spot/Code/amiexpress-web/web/backend/src/utils/ansi-buffer.util.ts:195:18)
    at emitText (/Users/spot/Code/amiexpress-web/web/backend/src/utils/ansi-buffer.util.ts:211:3)
    at emitPrompt (/Users/spot/Code/amiexpress-web/web/backend/src/utils/output.util.ts:54:19)
    at doPause (/Users/spot/Code/amiexpress-web/web/backend/src/handlers/screen.handler.ts:2942:13)
    at doPause (/Users/spot/Code/amiexpress-web/web/backend/src/handlers/command.handler.ts:957:11)
    at finishConferenceScan (/Users/spot/Code/amiexpress-web/web/backend/src/handlers/message/message-scan.handler.ts:465:5)
    at advanceConferenceScan (/Users/spot/Code/amiexpress-web/web/backend/src/handlers/message/message-scan.handler.ts:822:3)
    at performConferenceScan (/Users/spot/Code/amiexpress-web/web/backend/src/handlers/message/message-scan.handler.ts:885:3)
    at Object.<anonymous> (/Users/spot/Code/amiexpress-web/web/backend/tests/message-scan-parity.test.ts:388:5)
Session: {"subState":"display_menu","currentConf":1}
[2026-08-19T20:50:54.560Z] Error in display state handling: socket.on is not a function
Stack: TypeError: socket.on is not a function
    at on (/Users/spot/Code/amiexpress-web/web/backend/src/utils/ansi-buffer.util.ts:175:10)
    at getAnsiBuffer (/Users/spot/Code/amiexpress-web/web/backend/src/utils/ansi-buffer.util.ts:195:18)
    at emitText (/Users/spot/Code/amiexpress-web/web/backend/src/utils/ansi-buffer.util.ts:211:3)
    at emitPrompt (/Users/spot/Code/amiexpress-web/web/backend/src/utils/output.util.ts:54:19)
    at doPause (/Users/spot/Code/amiexpress-web/web/backend/src/handlers/screen.handler.ts:2942:13)
    at doPause (/Users/spot/Code/amiexpress-web/web/backend/src/handlers/command.handler.ts:957:11)
    at finishConferenceScan (/Users/spot/Code/amiexpress-web/web/backend/src/handlers/message/message-scan.handler.ts:465:5)
    at advanceConferenceScan (/Users/spot/Code/amiexpress-web/web/backend/src/handlers/message/message-scan.handler.ts:822:3)
    at performConferenceScan (/Users/spot/Code/amiexpress-web/web/backend/src/handlers/message/message-scan.handler.ts:885:3)
    at Object.<anonymous> (/Users/spot/Code/amiexpress-web/web/backend/tests/message-scan-parity.test.ts:415:5)
Session: {"subState":"display_menu","currentConf":1}
[2026-08-19T21:51:59.133Z] Error in display state handling: socket.on is not a function
Stack: TypeError: socket.on is not a function
    at on (/Users/spot/Code/amiexpress-web/web/backend/src/utils/ansi-buffer.util.ts:175:10)
    at getAnsiBuffer (/Users/spot/Code/amiexpress-web/web/backend/src/utils/ansi-buffer.util.ts:195:18)
    at emitText (/Users/spot/Code/amiexpress-web/web/backend/src/utils/ansi-buffer.util.ts:211:3)
    at emitPrompt (/Users/spot/Code/amiexpress-web/web/backend/src/utils/output.util.ts:54:19)
    at doPause (/Users/spot/Code/amiexpress-web/web/backend/src/handlers/screen.handler.ts:2942:13)
    at doPause (/Users/spot/Code/amiexpress-web/web/backend/src/handlers/command.handler.ts:957:11)
    at finishConferenceScan (/Users/spot/Code/amiexpress-web/web/backend/src/handlers/message/message-scan.handler.ts:465:5)
    at advanceConferenceScan (/Users/spot/Code/amiexpress-web/web/backend/src/handlers/message/message-scan.handler.ts:822:3)
    at performConferenceScan (/Users/spot/Code/amiexpress-web/web/backend/src/handlers/message/message-scan.handler.ts:885:3)
    at Object.<anonymous> (/Users/spot/Code/amiexpress-web/web/backend/tests/message-scan-parity.test.ts:215:5)
Session: {"subState":"display_menu","currentConf":1}
[2026-08-19T21:52:16.149Z] Error in display state handling: socket.on is not a function
Stack: TypeError: socket.on is not a function
    at on (/Users/spot/Code/amiexpress-web/web/backend/src/utils/ansi-buffer.util.ts:175:10)
    at getAnsiBuffer (/Users/spot/Code/amiexpress-web/web/backend/src/utils/ansi-buffer.util.ts:195:18)
    at emitText (/Users/spot/Code/amiexpress-web/web/backend/src/utils/ansi-buffer.util.ts:211:3)
    at emitPrompt (/Users/spot/Code/amiexpress-web/web/backend/src/utils/output.util.ts:54:19)
    at doPause (/Users/spot/Code/amiexpress-web/web/backend/src/handlers/screen.handler.ts:2942:13)
    at doPause (/Users/spot/Code/amiexpress-web/web/backend/src/handlers/command.handler.ts:957:11)
    at finishConferenceScan (/Users/spot/Code/amiexpress-web/web/backend/src/handlers/message/message-scan.handler.ts:465:5)
    at advanceConferenceScan (/Users/spot/Code/amiexpress-web/web/backend/src/handlers/message/message-scan.handler.ts:822:3)
    at performConferenceScan (/Users/spot/Code/amiexpress-web/web/backend/src/handlers/message/message-scan.handler.ts:885:3)
    at Object.<anonymous> (/Users/spot/Code/amiexpress-web/web/backend/tests/message-scan-parity.test.ts:361:5)
Session: {"subState":"display_menu","currentConf":1}
[2026-08-19T21:52:54.712Z] Error in display state handling: socket.on is not a function
Stack: TypeError: socket.on is not a function
    at on (/Users/spot/Code/amiexpress-web/web/backend/src/utils/ansi-buffer.util.ts:175:10)
    at getAnsiBuffer (/Users/spot/Code/amiexpress-web/web/backend/src/utils/ansi-buffer.util.ts:195:18)
    at emitText (/Users/spot/Code/amiexpress-web/web/backend/src/utils/ansi-buffer.util.ts:211:3)
    at emitPrompt (/Users/spot/Code/amiexpress-web/web/backend/src/utils/output.util.ts:54:19)
    at doPause (/Users/spot/Code/amiexpress-web/web/backend/src/handlers/screen.handler.ts:2942:13)
    at doPause (/Users/spot/Code/amiexpress-web/web/backend/src/handlers/command.handler.ts:957:11)
    at finishConferenceScan (/Users/spot/Code/amiexpress-web/web/backend/src/handlers/message/message-scan.handler.ts:465:5)
    at advanceConferenceScan (/Users/spot/Code/amiexpress-web/web/backend/src/handlers/message/message-scan.handler.ts:822:3)
    at performConferenceScan (/Users/spot/Code/amiexpress-web/web/backend/src/handlers/message/message-scan.handler.ts:885:3)
    at Object.<anonymous> (/Users/spot/Code/amiexpress-web/web/backend/tests/message-scan-parity.test.ts:388:5)
Session: {"subState":"display_menu","currentConf":1}
[2026-08-19T21:52:59.555Z] Error in display state handling: socket.on is not a function
Stack: TypeError: socket.on is not a function
    at on (/Users/spot/Code/amiexpress-web/web/backend/src/utils/ansi-buffer.util.ts:175:10)
    at getAnsiBuffer (/Users/spot/Code/amiexpress-web/web/backend/src/utils/ansi-buffer.util.ts:195:18)
    at emitText (/Users/spot/Code/amiexpress-web/web/backend/src/utils/ansi-buffer.util.ts:211:3)
    at emitPrompt (/Users/spot/Code/amiexpress-web/web/backend/src/utils/output.util.ts:54:19)
    at doPause (/Users/spot/Code/amiexpress-web/web/backend/src/handlers/screen.handler.ts:2942:13)
    at doPause (/Users/spot/Code/amiexpress-web/web/backend/src/handlers/command.handler.ts:957:11)
    at finishConferenceScan (/Users/spot/Code/amiexpress-web/web/backend/src/handlers/message/message-scan.handler.ts:465:5)
    at advanceConferenceScan (/Users/spot/Code/amiexpress-web/web/backend/src/handlers/message/message-scan.handler.ts:822:3)
    at performConferenceScan (/Users/spot/Code/amiexpress-web/web/backend/src/handlers/message/message-scan.handler.ts:885:3)
    at Object.<anonymous> (/Users/spot/Code/amiexpress-web/web/backend/tests/message-scan-parity.test.ts:415:5)
Session: {"subState":"display_menu","currentConf":1}
[2026-08-19T21:56:35.636Z] Error in display state handling: socket.on is not a function
Stack: TypeError: socket.on is not a function
    at on (/Users/spot/Code/amiexpress-web/web/backend/src/utils/ansi-buffer.util.ts:175:10)
    at getAnsiBuffer (/Users/spot/Code/amiexpress-web/web/backend/src/utils/ansi-buffer.util.ts:195:18)
    at emitText (/Users/spot/Code/amiexpress-web/web/backend/src/utils/ansi-buffer.util.ts:211:3)
    at emitPrompt (/Users/spot/Code/amiexpress-web/web/backend/src/utils/output.util.ts:54:19)
    at doPause (/Users/spot/Code/amiexpress-web/web/backend/src/handlers/screen.handler.ts:2942:13)
    at doPause (/Users/spot/Code/amiexpress-web/web/backend/src/handlers/command.handler.ts:957:11)
    at finishConferenceScan (/Users/spot/Code/amiexpress-web/web/backend/src/handlers/message/message-scan.handler.ts:465:5)
    at advanceConferenceScan (/Users/spot/Code/amiexpress-web/web/backend/src/handlers/message/message-scan.handler.ts:822:3)
    at performConferenceScan (/Users/spot/Code/amiexpress-web/web/backend/src/handlers/message/message-scan.handler.ts:885:3)
    at Object.<anonymous> (/Users/spot/Code/amiexpress-web/web/backend/tests/message-scan-parity.test.ts:215:5)
Session: {"subState":"display_menu","currentConf":1}
[2026-08-19T21:56:41.973Z] Error in display state handling: socket.on is not a function
Stack: TypeError: socket.on is not a function
    at on (/Users/spot/Code/amiexpress-web/web/backend/src/utils/ansi-buffer.util.ts:175:10)
    at getAnsiBuffer (/Users/spot/Code/amiexpress-web/web/backend/src/utils/ansi-buffer.util.ts:195:18)
    at emitText (/Users/spot/Code/amiexpress-web/web/backend/src/utils/ansi-buffer.util.ts:211:3)
    at emitPrompt (/Users/spot/Code/amiexpress-web/web/backend/src/utils/output.util.ts:54:19)
    at doPause (/Users/spot/Code/amiexpress-web/web/backend/src/handlers/screen.handler.ts:2942:13)
    at doPause (/Users/spot/Code/amiexpress-web/web/backend/src/handlers/command.handler.ts:957:11)
    at finishConferenceScan (/Users/spot/Code/amiexpress-web/web/backend/src/handlers/message/message-scan.handler.ts:465:5)
    at advanceConferenceScan (/Users/spot/Code/amiexpress-web/web/backend/src/handlers/message/message-scan.handler.ts:822:3)
    at performConferenceScan (/Users/spot/Code/amiexpress-web/web/backend/src/handlers/message/message-scan.handler.ts:885:3)
    at Object.<anonymous> (/Users/spot/Code/amiexpress-web/web/backend/tests/message-scan-parity.test.ts:361:5)
Session: {"subState":"display_menu","currentConf":1}
[2026-08-19T21:56:44.170Z] Error in display state handling: socket.on is not a function
Stack: TypeError: socket.on is not a function
    at on (/Users/spot/Code/amiexpress-web/web/backend/src/utils/ansi-buffer.util.ts:175:10)
    at getAnsiBuffer (/Users/spot/Code/amiexpress-web/web/backend/src/utils/ansi-buffer.util.ts:195:18)
    at emitText (/Users/spot/Code/amiexpress-web/web/backend/src/utils/ansi-buffer.util.ts:211:3)
    at emitPrompt (/Users/spot/Code/amiexpress-web/web/backend/src/utils/output.util.ts:54:19)
    at doPause (/Users/spot/Code/amiexpress-web/web/backend/src/handlers/screen.handler.ts:2942:13)
    at doPause (/Users/spot/Code/amiexpress-web/web/backend/src/handlers/command.handler.ts:957:11)
    at finishConferenceScan (/Users/spot/Code/amiexpress-web/web/backend/src/handlers/message/message-scan.handler.ts:465:5)
    at advanceConferenceScan (/Users/spot/Code/amiexpress-web/web/backend/src/handlers/message/message-scan.handler.ts:822:3)
    at performConferenceScan (/Users/spot/Code/amiexpress-web/web/backend/src/handlers/message/message-scan.handler.ts:885:3)
    at Object.<anonymous> (/Users/spot/Code/amiexpress-web/web/backend/tests/message-scan-parity.test.ts:388:5)
Session: {"subState":"display_menu","currentConf":1}
[2026-08-19T21:56:47.655Z] Error in display state handling: socket.on is not a function
Stack: TypeError: socket.on is not a function
    at on (/Users/spot/Code/amiexpress-web/web/backend/src/utils/ansi-buffer.util.ts:175:10)
    at getAnsiBuffer (/Users/spot/Code/amiexpress-web/web/backend/src/utils/ansi-buffer.util.ts:195:18)
    at emitText (/Users/spot/Code/amiexpress-web/web/backend/src/utils/ansi-buffer.util.ts:211:3)
    at emitPrompt (/Users/spot/Code/amiexpress-web/web/backend/src/utils/output.util.ts:54:19)
    at doPause (/Users/spot/Code/amiexpress-web/web/backend/src/handlers/screen.handler.ts:2942:13)
    at doPause (/Users/spot/Code/amiexpress-web/web/backend/src/handlers/command.handler.ts:957:11)
    at finishConferenceScan (/Users/spot/Code/amiexpress-web/web/backend/src/handlers/message/message-scan.handler.ts:465:5)
    at advanceConferenceScan (/Users/spot/Code/amiexpress-web/web/backend/src/handlers/message/message-scan.handler.ts:822:3)
    at performConferenceScan (/Users/spot/Code/amiexpress-web/web/backend/src/handlers/message/message-scan.handler.ts:885:3)
    at Object.<anonymous> (/Users/spot/Code/amiexpress-web/web/backend/tests/message-scan-parity.test.ts:415:5)
Session: {"subState":"display_menu","currentConf":1}
[2026-08-19T22:38:12.099Z] Error in display state handling: socket.on is not a function
Stack: TypeError: socket.on is not a function
    at on (/Users/spot/Code/amiexpress-web/web/backend/src/utils/ansi-buffer.util.ts:175:10)
    at getAnsiBuffer (/Users/spot/Code/amiexpress-web/web/backend/src/utils/ansi-buffer.util.ts:195:18)
    at emitText (/Users/spot/Code/amiexpress-web/web/backend/src/utils/ansi-buffer.util.ts:211:3)
    at emitPrompt (/Users/spot/Code/amiexpress-web/web/backend/src/utils/output.util.ts:54:19)
    at doPause (/Users/spot/Code/amiexpress-web/web/backend/src/handlers/screen.handler.ts:2942:13)
    at doPause (/Users/spot/Code/amiexpress-web/web/backend/src/handlers/command.handler.ts:957:11)
    at finishConferenceScan (/Users/spot/Code/amiexpress-web/web/backend/src/handlers/message/message-scan.handler.ts:465:5)
    at advanceConferenceScan (/Users/spot/Code/amiexpress-web/web/backend/src/handlers/message/message-scan.handler.ts:822:3)
    at performConferenceScan (/Users/spot/Code/amiexpress-web/web/backend/src/handlers/message/message-scan.handler.ts:885:3)
    at Object.<anonymous> (/Users/spot/Code/amiexpress-web/web/backend/tests/message-scan-parity.test.ts:215:5)
Session: {"subState":"display_menu","currentConf":1}
[2026-08-19T22:38:15.338Z] Error in display state handling: socket.on is not a function
Stack: TypeError: socket.on is not a function
    at on (/Users/spot/Code/amiexpress-web/web/backend/src/utils/ansi-buffer.util.ts:175:10)
    at getAnsiBuffer (/Users/spot/Code/amiexpress-web/web/backend/src/utils/ansi-buffer.util.ts:195:18)
    at emitText (/Users/spot/Code/amiexpress-web/web/backend/src/utils/ansi-buffer.util.ts:211:3)
    at emitPrompt (/Users/spot/Code/amiexpress-web/web/backend/src/utils/output.util.ts:54:19)
    at doPause (/Users/spot/Code/amiexpress-web/web/backend/src/handlers/screen.handler.ts:2942:13)
    at doPause (/Users/spot/Code/amiexpress-web/web/backend/src/handlers/command.handler.ts:957:11)
    at finishConferenceScan (/Users/spot/Code/amiexpress-web/web/backend/src/handlers/message/message-scan.handler.ts:465:5)
    at advanceConferenceScan (/Users/spot/Code/amiexpress-web/web/backend/src/handlers/message/message-scan.handler.ts:822:3)
    at performConferenceScan (/Users/spot/Code/amiexpress-web/web/backend/src/handlers/message/message-scan.handler.ts:885:3)
    at Object.<anonymous> (/Users/spot/Code/amiexpress-web/web/backend/tests/message-scan-parity.test.ts:361:5)
Session: {"subState":"display_menu","currentConf":1}
[2026-08-19T22:38:19.443Z] Error in display state handling: socket.on is not a function
Stack: TypeError: socket.on is not a function
    at on (/Users/spot/Code/amiexpress-web/web/backend/src/utils/ansi-buffer.util.ts:175:10)
    at getAnsiBuffer (/Users/spot/Code/amiexpress-web/web/backend/src/utils/ansi-buffer.util.ts:195:18)
    at emitText (/Users/spot/Code/amiexpress-web/web/backend/src/utils/ansi-buffer.util.ts:211:3)
    at emitPrompt (/Users/spot/Code/amiexpress-web/web/backend/src/utils/output.util.ts:54:19)
    at doPause (/Users/spot/Code/amiexpress-web/web/backend/src/handlers/screen.handler.ts:2942:13)
    at doPause (/Users/spot/Code/amiexpress-web/web/backend/src/handlers/command.handler.ts:957:11)
    at finishConferenceScan (/Users/spot/Code/amiexpress-web/web/backend/src/handlers/message/message-scan.handler.ts:465:5)
    at advanceConferenceScan (/Users/spot/Code/amiexpress-web/web/backend/src/handlers/message/message-scan.handler.ts:822:3)
    at performConferenceScan (/Users/spot/Code/amiexpress-web/web/backend/src/handlers/message/message-scan.handler.ts:885:3)
    at Object.<anonymous> (/Users/spot/Code/amiexpress-web/web/backend/tests/message-scan-parity.test.ts:388:5)
Session: {"subState":"display_menu","currentConf":1}
[2026-08-19T22:38:25.915Z] Error in display state handling: socket.on is not a function
Stack: TypeError: socket.on is not a function
    at on (/Users/spot/Code/amiexpress-web/web/backend/src/utils/ansi-buffer.util.ts:175:10)
    at getAnsiBuffer (/Users/spot/Code/amiexpress-web/web/backend/src/utils/ansi-buffer.util.ts:195:18)
    at emitText (/Users/spot/Code/amiexpress-web/web/backend/src/utils/ansi-buffer.util.ts:211:3)
    at emitPrompt (/Users/spot/Code/amiexpress-web/web/backend/src/utils/output.util.ts:54:19)
    at doPause (/Users/spot/Code/amiexpress-web/web/backend/src/handlers/screen.handler.ts:2942:13)
    at doPause (/Users/spot/Code/amiexpress-web/web/backend/src/handlers/command.handler.ts:957:11)
    at finishConferenceScan (/Users/spot/Code/amiexpress-web/web/backend/src/handlers/message/message-scan.handler.ts:465:5)
    at advanceConferenceScan (/Users/spot/Code/amiexpress-web/web/backend/src/handlers/message/message-scan.handler.ts:822:3)
    at performConferenceScan (/Users/spot/Code/amiexpress-web/web/backend/src/handlers/message/message-scan.handler.ts:885:3)
    at Object.<anonymous> (/Users/spot/Code/amiexpress-web/web/backend/tests/message-scan-parity.test.ts:415:5)
Session: {"subState":"display_menu","currentConf":1}
[2026-08-31T14:13:54.173Z] Error in display state handling: socket.on is not a function
Stack: TypeError: socket.on is not a function
    at on (/Users/spot/Code/amiexpress-web/web/backend/src/utils/ansi-buffer.util.ts:175:10)
    at getAnsiBuffer (/Users/spot/Code/amiexpress-web/web/backend/src/utils/ansi-buffer.util.ts:195:18)
    at emitText (/Users/spot/Code/amiexpress-web/web/backend/src/utils/ansi-buffer.util.ts:211:3)
    at emitPrompt (/Users/spot/Code/amiexpress-web/web/backend/src/utils/output.util.ts:54:19)
    at doPause (/Users/spot/Code/amiexpress-web/web/backend/src/handlers/screen.handler.ts:2944:13)
    at doPause (/Users/spot/Code/amiexpress-web/web/backend/src/handlers/command.handler.ts:957:11)
    at finishConferenceScan (/Users/spot/Code/amiexpress-web/web/backend/src/handlers/message/message-scan.handler.ts:465:5)
    at advanceConferenceScan (/Users/spot/Code/amiexpress-web/web/backend/src/handlers/message/message-scan.handler.ts:822:3)
    at performConferenceScan (/Users/spot/Code/amiexpress-web/web/backend/src/handlers/message/message-scan.handler.ts:885:3)
    at Object.<anonymous> (/Users/spot/Code/amiexpress-web/web/backend/tests/message-scan-parity.test.ts:215:5)
Session: {"subState":"display_menu","currentConf":1}
[2026-08-31T14:13:54.990Z] Error in display state handling: socket.on is not a function
Stack: TypeError: socket.on is not a function
    at on (/Users/spot/Code/amiexpress-web/web/backend/src/utils/ansi-buffer.util.ts:175:10)
    at getAnsiBuffer (/Users/spot/Code/amiexpress-web/web/backend/src/utils/ansi-buffer.util.ts:195:18)
    at emitText (/Users/spot/Code/amiexpress-web/web/backend/src/utils/ansi-buffer.util.ts:211:3)
    at emitPrompt (/Users/spot/Code/amiexpress-web/web/backend/src/utils/output.util.ts:54:19)
    at doPause (/Users/spot/Code/amiexpress-web/web/backend/src/handlers/screen.handler.ts:2944:13)
    at doPause (/Users/spot/Code/amiexpress-web/web/backend/src/handlers/command.handler.ts:957:11)
    at finishConferenceScan (/Users/spot/Code/amiexpress-web/web/backend/src/handlers/message/message-scan.handler.ts:465:5)
    at advanceConferenceScan (/Users/spot/Code/amiexpress-web/web/backend/src/handlers/message/message-scan.handler.ts:822:3)
    at performConferenceScan (/Users/spot/Code/amiexpress-web/web/backend/src/handlers/message/message-scan.handler.ts:885:3)
    at Object.<anonymous> (/Users/spot/Code/amiexpress-web/web/backend/tests/message-scan-parity.test.ts:361:5)
Session: {"subState":"display_menu","currentConf":1}
[2026-08-31T14:13:55.535Z] Error in display state handling: socket.on is not a function
Stack: TypeError: socket.on is not a function
    at on (/Users/spot/Code/amiexpress-web/web/backend/src/utils/ansi-buffer.util.ts:175:10)
    at getAnsiBuffer (/Users/spot/Code/amiexpress-web/web/backend/src/utils/ansi-buffer.util.ts:195:18)
    at emitText (/Users/spot/Code/amiexpress-web/web/backend/src/utils/ansi-buffer.util.ts:211:3)
    at emitPrompt (/Users/spot/Code/amiexpress-web/web/backend/src/utils/output.util.ts:54:19)
    at doPause (/Users/spot/Code/amiexpress-web/web/backend/src/handlers/screen.handler.ts:2944:13)
    at doPause (/Users/spot/Code/amiexpress-web/web/backend/src/handlers/command.handler.ts:957:11)
    at finishConferenceScan (/Users/spot/Code/amiexpress-web/web/backend/src/handlers/message/message-scan.handler.ts:465:5)
    at advanceConferenceScan (/Users/spot/Code/amiexpress-web/web/backend/src/handlers/message/message-scan.handler.ts:822:3)
    at performConferenceScan (/Users/spot/Code/amiexpress-web/web/backend/src/handlers/message/message-scan.handler.ts:885:3)
    at Object.<anonymous> (/Users/spot/Code/amiexpress-web/web/backend/tests/message-scan-parity.test.ts:388:5)
Session: {"subState":"display_menu","currentConf":1}
[2026-08-31T14:13:56.081Z] Error in display state handling: socket.on is not a function
Stack: TypeError: socket.on is not a function
    at on (/Users/spot/Code/amiexpress-web/web/backend/src/utils/ansi-buffer.util.ts:175:10)
    at getAnsiBuffer (/Users/spot/Code/amiexpress-web/web/backend/src/utils/ansi-buffer.util.ts:195:18)
    at emitText (/Users/spot/Code/amiexpress-web/web/backend/src/utils/ansi-buffer.util.ts:211:3)
    at emitPrompt (/Users/spot/Code/amiexpress-web/web/backend/src/utils/output.util.ts:54:19)
    at doPause (/Users/spot/Code/amiexpress-web/web/backend/src/handlers/screen.handler.ts:2944:13)
    at doPause (/Users/spot/Code/amiexpress-web/web/backend/src/handlers/command.handler.ts:957:11)
    at finishConferenceScan (/Users/spot/Code/amiexpress-web/web/backend/src/handlers/message/message-scan.handler.ts:465:5)
    at advanceConferenceScan (/Users/spot/Code/amiexpress-web/web/backend/src/handlers/message/message-scan.handler.ts:822:3)
    at performConferenceScan (/Users/spot/Code/amiexpress-web/web/backend/src/handlers/message/message-scan.handler.ts:885:3)
    at Object.<anonymous> (/Users/spot/Code/amiexpress-web/web/backend/tests/message-scan-parity.test.ts:415:5)
Session: {"subState":"display_menu","currentConf":1}
[2026-08-31T14:57:04.313Z] Error in display state handling: socket.on is not a function
Stack: TypeError: socket.on is not a function
    at on (/Users/spot/Code/amiexpress-web/web/backend/src/utils/ansi-buffer.util.ts:175:10)
    at getAnsiBuffer (/Users/spot/Code/amiexpress-web/web/backend/src/utils/ansi-buffer.util.ts:195:18)
    at emitText (/Users/spot/Code/amiexpress-web/web/backend/src/utils/ansi-buffer.util.ts:211:3)
    at emitPrompt (/Users/spot/Code/amiexpress-web/web/backend/src/utils/output.util.ts:54:19)
    at doPause (/Users/spot/Code/amiexpress-web/web/backend/src/handlers/screen.handler.ts:2944:13)
    at doPause (/Users/spot/Code/amiexpress-web/web/backend/src/handlers/command.handler.ts:957:11)
    at finishConferenceScan (/Users/spot/Code/amiexpress-web/web/backend/src/handlers/message/message-scan.handler.ts:465:5)
    at advanceConferenceScan (/Users/spot/Code/amiexpress-web/web/backend/src/handlers/message/message-scan.handler.ts:822:3)
    at performConferenceScan (/Users/spot/Code/amiexpress-web/web/backend/src/handlers/message/message-scan.handler.ts:885:3)
    at Object.<anonymous> (/Users/spot/Code/amiexpress-web/web/backend/tests/message-scan-parity.test.ts:215:5)
Session: {"subState":"display_menu","currentConf":1}
[2026-08-31T14:57:06.651Z] Error in display state handling: socket.on is not a function
Stack: TypeError: socket.on is not a function
    at on (/Users/spot/Code/amiexpress-web/web/backend/src/utils/ansi-buffer.util.ts:175:10)
    at getAnsiBuffer (/Users/spot/Code/amiexpress-web/web/backend/src/utils/ansi-buffer.util.ts:195:18)
    at emitText (/Users/spot/Code/amiexpress-web/web/backend/src/utils/ansi-buffer.util.ts:211:3)
    at emitPrompt (/Users/spot/Code/amiexpress-web/web/backend/src/utils/output.util.ts:54:19)
    at doPause (/Users/spot/Code/amiexpress-web/web/backend/src/handlers/screen.handler.ts:2944:13)
    at doPause (/Users/spot/Code/amiexpress-web/web/backend/src/handlers/command.handler.ts:957:11)
    at finishConferenceScan (/Users/spot/Code/amiexpress-web/web/backend/src/handlers/message/message-scan.handler.ts:465:5)
    at advanceConferenceScan (/Users/spot/Code/amiexpress-web/web/backend/src/handlers/message/message-scan.handler.ts:822:3)
    at performConferenceScan (/Users/spot/Code/amiexpress-web/web/backend/src/handlers/message/message-scan.handler.ts:885:3)
    at Object.<anonymous> (/Users/spot/Code/amiexpress-web/web/backend/tests/message-scan-parity.test.ts:361:5)
Session: {"subState":"display_menu","currentConf":1}
[2026-08-31T14:57:07.959Z] Error in display state handling: socket.on is not a function
Stack: TypeError: socket.on is not a function
    at on (/Users/spot/Code/amiexpress-web/web/backend/src/utils/ansi-buffer.util.ts:175:10)
    at getAnsiBuffer (/Users/spot/Code/amiexpress-web/web/backend/src/utils/ansi-buffer.util.ts:195:18)
    at emitText (/Users/spot/Code/amiexpress-web/web/backend/src/utils/ansi-buffer.util.ts:211:3)
    at emitPrompt (/Users/spot/Code/amiexpress-web/web/backend/src/utils/output.util.ts:54:19)
    at doPause (/Users/spot/Code/amiexpress-web/web/backend/src/handlers/screen.handler.ts:2944:13)
    at doPause (/Users/spot/Code/amiexpress-web/web/backend/src/handlers/command.handler.ts:957:11)
    at finishConferenceScan (/Users/spot/Code/amiexpress-web/web/backend/src/handlers/message/message-scan.handler.ts:465:5)
    at advanceConferenceScan (/Users/spot/Code/amiexpress-web/web/backend/src/handlers/message/message-scan.handler.ts:822:3)
    at performConferenceScan (/Users/spot/Code/amiexpress-web/web/backend/src/handlers/message/message-scan.handler.ts:885:3)
    at Object.<anonymous> (/Users/spot/Code/amiexpress-web/web/backend/tests/message-scan-parity.test.ts:388:5)
Session: {"subState":"display_menu","currentConf":1}
[2026-08-31T14:57:09.444Z] Error in display state handling: socket.on is not a function
Stack: TypeError: socket.on is not a function
    at on (/Users/spot/Code/amiexpress-web/web/backend/src/utils/ansi-buffer.util.ts:175:10)
    at getAnsiBuffer (/Users/spot/Code/amiexpress-web/web/backend/src/utils/ansi-buffer.util.ts:195:18)
    at emitText (/Users/spot/Code/amiexpress-web/web/backend/src/utils/ansi-buffer.util.ts:211:3)
    at emitPrompt (/Users/spot/Code/amiexpress-web/web/backend/src/utils/output.util.ts:54:19)
    at doPause (/Users/spot/Code/amiexpress-web/web/backend/src/handlers/screen.handler.ts:2944:13)
    at doPause (/Users/spot/Code/amiexpress-web/web/backend/src/handlers/command.handler.ts:957:11)
    at finishConferenceScan (/Users/spot/Code/amiexpress-web/web/backend/src/handlers/message/message-scan.handler.ts:465:5)
    at advanceConferenceScan (/Users/spot/Code/amiexpress-web/web/backend/src/handlers/message/message-scan.handler.ts:822:3)
    at performConferenceScan (/Users/spot/Code/amiexpress-web/web/backend/src/handlers/message/message-scan.handler.ts:885:3)
    at Object.<anonymous> (/Users/spot/Code/amiexpress-web/web/backend/tests/message-scan-parity.test.ts:415:5)
Session: {"subState":"display_menu","currentConf":1}
[2026-08-31T20:04:05.217Z] Error in display state handling: socket.on is not a function
Stack: TypeError: socket.on is not a function
    at on (/Users/spot/Code/amiexpress-web/web/backend/src/utils/ansi-buffer.util.ts:175:10)
    at getAnsiBuffer (/Users/spot/Code/amiexpress-web/web/backend/src/utils/ansi-buffer.util.ts:195:18)
    at emitText (/Users/spot/Code/amiexpress-web/web/backend/src/utils/ansi-buffer.util.ts:211:3)
    at emitPrompt (/Users/spot/Code/amiexpress-web/web/backend/src/utils/output.util.ts:54:19)
    at doPause (/Users/spot/Code/amiexpress-web/web/backend/src/handlers/screen.handler.ts:2944:13)
    at doPause (/Users/spot/Code/amiexpress-web/web/backend/src/handlers/command.handler.ts:957:11)
    at finishConferenceScan (/Users/spot/Code/amiexpress-web/web/backend/src/handlers/message/message-scan.handler.ts:465:5)
    at advanceConferenceScan (/Users/spot/Code/amiexpress-web/web/backend/src/handlers/message/message-scan.handler.ts:822:3)
    at performConferenceScan (/Users/spot/Code/amiexpress-web/web/backend/src/handlers/message/message-scan.handler.ts:885:3)
    at Object.<anonymous> (/Users/spot/Code/amiexpress-web/web/backend/tests/message-scan-parity.test.ts:215:5)
Session: {"subState":"display_menu","currentConf":1}
[2026-08-31T20:04:06.747Z] Error in display state handling: socket.on is not a function
Stack: TypeError: socket.on is not a function
    at on (/Users/spot/Code/amiexpress-web/web/backend/src/utils/ansi-buffer.util.ts:175:10)
    at getAnsiBuffer (/Users/spot/Code/amiexpress-web/web/backend/src/utils/ansi-buffer.util.ts:195:18)
    at emitText (/Users/spot/Code/amiexpress-web/web/backend/src/utils/ansi-buffer.util.ts:211:3)
    at emitPrompt (/Users/spot/Code/amiexpress-web/web/backend/src/utils/output.util.ts:54:19)
    at doPause (/Users/spot/Code/amiexpress-web/web/backend/src/handlers/screen.handler.ts:2944:13)
    at doPause (/Users/spot/Code/amiexpress-web/web/backend/src/handlers/command.handler.ts:957:11)
    at finishConferenceScan (/Users/spot/Code/amiexpress-web/web/backend/src/handlers/message/message-scan.handler.ts:465:5)
    at advanceConferenceScan (/Users/spot/Code/amiexpress-web/web/backend/src/handlers/message/message-scan.handler.ts:822:3)
    at performConferenceScan (/Users/spot/Code/amiexpress-web/web/backend/src/handlers/message/message-scan.handler.ts:885:3)
    at Object.<anonymous> (/Users/spot/Code/amiexpress-web/web/backend/tests/message-scan-parity.test.ts:361:5)
Session: {"subState":"display_menu","currentConf":1}
[2026-08-31T20:04:07.411Z] Error in display state handling: socket.on is not a function
Stack: TypeError: socket.on is not a function
    at on (/Users/spot/Code/amiexpress-web/web/backend/src/utils/ansi-buffer.util.ts:175:10)
    at getAnsiBuffer (/Users/spot/Code/amiexpress-web/web/backend/src/utils/ansi-buffer.util.ts:195:18)
    at emitText (/Users/spot/Code/amiexpress-web/web/backend/src/utils/ansi-buffer.util.ts:211:3)
    at emitPrompt (/Users/spot/Code/amiexpress-web/web/backend/src/utils/output.util.ts:54:19)
    at doPause (/Users/spot/Code/amiexpress-web/web/backend/src/handlers/screen.handler.ts:2944:13)
    at doPause (/Users/spot/Code/amiexpress-web/web/backend/src/handlers/command.handler.ts:957:11)
    at finishConferenceScan (/Users/spot/Code/amiexpress-web/web/backend/src/handlers/message/message-scan.handler.ts:465:5)
    at advanceConferenceScan (/Users/spot/Code/amiexpress-web/web/backend/src/handlers/message/message-scan.handler.ts:822:3)
    at performConferenceScan (/Users/spot/Code/amiexpress-web/web/backend/src/handlers/message/message-scan.handler.ts:885:3)
    at Object.<anonymous> (/Users/spot/Code/amiexpress-web/web/backend/tests/message-scan-parity.test.ts:388:5)
Session: {"subState":"display_menu","currentConf":1}
[2026-08-31T20:04:09.278Z] Error in display state handling: socket.on is not a function
Stack: TypeError: socket.on is not a function
    at on (/Users/spot/Code/amiexpress-web/web/backend/src/utils/ansi-buffer.util.ts:175:10)
    at getAnsiBuffer (/Users/spot/Code/amiexpress-web/web/backend/src/utils/ansi-buffer.util.ts:195:18)
    at emitText (/Users/spot/Code/amiexpress-web/web/backend/src/utils/ansi-buffer.util.ts:211:3)
    at emitPrompt (/Users/spot/Code/amiexpress-web/web/backend/src/utils/output.util.ts:54:19)
    at doPause (/Users/spot/Code/amiexpress-web/web/backend/src/handlers/screen.handler.ts:2944:13)
    at doPause (/Users/spot/Code/amiexpress-web/web/backend/src/handlers/command.handler.ts:957:11)
    at finishConferenceScan (/Users/spot/Code/amiexpress-web/web/backend/src/handlers/message/message-scan.handler.ts:465:5)
    at advanceConferenceScan (/Users/spot/Code/amiexpress-web/web/backend/src/handlers/message/message-scan.handler.ts:822:3)
    at performConferenceScan (/Users/spot/Code/amiexpress-web/web/backend/src/handlers/message/message-scan.handler.ts:885:3)
    at Object.<anonymous> (/Users/spot/Code/amiexpress-web/web/backend/tests/message-scan-parity.test.ts:415:5)
Session: {"subState":"display_menu","currentConf":1}
[2026-08-31T20:07:17.975Z] Error in display state handling: socket.on is not a function
Stack: TypeError: socket.on is not a function
    at on (/Users/spot/Code/amiexpress-web/web/backend/src/utils/ansi-buffer.util.ts:175:10)
    at getAnsiBuffer (/Users/spot/Code/amiexpress-web/web/backend/src/utils/ansi-buffer.util.ts:195:18)
    at emitText (/Users/spot/Code/amiexpress-web/web/backend/src/utils/ansi-buffer.util.ts:211:3)
    at emitPrompt (/Users/spot/Code/amiexpress-web/web/backend/src/utils/output.util.ts:54:19)
    at doPause (/Users/spot/Code/amiexpress-web/web/backend/src/handlers/screen.handler.ts:2944:13)
    at doPause (/Users/spot/Code/amiexpress-web/web/backend/src/handlers/command.handler.ts:957:11)
    at finishConferenceScan (/Users/spot/Code/amiexpress-web/web/backend/src/handlers/message/message-scan.handler.ts:465:5)
    at advanceConferenceScan (/Users/spot/Code/amiexpress-web/web/backend/src/handlers/message/message-scan.handler.ts:822:3)
    at performConferenceScan (/Users/spot/Code/amiexpress-web/web/backend/src/handlers/message/message-scan.handler.ts:885:3)
    at Object.<anonymous> (/Users/spot/Code/amiexpress-web/web/backend/tests/message-scan-parity.test.ts:215:5)
Session: {"subState":"display_menu","currentConf":1}
[2026-08-31T20:07:19.736Z] Error in display state handling: socket.on is not a function
Stack: TypeError: socket.on is not a function
    at on (/Users/spot/Code/amiexpress-web/web/backend/src/utils/ansi-buffer.util.ts:175:10)
    at getAnsiBuffer (/Users/spot/Code/amiexpress-web/web/backend/src/utils/ansi-buffer.util.ts:195:18)
    at emitText (/Users/spot/Code/amiexpress-web/web/backend/src/utils/ansi-buffer.util.ts:211:3)
    at emitPrompt (/Users/spot/Code/amiexpress-web/web/backend/src/utils/output.util.ts:54:19)
    at doPause (/Users/spot/Code/amiexpress-web/web/backend/src/handlers/screen.handler.ts:2944:13)
    at doPause (/Users/spot/Code/amiexpress-web/web/backend/src/handlers/command.handler.ts:957:11)
    at finishConferenceScan (/Users/spot/Code/amiexpress-web/web/backend/src/handlers/message/message-scan.handler.ts:465:5)
    at advanceConferenceScan (/Users/spot/Code/amiexpress-web/web/backend/src/handlers/message/message-scan.handler.ts:822:3)
    at performConferenceScan (/Users/spot/Code/amiexpress-web/web/backend/src/handlers/message/message-scan.handler.ts:885:3)
    at Object.<anonymous> (/Users/spot/Code/amiexpress-web/web/backend/tests/message-scan-parity.test.ts:361:5)
Session: {"subState":"display_menu","currentConf":1}
[2026-08-31T20:07:20.386Z] Error in display state handling: socket.on is not a function
Stack: TypeError: socket.on is not a function
    at on (/Users/spot/Code/amiexpress-web/web/backend/src/utils/ansi-buffer.util.ts:175:10)
    at getAnsiBuffer (/Users/spot/Code/amiexpress-web/web/backend/src/utils/ansi-buffer.util.ts:195:18)
    at emitText (/Users/spot/Code/amiexpress-web/web/backend/src/utils/ansi-buffer.util.ts:211:3)
    at emitPrompt (/Users/spot/Code/amiexpress-web/web/backend/src/utils/output.util.ts:54:19)
    at doPause (/Users/spot/Code/amiexpress-web/web/backend/src/handlers/screen.handler.ts:2944:13)
    at doPause (/Users/spot/Code/amiexpress-web/web/backend/src/handlers/command.handler.ts:957:11)
    at finishConferenceScan (/Users/spot/Code/amiexpress-web/web/backend/src/handlers/message/message-scan.handler.ts:465:5)
    at advanceConferenceScan (/Users/spot/Code/amiexpress-web/web/backend/src/handlers/message/message-scan.handler.ts:822:3)
    at performConferenceScan (/Users/spot/Code/amiexpress-web/web/backend/src/handlers/message/message-scan.handler.ts:885:3)
    at Object.<anonymous> (/Users/spot/Code/amiexpress-web/web/backend/tests/message-scan-parity.test.ts:388:5)
Session: {"subState":"display_menu","currentConf":1}
[2026-08-31T20:07:21.361Z] Error in display state handling: socket.on is not a function
Stack: TypeError: socket.on is not a function
    at on (/Users/spot/Code/amiexpress-web/web/backend/src/utils/ansi-buffer.util.ts:175:10)
    at getAnsiBuffer (/Users/spot/Code/amiexpress-web/web/backend/src/utils/ansi-buffer.util.ts:195:18)
    at emitText (/Users/spot/Code/amiexpress-web/web/backend/src/utils/ansi-buffer.util.ts:211:3)
    at emitPrompt (/Users/spot/Code/amiexpress-web/web/backend/src/utils/output.util.ts:54:19)
    at doPause (/Users/spot/Code/amiexpress-web/web/backend/src/handlers/screen.handler.ts:2944:13)
    at doPause (/Users/spot/Code/amiexpress-web/web/backend/src/handlers/command.handler.ts:957:11)
    at finishConferenceScan (/Users/spot/Code/amiexpress-web/web/backend/src/handlers/message/message-scan.handler.ts:465:5)
    at advanceConferenceScan (/Users/spot/Code/amiexpress-web/web/backend/src/handlers/message/message-scan.handler.ts:822:3)
    at performConferenceScan (/Users/spot/Code/amiexpress-web/web/backend/src/handlers/message/message-scan.handler.ts:885:3)
    at Object.<anonymous> (/Users/spot/Code/amiexpress-web/web/backend/tests/message-scan-parity.test.ts:415:5)
Session: {"subState":"display_menu","currentConf":1}
[2026-08-31T23:18:56.143Z] Error in display state handling: socket.on is not a function
Stack: TypeError: socket.on is not a function
    at on (/Users/spot/Code/amiexpress-web/web/backend/src/utils/ansi-buffer.util.ts:175:10)
    at getAnsiBuffer (/Users/spot/Code/amiexpress-web/web/backend/src/utils/ansi-buffer.util.ts:195:18)
    at emitText (/Users/spot/Code/amiexpress-web/web/backend/src/utils/ansi-buffer.util.ts:211:3)
    at emitPrompt (/Users/spot/Code/amiexpress-web/web/backend/src/utils/output.util.ts:54:19)
    at doPause (/Users/spot/Code/amiexpress-web/web/backend/src/handlers/screen.handler.ts:2944:13)
    at doPause (/Users/spot/Code/amiexpress-web/web/backend/src/handlers/command.handler.ts:957:11)
    at finishConferenceScan (/Users/spot/Code/amiexpress-web/web/backend/src/handlers/message/message-scan.handler.ts:465:5)
    at advanceConferenceScan (/Users/spot/Code/amiexpress-web/web/backend/src/handlers/message/message-scan.handler.ts:822:3)
    at performConferenceScan (/Users/spot/Code/amiexpress-web/web/backend/src/handlers/message/message-scan.handler.ts:885:3)
    at Object.<anonymous> (/Users/spot/Code/amiexpress-web/web/backend/tests/message-scan-parity.test.ts:215:5)
Session: {"subState":"display_menu","currentConf":1}
[2026-08-31T23:18:57.187Z] Error in display state handling: socket.on is not a function
Stack: TypeError: socket.on is not a function
    at on (/Users/spot/Code/amiexpress-web/web/backend/src/utils/ansi-buffer.util.ts:175:10)
    at getAnsiBuffer (/Users/spot/Code/amiexpress-web/web/backend/src/utils/ansi-buffer.util.ts:195:18)
    at emitText (/Users/spot/Code/amiexpress-web/web/backend/src/utils/ansi-buffer.util.ts:211:3)
    at emitPrompt (/Users/spot/Code/amiexpress-web/web/backend/src/utils/output.util.ts:54:19)
    at doPause (/Users/spot/Code/amiexpress-web/web/backend/src/handlers/screen.handler.ts:2944:13)
    at doPause (/Users/spot/Code/amiexpress-web/web/backend/src/handlers/command.handler.ts:957:11)
    at finishConferenceScan (/Users/spot/Code/amiexpress-web/web/backend/src/handlers/message/message-scan.handler.ts:465:5)
    at advanceConferenceScan (/Users/spot/Code/amiexpress-web/web/backend/src/handlers/message/message-scan.handler.ts:822:3)
    at performConferenceScan (/Users/spot/Code/amiexpress-web/web/backend/src/handlers/message/message-scan.handler.ts:885:3)
    at Object.<anonymous> (/Users/spot/Code/amiexpress-web/web/backend/tests/message-scan-parity.test.ts:361:5)
Session: {"subState":"display_menu","currentConf":1}
[2026-08-31T23:18:57.828Z] Error in display state handling: socket.on is not a function
Stack: TypeError: socket.on is not a function
    at on (/Users/spot/Code/amiexpress-web/web/backend/src/utils/ansi-buffer.util.ts:175:10)
    at getAnsiBuffer (/Users/spot/Code/amiexpress-web/web/backend/src/utils/ansi-buffer.util.ts:195:18)
    at emitText (/Users/spot/Code/amiexpress-web/web/backend/src/utils/ansi-buffer.util.ts:211:3)
    at emitPrompt (/Users/spot/Code/amiexpress-web/web/backend/src/utils/output.util.ts:54:19)
    at doPause (/Users/spot/Code/amiexpress-web/web/backend/src/handlers/screen.handler.ts:2944:13)
    at doPause (/Users/spot/Code/amiexpress-web/web/backend/src/handlers/command.handler.ts:957:11)
    at finishConferenceScan (/Users/spot/Code/amiexpress-web/web/backend/src/handlers/message/message-scan.handler.ts:465:5)
    at advanceConferenceScan (/Users/spot/Code/amiexpress-web/web/backend/src/handlers/message/message-scan.handler.ts:822:3)
    at performConferenceScan (/Users/spot/Code/amiexpress-web/web/backend/src/handlers/message/message-scan.handler.ts:885:3)
    at Object.<anonymous> (/Users/spot/Code/amiexpress-web/web/backend/tests/message-scan-parity.test.ts:388:5)
Session: {"subState":"display_menu","currentConf":1}
[2026-08-31T23:18:58.502Z] Error in display state handling: socket.on is not a function
Stack: TypeError: socket.on is not a function
    at on (/Users/spot/Code/amiexpress-web/web/backend/src/utils/ansi-buffer.util.ts:175:10)
    at getAnsiBuffer (/Users/spot/Code/amiexpress-web/web/backend/src/utils/ansi-buffer.util.ts:195:18)
    at emitText (/Users/spot/Code/amiexpress-web/web/backend/src/utils/ansi-buffer.util.ts:211:3)
    at emitPrompt (/Users/spot/Code/amiexpress-web/web/backend/src/utils/output.util.ts:54:19)
    at doPause (/Users/spot/Code/amiexpress-web/web/backend/src/handlers/screen.handler.ts:2944:13)
    at doPause (/Users/spot/Code/amiexpress-web/web/backend/src/handlers/command.handler.ts:957:11)
    at finishConferenceScan (/Users/spot/Code/amiexpress-web/web/backend/src/handlers/message/message-scan.handler.ts:465:5)
    at advanceConferenceScan (/Users/spot/Code/amiexpress-web/web/backend/src/handlers/message/message-scan.handler.ts:822:3)
    at performConferenceScan (/Users/spot/Code/amiexpress-web/web/backend/src/handlers/message/message-scan.handler.ts:885:3)
    at Object.<anonymous> (/Users/spot/Code/amiexpress-web/web/backend/tests/message-scan-parity.test.ts:415:5)
Session: {"subState":"display_menu","currentConf":1}
[2026-09-01T00:05:49.904Z] Error in display state handling: socket.on is not a function
Stack: TypeError: socket.on is not a function
    at on (/Users/spot/Code/amiexpress-web/web/backend/src/utils/ansi-buffer.util.ts:175:10)
    at getAnsiBuffer (/Users/spot/Code/amiexpress-web/web/backend/src/utils/ansi-buffer.util.ts:195:18)
    at emitText (/Users/spot/Code/amiexpress-web/web/backend/src/utils/ansi-buffer.util.ts:211:3)
    at emitPrompt (/Users/spot/Code/amiexpress-web/web/backend/src/utils/output.util.ts:54:19)
    at doPause (/Users/spot/Code/amiexpress-web/web/backend/src/handlers/screen.handler.ts:2944:13)
    at doPause (/Users/spot/Code/amiexpress-web/web/backend/src/handlers/command.handler.ts:957:11)
    at finishConferenceScan (/Users/spot/Code/amiexpress-web/web/backend/src/handlers/message/message-scan.handler.ts:465:5)
    at advanceConferenceScan (/Users/spot/Code/amiexpress-web/web/backend/src/handlers/message/message-scan.handler.ts:822:3)
    at performConferenceScan (/Users/spot/Code/amiexpress-web/web/backend/src/handlers/message/message-scan.handler.ts:885:3)
    at Object.<anonymous> (/Users/spot/Code/amiexpress-web/web/backend/tests/message-scan-parity.test.ts:215:5)
Session: {"subState":"display_menu","currentConf":1}
[2026-09-01T00:05:50.962Z] Error in display state handling: socket.on is not a function
Stack: TypeError: socket.on is not a function
    at on (/Users/spot/Code/amiexpress-web/web/backend/src/utils/ansi-buffer.util.ts:175:10)
    at getAnsiBuffer (/Users/spot/Code/amiexpress-web/web/backend/src/utils/ansi-buffer.util.ts:195:18)
    at emitText (/Users/spot/Code/amiexpress-web/web/backend/src/utils/ansi-buffer.util.ts:211:3)
    at emitPrompt (/Users/spot/Code/amiexpress-web/web/backend/src/utils/output.util.ts:54:19)
    at doPause (/Users/spot/Code/amiexpress-web/web/backend/src/handlers/screen.handler.ts:2944:13)
    at doPause (/Users/spot/Code/amiexpress-web/web/backend/src/handlers/command.handler.ts:957:11)
    at finishConferenceScan (/Users/spot/Code/amiexpress-web/web/backend/src/handlers/message/message-scan.handler.ts:465:5)
    at advanceConferenceScan (/Users/spot/Code/amiexpress-web/web/backend/src/handlers/message/message-scan.handler.ts:822:3)
    at performConferenceScan (/Users/spot/Code/amiexpress-web/web/backend/src/handlers/message/message-scan.handler.ts:885:3)
    at Object.<anonymous> (/Users/spot/Code/amiexpress-web/web/backend/tests/message-scan-parity.test.ts:361:5)
Session: {"subState":"display_menu","currentConf":1}
[2026-09-01T00:05:51.656Z] Error in display state handling: socket.on is not a function
Stack: TypeError: socket.on is not a function
    at on (/Users/spot/Code/amiexpress-web/web/backend/src/utils/ansi-buffer.util.ts:175:10)
    at getAnsiBuffer (/Users/spot/Code/amiexpress-web/web/backend/src/utils/ansi-buffer.util.ts:195:18)
    at emitText (/Users/spot/Code/amiexpress-web/web/backend/src/utils/ansi-buffer.util.ts:211:3)
    at emitPrompt (/Users/spot/Code/amiexpress-web/web/backend/src/utils/output.util.ts:54:19)
    at doPause (/Users/spot/Code/amiexpress-web/web/backend/src/handlers/screen.handler.ts:2944:13)
    at doPause (/Users/spot/Code/amiexpress-web/web/backend/src/handlers/command.handler.ts:957:11)
    at finishConferenceScan (/Users/spot/Code/amiexpress-web/web/backend/src/handlers/message/message-scan.handler.ts:465:5)
    at advanceConferenceScan (/Users/spot/Code/amiexpress-web/web/backend/src/handlers/message/message-scan.handler.ts:822:3)
    at performConferenceScan (/Users/spot/Code/amiexpress-web/web/backend/src/handlers/message/message-scan.handler.ts:885:3)
    at Object.<anonymous> (/Users/spot/Code/amiexpress-web/web/backend/tests/message-scan-parity.test.ts:388:5)
Session: {"subState":"display_menu","currentConf":1}
[2026-09-01T00:05:52.332Z] Error in display state handling: socket.on is not a function
Stack: TypeError: socket.on is not a function
    at on (/Users/spot/Code/amiexpress-web/web/backend/src/utils/ansi-buffer.util.ts:175:10)
    at getAnsiBuffer (/Users/spot/Code/amiexpress-web/web/backend/src/utils/ansi-buffer.util.ts:195:18)
    at emitText (/Users/spot/Code/amiexpress-web/web/backend/src/utils/ansi-buffer.util.ts:211:3)
    at emitPrompt (/Users/spot/Code/amiexpress-web/web/backend/src/utils/output.util.ts:54:19)
    at doPause (/Users/spot/Code/amiexpress-web/web/backend/src/handlers/screen.handler.ts:2944:13)
    at doPause (/Users/spot/Code/amiexpress-web/web/backend/src/handlers/command.handler.ts:957:11)
    at finishConferenceScan (/Users/spot/Code/amiexpress-web/web/backend/src/handlers/message/message-scan.handler.ts:465:5)
    at advanceConferenceScan (/Users/spot/Code/amiexpress-web/web/backend/src/handlers/message/message-scan.handler.ts:822:3)
    at performConferenceScan (/Users/spot/Code/amiexpress-web/web/backend/src/handlers/message/message-scan.handler.ts:885:3)
    at Object.<anonymous> (/Users/spot/Code/amiexpress-web/web/backend/tests/message-scan-parity.test.ts:415:5)
Session: {"subState":"display_menu","currentConf":1}
[2026-09-01T06:56:31.444Z] Error in display state handling: socket.on is not a function
Stack: TypeError: socket.on is not a function
    at on (/Users/spot/Code/amiexpress-web/web/backend/src/utils/ansi-buffer.util.ts:175:10)
    at getAnsiBuffer (/Users/spot/Code/amiexpress-web/web/backend/src/utils/ansi-buffer.util.ts:195:18)
    at emitText (/Users/spot/Code/amiexpress-web/web/backend/src/utils/ansi-buffer.util.ts:211:3)
    at emitPrompt (/Users/spot/Code/amiexpress-web/web/backend/src/utils/output.util.ts:54:19)
    at doPause (/Users/spot/Code/amiexpress-web/web/backend/src/handlers/screen.handler.ts:2944:13)
    at doPause (/Users/spot/Code/amiexpress-web/web/backend/src/handlers/command.handler.ts:957:11)
    at finishConferenceScan (/Users/spot/Code/amiexpress-web/web/backend/src/handlers/message/message-scan.handler.ts:465:5)
    at advanceConferenceScan (/Users/spot/Code/amiexpress-web/web/backend/src/handlers/message/message-scan.handler.ts:822:3)
    at performConferenceScan (/Users/spot/Code/amiexpress-web/web/backend/src/handlers/message/message-scan.handler.ts:885:3)
    at Object.<anonymous> (/Users/spot/Code/amiexpress-web/web/backend/tests/message-scan-parity.test.ts:215:5)
Session: {"subState":"display_menu","currentConf":1}
[2026-09-01T06:56:33.019Z] Error in display state handling: socket.on is not a function
Stack: TypeError: socket.on is not a function
    at on (/Users/spot/Code/amiexpress-web/web/backend/src/utils/ansi-buffer.util.ts:175:10)
    at getAnsiBuffer (/Users/spot/Code/amiexpress-web/web/backend/src/utils/ansi-buffer.util.ts:195:18)
    at emitText (/Users/spot/Code/amiexpress-web/web/backend/src/utils/ansi-buffer.util.ts:211:3)
    at emitPrompt (/Users/spot/Code/amiexpress-web/web/backend/src/utils/output.util.ts:54:19)
    at doPause (/Users/spot/Code/amiexpress-web/web/backend/src/handlers/screen.handler.ts:2944:13)
    at doPause (/Users/spot/Code/amiexpress-web/web/backend/src/handlers/command.handler.ts:957:11)
    at finishConferenceScan (/Users/spot/Code/amiexpress-web/web/backend/src/handlers/message/message-scan.handler.ts:465:5)
    at advanceConferenceScan (/Users/spot/Code/amiexpress-web/web/backend/src/handlers/message/message-scan.handler.ts:822:3)
    at performConferenceScan (/Users/spot/Code/amiexpress-web/web/backend/src/handlers/message/message-scan.handler.ts:885:3)
    at Object.<anonymous> (/Users/spot/Code/amiexpress-web/web/backend/tests/message-scan-parity.test.ts:361:5)
Session: {"subState":"display_menu","currentConf":1}
[2026-09-01T06:56:33.907Z] Error in display state handling: socket.on is not a function
Stack: TypeError: socket.on is not a function
    at on (/Users/spot/Code/amiexpress-web/web/backend/src/utils/ansi-buffer.util.ts:175:10)
    at getAnsiBuffer (/Users/spot/Code/amiexpress-web/web/backend/src/utils/ansi-buffer.util.ts:195:18)
    at emitText (/Users/spot/Code/amiexpress-web/web/backend/src/utils/ansi-buffer.util.ts:211:3)
    at emitPrompt (/Users/spot/Code/amiexpress-web/web/backend/src/utils/output.util.ts:54:19)
    at doPause (/Users/spot/Code/amiexpress-web/web/backend/src/handlers/screen.handler.ts:2944:13)
    at doPause (/Users/spot/Code/amiexpress-web/web/backend/src/handlers/command.handler.ts:957:11)
    at finishConferenceScan (/Users/spot/Code/amiexpress-web/web/backend/src/handlers/message/message-scan.handler.ts:465:5)
    at advanceConferenceScan (/Users/spot/Code/amiexpress-web/web/backend/src/handlers/message/message-scan.handler.ts:822:3)
    at performConferenceScan (/Users/spot/Code/amiexpress-web/web/backend/src/handlers/message/message-scan.handler.ts:885:3)
    at Object.<anonymous> (/Users/spot/Code/amiexpress-web/web/backend/tests/message-scan-parity.test.ts:388:5)
Session: {"subState":"display_menu","currentConf":1}
[2026-09-01T06:56:34.762Z] Error in display state handling: socket.on is not a function
Stack: TypeError: socket.on is not a function
    at on (/Users/spot/Code/amiexpress-web/web/backend/src/utils/ansi-buffer.util.ts:175:10)
    at getAnsiBuffer (/Users/spot/Code/amiexpress-web/web/backend/src/utils/ansi-buffer.util.ts:195:18)
    at emitText (/Users/spot/Code/amiexpress-web/web/backend/src/utils/ansi-buffer.util.ts:211:3)
    at emitPrompt (/Users/spot/Code/amiexpress-web/web/backend/src/utils/output.util.ts:54:19)
    at doPause (/Users/spot/Code/amiexpress-web/web/backend/src/handlers/screen.handler.ts:2944:13)
    at doPause (/Users/spot/Code/amiexpress-web/web/backend/src/handlers/command.handler.ts:957:11)
    at finishConferenceScan (/Users/spot/Code/amiexpress-web/web/backend/src/handlers/message/message-scan.handler.ts:465:5)
    at advanceConferenceScan (/Users/spot/Code/amiexpress-web/web/backend/src/handlers/message/message-scan.handler.ts:822:3)
    at performConferenceScan (/Users/spot/Code/amiexpress-web/web/backend/src/handlers/message/message-scan.handler.ts:885:3)
    at Object.<anonymous> (/Users/spot/Code/amiexpress-web/web/backend/tests/message-scan-parity.test.ts:415:5)
Session: {"subState":"display_menu","currentConf":1}
[2026-09-01T11:17:12.584Z] Error in display state handling: socket.on is not a function
Stack: TypeError: socket.on is not a function
    at on (/Users/spot/Code/amiexpress-web/web/backend/src/utils/ansi-buffer.util.ts:175:10)
    at getAnsiBuffer (/Users/spot/Code/amiexpress-web/web/backend/src/utils/ansi-buffer.util.ts:195:18)
    at emitText (/Users/spot/Code/amiexpress-web/web/backend/src/utils/ansi-buffer.util.ts:211:3)
    at emitPrompt (/Users/spot/Code/amiexpress-web/web/backend/src/utils/output.util.ts:54:19)
    at doPause (/Users/spot/Code/amiexpress-web/web/backend/src/handlers/screen.handler.ts:2944:13)
    at doPause (/Users/spot/Code/amiexpress-web/web/backend/src/handlers/command.handler.ts:957:11)
    at finishConferenceScan (/Users/spot/Code/amiexpress-web/web/backend/src/handlers/message/message-scan.handler.ts:465:5)
    at advanceConferenceScan (/Users/spot/Code/amiexpress-web/web/backend/src/handlers/message/message-scan.handler.ts:822:3)
    at performConferenceScan (/Users/spot/Code/amiexpress-web/web/backend/src/handlers/message/message-scan.handler.ts:885:3)
    at Object.<anonymous> (/Users/spot/Code/amiexpress-web/web/backend/tests/message-scan-parity.test.ts:215:5)
Session: {"subState":"display_menu","currentConf":1}
[2026-09-01T11:17:14.931Z] Error in display state handling: socket.on is not a function
Stack: TypeError: socket.on is not a function
    at on (/Users/spot/Code/amiexpress-web/web/backend/src/utils/ansi-buffer.util.ts:175:10)
    at getAnsiBuffer (/Users/spot/Code/amiexpress-web/web/backend/src/utils/ansi-buffer.util.ts:195:18)
    at emitText (/Users/spot/Code/amiexpress-web/web/backend/src/utils/ansi-buffer.util.ts:211:3)
    at emitPrompt (/Users/spot/Code/amiexpress-web/web/backend/src/utils/output.util.ts:54:19)
    at doPause (/Users/spot/Code/amiexpress-web/web/backend/src/handlers/screen.handler.ts:2944:13)
    at doPause (/Users/spot/Code/amiexpress-web/web/backend/src/handlers/command.handler.ts:957:11)
    at finishConferenceScan (/Users/spot/Code/amiexpress-web/web/backend/src/handlers/message/message-scan.handler.ts:465:5)
    at advanceConferenceScan (/Users/spot/Code/amiexpress-web/web/backend/src/handlers/message/message-scan.handler.ts:822:3)
    at performConferenceScan (/Users/spot/Code/amiexpress-web/web/backend/src/handlers/message/message-scan.handler.ts:885:3)
    at Object.<anonymous> (/Users/spot/Code/amiexpress-web/web/backend/tests/message-scan-parity.test.ts:361:5)
Session: {"subState":"display_menu","currentConf":1}
[2026-09-01T11:17:16.577Z] Error in display state handling: socket.on is not a function
Stack: TypeError: socket.on is not a function
    at on (/Users/spot/Code/amiexpress-web/web/backend/src/utils/ansi-buffer.util.ts:175:10)
    at getAnsiBuffer (/Users/spot/Code/amiexpress-web/web/backend/src/utils/ansi-buffer.util.ts:195:18)
    at emitText (/Users/spot/Code/amiexpress-web/web/backend/src/utils/ansi-buffer.util.ts:211:3)
    at emitPrompt (/Users/spot/Code/amiexpress-web/web/backend/src/utils/output.util.ts:54:19)
    at doPause (/Users/spot/Code/amiexpress-web/web/backend/src/handlers/screen.handler.ts:2944:13)
    at doPause (/Users/spot/Code/amiexpress-web/web/backend/src/handlers/command.handler.ts:957:11)
    at finishConferenceScan (/Users/spot/Code/amiexpress-web/web/backend/src/handlers/message/message-scan.handler.ts:465:5)
    at advanceConferenceScan (/Users/spot/Code/amiexpress-web/web/backend/src/handlers/message/message-scan.handler.ts:822:3)
    at performConferenceScan (/Users/spot/Code/amiexpress-web/web/backend/src/handlers/message/message-scan.handler.ts:885:3)
    at Object.<anonymous> (/Users/spot/Code/amiexpress-web/web/backend/tests/message-scan-parity.test.ts:388:5)
Session: {"subState":"display_menu","currentConf":1}
[2026-09-01T11:17:18.569Z] Error in display state handling: socket.on is not a function
Stack: TypeError: socket.on is not a function
    at on (/Users/spot/Code/amiexpress-web/web/backend/src/utils/ansi-buffer.util.ts:175:10)
    at getAnsiBuffer (/Users/spot/Code/amiexpress-web/web/backend/src/utils/ansi-buffer.util.ts:195:18)
    at emitText (/Users/spot/Code/amiexpress-web/web/backend/src/utils/ansi-buffer.util.ts:211:3)
    at emitPrompt (/Users/spot/Code/amiexpress-web/web/backend/src/utils/output.util.ts:54:19)
    at doPause (/Users/spot/Code/amiexpress-web/web/backend/src/handlers/screen.handler.ts:2944:13)
    at doPause (/Users/spot/Code/amiexpress-web/web/backend/src/handlers/command.handler.ts:957:11)
    at finishConferenceScan (/Users/spot/Code/amiexpress-web/web/backend/src/handlers/message/message-scan.handler.ts:465:5)
    at advanceConferenceScan (/Users/spot/Code/amiexpress-web/web/backend/src/handlers/message/message-scan.handler.ts:822:3)
    at performConferenceScan (/Users/spot/Code/amiexpress-web/web/backend/src/handlers/message/message-scan.handler.ts:885:3)
    at Object.<anonymous> (/Users/spot/Code/amiexpress-web/web/backend/tests/message-scan-parity.test.ts:415:5)
Session: {"subState":"display_menu","currentConf":1}
[2026-09-01T11:23:46.697Z] Error in display state handling: socket.on is not a function
Stack: TypeError: socket.on is not a function
    at on (/Users/spot/Code/amiexpress-web/web/backend/src/utils/ansi-buffer.util.ts:175:10)
    at getAnsiBuffer (/Users/spot/Code/amiexpress-web/web/backend/src/utils/ansi-buffer.util.ts:195:18)
    at emitText (/Users/spot/Code/amiexpress-web/web/backend/src/utils/ansi-buffer.util.ts:211:3)
    at emitPrompt (/Users/spot/Code/amiexpress-web/web/backend/src/utils/output.util.ts:54:19)
    at doPause (/Users/spot/Code/amiexpress-web/web/backend/src/handlers/screen.handler.ts:2944:13)
    at doPause (/Users/spot/Code/amiexpress-web/web/backend/src/handlers/command.handler.ts:957:11)
    at finishConferenceScan (/Users/spot/Code/amiexpress-web/web/backend/src/handlers/message/message-scan.handler.ts:465:5)
    at advanceConferenceScan (/Users/spot/Code/amiexpress-web/web/backend/src/handlers/message/message-scan.handler.ts:822:3)
    at performConferenceScan (/Users/spot/Code/amiexpress-web/web/backend/src/handlers/message/message-scan.handler.ts:885:3)
    at Object.<anonymous> (/Users/spot/Code/amiexpress-web/web/backend/tests/message-scan-parity.test.ts:215:5)
Session: {"subState":"display_menu","currentConf":1}
[2026-09-01T11:23:48.183Z] Error in display state handling: socket.on is not a function
Stack: TypeError: socket.on is not a function
    at on (/Users/spot/Code/amiexpress-web/web/backend/src/utils/ansi-buffer.util.ts:175:10)
    at getAnsiBuffer (/Users/spot/Code/amiexpress-web/web/backend/src/utils/ansi-buffer.util.ts:195:18)
    at emitText (/Users/spot/Code/amiexpress-web/web/backend/src/utils/ansi-buffer.util.ts:211:3)
    at emitPrompt (/Users/spot/Code/amiexpress-web/web/backend/src/utils/output.util.ts:54:19)
    at doPause (/Users/spot/Code/amiexpress-web/web/backend/src/handlers/screen.handler.ts:2944:13)
    at doPause (/Users/spot/Code/amiexpress-web/web/backend/src/handlers/command.handler.ts:957:11)
    at finishConferenceScan (/Users/spot/Code/amiexpress-web/web/backend/src/handlers/message/message-scan.handler.ts:465:5)
    at advanceConferenceScan (/Users/spot/Code/amiexpress-web/web/backend/src/handlers/message/message-scan.handler.ts:822:3)
    at performConferenceScan (/Users/spot/Code/amiexpress-web/web/backend/src/handlers/message/message-scan.handler.ts:885:3)
    at Object.<anonymous> (/Users/spot/Code/amiexpress-web/web/backend/tests/message-scan-parity.test.ts:361:5)
Session: {"subState":"display_menu","currentConf":1}
[2026-09-01T11:23:49.276Z] Error in display state handling: socket.on is not a function
Stack: TypeError: socket.on is not a function
    at on (/Users/spot/Code/amiexpress-web/web/backend/src/utils/ansi-buffer.util.ts:175:10)
    at getAnsiBuffer (/Users/spot/Code/amiexpress-web/web/backend/src/utils/ansi-buffer.util.ts:195:18)
    at emitText (/Users/spot/Code/amiexpress-web/web/backend/src/utils/ansi-buffer.util.ts:211:3)
    at emitPrompt (/Users/spot/Code/amiexpress-web/web/backend/src/utils/output.util.ts:54:19)
    at doPause (/Users/spot/Code/amiexpress-web/web/backend/src/handlers/screen.handler.ts:2944:13)
    at doPause (/Users/spot/Code/amiexpress-web/web/backend/src/handlers/command.handler.ts:957:11)
    at finishConferenceScan (/Users/spot/Code/amiexpress-web/web/backend/src/handlers/message/message-scan.handler.ts:465:5)
    at advanceConferenceScan (/Users/spot/Code/amiexpress-web/web/backend/src/handlers/message/message-scan.handler.ts:822:3)
    at performConferenceScan (/Users/spot/Code/amiexpress-web/web/backend/src/handlers/message/message-scan.handler.ts:885:3)
    at Object.<anonymous> (/Users/spot/Code/amiexpress-web/web/backend/tests/message-scan-parity.test.ts:388:5)
Session: {"subState":"display_menu","currentConf":1}
[2026-09-01T11:23:50.192Z] Error in display state handling: socket.on is not a function
Stack: TypeError: socket.on is not a function
    at on (/Users/spot/Code/amiexpress-web/web/backend/src/utils/ansi-buffer.util.ts:175:10)
    at getAnsiBuffer (/Users/spot/Code/amiexpress-web/web/backend/src/utils/ansi-buffer.util.ts:195:18)
    at emitText (/Users/spot/Code/amiexpress-web/web/backend/src/utils/ansi-buffer.util.ts:211:3)
    at emitPrompt (/Users/spot/Code/amiexpress-web/web/backend/src/utils/output.util.ts:54:19)
    at doPause (/Users/spot/Code/amiexpress-web/web/backend/src/handlers/screen.handler.ts:2944:13)
    at doPause (/Users/spot/Code/amiexpress-web/web/backend/src/handlers/command.handler.ts:957:11)
    at finishConferenceScan (/Users/spot/Code/amiexpress-web/web/backend/src/handlers/message/message-scan.handler.ts:465:5)
    at advanceConferenceScan (/Users/spot/Code/amiexpress-web/web/backend/src/handlers/message/message-scan.handler.ts:822:3)
    at performConferenceScan (/Users/spot/Code/amiexpress-web/web/backend/src/handlers/message/message-scan.handler.ts:885:3)
    at Object.<anonymous> (/Users/spot/Code/amiexpress-web/web/backend/tests/message-scan-parity.test.ts:415:5)
Session: {"subState":"display_menu","currentConf":1}
[2026-09-01T11:26:00.977Z] Error in display state handling: socket.on is not a function
Stack: TypeError: socket.on is not a function
    at on (/Users/spot/Code/amiexpress-web/web/backend/src/utils/ansi-buffer.util.ts:175:10)
    at getAnsiBuffer (/Users/spot/Code/amiexpress-web/web/backend/src/utils/ansi-buffer.util.ts:195:18)
    at emitText (/Users/spot/Code/amiexpress-web/web/backend/src/utils/ansi-buffer.util.ts:211:3)
    at emitPrompt (/Users/spot/Code/amiexpress-web/web/backend/src/utils/output.util.ts:54:19)
    at doPause (/Users/spot/Code/amiexpress-web/web/backend/src/handlers/screen.handler.ts:2944:13)
    at doPause (/Users/spot/Code/amiexpress-web/web/backend/src/handlers/command.handler.ts:957:11)
    at finishConferenceScan (/Users/spot/Code/amiexpress-web/web/backend/src/handlers/message/message-scan.handler.ts:465:5)
    at advanceConferenceScan (/Users/spot/Code/amiexpress-web/web/backend/src/handlers/message/message-scan.handler.ts:822:3)
    at performConferenceScan (/Users/spot/Code/amiexpress-web/web/backend/src/handlers/message/message-scan.handler.ts:885:3)
    at Object.<anonymous> (/Users/spot/Code/amiexpress-web/web/backend/tests/message-scan-parity.test.ts:215:5)
Session: {"subState":"display_menu","currentConf":1}
[2026-09-01T11:26:01.800Z] Error in display state handling: socket.on is not a function
Stack: TypeError: socket.on is not a function
    at on (/Users/spot/Code/amiexpress-web/web/backend/src/utils/ansi-buffer.util.ts:175:10)
    at getAnsiBuffer (/Users/spot/Code/amiexpress-web/web/backend/src/utils/ansi-buffer.util.ts:195:18)
    at emitText (/Users/spot/Code/amiexpress-web/web/backend/src/utils/ansi-buffer.util.ts:211:3)
    at emitPrompt (/Users/spot/Code/amiexpress-web/web/backend/src/utils/output.util.ts:54:19)
    at doPause (/Users/spot/Code/amiexpress-web/web/backend/src/handlers/screen.handler.ts:2944:13)
    at doPause (/Users/spot/Code/amiexpress-web/web/backend/src/handlers/command.handler.ts:957:11)
    at finishConferenceScan (/Users/spot/Code/amiexpress-web/web/backend/src/handlers/message/message-scan.handler.ts:465:5)
    at advanceConferenceScan (/Users/spot/Code/amiexpress-web/web/backend/src/handlers/message/message-scan.handler.ts:822:3)
    at performConferenceScan (/Users/spot/Code/amiexpress-web/web/backend/src/handlers/message/message-scan.handler.ts:885:3)
    at Object.<anonymous> (/Users/spot/Code/amiexpress-web/web/backend/tests/message-scan-parity.test.ts:361:5)
Session: {"subState":"display_menu","currentConf":1}
[2026-09-01T11:26:02.486Z] Error in display state handling: socket.on is not a function
Stack: TypeError: socket.on is not a function
    at on (/Users/spot/Code/amiexpress-web/web/backend/src/utils/ansi-buffer.util.ts:175:10)
    at getAnsiBuffer (/Users/spot/Code/amiexpress-web/web/backend/src/utils/ansi-buffer.util.ts:195:18)
    at emitText (/Users/spot/Code/amiexpress-web/web/backend/src/utils/ansi-buffer.util.ts:211:3)
    at emitPrompt (/Users/spot/Code/amiexpress-web/web/backend/src/utils/output.util.ts:54:19)
    at doPause (/Users/spot/Code/amiexpress-web/web/backend/src/handlers/screen.handler.ts:2944:13)
    at doPause (/Users/spot/Code/amiexpress-web/web/backend/src/handlers/command.handler.ts:957:11)
    at finishConferenceScan (/Users/spot/Code/amiexpress-web/web/backend/src/handlers/message/message-scan.handler.ts:465:5)
    at advanceConferenceScan (/Users/spot/Code/amiexpress-web/web/backend/src/handlers/message/message-scan.handler.ts:822:3)
    at performConferenceScan (/Users/spot/Code/amiexpress-web/web/backend/src/handlers/message/message-scan.handler.ts:885:3)
    at Object.<anonymous> (/Users/spot/Code/amiexpress-web/web/backend/tests/message-scan-parity.test.ts:388:5)
Session: {"subState":"display_menu","currentConf":1}
[2026-09-01T11:26:02.990Z] Error in display state handling: socket.on is not a function
Stack: TypeError: socket.on is not a function
    at on (/Users/spot/Code/amiexpress-web/web/backend/src/utils/ansi-buffer.util.ts:175:10)
    at getAnsiBuffer (/Users/spot/Code/amiexpress-web/web/backend/src/utils/ansi-buffer.util.ts:195:18)
    at emitText (/Users/spot/Code/amiexpress-web/web/backend/src/utils/ansi-buffer.util.ts:211:3)
    at emitPrompt (/Users/spot/Code/amiexpress-web/web/backend/src/utils/output.util.ts:54:19)
    at doPause (/Users/spot/Code/amiexpress-web/web/backend/src/handlers/screen.handler.ts:2944:13)
    at doPause (/Users/spot/Code/amiexpress-web/web/backend/src/handlers/command.handler.ts:957:11)
    at finishConferenceScan (/Users/spot/Code/amiexpress-web/web/backend/src/handlers/message/message-scan.handler.ts:465:5)
    at advanceConferenceScan (/Users/spot/Code/amiexpress-web/web/backend/src/handlers/message/message-scan.handler.ts:822:3)
    at performConferenceScan (/Users/spot/Code/amiexpress-web/web/backend/src/handlers/message/message-scan.handler.ts:885:3)
    at Object.<anonymous> (/Users/spot/Code/amiexpress-web/web/backend/tests/message-scan-parity.test.ts:415:5)
Session: {"subState":"display_menu","currentConf":1}
[2026-09-01T11:28:01.449Z] Error in display state handling: socket.on is not a function
Stack: TypeError: socket.on is not a function
    at on (/Users/spot/Code/amiexpress-web/web/backend/src/utils/ansi-buffer.util.ts:175:10)
    at getAnsiBuffer (/Users/spot/Code/amiexpress-web/web/backend/src/utils/ansi-buffer.util.ts:195:18)
    at emitText (/Users/spot/Code/amiexpress-web/web/backend/src/utils/ansi-buffer.util.ts:211:3)
    at emitPrompt (/Users/spot/Code/amiexpress-web/web/backend/src/utils/output.util.ts:54:19)
    at doPause (/Users/spot/Code/amiexpress-web/web/backend/src/handlers/screen.handler.ts:2944:13)
    at doPause (/Users/spot/Code/amiexpress-web/web/backend/src/handlers/command.handler.ts:957:11)
    at finishConferenceScan (/Users/spot/Code/amiexpress-web/web/backend/src/handlers/message/message-scan.handler.ts:465:5)
    at advanceConferenceScan (/Users/spot/Code/amiexpress-web/web/backend/src/handlers/message/message-scan.handler.ts:822:3)
    at performConferenceScan (/Users/spot/Code/amiexpress-web/web/backend/src/handlers/message/message-scan.handler.ts:885:3)
    at Object.<anonymous> (/Users/spot/Code/amiexpress-web/web/backend/tests/message-scan-parity.test.ts:215:5)
Session: {"subState":"display_menu","currentConf":1}
[2026-09-01T11:28:03.448Z] Error in display state handling: socket.on is not a function
Stack: TypeError: socket.on is not a function
    at on (/Users/spot/Code/amiexpress-web/web/backend/src/utils/ansi-buffer.util.ts:175:10)
    at getAnsiBuffer (/Users/spot/Code/amiexpress-web/web/backend/src/utils/ansi-buffer.util.ts:195:18)
    at emitText (/Users/spot/Code/amiexpress-web/web/backend/src/utils/ansi-buffer.util.ts:211:3)
    at emitPrompt (/Users/spot/Code/amiexpress-web/web/backend/src/utils/output.util.ts:54:19)
    at doPause (/Users/spot/Code/amiexpress-web/web/backend/src/handlers/screen.handler.ts:2944:13)
    at doPause (/Users/spot/Code/amiexpress-web/web/backend/src/handlers/command.handler.ts:957:11)
    at finishConferenceScan (/Users/spot/Code/amiexpress-web/web/backend/src/handlers/message/message-scan.handler.ts:465:5)
    at advanceConferenceScan (/Users/spot/Code/amiexpress-web/web/backend/src/handlers/message/message-scan.handler.ts:822:3)
    at performConferenceScan (/Users/spot/Code/amiexpress-web/web/backend/src/handlers/message/message-scan.handler.ts:885:3)
    at Object.<anonymous> (/Users/spot/Code/amiexpress-web/web/backend/tests/message-scan-parity.test.ts:361:5)
Session: {"subState":"display_menu","currentConf":1}
[2026-09-01T11:28:04.295Z] Error in display state handling: socket.on is not a function
Stack: TypeError: socket.on is not a function
    at on (/Users/spot/Code/amiexpress-web/web/backend/src/utils/ansi-buffer.util.ts:175:10)
    at getAnsiBuffer (/Users/spot/Code/amiexpress-web/web/backend/src/utils/ansi-buffer.util.ts:195:18)
    at emitText (/Users/spot/Code/amiexpress-web/web/backend/src/utils/ansi-buffer.util.ts:211:3)
    at emitPrompt (/Users/spot/Code/amiexpress-web/web/backend/src/utils/output.util.ts:54:19)
    at doPause (/Users/spot/Code/amiexpress-web/web/backend/src/handlers/screen.handler.ts:2944:13)
    at doPause (/Users/spot/Code/amiexpress-web/web/backend/src/handlers/command.handler.ts:957:11)
    at finishConferenceScan (/Users/spot/Code/amiexpress-web/web/backend/src/handlers/message/message-scan.handler.ts:465:5)
    at advanceConferenceScan (/Users/spot/Code/amiexpress-web/web/backend/src/handlers/message/message-scan.handler.ts:822:3)
    at performConferenceScan (/Users/spot/Code/amiexpress-web/web/backend/src/handlers/message/message-scan.handler.ts:885:3)
    at Object.<anonymous> (/Users/spot/Code/amiexpress-web/web/backend/tests/message-scan-parity.test.ts:388:5)
Session: {"subState":"display_menu","currentConf":1}
[2026-09-01T11:28:05.038Z] Error in display state handling: socket.on is not a function
Stack: TypeError: socket.on is not a function
    at on (/Users/spot/Code/amiexpress-web/web/backend/src/utils/ansi-buffer.util.ts:175:10)
    at getAnsiBuffer (/Users/spot/Code/amiexpress-web/web/backend/src/utils/ansi-buffer.util.ts:195:18)
    at emitText (/Users/spot/Code/amiexpress-web/web/backend/src/utils/ansi-buffer.util.ts:211:3)
    at emitPrompt (/Users/spot/Code/amiexpress-web/web/backend/src/utils/output.util.ts:54:19)
    at doPause (/Users/spot/Code/amiexpress-web/web/backend/src/handlers/screen.handler.ts:2944:13)
    at doPause (/Users/spot/Code/amiexpress-web/web/backend/src/handlers/command.handler.ts:957:11)
    at finishConferenceScan (/Users/spot/Code/amiexpress-web/web/backend/src/handlers/message/message-scan.handler.ts:465:5)
    at advanceConferenceScan (/Users/spot/Code/amiexpress-web/web/backend/src/handlers/message/message-scan.handler.ts:822:3)
    at performConferenceScan (/Users/spot/Code/amiexpress-web/web/backend/src/handlers/message/message-scan.handler.ts:885:3)
    at Object.<anonymous> (/Users/spot/Code/amiexpress-web/web/backend/tests/message-scan-parity.test.ts:415:5)
Session: {"subState":"display_menu","currentConf":1}
[2026-09-01T11:30:39.642Z] Error in display state handling: socket.on is not a function
Stack: TypeError: socket.on is not a function
    at on (/Users/spot/Code/amiexpress-web/web/backend/src/utils/ansi-buffer.util.ts:175:10)
    at getAnsiBuffer (/Users/spot/Code/amiexpress-web/web/backend/src/utils/ansi-buffer.util.ts:195:18)
    at emitText (/Users/spot/Code/amiexpress-web/web/backend/src/utils/ansi-buffer.util.ts:211:3)
    at emitPrompt (/Users/spot/Code/amiexpress-web/web/backend/src/utils/output.util.ts:54:19)
    at doPause (/Users/spot/Code/amiexpress-web/web/backend/src/handlers/screen.handler.ts:2944:13)
    at doPause (/Users/spot/Code/amiexpress-web/web/backend/src/handlers/command.handler.ts:957:11)
    at finishConferenceScan (/Users/spot/Code/amiexpress-web/web/backend/src/handlers/message/message-scan.handler.ts:465:5)
    at advanceConferenceScan (/Users/spot/Code/amiexpress-web/web/backend/src/handlers/message/message-scan.handler.ts:822:3)
    at performConferenceScan (/Users/spot/Code/amiexpress-web/web/backend/src/handlers/message/message-scan.handler.ts:885:3)
    at Object.<anonymous> (/Users/spot/Code/amiexpress-web/web/backend/tests/message-scan-parity.test.ts:215:5)
Session: {"subState":"display_menu","currentConf":1}
[2026-09-01T11:30:40.856Z] Error in display state handling: socket.on is not a function
Stack: TypeError: socket.on is not a function
    at on (/Users/spot/Code/amiexpress-web/web/backend/src/utils/ansi-buffer.util.ts:175:10)
    at getAnsiBuffer (/Users/spot/Code/amiexpress-web/web/backend/src/utils/ansi-buffer.util.ts:195:18)
    at emitText (/Users/spot/Code/amiexpress-web/web/backend/src/utils/ansi-buffer.util.ts:211:3)
    at emitPrompt (/Users/spot/Code/amiexpress-web/web/backend/src/utils/output.util.ts:54:19)
    at doPause (/Users/spot/Code/amiexpress-web/web/backend/src/handlers/screen.handler.ts:2944:13)
    at doPause (/Users/spot/Code/amiexpress-web/web/backend/src/handlers/command.handler.ts:957:11)
    at finishConferenceScan (/Users/spot/Code/amiexpress-web/web/backend/src/handlers/message/message-scan.handler.ts:465:5)
    at advanceConferenceScan (/Users/spot/Code/amiexpress-web/web/backend/src/handlers/message/message-scan.handler.ts:822:3)
    at performConferenceScan (/Users/spot/Code/amiexpress-web/web/backend/src/handlers/message/message-scan.handler.ts:885:3)
    at Object.<anonymous> (/Users/spot/Code/amiexpress-web/web/backend/tests/message-scan-parity.test.ts:361:5)
Session: {"subState":"display_menu","currentConf":1}
[2026-09-01T11:30:41.811Z] Error in display state handling: socket.on is not a function
Stack: TypeError: socket.on is not a function
    at on (/Users/spot/Code/amiexpress-web/web/backend/src/utils/ansi-buffer.util.ts:175:10)
    at getAnsiBuffer (/Users/spot/Code/amiexpress-web/web/backend/src/utils/ansi-buffer.util.ts:195:18)
    at emitText (/Users/spot/Code/amiexpress-web/web/backend/src/utils/ansi-buffer.util.ts:211:3)
    at emitPrompt (/Users/spot/Code/amiexpress-web/web/backend/src/utils/output.util.ts:54:19)
    at doPause (/Users/spot/Code/amiexpress-web/web/backend/src/handlers/screen.handler.ts:2944:13)
    at doPause (/Users/spot/Code/amiexpress-web/web/backend/src/handlers/command.handler.ts:957:11)
    at finishConferenceScan (/Users/spot/Code/amiexpress-web/web/backend/src/handlers/message/message-scan.handler.ts:465:5)
    at advanceConferenceScan (/Users/spot/Code/amiexpress-web/web/backend/src/handlers/message/message-scan.handler.ts:822:3)
    at performConferenceScan (/Users/spot/Code/amiexpress-web/web/backend/src/handlers/message/message-scan.handler.ts:885:3)
    at Object.<anonymous> (/Users/spot/Code/amiexpress-web/web/backend/tests/message-scan-parity.test.ts:388:5)
Session: {"subState":"display_menu","currentConf":1}
[2026-09-01T11:30:42.373Z] Error in display state handling: socket.on is not a function
Stack: TypeError: socket.on is not a function
    at on (/Users/spot/Code/amiexpress-web/web/backend/src/utils/ansi-buffer.util.ts:175:10)
    at getAnsiBuffer (/Users/spot/Code/amiexpress-web/web/backend/src/utils/ansi-buffer.util.ts:195:18)
    at emitText (/Users/spot/Code/amiexpress-web/web/backend/src/utils/ansi-buffer.util.ts:211:3)
    at emitPrompt (/Users/spot/Code/amiexpress-web/web/backend/src/utils/output.util.ts:54:19)
    at doPause (/Users/spot/Code/amiexpress-web/web/backend/src/handlers/screen.handler.ts:2944:13)
    at doPause (/Users/spot/Code/amiexpress-web/web/backend/src/handlers/command.handler.ts:957:11)
    at finishConferenceScan (/Users/spot/Code/amiexpress-web/web/backend/src/handlers/message/message-scan.handler.ts:465:5)
    at advanceConferenceScan (/Users/spot/Code/amiexpress-web/web/backend/src/handlers/message/message-scan.handler.ts:822:3)
    at performConferenceScan (/Users/spot/Code/amiexpress-web/web/backend/src/handlers/message/message-scan.handler.ts:885:3)
    at Object.<anonymous> (/Users/spot/Code/amiexpress-web/web/backend/tests/message-scan-parity.test.ts:415:5)
Session: {"subState":"display_menu","currentConf":1}
[2026-09-01T11:33:00.411Z] Error in display state handling: socket.on is not a function
Stack: TypeError: socket.on is not a function
    at on (/Users/spot/Code/amiexpress-web/web/backend/src/utils/ansi-buffer.util.ts:175:10)
    at getAnsiBuffer (/Users/spot/Code/amiexpress-web/web/backend/src/utils/ansi-buffer.util.ts:195:18)
    at emitText (/Users/spot/Code/amiexpress-web/web/backend/src/utils/ansi-buffer.util.ts:211:3)
    at emitPrompt (/Users/spot/Code/amiexpress-web/web/backend/src/utils/output.util.ts:54:19)
    at doPause (/Users/spot/Code/amiexpress-web/web/backend/src/handlers/screen.handler.ts:2944:13)
    at doPause (/Users/spot/Code/amiexpress-web/web/backend/src/handlers/command.handler.ts:957:11)
    at finishConferenceScan (/Users/spot/Code/amiexpress-web/web/backend/src/handlers/message/message-scan.handler.ts:465:5)
    at advanceConferenceScan (/Users/spot/Code/amiexpress-web/web/backend/src/handlers/message/message-scan.handler.ts:822:3)
    at performConferenceScan (/Users/spot/Code/amiexpress-web/web/backend/src/handlers/message/message-scan.handler.ts:885:3)
    at Object.<anonymous> (/Users/spot/Code/amiexpress-web/web/backend/tests/message-scan-parity.test.ts:215:5)
Session: {"subState":"display_menu","currentConf":1}
[2026-09-01T11:33:01.907Z] Error in display state handling: socket.on is not a function
Stack: TypeError: socket.on is not a function
    at on (/Users/spot/Code/amiexpress-web/web/backend/src/utils/ansi-buffer.util.ts:175:10)
    at getAnsiBuffer (/Users/spot/Code/amiexpress-web/web/backend/src/utils/ansi-buffer.util.ts:195:18)
    at emitText (/Users/spot/Code/amiexpress-web/web/backend/src/utils/ansi-buffer.util.ts:211:3)
    at emitPrompt (/Users/spot/Code/amiexpress-web/web/backend/src/utils/output.util.ts:54:19)
    at doPause (/Users/spot/Code/amiexpress-web/web/backend/src/handlers/screen.handler.ts:2944:13)
    at doPause (/Users/spot/Code/amiexpress-web/web/backend/src/handlers/command.handler.ts:957:11)
    at finishConferenceScan (/Users/spot/Code/amiexpress-web/web/backend/src/handlers/message/message-scan.handler.ts:465:5)
    at advanceConferenceScan (/Users/spot/Code/amiexpress-web/web/backend/src/handlers/message/message-scan.handler.ts:822:3)
    at performConferenceScan (/Users/spot/Code/amiexpress-web/web/backend/src/handlers/message/message-scan.handler.ts:885:3)
    at Object.<anonymous> (/Users/spot/Code/amiexpress-web/web/backend/tests/message-scan-parity.test.ts:361:5)
Session: {"subState":"display_menu","currentConf":1}
[2026-09-01T11:33:03.947Z] Error in display state handling: socket.on is not a function
Stack: TypeError: socket.on is not a function
    at on (/Users/spot/Code/amiexpress-web/web/backend/src/utils/ansi-buffer.util.ts:175:10)
    at getAnsiBuffer (/Users/spot/Code/amiexpress-web/web/backend/src/utils/ansi-buffer.util.ts:195:18)
    at emitText (/Users/spot/Code/amiexpress-web/web/backend/src/utils/ansi-buffer.util.ts:211:3)
    at emitPrompt (/Users/spot/Code/amiexpress-web/web/backend/src/utils/output.util.ts:54:19)
    at doPause (/Users/spot/Code/amiexpress-web/web/backend/src/handlers/screen.handler.ts:2944:13)
    at doPause (/Users/spot/Code/amiexpress-web/web/backend/src/handlers/command.handler.ts:957:11)
    at finishConferenceScan (/Users/spot/Code/amiexpress-web/web/backend/src/handlers/message/message-scan.handler.ts:465:5)
    at advanceConferenceScan (/Users/spot/Code/amiexpress-web/web/backend/src/handlers/message/message-scan.handler.ts:822:3)
    at performConferenceScan (/Users/spot/Code/amiexpress-web/web/backend/src/handlers/message/message-scan.handler.ts:885:3)
    at Object.<anonymous> (/Users/spot/Code/amiexpress-web/web/backend/tests/message-scan-parity.test.ts:388:5)
Session: {"subState":"display_menu","currentConf":1}
[2026-09-01T11:33:05.377Z] Error in display state handling: socket.on is not a function
Stack: TypeError: socket.on is not a function
    at on (/Users/spot/Code/amiexpress-web/web/backend/src/utils/ansi-buffer.util.ts:175:10)
    at getAnsiBuffer (/Users/spot/Code/amiexpress-web/web/backend/src/utils/ansi-buffer.util.ts:195:18)
    at emitText (/Users/spot/Code/amiexpress-web/web/backend/src/utils/ansi-buffer.util.ts:211:3)
    at emitPrompt (/Users/spot/Code/amiexpress-web/web/backend/src/utils/output.util.ts:54:19)
    at doPause (/Users/spot/Code/amiexpress-web/web/backend/src/handlers/screen.handler.ts:2944:13)
    at doPause (/Users/spot/Code/amiexpress-web/web/backend/src/handlers/command.handler.ts:957:11)
    at finishConferenceScan (/Users/spot/Code/amiexpress-web/web/backend/src/handlers/message/message-scan.handler.ts:465:5)
    at advanceConferenceScan (/Users/spot/Code/amiexpress-web/web/backend/src/handlers/message/message-scan.handler.ts:822:3)
    at performConferenceScan (/Users/spot/Code/amiexpress-web/web/backend/src/handlers/message/message-scan.handler.ts:885:3)
    at Object.<anonymous> (/Users/spot/Code/amiexpress-web/web/backend/tests/message-scan-parity.test.ts:415:5)
Session: {"subState":"display_menu","currentConf":1}
[2026-09-01T11:35:52.260Z] Error in display state handling: socket.on is not a function
Stack: TypeError: socket.on is not a function
    at on (/Users/spot/Code/amiexpress-web/web/backend/src/utils/ansi-buffer.util.ts:175:10)
    at getAnsiBuffer (/Users/spot/Code/amiexpress-web/web/backend/src/utils/ansi-buffer.util.ts:195:18)
    at emitText (/Users/spot/Code/amiexpress-web/web/backend/src/utils/ansi-buffer.util.ts:211:3)
    at emitPrompt (/Users/spot/Code/amiexpress-web/web/backend/src/utils/output.util.ts:54:19)
    at doPause (/Users/spot/Code/amiexpress-web/web/backend/src/handlers/screen.handler.ts:2944:13)
    at doPause (/Users/spot/Code/amiexpress-web/web/backend/src/handlers/command.handler.ts:957:11)
    at finishConferenceScan (/Users/spot/Code/amiexpress-web/web/backend/src/handlers/message/message-scan.handler.ts:465:5)
    at advanceConferenceScan (/Users/spot/Code/amiexpress-web/web/backend/src/handlers/message/message-scan.handler.ts:822:3)
    at performConferenceScan (/Users/spot/Code/amiexpress-web/web/backend/src/handlers/message/message-scan.handler.ts:885:3)
    at Object.<anonymous> (/Users/spot/Code/amiexpress-web/web/backend/tests/message-scan-parity.test.ts:215:5)
Session: {"subState":"display_menu","currentConf":1}
[2026-09-01T11:35:52.909Z] Error in display state handling: socket.on is not a function
Stack: TypeError: socket.on is not a function
    at on (/Users/spot/Code/amiexpress-web/web/backend/src/utils/ansi-buffer.util.ts:175:10)
    at getAnsiBuffer (/Users/spot/Code/amiexpress-web/web/backend/src/utils/ansi-buffer.util.ts:195:18)
    at emitText (/Users/spot/Code/amiexpress-web/web/backend/src/utils/ansi-buffer.util.ts:211:3)
    at emitPrompt (/Users/spot/Code/amiexpress-web/web/backend/src/utils/output.util.ts:54:19)
    at doPause (/Users/spot/Code/amiexpress-web/web/backend/src/handlers/screen.handler.ts:2944:13)
    at doPause (/Users/spot/Code/amiexpress-web/web/backend/src/handlers/command.handler.ts:957:11)
    at finishConferenceScan (/Users/spot/Code/amiexpress-web/web/backend/src/handlers/message/message-scan.handler.ts:465:5)
    at advanceConferenceScan (/Users/spot/Code/amiexpress-web/web/backend/src/handlers/message/message-scan.handler.ts:822:3)
    at performConferenceScan (/Users/spot/Code/amiexpress-web/web/backend/src/handlers/message/message-scan.handler.ts:885:3)
    at Object.<anonymous> (/Users/spot/Code/amiexpress-web/web/backend/tests/message-scan-parity.test.ts:361:5)
Session: {"subState":"display_menu","currentConf":1}
[2026-09-01T11:35:53.334Z] Error in display state handling: socket.on is not a function
Stack: TypeError: socket.on is not a function
    at on (/Users/spot/Code/amiexpress-web/web/backend/src/utils/ansi-buffer.util.ts:175:10)
    at getAnsiBuffer (/Users/spot/Code/amiexpress-web/web/backend/src/utils/ansi-buffer.util.ts:195:18)
    at emitText (/Users/spot/Code/amiexpress-web/web/backend/src/utils/ansi-buffer.util.ts:211:3)
    at emitPrompt (/Users/spot/Code/amiexpress-web/web/backend/src/utils/output.util.ts:54:19)
    at doPause (/Users/spot/Code/amiexpress-web/web/backend/src/handlers/screen.handler.ts:2944:13)
    at doPause (/Users/spot/Code/amiexpress-web/web/backend/src/handlers/command.handler.ts:957:11)
    at finishConferenceScan (/Users/spot/Code/amiexpress-web/web/backend/src/handlers/message/message-scan.handler.ts:465:5)
    at advanceConferenceScan (/Users/spot/Code/amiexpress-web/web/backend/src/handlers/message/message-scan.handler.ts:822:3)
    at performConferenceScan (/Users/spot/Code/amiexpress-web/web/backend/src/handlers/message/message-scan.handler.ts:885:3)
    at Object.<anonymous> (/Users/spot/Code/amiexpress-web/web/backend/tests/message-scan-parity.test.ts:388:5)
Session: {"subState":"display_menu","currentConf":1}
[2026-09-01T11:35:53.859Z] Error in display state handling: socket.on is not a function
Stack: TypeError: socket.on is not a function
    at on (/Users/spot/Code/amiexpress-web/web/backend/src/utils/ansi-buffer.util.ts:175:10)
    at getAnsiBuffer (/Users/spot/Code/amiexpress-web/web/backend/src/utils/ansi-buffer.util.ts:195:18)
    at emitText (/Users/spot/Code/amiexpress-web/web/backend/src/utils/ansi-buffer.util.ts:211:3)
    at emitPrompt (/Users/spot/Code/amiexpress-web/web/backend/src/utils/output.util.ts:54:19)
    at doPause (/Users/spot/Code/amiexpress-web/web/backend/src/handlers/screen.handler.ts:2944:13)
    at doPause (/Users/spot/Code/amiexpress-web/web/backend/src/handlers/command.handler.ts:957:11)
    at finishConferenceScan (/Users/spot/Code/amiexpress-web/web/backend/src/handlers/message/message-scan.handler.ts:465:5)
    at advanceConferenceScan (/Users/spot/Code/amiexpress-web/web/backend/src/handlers/message/message-scan.handler.ts:822:3)
    at performConferenceScan (/Users/spot/Code/amiexpress-web/web/backend/src/handlers/message/message-scan.handler.ts:885:3)
    at Object.<anonymous> (/Users/spot/Code/amiexpress-web/web/backend/tests/message-scan-parity.test.ts:415:5)
Session: {"subState":"display_menu","currentConf":1}
[2026-09-01T11:39:13.434Z] Error in display state handling: socket.on is not a function
Stack: TypeError: socket.on is not a function
    at on (/Users/spot/Code/amiexpress-web/web/backend/src/utils/ansi-buffer.util.ts:175:10)
    at getAnsiBuffer (/Users/spot/Code/amiexpress-web/web/backend/src/utils/ansi-buffer.util.ts:195:18)
    at emitText (/Users/spot/Code/amiexpress-web/web/backend/src/utils/ansi-buffer.util.ts:211:3)
    at emitPrompt (/Users/spot/Code/amiexpress-web/web/backend/src/utils/output.util.ts:54:19)
    at doPause (/Users/spot/Code/amiexpress-web/web/backend/src/handlers/screen.handler.ts:2944:13)
    at doPause (/Users/spot/Code/amiexpress-web/web/backend/src/handlers/command.handler.ts:957:11)
    at finishConferenceScan (/Users/spot/Code/amiexpress-web/web/backend/src/handlers/message/message-scan.handler.ts:465:5)
    at advanceConferenceScan (/Users/spot/Code/amiexpress-web/web/backend/src/handlers/message/message-scan.handler.ts:822:3)
    at performConferenceScan (/Users/spot/Code/amiexpress-web/web/backend/src/handlers/message/message-scan.handler.ts:885:3)
    at Object.<anonymous> (/Users/spot/Code/amiexpress-web/web/backend/tests/message-scan-parity.test.ts:215:5)
Session: {"subState":"display_menu","currentConf":1}
[2026-09-01T11:39:14.436Z] Error in display state handling: socket.on is not a function
Stack: TypeError: socket.on is not a function
    at on (/Users/spot/Code/amiexpress-web/web/backend/src/utils/ansi-buffer.util.ts:175:10)
    at getAnsiBuffer (/Users/spot/Code/amiexpress-web/web/backend/src/utils/ansi-buffer.util.ts:195:18)
    at emitText (/Users/spot/Code/amiexpress-web/web/backend/src/utils/ansi-buffer.util.ts:211:3)
    at emitPrompt (/Users/spot/Code/amiexpress-web/web/backend/src/utils/output.util.ts:54:19)
    at doPause (/Users/spot/Code/amiexpress-web/web/backend/src/handlers/screen.handler.ts:2944:13)
    at doPause (/Users/spot/Code/amiexpress-web/web/backend/src/handlers/command.handler.ts:957:11)
    at finishConferenceScan (/Users/spot/Code/amiexpress-web/web/backend/src/handlers/message/message-scan.handler.ts:465:5)
    at advanceConferenceScan (/Users/spot/Code/amiexpress-web/web/backend/src/handlers/message/message-scan.handler.ts:822:3)
    at performConferenceScan (/Users/spot/Code/amiexpress-web/web/backend/src/handlers/message/message-scan.handler.ts:885:3)
    at Object.<anonymous> (/Users/spot/Code/amiexpress-web/web/backend/tests/message-scan-parity.test.ts:361:5)
Session: {"subState":"display_menu","currentConf":1}
[2026-09-01T11:39:15.464Z] Error in display state handling: socket.on is not a function
Stack: TypeError: socket.on is not a function
    at on (/Users/spot/Code/amiexpress-web/web/backend/src/utils/ansi-buffer.util.ts:175:10)
    at getAnsiBuffer (/Users/spot/Code/amiexpress-web/web/backend/src/utils/ansi-buffer.util.ts:195:18)
    at emitText (/Users/spot/Code/amiexpress-web/web/backend/src/utils/ansi-buffer.util.ts:211:3)
    at emitPrompt (/Users/spot/Code/amiexpress-web/web/backend/src/utils/output.util.ts:54:19)
    at doPause (/Users/spot/Code/amiexpress-web/web/backend/src/handlers/screen.handler.ts:2944:13)
    at doPause (/Users/spot/Code/amiexpress-web/web/backend/src/handlers/command.handler.ts:957:11)
    at finishConferenceScan (/Users/spot/Code/amiexpress-web/web/backend/src/handlers/message/message-scan.handler.ts:465:5)
    at advanceConferenceScan (/Users/spot/Code/amiexpress-web/web/backend/src/handlers/message/message-scan.handler.ts:822:3)
    at performConferenceScan (/Users/spot/Code/amiexpress-web/web/backend/src/handlers/message/message-scan.handler.ts:885:3)
    at Object.<anonymous> (/Users/spot/Code/amiexpress-web/web/backend/tests/message-scan-parity.test.ts:388:5)
Session: {"subState":"display_menu","currentConf":1}
[2026-09-01T11:39:16.092Z] Error in display state handling: socket.on is not a function
Stack: TypeError: socket.on is not a function
    at on (/Users/spot/Code/amiexpress-web/web/backend/src/utils/ansi-buffer.util.ts:175:10)
    at getAnsiBuffer (/Users/spot/Code/amiexpress-web/web/backend/src/utils/ansi-buffer.util.ts:195:18)
    at emitText (/Users/spot/Code/amiexpress-web/web/backend/src/utils/ansi-buffer.util.ts:211:3)
    at emitPrompt (/Users/spot/Code/amiexpress-web/web/backend/src/utils/output.util.ts:54:19)
    at doPause (/Users/spot/Code/amiexpress-web/web/backend/src/handlers/screen.handler.ts:2944:13)
    at doPause (/Users/spot/Code/amiexpress-web/web/backend/src/handlers/command.handler.ts:957:11)
    at finishConferenceScan (/Users/spot/Code/amiexpress-web/web/backend/src/handlers/message/message-scan.handler.ts:465:5)
    at advanceConferenceScan (/Users/spot/Code/amiexpress-web/web/backend/src/handlers/message/message-scan.handler.ts:822:3)
    at performConferenceScan (/Users/spot/Code/amiexpress-web/web/backend/src/handlers/message/message-scan.handler.ts:885:3)
    at Object.<anonymous> (/Users/spot/Code/amiexpress-web/web/backend/tests/message-scan-parity.test.ts:415:5)
Session: {"subState":"display_menu","currentConf":1}
[2026-09-01T14:23:16.433Z] Error in display state handling: socket.on is not a function
Stack: TypeError: socket.on is not a function
    at on (/Users/spot/Code/amiexpress-web/web/backend/src/utils/ansi-buffer.util.ts:175:10)
    at getAnsiBuffer (/Users/spot/Code/amiexpress-web/web/backend/src/utils/ansi-buffer.util.ts:195:18)
    at emitText (/Users/spot/Code/amiexpress-web/web/backend/src/utils/ansi-buffer.util.ts:211:3)
    at emitPrompt (/Users/spot/Code/amiexpress-web/web/backend/src/utils/output.util.ts:54:19)
    at doPause (/Users/spot/Code/amiexpress-web/web/backend/src/handlers/screen.handler.ts:2944:13)
    at doPause (/Users/spot/Code/amiexpress-web/web/backend/src/handlers/command.handler.ts:957:11)
    at finishConferenceScan (/Users/spot/Code/amiexpress-web/web/backend/src/handlers/message/message-scan.handler.ts:465:5)
    at advanceConferenceScan (/Users/spot/Code/amiexpress-web/web/backend/src/handlers/message/message-scan.handler.ts:822:3)
    at performConferenceScan (/Users/spot/Code/amiexpress-web/web/backend/src/handlers/message/message-scan.handler.ts:885:3)
    at Object.<anonymous> (/Users/spot/Code/amiexpress-web/web/backend/tests/message-scan-parity.test.ts:215:5)
Session: {"subState":"display_menu","currentConf":1}
[2026-09-01T14:23:18.152Z] Error in display state handling: socket.on is not a function
Stack: TypeError: socket.on is not a function
    at on (/Users/spot/Code/amiexpress-web/web/backend/src/utils/ansi-buffer.util.ts:175:10)
    at getAnsiBuffer (/Users/spot/Code/amiexpress-web/web/backend/src/utils/ansi-buffer.util.ts:195:18)
    at emitText (/Users/spot/Code/amiexpress-web/web/backend/src/utils/ansi-buffer.util.ts:211:3)
    at emitPrompt (/Users/spot/Code/amiexpress-web/web/backend/src/utils/output.util.ts:54:19)
    at doPause (/Users/spot/Code/amiexpress-web/web/backend/src/handlers/screen.handler.ts:2944:13)
    at doPause (/Users/spot/Code/amiexpress-web/web/backend/src/handlers/command.handler.ts:957:11)
    at finishConferenceScan (/Users/spot/Code/amiexpress-web/web/backend/src/handlers/message/message-scan.handler.ts:465:5)
    at advanceConferenceScan (/Users/spot/Code/amiexpress-web/web/backend/src/handlers/message/message-scan.handler.ts:822:3)
    at performConferenceScan (/Users/spot/Code/amiexpress-web/web/backend/src/handlers/message/message-scan.handler.ts:885:3)
    at Object.<anonymous> (/Users/spot/Code/amiexpress-web/web/backend/tests/message-scan-parity.test.ts:361:5)
Session: {"subState":"display_menu","currentConf":1}
[2026-09-01T14:23:18.901Z] Error in display state handling: socket.on is not a function
Stack: TypeError: socket.on is not a function
    at on (/Users/spot/Code/amiexpress-web/web/backend/src/utils/ansi-buffer.util.ts:175:10)
    at getAnsiBuffer (/Users/spot/Code/amiexpress-web/web/backend/src/utils/ansi-buffer.util.ts:195:18)
    at emitText (/Users/spot/Code/amiexpress-web/web/backend/src/utils/ansi-buffer.util.ts:211:3)
    at emitPrompt (/Users/spot/Code/amiexpress-web/web/backend/src/utils/output.util.ts:54:19)
    at doPause (/Users/spot/Code/amiexpress-web/web/backend/src/handlers/screen.handler.ts:2944:13)
    at doPause (/Users/spot/Code/amiexpress-web/web/backend/src/handlers/command.handler.ts:957:11)
    at finishConferenceScan (/Users/spot/Code/amiexpress-web/web/backend/src/handlers/message/message-scan.handler.ts:465:5)
    at advanceConferenceScan (/Users/spot/Code/amiexpress-web/web/backend/src/handlers/message/message-scan.handler.ts:822:3)
    at performConferenceScan (/Users/spot/Code/amiexpress-web/web/backend/src/handlers/message/message-scan.handler.ts:885:3)
    at Object.<anonymous> (/Users/spot/Code/amiexpress-web/web/backend/tests/message-scan-parity.test.ts:388:5)
Session: {"subState":"display_menu","currentConf":1}
[2026-09-01T14:23:20.426Z] Error in display state handling: socket.on is not a function
Stack: TypeError: socket.on is not a function
    at on (/Users/spot/Code/amiexpress-web/web/backend/src/utils/ansi-buffer.util.ts:175:10)
    at getAnsiBuffer (/Users/spot/Code/amiexpress-web/web/backend/src/utils/ansi-buffer.util.ts:195:18)
    at emitText (/Users/spot/Code/amiexpress-web/web/backend/src/utils/ansi-buffer.util.ts:211:3)
    at emitPrompt (/Users/spot/Code/amiexpress-web/web/backend/src/utils/output.util.ts:54:19)
    at doPause (/Users/spot/Code/amiexpress-web/web/backend/src/handlers/screen.handler.ts:2944:13)
    at doPause (/Users/spot/Code/amiexpress-web/web/backend/src/handlers/command.handler.ts:957:11)
    at finishConferenceScan (/Users/spot/Code/amiexpress-web/web/backend/src/handlers/message/message-scan.handler.ts:465:5)
    at advanceConferenceScan (/Users/spot/Code/amiexpress-web/web/backend/src/handlers/message/message-scan.handler.ts:822:3)
    at performConferenceScan (/Users/spot/Code/amiexpress-web/web/backend/src/handlers/message/message-scan.handler.ts:885:3)
    at Object.<anonymous> (/Users/spot/Code/amiexpress-web/web/backend/tests/message-scan-parity.test.ts:415:5)
Session: {"subState":"display_menu","currentConf":1}
[2026-09-01T14:26:16.076Z] Error in display state handling: socket.on is not a function
Stack: TypeError: socket.on is not a function
    at on (/Users/spot/Code/amiexpress-web/web/backend/src/utils/ansi-buffer.util.ts:175:10)
    at getAnsiBuffer (/Users/spot/Code/amiexpress-web/web/backend/src/utils/ansi-buffer.util.ts:195:18)
    at emitText (/Users/spot/Code/amiexpress-web/web/backend/src/utils/ansi-buffer.util.ts:211:3)
    at emitPrompt (/Users/spot/Code/amiexpress-web/web/backend/src/utils/output.util.ts:54:19)
    at doPause (/Users/spot/Code/amiexpress-web/web/backend/src/handlers/screen.handler.ts:2944:13)
    at doPause (/Users/spot/Code/amiexpress-web/web/backend/src/handlers/command.handler.ts:957:11)
    at finishConferenceScan (/Users/spot/Code/amiexpress-web/web/backend/src/handlers/message/message-scan.handler.ts:465:5)
    at advanceConferenceScan (/Users/spot/Code/amiexpress-web/web/backend/src/handlers/message/message-scan.handler.ts:822:3)
    at performConferenceScan (/Users/spot/Code/amiexpress-web/web/backend/src/handlers/message/message-scan.handler.ts:885:3)
    at Object.<anonymous> (/Users/spot/Code/amiexpress-web/web/backend/tests/message-scan-parity.test.ts:215:5)
Session: {"subState":"display_menu","currentConf":1}
[2026-09-01T14:26:17.108Z] Error in display state handling: socket.on is not a function
Stack: TypeError: socket.on is not a function
    at on (/Users/spot/Code/amiexpress-web/web/backend/src/utils/ansi-buffer.util.ts:175:10)
    at getAnsiBuffer (/Users/spot/Code/amiexpress-web/web/backend/src/utils/ansi-buffer.util.ts:195:18)
    at emitText (/Users/spot/Code/amiexpress-web/web/backend/src/utils/ansi-buffer.util.ts:211:3)
    at emitPrompt (/Users/spot/Code/amiexpress-web/web/backend/src/utils/output.util.ts:54:19)
    at doPause (/Users/spot/Code/amiexpress-web/web/backend/src/handlers/screen.handler.ts:2944:13)
    at doPause (/Users/spot/Code/amiexpress-web/web/backend/src/handlers/command.handler.ts:957:11)
    at finishConferenceScan (/Users/spot/Code/amiexpress-web/web/backend/src/handlers/message/message-scan.handler.ts:465:5)
    at advanceConferenceScan (/Users/spot/Code/amiexpress-web/web/backend/src/handlers/message/message-scan.handler.ts:822:3)
    at performConferenceScan (/Users/spot/Code/amiexpress-web/web/backend/src/handlers/message/message-scan.handler.ts:885:3)
    at Object.<anonymous> (/Users/spot/Code/amiexpress-web/web/backend/tests/message-scan-parity.test.ts:361:5)
Session: {"subState":"display_menu","currentConf":1}
[2026-09-01T14:26:18.106Z] Error in display state handling: socket.on is not a function
Stack: TypeError: socket.on is not a function
    at on (/Users/spot/Code/amiexpress-web/web/backend/src/utils/ansi-buffer.util.ts:175:10)
    at getAnsiBuffer (/Users/spot/Code/amiexpress-web/web/backend/src/utils/ansi-buffer.util.ts:195:18)
    at emitText (/Users/spot/Code/amiexpress-web/web/backend/src/utils/ansi-buffer.util.ts:211:3)
    at emitPrompt (/Users/spot/Code/amiexpress-web/web/backend/src/utils/output.util.ts:54:19)
    at doPause (/Users/spot/Code/amiexpress-web/web/backend/src/handlers/screen.handler.ts:2944:13)
    at doPause (/Users/spot/Code/amiexpress-web/web/backend/src/handlers/command.handler.ts:957:11)
    at finishConferenceScan (/Users/spot/Code/amiexpress-web/web/backend/src/handlers/message/message-scan.handler.ts:465:5)
    at advanceConferenceScan (/Users/spot/Code/amiexpress-web/web/backend/src/handlers/message/message-scan.handler.ts:822:3)
    at performConferenceScan (/Users/spot/Code/amiexpress-web/web/backend/src/handlers/message/message-scan.handler.ts:885:3)
    at Object.<anonymous> (/Users/spot/Code/amiexpress-web/web/backend/tests/message-scan-parity.test.ts:388:5)
Session: {"subState":"display_menu","currentConf":1}
[2026-09-01T14:26:19.443Z] Error in display state handling: socket.on is not a function
Stack: TypeError: socket.on is not a function
    at on (/Users/spot/Code/amiexpress-web/web/backend/src/utils/ansi-buffer.util.ts:175:10)
    at getAnsiBuffer (/Users/spot/Code/amiexpress-web/web/backend/src/utils/ansi-buffer.util.ts:195:18)
    at emitText (/Users/spot/Code/amiexpress-web/web/backend/src/utils/ansi-buffer.util.ts:211:3)
    at emitPrompt (/Users/spot/Code/amiexpress-web/web/backend/src/utils/output.util.ts:54:19)
    at doPause (/Users/spot/Code/amiexpress-web/web/backend/src/handlers/screen.handler.ts:2944:13)
    at doPause (/Users/spot/Code/amiexpress-web/web/backend/src/handlers/command.handler.ts:957:11)
    at finishConferenceScan (/Users/spot/Code/amiexpress-web/web/backend/src/handlers/message/message-scan.handler.ts:465:5)
    at advanceConferenceScan (/Users/spot/Code/amiexpress-web/web/backend/src/handlers/message/message-scan.handler.ts:822:3)
    at performConferenceScan (/Users/spot/Code/amiexpress-web/web/backend/src/handlers/message/message-scan.handler.ts:885:3)
    at Object.<anonymous> (/Users/spot/Code/amiexpress-web/web/backend/tests/message-scan-parity.test.ts:415:5)
Session: {"subState":"display_menu","currentConf":1}
[2026-09-01T21:12:30.962Z] Error in display state handling: socket.on is not a function
Stack: TypeError: socket.on is not a function
    at on (/Users/spot/Code/amiexpress-web/web/backend/src/utils/ansi-buffer.util.ts:175:10)
    at getAnsiBuffer (/Users/spot/Code/amiexpress-web/web/backend/src/utils/ansi-buffer.util.ts:195:18)
    at emitText (/Users/spot/Code/amiexpress-web/web/backend/src/utils/ansi-buffer.util.ts:211:3)
    at emitPrompt (/Users/spot/Code/amiexpress-web/web/backend/src/utils/output.util.ts:54:19)
    at doPause (/Users/spot/Code/amiexpress-web/web/backend/src/handlers/screen.handler.ts:2957:13)
    at doPause (/Users/spot/Code/amiexpress-web/web/backend/src/handlers/command.handler.ts:957:11)
    at finishConferenceScan (/Users/spot/Code/amiexpress-web/web/backend/src/handlers/message/message-scan.handler.ts:465:5)
    at advanceConferenceScan (/Users/spot/Code/amiexpress-web/web/backend/src/handlers/message/message-scan.handler.ts:822:3)
    at performConferenceScan (/Users/spot/Code/amiexpress-web/web/backend/src/handlers/message/message-scan.handler.ts:885:3)
    at Object.<anonymous> (/Users/spot/Code/amiexpress-web/web/backend/tests/message-scan-parity.test.ts:215:5)
Session: {"subState":"display_menu","currentConf":1}
[2026-09-01T21:12:32.596Z] Error in display state handling: socket.on is not a function
Stack: TypeError: socket.on is not a function
    at on (/Users/spot/Code/amiexpress-web/web/backend/src/utils/ansi-buffer.util.ts:175:10)
    at getAnsiBuffer (/Users/spot/Code/amiexpress-web/web/backend/src/utils/ansi-buffer.util.ts:195:18)
    at emitText (/Users/spot/Code/amiexpress-web/web/backend/src/utils/ansi-buffer.util.ts:211:3)
    at emitPrompt (/Users/spot/Code/amiexpress-web/web/backend/src/utils/output.util.ts:54:19)
    at doPause (/Users/spot/Code/amiexpress-web/web/backend/src/handlers/screen.handler.ts:2957:13)
    at doPause (/Users/spot/Code/amiexpress-web/web/backend/src/handlers/command.handler.ts:957:11)
    at finishConferenceScan (/Users/spot/Code/amiexpress-web/web/backend/src/handlers/message/message-scan.handler.ts:465:5)
    at advanceConferenceScan (/Users/spot/Code/amiexpress-web/web/backend/src/handlers/message/message-scan.handler.ts:822:3)
    at performConferenceScan (/Users/spot/Code/amiexpress-web/web/backend/src/handlers/message/message-scan.handler.ts:885:3)
    at Object.<anonymous> (/Users/spot/Code/amiexpress-web/web/backend/tests/message-scan-parity.test.ts:361:5)
Session: {"subState":"display_menu","currentConf":1}
[2026-09-01T21:12:33.124Z] Error in display state handling: socket.on is not a function
Stack: TypeError: socket.on is not a function
    at on (/Users/spot/Code/amiexpress-web/web/backend/src/utils/ansi-buffer.util.ts:175:10)
    at getAnsiBuffer (/Users/spot/Code/amiexpress-web/web/backend/src/utils/ansi-buffer.util.ts:195:18)
    at emitText (/Users/spot/Code/amiexpress-web/web/backend/src/utils/ansi-buffer.util.ts:211:3)
    at emitPrompt (/Users/spot/Code/amiexpress-web/web/backend/src/utils/output.util.ts:54:19)
    at doPause (/Users/spot/Code/amiexpress-web/web/backend/src/handlers/screen.handler.ts:2957:13)
    at doPause (/Users/spot/Code/amiexpress-web/web/backend/src/handlers/command.handler.ts:957:11)
    at finishConferenceScan (/Users/spot/Code/amiexpress-web/web/backend/src/handlers/message/message-scan.handler.ts:465:5)
    at advanceConferenceScan (/Users/spot/Code/amiexpress-web/web/backend/src/handlers/message/message-scan.handler.ts:822:3)
    at performConferenceScan (/Users/spot/Code/amiexpress-web/web/backend/src/handlers/message/message-scan.handler.ts:885:3)
    at Object.<anonymous> (/Users/spot/Code/amiexpress-web/web/backend/tests/message-scan-parity.test.ts:388:5)
Session: {"subState":"display_menu","currentConf":1}
[2026-09-01T21:12:33.580Z] Error in display state handling: socket.on is not a function
Stack: TypeError: socket.on is not a function
    at on (/Users/spot/Code/amiexpress-web/web/backend/src/utils/ansi-buffer.util.ts:175:10)
    at getAnsiBuffer (/Users/spot/Code/amiexpress-web/web/backend/src/utils/ansi-buffer.util.ts:195:18)
    at emitText (/Users/spot/Code/amiexpress-web/web/backend/src/utils/ansi-buffer.util.ts:211:3)
    at emitPrompt (/Users/spot/Code/amiexpress-web/web/backend/src/utils/output.util.ts:54:19)
    at doPause (/Users/spot/Code/amiexpress-web/web/backend/src/handlers/screen.handler.ts:2957:13)
    at doPause (/Users/spot/Code/amiexpress-web/web/backend/src/handlers/command.handler.ts:957:11)
    at finishConferenceScan (/Users/spot/Code/amiexpress-web/web/backend/src/handlers/message/message-scan.handler.ts:465:5)
    at advanceConferenceScan (/Users/spot/Code/amiexpress-web/web/backend/src/handlers/message/message-scan.handler.ts:822:3)
    at performConferenceScan (/Users/spot/Code/amiexpress-web/web/backend/src/handlers/message/message-scan.handler.ts:885:3)
    at Object.<anonymous> (/Users/spot/Code/amiexpress-web/web/backend/tests/message-scan-parity.test.ts:415:5)
Session: {"subState":"display_menu","currentConf":1}
[2026-09-01T21:29:10.634Z] Error in display state handling: socket.on is not a function
Stack: TypeError: socket.on is not a function
    at on (/Users/spot/Code/amiexpress-web/web/backend/src/utils/ansi-buffer.util.ts:175:10)
    at getAnsiBuffer (/Users/spot/Code/amiexpress-web/web/backend/src/utils/ansi-buffer.util.ts:195:18)
    at emitText (/Users/spot/Code/amiexpress-web/web/backend/src/utils/ansi-buffer.util.ts:211:3)
    at emitPrompt (/Users/spot/Code/amiexpress-web/web/backend/src/utils/output.util.ts:54:19)
    at doPause (/Users/spot/Code/amiexpress-web/web/backend/src/handlers/screen.handler.ts:2957:13)
    at doPause (/Users/spot/Code/amiexpress-web/web/backend/src/handlers/command.handler.ts:957:11)
    at finishConferenceScan (/Users/spot/Code/amiexpress-web/web/backend/src/handlers/message/message-scan.handler.ts:465:5)
    at advanceConferenceScan (/Users/spot/Code/amiexpress-web/web/backend/src/handlers/message/message-scan.handler.ts:822:3)
    at performConferenceScan (/Users/spot/Code/amiexpress-web/web/backend/src/handlers/message/message-scan.handler.ts:885:3)
    at Object.<anonymous> (/Users/spot/Code/amiexpress-web/web/backend/tests/message-scan-parity.test.ts:215:5)
Session: {"subState":"display_menu","currentConf":1}
[2026-09-01T21:29:11.336Z] Error in display state handling: socket.on is not a function
Stack: TypeError: socket.on is not a function
    at on (/Users/spot/Code/amiexpress-web/web/backend/src/utils/ansi-buffer.util.ts:175:10)
    at getAnsiBuffer (/Users/spot/Code/amiexpress-web/web/backend/src/utils/ansi-buffer.util.ts:195:18)
    at emitText (/Users/spot/Code/amiexpress-web/web/backend/src/utils/ansi-buffer.util.ts:211:3)
    at emitPrompt (/Users/spot/Code/amiexpress-web/web/backend/src/utils/output.util.ts:54:19)
    at doPause (/Users/spot/Code/amiexpress-web/web/backend/src/handlers/screen.handler.ts:2957:13)
    at doPause (/Users/spot/Code/amiexpress-web/web/backend/src/handlers/command.handler.ts:957:11)
    at finishConferenceScan (/Users/spot/Code/amiexpress-web/web/backend/src/handlers/message/message-scan.handler.ts:465:5)
    at advanceConferenceScan (/Users/spot/Code/amiexpress-web/web/backend/src/handlers/message/message-scan.handler.ts:822:3)
    at performConferenceScan (/Users/spot/Code/amiexpress-web/web/backend/src/handlers/message/message-scan.handler.ts:885:3)
    at Object.<anonymous> (/Users/spot/Code/amiexpress-web/web/backend/tests/message-scan-parity.test.ts:361:5)
Session: {"subState":"display_menu","currentConf":1}
[2026-09-01T21:29:11.928Z] Error in display state handling: socket.on is not a function
Stack: TypeError: socket.on is not a function
    at on (/Users/spot/Code/amiexpress-web/web/backend/src/utils/ansi-buffer.util.ts:175:10)
    at getAnsiBuffer (/Users/spot/Code/amiexpress-web/web/backend/src/utils/ansi-buffer.util.ts:195:18)
    at emitText (/Users/spot/Code/amiexpress-web/web/backend/src/utils/ansi-buffer.util.ts:211:3)
    at emitPrompt (/Users/spot/Code/amiexpress-web/web/backend/src/utils/output.util.ts:54:19)
    at doPause (/Users/spot/Code/amiexpress-web/web/backend/src/handlers/screen.handler.ts:2957:13)
    at doPause (/Users/spot/Code/amiexpress-web/web/backend/src/handlers/command.handler.ts:957:11)
    at finishConferenceScan (/Users/spot/Code/amiexpress-web/web/backend/src/handlers/message/message-scan.handler.ts:465:5)
    at advanceConferenceScan (/Users/spot/Code/amiexpress-web/web/backend/src/handlers/message/message-scan.handler.ts:822:3)
    at performConferenceScan (/Users/spot/Code/amiexpress-web/web/backend/src/handlers/message/message-scan.handler.ts:885:3)
    at Object.<anonymous> (/Users/spot/Code/amiexpress-web/web/backend/tests/message-scan-parity.test.ts:388:5)
Session: {"subState":"display_menu","currentConf":1}
[2026-09-01T21:29:12.893Z] Error in display state handling: socket.on is not a function
Stack: TypeError: socket.on is not a function
    at on (/Users/spot/Code/amiexpress-web/web/backend/src/utils/ansi-buffer.util.ts:175:10)
    at getAnsiBuffer (/Users/spot/Code/amiexpress-web/web/backend/src/utils/ansi-buffer.util.ts:195:18)
    at emitText (/Users/spot/Code/amiexpress-web/web/backend/src/utils/ansi-buffer.util.ts:211:3)
    at emitPrompt (/Users/spot/Code/amiexpress-web/web/backend/src/utils/output.util.ts:54:19)
    at doPause (/Users/spot/Code/amiexpress-web/web/backend/src/handlers/screen.handler.ts:2957:13)
    at doPause (/Users/spot/Code/amiexpress-web/web/backend/src/handlers/command.handler.ts:957:11)
    at finishConferenceScan (/Users/spot/Code/amiexpress-web/web/backend/src/handlers/message/message-scan.handler.ts:465:5)
    at advanceConferenceScan (/Users/spot/Code/amiexpress-web/web/backend/src/handlers/message/message-scan.handler.ts:822:3)
    at performConferenceScan (/Users/spot/Code/amiexpress-web/web/backend/src/handlers/message/message-scan.handler.ts:885:3)
    at Object.<anonymous> (/Users/spot/Code/amiexpress-web/web/backend/tests/message-scan-parity.test.ts:415:5)
Session: {"subState":"display_menu","currentConf":1}
[2026-09-01T21:45:22.868Z] Error in display state handling: socket.on is not a function
Stack: TypeError: socket.on is not a function
    at on (/Users/spot/Code/amiexpress-web/web/backend/src/utils/ansi-buffer.util.ts:175:10)
    at getAnsiBuffer (/Users/spot/Code/amiexpress-web/web/backend/src/utils/ansi-buffer.util.ts:195:18)
    at emitText (/Users/spot/Code/amiexpress-web/web/backend/src/utils/ansi-buffer.util.ts:211:3)
    at emitPrompt (/Users/spot/Code/amiexpress-web/web/backend/src/utils/output.util.ts:54:19)
    at doPause (/Users/spot/Code/amiexpress-web/web/backend/src/handlers/screen.handler.ts:2957:13)
    at doPause (/Users/spot/Code/amiexpress-web/web/backend/src/handlers/command.handler.ts:957:11)
    at finishConferenceScan (/Users/spot/Code/amiexpress-web/web/backend/src/handlers/message/message-scan.handler.ts:465:5)
    at advanceConferenceScan (/Users/spot/Code/amiexpress-web/web/backend/src/handlers/message/message-scan.handler.ts:822:3)
    at performConferenceScan (/Users/spot/Code/amiexpress-web/web/backend/src/handlers/message/message-scan.handler.ts:885:3)
    at Object.<anonymous> (/Users/spot/Code/amiexpress-web/web/backend/tests/message-scan-parity.test.ts:215:5)
Session: {"subState":"display_menu","currentConf":1}
[2026-09-01T21:45:24.200Z] Error in display state handling: socket.on is not a function
Stack: TypeError: socket.on is not a function
    at on (/Users/spot/Code/amiexpress-web/web/backend/src/utils/ansi-buffer.util.ts:175:10)
    at getAnsiBuffer (/Users/spot/Code/amiexpress-web/web/backend/src/utils/ansi-buffer.util.ts:195:18)
    at emitText (/Users/spot/Code/amiexpress-web/web/backend/src/utils/ansi-buffer.util.ts:211:3)
    at emitPrompt (/Users/spot/Code/amiexpress-web/web/backend/src/utils/output.util.ts:54:19)
    at doPause (/Users/spot/Code/amiexpress-web/web/backend/src/handlers/screen.handler.ts:2957:13)
    at doPause (/Users/spot/Code/amiexpress-web/web/backend/src/handlers/command.handler.ts:957:11)
    at finishConferenceScan (/Users/spot/Code/amiexpress-web/web/backend/src/handlers/message/message-scan.handler.ts:465:5)
    at advanceConferenceScan (/Users/spot/Code/amiexpress-web/web/backend/src/handlers/message/message-scan.handler.ts:822:3)
    at performConferenceScan (/Users/spot/Code/amiexpress-web/web/backend/src/handlers/message/message-scan.handler.ts:885:3)
    at Object.<anonymous> (/Users/spot/Code/amiexpress-web/web/backend/tests/message-scan-parity.test.ts:361:5)
Session: {"subState":"display_menu","currentConf":1}
[2026-09-01T21:45:25.091Z] Error in display state handling: socket.on is not a function
Stack: TypeError: socket.on is not a function
    at on (/Users/spot/Code/amiexpress-web/web/backend/src/utils/ansi-buffer.util.ts:175:10)
    at getAnsiBuffer (/Users/spot/Code/amiexpress-web/web/backend/src/utils/ansi-buffer.util.ts:195:18)
    at emitText (/Users/spot/Code/amiexpress-web/web/backend/src/utils/ansi-buffer.util.ts:211:3)
    at emitPrompt (/Users/spot/Code/amiexpress-web/web/backend/src/utils/output.util.ts:54:19)
    at doPause (/Users/spot/Code/amiexpress-web/web/backend/src/handlers/screen.handler.ts:2957:13)
    at doPause (/Users/spot/Code/amiexpress-web/web/backend/src/handlers/command.handler.ts:957:11)
    at finishConferenceScan (/Users/spot/Code/amiexpress-web/web/backend/src/handlers/message/message-scan.handler.ts:465:5)
    at advanceConferenceScan (/Users/spot/Code/amiexpress-web/web/backend/src/handlers/message/message-scan.handler.ts:822:3)
    at performConferenceScan (/Users/spot/Code/amiexpress-web/web/backend/src/handlers/message/message-scan.handler.ts:885:3)
    at Object.<anonymous> (/Users/spot/Code/amiexpress-web/web/backend/tests/message-scan-parity.test.ts:388:5)
Session: {"subState":"display_menu","currentConf":1}
[2026-09-01T21:45:26.140Z] Error in display state handling: socket.on is not a function
Stack: TypeError: socket.on is not a function
    at on (/Users/spot/Code/amiexpress-web/web/backend/src/utils/ansi-buffer.util.ts:175:10)
    at getAnsiBuffer (/Users/spot/Code/amiexpress-web/web/backend/src/utils/ansi-buffer.util.ts:195:18)
    at emitText (/Users/spot/Code/amiexpress-web/web/backend/src/utils/ansi-buffer.util.ts:211:3)
    at emitPrompt (/Users/spot/Code/amiexpress-web/web/backend/src/utils/output.util.ts:54:19)
    at doPause (/Users/spot/Code/amiexpress-web/web/backend/src/handlers/screen.handler.ts:2957:13)
    at doPause (/Users/spot/Code/amiexpress-web/web/backend/src/handlers/command.handler.ts:957:11)
    at finishConferenceScan (/Users/spot/Code/amiexpress-web/web/backend/src/handlers/message/message-scan.handler.ts:465:5)
    at advanceConferenceScan (/Users/spot/Code/amiexpress-web/web/backend/src/handlers/message/message-scan.handler.ts:822:3)
    at performConferenceScan (/Users/spot/Code/amiexpress-web/web/backend/src/handlers/message/message-scan.handler.ts:885:3)
    at Object.<anonymous> (/Users/spot/Code/amiexpress-web/web/backend/tests/message-scan-parity.test.ts:415:5)
Session: {"subState":"display_menu","currentConf":1}
[2026-09-01T21:57:11.085Z] Error in display state handling: socket.on is not a function
Stack: TypeError: socket.on is not a function
    at on (/Users/spot/Code/amiexpress-web/web/backend/src/utils/ansi-buffer.util.ts:175:10)
    at getAnsiBuffer (/Users/spot/Code/amiexpress-web/web/backend/src/utils/ansi-buffer.util.ts:195:18)
    at emitText (/Users/spot/Code/amiexpress-web/web/backend/src/utils/ansi-buffer.util.ts:211:3)
    at emitPrompt (/Users/spot/Code/amiexpress-web/web/backend/src/utils/output.util.ts:54:19)
    at doPause (/Users/spot/Code/amiexpress-web/web/backend/src/handlers/screen.handler.ts:2957:13)
    at doPause (/Users/spot/Code/amiexpress-web/web/backend/src/handlers/command.handler.ts:957:11)
    at finishConferenceScan (/Users/spot/Code/amiexpress-web/web/backend/src/handlers/message/message-scan.handler.ts:465:5)
    at advanceConferenceScan (/Users/spot/Code/amiexpress-web/web/backend/src/handlers/message/message-scan.handler.ts:822:3)
    at performConferenceScan (/Users/spot/Code/amiexpress-web/web/backend/src/handlers/message/message-scan.handler.ts:885:3)
    at Object.<anonymous> (/Users/spot/Code/amiexpress-web/web/backend/tests/message-scan-parity.test.ts:215:5)
Session: {"subState":"display_menu","currentConf":1}
[2026-09-01T21:57:11.963Z] Error in display state handling: socket.on is not a function
Stack: TypeError: socket.on is not a function
    at on (/Users/spot/Code/amiexpress-web/web/backend/src/utils/ansi-buffer.util.ts:175:10)
    at getAnsiBuffer (/Users/spot/Code/amiexpress-web/web/backend/src/utils/ansi-buffer.util.ts:195:18)
    at emitText (/Users/spot/Code/amiexpress-web/web/backend/src/utils/ansi-buffer.util.ts:211:3)
    at emitPrompt (/Users/spot/Code/amiexpress-web/web/backend/src/utils/output.util.ts:54:19)
    at doPause (/Users/spot/Code/amiexpress-web/web/backend/src/handlers/screen.handler.ts:2957:13)
    at doPause (/Users/spot/Code/amiexpress-web/web/backend/src/handlers/command.handler.ts:957:11)
    at finishConferenceScan (/Users/spot/Code/amiexpress-web/web/backend/src/handlers/message/message-scan.handler.ts:465:5)
    at advanceConferenceScan (/Users/spot/Code/amiexpress-web/web/backend/src/handlers/message/message-scan.handler.ts:822:3)
    at performConferenceScan (/Users/spot/Code/amiexpress-web/web/backend/src/handlers/message/message-scan.handler.ts:885:3)
    at Object.<anonymous> (/Users/spot/Code/amiexpress-web/web/backend/tests/message-scan-parity.test.ts:361:5)
Session: {"subState":"display_menu","currentConf":1}
[2026-09-01T21:57:13.093Z] Error in display state handling: socket.on is not a function
Stack: TypeError: socket.on is not a function
    at on (/Users/spot/Code/amiexpress-web/web/backend/src/utils/ansi-buffer.util.ts:175:10)
    at getAnsiBuffer (/Users/spot/Code/amiexpress-web/web/backend/src/utils/ansi-buffer.util.ts:195:18)
    at emitText (/Users/spot/Code/amiexpress-web/web/backend/src/utils/ansi-buffer.util.ts:211:3)
    at emitPrompt (/Users/spot/Code/amiexpress-web/web/backend/src/utils/output.util.ts:54:19)
    at doPause (/Users/spot/Code/amiexpress-web/web/backend/src/handlers/screen.handler.ts:2957:13)
    at doPause (/Users/spot/Code/amiexpress-web/web/backend/src/handlers/command.handler.ts:957:11)
    at finishConferenceScan (/Users/spot/Code/amiexpress-web/web/backend/src/handlers/message/message-scan.handler.ts:465:5)
    at advanceConferenceScan (/Users/spot/Code/amiexpress-web/web/backend/src/handlers/message/message-scan.handler.ts:822:3)
    at performConferenceScan (/Users/spot/Code/amiexpress-web/web/backend/src/handlers/message/message-scan.handler.ts:885:3)
    at Object.<anonymous> (/Users/spot/Code/amiexpress-web/web/backend/tests/message-scan-parity.test.ts:388:5)
Session: {"subState":"display_menu","currentConf":1}
[2026-09-01T21:57:15.476Z] Error in display state handling: socket.on is not a function
Stack: TypeError: socket.on is not a function
    at on (/Users/spot/Code/amiexpress-web/web/backend/src/utils/ansi-buffer.util.ts:175:10)
    at getAnsiBuffer (/Users/spot/Code/amiexpress-web/web/backend/src/utils/ansi-buffer.util.ts:195:18)
    at emitText (/Users/spot/Code/amiexpress-web/web/backend/src/utils/ansi-buffer.util.ts:211:3)
    at emitPrompt (/Users/spot/Code/amiexpress-web/web/backend/src/utils/output.util.ts:54:19)
    at doPause (/Users/spot/Code/amiexpress-web/web/backend/src/handlers/screen.handler.ts:2957:13)
    at doPause (/Users/spot/Code/amiexpress-web/web/backend/src/handlers/command.handler.ts:957:11)
    at finishConferenceScan (/Users/spot/Code/amiexpress-web/web/backend/src/handlers/message/message-scan.handler.ts:465:5)
    at advanceConferenceScan (/Users/spot/Code/amiexpress-web/web/backend/src/handlers/message/message-scan.handler.ts:822:3)
    at performConferenceScan (/Users/spot/Code/amiexpress-web/web/backend/src/handlers/message/message-scan.handler.ts:885:3)
    at Object.<anonymous> (/Users/spot/Code/amiexpress-web/web/backend/tests/message-scan-parity.test.ts:415:5)
Session: {"subState":"display_menu","currentConf":1}
[2026-09-01T23:07:15.204Z] Error in display state handling: socket.on is not a function
Stack: TypeError: socket.on is not a function
    at on (/Users/spot/Code/amiexpress-web/web/backend/src/utils/ansi-buffer.util.ts:175:10)
    at getAnsiBuffer (/Users/spot/Code/amiexpress-web/web/backend/src/utils/ansi-buffer.util.ts:195:18)
    at emitText (/Users/spot/Code/amiexpress-web/web/backend/src/utils/ansi-buffer.util.ts:211:3)
    at emitPrompt (/Users/spot/Code/amiexpress-web/web/backend/src/utils/output.util.ts:54:19)
    at doPause (/Users/spot/Code/amiexpress-web/web/backend/src/handlers/screen.handler.ts:3005:13)
    at doPause (/Users/spot/Code/amiexpress-web/web/backend/src/handlers/command.handler.ts:958:11)
    at finishConferenceScan (/Users/spot/Code/amiexpress-web/web/backend/src/handlers/message/message-scan.handler.ts:465:5)
    at advanceConferenceScan (/Users/spot/Code/amiexpress-web/web/backend/src/handlers/message/message-scan.handler.ts:822:3)
    at performConferenceScan (/Users/spot/Code/amiexpress-web/web/backend/src/handlers/message/message-scan.handler.ts:885:3)
    at Object.<anonymous> (/Users/spot/Code/amiexpress-web/web/backend/tests/message-scan-parity.test.ts:215:5)
Session: {"subState":"display_menu","currentConf":1}
[2026-09-01T23:07:17.428Z] Error in display state handling: socket.on is not a function
Stack: TypeError: socket.on is not a function
    at on (/Users/spot/Code/amiexpress-web/web/backend/src/utils/ansi-buffer.util.ts:175:10)
    at getAnsiBuffer (/Users/spot/Code/amiexpress-web/web/backend/src/utils/ansi-buffer.util.ts:195:18)
    at emitText (/Users/spot/Code/amiexpress-web/web/backend/src/utils/ansi-buffer.util.ts:211:3)
    at emitPrompt (/Users/spot/Code/amiexpress-web/web/backend/src/utils/output.util.ts:54:19)
    at doPause (/Users/spot/Code/amiexpress-web/web/backend/src/handlers/screen.handler.ts:3005:13)
    at doPause (/Users/spot/Code/amiexpress-web/web/backend/src/handlers/command.handler.ts:958:11)
    at finishConferenceScan (/Users/spot/Code/amiexpress-web/web/backend/src/handlers/message/message-scan.handler.ts:465:5)
    at advanceConferenceScan (/Users/spot/Code/amiexpress-web/web/backend/src/handlers/message/message-scan.handler.ts:822:3)
    at performConferenceScan (/Users/spot/Code/amiexpress-web/web/backend/src/handlers/message/message-scan.handler.ts:885:3)
    at Object.<anonymous> (/Users/spot/Code/amiexpress-web/web/backend/tests/message-scan-parity.test.ts:361:5)
Session: {"subState":"display_menu","currentConf":1}
[2026-09-01T23:07:18.008Z] Error in display state handling: socket.on is not a function
Stack: TypeError: socket.on is not a function
    at on (/Users/spot/Code/amiexpress-web/web/backend/src/utils/ansi-buffer.util.ts:175:10)
    at getAnsiBuffer (/Users/spot/Code/amiexpress-web/web/backend/src/utils/ansi-buffer.util.ts:195:18)
    at emitText (/Users/spot/Code/amiexpress-web/web/backend/src/utils/ansi-buffer.util.ts:211:3)
    at emitPrompt (/Users/spot/Code/amiexpress-web/web/backend/src/utils/output.util.ts:54:19)
    at doPause (/Users/spot/Code/amiexpress-web/web/backend/src/handlers/screen.handler.ts:3005:13)
    at doPause (/Users/spot/Code/amiexpress-web/web/backend/src/handlers/command.handler.ts:958:11)
    at finishConferenceScan (/Users/spot/Code/amiexpress-web/web/backend/src/handlers/message/message-scan.handler.ts:465:5)
    at advanceConferenceScan (/Users/spot/Code/amiexpress-web/web/backend/src/handlers/message/message-scan.handler.ts:822:3)
    at performConferenceScan (/Users/spot/Code/amiexpress-web/web/backend/src/handlers/message/message-scan.handler.ts:885:3)
    at Object.<anonymous> (/Users/spot/Code/amiexpress-web/web/backend/tests/message-scan-parity.test.ts:388:5)
Session: {"subState":"display_menu","currentConf":1}
[2026-09-01T23:07:18.775Z] Error in display state handling: socket.on is not a function
Stack: TypeError: socket.on is not a function
    at on (/Users/spot/Code/amiexpress-web/web/backend/src/utils/ansi-buffer.util.ts:175:10)
    at getAnsiBuffer (/Users/spot/Code/amiexpress-web/web/backend/src/utils/ansi-buffer.util.ts:195:18)
    at emitText (/Users/spot/Code/amiexpress-web/web/backend/src/utils/ansi-buffer.util.ts:211:3)
    at emitPrompt (/Users/spot/Code/amiexpress-web/web/backend/src/utils/output.util.ts:54:19)
    at doPause (/Users/spot/Code/amiexpress-web/web/backend/src/handlers/screen.handler.ts:3005:13)
    at doPause (/Users/spot/Code/amiexpress-web/web/backend/src/handlers/command.handler.ts:958:11)
    at finishConferenceScan (/Users/spot/Code/amiexpress-web/web/backend/src/handlers/message/message-scan.handler.ts:465:5)
    at advanceConferenceScan (/Users/spot/Code/amiexpress-web/web/backend/src/handlers/message/message-scan.handler.ts:822:3)
    at performConferenceScan (/Users/spot/Code/amiexpress-web/web/backend/src/handlers/message/message-scan.handler.ts:885:3)
    at Object.<anonymous> (/Users/spot/Code/amiexpress-web/web/backend/tests/message-scan-parity.test.ts:415:5)
Session: {"subState":"display_menu","currentConf":1}
[2026-09-01T23:30:23.427Z] Error in display state handling: socket.on is not a function
Stack: TypeError: socket.on is not a function
    at on (/Users/spot/Code/amiexpress-web/web/backend/src/utils/ansi-buffer.util.ts:175:10)
    at getAnsiBuffer (/Users/spot/Code/amiexpress-web/web/backend/src/utils/ansi-buffer.util.ts:195:18)
    at emitText (/Users/spot/Code/amiexpress-web/web/backend/src/utils/ansi-buffer.util.ts:211:3)
    at emitPrompt (/Users/spot/Code/amiexpress-web/web/backend/src/utils/output.util.ts:54:19)
    at doPause (/Users/spot/Code/amiexpress-web/web/backend/src/handlers/screen.handler.ts:3005:13)
    at doPause (/Users/spot/Code/amiexpress-web/web/backend/src/handlers/command.handler.ts:958:11)
    at finishConferenceScan (/Users/spot/Code/amiexpress-web/web/backend/src/handlers/message/message-scan.handler.ts:465:5)
    at advanceConferenceScan (/Users/spot/Code/amiexpress-web/web/backend/src/handlers/message/message-scan.handler.ts:822:3)
    at performConferenceScan (/Users/spot/Code/amiexpress-web/web/backend/src/handlers/message/message-scan.handler.ts:885:3)
    at Object.<anonymous> (/Users/spot/Code/amiexpress-web/web/backend/tests/message-scan-parity.test.ts:215:5)
Session: {"subState":"display_menu","currentConf":1}
[2026-09-01T23:30:26.865Z] Error in display state handling: socket.on is not a function
Stack: TypeError: socket.on is not a function
    at on (/Users/spot/Code/amiexpress-web/web/backend/src/utils/ansi-buffer.util.ts:175:10)
    at getAnsiBuffer (/Users/spot/Code/amiexpress-web/web/backend/src/utils/ansi-buffer.util.ts:195:18)
    at emitText (/Users/spot/Code/amiexpress-web/web/backend/src/utils/ansi-buffer.util.ts:211:3)
    at emitPrompt (/Users/spot/Code/amiexpress-web/web/backend/src/utils/output.util.ts:54:19)
    at doPause (/Users/spot/Code/amiexpress-web/web/backend/src/handlers/screen.handler.ts:3005:13)
    at doPause (/Users/spot/Code/amiexpress-web/web/backend/src/handlers/command.handler.ts:958:11)
    at finishConferenceScan (/Users/spot/Code/amiexpress-web/web/backend/src/handlers/message/message-scan.handler.ts:465:5)
    at advanceConferenceScan (/Users/spot/Code/amiexpress-web/web/backend/src/handlers/message/message-scan.handler.ts:822:3)
    at performConferenceScan (/Users/spot/Code/amiexpress-web/web/backend/src/handlers/message/message-scan.handler.ts:885:3)
    at Object.<anonymous> (/Users/spot/Code/amiexpress-web/web/backend/tests/message-scan-parity.test.ts:361:5)
Session: {"subState":"display_menu","currentConf":1}
[2026-09-01T23:30:29.833Z] Error in display state handling: socket.on is not a function
Stack: TypeError: socket.on is not a function
    at on (/Users/spot/Code/amiexpress-web/web/backend/src/utils/ansi-buffer.util.ts:175:10)
    at getAnsiBuffer (/Users/spot/Code/amiexpress-web/web/backend/src/utils/ansi-buffer.util.ts:195:18)
    at emitText (/Users/spot/Code/amiexpress-web/web/backend/src/utils/ansi-buffer.util.ts:211:3)
    at emitPrompt (/Users/spot/Code/amiexpress-web/web/backend/src/utils/output.util.ts:54:19)
    at doPause (/Users/spot/Code/amiexpress-web/web/backend/src/handlers/screen.handler.ts:3005:13)
    at doPause (/Users/spot/Code/amiexpress-web/web/backend/src/handlers/command.handler.ts:958:11)
    at finishConferenceScan (/Users/spot/Code/amiexpress-web/web/backend/src/handlers/message/message-scan.handler.ts:465:5)
    at advanceConferenceScan (/Users/spot/Code/amiexpress-web/web/backend/src/handlers/message/message-scan.handler.ts:822:3)
    at performConferenceScan (/Users/spot/Code/amiexpress-web/web/backend/src/handlers/message/message-scan.handler.ts:885:3)
    at Object.<anonymous> (/Users/spot/Code/amiexpress-web/web/backend/tests/message-scan-parity.test.ts:388:5)
Session: {"subState":"display_menu","currentConf":1}
[2026-09-01T23:30:34.322Z] Error in display state handling: socket.on is not a function
Stack: TypeError: socket.on is not a function
    at on (/Users/spot/Code/amiexpress-web/web/backend/src/utils/ansi-buffer.util.ts:175:10)
    at getAnsiBuffer (/Users/spot/Code/amiexpress-web/web/backend/src/utils/ansi-buffer.util.ts:195:18)
    at emitText (/Users/spot/Code/amiexpress-web/web/backend/src/utils/ansi-buffer.util.ts:211:3)
    at emitPrompt (/Users/spot/Code/amiexpress-web/web/backend/src/utils/output.util.ts:54:19)
    at doPause (/Users/spot/Code/amiexpress-web/web/backend/src/handlers/screen.handler.ts:3005:13)
    at doPause (/Users/spot/Code/amiexpress-web/web/backend/src/handlers/command.handler.ts:958:11)
    at finishConferenceScan (/Users/spot/Code/amiexpress-web/web/backend/src/handlers/message/message-scan.handler.ts:465:5)
    at advanceConferenceScan (/Users/spot/Code/amiexpress-web/web/backend/src/handlers/message/message-scan.handler.ts:822:3)
    at performConferenceScan (/Users/spot/Code/amiexpress-web/web/backend/src/handlers/message/message-scan.handler.ts:885:3)
    at Object.<anonymous> (/Users/spot/Code/amiexpress-web/web/backend/tests/message-scan-parity.test.ts:415:5)
Session: {"subState":"display_menu","currentConf":1}
[2026-09-02T00:28:51.830Z] Error in display state handling: socket.on is not a function
Stack: TypeError: socket.on is not a function
    at on (/Users/spot/Code/amiexpress-web/web/backend/src/utils/ansi-buffer.util.ts:175:10)
    at getAnsiBuffer (/Users/spot/Code/amiexpress-web/web/backend/src/utils/ansi-buffer.util.ts:195:18)
    at emitText (/Users/spot/Code/amiexpress-web/web/backend/src/utils/ansi-buffer.util.ts:211:3)
    at emitPrompt (/Users/spot/Code/amiexpress-web/web/backend/src/utils/output.util.ts:54:19)
    at doPause (/Users/spot/Code/amiexpress-web/web/backend/src/handlers/screen.handler.ts:3018:13)
    at doPause (/Users/spot/Code/amiexpress-web/web/backend/src/handlers/command.handler.ts:958:11)
    at finishConferenceScan (/Users/spot/Code/amiexpress-web/web/backend/src/handlers/message/message-scan.handler.ts:465:5)
    at advanceConferenceScan (/Users/spot/Code/amiexpress-web/web/backend/src/handlers/message/message-scan.handler.ts:822:3)
    at performConferenceScan (/Users/spot/Code/amiexpress-web/web/backend/src/handlers/message/message-scan.handler.ts:885:3)
    at Object.<anonymous> (/Users/spot/Code/amiexpress-web/web/backend/tests/message-scan-parity.test.ts:215:5)
Session: {"subState":"display_menu","currentConf":1}
[2026-09-02T00:28:53.020Z] Error in display state handling: socket.on is not a function
Stack: TypeError: socket.on is not a function
    at on (/Users/spot/Code/amiexpress-web/web/backend/src/utils/ansi-buffer.util.ts:175:10)
    at getAnsiBuffer (/Users/spot/Code/amiexpress-web/web/backend/src/utils/ansi-buffer.util.ts:195:18)
    at emitText (/Users/spot/Code/amiexpress-web/web/backend/src/utils/ansi-buffer.util.ts:211:3)
    at emitPrompt (/Users/spot/Code/amiexpress-web/web/backend/src/utils/output.util.ts:54:19)
    at doPause (/Users/spot/Code/amiexpress-web/web/backend/src/handlers/screen.handler.ts:3018:13)
    at doPause (/Users/spot/Code/amiexpress-web/web/backend/src/handlers/command.handler.ts:958:11)
    at finishConferenceScan (/Users/spot/Code/amiexpress-web/web/backend/src/handlers/message/message-scan.handler.ts:465:5)
    at advanceConferenceScan (/Users/spot/Code/amiexpress-web/web/backend/src/handlers/message/message-scan.handler.ts:822:3)
    at performConferenceScan (/Users/spot/Code/amiexpress-web/web/backend/src/handlers/message/message-scan.handler.ts:885:3)
    at Object.<anonymous> (/Users/spot/Code/amiexpress-web/web/backend/tests/message-scan-parity.test.ts:361:5)
Session: {"subState":"display_menu","currentConf":1}
[2026-09-02T00:28:53.683Z] Error in display state handling: socket.on is not a function
Stack: TypeError: socket.on is not a function
    at on (/Users/spot/Code/amiexpress-web/web/backend/src/utils/ansi-buffer.util.ts:175:10)
    at getAnsiBuffer (/Users/spot/Code/amiexpress-web/web/backend/src/utils/ansi-buffer.util.ts:195:18)
    at emitText (/Users/spot/Code/amiexpress-web/web/backend/src/utils/ansi-buffer.util.ts:211:3)
    at emitPrompt (/Users/spot/Code/amiexpress-web/web/backend/src/utils/output.util.ts:54:19)
    at doPause (/Users/spot/Code/amiexpress-web/web/backend/src/handlers/screen.handler.ts:3018:13)
    at doPause (/Users/spot/Code/amiexpress-web/web/backend/src/handlers/command.handler.ts:958:11)
    at finishConferenceScan (/Users/spot/Code/amiexpress-web/web/backend/src/handlers/message/message-scan.handler.ts:465:5)
    at advanceConferenceScan (/Users/spot/Code/amiexpress-web/web/backend/src/handlers/message/message-scan.handler.ts:822:3)
    at performConferenceScan (/Users/spot/Code/amiexpress-web/web/backend/src/handlers/message/message-scan.handler.ts:885:3)
    at Object.<anonymous> (/Users/spot/Code/amiexpress-web/web/backend/tests/message-scan-parity.test.ts:388:5)
Session: {"subState":"display_menu","currentConf":1}
[2026-09-02T00:28:54.538Z] Error in display state handling: socket.on is not a function
Stack: TypeError: socket.on is not a function
    at on (/Users/spot/Code/amiexpress-web/web/backend/src/utils/ansi-buffer.util.ts:175:10)
    at getAnsiBuffer (/Users/spot/Code/amiexpress-web/web/backend/src/utils/ansi-buffer.util.ts:195:18)
    at emitText (/Users/spot/Code/amiexpress-web/web/backend/src/utils/ansi-buffer.util.ts:211:3)
    at emitPrompt (/Users/spot/Code/amiexpress-web/web/backend/src/utils/output.util.ts:54:19)
    at doPause (/Users/spot/Code/amiexpress-web/web/backend/src/handlers/screen.handler.ts:3018:13)
    at doPause (/Users/spot/Code/amiexpress-web/web/backend/src/handlers/command.handler.ts:958:11)
    at finishConferenceScan (/Users/spot/Code/amiexpress-web/web/backend/src/handlers/message/message-scan.handler.ts:465:5)
    at advanceConferenceScan (/Users/spot/Code/amiexpress-web/web/backend/src/handlers/message/message-scan.handler.ts:822:3)
    at performConferenceScan (/Users/spot/Code/amiexpress-web/web/backend/src/handlers/message/message-scan.handler.ts:885:3)
    at Object.<anonymous> (/Users/spot/Code/amiexpress-web/web/backend/tests/message-scan-parity.test.ts:415:5)
Session: {"subState":"display_menu","currentConf":1}
[2026-09-02T08:18:31.146Z] Error in display state handling: socket.on is not a function
Stack: TypeError: socket.on is not a function
    at on (/Users/spot/Code/amiexpress-web/web/backend/src/utils/ansi-buffer.util.ts:175:10)
    at getAnsiBuffer (/Users/spot/Code/amiexpress-web/web/backend/src/utils/ansi-buffer.util.ts:195:18)
    at emitText (/Users/spot/Code/amiexpress-web/web/backend/src/utils/ansi-buffer.util.ts:211:3)
    at emitPrompt (/Users/spot/Code/amiexpress-web/web/backend/src/utils/output.util.ts:54:19)
    at doPause (/Users/spot/Code/amiexpress-web/web/backend/src/handlers/screen.handler.ts:3018:13)
    at doPause (/Users/spot/Code/amiexpress-web/web/backend/src/handlers/command.handler.ts:958:11)
    at finishConferenceScan (/Users/spot/Code/amiexpress-web/web/backend/src/handlers/message/message-scan.handler.ts:465:5)
    at advanceConferenceScan (/Users/spot/Code/amiexpress-web/web/backend/src/handlers/message/message-scan.handler.ts:822:3)
    at performConferenceScan (/Users/spot/Code/amiexpress-web/web/backend/src/handlers/message/message-scan.handler.ts:885:3)
    at Object.<anonymous> (/Users/spot/Code/amiexpress-web/web/backend/tests/message-scan-parity.test.ts:215:5)
Session: {"subState":"display_menu","currentConf":1}
[2026-09-02T08:18:34.697Z] Error in display state handling: socket.on is not a function
Stack: TypeError: socket.on is not a function
    at on (/Users/spot/Code/amiexpress-web/web/backend/src/utils/ansi-buffer.util.ts:175:10)
    at getAnsiBuffer (/Users/spot/Code/amiexpress-web/web/backend/src/utils/ansi-buffer.util.ts:195:18)
    at emitText (/Users/spot/Code/amiexpress-web/web/backend/src/utils/ansi-buffer.util.ts:211:3)
    at emitPrompt (/Users/spot/Code/amiexpress-web/web/backend/src/utils/output.util.ts:54:19)
    at doPause (/Users/spot/Code/amiexpress-web/web/backend/src/handlers/screen.handler.ts:3018:13)
    at doPause (/Users/spot/Code/amiexpress-web/web/backend/src/handlers/command.handler.ts:958:11)
    at finishConferenceScan (/Users/spot/Code/amiexpress-web/web/backend/src/handlers/message/message-scan.handler.ts:465:5)
    at advanceConferenceScan (/Users/spot/Code/amiexpress-web/web/backend/src/handlers/message/message-scan.handler.ts:822:3)
    at performConferenceScan (/Users/spot/Code/amiexpress-web/web/backend/src/handlers/message/message-scan.handler.ts:885:3)
    at Object.<anonymous> (/Users/spot/Code/amiexpress-web/web/backend/tests/message-scan-parity.test.ts:361:5)
Session: {"subState":"display_menu","currentConf":1}
[2026-09-02T08:18:35.676Z] Error in display state handling: socket.on is not a function
Stack: TypeError: socket.on is not a function
    at on (/Users/spot/Code/amiexpress-web/web/backend/src/utils/ansi-buffer.util.ts:175:10)
    at getAnsiBuffer (/Users/spot/Code/amiexpress-web/web/backend/src/utils/ansi-buffer.util.ts:195:18)
    at emitText (/Users/spot/Code/amiexpress-web/web/backend/src/utils/ansi-buffer.util.ts:211:3)
    at emitPrompt (/Users/spot/Code/amiexpress-web/web/backend/src/utils/output.util.ts:54:19)
    at doPause (/Users/spot/Code/amiexpress-web/web/backend/src/handlers/screen.handler.ts:3018:13)
    at doPause (/Users/spot/Code/amiexpress-web/web/backend/src/handlers/command.handler.ts:958:11)
    at finishConferenceScan (/Users/spot/Code/amiexpress-web/web/backend/src/handlers/message/message-scan.handler.ts:465:5)
    at advanceConferenceScan (/Users/spot/Code/amiexpress-web/web/backend/src/handlers/message/message-scan.handler.ts:822:3)
    at performConferenceScan (/Users/spot/Code/amiexpress-web/web/backend/src/handlers/message/message-scan.handler.ts:885:3)
    at Object.<anonymous> (/Users/spot/Code/amiexpress-web/web/backend/tests/message-scan-parity.test.ts:388:5)
Session: {"subState":"display_menu","currentConf":1}
[2026-09-02T08:18:37.840Z] Error in display state handling: socket.on is not a function
Stack: TypeError: socket.on is not a function
    at on (/Users/spot/Code/amiexpress-web/web/backend/src/utils/ansi-buffer.util.ts:175:10)
    at getAnsiBuffer (/Users/spot/Code/amiexpress-web/web/backend/src/utils/ansi-buffer.util.ts:195:18)
    at emitText (/Users/spot/Code/amiexpress-web/web/backend/src/utils/ansi-buffer.util.ts:211:3)
    at emitPrompt (/Users/spot/Code/amiexpress-web/web/backend/src/utils/output.util.ts:54:19)
    at doPause (/Users/spot/Code/amiexpress-web/web/backend/src/handlers/screen.handler.ts:3018:13)
    at doPause (/Users/spot/Code/amiexpress-web/web/backend/src/handlers/command.handler.ts:958:11)
    at finishConferenceScan (/Users/spot/Code/amiexpress-web/web/backend/src/handlers/message/message-scan.handler.ts:465:5)
    at advanceConferenceScan (/Users/spot/Code/amiexpress-web/web/backend/src/handlers/message/message-scan.handler.ts:822:3)
    at performConferenceScan (/Users/spot/Code/amiexpress-web/web/backend/src/handlers/message/message-scan.handler.ts:885:3)
    at Object.<anonymous> (/Users/spot/Code/amiexpress-web/web/backend/tests/message-scan-parity.test.ts:415:5)
Session: {"subState":"display_menu","currentConf":1}
[2026-09-02T08:44:53.673Z] Error in display state handling: socket.on is not a function
Stack: TypeError: socket.on is not a function
    at on (/Users/spot/Code/amiexpress-web/web/backend/src/utils/ansi-buffer.util.ts:176:10)
    at getAnsiBuffer (/Users/spot/Code/amiexpress-web/web/backend/src/utils/ansi-buffer.util.ts:201:18)
    at emitText (/Users/spot/Code/amiexpress-web/web/backend/src/utils/ansi-buffer.util.ts:217:3)
    at emitPrompt (/Users/spot/Code/amiexpress-web/web/backend/src/utils/output.util.ts:54:19)
    at doPause (/Users/spot/Code/amiexpress-web/web/backend/src/handlers/screen.handler.ts:3018:13)
    at doPause (/Users/spot/Code/amiexpress-web/web/backend/src/handlers/command.handler.ts:958:11)
    at finishConferenceScan (/Users/spot/Code/amiexpress-web/web/backend/src/handlers/message/message-scan.handler.ts:465:5)
    at advanceConferenceScan (/Users/spot/Code/amiexpress-web/web/backend/src/handlers/message/message-scan.handler.ts:822:3)
    at performConferenceScan (/Users/spot/Code/amiexpress-web/web/backend/src/handlers/message/message-scan.handler.ts:885:3)
    at Object.<anonymous> (/Users/spot/Code/amiexpress-web/web/backend/tests/message-scan-parity.test.ts:215:5)
Session: {"subState":"display_menu","currentConf":1}
[2026-09-02T08:45:35.103Z] Error in display state handling: socket.on is not a function
Stack: TypeError: socket.on is not a function
    at on (/Users/spot/Code/amiexpress-web/web/backend/src/utils/ansi-buffer.util.ts:176:10)
    at getAnsiBuffer (/Users/spot/Code/amiexpress-web/web/backend/src/utils/ansi-buffer.util.ts:201:18)
    at emitText (/Users/spot/Code/amiexpress-web/web/backend/src/utils/ansi-buffer.util.ts:217:3)
    at emitPrompt (/Users/spot/Code/amiexpress-web/web/backend/src/utils/output.util.ts:54:19)
    at doPause (/Users/spot/Code/amiexpress-web/web/backend/src/handlers/screen.handler.ts:3018:13)
    at doPause (/Users/spot/Code/amiexpress-web/web/backend/src/handlers/command.handler.ts:958:11)
    at finishConferenceScan (/Users/spot/Code/amiexpress-web/web/backend/src/handlers/message/message-scan.handler.ts:465:5)
    at advanceConferenceScan (/Users/spot/Code/amiexpress-web/web/backend/src/handlers/message/message-scan.handler.ts:822:3)
    at performConferenceScan (/Users/spot/Code/amiexpress-web/web/backend/src/handlers/message/message-scan.handler.ts:885:3)
    at Object.<anonymous> (/Users/spot/Code/amiexpress-web/web/backend/tests/message-scan-parity.test.ts:361:5)
Session: {"subState":"display_menu","currentConf":1}
[2026-09-02T08:45:46.230Z] Error in display state handling: socket.on is not a function
Stack: TypeError: socket.on is not a function
    at on (/Users/spot/Code/amiexpress-web/web/backend/src/utils/ansi-buffer.util.ts:176:10)
    at getAnsiBuffer (/Users/spot/Code/amiexpress-web/web/backend/src/utils/ansi-buffer.util.ts:201:18)
    at emitText (/Users/spot/Code/amiexpress-web/web/backend/src/utils/ansi-buffer.util.ts:217:3)
    at emitPrompt (/Users/spot/Code/amiexpress-web/web/backend/src/utils/output.util.ts:54:19)
    at doPause (/Users/spot/Code/amiexpress-web/web/backend/src/handlers/screen.handler.ts:3018:13)
    at doPause (/Users/spot/Code/amiexpress-web/web/backend/src/handlers/command.handler.ts:958:11)
    at finishConferenceScan (/Users/spot/Code/amiexpress-web/web/backend/src/handlers/message/message-scan.handler.ts:465:5)
    at advanceConferenceScan (/Users/spot/Code/amiexpress-web/web/backend/src/handlers/message/message-scan.handler.ts:822:3)
    at performConferenceScan (/Users/spot/Code/amiexpress-web/web/backend/src/handlers/message/message-scan.handler.ts:885:3)
    at Object.<anonymous> (/Users/spot/Code/amiexpress-web/web/backend/tests/message-scan-parity.test.ts:388:5)
Session: {"subState":"display_menu","currentConf":1}
[2026-09-02T08:45:50.790Z] Error in display state handling: socket.on is not a function
Stack: TypeError: socket.on is not a function
    at on (/Users/spot/Code/amiexpress-web/web/backend/src/utils/ansi-buffer.util.ts:176:10)
    at getAnsiBuffer (/Users/spot/Code/amiexpress-web/web/backend/src/utils/ansi-buffer.util.ts:201:18)
    at emitText (/Users/spot/Code/amiexpress-web/web/backend/src/utils/ansi-buffer.util.ts:217:3)
    at emitPrompt (/Users/spot/Code/amiexpress-web/web/backend/src/utils/output.util.ts:54:19)
    at doPause (/Users/spot/Code/amiexpress-web/web/backend/src/handlers/screen.handler.ts:3018:13)
    at doPause (/Users/spot/Code/amiexpress-web/web/backend/src/handlers/command.handler.ts:958:11)
    at finishConferenceScan (/Users/spot/Code/amiexpress-web/web/backend/src/handlers/message/message-scan.handler.ts:465:5)
    at advanceConferenceScan (/Users/spot/Code/amiexpress-web/web/backend/src/handlers/message/message-scan.handler.ts:822:3)
    at performConferenceScan (/Users/spot/Code/amiexpress-web/web/backend/src/handlers/message/message-scan.handler.ts:885:3)
    at Object.<anonymous> (/Users/spot/Code/amiexpress-web/web/backend/tests/message-scan-parity.test.ts:415:5)
Session: {"subState":"display_menu","currentConf":1}
[2026-09-02T09:02:38.599Z] Error in display state handling: socket.on is not a function
Stack: TypeError: socket.on is not a function
    at getAnsiBuffer (/Users/spot/Code/amiexpress-web/web/backend/src/utils/ansi-buffer.util.ts:176:10)
    at emitText (/Users/spot/Code/amiexpress-web/web/backend/src/utils/ansi-buffer.util.ts:201:18)
    at emitPrompt (/Users/spot/Code/amiexpress-web/web/backend/src/utils/ansi-buffer.util.ts:217:3)
    at emitPrompt (/Users/spot/Code/amiexpress-web/web/backend/src/utils/output.util.ts:54:19)
    at doPause (/Users/spot/Code/amiexpress-web/web/backend/src/handlers/screen.handler.ts:3018:13)
    at advanceDisplayFlow (/Users/spot/Code/amiexpress-web/web/backend/src/handlers/command.handler.ts:958:11)
    at async finishConferenceScan (/Users/spot/Code/amiexpress-web/web/backend/src/handlers/message/message-scan.handler.ts:465:5)
    at async advanceConferenceScan (/Users/spot/Code/amiexpress-web/web/backend/src/handlers/message/message-scan.handler.ts:822:3)
    at async performConferenceScan (/Users/spot/Code/amiexpress-web/web/backend/src/handlers/message/message-scan.handler.ts:885:3)
    at async Object.<anonymous> (/Users/spot/Code/amiexpress-web/web/backend/tests/message-scan-parity.test.ts:215:5)
Session: {"subState":"display_menu","currentConf":1}
[2026-09-02T09:02:40.296Z] Error in display state handling: socket.on is not a function
Stack: TypeError: socket.on is not a function
    at getAnsiBuffer (/Users/spot/Code/amiexpress-web/web/backend/src/utils/ansi-buffer.util.ts:176:10)
    at emitText (/Users/spot/Code/amiexpress-web/web/backend/src/utils/ansi-buffer.util.ts:201:18)
    at emitPrompt (/Users/spot/Code/amiexpress-web/web/backend/src/utils/ansi-buffer.util.ts:217:3)
    at emitPrompt (/Users/spot/Code/amiexpress-web/web/backend/src/utils/output.util.ts:54:19)
    at doPause (/Users/spot/Code/amiexpress-web/web/backend/src/handlers/screen.handler.ts:3018:13)
    at advanceDisplayFlow (/Users/spot/Code/amiexpress-web/web/backend/src/handlers/command.handler.ts:958:11)
    at async finishConferenceScan (/Users/spot/Code/amiexpress-web/web/backend/src/handlers/message/message-scan.handler.ts:465:5)
    at async advanceConferenceScan (/Users/spot/Code/amiexpress-web/web/backend/src/handlers/message/message-scan.handler.ts:822:3)
    at async performConferenceScan (/Users/spot/Code/amiexpress-web/web/backend/src/handlers/message/message-scan.handler.ts:885:3)
    at async Object.<anonymous> (/Users/spot/Code/amiexpress-web/web/backend/tests/message-scan-parity.test.ts:361:5)
Session: {"subState":"display_menu","currentConf":1}
[2026-09-02T09:02:43.179Z] Error in display state handling: socket.on is not a function
Stack: TypeError: socket.on is not a function
    at getAnsiBuffer (/Users/spot/Code/amiexpress-web/web/backend/src/utils/ansi-buffer.util.ts:176:10)
    at emitText (/Users/spot/Code/amiexpress-web/web/backend/src/utils/ansi-buffer.util.ts:201:18)
    at emitPrompt (/Users/spot/Code/amiexpress-web/web/backend/src/utils/ansi-buffer.util.ts:217:3)
    at emitPrompt (/Users/spot/Code/amiexpress-web/web/backend/src/utils/output.util.ts:54:19)
    at doPause (/Users/spot/Code/amiexpress-web/web/backend/src/handlers/screen.handler.ts:3018:13)
    at advanceDisplayFlow (/Users/spot/Code/amiexpress-web/web/backend/src/handlers/command.handler.ts:958:11)
    at async finishConferenceScan (/Users/spot/Code/amiexpress-web/web/backend/src/handlers/message/message-scan.handler.ts:465:5)
    at async advanceConferenceScan (/Users/spot/Code/amiexpress-web/web/backend/src/handlers/message/message-scan.handler.ts:822:3)
    at async performConferenceScan (/Users/spot/Code/amiexpress-web/web/backend/src/handlers/message/message-scan.handler.ts:885:3)
    at async Object.<anonymous> (/Users/spot/Code/amiexpress-web/web/backend/tests/message-scan-parity.test.ts:388:5)
Session: {"subState":"display_menu","currentConf":1}
[2026-09-02T09:02:44.682Z] Error in display state handling: socket.on is not a function
Stack: TypeError: socket.on is not a function
    at getAnsiBuffer (/Users/spot/Code/amiexpress-web/web/backend/src/utils/ansi-buffer.util.ts:176:10)
    at emitText (/Users/spot/Code/amiexpress-web/web/backend/src/utils/ansi-buffer.util.ts:201:18)
    at emitPrompt (/Users/spot/Code/amiexpress-web/web/backend/src/utils/ansi-buffer.util.ts:217:3)
    at emitPrompt (/Users/spot/Code/amiexpress-web/web/backend/src/utils/output.util.ts:54:19)
    at doPause (/Users/spot/Code/amiexpress-web/web/backend/src/handlers/screen.handler.ts:3018:13)
    at advanceDisplayFlow (/Users/spot/Code/amiexpress-web/web/backend/src/handlers/command.handler.ts:958:11)
    at async finishConferenceScan (/Users/spot/Code/amiexpress-web/web/backend/src/handlers/message/message-scan.handler.ts:465:5)
    at async advanceConferenceScan (/Users/spot/Code/amiexpress-web/web/backend/src/handlers/message/message-scan.handler.ts:822:3)
    at async performConferenceScan (/Users/spot/Code/amiexpress-web/web/backend/src/handlers/message/message-scan.handler.ts:885:3)
    at async Object.<anonymous> (/Users/spot/Code/amiexpress-web/web/backend/tests/message-scan-parity.test.ts:415:5)
Session: {"subState":"display_menu","currentConf":1}
[2026-09-02T11:09:44.915Z] Error in display state handling: socket.on is not a function
Stack: TypeError: socket.on is not a function
    at on (/Users/spot/Code/amiexpress-web/web/backend/src/utils/ansi-buffer.util.ts:176:10)
    at getAnsiBuffer (/Users/spot/Code/amiexpress-web/web/backend/src/utils/ansi-buffer.util.ts:201:18)
    at emitText (/Users/spot/Code/amiexpress-web/web/backend/src/utils/ansi-buffer.util.ts:217:3)
    at emitPrompt (/Users/spot/Code/amiexpress-web/web/backend/src/utils/output.util.ts:54:19)
    at doPause (/Users/spot/Code/amiexpress-web/web/backend/src/handlers/screen.handler.ts:3018:13)
    at doPause (/Users/spot/Code/amiexpress-web/web/backend/src/handlers/command.handler.ts:958:11)
    at finishConferenceScan (/Users/spot/Code/amiexpress-web/web/backend/src/handlers/message/message-scan.handler.ts:465:5)
    at advanceConferenceScan (/Users/spot/Code/amiexpress-web/web/backend/src/handlers/message/message-scan.handler.ts:822:3)
    at performConferenceScan (/Users/spot/Code/amiexpress-web/web/backend/src/handlers/message/message-scan.handler.ts:885:3)
    at Object.<anonymous> (/Users/spot/Code/amiexpress-web/web/backend/tests/message-scan-parity.test.ts:215:5)
Session: {"subState":"display_menu","currentConf":1}
[2026-09-02T11:09:46.821Z] Error in display state handling: socket.on is not a function
Stack: TypeError: socket.on is not a function
    at on (/Users/spot/Code/amiexpress-web/web/backend/src/utils/ansi-buffer.util.ts:176:10)
    at getAnsiBuffer (/Users/spot/Code/amiexpress-web/web/backend/src/utils/ansi-buffer.util.ts:201:18)
    at emitText (/Users/spot/Code/amiexpress-web/web/backend/src/utils/ansi-buffer.util.ts:217:3)
    at emitPrompt (/Users/spot/Code/amiexpress-web/web/backend/src/utils/output.util.ts:54:19)
    at doPause (/Users/spot/Code/amiexpress-web/web/backend/src/handlers/screen.handler.ts:3018:13)
    at doPause (/Users/spot/Code/amiexpress-web/web/backend/src/handlers/command.handler.ts:958:11)
    at finishConferenceScan (/Users/spot/Code/amiexpress-web/web/backend/src/handlers/message/message-scan.handler.ts:465:5)
    at advanceConferenceScan (/Users/spot/Code/amiexpress-web/web/backend/src/handlers/message/message-scan.handler.ts:822:3)
    at performConferenceScan (/Users/spot/Code/amiexpress-web/web/backend/src/handlers/message/message-scan.handler.ts:885:3)
    at Object.<anonymous> (/Users/spot/Code/amiexpress-web/web/backend/tests/message-scan-parity.test.ts:361:5)
Session: {"subState":"display_menu","currentConf":1}
[2026-09-02T11:09:47.775Z] Error in display state handling: socket.on is not a function
Stack: TypeError: socket.on is not a function
    at on (/Users/spot/Code/amiexpress-web/web/backend/src/utils/ansi-buffer.util.ts:176:10)
    at getAnsiBuffer (/Users/spot/Code/amiexpress-web/web/backend/src/utils/ansi-buffer.util.ts:201:18)
    at emitText (/Users/spot/Code/amiexpress-web/web/backend/src/utils/ansi-buffer.util.ts:217:3)
    at emitPrompt (/Users/spot/Code/amiexpress-web/web/backend/src/utils/output.util.ts:54:19)
    at doPause (/Users/spot/Code/amiexpress-web/web/backend/src/handlers/screen.handler.ts:3018:13)
    at doPause (/Users/spot/Code/amiexpress-web/web/backend/src/handlers/command.handler.ts:958:11)
    at finishConferenceScan (/Users/spot/Code/amiexpress-web/web/backend/src/handlers/message/message-scan.handler.ts:465:5)
    at advanceConferenceScan (/Users/spot/Code/amiexpress-web/web/backend/src/handlers/message/message-scan.handler.ts:822:3)
    at performConferenceScan (/Users/spot/Code/amiexpress-web/web/backend/src/handlers/message/message-scan.handler.ts:885:3)
    at Object.<anonymous> (/Users/spot/Code/amiexpress-web/web/backend/tests/message-scan-parity.test.ts:388:5)
Session: {"subState":"display_menu","currentConf":1}
[2026-09-02T11:09:54.117Z] Error in display state handling: socket.on is not a function
Stack: TypeError: socket.on is not a function
    at on (/Users/spot/Code/amiexpress-web/web/backend/src/utils/ansi-buffer.util.ts:176:10)
    at getAnsiBuffer (/Users/spot/Code/amiexpress-web/web/backend/src/utils/ansi-buffer.util.ts:201:18)
    at emitText (/Users/spot/Code/amiexpress-web/web/backend/src/utils/ansi-buffer.util.ts:217:3)
    at emitPrompt (/Users/spot/Code/amiexpress-web/web/backend/src/utils/output.util.ts:54:19)
    at doPause (/Users/spot/Code/amiexpress-web/web/backend/src/handlers/screen.handler.ts:3018:13)
    at doPause (/Users/spot/Code/amiexpress-web/web/backend/src/handlers/command.handler.ts:958:11)
    at finishConferenceScan (/Users/spot/Code/amiexpress-web/web/backend/src/handlers/message/message-scan.handler.ts:465:5)
    at advanceConferenceScan (/Users/spot/Code/amiexpress-web/web/backend/src/handlers/message/message-scan.handler.ts:822:3)
    at performConferenceScan (/Users/spot/Code/amiexpress-web/web/backend/src/handlers/message/message-scan.handler.ts:885:3)
    at Object.<anonymous> (/Users/spot/Code/amiexpress-web/web/backend/tests/message-scan-parity.test.ts:415:5)
Session: {"subState":"display_menu","currentConf":1}
[2026-09-02T11:28:01.576Z] Error in display state handling: socket.on is not a function
Stack: TypeError: socket.on is not a function
    at on (/Users/spot/Code/amiexpress-web/web/backend/src/utils/ansi-buffer.util.ts:176:10)
    at getAnsiBuffer (/Users/spot/Code/amiexpress-web/web/backend/src/utils/ansi-buffer.util.ts:201:18)
    at emitText (/Users/spot/Code/amiexpress-web/web/backend/src/utils/ansi-buffer.util.ts:217:3)
    at emitPrompt (/Users/spot/Code/amiexpress-web/web/backend/src/utils/output.util.ts:54:19)
    at doPause (/Users/spot/Code/amiexpress-web/web/backend/src/handlers/screen.handler.ts:3018:13)
    at doPause (/Users/spot/Code/amiexpress-web/web/backend/src/handlers/command.handler.ts:958:11)
    at finishConferenceScan (/Users/spot/Code/amiexpress-web/web/backend/src/handlers/message/message-scan.handler.ts:465:5)
    at advanceConferenceScan (/Users/spot/Code/amiexpress-web/web/backend/src/handlers/message/message-scan.handler.ts:822:3)
    at performConferenceScan (/Users/spot/Code/amiexpress-web/web/backend/src/handlers/message/message-scan.handler.ts:885:3)
    at Object.<anonymous> (/Users/spot/Code/amiexpress-web/web/backend/tests/message-scan-parity.test.ts:215:5)
Session: {"subState":"display_menu","currentConf":1}
[2026-09-02T11:28:03.208Z] Error in display state handling: socket.on is not a function
Stack: TypeError: socket.on is not a function
    at on (/Users/spot/Code/amiexpress-web/web/backend/src/utils/ansi-buffer.util.ts:176:10)
    at getAnsiBuffer (/Users/spot/Code/amiexpress-web/web/backend/src/utils/ansi-buffer.util.ts:201:18)
    at emitText (/Users/spot/Code/amiexpress-web/web/backend/src/utils/ansi-buffer.util.ts:217:3)
    at emitPrompt (/Users/spot/Code/amiexpress-web/web/backend/src/utils/output.util.ts:54:19)
    at doPause (/Users/spot/Code/amiexpress-web/web/backend/src/handlers/screen.handler.ts:3018:13)
    at doPause (/Users/spot/Code/amiexpress-web/web/backend/src/handlers/command.handler.ts:958:11)
    at finishConferenceScan (/Users/spot/Code/amiexpress-web/web/backend/src/handlers/message/message-scan.handler.ts:465:5)
    at advanceConferenceScan (/Users/spot/Code/amiexpress-web/web/backend/src/handlers/message/message-scan.handler.ts:822:3)
    at performConferenceScan (/Users/spot/Code/amiexpress-web/web/backend/src/handlers/message/message-scan.handler.ts:885:3)
    at Object.<anonymous> (/Users/spot/Code/amiexpress-web/web/backend/tests/message-scan-parity.test.ts:361:5)
Session: {"subState":"display_menu","currentConf":1}
[2026-09-02T11:28:04.279Z] Error in display state handling: socket.on is not a function
Stack: TypeError: socket.on is not a function
    at on (/Users/spot/Code/amiexpress-web/web/backend/src/utils/ansi-buffer.util.ts:176:10)
    at getAnsiBuffer (/Users/spot/Code/amiexpress-web/web/backend/src/utils/ansi-buffer.util.ts:201:18)
    at emitText (/Users/spot/Code/amiexpress-web/web/backend/src/utils/ansi-buffer.util.ts:217:3)
    at emitPrompt (/Users/spot/Code/amiexpress-web/web/backend/src/utils/output.util.ts:54:19)
    at doPause (/Users/spot/Code/amiexpress-web/web/backend/src/handlers/screen.handler.ts:3018:13)
    at doPause (/Users/spot/Code/amiexpress-web/web/backend/src/handlers/command.handler.ts:958:11)
    at finishConferenceScan (/Users/spot/Code/amiexpress-web/web/backend/src/handlers/message/message-scan.handler.ts:465:5)
    at advanceConferenceScan (/Users/spot/Code/amiexpress-web/web/backend/src/handlers/message/message-scan.handler.ts:822:3)
    at performConferenceScan (/Users/spot/Code/amiexpress-web/web/backend/src/handlers/message/message-scan.handler.ts:885:3)
    at Object.<anonymous> (/Users/spot/Code/amiexpress-web/web/backend/tests/message-scan-parity.test.ts:388:5)
Session: {"subState":"display_menu","currentConf":1}
[2026-09-02T11:28:05.208Z] Error in display state handling: socket.on is not a function
Stack: TypeError: socket.on is not a function
    at on (/Users/spot/Code/amiexpress-web/web/backend/src/utils/ansi-buffer.util.ts:176:10)
    at getAnsiBuffer (/Users/spot/Code/amiexpress-web/web/backend/src/utils/ansi-buffer.util.ts:201:18)
    at emitText (/Users/spot/Code/amiexpress-web/web/backend/src/utils/ansi-buffer.util.ts:217:3)
    at emitPrompt (/Users/spot/Code/amiexpress-web/web/backend/src/utils/output.util.ts:54:19)
    at doPause (/Users/spot/Code/amiexpress-web/web/backend/src/handlers/screen.handler.ts:3018:13)
    at doPause (/Users/spot/Code/amiexpress-web/web/backend/src/handlers/command.handler.ts:958:11)
    at finishConferenceScan (/Users/spot/Code/amiexpress-web/web/backend/src/handlers/message/message-scan.handler.ts:465:5)
    at advanceConferenceScan (/Users/spot/Code/amiexpress-web/web/backend/src/handlers/message/message-scan.handler.ts:822:3)
    at performConferenceScan (/Users/spot/Code/amiexpress-web/web/backend/src/handlers/message/message-scan.handler.ts:885:3)
    at Object.<anonymous> (/Users/spot/Code/amiexpress-web/web/backend/tests/message-scan-parity.test.ts:415:5)
Session: {"subState":"display_menu","currentConf":1}
[2026-09-02T11:36:02.269Z] Error in display state handling: socket.on is not a function
Stack: TypeError: socket.on is not a function
    at on (/Users/spot/Code/amiexpress-web/web/backend/src/utils/ansi-buffer.util.ts:176:10)
    at getAnsiBuffer (/Users/spot/Code/amiexpress-web/web/backend/src/utils/ansi-buffer.util.ts:201:18)
    at emitText (/Users/spot/Code/amiexpress-web/web/backend/src/utils/ansi-buffer.util.ts:217:3)
    at emitPrompt (/Users/spot/Code/amiexpress-web/web/backend/src/utils/output.util.ts:54:19)
    at doPause (/Users/spot/Code/amiexpress-web/web/backend/src/handlers/screen.handler.ts:3018:13)
    at doPause (/Users/spot/Code/amiexpress-web/web/backend/src/handlers/command.handler.ts:958:11)
    at finishConferenceScan (/Users/spot/Code/amiexpress-web/web/backend/src/handlers/message/message-scan.handler.ts:465:5)
    at advanceConferenceScan (/Users/spot/Code/amiexpress-web/web/backend/src/handlers/message/message-scan.handler.ts:822:3)
    at performConferenceScan (/Users/spot/Code/amiexpress-web/web/backend/src/handlers/message/message-scan.handler.ts:885:3)
    at Object.<anonymous> (/Users/spot/Code/amiexpress-web/web/backend/tests/message-scan-parity.test.ts:215:5)
Session: {"subState":"display_menu","currentConf":1}
[2026-09-02T11:36:03.873Z] Error in display state handling: socket.on is not a function
Stack: TypeError: socket.on is not a function
    at on (/Users/spot/Code/amiexpress-web/web/backend/src/utils/ansi-buffer.util.ts:176:10)
    at getAnsiBuffer (/Users/spot/Code/amiexpress-web/web/backend/src/utils/ansi-buffer.util.ts:201:18)
    at emitText (/Users/spot/Code/amiexpress-web/web/backend/src/utils/ansi-buffer.util.ts:217:3)
    at emitPrompt (/Users/spot/Code/amiexpress-web/web/backend/src/utils/output.util.ts:54:19)
    at doPause (/Users/spot/Code/amiexpress-web/web/backend/src/handlers/screen.handler.ts:3018:13)
    at doPause (/Users/spot/Code/amiexpress-web/web/backend/src/handlers/command.handler.ts:958:11)
    at finishConferenceScan (/Users/spot/Code/amiexpress-web/web/backend/src/handlers/message/message-scan.handler.ts:465:5)
    at advanceConferenceScan (/Users/spot/Code/amiexpress-web/web/backend/src/handlers/message/message-scan.handler.ts:822:3)
    at performConferenceScan (/Users/spot/Code/amiexpress-web/web/backend/src/handlers/message/message-scan.handler.ts:885:3)
    at Object.<anonymous> (/Users/spot/Code/amiexpress-web/web/backend/tests/message-scan-parity.test.ts:361:5)
Session: {"subState":"display_menu","currentConf":1}
[2026-09-02T11:36:04.801Z] Error in display state handling: socket.on is not a function
Stack: TypeError: socket.on is not a function
    at on (/Users/spot/Code/amiexpress-web/web/backend/src/utils/ansi-buffer.util.ts:176:10)
    at getAnsiBuffer (/Users/spot/Code/amiexpress-web/web/backend/src/utils/ansi-buffer.util.ts:201:18)
    at emitText (/Users/spot/Code/amiexpress-web/web/backend/src/utils/ansi-buffer.util.ts:217:3)
    at emitPrompt (/Users/spot/Code/amiexpress-web/web/backend/src/utils/output.util.ts:54:19)
    at doPause (/Users/spot/Code/amiexpress-web/web/backend/src/handlers/screen.handler.ts:3018:13)
    at doPause (/Users/spot/Code/amiexpress-web/web/backend/src/handlers/command.handler.ts:958:11)
    at finishConferenceScan (/Users/spot/Code/amiexpress-web/web/backend/src/handlers/message/message-scan.handler.ts:465:5)
    at advanceConferenceScan (/Users/spot/Code/amiexpress-web/web/backend/src/handlers/message/message-scan.handler.ts:822:3)
    at performConferenceScan (/Users/spot/Code/amiexpress-web/web/backend/src/handlers/message/message-scan.handler.ts:885:3)
    at Object.<anonymous> (/Users/spot/Code/amiexpress-web/web/backend/tests/message-scan-parity.test.ts:388:5)
Session: {"subState":"display_menu","currentConf":1}
[2026-09-02T11:36:05.509Z] Error in display state handling: socket.on is not a function
Stack: TypeError: socket.on is not a function
    at on (/Users/spot/Code/amiexpress-web/web/backend/src/utils/ansi-buffer.util.ts:176:10)
    at getAnsiBuffer (/Users/spot/Code/amiexpress-web/web/backend/src/utils/ansi-buffer.util.ts:201:18)
    at emitText (/Users/spot/Code/amiexpress-web/web/backend/src/utils/ansi-buffer.util.ts:217:3)
    at emitPrompt (/Users/spot/Code/amiexpress-web/web/backend/src/utils/output.util.ts:54:19)
    at doPause (/Users/spot/Code/amiexpress-web/web/backend/src/handlers/screen.handler.ts:3018:13)
    at doPause (/Users/spot/Code/amiexpress-web/web/backend/src/handlers/command.handler.ts:958:11)
    at finishConferenceScan (/Users/spot/Code/amiexpress-web/web/backend/src/handlers/message/message-scan.handler.ts:465:5)
    at advanceConferenceScan (/Users/spot/Code/amiexpress-web/web/backend/src/handlers/message/message-scan.handler.ts:822:3)
    at performConferenceScan (/Users/spot/Code/amiexpress-web/web/backend/src/handlers/message/message-scan.handler.ts:885:3)
    at Object.<anonymous> (/Users/spot/Code/amiexpress-web/web/backend/tests/message-scan-parity.test.ts:415:5)
Session: {"subState":"display_menu","currentConf":1}
[2026-09-02T11:38:32.597Z] Error in display state handling: socket.on is not a function
Stack: TypeError: socket.on is not a function
    at on (/Users/spot/Code/amiexpress-web/web/backend/src/utils/ansi-buffer.util.ts:176:10)
    at getAnsiBuffer (/Users/spot/Code/amiexpress-web/web/backend/src/utils/ansi-buffer.util.ts:201:18)
    at emitText (/Users/spot/Code/amiexpress-web/web/backend/src/utils/ansi-buffer.util.ts:217:3)
    at emitPrompt (/Users/spot/Code/amiexpress-web/web/backend/src/utils/output.util.ts:54:19)
    at doPause (/Users/spot/Code/amiexpress-web/web/backend/src/handlers/screen.handler.ts:3018:13)
    at doPause (/Users/spot/Code/amiexpress-web/web/backend/src/handlers/command.handler.ts:958:11)
    at finishConferenceScan (/Users/spot/Code/amiexpress-web/web/backend/src/handlers/message/message-scan.handler.ts:465:5)
    at advanceConferenceScan (/Users/spot/Code/amiexpress-web/web/backend/src/handlers/message/message-scan.handler.ts:822:3)
    at performConferenceScan (/Users/spot/Code/amiexpress-web/web/backend/src/handlers/message/message-scan.handler.ts:885:3)
    at Object.<anonymous> (/Users/spot/Code/amiexpress-web/web/backend/tests/message-scan-parity.test.ts:215:5)
Session: {"subState":"display_menu","currentConf":1}
[2026-09-02T11:38:33.931Z] Error in display state handling: socket.on is not a function
Stack: TypeError: socket.on is not a function
    at on (/Users/spot/Code/amiexpress-web/web/backend/src/utils/ansi-buffer.util.ts:176:10)
    at getAnsiBuffer (/Users/spot/Code/amiexpress-web/web/backend/src/utils/ansi-buffer.util.ts:201:18)
    at emitText (/Users/spot/Code/amiexpress-web/web/backend/src/utils/ansi-buffer.util.ts:217:3)
    at emitPrompt (/Users/spot/Code/amiexpress-web/web/backend/src/utils/output.util.ts:54:19)
    at doPause (/Users/spot/Code/amiexpress-web/web/backend/src/handlers/screen.handler.ts:3018:13)
    at doPause (/Users/spot/Code/amiexpress-web/web/backend/src/handlers/command.handler.ts:958:11)
    at finishConferenceScan (/Users/spot/Code/amiexpress-web/web/backend/src/handlers/message/message-scan.handler.ts:465:5)
    at advanceConferenceScan (/Users/spot/Code/amiexpress-web/web/backend/src/handlers/message/message-scan.handler.ts:822:3)
    at performConferenceScan (/Users/spot/Code/amiexpress-web/web/backend/src/handlers/message/message-scan.handler.ts:885:3)
    at Object.<anonymous> (/Users/spot/Code/amiexpress-web/web/backend/tests/message-scan-parity.test.ts:361:5)
Session: {"subState":"display_menu","currentConf":1}
[2026-09-02T11:38:34.554Z] Error in display state handling: socket.on is not a function
Stack: TypeError: socket.on is not a function
    at on (/Users/spot/Code/amiexpress-web/web/backend/src/utils/ansi-buffer.util.ts:176:10)
    at getAnsiBuffer (/Users/spot/Code/amiexpress-web/web/backend/src/utils/ansi-buffer.util.ts:201:18)
    at emitText (/Users/spot/Code/amiexpress-web/web/backend/src/utils/ansi-buffer.util.ts:217:3)
    at emitPrompt (/Users/spot/Code/amiexpress-web/web/backend/src/utils/output.util.ts:54:19)
    at doPause (/Users/spot/Code/amiexpress-web/web/backend/src/handlers/screen.handler.ts:3018:13)
    at doPause (/Users/spot/Code/amiexpress-web/web/backend/src/handlers/command.handler.ts:958:11)
    at finishConferenceScan (/Users/spot/Code/amiexpress-web/web/backend/src/handlers/message/message-scan.handler.ts:465:5)
    at advanceConferenceScan (/Users/spot/Code/amiexpress-web/web/backend/src/handlers/message/message-scan.handler.ts:822:3)
    at performConferenceScan (/Users/spot/Code/amiexpress-web/web/backend/src/handlers/message/message-scan.handler.ts:885:3)
    at Object.<anonymous> (/Users/spot/Code/amiexpress-web/web/backend/tests/message-scan-parity.test.ts:388:5)
Session: {"subState":"display_menu","currentConf":1}
[2026-09-02T11:38:35.121Z] Error in display state handling: socket.on is not a function
Stack: TypeError: socket.on is not a function
    at on (/Users/spot/Code/amiexpress-web/web/backend/src/utils/ansi-buffer.util.ts:176:10)
    at getAnsiBuffer (/Users/spot/Code/amiexpress-web/web/backend/src/utils/ansi-buffer.util.ts:201:18)
    at emitText (/Users/spot/Code/amiexpress-web/web/backend/src/utils/ansi-buffer.util.ts:217:3)
    at emitPrompt (/Users/spot/Code/amiexpress-web/web/backend/src/utils/output.util.ts:54:19)
    at doPause (/Users/spot/Code/amiexpress-web/web/backend/src/handlers/screen.handler.ts:3018:13)
    at doPause (/Users/spot/Code/amiexpress-web/web/backend/src/handlers/command.handler.ts:958:11)
    at finishConferenceScan (/Users/spot/Code/amiexpress-web/web/backend/src/handlers/message/message-scan.handler.ts:465:5)
    at advanceConferenceScan (/Users/spot/Code/amiexpress-web/web/backend/src/handlers/message/message-scan.handler.ts:822:3)
    at performConferenceScan (/Users/spot/Code/amiexpress-web/web/backend/src/handlers/message/message-scan.handler.ts:885:3)
    at Object.<anonymous> (/Users/spot/Code/amiexpress-web/web/backend/tests/message-scan-parity.test.ts:415:5)
Session: {"subState":"display_menu","currentConf":1}
[2026-09-02T12:10:55.506Z] Error in display state handling: socket.on is not a function
Stack: TypeError: socket.on is not a function
    at on (/Users/spot/Code/amiexpress-web/web/backend/src/utils/ansi-buffer.util.ts:176:10)
    at getAnsiBuffer (/Users/spot/Code/amiexpress-web/web/backend/src/utils/ansi-buffer.util.ts:201:18)
    at emitText (/Users/spot/Code/amiexpress-web/web/backend/src/utils/ansi-buffer.util.ts:217:3)
    at emitPrompt (/Users/spot/Code/amiexpress-web/web/backend/src/utils/output.util.ts:54:19)
    at doPause (/Users/spot/Code/amiexpress-web/web/backend/src/handlers/screen.handler.ts:3039:13)
    at doPause (/Users/spot/Code/amiexpress-web/web/backend/src/handlers/command.handler.ts:958:11)
    at finishConferenceScan (/Users/spot/Code/amiexpress-web/web/backend/src/handlers/message/message-scan.handler.ts:492:5)
    at advanceConferenceScan (/Users/spot/Code/amiexpress-web/web/backend/src/handlers/message/message-scan.handler.ts:857:3)
    at performConferenceScan (/Users/spot/Code/amiexpress-web/web/backend/src/handlers/message/message-scan.handler.ts:920:3)
    at Object.<anonymous> (/Users/spot/Code/amiexpress-web/web/backend/tests/message-scan-parity.test.ts:215:5)
Session: {"subState":"display_menu","currentConf":1}
[2026-09-02T12:11:20.622Z] Error in display state handling: socket.on is not a function
Stack: TypeError: socket.on is not a function
    at on (/Users/spot/Code/amiexpress-web/web/backend/src/utils/ansi-buffer.util.ts:176:10)
    at getAnsiBuffer (/Users/spot/Code/amiexpress-web/web/backend/src/utils/ansi-buffer.util.ts:201:18)
    at emitText (/Users/spot/Code/amiexpress-web/web/backend/src/utils/ansi-buffer.util.ts:217:3)
    at emitPrompt (/Users/spot/Code/amiexpress-web/web/backend/src/utils/output.util.ts:54:19)
    at doPause (/Users/spot/Code/amiexpress-web/web/backend/src/handlers/screen.handler.ts:3039:13)
    at doPause (/Users/spot/Code/amiexpress-web/web/backend/src/handlers/command.handler.ts:958:11)
    at finishConferenceScan (/Users/spot/Code/amiexpress-web/web/backend/src/handlers/message/message-scan.handler.ts:492:5)
    at advanceConferenceScan (/Users/spot/Code/amiexpress-web/web/backend/src/handlers/message/message-scan.handler.ts:857:3)
    at performConferenceScan (/Users/spot/Code/amiexpress-web/web/backend/src/handlers/message/message-scan.handler.ts:920:3)
    at Object.<anonymous> (/Users/spot/Code/amiexpress-web/web/backend/tests/message-scan-parity.test.ts:361:5)
Session: {"subState":"display_menu","currentConf":1}
[2026-09-02T12:11:36.690Z] Error in display state handling: socket.on is not a function
Stack: TypeError: socket.on is not a function
    at on (/Users/spot/Code/amiexpress-web/web/backend/src/utils/ansi-buffer.util.ts:176:10)
    at getAnsiBuffer (/Users/spot/Code/amiexpress-web/web/backend/src/utils/ansi-buffer.util.ts:201:18)
    at emitText (/Users/spot/Code/amiexpress-web/web/backend/src/utils/ansi-buffer.util.ts:217:3)
    at emitPrompt (/Users/spot/Code/amiexpress-web/web/backend/src/utils/output.util.ts:54:19)
    at doPause (/Users/spot/Code/amiexpress-web/web/backend/src/handlers/screen.handler.ts:3039:13)
    at doPause (/Users/spot/Code/amiexpress-web/web/backend/src/handlers/command.handler.ts:958:11)
    at finishConferenceScan (/Users/spot/Code/amiexpress-web/web/backend/src/handlers/message/message-scan.handler.ts:492:5)
    at advanceConferenceScan (/Users/spot/Code/amiexpress-web/web/backend/src/handlers/message/message-scan.handler.ts:857:3)
    at performConferenceScan (/Users/spot/Code/amiexpress-web/web/backend/src/handlers/message/message-scan.handler.ts:920:3)
    at Object.<anonymous> (/Users/spot/Code/amiexpress-web/web/backend/tests/message-scan-parity.test.ts:388:5)
Session: {"subState":"display_menu","currentConf":1}
[2026-09-02T12:11:48.967Z] Error in display state handling: socket.on is not a function
Stack: TypeError: socket.on is not a function
    at on (/Users/spot/Code/amiexpress-web/web/backend/src/utils/ansi-buffer.util.ts:176:10)
    at getAnsiBuffer (/Users/spot/Code/amiexpress-web/web/backend/src/utils/ansi-buffer.util.ts:201:18)
    at emitText (/Users/spot/Code/amiexpress-web/web/backend/src/utils/ansi-buffer.util.ts:217:3)
    at emitPrompt (/Users/spot/Code/amiexpress-web/web/backend/src/utils/output.util.ts:54:19)
    at doPause (/Users/spot/Code/amiexpress-web/web/backend/src/handlers/screen.handler.ts:3039:13)
    at doPause (/Users/spot/Code/amiexpress-web/web/backend/src/handlers/command.handler.ts:958:11)
    at finishConferenceScan (/Users/spot/Code/amiexpress-web/web/backend/src/handlers/message/message-scan.handler.ts:492:5)
    at advanceConferenceScan (/Users/spot/Code/amiexpress-web/web/backend/src/handlers/message/message-scan.handler.ts:857:3)
    at performConferenceScan (/Users/spot/Code/amiexpress-web/web/backend/src/handlers/message/message-scan.handler.ts:920:3)
    at Object.<anonymous> (/Users/spot/Code/amiexpress-web/web/backend/tests/message-scan-parity.test.ts:415:5)
Session: {"subState":"display_menu","currentConf":1}
[2026-09-02T12:14:50.513Z] Error in display state handling: socket.on is not a function
Stack: TypeError: socket.on is not a function
    at on (/Users/spot/Code/amiexpress-web/web/backend/src/utils/ansi-buffer.util.ts:176:10)
    at getAnsiBuffer (/Users/spot/Code/amiexpress-web/web/backend/src/utils/ansi-buffer.util.ts:201:18)
    at emitText (/Users/spot/Code/amiexpress-web/web/backend/src/utils/ansi-buffer.util.ts:217:3)
    at emitPrompt (/Users/spot/Code/amiexpress-web/web/backend/src/utils/output.util.ts:54:19)
    at doPause (/Users/spot/Code/amiexpress-web/web/backend/src/handlers/screen.handler.ts:3039:13)
    at doPause (/Users/spot/Code/amiexpress-web/web/backend/src/handlers/command.handler.ts:958:11)
    at finishConferenceScan (/Users/spot/Code/amiexpress-web/web/backend/src/handlers/message/message-scan.handler.ts:492:5)
    at advanceConferenceScan (/Users/spot/Code/amiexpress-web/web/backend/src/handlers/message/message-scan.handler.ts:857:3)
    at performConferenceScan (/Users/spot/Code/amiexpress-web/web/backend/src/handlers/message/message-scan.handler.ts:920:3)
    at Object.<anonymous> (/Users/spot/Code/amiexpress-web/web/backend/tests/message-scan-parity.test.ts:215:5)
Session: {"subState":"display_menu","currentConf":1}
[2026-09-02T12:15:20.385Z] Error in display state handling: socket.on is not a function
Stack: TypeError: socket.on is not a function
    at on (/Users/spot/Code/amiexpress-web/web/backend/src/utils/ansi-buffer.util.ts:176:10)
    at getAnsiBuffer (/Users/spot/Code/amiexpress-web/web/backend/src/utils/ansi-buffer.util.ts:201:18)
    at emitText (/Users/spot/Code/amiexpress-web/web/backend/src/utils/ansi-buffer.util.ts:217:3)
    at emitPrompt (/Users/spot/Code/amiexpress-web/web/backend/src/utils/output.util.ts:54:19)
    at doPause (/Users/spot/Code/amiexpress-web/web/backend/src/handlers/screen.handler.ts:3039:13)
    at doPause (/Users/spot/Code/amiexpress-web/web/backend/src/handlers/command.handler.ts:958:11)
    at finishConferenceScan (/Users/spot/Code/amiexpress-web/web/backend/src/handlers/message/message-scan.handler.ts:492:5)
    at advanceConferenceScan (/Users/spot/Code/amiexpress-web/web/backend/src/handlers/message/message-scan.handler.ts:857:3)
    at performConferenceScan (/Users/spot/Code/amiexpress-web/web/backend/src/handlers/message/message-scan.handler.ts:920:3)
    at Object.<anonymous> (/Users/spot/Code/amiexpress-web/web/backend/tests/message-scan-parity.test.ts:361:5)
Session: {"subState":"display_menu","currentConf":1}
[2026-09-02T12:15:34.078Z] Error in display state handling: socket.on is not a function
Stack: TypeError: socket.on is not a function
    at on (/Users/spot/Code/amiexpress-web/web/backend/src/utils/ansi-buffer.util.ts:176:10)
    at getAnsiBuffer (/Users/spot/Code/amiexpress-web/web/backend/src/utils/ansi-buffer.util.ts:201:18)
    at emitText (/Users/spot/Code/amiexpress-web/web/backend/src/utils/ansi-buffer.util.ts:217:3)
    at emitPrompt (/Users/spot/Code/amiexpress-web/web/backend/src/utils/output.util.ts:54:19)
    at doPause (/Users/spot/Code/amiexpress-web/web/backend/src/handlers/screen.handler.ts:3039:13)
    at doPause (/Users/spot/Code/amiexpress-web/web/backend/src/handlers/command.handler.ts:958:11)
    at finishConferenceScan (/Users/spot/Code/amiexpress-web/web/backend/src/handlers/message/message-scan.handler.ts:492:5)
    at advanceConferenceScan (/Users/spot/Code/amiexpress-web/web/backend/src/handlers/message/message-scan.handler.ts:857:3)
    at performConferenceScan (/Users/spot/Code/amiexpress-web/web/backend/src/handlers/message/message-scan.handler.ts:920:3)
    at Object.<anonymous> (/Users/spot/Code/amiexpress-web/web/backend/tests/message-scan-parity.test.ts:388:5)
Session: {"subState":"display_menu","currentConf":1}
[2026-09-02T12:15:47.586Z] Error in display state handling: socket.on is not a function
Stack: TypeError: socket.on is not a function
    at on (/Users/spot/Code/amiexpress-web/web/backend/src/utils/ansi-buffer.util.ts:176:10)
    at getAnsiBuffer (/Users/spot/Code/amiexpress-web/web/backend/src/utils/ansi-buffer.util.ts:201:18)
    at emitText (/Users/spot/Code/amiexpress-web/web/backend/src/utils/ansi-buffer.util.ts:217:3)
    at emitPrompt (/Users/spot/Code/amiexpress-web/web/backend/src/utils/output.util.ts:54:19)
    at doPause (/Users/spot/Code/amiexpress-web/web/backend/src/handlers/screen.handler.ts:3039:13)
    at doPause (/Users/spot/Code/amiexpress-web/web/backend/src/handlers/command.handler.ts:958:11)
    at finishConferenceScan (/Users/spot/Code/amiexpress-web/web/backend/src/handlers/message/message-scan.handler.ts:492:5)
    at advanceConferenceScan (/Users/spot/Code/amiexpress-web/web/backend/src/handlers/message/message-scan.handler.ts:857:3)
    at performConferenceScan (/Users/spot/Code/amiexpress-web/web/backend/src/handlers/message/message-scan.handler.ts:920:3)
    at Object.<anonymous> (/Users/spot/Code/amiexpress-web/web/backend/tests/message-scan-parity.test.ts:415:5)
Session: {"subState":"display_menu","currentConf":1}
[2026-09-02T12:26:32.492Z] Error in display state handling: socket.on is not a function
Stack: TypeError: socket.on is not a function
    at on (/Users/spot/Code/amiexpress-web/web/backend/src/utils/ansi-buffer.util.ts:176:10)
    at getAnsiBuffer (/Users/spot/Code/amiexpress-web/web/backend/src/utils/ansi-buffer.util.ts:201:18)
    at emitText (/Users/spot/Code/amiexpress-web/web/backend/src/utils/ansi-buffer.util.ts:217:3)
    at emitPrompt (/Users/spot/Code/amiexpress-web/web/backend/src/utils/output.util.ts:54:19)
    at doPause (/Users/spot/Code/amiexpress-web/web/backend/src/handlers/screen.handler.ts:3039:13)
    at doPause (/Users/spot/Code/amiexpress-web/web/backend/src/handlers/command.handler.ts:958:11)
    at finishConferenceScan (/Users/spot/Code/amiexpress-web/web/backend/src/handlers/message/message-scan.handler.ts:492:5)
    at advanceConferenceScan (/Users/spot/Code/amiexpress-web/web/backend/src/handlers/message/message-scan.handler.ts:857:3)
    at performConferenceScan (/Users/spot/Code/amiexpress-web/web/backend/src/handlers/message/message-scan.handler.ts:920:3)
    at Object.<anonymous> (/Users/spot/Code/amiexpress-web/web/backend/tests/message-scan-parity.test.ts:215:5)
Session: {"subState":"display_menu","currentConf":1}
[2026-09-02T12:26:37.891Z] Error in display state handling: socket.on is not a function
Stack: TypeError: socket.on is not a function
    at on (/Users/spot/Code/amiexpress-web/web/backend/src/utils/ansi-buffer.util.ts:176:10)
    at getAnsiBuffer (/Users/spot/Code/amiexpress-web/web/backend/src/utils/ansi-buffer.util.ts:201:18)
    at emitText (/Users/spot/Code/amiexpress-web/web/backend/src/utils/ansi-buffer.util.ts:217:3)
    at emitPrompt (/Users/spot/Code/amiexpress-web/web/backend/src/utils/output.util.ts:54:19)
    at doPause (/Users/spot/Code/amiexpress-web/web/backend/src/handlers/screen.handler.ts:3039:13)
    at doPause (/Users/spot/Code/amiexpress-web/web/backend/src/handlers/command.handler.ts:958:11)
    at finishConferenceScan (/Users/spot/Code/amiexpress-web/web/backend/src/handlers/message/message-scan.handler.ts:492:5)
    at advanceConferenceScan (/Users/spot/Code/amiexpress-web/web/backend/src/handlers/message/message-scan.handler.ts:857:3)
    at performConferenceScan (/Users/spot/Code/amiexpress-web/web/backend/src/handlers/message/message-scan.handler.ts:920:3)
    at Object.<anonymous> (/Users/spot/Code/amiexpress-web/web/backend/tests/message-scan-parity.test.ts:361:5)
Session: {"subState":"display_menu","currentConf":1}
[2026-09-02T12:26:46.107Z] Error in display state handling: socket.on is not a function
Stack: TypeError: socket.on is not a function
    at on (/Users/spot/Code/amiexpress-web/web/backend/src/utils/ansi-buffer.util.ts:176:10)
    at getAnsiBuffer (/Users/spot/Code/amiexpress-web/web/backend/src/utils/ansi-buffer.util.ts:201:18)
    at emitText (/Users/spot/Code/amiexpress-web/web/backend/src/utils/ansi-buffer.util.ts:217:3)
    at emitPrompt (/Users/spot/Code/amiexpress-web/web/backend/src/utils/output.util.ts:54:19)
    at doPause (/Users/spot/Code/amiexpress-web/web/backend/src/handlers/screen.handler.ts:3039:13)
    at doPause (/Users/spot/Code/amiexpress-web/web/backend/src/handlers/command.handler.ts:958:11)
    at finishConferenceScan (/Users/spot/Code/amiexpress-web/web/backend/src/handlers/message/message-scan.handler.ts:492:5)
    at advanceConferenceScan (/Users/spot/Code/amiexpress-web/web/backend/src/handlers/message/message-scan.handler.ts:857:3)
    at performConferenceScan (/Users/spot/Code/amiexpress-web/web/backend/src/handlers/message/message-scan.handler.ts:920:3)
    at Object.<anonymous> (/Users/spot/Code/amiexpress-web/web/backend/tests/message-scan-parity.test.ts:388:5)
Session: {"subState":"display_menu","currentConf":1}
[2026-09-02T12:26:50.048Z] Error in display state handling: socket.on is not a function
Stack: TypeError: socket.on is not a function
    at on (/Users/spot/Code/amiexpress-web/web/backend/src/utils/ansi-buffer.util.ts:176:10)
    at getAnsiBuffer (/Users/spot/Code/amiexpress-web/web/backend/src/utils/ansi-buffer.util.ts:201:18)
    at emitText (/Users/spot/Code/amiexpress-web/web/backend/src/utils/ansi-buffer.util.ts:217:3)
    at emitPrompt (/Users/spot/Code/amiexpress-web/web/backend/src/utils/output.util.ts:54:19)
    at doPause (/Users/spot/Code/amiexpress-web/web/backend/src/handlers/screen.handler.ts:3039:13)
    at doPause (/Users/spot/Code/amiexpress-web/web/backend/src/handlers/command.handler.ts:958:11)
    at finishConferenceScan (/Users/spot/Code/amiexpress-web/web/backend/src/handlers/message/message-scan.handler.ts:492:5)
    at advanceConferenceScan (/Users/spot/Code/amiexpress-web/web/backend/src/handlers/message/message-scan.handler.ts:857:3)
    at performConferenceScan (/Users/spot/Code/amiexpress-web/web/backend/src/handlers/message/message-scan.handler.ts:920:3)
    at Object.<anonymous> (/Users/spot/Code/amiexpress-web/web/backend/tests/message-scan-parity.test.ts:415:5)
Session: {"subState":"display_menu","currentConf":1}
[2026-09-02T12:34:30.237Z] Error in display state handling: socket.on is not a function
Stack: TypeError: socket.on is not a function
    at on (/Users/spot/Code/amiexpress-web/web/backend/src/utils/ansi-buffer.util.ts:176:10)
    at getAnsiBuffer (/Users/spot/Code/amiexpress-web/web/backend/src/utils/ansi-buffer.util.ts:201:18)
    at emitText (/Users/spot/Code/amiexpress-web/web/backend/src/utils/ansi-buffer.util.ts:217:3)
    at emitPrompt (/Users/spot/Code/amiexpress-web/web/backend/src/utils/output.util.ts:54:19)
    at doPause (/Users/spot/Code/amiexpress-web/web/backend/src/handlers/screen.handler.ts:3063:13)
    at doPause (/Users/spot/Code/amiexpress-web/web/backend/src/handlers/command.handler.ts:958:11)
    at finishConferenceScan (/Users/spot/Code/amiexpress-web/web/backend/src/handlers/message/message-scan.handler.ts:492:5)
    at advanceConferenceScan (/Users/spot/Code/amiexpress-web/web/backend/src/handlers/message/message-scan.handler.ts:857:3)
    at performConferenceScan (/Users/spot/Code/amiexpress-web/web/backend/src/handlers/message/message-scan.handler.ts:920:3)
    at Object.<anonymous> (/Users/spot/Code/amiexpress-web/web/backend/tests/message-scan-parity.test.ts:215:5)
Session: {"subState":"display_menu","currentConf":1}
[2026-09-02T12:34:47.905Z] Error in display state handling: socket.on is not a function
Stack: TypeError: socket.on is not a function
    at on (/Users/spot/Code/amiexpress-web/web/backend/src/utils/ansi-buffer.util.ts:176:10)
    at getAnsiBuffer (/Users/spot/Code/amiexpress-web/web/backend/src/utils/ansi-buffer.util.ts:201:18)
    at emitText (/Users/spot/Code/amiexpress-web/web/backend/src/utils/ansi-buffer.util.ts:217:3)
    at emitPrompt (/Users/spot/Code/amiexpress-web/web/backend/src/utils/output.util.ts:54:19)
    at doPause (/Users/spot/Code/amiexpress-web/web/backend/src/handlers/screen.handler.ts:3063:13)
    at doPause (/Users/spot/Code/amiexpress-web/web/backend/src/handlers/command.handler.ts:958:11)
    at finishConferenceScan (/Users/spot/Code/amiexpress-web/web/backend/src/handlers/message/message-scan.handler.ts:492:5)
    at advanceConferenceScan (/Users/spot/Code/amiexpress-web/web/backend/src/handlers/message/message-scan.handler.ts:857:3)
    at performConferenceScan (/Users/spot/Code/amiexpress-web/web/backend/src/handlers/message/message-scan.handler.ts:920:3)
    at Object.<anonymous> (/Users/spot/Code/amiexpress-web/web/backend/tests/message-scan-parity.test.ts:361:5)
Session: {"subState":"display_menu","currentConf":1}
[2026-09-02T12:35:05.543Z] Error in display state handling: socket.on is not a function
Stack: TypeError: socket.on is not a function
    at on (/Users/spot/Code/amiexpress-web/web/backend/src/utils/ansi-buffer.util.ts:176:10)
    at getAnsiBuffer (/Users/spot/Code/amiexpress-web/web/backend/src/utils/ansi-buffer.util.ts:201:18)
    at emitText (/Users/spot/Code/amiexpress-web/web/backend/src/utils/ansi-buffer.util.ts:217:3)
    at emitPrompt (/Users/spot/Code/amiexpress-web/web/backend/src/utils/output.util.ts:54:19)
    at doPause (/Users/spot/Code/amiexpress-web/web/backend/src/handlers/screen.handler.ts:3063:13)
    at doPause (/Users/spot/Code/amiexpress-web/web/backend/src/handlers/command.handler.ts:958:11)
    at finishConferenceScan (/Users/spot/Code/amiexpress-web/web/backend/src/handlers/message/message-scan.handler.ts:492:5)
    at advanceConferenceScan (/Users/spot/Code/amiexpress-web/web/backend/src/handlers/message/message-scan.handler.ts:857:3)
    at performConferenceScan (/Users/spot/Code/amiexpress-web/web/backend/src/handlers/message/message-scan.handler.ts:920:3)
    at Object.<anonymous> (/Users/spot/Code/amiexpress-web/web/backend/tests/message-scan-parity.test.ts:388:5)
Session: {"subState":"display_menu","currentConf":1}
[2026-09-02T12:35:25.000Z] Error in display state handling: socket.on is not a function
Stack: TypeError: socket.on is not a function
    at on (/Users/spot/Code/amiexpress-web/web/backend/src/utils/ansi-buffer.util.ts:176:10)
    at getAnsiBuffer (/Users/spot/Code/amiexpress-web/web/backend/src/utils/ansi-buffer.util.ts:201:18)
    at emitText (/Users/spot/Code/amiexpress-web/web/backend/src/utils/ansi-buffer.util.ts:217:3)
    at emitPrompt (/Users/spot/Code/amiexpress-web/web/backend/src/utils/output.util.ts:54:19)
    at doPause (/Users/spot/Code/amiexpress-web/web/backend/src/handlers/screen.handler.ts:3063:13)
    at doPause (/Users/spot/Code/amiexpress-web/web/backend/src/handlers/command.handler.ts:958:11)
    at finishConferenceScan (/Users/spot/Code/amiexpress-web/web/backend/src/handlers/message/message-scan.handler.ts:492:5)
    at advanceConferenceScan (/Users/spot/Code/amiexpress-web/web/backend/src/handlers/message/message-scan.handler.ts:857:3)
    at performConferenceScan (/Users/spot/Code/amiexpress-web/web/backend/src/handlers/message/message-scan.handler.ts:920:3)
    at Object.<anonymous> (/Users/spot/Code/amiexpress-web/web/backend/tests/message-scan-parity.test.ts:415:5)
Session: {"subState":"display_menu","currentConf":1}
[2026-09-02T12:46:32.321Z] Error in display state handling: socket.on is not a function
Stack: TypeError: socket.on is not a function
    at on (/Users/spot/Code/amiexpress-web/web/backend/src/utils/ansi-buffer.util.ts:176:10)
    at getAnsiBuffer (/Users/spot/Code/amiexpress-web/web/backend/src/utils/ansi-buffer.util.ts:201:18)
    at emitText (/Users/spot/Code/amiexpress-web/web/backend/src/utils/ansi-buffer.util.ts:217:3)
    at emitPrompt (/Users/spot/Code/amiexpress-web/web/backend/src/utils/output.util.ts:54:19)
    at doPause (/Users/spot/Code/amiexpress-web/web/backend/src/handlers/screen.handler.ts:3063:13)
    at doPause (/Users/spot/Code/amiexpress-web/web/backend/src/handlers/command.handler.ts:958:11)
    at finishConferenceScan (/Users/spot/Code/amiexpress-web/web/backend/src/handlers/message/message-scan.handler.ts:488:5)
    at advanceConferenceScan (/Users/spot/Code/amiexpress-web/web/backend/src/handlers/message/message-scan.handler.ts:853:3)
    at performConferenceScan (/Users/spot/Code/amiexpress-web/web/backend/src/handlers/message/message-scan.handler.ts:916:3)
    at Object.<anonymous> (/Users/spot/Code/amiexpress-web/web/backend/tests/message-scan-parity.test.ts:215:5)
Session: {"subState":"display_menu","currentConf":1}
[2026-09-02T12:46:37.970Z] Error in display state handling: socket.on is not a function
Stack: TypeError: socket.on is not a function
    at on (/Users/spot/Code/amiexpress-web/web/backend/src/utils/ansi-buffer.util.ts:176:10)
    at getAnsiBuffer (/Users/spot/Code/amiexpress-web/web/backend/src/utils/ansi-buffer.util.ts:201:18)
    at emitText (/Users/spot/Code/amiexpress-web/web/backend/src/utils/ansi-buffer.util.ts:217:3)
    at emitPrompt (/Users/spot/Code/amiexpress-web/web/backend/src/utils/output.util.ts:54:19)
    at doPause (/Users/spot/Code/amiexpress-web/web/backend/src/handlers/screen.handler.ts:3063:13)
    at doPause (/Users/spot/Code/amiexpress-web/web/backend/src/handlers/command.handler.ts:958:11)
    at finishConferenceScan (/Users/spot/Code/amiexpress-web/web/backend/src/handlers/message/message-scan.handler.ts:488:5)
    at advanceConferenceScan (/Users/spot/Code/amiexpress-web/web/backend/src/handlers/message/message-scan.handler.ts:853:3)
    at performConferenceScan (/Users/spot/Code/amiexpress-web/web/backend/src/handlers/message/message-scan.handler.ts:916:3)
    at Object.<anonymous> (/Users/spot/Code/amiexpress-web/web/backend/tests/message-scan-parity.test.ts:361:5)
Session: {"subState":"display_menu","currentConf":1}
[2026-09-02T12:46:45.329Z] Error in display state handling: socket.on is not a function
Stack: TypeError: socket.on is not a function
    at on (/Users/spot/Code/amiexpress-web/web/backend/src/utils/ansi-buffer.util.ts:176:10)
    at getAnsiBuffer (/Users/spot/Code/amiexpress-web/web/backend/src/utils/ansi-buffer.util.ts:201:18)
    at emitText (/Users/spot/Code/amiexpress-web/web/backend/src/utils/ansi-buffer.util.ts:217:3)
    at emitPrompt (/Users/spot/Code/amiexpress-web/web/backend/src/utils/output.util.ts:54:19)
    at doPause (/Users/spot/Code/amiexpress-web/web/backend/src/handlers/screen.handler.ts:3063:13)
    at doPause (/Users/spot/Code/amiexpress-web/web/backend/src/handlers/command.handler.ts:958:11)
    at finishConferenceScan (/Users/spot/Code/amiexpress-web/web/backend/src/handlers/message/message-scan.handler.ts:488:5)
    at advanceConferenceScan (/Users/spot/Code/amiexpress-web/web/backend/src/handlers/message/message-scan.handler.ts:853:3)
    at performConferenceScan (/Users/spot/Code/amiexpress-web/web/backend/src/handlers/message/message-scan.handler.ts:916:3)
    at Object.<anonymous> (/Users/spot/Code/amiexpress-web/web/backend/tests/message-scan-parity.test.ts:388:5)
Session: {"subState":"display_menu","currentConf":1}
[2026-09-02T12:46:47.727Z] Error in display state handling: socket.on is not a function
Stack: TypeError: socket.on is not a function
    at on (/Users/spot/Code/amiexpress-web/web/backend/src/utils/ansi-buffer.util.ts:176:10)
    at getAnsiBuffer (/Users/spot/Code/amiexpress-web/web/backend/src/utils/ansi-buffer.util.ts:201:18)
    at emitText (/Users/spot/Code/amiexpress-web/web/backend/src/utils/ansi-buffer.util.ts:217:3)
    at emitPrompt (/Users/spot/Code/amiexpress-web/web/backend/src/utils/output.util.ts:54:19)
    at doPause (/Users/spot/Code/amiexpress-web/web/backend/src/handlers/screen.handler.ts:3063:13)
    at doPause (/Users/spot/Code/amiexpress-web/web/backend/src/handlers/command.handler.ts:958:11)
    at finishConferenceScan (/Users/spot/Code/amiexpress-web/web/backend/src/handlers/message/message-scan.handler.ts:488:5)
    at advanceConferenceScan (/Users/spot/Code/amiexpress-web/web/backend/src/handlers/message/message-scan.handler.ts:853:3)
    at performConferenceScan (/Users/spot/Code/amiexpress-web/web/backend/src/handlers/message/message-scan.handler.ts:916:3)
    at Object.<anonymous> (/Users/spot/Code/amiexpress-web/web/backend/tests/message-scan-parity.test.ts:415:5)
Session: {"subState":"display_menu","currentConf":1}
[2026-09-02T12:56:03.877Z] Error in display state handling: socket.on is not a function
Stack: TypeError: socket.on is not a function
    at on (/Users/spot/Code/amiexpress-web/web/backend/src/utils/ansi-buffer.util.ts:176:10)
    at getAnsiBuffer (/Users/spot/Code/amiexpress-web/web/backend/src/utils/ansi-buffer.util.ts:201:18)
    at emitText (/Users/spot/Code/amiexpress-web/web/backend/src/utils/ansi-buffer.util.ts:217:3)
    at emitPrompt (/Users/spot/Code/amiexpress-web/web/backend/src/utils/output.util.ts:54:19)
    at doPause (/Users/spot/Code/amiexpress-web/web/backend/src/handlers/screen.handler.ts:3063:13)
    at doPause (/Users/spot/Code/amiexpress-web/web/backend/src/handlers/command.handler.ts:958:11)
    at finishConferenceScan (/Users/spot/Code/amiexpress-web/web/backend/src/handlers/message/message-scan.handler.ts:488:5)
    at advanceConferenceScan (/Users/spot/Code/amiexpress-web/web/backend/src/handlers/message/message-scan.handler.ts:853:3)
    at performConferenceScan (/Users/spot/Code/amiexpress-web/web/backend/src/handlers/message/message-scan.handler.ts:916:3)
    at Object.<anonymous> (/Users/spot/Code/amiexpress-web/web/backend/tests/message-scan-parity.test.ts:215:5)
Session: {"subState":"display_menu","currentConf":1}
[2026-09-02T12:56:09.344Z] Error in display state handling: socket.on is not a function
Stack: TypeError: socket.on is not a function
    at on (/Users/spot/Code/amiexpress-web/web/backend/src/utils/ansi-buffer.util.ts:176:10)
    at getAnsiBuffer (/Users/spot/Code/amiexpress-web/web/backend/src/utils/ansi-buffer.util.ts:201:18)
    at emitText (/Users/spot/Code/amiexpress-web/web/backend/src/utils/ansi-buffer.util.ts:217:3)
    at emitPrompt (/Users/spot/Code/amiexpress-web/web/backend/src/utils/output.util.ts:54:19)
    at doPause (/Users/spot/Code/amiexpress-web/web/backend/src/handlers/screen.handler.ts:3063:13)
    at doPause (/Users/spot/Code/amiexpress-web/web/backend/src/handlers/command.handler.ts:958:11)
    at finishConferenceScan (/Users/spot/Code/amiexpress-web/web/backend/src/handlers/message/message-scan.handler.ts:488:5)
    at advanceConferenceScan (/Users/spot/Code/amiexpress-web/web/backend/src/handlers/message/message-scan.handler.ts:853:3)
    at performConferenceScan (/Users/spot/Code/amiexpress-web/web/backend/src/handlers/message/message-scan.handler.ts:916:3)
    at Object.<anonymous> (/Users/spot/Code/amiexpress-web/web/backend/tests/message-scan-parity.test.ts:361:5)
Session: {"subState":"display_menu","currentConf":1}
[2026-09-02T12:56:17.997Z] Error in display state handling: socket.on is not a function
Stack: TypeError: socket.on is not a function
    at on (/Users/spot/Code/amiexpress-web/web/backend/src/utils/ansi-buffer.util.ts:176:10)
    at getAnsiBuffer (/Users/spot/Code/amiexpress-web/web/backend/src/utils/ansi-buffer.util.ts:201:18)
    at emitText (/Users/spot/Code/amiexpress-web/web/backend/src/utils/ansi-buffer.util.ts:217:3)
    at emitPrompt (/Users/spot/Code/amiexpress-web/web/backend/src/utils/output.util.ts:54:19)
    at doPause (/Users/spot/Code/amiexpress-web/web/backend/src/handlers/screen.handler.ts:3063:13)
    at doPause (/Users/spot/Code/amiexpress-web/web/backend/src/handlers/command.handler.ts:958:11)
    at finishConferenceScan (/Users/spot/Code/amiexpress-web/web/backend/src/handlers/message/message-scan.handler.ts:488:5)
    at advanceConferenceScan (/Users/spot/Code/amiexpress-web/web/backend/src/handlers/message/message-scan.handler.ts:853:3)
    at performConferenceScan (/Users/spot/Code/amiexpress-web/web/backend/src/handlers/message/message-scan.handler.ts:916:3)
    at Object.<anonymous> (/Users/spot/Code/amiexpress-web/web/backend/tests/message-scan-parity.test.ts:388:5)
Session: {"subState":"display_menu","currentConf":1}
[2026-09-02T12:56:25.136Z] Error in display state handling: socket.on is not a function
Stack: TypeError: socket.on is not a function
    at on (/Users/spot/Code/amiexpress-web/web/backend/src/utils/ansi-buffer.util.ts:176:10)
    at getAnsiBuffer (/Users/spot/Code/amiexpress-web/web/backend/src/utils/ansi-buffer.util.ts:201:18)
    at emitText (/Users/spot/Code/amiexpress-web/web/backend/src/utils/ansi-buffer.util.ts:217:3)
    at emitPrompt (/Users/spot/Code/amiexpress-web/web/backend/src/utils/output.util.ts:54:19)
    at doPause (/Users/spot/Code/amiexpress-web/web/backend/src/handlers/screen.handler.ts:3063:13)
    at doPause (/Users/spot/Code/amiexpress-web/web/backend/src/handlers/command.handler.ts:958:11)
    at finishConferenceScan (/Users/spot/Code/amiexpress-web/web/backend/src/handlers/message/message-scan.handler.ts:488:5)
    at advanceConferenceScan (/Users/spot/Code/amiexpress-web/web/backend/src/handlers/message/message-scan.handler.ts:853:3)
    at performConferenceScan (/Users/spot/Code/amiexpress-web/web/backend/src/handlers/message/message-scan.handler.ts:916:3)
    at Object.<anonymous> (/Users/spot/Code/amiexpress-web/web/backend/tests/message-scan-parity.test.ts:415:5)
Session: {"subState":"display_menu","currentConf":1}
[2026-09-02T13:01:16.459Z] Error in display state handling: socket.on is not a function
Stack: TypeError: socket.on is not a function
    at on (/Users/spot/Code/amiexpress-web/web/backend/src/utils/ansi-buffer.util.ts:176:10)
    at getAnsiBuffer (/Users/spot/Code/amiexpress-web/web/backend/src/utils/ansi-buffer.util.ts:201:18)
    at emitText (/Users/spot/Code/amiexpress-web/web/backend/src/utils/ansi-buffer.util.ts:217:3)
    at emitPrompt (/Users/spot/Code/amiexpress-web/web/backend/src/utils/output.util.ts:54:19)
    at doPause (/Users/spot/Code/amiexpress-web/web/backend/src/handlers/screen.handler.ts:3063:13)
    at doPause (/Users/spot/Code/amiexpress-web/web/backend/src/handlers/command.handler.ts:958:11)
    at finishConferenceScan (/Users/spot/Code/amiexpress-web/web/backend/src/handlers/message/message-scan.handler.ts:488:5)
    at advanceConferenceScan (/Users/spot/Code/amiexpress-web/web/backend/src/handlers/message/message-scan.handler.ts:853:3)
    at performConferenceScan (/Users/spot/Code/amiexpress-web/web/backend/src/handlers/message/message-scan.handler.ts:916:3)
    at Object.<anonymous> (/Users/spot/Code/amiexpress-web/web/backend/tests/message-scan-parity.test.ts:215:5)
Session: {"subState":"display_menu","currentConf":1}
[2026-09-02T13:01:31.830Z] Error in display state handling: socket.on is not a function
Stack: TypeError: socket.on is not a function
    at on (/Users/spot/Code/amiexpress-web/web/backend/src/utils/ansi-buffer.util.ts:176:10)
    at getAnsiBuffer (/Users/spot/Code/amiexpress-web/web/backend/src/utils/ansi-buffer.util.ts:201:18)
    at emitText (/Users/spot/Code/amiexpress-web/web/backend/src/utils/ansi-buffer.util.ts:217:3)
    at emitPrompt (/Users/spot/Code/amiexpress-web/web/backend/src/utils/output.util.ts:54:19)
    at doPause (/Users/spot/Code/amiexpress-web/web/backend/src/handlers/screen.handler.ts:3063:13)
    at doPause (/Users/spot/Code/amiexpress-web/web/backend/src/handlers/command.handler.ts:958:11)
    at finishConferenceScan (/Users/spot/Code/amiexpress-web/web/backend/src/handlers/message/message-scan.handler.ts:488:5)
    at advanceConferenceScan (/Users/spot/Code/amiexpress-web/web/backend/src/handlers/message/message-scan.handler.ts:853:3)
    at performConferenceScan (/Users/spot/Code/amiexpress-web/web/backend/src/handlers/message/message-scan.handler.ts:916:3)
    at Object.<anonymous> (/Users/spot/Code/amiexpress-web/web/backend/tests/message-scan-parity.test.ts:361:5)
Session: {"subState":"display_menu","currentConf":1}
[2026-09-02T13:01:37.299Z] Error in display state handling: socket.on is not a function
Stack: TypeError: socket.on is not a function
    at on (/Users/spot/Code/amiexpress-web/web/backend/src/utils/ansi-buffer.util.ts:176:10)
    at getAnsiBuffer (/Users/spot/Code/amiexpress-web/web/backend/src/utils/ansi-buffer.util.ts:201:18)
    at emitText (/Users/spot/Code/amiexpress-web/web/backend/src/utils/ansi-buffer.util.ts:217:3)
    at emitPrompt (/Users/spot/Code/amiexpress-web/web/backend/src/utils/output.util.ts:54:19)
    at doPause (/Users/spot/Code/amiexpress-web/web/backend/src/handlers/screen.handler.ts:3063:13)
    at doPause (/Users/spot/Code/amiexpress-web/web/backend/src/handlers/command.handler.ts:958:11)
    at finishConferenceScan (/Users/spot/Code/amiexpress-web/web/backend/src/handlers/message/message-scan.handler.ts:488:5)
    at advanceConferenceScan (/Users/spot/Code/amiexpress-web/web/backend/src/handlers/message/message-scan.handler.ts:853:3)
    at performConferenceScan (/Users/spot/Code/amiexpress-web/web/backend/src/handlers/message/message-scan.handler.ts:916:3)
    at Object.<anonymous> (/Users/spot/Code/amiexpress-web/web/backend/tests/message-scan-parity.test.ts:388:5)
Session: {"subState":"display_menu","currentConf":1}
[2026-09-02T13:01:37.835Z] Error in display state handling: socket.on is not a function
Stack: TypeError: socket.on is not a function
    at on (/Users/spot/Code/amiexpress-web/web/backend/src/utils/ansi-buffer.util.ts:176:10)
    at getAnsiBuffer (/Users/spot/Code/amiexpress-web/web/backend/src/utils/ansi-buffer.util.ts:201:18)
    at emitText (/Users/spot/Code/amiexpress-web/web/backend/src/utils/ansi-buffer.util.ts:217:3)
    at emitPrompt (/Users/spot/Code/amiexpress-web/web/backend/src/utils/output.util.ts:54:19)
    at doPause (/Users/spot/Code/amiexpress-web/web/backend/src/handlers/screen.handler.ts:3063:13)
    at doPause (/Users/spot/Code/amiexpress-web/web/backend/src/handlers/command.handler.ts:958:11)
    at finishConferenceScan (/Users/spot/Code/amiexpress-web/web/backend/src/handlers/message/message-scan.handler.ts:488:5)
    at advanceConferenceScan (/Users/spot/Code/amiexpress-web/web/backend/src/handlers/message/message-scan.handler.ts:853:3)
    at performConferenceScan (/Users/spot/Code/amiexpress-web/web/backend/src/handlers/message/message-scan.handler.ts:916:3)
    at Object.<anonymous> (/Users/spot/Code/amiexpress-web/web/backend/tests/message-scan-parity.test.ts:415:5)
Session: {"subState":"display_menu","currentConf":1}
[2026-09-02T13:02:14.582Z] Error in display state handling: socket.on is not a function
Stack: TypeError: socket.on is not a function
    at on (/Users/spot/Code/amiexpress-web/web/backend/src/utils/ansi-buffer.util.ts:176:10)
    at getAnsiBuffer (/Users/spot/Code/amiexpress-web/web/backend/src/utils/ansi-buffer.util.ts:201:18)
    at emitText (/Users/spot/Code/amiexpress-web/web/backend/src/utils/ansi-buffer.util.ts:217:3)
    at emitPrompt (/Users/spot/Code/amiexpress-web/web/backend/src/utils/output.util.ts:54:19)
    at doPause (/Users/spot/Code/amiexpress-web/web/backend/src/handlers/screen.handler.ts:3076:13)
    at doPause (/Users/spot/Code/amiexpress-web/web/backend/src/handlers/command.handler.ts:958:11)
    at finishConferenceScan (/Users/spot/Code/amiexpress-web/web/backend/src/handlers/message/message-scan.handler.ts:488:5)
    at advanceConferenceScan (/Users/spot/Code/amiexpress-web/web/backend/src/handlers/message/message-scan.handler.ts:853:3)
    at performConferenceScan (/Users/spot/Code/amiexpress-web/web/backend/src/handlers/message/message-scan.handler.ts:916:3)
    at Object.<anonymous> (/Users/spot/Code/amiexpress-web/web/backend/tests/message-scan-parity.test.ts:215:5)
Session: {"subState":"display_menu","currentConf":1}
[2026-09-02T13:02:19.394Z] Error in display state handling: socket.on is not a function
Stack: TypeError: socket.on is not a function
    at on (/Users/spot/Code/amiexpress-web/web/backend/src/utils/ansi-buffer.util.ts:176:10)
    at getAnsiBuffer (/Users/spot/Code/amiexpress-web/web/backend/src/utils/ansi-buffer.util.ts:201:18)
    at emitText (/Users/spot/Code/amiexpress-web/web/backend/src/utils/ansi-buffer.util.ts:217:3)
    at emitPrompt (/Users/spot/Code/amiexpress-web/web/backend/src/utils/output.util.ts:54:19)
    at doPause (/Users/spot/Code/amiexpress-web/web/backend/src/handlers/screen.handler.ts:3076:13)
    at doPause (/Users/spot/Code/amiexpress-web/web/backend/src/handlers/command.handler.ts:958:11)
    at finishConferenceScan (/Users/spot/Code/amiexpress-web/web/backend/src/handlers/message/message-scan.handler.ts:488:5)
    at advanceConferenceScan (/Users/spot/Code/amiexpress-web/web/backend/src/handlers/message/message-scan.handler.ts:853:3)
    at performConferenceScan (/Users/spot/Code/amiexpress-web/web/backend/src/handlers/message/message-scan.handler.ts:916:3)
    at Object.<anonymous> (/Users/spot/Code/amiexpress-web/web/backend/tests/message-scan-parity.test.ts:361:5)
Session: {"subState":"display_menu","currentConf":1}
[2026-09-02T13:02:21.557Z] Error in display state handling: socket.on is not a function
Stack: TypeError: socket.on is not a function
    at on (/Users/spot/Code/amiexpress-web/web/backend/src/utils/ansi-buffer.util.ts:176:10)
    at getAnsiBuffer (/Users/spot/Code/amiexpress-web/web/backend/src/utils/ansi-buffer.util.ts:201:18)
    at emitText (/Users/spot/Code/amiexpress-web/web/backend/src/utils/ansi-buffer.util.ts:217:3)
    at emitPrompt (/Users/spot/Code/amiexpress-web/web/backend/src/utils/output.util.ts:54:19)
    at doPause (/Users/spot/Code/amiexpress-web/web/backend/src/handlers/screen.handler.ts:3076:13)
    at doPause (/Users/spot/Code/amiexpress-web/web/backend/src/handlers/command.handler.ts:958:11)
    at finishConferenceScan (/Users/spot/Code/amiexpress-web/web/backend/src/handlers/message/message-scan.handler.ts:488:5)
    at advanceConferenceScan (/Users/spot/Code/amiexpress-web/web/backend/src/handlers/message/message-scan.handler.ts:853:3)
    at performConferenceScan (/Users/spot/Code/amiexpress-web/web/backend/src/handlers/message/message-scan.handler.ts:916:3)
    at Object.<anonymous> (/Users/spot/Code/amiexpress-web/web/backend/tests/message-scan-parity.test.ts:388:5)
Session: {"subState":"display_menu","currentConf":1}
[2026-09-02T13:02:23.708Z] Error in display state handling: socket.on is not a function
Stack: TypeError: socket.on is not a function
    at on (/Users/spot/Code/amiexpress-web/web/backend/src/utils/ansi-buffer.util.ts:176:10)
    at getAnsiBuffer (/Users/spot/Code/amiexpress-web/web/backend/src/utils/ansi-buffer.util.ts:201:18)
    at emitText (/Users/spot/Code/amiexpress-web/web/backend/src/utils/ansi-buffer.util.ts:217:3)
    at emitPrompt (/Users/spot/Code/amiexpress-web/web/backend/src/utils/output.util.ts:54:19)
    at doPause (/Users/spot/Code/amiexpress-web/web/backend/src/handlers/screen.handler.ts:3076:13)
    at doPause (/Users/spot/Code/amiexpress-web/web/backend/src/handlers/command.handler.ts:958:11)
    at finishConferenceScan (/Users/spot/Code/amiexpress-web/web/backend/src/handlers/message/message-scan.handler.ts:488:5)
    at advanceConferenceScan (/Users/spot/Code/amiexpress-web/web/backend/src/handlers/message/message-scan.handler.ts:853:3)
    at performConferenceScan (/Users/spot/Code/amiexpress-web/web/backend/src/handlers/message/message-scan.handler.ts:916:3)
    at Object.<anonymous> (/Users/spot/Code/amiexpress-web/web/backend/tests/message-scan-parity.test.ts:415:5)
Session: {"subState":"display_menu","currentConf":1}
[2026-09-02T13:04:06.290Z] Error in display state handling: socket.on is not a function
Stack: TypeError: socket.on is not a function
    at on (/Users/spot/Code/amiexpress-web/web/backend/src/utils/ansi-buffer.util.ts:176:10)
    at getAnsiBuffer (/Users/spot/Code/amiexpress-web/web/backend/src/utils/ansi-buffer.util.ts:201:18)
    at emitText (/Users/spot/Code/amiexpress-web/web/backend/src/utils/ansi-buffer.util.ts:217:3)
    at emitPrompt (/Users/spot/Code/amiexpress-web/web/backend/src/utils/output.util.ts:54:19)
    at doPause (/Users/spot/Code/amiexpress-web/web/backend/src/handlers/screen.handler.ts:3076:13)
    at doPause (/Users/spot/Code/amiexpress-web/web/backend/src/handlers/command.handler.ts:958:11)
    at finishConferenceScan (/Users/spot/Code/amiexpress-web/web/backend/src/handlers/message/message-scan.handler.ts:488:5)
    at advanceConferenceScan (/Users/spot/Code/amiexpress-web/web/backend/src/handlers/message/message-scan.handler.ts:853:3)
    at performConferenceScan (/Users/spot/Code/amiexpress-web/web/backend/src/handlers/message/message-scan.handler.ts:916:3)
    at Object.<anonymous> (/Users/spot/Code/amiexpress-web/web/backend/tests/message-scan-parity.test.ts:215:5)
Session: {"subState":"display_menu","currentConf":1}
[2026-09-02T13:04:11.131Z] Error in display state handling: socket.on is not a function
Stack: TypeError: socket.on is not a function
    at on (/Users/spot/Code/amiexpress-web/web/backend/src/utils/ansi-buffer.util.ts:176:10)
    at getAnsiBuffer (/Users/spot/Code/amiexpress-web/web/backend/src/utils/ansi-buffer.util.ts:201:18)
    at emitText (/Users/spot/Code/amiexpress-web/web/backend/src/utils/ansi-buffer.util.ts:217:3)
    at emitPrompt (/Users/spot/Code/amiexpress-web/web/backend/src/utils/output.util.ts:54:19)
    at doPause (/Users/spot/Code/amiexpress-web/web/backend/src/handlers/screen.handler.ts:3076:13)
    at doPause (/Users/spot/Code/amiexpress-web/web/backend/src/handlers/command.handler.ts:958:11)
    at finishConferenceScan (/Users/spot/Code/amiexpress-web/web/backend/src/handlers/message/message-scan.handler.ts:488:5)
    at advanceConferenceScan (/Users/spot/Code/amiexpress-web/web/backend/src/handlers/message/message-scan.handler.ts:853:3)
    at performConferenceScan (/Users/spot/Code/amiexpress-web/web/backend/src/handlers/message/message-scan.handler.ts:916:3)
    at Object.<anonymous> (/Users/spot/Code/amiexpress-web/web/backend/tests/message-scan-parity.test.ts:361:5)
Session: {"subState":"display_menu","currentConf":1}
[2026-09-02T13:04:13.225Z] Error in display state handling: socket.on is not a function
Stack: TypeError: socket.on is not a function
    at on (/Users/spot/Code/amiexpress-web/web/backend/src/utils/ansi-buffer.util.ts:176:10)
    at getAnsiBuffer (/Users/spot/Code/amiexpress-web/web/backend/src/utils/ansi-buffer.util.ts:201:18)
    at emitText (/Users/spot/Code/amiexpress-web/web/backend/src/utils/ansi-buffer.util.ts:217:3)
    at emitPrompt (/Users/spot/Code/amiexpress-web/web/backend/src/utils/output.util.ts:54:19)
    at doPause (/Users/spot/Code/amiexpress-web/web/backend/src/handlers/screen.handler.ts:3076:13)
    at doPause (/Users/spot/Code/amiexpress-web/web/backend/src/handlers/command.handler.ts:958:11)
    at finishConferenceScan (/Users/spot/Code/amiexpress-web/web/backend/src/handlers/message/message-scan.handler.ts:488:5)
    at advanceConferenceScan (/Users/spot/Code/amiexpress-web/web/backend/src/handlers/message/message-scan.handler.ts:853:3)
    at performConferenceScan (/Users/spot/Code/amiexpress-web/web/backend/src/handlers/message/message-scan.handler.ts:916:3)
    at Object.<anonymous> (/Users/spot/Code/amiexpress-web/web/backend/tests/message-scan-parity.test.ts:388:5)
Session: {"subState":"display_menu","currentConf":1}
[2026-09-02T13:04:14.974Z] Error in display state handling: socket.on is not a function
Stack: TypeError: socket.on is not a function
    at on (/Users/spot/Code/amiexpress-web/web/backend/src/utils/ansi-buffer.util.ts:176:10)
    at getAnsiBuffer (/Users/spot/Code/amiexpress-web/web/backend/src/utils/ansi-buffer.util.ts:201:18)
    at emitText (/Users/spot/Code/amiexpress-web/web/backend/src/utils/ansi-buffer.util.ts:217:3)
    at emitPrompt (/Users/spot/Code/amiexpress-web/web/backend/src/utils/output.util.ts:54:19)
    at doPause (/Users/spot/Code/amiexpress-web/web/backend/src/handlers/screen.handler.ts:3076:13)
    at doPause (/Users/spot/Code/amiexpress-web/web/backend/src/handlers/command.handler.ts:958:11)
    at finishConferenceScan (/Users/spot/Code/amiexpress-web/web/backend/src/handlers/message/message-scan.handler.ts:488:5)
    at advanceConferenceScan (/Users/spot/Code/amiexpress-web/web/backend/src/handlers/message/message-scan.handler.ts:853:3)
    at performConferenceScan (/Users/spot/Code/amiexpress-web/web/backend/src/handlers/message/message-scan.handler.ts:916:3)
    at Object.<anonymous> (/Users/spot/Code/amiexpress-web/web/backend/tests/message-scan-parity.test.ts:415:5)
Session: {"subState":"display_menu","currentConf":1}
[2026-09-02T13:39:46.954Z] Error in display state handling: socket.on is not a function
Stack: TypeError: socket.on is not a function
    at on (/Users/spot/Code/amiexpress-web/web/backend/src/utils/ansi-buffer.util.ts:176:10)
    at getAnsiBuffer (/Users/spot/Code/amiexpress-web/web/backend/src/utils/ansi-buffer.util.ts:201:18)
    at emitText (/Users/spot/Code/amiexpress-web/web/backend/src/utils/ansi-buffer.util.ts:217:3)
    at emitPrompt (/Users/spot/Code/amiexpress-web/web/backend/src/utils/output.util.ts:54:19)
    at doPause (/Users/spot/Code/amiexpress-web/web/backend/src/handlers/screen.handler.ts:3085:13)
    at doPause (/Users/spot/Code/amiexpress-web/web/backend/src/handlers/command.handler.ts:958:11)
    at finishConferenceScan (/Users/spot/Code/amiexpress-web/web/backend/src/handlers/message/message-scan.handler.ts:488:5)
    at advanceConferenceScan (/Users/spot/Code/amiexpress-web/web/backend/src/handlers/message/message-scan.handler.ts:853:3)
    at performConferenceScan (/Users/spot/Code/amiexpress-web/web/backend/src/handlers/message/message-scan.handler.ts:916:3)
    at Object.<anonymous> (/Users/spot/Code/amiexpress-web/web/backend/tests/message-scan-parity.test.ts:215:5)
Session: {"subState":"display_menu","currentConf":1}
[2026-09-02T13:40:19.357Z] Error in display state handling: socket.on is not a function
Stack: TypeError: socket.on is not a function
    at on (/Users/spot/Code/amiexpress-web/web/backend/src/utils/ansi-buffer.util.ts:176:10)
    at getAnsiBuffer (/Users/spot/Code/amiexpress-web/web/backend/src/utils/ansi-buffer.util.ts:201:18)
    at emitText (/Users/spot/Code/amiexpress-web/web/backend/src/utils/ansi-buffer.util.ts:217:3)
    at emitPrompt (/Users/spot/Code/amiexpress-web/web/backend/src/utils/output.util.ts:54:19)
    at doPause (/Users/spot/Code/amiexpress-web/web/backend/src/handlers/screen.handler.ts:3085:13)
    at doPause (/Users/spot/Code/amiexpress-web/web/backend/src/handlers/command.handler.ts:958:11)
    at runNextTicks (node:internal/process/task_queues:65:5)
    at processTimers (node:internal/timers:540:9)
    at finishConferenceScan (/Users/spot/Code/amiexpress-web/web/backend/src/handlers/message/message-scan.handler.ts:488:5)
    at advanceConferenceScan (/Users/spot/Code/amiexpress-web/web/backend/src/handlers/message/message-scan.handler.ts:853:3)
    at performConferenceScan (/Users/spot/Code/amiexpress-web/web/backend/src/handlers/message/message-scan.handler.ts:916:3)
    at Object.<anonymous> (/Users/spot/Code/amiexpress-web/web/backend/tests/message-scan-parity.test.ts:361:5)
Session: {"subState":"display_menu","currentConf":1}
[2026-09-02T13:40:21.232Z] Error in display state handling: socket.on is not a function
Stack: TypeError: socket.on is not a function
    at on (/Users/spot/Code/amiexpress-web/web/backend/src/utils/ansi-buffer.util.ts:176:10)
    at getAnsiBuffer (/Users/spot/Code/amiexpress-web/web/backend/src/utils/ansi-buffer.util.ts:201:18)
    at emitText (/Users/spot/Code/amiexpress-web/web/backend/src/utils/ansi-buffer.util.ts:217:3)
    at emitPrompt (/Users/spot/Code/amiexpress-web/web/backend/src/utils/output.util.ts:54:19)
    at doPause (/Users/spot/Code/amiexpress-web/web/backend/src/handlers/screen.handler.ts:3085:13)
    at doPause (/Users/spot/Code/amiexpress-web/web/backend/src/handlers/command.handler.ts:958:11)
    at runNextTicks (node:internal/process/task_queues:65:5)
    at processTimers (node:internal/timers:540:9)
    at finishConferenceScan (/Users/spot/Code/amiexpress-web/web/backend/src/handlers/message/message-scan.handler.ts:488:5)
    at advanceConferenceScan (/Users/spot/Code/amiexpress-web/web/backend/src/handlers/message/message-scan.handler.ts:853:3)
    at performConferenceScan (/Users/spot/Code/amiexpress-web/web/backend/src/handlers/message/message-scan.handler.ts:916:3)
    at Object.<anonymous> (/Users/spot/Code/amiexpress-web/web/backend/tests/message-scan-parity.test.ts:388:5)
Session: {"subState":"display_menu","currentConf":1}
[2026-09-02T13:40:23.523Z] Error in display state handling: socket.on is not a function
Stack: TypeError: socket.on is not a function
    at on (/Users/spot/Code/amiexpress-web/web/backend/src/utils/ansi-buffer.util.ts:176:10)
    at getAnsiBuffer (/Users/spot/Code/amiexpress-web/web/backend/src/utils/ansi-buffer.util.ts:201:18)
    at emitText (/Users/spot/Code/amiexpress-web/web/backend/src/utils/ansi-buffer.util.ts:217:3)
    at emitPrompt (/Users/spot/Code/amiexpress-web/web/backend/src/utils/output.util.ts:54:19)
    at doPause (/Users/spot/Code/amiexpress-web/web/backend/src/handlers/screen.handler.ts:3085:13)
    at doPause (/Users/spot/Code/amiexpress-web/web/backend/src/handlers/command.handler.ts:958:11)
    at runNextTicks (node:internal/process/task_queues:65:5)
    at processTimers (node:internal/timers:540:9)
    at finishConferenceScan (/Users/spot/Code/amiexpress-web/web/backend/src/handlers/message/message-scan.handler.ts:488:5)
    at advanceConferenceScan (/Users/spot/Code/amiexpress-web/web/backend/src/handlers/message/message-scan.handler.ts:853:3)
    at performConferenceScan (/Users/spot/Code/amiexpress-web/web/backend/src/handlers/message/message-scan.handler.ts:916:3)
    at Object.<anonymous> (/Users/spot/Code/amiexpress-web/web/backend/tests/message-scan-parity.test.ts:415:5)
Session: {"subState":"display_menu","currentConf":1}
[2026-09-02T13:51:45.525Z] Error in display state handling: socket.on is not a function
Stack: TypeError: socket.on is not a function
    at getAnsiBuffer (/Users/spot/Code/amiexpress-web/web/backend/src/utils/ansi-buffer.util.ts:176:10)
    at emitText (/Users/spot/Code/amiexpress-web/web/backend/src/utils/ansi-buffer.util.ts:201:18)
    at emitPrompt (/Users/spot/Code/amiexpress-web/web/backend/src/utils/ansi-buffer.util.ts:217:3)
    at emitPrompt (/Users/spot/Code/amiexpress-web/web/backend/src/utils/output.util.ts:54:19)
    at doPause (/Users/spot/Code/amiexpress-web/web/backend/src/handlers/screen.handler.ts:3085:13)
    at advanceDisplayFlow (/Users/spot/Code/amiexpress-web/web/backend/src/handlers/command.handler.ts:958:11)
    at async finishConferenceScan (/Users/spot/Code/amiexpress-web/web/backend/src/handlers/message/message-scan.handler.ts:488:5)
    at async advanceConferenceScan (/Users/spot/Code/amiexpress-web/web/backend/src/handlers/message/message-scan.handler.ts:853:3)
    at async performConferenceScan (/Users/spot/Code/amiexpress-web/web/backend/src/handlers/message/message-scan.handler.ts:916:3)
    at async Object.<anonymous> (/Users/spot/Code/amiexpress-web/web/backend/tests/message-scan-parity.test.ts:215:5)
Session: {"subState":"display_menu","currentConf":1}
[2026-09-02T13:51:59.325Z] Error in display state handling: socket.on is not a function
Stack: TypeError: socket.on is not a function
    at getAnsiBuffer (/Users/spot/Code/amiexpress-web/web/backend/src/utils/ansi-buffer.util.ts:176:10)
    at emitText (/Users/spot/Code/amiexpress-web/web/backend/src/utils/ansi-buffer.util.ts:201:18)
    at emitPrompt (/Users/spot/Code/amiexpress-web/web/backend/src/utils/ansi-buffer.util.ts:217:3)
    at emitPrompt (/Users/spot/Code/amiexpress-web/web/backend/src/utils/output.util.ts:54:19)
    at doPause (/Users/spot/Code/amiexpress-web/web/backend/src/handlers/screen.handler.ts:3085:13)
    at advanceDisplayFlow (/Users/spot/Code/amiexpress-web/web/backend/src/handlers/command.handler.ts:958:11)
    at async finishConferenceScan (/Users/spot/Code/amiexpress-web/web/backend/src/handlers/message/message-scan.handler.ts:488:5)
    at async advanceConferenceScan (/Users/spot/Code/amiexpress-web/web/backend/src/handlers/message/message-scan.handler.ts:853:3)
    at async performConferenceScan (/Users/spot/Code/amiexpress-web/web/backend/src/handlers/message/message-scan.handler.ts:916:3)
    at async Object.<anonymous> (/Users/spot/Code/amiexpress-web/web/backend/tests/message-scan-parity.test.ts:361:5)
Session: {"subState":"display_menu","currentConf":1}
[2026-09-02T13:52:10.183Z] Error in display state handling: socket.on is not a function
Stack: TypeError: socket.on is not a function
    at getAnsiBuffer (/Users/spot/Code/amiexpress-web/web/backend/src/utils/ansi-buffer.util.ts:176:10)
    at emitText (/Users/spot/Code/amiexpress-web/web/backend/src/utils/ansi-buffer.util.ts:201:18)
    at emitPrompt (/Users/spot/Code/amiexpress-web/web/backend/src/utils/ansi-buffer.util.ts:217:3)
    at emitPrompt (/Users/spot/Code/amiexpress-web/web/backend/src/utils/output.util.ts:54:19)
    at doPause (/Users/spot/Code/amiexpress-web/web/backend/src/handlers/screen.handler.ts:3085:13)
    at advanceDisplayFlow (/Users/spot/Code/amiexpress-web/web/backend/src/handlers/command.handler.ts:958:11)
    at async finishConferenceScan (/Users/spot/Code/amiexpress-web/web/backend/src/handlers/message/message-scan.handler.ts:488:5)
    at async advanceConferenceScan (/Users/spot/Code/amiexpress-web/web/backend/src/handlers/message/message-scan.handler.ts:853:3)
    at async performConferenceScan (/Users/spot/Code/amiexpress-web/web/backend/src/handlers/message/message-scan.handler.ts:916:3)
    at async Object.<anonymous> (/Users/spot/Code/amiexpress-web/web/backend/tests/message-scan-parity.test.ts:388:5)
Session: {"subState":"display_menu","currentConf":1}
[2026-09-02T13:52:19.066Z] Error in display state handling: socket.on is not a function
Stack: TypeError: socket.on is not a function
    at getAnsiBuffer (/Users/spot/Code/amiexpress-web/web/backend/src/utils/ansi-buffer.util.ts:176:10)
    at emitText (/Users/spot/Code/amiexpress-web/web/backend/src/utils/ansi-buffer.util.ts:201:18)
    at emitPrompt (/Users/spot/Code/amiexpress-web/web/backend/src/utils/ansi-buffer.util.ts:217:3)
    at emitPrompt (/Users/spot/Code/amiexpress-web/web/backend/src/utils/output.util.ts:54:19)
    at doPause (/Users/spot/Code/amiexpress-web/web/backend/src/handlers/screen.handler.ts:3085:13)
    at advanceDisplayFlow (/Users/spot/Code/amiexpress-web/web/backend/src/handlers/command.handler.ts:958:11)
    at async finishConferenceScan (/Users/spot/Code/amiexpress-web/web/backend/src/handlers/message/message-scan.handler.ts:488:5)
    at async advanceConferenceScan (/Users/spot/Code/amiexpress-web/web/backend/src/handlers/message/message-scan.handler.ts:853:3)
    at async performConferenceScan (/Users/spot/Code/amiexpress-web/web/backend/src/handlers/message/message-scan.handler.ts:916:3)
    at async Object.<anonymous> (/Users/spot/Code/amiexpress-web/web/backend/tests/message-scan-parity.test.ts:415:5)
Session: {"subState":"display_menu","currentConf":1}
[2026-09-02T14:47:56.152Z] Error in display state handling: socket.on is not a function
Stack: TypeError: socket.on is not a function
    at on (/Users/spot/Code/amiexpress-web/web/backend/src/utils/ansi-buffer.util.ts:176:10)
    at getAnsiBuffer (/Users/spot/Code/amiexpress-web/web/backend/src/utils/ansi-buffer.util.ts:201:18)
    at emitText (/Users/spot/Code/amiexpress-web/web/backend/src/utils/ansi-buffer.util.ts:217:3)
    at emitPrompt (/Users/spot/Code/amiexpress-web/web/backend/src/utils/output.util.ts:54:19)
    at doPause (/Users/spot/Code/amiexpress-web/web/backend/src/handlers/screen.handler.ts:3085:13)
    at doPause (/Users/spot/Code/amiexpress-web/web/backend/src/handlers/command.handler.ts:953:11)
    at finishConferenceScan (/Users/spot/Code/amiexpress-web/web/backend/src/handlers/message/message-scan.handler.ts:488:5)
    at advanceConferenceScan (/Users/spot/Code/amiexpress-web/web/backend/src/handlers/message/message-scan.handler.ts:853:3)
    at performConferenceScan (/Users/spot/Code/amiexpress-web/web/backend/src/handlers/message/message-scan.handler.ts:916:3)
    at Object.<anonymous> (/Users/spot/Code/amiexpress-web/web/backend/tests/message-scan-parity.test.ts:215:5)
Session: {"subState":"display_menu","currentConf":1}
[2026-09-02T14:47:57.420Z] Error in display state handling: socket.on is not a function
Stack: TypeError: socket.on is not a function
    at on (/Users/spot/Code/amiexpress-web/web/backend/src/utils/ansi-buffer.util.ts:176:10)
    at getAnsiBuffer (/Users/spot/Code/amiexpress-web/web/backend/src/utils/ansi-buffer.util.ts:201:18)
    at emitText (/Users/spot/Code/amiexpress-web/web/backend/src/utils/ansi-buffer.util.ts:217:3)
    at emitPrompt (/Users/spot/Code/amiexpress-web/web/backend/src/utils/output.util.ts:54:19)
    at doPause (/Users/spot/Code/amiexpress-web/web/backend/src/handlers/screen.handler.ts:3085:13)
    at doPause (/Users/spot/Code/amiexpress-web/web/backend/src/handlers/command.handler.ts:953:11)
    at finishConferenceScan (/Users/spot/Code/amiexpress-web/web/backend/src/handlers/message/message-scan.handler.ts:488:5)
    at advanceConferenceScan (/Users/spot/Code/amiexpress-web/web/backend/src/handlers/message/message-scan.handler.ts:853:3)
    at performConferenceScan (/Users/spot/Code/amiexpress-web/web/backend/src/handlers/message/message-scan.handler.ts:916:3)
    at Object.<anonymous> (/Users/spot/Code/amiexpress-web/web/backend/tests/message-scan-parity.test.ts:361:5)
Session: {"subState":"display_menu","currentConf":1}
[2026-09-02T14:47:58.300Z] Error in display state handling: socket.on is not a function
Stack: TypeError: socket.on is not a function
    at on (/Users/spot/Code/amiexpress-web/web/backend/src/utils/ansi-buffer.util.ts:176:10)
    at getAnsiBuffer (/Users/spot/Code/amiexpress-web/web/backend/src/utils/ansi-buffer.util.ts:201:18)
    at emitText (/Users/spot/Code/amiexpress-web/web/backend/src/utils/ansi-buffer.util.ts:217:3)
    at emitPrompt (/Users/spot/Code/amiexpress-web/web/backend/src/utils/output.util.ts:54:19)
    at doPause (/Users/spot/Code/amiexpress-web/web/backend/src/handlers/screen.handler.ts:3085:13)
    at doPause (/Users/spot/Code/amiexpress-web/web/backend/src/handlers/command.handler.ts:953:11)
    at finishConferenceScan (/Users/spot/Code/amiexpress-web/web/backend/src/handlers/message/message-scan.handler.ts:488:5)
    at advanceConferenceScan (/Users/spot/Code/amiexpress-web/web/backend/src/handlers/message/message-scan.handler.ts:853:3)
    at performConferenceScan (/Users/spot/Code/amiexpress-web/web/backend/src/handlers/message/message-scan.handler.ts:916:3)
    at Object.<anonymous> (/Users/spot/Code/amiexpress-web/web/backend/tests/message-scan-parity.test.ts:388:5)
Session: {"subState":"display_menu","currentConf":1}
[2026-09-02T14:48:00.480Z] Error in display state handling: socket.on is not a function
Stack: TypeError: socket.on is not a function
    at on (/Users/spot/Code/amiexpress-web/web/backend/src/utils/ansi-buffer.util.ts:176:10)
    at getAnsiBuffer (/Users/spot/Code/amiexpress-web/web/backend/src/utils/ansi-buffer.util.ts:201:18)
    at emitText (/Users/spot/Code/amiexpress-web/web/backend/src/utils/ansi-buffer.util.ts:217:3)
    at emitPrompt (/Users/spot/Code/amiexpress-web/web/backend/src/utils/output.util.ts:54:19)
    at doPause (/Users/spot/Code/amiexpress-web/web/backend/src/handlers/screen.handler.ts:3085:13)
    at doPause (/Users/spot/Code/amiexpress-web/web/backend/src/handlers/command.handler.ts:953:11)
    at finishConferenceScan (/Users/spot/Code/amiexpress-web/web/backend/src/handlers/message/message-scan.handler.ts:488:5)
    at advanceConferenceScan (/Users/spot/Code/amiexpress-web/web/backend/src/handlers/message/message-scan.handler.ts:853:3)
    at performConferenceScan (/Users/spot/Code/amiexpress-web/web/backend/src/handlers/message/message-scan.handler.ts:916:3)
    at Object.<anonymous> (/Users/spot/Code/amiexpress-web/web/backend/tests/message-scan-parity.test.ts:415:5)
Session: {"subState":"display_menu","currentConf":1}
[2026-09-02T19:52:03.092Z] Error in display state handling: socket.on is not a function
Stack: TypeError: socket.on is not a function
    at on (/Users/spot/Code/amiexpress-web/web/backend/src/utils/ansi-buffer.util.ts:176:10)
    at getAnsiBuffer (/Users/spot/Code/amiexpress-web/web/backend/src/utils/ansi-buffer.util.ts:201:18)
    at emitText (/Users/spot/Code/amiexpress-web/web/backend/src/utils/ansi-buffer.util.ts:217:3)
    at emitPrompt (/Users/spot/Code/amiexpress-web/web/backend/src/utils/output.util.ts:54:19)
    at doPause (/Users/spot/Code/amiexpress-web/web/backend/src/handlers/screen.handler.ts:3086:13)
    at doPause (/Users/spot/Code/amiexpress-web/web/backend/src/handlers/command.handler.ts:953:11)
    at finishConferenceScan (/Users/spot/Code/amiexpress-web/web/backend/src/handlers/message/message-scan.handler.ts:488:5)
    at advanceConferenceScan (/Users/spot/Code/amiexpress-web/web/backend/src/handlers/message/message-scan.handler.ts:853:3)
    at performConferenceScan (/Users/spot/Code/amiexpress-web/web/backend/src/handlers/message/message-scan.handler.ts:916:3)
    at Object.<anonymous> (/Users/spot/Code/amiexpress-web/web/backend/tests/message-scan-parity.test.ts:215:5)
Session: {"subState":"display_menu","currentConf":1}
[2026-09-02T19:52:06.236Z] Error in display state handling: socket.on is not a function
Stack: TypeError: socket.on is not a function
    at on (/Users/spot/Code/amiexpress-web/web/backend/src/utils/ansi-buffer.util.ts:176:10)
    at getAnsiBuffer (/Users/spot/Code/amiexpress-web/web/backend/src/utils/ansi-buffer.util.ts:201:18)
    at emitText (/Users/spot/Code/amiexpress-web/web/backend/src/utils/ansi-buffer.util.ts:217:3)
    at emitPrompt (/Users/spot/Code/amiexpress-web/web/backend/src/utils/output.util.ts:54:19)
    at doPause (/Users/spot/Code/amiexpress-web/web/backend/src/handlers/screen.handler.ts:3086:13)
    at doPause (/Users/spot/Code/amiexpress-web/web/backend/src/handlers/command.handler.ts:953:11)
    at finishConferenceScan (/Users/spot/Code/amiexpress-web/web/backend/src/handlers/message/message-scan.handler.ts:488:5)
    at advanceConferenceScan (/Users/spot/Code/amiexpress-web/web/backend/src/handlers/message/message-scan.handler.ts:853:3)
    at performConferenceScan (/Users/spot/Code/amiexpress-web/web/backend/src/handlers/message/message-scan.handler.ts:916:3)
    at Object.<anonymous> (/Users/spot/Code/amiexpress-web/web/backend/tests/message-scan-parity.test.ts:361:5)
Session: {"subState":"display_menu","currentConf":1}
[2026-09-02T19:52:10.340Z] Error in display state handling: socket.on is not a function
Stack: TypeError: socket.on is not a function
    at on (/Users/spot/Code/amiexpress-web/web/backend/src/utils/ansi-buffer.util.ts:176:10)
    at getAnsiBuffer (/Users/spot/Code/amiexpress-web/web/backend/src/utils/ansi-buffer.util.ts:201:18)
    at emitText (/Users/spot/Code/amiexpress-web/web/backend/src/utils/ansi-buffer.util.ts:217:3)
    at emitPrompt (/Users/spot/Code/amiexpress-web/web/backend/src/utils/output.util.ts:54:19)
    at doPause (/Users/spot/Code/amiexpress-web/web/backend/src/handlers/screen.handler.ts:3086:13)
    at doPause (/Users/spot/Code/amiexpress-web/web/backend/src/handlers/command.handler.ts:953:11)
    at finishConferenceScan (/Users/spot/Code/amiexpress-web/web/backend/src/handlers/message/message-scan.handler.ts:488:5)
    at advanceConferenceScan (/Users/spot/Code/amiexpress-web/web/backend/src/handlers/message/message-scan.handler.ts:853:3)
    at performConferenceScan (/Users/spot/Code/amiexpress-web/web/backend/src/handlers/message/message-scan.handler.ts:916:3)
    at Object.<anonymous> (/Users/spot/Code/amiexpress-web/web/backend/tests/message-scan-parity.test.ts:388:5)
Session: {"subState":"display_menu","currentConf":1}
[2026-09-02T19:52:13.769Z] Error in display state handling: socket.on is not a function
Stack: TypeError: socket.on is not a function
    at on (/Users/spot/Code/amiexpress-web/web/backend/src/utils/ansi-buffer.util.ts:176:10)
    at getAnsiBuffer (/Users/spot/Code/amiexpress-web/web/backend/src/utils/ansi-buffer.util.ts:201:18)
    at emitText (/Users/spot/Code/amiexpress-web/web/backend/src/utils/ansi-buffer.util.ts:217:3)
    at emitPrompt (/Users/spot/Code/amiexpress-web/web/backend/src/utils/output.util.ts:54:19)
    at doPause (/Users/spot/Code/amiexpress-web/web/backend/src/handlers/screen.handler.ts:3086:13)
    at doPause (/Users/spot/Code/amiexpress-web/web/backend/src/handlers/command.handler.ts:953:11)
    at finishConferenceScan (/Users/spot/Code/amiexpress-web/web/backend/src/handlers/message/message-scan.handler.ts:488:5)
    at advanceConferenceScan (/Users/spot/Code/amiexpress-web/web/backend/src/handlers/message/message-scan.handler.ts:853:3)
    at performConferenceScan (/Users/spot/Code/amiexpress-web/web/backend/src/handlers/message/message-scan.handler.ts:916:3)
    at Object.<anonymous> (/Users/spot/Code/amiexpress-web/web/backend/tests/message-scan-parity.test.ts:415:5)
Session: {"subState":"display_menu","currentConf":1}
[2026-09-02T19:57:51.170Z] Error in display state handling: socket.on is not a function
Stack: TypeError: socket.on is not a function
    at on (/Users/spot/Code/amiexpress-web/web/backend/src/utils/ansi-buffer.util.ts:176:10)
    at getAnsiBuffer (/Users/spot/Code/amiexpress-web/web/backend/src/utils/ansi-buffer.util.ts:201:18)
    at emitText (/Users/spot/Code/amiexpress-web/web/backend/src/utils/ansi-buffer.util.ts:217:3)
    at emitPrompt (/Users/spot/Code/amiexpress-web/web/backend/src/utils/output.util.ts:54:19)
    at doPause (/Users/spot/Code/amiexpress-web/web/backend/src/handlers/screen.handler.ts:3086:13)
    at doPause (/Users/spot/Code/amiexpress-web/web/backend/src/handlers/command.handler.ts:953:11)
    at finishConferenceScan (/Users/spot/Code/amiexpress-web/web/backend/src/handlers/message/message-scan.handler.ts:488:5)
    at advanceConferenceScan (/Users/spot/Code/amiexpress-web/web/backend/src/handlers/message/message-scan.handler.ts:853:3)
    at performConferenceScan (/Users/spot/Code/amiexpress-web/web/backend/src/handlers/message/message-scan.handler.ts:916:3)
    at Object.<anonymous> (/Users/spot/Code/amiexpress-web/web/backend/tests/message-scan-parity.test.ts:215:5)
Session: {"subState":"display_menu","currentConf":1}
[2026-09-02T19:58:31.997Z] Error in display state handling: socket.on is not a function
Stack: TypeError: socket.on is not a function
    at on (/Users/spot/Code/amiexpress-web/web/backend/src/utils/ansi-buffer.util.ts:176:10)
    at getAnsiBuffer (/Users/spot/Code/amiexpress-web/web/backend/src/utils/ansi-buffer.util.ts:201:18)
    at emitText (/Users/spot/Code/amiexpress-web/web/backend/src/utils/ansi-buffer.util.ts:217:3)
    at emitPrompt (/Users/spot/Code/amiexpress-web/web/backend/src/utils/output.util.ts:54:19)
    at doPause (/Users/spot/Code/amiexpress-web/web/backend/src/handlers/screen.handler.ts:3086:13)
    at doPause (/Users/spot/Code/amiexpress-web/web/backend/src/handlers/command.handler.ts:953:11)
    at runNextTicks (node:internal/process/task_queues:65:5)
    at processTimers (node:internal/timers:540:9)
    at finishConferenceScan (/Users/spot/Code/amiexpress-web/web/backend/src/handlers/message/message-scan.handler.ts:488:5)
    at advanceConferenceScan (/Users/spot/Code/amiexpress-web/web/backend/src/handlers/message/message-scan.handler.ts:853:3)
    at performConferenceScan (/Users/spot/Code/amiexpress-web/web/backend/src/handlers/message/message-scan.handler.ts:916:3)
    at Object.<anonymous> (/Users/spot/Code/amiexpress-web/web/backend/tests/message-scan-parity.test.ts:361:5)
Session: {"subState":"display_menu","currentConf":1}
[2026-09-02T19:58:59.552Z] Error in display state handling: socket.on is not a function
Stack: TypeError: socket.on is not a function
    at on (/Users/spot/Code/amiexpress-web/web/backend/src/utils/ansi-buffer.util.ts:176:10)
    at getAnsiBuffer (/Users/spot/Code/amiexpress-web/web/backend/src/utils/ansi-buffer.util.ts:201:18)
    at emitText (/Users/spot/Code/amiexpress-web/web/backend/src/utils/ansi-buffer.util.ts:217:3)
    at emitPrompt (/Users/spot/Code/amiexpress-web/web/backend/src/utils/output.util.ts:54:19)
    at doPause (/Users/spot/Code/amiexpress-web/web/backend/src/handlers/screen.handler.ts:3086:13)
    at doPause (/Users/spot/Code/amiexpress-web/web/backend/src/handlers/command.handler.ts:953:11)
    at runNextTicks (node:internal/process/task_queues:65:5)
    at processTimers (node:internal/timers:540:9)
    at finishConferenceScan (/Users/spot/Code/amiexpress-web/web/backend/src/handlers/message/message-scan.handler.ts:488:5)
    at advanceConferenceScan (/Users/spot/Code/amiexpress-web/web/backend/src/handlers/message/message-scan.handler.ts:853:3)
    at performConferenceScan (/Users/spot/Code/amiexpress-web/web/backend/src/handlers/message/message-scan.handler.ts:916:3)
    at Object.<anonymous> (/Users/spot/Code/amiexpress-web/web/backend/tests/message-scan-parity.test.ts:388:5)
Session: {"subState":"display_menu","currentConf":1}
[2026-09-02T19:59:12.393Z] Error in display state handling: socket.on is not a function
Stack: TypeError: socket.on is not a function
    at on (/Users/spot/Code/amiexpress-web/web/backend/src/utils/ansi-buffer.util.ts:176:10)
    at getAnsiBuffer (/Users/spot/Code/amiexpress-web/web/backend/src/utils/ansi-buffer.util.ts:201:18)
    at emitText (/Users/spot/Code/amiexpress-web/web/backend/src/utils/ansi-buffer.util.ts:217:3)
    at emitPrompt (/Users/spot/Code/amiexpress-web/web/backend/src/utils/output.util.ts:54:19)
    at doPause (/Users/spot/Code/amiexpress-web/web/backend/src/handlers/screen.handler.ts:3086:13)
    at doPause (/Users/spot/Code/amiexpress-web/web/backend/src/handlers/command.handler.ts:953:11)
    at runNextTicks (node:internal/process/task_queues:65:5)
    at processTimers (node:internal/timers:540:9)
    at finishConferenceScan (/Users/spot/Code/amiexpress-web/web/backend/src/handlers/message/message-scan.handler.ts:488:5)
    at advanceConferenceScan (/Users/spot/Code/amiexpress-web/web/backend/src/handlers/message/message-scan.handler.ts:853:3)
    at performConferenceScan (/Users/spot/Code/amiexpress-web/web/backend/src/handlers/message/message-scan.handler.ts:916:3)
    at Object.<anonymous> (/Users/spot/Code/amiexpress-web/web/backend/tests/message-scan-parity.test.ts:415:5)
Session: {"subState":"display_menu","currentConf":1}
[2026-09-02T20:03:57.598Z] Error in display state handling: socket.on is not a function
Stack: TypeError: socket.on is not a function
    at on (/Users/spot/Code/amiexpress-web/web/backend/src/utils/ansi-buffer.util.ts:176:10)
    at getAnsiBuffer (/Users/spot/Code/amiexpress-web/web/backend/src/utils/ansi-buffer.util.ts:201:18)
    at emitText (/Users/spot/Code/amiexpress-web/web/backend/src/utils/ansi-buffer.util.ts:217:3)
    at emitPrompt (/Users/spot/Code/amiexpress-web/web/backend/src/utils/output.util.ts:54:19)
    at doPause (/Users/spot/Code/amiexpress-web/web/backend/src/handlers/screen.handler.ts:3086:13)
    at doPause (/Users/spot/Code/amiexpress-web/web/backend/src/handlers/command.handler.ts:953:11)
    at finishConferenceScan (/Users/spot/Code/amiexpress-web/web/backend/src/handlers/message/message-scan.handler.ts:488:5)
    at advanceConferenceScan (/Users/spot/Code/amiexpress-web/web/backend/src/handlers/message/message-scan.handler.ts:853:3)
    at performConferenceScan (/Users/spot/Code/amiexpress-web/web/backend/src/handlers/message/message-scan.handler.ts:916:3)
    at Object.<anonymous> (/Users/spot/Code/amiexpress-web/web/backend/tests/message-scan-parity.test.ts:215:5)
Session: {"subState":"display_menu","currentConf":1}
[2026-09-02T20:04:09.052Z] Error in display state handling: socket.on is not a function
Stack: TypeError: socket.on is not a function
    at on (/Users/spot/Code/amiexpress-web/web/backend/src/utils/ansi-buffer.util.ts:176:10)
    at getAnsiBuffer (/Users/spot/Code/amiexpress-web/web/backend/src/utils/ansi-buffer.util.ts:201:18)
    at emitText (/Users/spot/Code/amiexpress-web/web/backend/src/utils/ansi-buffer.util.ts:217:3)
    at emitPrompt (/Users/spot/Code/amiexpress-web/web/backend/src/utils/output.util.ts:54:19)
    at doPause (/Users/spot/Code/amiexpress-web/web/backend/src/handlers/screen.handler.ts:3086:13)
    at doPause (/Users/spot/Code/amiexpress-web/web/backend/src/handlers/command.handler.ts:953:11)
    at finishConferenceScan (/Users/spot/Code/amiexpress-web/web/backend/src/handlers/message/message-scan.handler.ts:488:5)
    at advanceConferenceScan (/Users/spot/Code/amiexpress-web/web/backend/src/handlers/message/message-scan.handler.ts:853:3)
    at performConferenceScan (/Users/spot/Code/amiexpress-web/web/backend/src/handlers/message/message-scan.handler.ts:916:3)
    at Object.<anonymous> (/Users/spot/Code/amiexpress-web/web/backend/tests/message-scan-parity.test.ts:361:5)
Session: {"subState":"display_menu","currentConf":1}
[2026-09-02T20:04:14.776Z] Error in display state handling: socket.on is not a function
Stack: TypeError: socket.on is not a function
    at on (/Users/spot/Code/amiexpress-web/web/backend/src/utils/ansi-buffer.util.ts:176:10)
    at getAnsiBuffer (/Users/spot/Code/amiexpress-web/web/backend/src/utils/ansi-buffer.util.ts:201:18)
    at emitText (/Users/spot/Code/amiexpress-web/web/backend/src/utils/ansi-buffer.util.ts:217:3)
    at emitPrompt (/Users/spot/Code/amiexpress-web/web/backend/src/utils/output.util.ts:54:19)
    at doPause (/Users/spot/Code/amiexpress-web/web/backend/src/handlers/screen.handler.ts:3086:13)
    at doPause (/Users/spot/Code/amiexpress-web/web/backend/src/handlers/command.handler.ts:953:11)
    at finishConferenceScan (/Users/spot/Code/amiexpress-web/web/backend/src/handlers/message/message-scan.handler.ts:488:5)
    at advanceConferenceScan (/Users/spot/Code/amiexpress-web/web/backend/src/handlers/message/message-scan.handler.ts:853:3)
    at performConferenceScan (/Users/spot/Code/amiexpress-web/web/backend/src/handlers/message/message-scan.handler.ts:916:3)
    at Object.<anonymous> (/Users/spot/Code/amiexpress-web/web/backend/tests/message-scan-parity.test.ts:388:5)
Session: {"subState":"display_menu","currentConf":1}
[2026-09-02T20:04:21.668Z] Error in display state handling: socket.on is not a function
Stack: TypeError: socket.on is not a function
    at on (/Users/spot/Code/amiexpress-web/web/backend/src/utils/ansi-buffer.util.ts:176:10)
    at getAnsiBuffer (/Users/spot/Code/amiexpress-web/web/backend/src/utils/ansi-buffer.util.ts:201:18)
    at emitText (/Users/spot/Code/amiexpress-web/web/backend/src/utils/ansi-buffer.util.ts:217:3)
    at emitPrompt (/Users/spot/Code/amiexpress-web/web/backend/src/utils/output.util.ts:54:19)
    at doPause (/Users/spot/Code/amiexpress-web/web/backend/src/handlers/screen.handler.ts:3086:13)
    at doPause (/Users/spot/Code/amiexpress-web/web/backend/src/handlers/command.handler.ts:953:11)
    at finishConferenceScan (/Users/spot/Code/amiexpress-web/web/backend/src/handlers/message/message-scan.handler.ts:488:5)
    at advanceConferenceScan (/Users/spot/Code/amiexpress-web/web/backend/src/handlers/message/message-scan.handler.ts:853:3)
    at performConferenceScan (/Users/spot/Code/amiexpress-web/web/backend/src/handlers/message/message-scan.handler.ts:916:3)
    at Object.<anonymous> (/Users/spot/Code/amiexpress-web/web/backend/tests/message-scan-parity.test.ts:415:5)
Session: {"subState":"display_menu","currentConf":1}
[2026-09-02T20:12:49.798Z] Error in display state handling: socket.on is not a function
Stack: TypeError: socket.on is not a function
    at on (/Users/spot/Code/amiexpress-web/web/backend/src/utils/ansi-buffer.util.ts:176:10)
    at getAnsiBuffer (/Users/spot/Code/amiexpress-web/web/backend/src/utils/ansi-buffer.util.ts:201:18)
    at emitText (/Users/spot/Code/amiexpress-web/web/backend/src/utils/ansi-buffer.util.ts:217:3)
    at emitPrompt (/Users/spot/Code/amiexpress-web/web/backend/src/utils/output.util.ts:54:19)
    at doPause (/Users/spot/Code/amiexpress-web/web/backend/src/handlers/screen.handler.ts:2978:13)
    at doPause (/Users/spot/Code/amiexpress-web/web/backend/src/handlers/command.handler.ts:953:11)
    at finishConferenceScan (/Users/spot/Code/amiexpress-web/web/backend/src/handlers/message/message-scan.handler.ts:488:5)
    at advanceConferenceScan (/Users/spot/Code/amiexpress-web/web/backend/src/handlers/message/message-scan.handler.ts:853:3)
    at performConferenceScan (/Users/spot/Code/amiexpress-web/web/backend/src/handlers/message/message-scan.handler.ts:916:3)
    at Object.<anonymous> (/Users/spot/Code/amiexpress-web/web/backend/tests/message-scan-parity.test.ts:215:5)
Session: {"subState":"display_menu","currentConf":1}
[2026-09-02T20:12:51.588Z] Error in display state handling: socket.on is not a function
Stack: TypeError: socket.on is not a function
    at on (/Users/spot/Code/amiexpress-web/web/backend/src/utils/ansi-buffer.util.ts:176:10)
    at getAnsiBuffer (/Users/spot/Code/amiexpress-web/web/backend/src/utils/ansi-buffer.util.ts:201:18)
    at emitText (/Users/spot/Code/amiexpress-web/web/backend/src/utils/ansi-buffer.util.ts:217:3)
    at emitPrompt (/Users/spot/Code/amiexpress-web/web/backend/src/utils/output.util.ts:54:19)
    at doPause (/Users/spot/Code/amiexpress-web/web/backend/src/handlers/screen.handler.ts:2978:13)
    at doPause (/Users/spot/Code/amiexpress-web/web/backend/src/handlers/command.handler.ts:953:11)
    at finishConferenceScan (/Users/spot/Code/amiexpress-web/web/backend/src/handlers/message/message-scan.handler.ts:488:5)
    at advanceConferenceScan (/Users/spot/Code/amiexpress-web/web/backend/src/handlers/message/message-scan.handler.ts:853:3)
    at performConferenceScan (/Users/spot/Code/amiexpress-web/web/backend/src/handlers/message/message-scan.handler.ts:916:3)
    at Object.<anonymous> (/Users/spot/Code/amiexpress-web/web/backend/tests/message-scan-parity.test.ts:361:5)
Session: {"subState":"display_menu","currentConf":1}
[2026-09-02T20:12:52.098Z] Error in display state handling: socket.on is not a function
Stack: TypeError: socket.on is not a function
    at on (/Users/spot/Code/amiexpress-web/web/backend/src/utils/ansi-buffer.util.ts:176:10)
    at getAnsiBuffer (/Users/spot/Code/amiexpress-web/web/backend/src/utils/ansi-buffer.util.ts:201:18)
    at emitText (/Users/spot/Code/amiexpress-web/web/backend/src/utils/ansi-buffer.util.ts:217:3)
    at emitPrompt (/Users/spot/Code/amiexpress-web/web/backend/src/utils/output.util.ts:54:19)
    at doPause (/Users/spot/Code/amiexpress-web/web/backend/src/handlers/screen.handler.ts:2978:13)
    at doPause (/Users/spot/Code/amiexpress-web/web/backend/src/handlers/command.handler.ts:953:11)
    at finishConferenceScan (/Users/spot/Code/amiexpress-web/web/backend/src/handlers/message/message-scan.handler.ts:488:5)
    at advanceConferenceScan (/Users/spot/Code/amiexpress-web/web/backend/src/handlers/message/message-scan.handler.ts:853:3)
    at performConferenceScan (/Users/spot/Code/amiexpress-web/web/backend/src/handlers/message/message-scan.handler.ts:916:3)
    at Object.<anonymous> (/Users/spot/Code/amiexpress-web/web/backend/tests/message-scan-parity.test.ts:388:5)
Session: {"subState":"display_menu","currentConf":1}
[2026-09-02T20:12:53.217Z] Error in display state handling: socket.on is not a function
Stack: TypeError: socket.on is not a function
    at on (/Users/spot/Code/amiexpress-web/web/backend/src/utils/ansi-buffer.util.ts:176:10)
    at getAnsiBuffer (/Users/spot/Code/amiexpress-web/web/backend/src/utils/ansi-buffer.util.ts:201:18)
    at emitText (/Users/spot/Code/amiexpress-web/web/backend/src/utils/ansi-buffer.util.ts:217:3)
    at emitPrompt (/Users/spot/Code/amiexpress-web/web/backend/src/utils/output.util.ts:54:19)
    at doPause (/Users/spot/Code/amiexpress-web/web/backend/src/handlers/screen.handler.ts:2978:13)
    at doPause (/Users/spot/Code/amiexpress-web/web/backend/src/handlers/command.handler.ts:953:11)
    at finishConferenceScan (/Users/spot/Code/amiexpress-web/web/backend/src/handlers/message/message-scan.handler.ts:488:5)
    at advanceConferenceScan (/Users/spot/Code/amiexpress-web/web/backend/src/handlers/message/message-scan.handler.ts:853:3)
    at performConferenceScan (/Users/spot/Code/amiexpress-web/web/backend/src/handlers/message/message-scan.handler.ts:916:3)
    at Object.<anonymous> (/Users/spot/Code/amiexpress-web/web/backend/tests/message-scan-parity.test.ts:415:5)
Session: {"subState":"display_menu","currentConf":1}
[2026-09-02T20:13:14.403Z] Error in display state handling: socket.on is not a function
Stack: TypeError: socket.on is not a function
    at on (/Users/spot/Code/amiexpress-web/web/backend/src/utils/ansi-buffer.util.ts:176:10)
    at getAnsiBuffer (/Users/spot/Code/amiexpress-web/web/backend/src/utils/ansi-buffer.util.ts:201:18)
    at emitText (/Users/spot/Code/amiexpress-web/web/backend/src/utils/ansi-buffer.util.ts:217:3)
    at emitPrompt (/Users/spot/Code/amiexpress-web/web/backend/src/utils/output.util.ts:54:19)
    at doPause (/Users/spot/Code/amiexpress-web/web/backend/src/handlers/screen.handler.ts:3086:13)
    at doPause (/Users/spot/Code/amiexpress-web/web/backend/src/handlers/command.handler.ts:953:11)
    at finishConferenceScan (/Users/spot/Code/amiexpress-web/web/backend/src/handlers/message/message-scan.handler.ts:488:5)
    at advanceConferenceScan (/Users/spot/Code/amiexpress-web/web/backend/src/handlers/message/message-scan.handler.ts:853:3)
    at performConferenceScan (/Users/spot/Code/amiexpress-web/web/backend/src/handlers/message/message-scan.handler.ts:916:3)
    at Object.<anonymous> (/Users/spot/Code/amiexpress-web/web/backend/tests/message-scan-parity.test.ts:215:5)
Session: {"subState":"display_menu","currentConf":1}
[2026-09-02T20:13:15.168Z] Error in display state handling: socket.on is not a function
Stack: TypeError: socket.on is not a function
    at on (/Users/spot/Code/amiexpress-web/web/backend/src/utils/ansi-buffer.util.ts:176:10)
    at getAnsiBuffer (/Users/spot/Code/amiexpress-web/web/backend/src/utils/ansi-buffer.util.ts:201:18)
    at emitText (/Users/spot/Code/amiexpress-web/web/backend/src/utils/ansi-buffer.util.ts:217:3)
    at emitPrompt (/Users/spot/Code/amiexpress-web/web/backend/src/utils/output.util.ts:54:19)
    at doPause (/Users/spot/Code/amiexpress-web/web/backend/src/handlers/screen.handler.ts:3086:13)
    at doPause (/Users/spot/Code/amiexpress-web/web/backend/src/handlers/command.handler.ts:953:11)
    at finishConferenceScan (/Users/spot/Code/amiexpress-web/web/backend/src/handlers/message/message-scan.handler.ts:488:5)
    at advanceConferenceScan (/Users/spot/Code/amiexpress-web/web/backend/src/handlers/message/message-scan.handler.ts:853:3)
    at performConferenceScan (/Users/spot/Code/amiexpress-web/web/backend/src/handlers/message/message-scan.handler.ts:916:3)
    at Object.<anonymous> (/Users/spot/Code/amiexpress-web/web/backend/tests/message-scan-parity.test.ts:361:5)
Session: {"subState":"display_menu","currentConf":1}
[2026-09-02T20:13:15.722Z] Error in display state handling: socket.on is not a function
Stack: TypeError: socket.on is not a function
    at on (/Users/spot/Code/amiexpress-web/web/backend/src/utils/ansi-buffer.util.ts:176:10)
    at getAnsiBuffer (/Users/spot/Code/amiexpress-web/web/backend/src/utils/ansi-buffer.util.ts:201:18)
    at emitText (/Users/spot/Code/amiexpress-web/web/backend/src/utils/ansi-buffer.util.ts:217:3)
    at emitPrompt (/Users/spot/Code/amiexpress-web/web/backend/src/utils/output.util.ts:54:19)
    at doPause (/Users/spot/Code/amiexpress-web/web/backend/src/handlers/screen.handler.ts:3086:13)
    at doPause (/Users/spot/Code/amiexpress-web/web/backend/src/handlers/command.handler.ts:953:11)
    at finishConferenceScan (/Users/spot/Code/amiexpress-web/web/backend/src/handlers/message/message-scan.handler.ts:488:5)
    at advanceConferenceScan (/Users/spot/Code/amiexpress-web/web/backend/src/handlers/message/message-scan.handler.ts:853:3)
    at performConferenceScan (/Users/spot/Code/amiexpress-web/web/backend/src/handlers/message/message-scan.handler.ts:916:3)
    at Object.<anonymous> (/Users/spot/Code/amiexpress-web/web/backend/tests/message-scan-parity.test.ts:388:5)
Session: {"subState":"display_menu","currentConf":1}
[2026-09-02T20:13:16.162Z] Error in display state handling: socket.on is not a function
Stack: TypeError: socket.on is not a function
    at on (/Users/spot/Code/amiexpress-web/web/backend/src/utils/ansi-buffer.util.ts:176:10)
    at getAnsiBuffer (/Users/spot/Code/amiexpress-web/web/backend/src/utils/ansi-buffer.util.ts:201:18)
    at emitText (/Users/spot/Code/amiexpress-web/web/backend/src/utils/ansi-buffer.util.ts:217:3)
    at emitPrompt (/Users/spot/Code/amiexpress-web/web/backend/src/utils/output.util.ts:54:19)
    at doPause (/Users/spot/Code/amiexpress-web/web/backend/src/handlers/screen.handler.ts:3086:13)
    at doPause (/Users/spot/Code/amiexpress-web/web/backend/src/handlers/command.handler.ts:953:11)
    at finishConferenceScan (/Users/spot/Code/amiexpress-web/web/backend/src/handlers/message/message-scan.handler.ts:488:5)
    at advanceConferenceScan (/Users/spot/Code/amiexpress-web/web/backend/src/handlers/message/message-scan.handler.ts:853:3)
    at performConferenceScan (/Users/spot/Code/amiexpress-web/web/backend/src/handlers/message/message-scan.handler.ts:916:3)
    at Object.<anonymous> (/Users/spot/Code/amiexpress-web/web/backend/tests/message-scan-parity.test.ts:415:5)
Session: {"subState":"display_menu","currentConf":1}
[2026-09-02T20:20:22.843Z] Error in display state handling: socket.on is not a function
Stack: TypeError: socket.on is not a function
    at on (/Users/spot/Code/amiexpress-web/web/backend/src/utils/ansi-buffer.util.ts:176:10)
    at getAnsiBuffer (/Users/spot/Code/amiexpress-web/web/backend/src/utils/ansi-buffer.util.ts:201:18)
    at emitText (/Users/spot/Code/amiexpress-web/web/backend/src/utils/ansi-buffer.util.ts:217:3)
    at emitPrompt (/Users/spot/Code/amiexpress-web/web/backend/src/utils/output.util.ts:54:19)
    at /Users/spot/Code/amiexpress-web/web/backend/src/handlers/screen.handler.ts:3124:15
    at emit (/Users/spot/Code/amiexpress-web/web/backend/src/handlers/screen.handler.ts:1565:12)
    at withPetsciiOracleTap (/Users/spot/Code/amiexpress-web/web/backend/src/handlers/screen.handler.ts:3123:3)
    at doPause (/Users/spot/Code/amiexpress-web/web/backend/src/handlers/command.handler.ts:953:11)
    at finishConferenceScan (/Users/spot/Code/amiexpress-web/web/backend/src/handlers/message/message-scan.handler.ts:488:5)
    at advanceConferenceScan (/Users/spot/Code/amiexpress-web/web/backend/src/handlers/message/message-scan.handler.ts:853:3)
    at performConferenceScan (/Users/spot/Code/amiexpress-web/web/backend/src/handlers/message/message-scan.handler.ts:916:3)
    at Object.<anonymous> (/Users/spot/Code/amiexpress-web/web/backend/tests/message-scan-parity.test.ts:215:5)
Session: {"subState":"display_menu","currentConf":1}
[2026-09-02T20:20:36.327Z] Error in display state handling: socket.on is not a function
Stack: TypeError: socket.on is not a function
    at on (/Users/spot/Code/amiexpress-web/web/backend/src/utils/ansi-buffer.util.ts:176:10)
    at getAnsiBuffer (/Users/spot/Code/amiexpress-web/web/backend/src/utils/ansi-buffer.util.ts:201:18)
    at emitText (/Users/spot/Code/amiexpress-web/web/backend/src/utils/ansi-buffer.util.ts:217:3)
    at emitPrompt (/Users/spot/Code/amiexpress-web/web/backend/src/utils/output.util.ts:54:19)
    at /Users/spot/Code/amiexpress-web/web/backend/src/handlers/screen.handler.ts:3124:15
    at emit (/Users/spot/Code/amiexpress-web/web/backend/src/handlers/screen.handler.ts:1565:12)
    at withPetsciiOracleTap (/Users/spot/Code/amiexpress-web/web/backend/src/handlers/screen.handler.ts:3123:3)
    at doPause (/Users/spot/Code/amiexpress-web/web/backend/src/handlers/command.handler.ts:953:11)
    at finishConferenceScan (/Users/spot/Code/amiexpress-web/web/backend/src/handlers/message/message-scan.handler.ts:488:5)
    at advanceConferenceScan (/Users/spot/Code/amiexpress-web/web/backend/src/handlers/message/message-scan.handler.ts:853:3)
    at performConferenceScan (/Users/spot/Code/amiexpress-web/web/backend/src/handlers/message/message-scan.handler.ts:916:3)
    at Object.<anonymous> (/Users/spot/Code/amiexpress-web/web/backend/tests/message-scan-parity.test.ts:361:5)
Session: {"subState":"display_menu","currentConf":1}
[2026-09-02T20:20:46.515Z] Error in display state handling: socket.on is not a function
Stack: TypeError: socket.on is not a function
    at on (/Users/spot/Code/amiexpress-web/web/backend/src/utils/ansi-buffer.util.ts:176:10)
    at getAnsiBuffer (/Users/spot/Code/amiexpress-web/web/backend/src/utils/ansi-buffer.util.ts:201:18)
    at emitText (/Users/spot/Code/amiexpress-web/web/backend/src/utils/ansi-buffer.util.ts:217:3)
    at emitPrompt (/Users/spot/Code/amiexpress-web/web/backend/src/utils/output.util.ts:54:19)
    at /Users/spot/Code/amiexpress-web/web/backend/src/handlers/screen.handler.ts:3124:15
    at emit (/Users/spot/Code/amiexpress-web/web/backend/src/handlers/screen.handler.ts:1565:12)
    at withPetsciiOracleTap (/Users/spot/Code/amiexpress-web/web/backend/src/handlers/screen.handler.ts:3123:3)
    at doPause (/Users/spot/Code/amiexpress-web/web/backend/src/handlers/command.handler.ts:953:11)
    at finishConferenceScan (/Users/spot/Code/amiexpress-web/web/backend/src/handlers/message/message-scan.handler.ts:488:5)
    at advanceConferenceScan (/Users/spot/Code/amiexpress-web/web/backend/src/handlers/message/message-scan.handler.ts:853:3)
    at performConferenceScan (/Users/spot/Code/amiexpress-web/web/backend/src/handlers/message/message-scan.handler.ts:916:3)
    at Object.<anonymous> (/Users/spot/Code/amiexpress-web/web/backend/tests/message-scan-parity.test.ts:388:5)
Session: {"subState":"display_menu","currentConf":1}
[2026-09-02T20:20:55.139Z] Error in display state handling: socket.on is not a function
Stack: TypeError: socket.on is not a function
    at on (/Users/spot/Code/amiexpress-web/web/backend/src/utils/ansi-buffer.util.ts:176:10)
    at getAnsiBuffer (/Users/spot/Code/amiexpress-web/web/backend/src/utils/ansi-buffer.util.ts:201:18)
    at emitText (/Users/spot/Code/amiexpress-web/web/backend/src/utils/ansi-buffer.util.ts:217:3)
    at emitPrompt (/Users/spot/Code/amiexpress-web/web/backend/src/utils/output.util.ts:54:19)
    at /Users/spot/Code/amiexpress-web/web/backend/src/handlers/screen.handler.ts:3124:15
    at emit (/Users/spot/Code/amiexpress-web/web/backend/src/handlers/screen.handler.ts:1565:12)
    at withPetsciiOracleTap (/Users/spot/Code/amiexpress-web/web/backend/src/handlers/screen.handler.ts:3123:3)
    at doPause (/Users/spot/Code/amiexpress-web/web/backend/src/handlers/command.handler.ts:953:11)
    at finishConferenceScan (/Users/spot/Code/amiexpress-web/web/backend/src/handlers/message/message-scan.handler.ts:488:5)
    at advanceConferenceScan (/Users/spot/Code/amiexpress-web/web/backend/src/handlers/message/message-scan.handler.ts:853:3)
    at performConferenceScan (/Users/spot/Code/amiexpress-web/web/backend/src/handlers/message/message-scan.handler.ts:916:3)
    at Object.<anonymous> (/Users/spot/Code/amiexpress-web/web/backend/tests/message-scan-parity.test.ts:415:5)
Session: {"subState":"display_menu","currentConf":1}
[2026-09-02T20:24:39.246Z] Error in display state handling: socket.on is not a function
Stack: TypeError: socket.on is not a function
    at on (/Users/spot/Code/amiexpress-web/web/backend/src/utils/ansi-buffer.util.ts:176:10)
    at getAnsiBuffer (/Users/spot/Code/amiexpress-web/web/backend/src/utils/ansi-buffer.util.ts:201:18)
    at emitText (/Users/spot/Code/amiexpress-web/web/backend/src/utils/ansi-buffer.util.ts:217:3)
    at emitPrompt (/Users/spot/Code/amiexpress-web/web/backend/src/utils/output.util.ts:54:19)
    at /Users/spot/Code/amiexpress-web/web/backend/src/handlers/screen.handler.ts:3124:15
    at emit (/Users/spot/Code/amiexpress-web/web/backend/src/handlers/screen.handler.ts:1565:12)
    at withPetsciiOracleTap (/Users/spot/Code/amiexpress-web/web/backend/src/handlers/screen.handler.ts:3123:3)
    at doPause (/Users/spot/Code/amiexpress-web/web/backend/src/handlers/command.handler.ts:953:11)
    at finishConferenceScan (/Users/spot/Code/amiexpress-web/web/backend/src/handlers/message/message-scan.handler.ts:488:5)
    at advanceConferenceScan (/Users/spot/Code/amiexpress-web/web/backend/src/handlers/message/message-scan.handler.ts:853:3)
    at performConferenceScan (/Users/spot/Code/amiexpress-web/web/backend/src/handlers/message/message-scan.handler.ts:916:3)
    at Object.<anonymous> (/Users/spot/Code/amiexpress-web/web/backend/tests/message-scan-parity.test.ts:215:5)
Session: {"subState":"display_menu","currentConf":1}
[2026-09-02T20:24:46.645Z] Error in display state handling: socket.on is not a function
Stack: TypeError: socket.on is not a function
    at on (/Users/spot/Code/amiexpress-web/web/backend/src/utils/ansi-buffer.util.ts:176:10)
    at getAnsiBuffer (/Users/spot/Code/amiexpress-web/web/backend/src/utils/ansi-buffer.util.ts:201:18)
    at emitText (/Users/spot/Code/amiexpress-web/web/backend/src/utils/ansi-buffer.util.ts:217:3)
    at emitPrompt (/Users/spot/Code/amiexpress-web/web/backend/src/utils/output.util.ts:54:19)
    at /Users/spot/Code/amiexpress-web/web/backend/src/handlers/screen.handler.ts:3124:15
    at emit (/Users/spot/Code/amiexpress-web/web/backend/src/handlers/screen.handler.ts:1565:12)
    at withPetsciiOracleTap (/Users/spot/Code/amiexpress-web/web/backend/src/handlers/screen.handler.ts:3123:3)
    at doPause (/Users/spot/Code/amiexpress-web/web/backend/src/handlers/command.handler.ts:953:11)
    at finishConferenceScan (/Users/spot/Code/amiexpress-web/web/backend/src/handlers/message/message-scan.handler.ts:488:5)
    at advanceConferenceScan (/Users/spot/Code/amiexpress-web/web/backend/src/handlers/message/message-scan.handler.ts:853:3)
    at performConferenceScan (/Users/spot/Code/amiexpress-web/web/backend/src/handlers/message/message-scan.handler.ts:916:3)
    at Object.<anonymous> (/Users/spot/Code/amiexpress-web/web/backend/tests/message-scan-parity.test.ts:361:5)
Session: {"subState":"display_menu","currentConf":1}
[2026-09-02T20:24:55.372Z] Error in display state handling: socket.on is not a function
Stack: TypeError: socket.on is not a function
    at on (/Users/spot/Code/amiexpress-web/web/backend/src/utils/ansi-buffer.util.ts:176:10)
    at getAnsiBuffer (/Users/spot/Code/amiexpress-web/web/backend/src/utils/ansi-buffer.util.ts:201:18)
    at emitText (/Users/spot/Code/amiexpress-web/web/backend/src/utils/ansi-buffer.util.ts:217:3)
    at emitPrompt (/Users/spot/Code/amiexpress-web/web/backend/src/utils/output.util.ts:54:19)
    at /Users/spot/Code/amiexpress-web/web/backend/src/handlers/screen.handler.ts:3124:15
    at emit (/Users/spot/Code/amiexpress-web/web/backend/src/handlers/screen.handler.ts:1565:12)
    at withPetsciiOracleTap (/Users/spot/Code/amiexpress-web/web/backend/src/handlers/screen.handler.ts:3123:3)
    at doPause (/Users/spot/Code/amiexpress-web/web/backend/src/handlers/command.handler.ts:953:11)
    at finishConferenceScan (/Users/spot/Code/amiexpress-web/web/backend/src/handlers/message/message-scan.handler.ts:488:5)
    at advanceConferenceScan (/Users/spot/Code/amiexpress-web/web/backend/src/handlers/message/message-scan.handler.ts:853:3)
    at performConferenceScan (/Users/spot/Code/amiexpress-web/web/backend/src/handlers/message/message-scan.handler.ts:916:3)
    at Object.<anonymous> (/Users/spot/Code/amiexpress-web/web/backend/tests/message-scan-parity.test.ts:388:5)
Session: {"subState":"display_menu","currentConf":1}
[2026-09-02T20:25:01.814Z] Error in display state handling: socket.on is not a function
Stack: TypeError: socket.on is not a function
    at on (/Users/spot/Code/amiexpress-web/web/backend/src/utils/ansi-buffer.util.ts:176:10)
    at getAnsiBuffer (/Users/spot/Code/amiexpress-web/web/backend/src/utils/ansi-buffer.util.ts:201:18)
    at emitText (/Users/spot/Code/amiexpress-web/web/backend/src/utils/ansi-buffer.util.ts:217:3)
    at emitPrompt (/Users/spot/Code/amiexpress-web/web/backend/src/utils/output.util.ts:54:19)
    at /Users/spot/Code/amiexpress-web/web/backend/src/handlers/screen.handler.ts:3124:15
    at emit (/Users/spot/Code/amiexpress-web/web/backend/src/handlers/screen.handler.ts:1565:12)
    at withPetsciiOracleTap (/Users/spot/Code/amiexpress-web/web/backend/src/handlers/screen.handler.ts:3123:3)
    at doPause (/Users/spot/Code/amiexpress-web/web/backend/src/handlers/command.handler.ts:953:11)
    at finishConferenceScan (/Users/spot/Code/amiexpress-web/web/backend/src/handlers/message/message-scan.handler.ts:488:5)
    at advanceConferenceScan (/Users/spot/Code/amiexpress-web/web/backend/src/handlers/message/message-scan.handler.ts:853:3)
    at performConferenceScan (/Users/spot/Code/amiexpress-web/web/backend/src/handlers/message/message-scan.handler.ts:916:3)
    at Object.<anonymous> (/Users/spot/Code/amiexpress-web/web/backend/tests/message-scan-parity.test.ts:415:5)
Session: {"subState":"display_menu","currentConf":1}
[2026-09-02T22:30:57.814Z] Error in display state handling: socket.on is not a function
Stack: TypeError: socket.on is not a function
    at on (/Users/spot/Code/amiexpress-web/web/backend/src/utils/ansi-buffer.util.ts:176:10)
    at getAnsiBuffer (/Users/spot/Code/amiexpress-web/web/backend/src/utils/ansi-buffer.util.ts:201:18)
    at emitText (/Users/spot/Code/amiexpress-web/web/backend/src/utils/ansi-buffer.util.ts:217:3)
    at emitPrompt (/Users/spot/Code/amiexpress-web/web/backend/src/utils/output.util.ts:54:19)
    at doPause (/Users/spot/Code/amiexpress-web/web/backend/src/handlers/screen.handler.ts:3035:13)
    at doPause (/Users/spot/Code/amiexpress-web/web/backend/src/handlers/command.handler.ts:953:11)
    at finishConferenceScan (/Users/spot/Code/amiexpress-web/web/backend/src/handlers/message/message-scan.handler.ts:488:5)
    at advanceConferenceScan (/Users/spot/Code/amiexpress-web/web/backend/src/handlers/message/message-scan.handler.ts:853:3)
    at performConferenceScan (/Users/spot/Code/amiexpress-web/web/backend/src/handlers/message/message-scan.handler.ts:916:3)
    at Object.<anonymous> (/Users/spot/Code/amiexpress-web/web/backend/tests/message-scan-parity.test.ts:215:5)
Session: {"subState":"display_menu","currentConf":1}
[2026-09-02T22:30:59.928Z] Error in display state handling: socket.on is not a function
Stack: TypeError: socket.on is not a function
    at on (/Users/spot/Code/amiexpress-web/web/backend/src/utils/ansi-buffer.util.ts:176:10)
    at getAnsiBuffer (/Users/spot/Code/amiexpress-web/web/backend/src/utils/ansi-buffer.util.ts:201:18)
    at emitText (/Users/spot/Code/amiexpress-web/web/backend/src/utils/ansi-buffer.util.ts:217:3)
    at emitPrompt (/Users/spot/Code/amiexpress-web/web/backend/src/utils/output.util.ts:54:19)
    at doPause (/Users/spot/Code/amiexpress-web/web/backend/src/handlers/screen.handler.ts:3035:13)
    at doPause (/Users/spot/Code/amiexpress-web/web/backend/src/handlers/command.handler.ts:953:11)
    at finishConferenceScan (/Users/spot/Code/amiexpress-web/web/backend/src/handlers/message/message-scan.handler.ts:488:5)
    at advanceConferenceScan (/Users/spot/Code/amiexpress-web/web/backend/src/handlers/message/message-scan.handler.ts:853:3)
    at performConferenceScan (/Users/spot/Code/amiexpress-web/web/backend/src/handlers/message/message-scan.handler.ts:916:3)
    at Object.<anonymous> (/Users/spot/Code/amiexpress-web/web/backend/tests/message-scan-parity.test.ts:361:5)
Session: {"subState":"display_menu","currentConf":1}
[2026-09-02T22:31:01.916Z] Error in display state handling: socket.on is not a function
Stack: TypeError: socket.on is not a function
    at on (/Users/spot/Code/amiexpress-web/web/backend/src/utils/ansi-buffer.util.ts:176:10)
    at getAnsiBuffer (/Users/spot/Code/amiexpress-web/web/backend/src/utils/ansi-buffer.util.ts:201:18)
    at emitText (/Users/spot/Code/amiexpress-web/web/backend/src/utils/ansi-buffer.util.ts:217:3)
    at emitPrompt (/Users/spot/Code/amiexpress-web/web/backend/src/utils/output.util.ts:54:19)
    at doPause (/Users/spot/Code/amiexpress-web/web/backend/src/handlers/screen.handler.ts:3035:13)
    at doPause (/Users/spot/Code/amiexpress-web/web/backend/src/handlers/command.handler.ts:953:11)
    at finishConferenceScan (/Users/spot/Code/amiexpress-web/web/backend/src/handlers/message/message-scan.handler.ts:488:5)
    at advanceConferenceScan (/Users/spot/Code/amiexpress-web/web/backend/src/handlers/message/message-scan.handler.ts:853:3)
    at performConferenceScan (/Users/spot/Code/amiexpress-web/web/backend/src/handlers/message/message-scan.handler.ts:916:3)
    at Object.<anonymous> (/Users/spot/Code/amiexpress-web/web/backend/tests/message-scan-parity.test.ts:388:5)
Session: {"subState":"display_menu","currentConf":1}
[2026-09-02T22:31:03.749Z] Error in display state handling: socket.on is not a function
Stack: TypeError: socket.on is not a function
    at on (/Users/spot/Code/amiexpress-web/web/backend/src/utils/ansi-buffer.util.ts:176:10)
    at getAnsiBuffer (/Users/spot/Code/amiexpress-web/web/backend/src/utils/ansi-buffer.util.ts:201:18)
    at emitText (/Users/spot/Code/amiexpress-web/web/backend/src/utils/ansi-buffer.util.ts:217:3)
    at emitPrompt (/Users/spot/Code/amiexpress-web/web/backend/src/utils/output.util.ts:54:19)
    at doPause (/Users/spot/Code/amiexpress-web/web/backend/src/handlers/screen.handler.ts:3035:13)
    at doPause (/Users/spot/Code/amiexpress-web/web/backend/src/handlers/command.handler.ts:953:11)
    at finishConferenceScan (/Users/spot/Code/amiexpress-web/web/backend/src/handlers/message/message-scan.handler.ts:488:5)
    at advanceConferenceScan (/Users/spot/Code/amiexpress-web/web/backend/src/handlers/message/message-scan.handler.ts:853:3)
    at performConferenceScan (/Users/spot/Code/amiexpress-web/web/backend/src/handlers/message/message-scan.handler.ts:916:3)
    at Object.<anonymous> (/Users/spot/Code/amiexpress-web/web/backend/tests/message-scan-parity.test.ts:415:5)
Session: {"subState":"display_menu","currentConf":1}
[2026-09-02T23:38:15.536Z] Error in display state handling: socket.on is not a function
Stack: TypeError: socket.on is not a function
    at on (/Users/spot/Code/amiexpress-web/web/backend/src/utils/ansi-buffer.util.ts:176:10)
    at getAnsiBuffer (/Users/spot/Code/amiexpress-web/web/backend/src/utils/ansi-buffer.util.ts:201:18)
    at emitText (/Users/spot/Code/amiexpress-web/web/backend/src/utils/ansi-buffer.util.ts:217:3)
    at emitPrompt (/Users/spot/Code/amiexpress-web/web/backend/src/utils/output.util.ts:54:19)
    at doPause (/Users/spot/Code/amiexpress-web/web/backend/src/handlers/screen.handler.ts:3035:13)
    at doPause (/Users/spot/Code/amiexpress-web/web/backend/src/handlers/command.handler.ts:954:11)
    at finishConferenceScan (/Users/spot/Code/amiexpress-web/web/backend/src/handlers/message/message-scan.handler.ts:488:5)
    at advanceConferenceScan (/Users/spot/Code/amiexpress-web/web/backend/src/handlers/message/message-scan.handler.ts:853:3)
    at performConferenceScan (/Users/spot/Code/amiexpress-web/web/backend/src/handlers/message/message-scan.handler.ts:916:3)
    at Object.<anonymous> (/Users/spot/Code/amiexpress-web/web/backend/tests/message-scan-parity.test.ts:215:5)
Session: {"subState":"display_menu","currentConf":1}
[2026-09-02T23:38:18.443Z] Error in display state handling: socket.on is not a function
Stack: TypeError: socket.on is not a function
    at on (/Users/spot/Code/amiexpress-web/web/backend/src/utils/ansi-buffer.util.ts:176:10)
    at getAnsiBuffer (/Users/spot/Code/amiexpress-web/web/backend/src/utils/ansi-buffer.util.ts:201:18)
    at emitText (/Users/spot/Code/amiexpress-web/web/backend/src/utils/ansi-buffer.util.ts:217:3)
    at emitPrompt (/Users/spot/Code/amiexpress-web/web/backend/src/utils/output.util.ts:54:19)
    at doPause (/Users/spot/Code/amiexpress-web/web/backend/src/handlers/screen.handler.ts:3035:13)
    at doPause (/Users/spot/Code/amiexpress-web/web/backend/src/handlers/command.handler.ts:954:11)
    at finishConferenceScan (/Users/spot/Code/amiexpress-web/web/backend/src/handlers/message/message-scan.handler.ts:488:5)
    at advanceConferenceScan (/Users/spot/Code/amiexpress-web/web/backend/src/handlers/message/message-scan.handler.ts:853:3)
    at performConferenceScan (/Users/spot/Code/amiexpress-web/web/backend/src/handlers/message/message-scan.handler.ts:916:3)
    at Object.<anonymous> (/Users/spot/Code/amiexpress-web/web/backend/tests/message-scan-parity.test.ts:361:5)
Session: {"subState":"display_menu","currentConf":1}
[2026-09-02T23:38:21.562Z] Error in display state handling: socket.on is not a function
Stack: TypeError: socket.on is not a function
    at on (/Users/spot/Code/amiexpress-web/web/backend/src/utils/ansi-buffer.util.ts:176:10)
    at getAnsiBuffer (/Users/spot/Code/amiexpress-web/web/backend/src/utils/ansi-buffer.util.ts:201:18)
    at emitText (/Users/spot/Code/amiexpress-web/web/backend/src/utils/ansi-buffer.util.ts:217:3)
    at emitPrompt (/Users/spot/Code/amiexpress-web/web/backend/src/utils/output.util.ts:54:19)
    at doPause (/Users/spot/Code/amiexpress-web/web/backend/src/handlers/screen.handler.ts:3035:13)
    at doPause (/Users/spot/Code/amiexpress-web/web/backend/src/handlers/command.handler.ts:954:11)
    at finishConferenceScan (/Users/spot/Code/amiexpress-web/web/backend/src/handlers/message/message-scan.handler.ts:488:5)
    at advanceConferenceScan (/Users/spot/Code/amiexpress-web/web/backend/src/handlers/message/message-scan.handler.ts:853:3)
    at performConferenceScan (/Users/spot/Code/amiexpress-web/web/backend/src/handlers/message/message-scan.handler.ts:916:3)
    at Object.<anonymous> (/Users/spot/Code/amiexpress-web/web/backend/tests/message-scan-parity.test.ts:388:5)
Session: {"subState":"display_menu","currentConf":1}
[2026-09-02T23:38:23.762Z] Error in display state handling: socket.on is not a function
Stack: TypeError: socket.on is not a function
    at on (/Users/spot/Code/amiexpress-web/web/backend/src/utils/ansi-buffer.util.ts:176:10)
    at getAnsiBuffer (/Users/spot/Code/amiexpress-web/web/backend/src/utils/ansi-buffer.util.ts:201:18)
    at emitText (/Users/spot/Code/amiexpress-web/web/backend/src/utils/ansi-buffer.util.ts:217:3)
    at emitPrompt (/Users/spot/Code/amiexpress-web/web/backend/src/utils/output.util.ts:54:19)
    at doPause (/Users/spot/Code/amiexpress-web/web/backend/src/handlers/screen.handler.ts:3035:13)
    at doPause (/Users/spot/Code/amiexpress-web/web/backend/src/handlers/command.handler.ts:954:11)
    at finishConferenceScan (/Users/spot/Code/amiexpress-web/web/backend/src/handlers/message/message-scan.handler.ts:488:5)
    at advanceConferenceScan (/Users/spot/Code/amiexpress-web/web/backend/src/handlers/message/message-scan.handler.ts:853:3)
    at performConferenceScan (/Users/spot/Code/amiexpress-web/web/backend/src/handlers/message/message-scan.handler.ts:916:3)
    at Object.<anonymous> (/Users/spot/Code/amiexpress-web/web/backend/tests/message-scan-parity.test.ts:415:5)
Session: {"subState":"display_menu","currentConf":1}
[2026-09-03T07:12:49.229Z] Error in display state handling: socket.on is not a function
Stack: TypeError: socket.on is not a function
    at on (/Users/spot/Code/amiexpress-web/web/backend/src/utils/ansi-buffer.util.ts:176:10)
    at getAnsiBuffer (/Users/spot/Code/amiexpress-web/web/backend/src/utils/ansi-buffer.util.ts:201:18)
    at emitText (/Users/spot/Code/amiexpress-web/web/backend/src/utils/ansi-buffer.util.ts:217:3)
    at emitPrompt (/Users/spot/Code/amiexpress-web/web/backend/src/utils/output.util.ts:54:19)
    at doPause (/Users/spot/Code/amiexpress-web/web/backend/src/handlers/screen.handler.ts:3088:13)
    at doPause (/Users/spot/Code/amiexpress-web/web/backend/src/handlers/command.handler.ts:954:11)
    at finishConferenceScan (/Users/spot/Code/amiexpress-web/web/backend/src/handlers/message/message-scan.handler.ts:488:5)
    at advanceConferenceScan (/Users/spot/Code/amiexpress-web/web/backend/src/handlers/message/message-scan.handler.ts:853:3)
    at performConferenceScan (/Users/spot/Code/amiexpress-web/web/backend/src/handlers/message/message-scan.handler.ts:916:3)
    at Object.<anonymous> (/Users/spot/Code/amiexpress-web/web/backend/tests/message-scan-parity.test.ts:215:5)
Session: {"subState":"display_menu","currentConf":1}
[2026-09-03T07:13:05.064Z] Error in display state handling: socket.on is not a function
Stack: TypeError: socket.on is not a function
    at on (/Users/spot/Code/amiexpress-web/web/backend/src/utils/ansi-buffer.util.ts:176:10)
    at getAnsiBuffer (/Users/spot/Code/amiexpress-web/web/backend/src/utils/ansi-buffer.util.ts:201:18)
    at emitText (/Users/spot/Code/amiexpress-web/web/backend/src/utils/ansi-buffer.util.ts:217:3)
    at emitPrompt (/Users/spot/Code/amiexpress-web/web/backend/src/utils/output.util.ts:54:19)
    at doPause (/Users/spot/Code/amiexpress-web/web/backend/src/handlers/screen.handler.ts:3088:13)
    at doPause (/Users/spot/Code/amiexpress-web/web/backend/src/handlers/command.handler.ts:954:11)
    at finishConferenceScan (/Users/spot/Code/amiexpress-web/web/backend/src/handlers/message/message-scan.handler.ts:488:5)
    at advanceConferenceScan (/Users/spot/Code/amiexpress-web/web/backend/src/handlers/message/message-scan.handler.ts:853:3)
    at performConferenceScan (/Users/spot/Code/amiexpress-web/web/backend/src/handlers/message/message-scan.handler.ts:916:3)
    at Object.<anonymous> (/Users/spot/Code/amiexpress-web/web/backend/tests/message-scan-parity.test.ts:361:5)
Session: {"subState":"display_menu","currentConf":1}
[2026-09-03T07:13:11.527Z] Error in display state handling: socket.on is not a function
Stack: TypeError: socket.on is not a function
    at on (/Users/spot/Code/amiexpress-web/web/backend/src/utils/ansi-buffer.util.ts:176:10)
    at getAnsiBuffer (/Users/spot/Code/amiexpress-web/web/backend/src/utils/ansi-buffer.util.ts:201:18)
    at emitText (/Users/spot/Code/amiexpress-web/web/backend/src/utils/ansi-buffer.util.ts:217:3)
    at emitPrompt (/Users/spot/Code/amiexpress-web/web/backend/src/utils/output.util.ts:54:19)
    at doPause (/Users/spot/Code/amiexpress-web/web/backend/src/handlers/screen.handler.ts:3088:13)
    at doPause (/Users/spot/Code/amiexpress-web/web/backend/src/handlers/command.handler.ts:954:11)
    at finishConferenceScan (/Users/spot/Code/amiexpress-web/web/backend/src/handlers/message/message-scan.handler.ts:488:5)
    at advanceConferenceScan (/Users/spot/Code/amiexpress-web/web/backend/src/handlers/message/message-scan.handler.ts:853:3)
    at performConferenceScan (/Users/spot/Code/amiexpress-web/web/backend/src/handlers/message/message-scan.handler.ts:916:3)
    at Object.<anonymous> (/Users/spot/Code/amiexpress-web/web/backend/tests/message-scan-parity.test.ts:388:5)
Session: {"subState":"display_menu","currentConf":1}
[2026-09-03T07:13:17.214Z] Error in display state handling: socket.on is not a function
Stack: TypeError: socket.on is not a function
    at on (/Users/spot/Code/amiexpress-web/web/backend/src/utils/ansi-buffer.util.ts:176:10)
    at getAnsiBuffer (/Users/spot/Code/amiexpress-web/web/backend/src/utils/ansi-buffer.util.ts:201:18)
    at emitText (/Users/spot/Code/amiexpress-web/web/backend/src/utils/ansi-buffer.util.ts:217:3)
    at emitPrompt (/Users/spot/Code/amiexpress-web/web/backend/src/utils/output.util.ts:54:19)
    at doPause (/Users/spot/Code/amiexpress-web/web/backend/src/handlers/screen.handler.ts:3088:13)
    at doPause (/Users/spot/Code/amiexpress-web/web/backend/src/handlers/command.handler.ts:954:11)
    at finishConferenceScan (/Users/spot/Code/amiexpress-web/web/backend/src/handlers/message/message-scan.handler.ts:488:5)
    at advanceConferenceScan (/Users/spot/Code/amiexpress-web/web/backend/src/handlers/message/message-scan.handler.ts:853:3)
    at performConferenceScan (/Users/spot/Code/amiexpress-web/web/backend/src/handlers/message/message-scan.handler.ts:916:3)
    at Object.<anonymous> (/Users/spot/Code/amiexpress-web/web/backend/tests/message-scan-parity.test.ts:415:5)
Session: {"subState":"display_menu","currentConf":1}
[2026-09-03T07:44:12.485Z] Error in display state handling: socket.on is not a function
Stack: TypeError: socket.on is not a function
    at on (/Users/spot/Code/amiexpress-web/web/backend/src/utils/ansi-buffer.util.ts:176:10)
    at getAnsiBuffer (/Users/spot/Code/amiexpress-web/web/backend/src/utils/ansi-buffer.util.ts:201:18)
    at emitText (/Users/spot/Code/amiexpress-web/web/backend/src/utils/ansi-buffer.util.ts:217:3)
    at emitPrompt (/Users/spot/Code/amiexpress-web/web/backend/src/utils/output.util.ts:54:19)
    at doPause (/Users/spot/Code/amiexpress-web/web/backend/src/handlers/screen.handler.ts:3088:13)
    at doPause (/Users/spot/Code/amiexpress-web/web/backend/src/handlers/command.handler.ts:954:11)
    at finishConferenceScan (/Users/spot/Code/amiexpress-web/web/backend/src/handlers/message/message-scan.handler.ts:488:5)
    at advanceConferenceScan (/Users/spot/Code/amiexpress-web/web/backend/src/handlers/message/message-scan.handler.ts:853:3)
    at performConferenceScan (/Users/spot/Code/amiexpress-web/web/backend/src/handlers/message/message-scan.handler.ts:916:3)
    at Object.<anonymous> (/Users/spot/Code/amiexpress-web/web/backend/tests/message-scan-parity.test.ts:215:5)
Session: {"subState":"display_menu","currentConf":1}
[2026-09-03T07:44:17.998Z] Error in display state handling: socket.on is not a function
Stack: TypeError: socket.on is not a function
    at on (/Users/spot/Code/amiexpress-web/web/backend/src/utils/ansi-buffer.util.ts:176:10)
    at getAnsiBuffer (/Users/spot/Code/amiexpress-web/web/backend/src/utils/ansi-buffer.util.ts:201:18)
    at emitText (/Users/spot/Code/amiexpress-web/web/backend/src/utils/ansi-buffer.util.ts:217:3)
    at emitPrompt (/Users/spot/Code/amiexpress-web/web/backend/src/utils/output.util.ts:54:19)
    at doPause (/Users/spot/Code/amiexpress-web/web/backend/src/handlers/screen.handler.ts:3088:13)
    at doPause (/Users/spot/Code/amiexpress-web/web/backend/src/handlers/command.handler.ts:954:11)
    at finishConferenceScan (/Users/spot/Code/amiexpress-web/web/backend/src/handlers/message/message-scan.handler.ts:488:5)
    at advanceConferenceScan (/Users/spot/Code/amiexpress-web/web/backend/src/handlers/message/message-scan.handler.ts:853:3)
    at performConferenceScan (/Users/spot/Code/amiexpress-web/web/backend/src/handlers/message/message-scan.handler.ts:916:3)
    at Object.<anonymous> (/Users/spot/Code/amiexpress-web/web/backend/tests/message-scan-parity.test.ts:361:5)
Session: {"subState":"display_menu","currentConf":1}
[2026-09-03T07:44:23.128Z] Error in display state handling: socket.on is not a function
Stack: TypeError: socket.on is not a function
    at on (/Users/spot/Code/amiexpress-web/web/backend/src/utils/ansi-buffer.util.ts:176:10)
    at getAnsiBuffer (/Users/spot/Code/amiexpress-web/web/backend/src/utils/ansi-buffer.util.ts:201:18)
    at emitText (/Users/spot/Code/amiexpress-web/web/backend/src/utils/ansi-buffer.util.ts:217:3)
    at emitPrompt (/Users/spot/Code/amiexpress-web/web/backend/src/utils/output.util.ts:54:19)
    at doPause (/Users/spot/Code/amiexpress-web/web/backend/src/handlers/screen.handler.ts:3088:13)
    at doPause (/Users/spot/Code/amiexpress-web/web/backend/src/handlers/command.handler.ts:954:11)
    at finishConferenceScan (/Users/spot/Code/amiexpress-web/web/backend/src/handlers/message/message-scan.handler.ts:488:5)
    at advanceConferenceScan (/Users/spot/Code/amiexpress-web/web/backend/src/handlers/message/message-scan.handler.ts:853:3)
    at performConferenceScan (/Users/spot/Code/amiexpress-web/web/backend/src/handlers/message/message-scan.handler.ts:916:3)
    at Object.<anonymous> (/Users/spot/Code/amiexpress-web/web/backend/tests/message-scan-parity.test.ts:388:5)
Session: {"subState":"display_menu","currentConf":1}
[2026-09-03T07:44:28.962Z] Error in display state handling: socket.on is not a function
Stack: TypeError: socket.on is not a function
    at on (/Users/spot/Code/amiexpress-web/web/backend/src/utils/ansi-buffer.util.ts:176:10)
    at getAnsiBuffer (/Users/spot/Code/amiexpress-web/web/backend/src/utils/ansi-buffer.util.ts:201:18)
    at emitText (/Users/spot/Code/amiexpress-web/web/backend/src/utils/ansi-buffer.util.ts:217:3)
    at emitPrompt (/Users/spot/Code/amiexpress-web/web/backend/src/utils/output.util.ts:54:19)
    at doPause (/Users/spot/Code/amiexpress-web/web/backend/src/handlers/screen.handler.ts:3088:13)
    at doPause (/Users/spot/Code/amiexpress-web/web/backend/src/handlers/command.handler.ts:954:11)
    at finishConferenceScan (/Users/spot/Code/amiexpress-web/web/backend/src/handlers/message/message-scan.handler.ts:488:5)
    at advanceConferenceScan (/Users/spot/Code/amiexpress-web/web/backend/src/handlers/message/message-scan.handler.ts:853:3)
    at performConferenceScan (/Users/spot/Code/amiexpress-web/web/backend/src/handlers/message/message-scan.handler.ts:916:3)
    at Object.<anonymous> (/Users/spot/Code/amiexpress-web/web/backend/tests/message-scan-parity.test.ts:415:5)
Session: {"subState":"display_menu","currentConf":1}
[2026-09-03T08:00:32.141Z] Error in display state handling: socket.on is not a function
Stack: TypeError: socket.on is not a function
    at on (/Users/spot/Code/amiexpress-web/web/backend/src/utils/ansi-buffer.util.ts:176:10)
    at getAnsiBuffer (/Users/spot/Code/amiexpress-web/web/backend/src/utils/ansi-buffer.util.ts:201:18)
    at emitText (/Users/spot/Code/amiexpress-web/web/backend/src/utils/ansi-buffer.util.ts:217:3)
    at emitPrompt (/Users/spot/Code/amiexpress-web/web/backend/src/utils/output.util.ts:54:19)
    at doPause (/Users/spot/Code/amiexpress-web/web/backend/src/handlers/screen.handler.ts:3088:13)
    at doPause (/Users/spot/Code/amiexpress-web/web/backend/src/handlers/command.handler.ts:954:11)
    at finishConferenceScan (/Users/spot/Code/amiexpress-web/web/backend/src/handlers/message/message-scan.handler.ts:488:5)
    at advanceConferenceScan (/Users/spot/Code/amiexpress-web/web/backend/src/handlers/message/message-scan.handler.ts:853:3)
    at performConferenceScan (/Users/spot/Code/amiexpress-web/web/backend/src/handlers/message/message-scan.handler.ts:916:3)
    at Object.<anonymous> (/Users/spot/Code/amiexpress-web/web/backend/tests/message-scan-parity.test.ts:215:5)
Session: {"subState":"display_menu","currentConf":1}
[2026-09-03T08:00:33.658Z] Error in display state handling: socket.on is not a function
Stack: TypeError: socket.on is not a function
    at on (/Users/spot/Code/amiexpress-web/web/backend/src/utils/ansi-buffer.util.ts:176:10)
    at getAnsiBuffer (/Users/spot/Code/amiexpress-web/web/backend/src/utils/ansi-buffer.util.ts:201:18)
    at emitText (/Users/spot/Code/amiexpress-web/web/backend/src/utils/ansi-buffer.util.ts:217:3)
    at emitPrompt (/Users/spot/Code/amiexpress-web/web/backend/src/utils/output.util.ts:54:19)
    at doPause (/Users/spot/Code/amiexpress-web/web/backend/src/handlers/screen.handler.ts:3088:13)
    at doPause (/Users/spot/Code/amiexpress-web/web/backend/src/handlers/command.handler.ts:954:11)
    at finishConferenceScan (/Users/spot/Code/amiexpress-web/web/backend/src/handlers/message/message-scan.handler.ts:488:5)
    at advanceConferenceScan (/Users/spot/Code/amiexpress-web/web/backend/src/handlers/message/message-scan.handler.ts:853:3)
    at performConferenceScan (/Users/spot/Code/amiexpress-web/web/backend/src/handlers/message/message-scan.handler.ts:916:3)
    at Object.<anonymous> (/Users/spot/Code/amiexpress-web/web/backend/tests/message-scan-parity.test.ts:361:5)
Session: {"subState":"display_menu","currentConf":1}
[2026-09-03T08:00:34.639Z] Error in display state handling: socket.on is not a function
Stack: TypeError: socket.on is not a function
    at on (/Users/spot/Code/amiexpress-web/web/backend/src/utils/ansi-buffer.util.ts:176:10)
    at getAnsiBuffer (/Users/spot/Code/amiexpress-web/web/backend/src/utils/ansi-buffer.util.ts:201:18)
    at emitText (/Users/spot/Code/amiexpress-web/web/backend/src/utils/ansi-buffer.util.ts:217:3)
    at emitPrompt (/Users/spot/Code/amiexpress-web/web/backend/src/utils/output.util.ts:54:19)
    at doPause (/Users/spot/Code/amiexpress-web/web/backend/src/handlers/screen.handler.ts:3088:13)
    at doPause (/Users/spot/Code/amiexpress-web/web/backend/src/handlers/command.handler.ts:954:11)
    at finishConferenceScan (/Users/spot/Code/amiexpress-web/web/backend/src/handlers/message/message-scan.handler.ts:488:5)
    at advanceConferenceScan (/Users/spot/Code/amiexpress-web/web/backend/src/handlers/message/message-scan.handler.ts:853:3)
    at performConferenceScan (/Users/spot/Code/amiexpress-web/web/backend/src/handlers/message/message-scan.handler.ts:916:3)
    at Object.<anonymous> (/Users/spot/Code/amiexpress-web/web/backend/tests/message-scan-parity.test.ts:388:5)
Session: {"subState":"display_menu","currentConf":1}
[2026-09-03T08:00:35.262Z] Error in display state handling: socket.on is not a function
Stack: TypeError: socket.on is not a function
    at on (/Users/spot/Code/amiexpress-web/web/backend/src/utils/ansi-buffer.util.ts:176:10)
    at getAnsiBuffer (/Users/spot/Code/amiexpress-web/web/backend/src/utils/ansi-buffer.util.ts:201:18)
    at emitText (/Users/spot/Code/amiexpress-web/web/backend/src/utils/ansi-buffer.util.ts:217:3)
    at emitPrompt (/Users/spot/Code/amiexpress-web/web/backend/src/utils/output.util.ts:54:19)
    at doPause (/Users/spot/Code/amiexpress-web/web/backend/src/handlers/screen.handler.ts:3088:13)
    at doPause (/Users/spot/Code/amiexpress-web/web/backend/src/handlers/command.handler.ts:954:11)
    at finishConferenceScan (/Users/spot/Code/amiexpress-web/web/backend/src/handlers/message/message-scan.handler.ts:488:5)
    at advanceConferenceScan (/Users/spot/Code/amiexpress-web/web/backend/src/handlers/message/message-scan.handler.ts:853:3)
    at performConferenceScan (/Users/spot/Code/amiexpress-web/web/backend/src/handlers/message/message-scan.handler.ts:916:3)
    at Object.<anonymous> (/Users/spot/Code/amiexpress-web/web/backend/tests/message-scan-parity.test.ts:415:5)
Session: {"subState":"display_menu","currentConf":1}
[2026-09-03T08:02:40.832Z] Error in display state handling: socket.on is not a function
Stack: TypeError: socket.on is not a function
    at on (/Users/spot/Code/amiexpress-web/web/backend/src/utils/ansi-buffer.util.ts:176:10)
    at getAnsiBuffer (/Users/spot/Code/amiexpress-web/web/backend/src/utils/ansi-buffer.util.ts:201:18)
    at emitText (/Users/spot/Code/amiexpress-web/web/backend/src/utils/ansi-buffer.util.ts:217:3)
    at emitPrompt (/Users/spot/Code/amiexpress-web/web/backend/src/utils/output.util.ts:54:19)
    at doPause (/Users/spot/Code/amiexpress-web/web/backend/src/handlers/screen.handler.ts:3088:13)
    at doPause (/Users/spot/Code/amiexpress-web/web/backend/src/handlers/command.handler.ts:954:11)
    at finishConferenceScan (/Users/spot/Code/amiexpress-web/web/backend/src/handlers/message/message-scan.handler.ts:488:5)
    at advanceConferenceScan (/Users/spot/Code/amiexpress-web/web/backend/src/handlers/message/message-scan.handler.ts:853:3)
    at performConferenceScan (/Users/spot/Code/amiexpress-web/web/backend/src/handlers/message/message-scan.handler.ts:916:3)
    at Object.<anonymous> (/Users/spot/Code/amiexpress-web/web/backend/tests/message-scan-parity.test.ts:215:5)
Session: {"subState":"display_menu","currentConf":1}
[2026-09-03T08:02:42.144Z] Error in display state handling: socket.on is not a function
Stack: TypeError: socket.on is not a function
    at on (/Users/spot/Code/amiexpress-web/web/backend/src/utils/ansi-buffer.util.ts:176:10)
    at getAnsiBuffer (/Users/spot/Code/amiexpress-web/web/backend/src/utils/ansi-buffer.util.ts:201:18)
    at emitText (/Users/spot/Code/amiexpress-web/web/backend/src/utils/ansi-buffer.util.ts:217:3)
    at emitPrompt (/Users/spot/Code/amiexpress-web/web/backend/src/utils/output.util.ts:54:19)
    at doPause (/Users/spot/Code/amiexpress-web/web/backend/src/handlers/screen.handler.ts:3088:13)
    at doPause (/Users/spot/Code/amiexpress-web/web/backend/src/handlers/command.handler.ts:954:11)
    at finishConferenceScan (/Users/spot/Code/amiexpress-web/web/backend/src/handlers/message/message-scan.handler.ts:488:5)
    at advanceConferenceScan (/Users/spot/Code/amiexpress-web/web/backend/src/handlers/message/message-scan.handler.ts:853:3)
    at performConferenceScan (/Users/spot/Code/amiexpress-web/web/backend/src/handlers/message/message-scan.handler.ts:916:3)
    at Object.<anonymous> (/Users/spot/Code/amiexpress-web/web/backend/tests/message-scan-parity.test.ts:361:5)
Session: {"subState":"display_menu","currentConf":1}
[2026-09-03T08:02:43.347Z] Error in display state handling: socket.on is not a function
Stack: TypeError: socket.on is not a function
    at on (/Users/spot/Code/amiexpress-web/web/backend/src/utils/ansi-buffer.util.ts:176:10)
    at getAnsiBuffer (/Users/spot/Code/amiexpress-web/web/backend/src/utils/ansi-buffer.util.ts:201:18)
    at emitText (/Users/spot/Code/amiexpress-web/web/backend/src/utils/ansi-buffer.util.ts:217:3)
    at emitPrompt (/Users/spot/Code/amiexpress-web/web/backend/src/utils/output.util.ts:54:19)
    at doPause (/Users/spot/Code/amiexpress-web/web/backend/src/handlers/screen.handler.ts:3088:13)
    at doPause (/Users/spot/Code/amiexpress-web/web/backend/src/handlers/command.handler.ts:954:11)
    at finishConferenceScan (/Users/spot/Code/amiexpress-web/web/backend/src/handlers/message/message-scan.handler.ts:488:5)
    at advanceConferenceScan (/Users/spot/Code/amiexpress-web/web/backend/src/handlers/message/message-scan.handler.ts:853:3)
    at performConferenceScan (/Users/spot/Code/amiexpress-web/web/backend/src/handlers/message/message-scan.handler.ts:916:3)
    at Object.<anonymous> (/Users/spot/Code/amiexpress-web/web/backend/tests/message-scan-parity.test.ts:388:5)
Session: {"subState":"display_menu","currentConf":1}
[2026-09-03T08:02:44.005Z] Error in display state handling: socket.on is not a function
Stack: TypeError: socket.on is not a function
    at on (/Users/spot/Code/amiexpress-web/web/backend/src/utils/ansi-buffer.util.ts:176:10)
    at getAnsiBuffer (/Users/spot/Code/amiexpress-web/web/backend/src/utils/ansi-buffer.util.ts:201:18)
    at emitText (/Users/spot/Code/amiexpress-web/web/backend/src/utils/ansi-buffer.util.ts:217:3)
    at emitPrompt (/Users/spot/Code/amiexpress-web/web/backend/src/utils/output.util.ts:54:19)
    at doPause (/Users/spot/Code/amiexpress-web/web/backend/src/handlers/screen.handler.ts:3088:13)
    at doPause (/Users/spot/Code/amiexpress-web/web/backend/src/handlers/command.handler.ts:954:11)
    at finishConferenceScan (/Users/spot/Code/amiexpress-web/web/backend/src/handlers/message/message-scan.handler.ts:488:5)
    at advanceConferenceScan (/Users/spot/Code/amiexpress-web/web/backend/src/handlers/message/message-scan.handler.ts:853:3)
    at performConferenceScan (/Users/spot/Code/amiexpress-web/web/backend/src/handlers/message/message-scan.handler.ts:916:3)
    at Object.<anonymous> (/Users/spot/Code/amiexpress-web/web/backend/tests/message-scan-parity.test.ts:415:5)
Session: {"subState":"display_menu","currentConf":1}
[2026-09-03T08:45:52.196Z] Error in display state handling: socket.on is not a function
Stack: TypeError: socket.on is not a function
    at on (/Users/spot/Code/amiexpress-web/web/backend/src/utils/ansi-buffer.util.ts:176:10)
    at getAnsiBuffer (/Users/spot/Code/amiexpress-web/web/backend/src/utils/ansi-buffer.util.ts:201:18)
    at emitText (/Users/spot/Code/amiexpress-web/web/backend/src/utils/ansi-buffer.util.ts:217:3)
    at emitPrompt (/Users/spot/Code/amiexpress-web/web/backend/src/utils/output.util.ts:71:19)
    at doPause (/Users/spot/Code/amiexpress-web/web/backend/src/handlers/screen.handler.ts:3149:13)
    at doPause (/Users/spot/Code/amiexpress-web/web/backend/src/handlers/command.handler.ts:954:11)
    at finishConferenceScan (/Users/spot/Code/amiexpress-web/web/backend/src/handlers/message/message-scan.handler.ts:488:5)
    at advanceConferenceScan (/Users/spot/Code/amiexpress-web/web/backend/src/handlers/message/message-scan.handler.ts:853:3)
    at performConferenceScan (/Users/spot/Code/amiexpress-web/web/backend/src/handlers/message/message-scan.handler.ts:916:3)
    at Object.<anonymous> (/Users/spot/Code/amiexpress-web/web/backend/tests/message-scan-parity.test.ts:215:5)
Session: {"subState":"display_menu","currentConf":1}
[2026-09-03T08:46:03.734Z] Error in display state handling: socket.on is not a function
Stack: TypeError: socket.on is not a function
    at on (/Users/spot/Code/amiexpress-web/web/backend/src/utils/ansi-buffer.util.ts:176:10)
    at getAnsiBuffer (/Users/spot/Code/amiexpress-web/web/backend/src/utils/ansi-buffer.util.ts:201:18)
    at emitText (/Users/spot/Code/amiexpress-web/web/backend/src/utils/ansi-buffer.util.ts:217:3)
    at emitPrompt (/Users/spot/Code/amiexpress-web/web/backend/src/utils/output.util.ts:71:19)
    at doPause (/Users/spot/Code/amiexpress-web/web/backend/src/handlers/screen.handler.ts:3149:13)
    at doPause (/Users/spot/Code/amiexpress-web/web/backend/src/handlers/command.handler.ts:954:11)
    at finishConferenceScan (/Users/spot/Code/amiexpress-web/web/backend/src/handlers/message/message-scan.handler.ts:488:5)
    at advanceConferenceScan (/Users/spot/Code/amiexpress-web/web/backend/src/handlers/message/message-scan.handler.ts:853:3)
    at performConferenceScan (/Users/spot/Code/amiexpress-web/web/backend/src/handlers/message/message-scan.handler.ts:916:3)
    at Object.<anonymous> (/Users/spot/Code/amiexpress-web/web/backend/tests/message-scan-parity.test.ts:361:5)
Session: {"subState":"display_menu","currentConf":1}
[2026-09-03T08:46:11.534Z] Error in display state handling: socket.on is not a function
Stack: TypeError: socket.on is not a function
    at on (/Users/spot/Code/amiexpress-web/web/backend/src/utils/ansi-buffer.util.ts:176:10)
    at getAnsiBuffer (/Users/spot/Code/amiexpress-web/web/backend/src/utils/ansi-buffer.util.ts:201:18)
    at emitText (/Users/spot/Code/amiexpress-web/web/backend/src/utils/ansi-buffer.util.ts:217:3)
    at emitPrompt (/Users/spot/Code/amiexpress-web/web/backend/src/utils/output.util.ts:71:19)
    at doPause (/Users/spot/Code/amiexpress-web/web/backend/src/handlers/screen.handler.ts:3149:13)
    at doPause (/Users/spot/Code/amiexpress-web/web/backend/src/handlers/command.handler.ts:954:11)
    at finishConferenceScan (/Users/spot/Code/amiexpress-web/web/backend/src/handlers/message/message-scan.handler.ts:488:5)
    at advanceConferenceScan (/Users/spot/Code/amiexpress-web/web/backend/src/handlers/message/message-scan.handler.ts:853:3)
    at performConferenceScan (/Users/spot/Code/amiexpress-web/web/backend/src/handlers/message/message-scan.handler.ts:916:3)
    at Object.<anonymous> (/Users/spot/Code/amiexpress-web/web/backend/tests/message-scan-parity.test.ts:388:5)
Session: {"subState":"display_menu","currentConf":1}
[2026-09-03T08:46:29.836Z] Error in display state handling: socket.on is not a function
Stack: TypeError: socket.on is not a function
    at on (/Users/spot/Code/amiexpress-web/web/backend/src/utils/ansi-buffer.util.ts:176:10)
    at getAnsiBuffer (/Users/spot/Code/amiexpress-web/web/backend/src/utils/ansi-buffer.util.ts:201:18)
    at emitText (/Users/spot/Code/amiexpress-web/web/backend/src/utils/ansi-buffer.util.ts:217:3)
    at emitPrompt (/Users/spot/Code/amiexpress-web/web/backend/src/utils/output.util.ts:71:19)
    at doPause (/Users/spot/Code/amiexpress-web/web/backend/src/handlers/screen.handler.ts:3149:13)
    at doPause (/Users/spot/Code/amiexpress-web/web/backend/src/handlers/command.handler.ts:954:11)
    at finishConferenceScan (/Users/spot/Code/amiexpress-web/web/backend/src/handlers/message/message-scan.handler.ts:488:5)
    at advanceConferenceScan (/Users/spot/Code/amiexpress-web/web/backend/src/handlers/message/message-scan.handler.ts:853:3)
    at performConferenceScan (/Users/spot/Code/amiexpress-web/web/backend/src/handlers/message/message-scan.handler.ts:916:3)
    at Object.<anonymous> (/Users/spot/Code/amiexpress-web/web/backend/tests/message-scan-parity.test.ts:415:5)
Session: {"subState":"display_menu","currentConf":1}
[2026-09-03T09:56:35.685Z] Error in display state handling: socket.on is not a function
Stack: TypeError: socket.on is not a function
    at on (/Users/spot/Code/amiexpress-web/web/backend/src/utils/ansi-buffer.util.ts:176:10)
    at getAnsiBuffer (/Users/spot/Code/amiexpress-web/web/backend/src/utils/ansi-buffer.util.ts:201:18)
    at emitText (/Users/spot/Code/amiexpress-web/web/backend/src/utils/ansi-buffer.util.ts:217:3)
    at emitPrompt (/Users/spot/Code/amiexpress-web/web/backend/src/utils/output.util.ts:71:19)
    at doPause (/Users/spot/Code/amiexpress-web/web/backend/src/handlers/screen.handler.ts:3149:13)
    at doPause (/Users/spot/Code/amiexpress-web/web/backend/src/handlers/command.handler.ts:954:11)
    at finishConferenceScan (/Users/spot/Code/amiexpress-web/web/backend/src/handlers/message/message-scan.handler.ts:488:5)
    at advanceConferenceScan (/Users/spot/Code/amiexpress-web/web/backend/src/handlers/message/message-scan.handler.ts:853:3)
    at performConferenceScan (/Users/spot/Code/amiexpress-web/web/backend/src/handlers/message/message-scan.handler.ts:916:3)
    at Object.<anonymous> (/Users/spot/Code/amiexpress-web/web/backend/tests/message-scan-parity.test.ts:215:5)
Session: {"subState":"display_menu","currentConf":1}
[2026-09-03T09:56:39.878Z] Error in display state handling: socket.on is not a function
Stack: TypeError: socket.on is not a function
    at on (/Users/spot/Code/amiexpress-web/web/backend/src/utils/ansi-buffer.util.ts:176:10)
    at getAnsiBuffer (/Users/spot/Code/amiexpress-web/web/backend/src/utils/ansi-buffer.util.ts:201:18)
    at emitText (/Users/spot/Code/amiexpress-web/web/backend/src/utils/ansi-buffer.util.ts:217:3)
    at emitPrompt (/Users/spot/Code/amiexpress-web/web/backend/src/utils/output.util.ts:71:19)
    at doPause (/Users/spot/Code/amiexpress-web/web/backend/src/handlers/screen.handler.ts:3149:13)
    at doPause (/Users/spot/Code/amiexpress-web/web/backend/src/handlers/command.handler.ts:954:11)
    at finishConferenceScan (/Users/spot/Code/amiexpress-web/web/backend/src/handlers/message/message-scan.handler.ts:488:5)
    at advanceConferenceScan (/Users/spot/Code/amiexpress-web/web/backend/src/handlers/message/message-scan.handler.ts:853:3)
    at performConferenceScan (/Users/spot/Code/amiexpress-web/web/backend/src/handlers/message/message-scan.handler.ts:916:3)
    at Object.<anonymous> (/Users/spot/Code/amiexpress-web/web/backend/tests/message-scan-parity.test.ts:361:5)
Session: {"subState":"display_menu","currentConf":1}
[2026-09-03T09:56:48.634Z] Error in display state handling: socket.on is not a function
Stack: TypeError: socket.on is not a function
    at on (/Users/spot/Code/amiexpress-web/web/backend/src/utils/ansi-buffer.util.ts:176:10)
    at getAnsiBuffer (/Users/spot/Code/amiexpress-web/web/backend/src/utils/ansi-buffer.util.ts:201:18)
    at emitText (/Users/spot/Code/amiexpress-web/web/backend/src/utils/ansi-buffer.util.ts:217:3)
    at emitPrompt (/Users/spot/Code/amiexpress-web/web/backend/src/utils/output.util.ts:71:19)
    at doPause (/Users/spot/Code/amiexpress-web/web/backend/src/handlers/screen.handler.ts:3149:13)
    at doPause (/Users/spot/Code/amiexpress-web/web/backend/src/handlers/command.handler.ts:954:11)
    at finishConferenceScan (/Users/spot/Code/amiexpress-web/web/backend/src/handlers/message/message-scan.handler.ts:488:5)
    at advanceConferenceScan (/Users/spot/Code/amiexpress-web/web/backend/src/handlers/message/message-scan.handler.ts:853:3)
    at performConferenceScan (/Users/spot/Code/amiexpress-web/web/backend/src/handlers/message/message-scan.handler.ts:916:3)
    at Object.<anonymous> (/Users/spot/Code/amiexpress-web/web/backend/tests/message-scan-parity.test.ts:388:5)
Session: {"subState":"display_menu","currentConf":1}
[2026-09-03T09:56:52.699Z] Error in display state handling: socket.on is not a function
Stack: TypeError: socket.on is not a function
    at on (/Users/spot/Code/amiexpress-web/web/backend/src/utils/ansi-buffer.util.ts:176:10)
    at getAnsiBuffer (/Users/spot/Code/amiexpress-web/web/backend/src/utils/ansi-buffer.util.ts:201:18)
    at emitText (/Users/spot/Code/amiexpress-web/web/backend/src/utils/ansi-buffer.util.ts:217:3)
    at emitPrompt (/Users/spot/Code/amiexpress-web/web/backend/src/utils/output.util.ts:71:19)
    at doPause (/Users/spot/Code/amiexpress-web/web/backend/src/handlers/screen.handler.ts:3149:13)
    at doPause (/Users/spot/Code/amiexpress-web/web/backend/src/handlers/command.handler.ts:954:11)
    at finishConferenceScan (/Users/spot/Code/amiexpress-web/web/backend/src/handlers/message/message-scan.handler.ts:488:5)
    at advanceConferenceScan (/Users/spot/Code/amiexpress-web/web/backend/src/handlers/message/message-scan.handler.ts:853:3)
    at performConferenceScan (/Users/spot/Code/amiexpress-web/web/backend/src/handlers/message/message-scan.handler.ts:916:3)
    at Object.<anonymous> (/Users/spot/Code/amiexpress-web/web/backend/tests/message-scan-parity.test.ts:415:5)
Session: {"subState":"display_menu","currentConf":1}
[2026-09-03T10:17:21.372Z] Error in display state handling: socket.on is not a function
Stack: TypeError: socket.on is not a function
    at on (/Users/spot/Code/amiexpress-web/web/backend/src/utils/ansi-buffer.util.ts:176:10)
    at getAnsiBuffer (/Users/spot/Code/amiexpress-web/web/backend/src/utils/ansi-buffer.util.ts:201:18)
    at emitText (/Users/spot/Code/amiexpress-web/web/backend/src/utils/ansi-buffer.util.ts:217:3)
    at emitPrompt (/Users/spot/Code/amiexpress-web/web/backend/src/utils/output.util.ts:71:19)
    at doPause (/Users/spot/Code/amiexpress-web/web/backend/src/handlers/screen.handler.ts:3149:13)
    at doPause (/Users/spot/Code/amiexpress-web/web/backend/src/handlers/command.handler.ts:954:11)
    at finishConferenceScan (/Users/spot/Code/amiexpress-web/web/backend/src/handlers/message/message-scan.handler.ts:488:5)
    at advanceConferenceScan (/Users/spot/Code/amiexpress-web/web/backend/src/handlers/message/message-scan.handler.ts:853:3)
    at performConferenceScan (/Users/spot/Code/amiexpress-web/web/backend/src/handlers/message/message-scan.handler.ts:916:3)
    at Object.<anonymous> (/Users/spot/Code/amiexpress-web/web/backend/tests/message-scan-parity.test.ts:215:5)
Session: {"subState":"display_menu","currentConf":1}
[2026-09-03T10:17:23.526Z] Error in display state handling: socket.on is not a function
Stack: TypeError: socket.on is not a function
    at on (/Users/spot/Code/amiexpress-web/web/backend/src/utils/ansi-buffer.util.ts:176:10)
    at getAnsiBuffer (/Users/spot/Code/amiexpress-web/web/backend/src/utils/ansi-buffer.util.ts:201:18)
    at emitText (/Users/spot/Code/amiexpress-web/web/backend/src/utils/ansi-buffer.util.ts:217:3)
    at emitPrompt (/Users/spot/Code/amiexpress-web/web/backend/src/utils/output.util.ts:71:19)
    at doPause (/Users/spot/Code/amiexpress-web/web/backend/src/handlers/screen.handler.ts:3149:13)
    at doPause (/Users/spot/Code/amiexpress-web/web/backend/src/handlers/command.handler.ts:954:11)
    at finishConferenceScan (/Users/spot/Code/amiexpress-web/web/backend/src/handlers/message/message-scan.handler.ts:488:5)
    at advanceConferenceScan (/Users/spot/Code/amiexpress-web/web/backend/src/handlers/message/message-scan.handler.ts:853:3)
    at performConferenceScan (/Users/spot/Code/amiexpress-web/web/backend/src/handlers/message/message-scan.handler.ts:916:3)
    at Object.<anonymous> (/Users/spot/Code/amiexpress-web/web/backend/tests/message-scan-parity.test.ts:361:5)
Session: {"subState":"display_menu","currentConf":1}
[2026-09-03T10:17:26.124Z] Error in display state handling: socket.on is not a function
Stack: TypeError: socket.on is not a function
    at on (/Users/spot/Code/amiexpress-web/web/backend/src/utils/ansi-buffer.util.ts:176:10)
    at getAnsiBuffer (/Users/spot/Code/amiexpress-web/web/backend/src/utils/ansi-buffer.util.ts:201:18)
    at emitText (/Users/spot/Code/amiexpress-web/web/backend/src/utils/ansi-buffer.util.ts:217:3)
    at emitPrompt (/Users/spot/Code/amiexpress-web/web/backend/src/utils/output.util.ts:71:19)
    at doPause (/Users/spot/Code/amiexpress-web/web/backend/src/handlers/screen.handler.ts:3149:13)
    at doPause (/Users/spot/Code/amiexpress-web/web/backend/src/handlers/command.handler.ts:954:11)
    at finishConferenceScan (/Users/spot/Code/amiexpress-web/web/backend/src/handlers/message/message-scan.handler.ts:488:5)
    at advanceConferenceScan (/Users/spot/Code/amiexpress-web/web/backend/src/handlers/message/message-scan.handler.ts:853:3)
    at performConferenceScan (/Users/spot/Code/amiexpress-web/web/backend/src/handlers/message/message-scan.handler.ts:916:3)
    at Object.<anonymous> (/Users/spot/Code/amiexpress-web/web/backend/tests/message-scan-parity.test.ts:388:5)
Session: {"subState":"display_menu","currentConf":1}
[2026-09-03T10:17:28.502Z] Error in display state handling: socket.on is not a function
Stack: TypeError: socket.on is not a function
    at on (/Users/spot/Code/amiexpress-web/web/backend/src/utils/ansi-buffer.util.ts:176:10)
    at getAnsiBuffer (/Users/spot/Code/amiexpress-web/web/backend/src/utils/ansi-buffer.util.ts:201:18)
    at emitText (/Users/spot/Code/amiexpress-web/web/backend/src/utils/ansi-buffer.util.ts:217:3)
    at emitPrompt (/Users/spot/Code/amiexpress-web/web/backend/src/utils/output.util.ts:71:19)
    at doPause (/Users/spot/Code/amiexpress-web/web/backend/src/handlers/screen.handler.ts:3149:13)
    at doPause (/Users/spot/Code/amiexpress-web/web/backend/src/handlers/command.handler.ts:954:11)
    at finishConferenceScan (/Users/spot/Code/amiexpress-web/web/backend/src/handlers/message/message-scan.handler.ts:488:5)
    at advanceConferenceScan (/Users/spot/Code/amiexpress-web/web/backend/src/handlers/message/message-scan.handler.ts:853:3)
    at performConferenceScan (/Users/spot/Code/amiexpress-web/web/backend/src/handlers/message/message-scan.handler.ts:916:3)
    at Object.<anonymous> (/Users/spot/Code/amiexpress-web/web/backend/tests/message-scan-parity.test.ts:415:5)
Session: {"subState":"display_menu","currentConf":1}
