[     513ms] [LOG] [Font Preload] Loading all fonts... @ http://localhost:3001/assets/index-DmX2Ev4k.js:54
[     517ms] [LOG] [BBSTerminal] Window resize listener attached @ http://localhost:3001/assets/index-DmX2Ev4k.js:73
[     517ms] [LOG] [BBSTerminal] ResizeObserver attached @ http://localhost:3001/assets/index-DmX2Ev4k.js:73
[     517ms] [LOG] [Terminal] Connecting to: http://localhost:3001 @ http://localhost:3001/assets/index-DmX2Ev4k.js:73
[     535ms] [LOG] [BBSTerminal] Fixed mode - ignoring resize, staying at 80x25 @ http://localhost:3001/assets/index-DmX2Ev4k.js:73
[     636ms] [LOG] [BBSTerminal] Fixed mode - ignoring resize, staying at 80x25 @ http://localhost:3001/assets/index-DmX2Ev4k.js:73
[    1146ms] [LOG] [Terminal] Connected to BBS backend @ http://localhost:3001/assets/index-DmX2Ev4k.js:82
[    1147ms] [LOG] [Terminal] Sent initial size: 80x25 @ http://localhost:3001/assets/index-DmX2Ev4k.js:82
[    1147ms] [LOG] [GamepadManager] Starting gamepad polling... @ http://localhost:3001/assets/index-DmX2Ev4k.js:54
[    1147ms] [LOG] [Gamepad] Gamepad support initialized @ http://localhost:3001/assets/index-DmX2Ev4k.js:82
[    1153ms] [LOG] [Font Preload] Loaded: mosoul @ http://localhost:3001/assets/index-DmX2Ev4k.js:54
[    1153ms] [LOG] [Font Preload] Loaded: TopazPlus_a500 @ http://localhost:3001/assets/index-DmX2Ev4k.js:54
[    1153ms] [LOG] [Font Preload] Loaded: Topaz_a500 @ http://localhost:3001/assets/index-DmX2Ev4k.js:54
[    1155ms] [LOG] [Font Preload] Loaded: Topaz_a1200 @ http://localhost:3001/assets/index-DmX2Ev4k.js:54
[    1155ms] [LOG] [Font Preload] Loaded: TopazPlus_a1200 @ http://localhost:3001/assets/index-DmX2Ev4k.js:54
[    1155ms] [LOG] [Font Preload] All fonts loaded @ http://localhost:3001/assets/index-DmX2Ev4k.js:54
[    4326ms] [LOG] [BBSTerminal] door-active received: true @ http://localhost:3001/assets/index-DmX2Ev4k.js:92
[    4990ms] [LOG] [BBSTerminal] door-active received: false @ http://localhost:3001/assets/index-DmX2Ev4k.js:92
[   18535ms] [LOG] [PETSCII] Received petscii-output, length: 6 @ http://localhost:3001/assets/index-DmX2Ev4k.js:88
[   18535ms] [LOG] [PETSCII] Saved normal font: mosoul, "Segoe UI Symbol", "Apple Symbols", "DejaVu Sans", "Courier New", monospace @ http://localhost:3001/assets/index-DmX2Ev4k.js:88
[   18535ms] [LOG] [PETSCII] Switching font from mosoul, "Segoe UI Symbol", "Apple Symbols", "DejaVu Sans", "Courier New", monospace to PetMe64 @ http://localhost:3001/assets/index-DmX2Ev4k.js:88
[   18537ms] [LOG] [PETSCII] PETSCII content written to terminal @ http://localhost:3001/assets/index-DmX2Ev4k.js:88
[   18537ms] [LOG] [PETSCII] Received petscii-output, length: 3 @ http://localhost:3001/assets/index-DmX2Ev4k.js:88
[   18537ms] [LOG] [PETSCII] Switching font from PetMe64, "Courier New", monospace to PetMe64 @ http://localhost:3001/assets/index-DmX2Ev4k.js:88
[   18537ms] [LOG] [PETSCII] PETSCII content written to terminal @ http://localhost:3001/assets/index-DmX2Ev4k.js:88
[   18537ms] [LOG] [PETSCII] Received petscii-output, length: 5 @ http://localhost:3001/assets/index-DmX2Ev4k.js:88
[   18537ms] [LOG] [PETSCII] Switching font from PetMe64, "Courier New", monospace to PetMe64 @ http://localhost:3001/assets/index-DmX2Ev4k.js:88
[   18537ms] [LOG] [PETSCII] PETSCII content written to terminal @ http://localhost:3001/assets/index-DmX2Ev4k.js:88
[   18538ms] [LOG] [PETSCII] Received petscii-output, length: 6 @ http://localhost:3001/assets/index-DmX2Ev4k.js:88
[   18538ms] [LOG] [PETSCII] Switching font from PetMe64, "Courier New", monospace to PetMe64 @ http://localhost:3001/assets/index-DmX2Ev4k.js:88
[   18538ms] [LOG] [PETSCII] PETSCII content written to terminal @ http://localhost:3001/assets/index-DmX2Ev4k.js:88
[   18539ms] [LOG] [PETSCII] Received petscii-output, length: 3 @ http://localhost:3001/assets/index-DmX2Ev4k.js:88
[   18539ms] [LOG] [PETSCII] Switching font from PetMe64, "Courier New", monospace to PetMe64 @ http://localhost:3001/assets/index-DmX2Ev4k.js:88
[   18539ms] [LOG] [PETSCII] PETSCII content written to terminal @ http://localhost:3001/assets/index-DmX2Ev4k.js:88
[   18539ms] [LOG] [PETSCII] Received petscii-output, length: 1 @ http://localhost:3001/assets/index-DmX2Ev4k.js:88
[   18539ms] [LOG] [PETSCII] Switching font from PetMe64, "Courier New", monospace to PetMe64 @ http://localhost:3001/assets/index-DmX2Ev4k.js:88
[   18539ms] [LOG] [PETSCII] PETSCII content written to terminal @ http://localhost:3001/assets/index-DmX2Ev4k.js:88
[   18542ms] [LOG] [PETSCII] Received petscii-output, length: 5 @ http://localhost:3001/assets/index-DmX2Ev4k.js:88
[   18542ms] [LOG] [PETSCII] Switching font from PetMe64, "Courier New", monospace to PetMe64 @ http://localhost:3001/assets/index-DmX2Ev4k.js:88
[   18542ms] [LOG] [PETSCII] PETSCII content written to terminal @ http://localhost:3001/assets/index-DmX2Ev4k.js:88
[   18542ms] [LOG] [PETSCII] Received petscii-output, length: 1 @ http://localhost:3001/assets/index-DmX2Ev4k.js:88
[   18542ms] [LOG] [PETSCII] Switching font from PetMe64, "Courier New", monospace to PetMe64 @ http://localhost:3001/assets/index-DmX2Ev4k.js:88
[   18542ms] [LOG] [PETSCII] PETSCII content written to terminal @ http://localhost:3001/assets/index-DmX2Ev4k.js:88
[   18544ms] [LOG] [PETSCII] Received petscii-output, length: 2 @ http://localhost:3001/assets/index-DmX2Ev4k.js:88
[   18544ms] [LOG] [PETSCII] Switching font from PetMe64, "Courier New", monospace to PetMe64 @ http://localhost:3001/assets/index-DmX2Ev4k.js:88
[   18544ms] [LOG] [PETSCII] PETSCII content written to terminal @ http://localhost:3001/assets/index-DmX2Ev4k.js:88
[   18544ms] [LOG] [PETSCII] Received petscii-output, length: 5 @ http://localhost:3001/assets/index-DmX2Ev4k.js:88
[   18544ms] [LOG] [PETSCII] Switching font from PetMe64, "Courier New", monospace to PetMe64 @ http://localhost:3001/assets/index-DmX2Ev4k.js:88
[   18544ms] [LOG] [PETSCII] PETSCII content written to terminal @ http://localhost:3001/assets/index-DmX2Ev4k.js:88
[   18544ms] [LOG] [PETSCII] Received petscii-output, length: 3 @ http://localhost:3001/assets/index-DmX2Ev4k.js:88
[   18544ms] [LOG] [PETSCII] Switching font from PetMe64, "Courier New", monospace to PetMe64 @ http://localhost:3001/assets/index-DmX2Ev4k.js:88
[   18544ms] [LOG] [PETSCII] PETSCII content written to terminal @ http://localhost:3001/assets/index-DmX2Ev4k.js:88
[   18546ms] [LOG] [PETSCII] Received petscii-output, length: 5 @ http://localhost:3001/assets/index-DmX2Ev4k.js:88
[   18546ms] [LOG] [PETSCII] Switching font from PetMe64, "Courier New", monospace to PetMe64 @ http://localhost:3001/assets/index-DmX2Ev4k.js:88
[   18546ms] [LOG] [PETSCII] PETSCII content written to terminal @ http://localhost:3001/assets/index-DmX2Ev4k.js:88
[   18546ms] [LOG] [PETSCII] Received petscii-output, length: 2 @ http://localhost:3001/assets/index-DmX2Ev4k.js:88
[   18546ms] [LOG] [PETSCII] Switching font from PetMe64, "Courier New", monospace to PetMe64 @ http://localhost:3001/assets/index-DmX2Ev4k.js:88
[   18546ms] [LOG] [PETSCII] PETSCII content written to terminal @ http://localhost:3001/assets/index-DmX2Ev4k.js:88
[   18548ms] [LOG] [PETSCII] Received petscii-output, length: 2 @ http://localhost:3001/assets/index-DmX2Ev4k.js:88
[   18548ms] [LOG] [PETSCII] Switching font from PetMe64, "Courier New", monospace to PetMe64 @ http://localhost:3001/assets/index-DmX2Ev4k.js:88
[   18548ms] [LOG] [PETSCII] PETSCII content written to terminal @ http://localhost:3001/assets/index-DmX2Ev4k.js:88
[   18548ms] [LOG] [PETSCII] Received petscii-output, length: 4 @ http://localhost:3001/assets/index-DmX2Ev4k.js:88
[   18548ms] [LOG] [PETSCII] Switching font from PetMe64, "Courier New", monospace to PetMe64 @ http://localhost:3001/assets/index-DmX2Ev4k.js:88
[   18548ms] [LOG] [PETSCII] PETSCII content written to terminal @ http://localhost:3001/assets/index-DmX2Ev4k.js:88
[   18548ms] [LOG] [PETSCII] Received petscii-output, length: 2 @ http://localhost:3001/assets/index-DmX2Ev4k.js:88
[   18548ms] [LOG] [PETSCII] Switching font from PetMe64, "Courier New", monospace to PetMe64 @ http://localhost:3001/assets/index-DmX2Ev4k.js:88
[   18549ms] [LOG] [PETSCII] PETSCII content written to terminal @ http://localhost:3001/assets/index-DmX2Ev4k.js:88
[   18549ms] [LOG] [PETSCII] Received petscii-output, length: 5 @ http://localhost:3001/assets/index-DmX2Ev4k.js:88
[   18549ms] [LOG] [PETSCII] Switching font from PetMe64, "Courier New", monospace to PetMe64 @ http://localhost:3001/assets/index-DmX2Ev4k.js:88
[   18549ms] [LOG] [PETSCII] PETSCII content written to terminal @ http://localhost:3001/assets/index-DmX2Ev4k.js:88
[   18549ms] [LOG] [PETSCII] Received petscii-output, length: 2 @ http://localhost:3001/assets/index-DmX2Ev4k.js:88
[   18549ms] [LOG] [PETSCII] Switching font from PetMe64, "Courier New", monospace to PetMe64 @ http://localhost:3001/assets/index-DmX2Ev4k.js:88
[   18549ms] [LOG] [PETSCII] PETSCII content written to terminal @ http://localhost:3001/assets/index-DmX2Ev4k.js:88
[   18551ms] [LOG] [PETSCII] Received petscii-output, length: 7 @ http://localhost:3001/assets/index-DmX2Ev4k.js:88
[   18551ms] [LOG] [PETSCII] Switching font from PetMe64, "Courier New", monospace to PetMe64 @ http://localhost:3001/assets/index-DmX2Ev4k.js:88
[   18551ms] [LOG] [PETSCII] PETSCII content written to terminal @ http://localhost:3001/assets/index-DmX2Ev4k.js:88
[   18621ms] [LOG] [PETSCII] Received petscii-output, length: 5 @ http://localhost:3001/assets/index-DmX2Ev4k.js:88
[   18621ms] [LOG] [PETSCII] Switching font from PetMe64, "Courier New", monospace to PetMe64 @ http://localhost:3001/assets/index-DmX2Ev4k.js:88
[   18621ms] [LOG] [PETSCII] PETSCII content written to terminal @ http://localhost:3001/assets/index-DmX2Ev4k.js:88
[   18622ms] [LOG] [PETSCII] Received petscii-output, length: 4 @ http://localhost:3001/assets/index-DmX2Ev4k.js:88
[   18622ms] [LOG] [PETSCII] Switching font from PetMe64, "Courier New", monospace to PetMe64 @ http://localhost:3001/assets/index-DmX2Ev4k.js:88
[   18622ms] [LOG] [PETSCII] PETSCII content written to terminal @ http://localhost:3001/assets/index-DmX2Ev4k.js:88
[   18622ms] [LOG] [PETSCII] Received petscii-output, length: 5 @ http://localhost:3001/assets/index-DmX2Ev4k.js:88
[   18622ms] [LOG] [PETSCII] Switching font from PetMe64, "Courier New", monospace to PetMe64 @ http://localhost:3001/assets/index-DmX2Ev4k.js:88
[   18622ms] [LOG] [PETSCII] PETSCII content written to terminal @ http://localhost:3001/assets/index-DmX2Ev4k.js:88
[   18622ms] [LOG] [PETSCII] Received petscii-output, length: 3 @ http://localhost:3001/assets/index-DmX2Ev4k.js:88
[   18622ms] [LOG] [PETSCII] Switching font from PetMe64, "Courier New", monospace to PetMe64 @ http://localhost:3001/assets/index-DmX2Ev4k.js:88
[   18622ms] [LOG] [PETSCII] PETSCII content written to terminal @ http://localhost:3001/assets/index-DmX2Ev4k.js:88
[   18622ms] [LOG] [PETSCII] Received petscii-output, length: 2 @ http://localhost:3001/assets/index-DmX2Ev4k.js:88
[   18622ms] [LOG] [PETSCII] Switching font from PetMe64, "Courier New", monospace to PetMe64 @ http://localhost:3001/assets/index-DmX2Ev4k.js:88
[   18622ms] [LOG] [PETSCII] PETSCII content written to terminal @ http://localhost:3001/assets/index-DmX2Ev4k.js:88
[   18622ms] [LOG] [PETSCII] Received petscii-output, length: 5 @ http://localhost:3001/assets/index-DmX2Ev4k.js:88
[   18622ms] [LOG] [PETSCII] Switching font from PetMe64, "Courier New", monospace to PetMe64 @ http://localhost:3001/assets/index-DmX2Ev4k.js:88
[   18622ms] [LOG] [PETSCII] PETSCII content written to terminal @ http://localhost:3001/assets/index-DmX2Ev4k.js:88
[   18622ms] [LOG] [PETSCII] Received petscii-output, length: 1 @ http://localhost:3001/assets/index-DmX2Ev4k.js:88
[   18622ms] [LOG] [PETSCII] Switching font from PetMe64, "Courier New", monospace to PetMe64 @ http://localhost:3001/assets/index-DmX2Ev4k.js:88
[   18622ms] [LOG] [PETSCII] PETSCII content written to terminal @ http://localhost:3001/assets/index-DmX2Ev4k.js:88
[   18622ms] [LOG] [PETSCII] Received petscii-output, length: 5 @ http://localhost:3001/assets/index-DmX2Ev4k.js:88
[   18623ms] [LOG] [PETSCII] Switching font from PetMe64, "Courier New", monospace to PetMe64 @ http://localhost:3001/assets/index-DmX2Ev4k.js:88
[   18623ms] [LOG] [PETSCII] PETSCII content written to terminal @ http://localhost:3001/assets/index-DmX2Ev4k.js:88
[   18623ms] [LOG] [PETSCII] Received petscii-output, length: 1 @ http://localhost:3001/assets/index-DmX2Ev4k.js:88
[   18623ms] [LOG] [PETSCII] Switching font from PetMe64, "Courier New", monospace to PetMe64 @ http://localhost:3001/assets/index-DmX2Ev4k.js:88
[   18623ms] [LOG] [PETSCII] PETSCII content written to terminal @ http://localhost:3001/assets/index-DmX2Ev4k.js:88
[   18623ms] [LOG] [PETSCII] Received petscii-output, length: 5 @ http://localhost:3001/assets/index-DmX2Ev4k.js:88
[   18623ms] [LOG] [PETSCII] Switching font from PetMe64, "Courier New", monospace to PetMe64 @ http://localhost:3001/assets/index-DmX2Ev4k.js:88
[   18623ms] [LOG] [PETSCII] PETSCII content written to terminal @ http://localhost:3001/assets/index-DmX2Ev4k.js:88
[   18623ms] [LOG] [PETSCII] Received petscii-output, length: 1 @ http://localhost:3001/assets/index-DmX2Ev4k.js:88
[   18623ms] [LOG] [PETSCII] Switching font from PetMe64, "Courier New", monospace to PetMe64 @ http://localhost:3001/assets/index-DmX2Ev4k.js:88
[   18623ms] [LOG] [PETSCII] PETSCII content written to terminal @ http://localhost:3001/assets/index-DmX2Ev4k.js:88
[   18623ms] [LOG] [PETSCII] Received petscii-output, length: 5 @ http://localhost:3001/assets/index-DmX2Ev4k.js:88
[   18623ms] [LOG] [PETSCII] Switching font from PetMe64, "Courier New", monospace to PetMe64 @ http://localhost:3001/assets/index-DmX2Ev4k.js:88
[   18623ms] [LOG] [PETSCII] PETSCII content written to terminal @ http://localhost:3001/assets/index-DmX2Ev4k.js:88
[   18623ms] [LOG] [PETSCII] Received petscii-output, length: 5 @ http://localhost:3001/assets/index-DmX2Ev4k.js:88
[   18623ms] [LOG] [PETSCII] Switching font from PetMe64, "Courier New", monospace to PetMe64 @ http://localhost:3001/assets/index-DmX2Ev4k.js:88
[   18623ms] [LOG] [PETSCII] PETSCII content written to terminal @ http://localhost:3001/assets/index-DmX2Ev4k.js:88
[   18623ms] [LOG] [PETSCII] Received petscii-output, length: 1 @ http://localhost:3001/assets/index-DmX2Ev4k.js:88
[   18623ms] [LOG] [PETSCII] Switching font from PetMe64, "Courier New", monospace to PetMe64 @ http://localhost:3001/assets/index-DmX2Ev4k.js:88
[   18623ms] [LOG] [PETSCII] PETSCII content written to terminal @ http://localhost:3001/assets/index-DmX2Ev4k.js:88
[   18623ms] [LOG] [PETSCII] Received petscii-output, length: 4 @ http://localhost:3001/assets/index-DmX2Ev4k.js:88
[   18623ms] [LOG] [PETSCII] Switching font from PetMe64, "Courier New", monospace to PetMe64 @ http://localhost:3001/assets/index-DmX2Ev4k.js:88
[   18623ms] [LOG] [PETSCII] PETSCII content written to terminal @ http://localhost:3001/assets/index-DmX2Ev4k.js:88
[   18623ms] [LOG] [PETSCII] Received petscii-output, length: 5 @ http://localhost:3001/assets/index-DmX2Ev4k.js:88
[   18623ms] [LOG] [PETSCII] Switching font from PetMe64, "Courier New", monospace to PetMe64 @ http://localhost:3001/assets/index-DmX2Ev4k.js:88
[   18623ms] [LOG] [PETSCII] PETSCII content written to terminal @ http://localhost:3001/assets/index-DmX2Ev4k.js:88
[   18623ms] [LOG] [PETSCII] Received petscii-output, length: 1 @ http://localhost:3001/assets/index-DmX2Ev4k.js:88
[   18623ms] [LOG] [PETSCII] Switching font from PetMe64, "Courier New", monospace to PetMe64 @ http://localhost:3001/assets/index-DmX2Ev4k.js:88
[   18623ms] [LOG] [PETSCII] PETSCII content written to terminal @ http://localhost:3001/assets/index-DmX2Ev4k.js:88
[   18623ms] [LOG] [PETSCII] Received petscii-output, length: 5 @ http://localhost:3001/assets/index-DmX2Ev4k.js:88
[   18623ms] [LOG] [PETSCII] Switching font from PetMe64, "Courier New", monospace to PetMe64 @ http://localhost:3001/assets/index-DmX2Ev4k.js:88
[   18623ms] [LOG] [PETSCII] PETSCII content written to terminal @ http://localhost:3001/assets/index-DmX2Ev4k.js:88
[   18623ms] [LOG] [PETSCII] Received petscii-output, length: 1 @ http://localhost:3001/assets/index-DmX2Ev4k.js:88
[   18623ms] [LOG] [PETSCII] Switching font from PetMe64, "Courier New", monospace to PetMe64 @ http://localhost:3001/assets/index-DmX2Ev4k.js:88
[   18623ms] [LOG] [PETSCII] PETSCII content written to terminal @ http://localhost:3001/assets/index-DmX2Ev4k.js:88
[   18623ms] [LOG] [PETSCII] Received petscii-output, length: 2 @ http://localhost:3001/assets/index-DmX2Ev4k.js:88
[   18623ms] [LOG] [PETSCII] Switching font from PetMe64, "Courier New", monospace to PetMe64 @ http://localhost:3001/assets/index-DmX2Ev4k.js:88
[   18623ms] [LOG] [PETSCII] PETSCII content written to terminal @ http://localhost:3001/assets/index-DmX2Ev4k.js:88
[   18623ms] [LOG] [PETSCII] Received petscii-output, length: 5 @ http://localhost:3001/assets/index-DmX2Ev4k.js:88
[   18623ms] [LOG] [PETSCII] Switching font from PetMe64, "Courier New", monospace to PetMe64 @ http://localhost:3001/assets/index-DmX2Ev4k.js:88
[   18623ms] [LOG] [PETSCII] PETSCII content written to terminal @ http://localhost:3001/assets/index-DmX2Ev4k.js:88
[   18623ms] [LOG] [PETSCII] Received petscii-output, length: 1 @ http://localhost:3001/assets/index-DmX2Ev4k.js:88
[   18623ms] [LOG] [PETSCII] Switching font from PetMe64, "Courier New", monospace to PetMe64 @ http://localhost:3001/assets/index-DmX2Ev4k.js:88
[   18624ms] [LOG] [PETSCII] PETSCII content written to terminal @ http://localhost:3001/assets/index-DmX2Ev4k.js:88
[   18624ms] [LOG] [PETSCII] Received petscii-output, length: 5 @ http://localhost:3001/assets/index-DmX2Ev4k.js:88
[   18624ms] [LOG] [PETSCII] Switching font from PetMe64, "Courier New", monospace to PetMe64 @ http://localhost:3001/assets/index-DmX2Ev4k.js:88
[   18624ms] [LOG] [PETSCII] PETSCII content written to terminal @ http://localhost:3001/assets/index-DmX2Ev4k.js:88
[   18624ms] [LOG] [PETSCII] Received petscii-output, length: 1 @ http://localhost:3001/assets/index-DmX2Ev4k.js:88
[   18624ms] [LOG] [PETSCII] Switching font from PetMe64, "Courier New", monospace to PetMe64 @ http://localhost:3001/assets/index-DmX2Ev4k.js:88
[   18624ms] [LOG] [PETSCII] PETSCII content written to terminal @ http://localhost:3001/assets/index-DmX2Ev4k.js:88
[   18624ms] [LOG] [PETSCII] Received petscii-output, length: 4 @ http://localhost:3001/assets/index-DmX2Ev4k.js:88
[   18624ms] [LOG] [PETSCII] Switching font from PetMe64, "Courier New", monospace to PetMe64 @ http://localhost:3001/assets/index-DmX2Ev4k.js:88
[   18624ms] [LOG] [PETSCII] PETSCII content written to terminal @ http://localhost:3001/assets/index-DmX2Ev4k.js:88
[   18624ms] [LOG] [PETSCII] Received petscii-output, length: 5 @ http://localhost:3001/assets/index-DmX2Ev4k.js:88
[   18624ms] [LOG] [PETSCII] Switching font from PetMe64, "Courier New", monospace to PetMe64 @ http://localhost:3001/assets/index-DmX2Ev4k.js:88
[   18624ms] [LOG] [PETSCII] PETSCII content written to terminal @ http://localhost:3001/assets/index-DmX2Ev4k.js:88
[   18624ms] [LOG] [PETSCII] Received petscii-output, length: 1 @ http://localhost:3001/assets/index-DmX2Ev4k.js:88
[   18624ms] [LOG] [PETSCII] Switching font from PetMe64, "Courier New", monospace to PetMe64 @ http://localhost:3001/assets/index-DmX2Ev4k.js:88
[   18624ms] [LOG] [PETSCII] PETSCII content written to terminal @ http://localhost:3001/assets/index-DmX2Ev4k.js:88
[   18624ms] [LOG] [PETSCII] Received petscii-output, length: 5 @ http://localhost:3001/assets/index-DmX2Ev4k.js:88
[   18624ms] [LOG] [PETSCII] Switching font from PetMe64, "Courier New", monospace to PetMe64 @ http://localhost:3001/assets/index-DmX2Ev4k.js:88
[   18624ms] [LOG] [PETSCII] PETSCII content written to terminal @ http://localhost:3001/assets/index-DmX2Ev4k.js:88
[   18624ms] [LOG] [PETSCII] Received petscii-output, length: 5 @ http://localhost:3001/assets/index-DmX2Ev4k.js:88
[   18624ms] [LOG] [PETSCII] Switching font from PetMe64, "Courier New", monospace to PetMe64 @ http://localhost:3001/assets/index-DmX2Ev4k.js:88
[   18624ms] [LOG] [PETSCII] PETSCII content written to terminal @ http://localhost:3001/assets/index-DmX2Ev4k.js:88
[   18624ms] [LOG] [PETSCII] Received petscii-output, length: 1 @ http://localhost:3001/assets/index-DmX2Ev4k.js:88
[   18624ms] [LOG] [PETSCII] Switching font from PetMe64, "Courier New", monospace to PetMe64 @ http://localhost:3001/assets/index-DmX2Ev4k.js:88
[   18624ms] [LOG] [PETSCII] PETSCII content written to terminal @ http://localhost:3001/assets/index-DmX2Ev4k.js:88
[   18624ms] [LOG] [PETSCII] Received petscii-output, length: 4 @ http://localhost:3001/assets/index-DmX2Ev4k.js:88
[   18624ms] [LOG] [PETSCII] Switching font from PetMe64, "Courier New", monospace to PetMe64 @ http://localhost:3001/assets/index-DmX2Ev4k.js:88
[   18624ms] [LOG] [PETSCII] PETSCII content written to terminal @ http://localhost:3001/assets/index-DmX2Ev4k.js:88
[   18624ms] [LOG] [PETSCII] Received petscii-output, length: 5 @ http://localhost:3001/assets/index-DmX2Ev4k.js:88
[   18624ms] [LOG] [PETSCII] Switching font from PetMe64, "Courier New", monospace to PetMe64 @ http://localhost:3001/assets/index-DmX2Ev4k.js:88
[   18624ms] [LOG] [PETSCII] PETSCII content written to terminal @ http://localhost:3001/assets/index-DmX2Ev4k.js:88
[   18624ms] [LOG] [PETSCII] Received petscii-output, length: 1 @ http://localhost:3001/assets/index-DmX2Ev4k.js:88
[   18624ms] [LOG] [PETSCII] Switching font from PetMe64, "Courier New", monospace to PetMe64 @ http://localhost:3001/assets/index-DmX2Ev4k.js:88
[   18624ms] [LOG] [PETSCII] PETSCII content written to terminal @ http://localhost:3001/assets/index-DmX2Ev4k.js:88
[   18624ms] [LOG] [PETSCII] Received petscii-output, length: 5 @ http://localhost:3001/assets/index-DmX2Ev4k.js:88
[   18625ms] [LOG] [PETSCII] Switching font from PetMe64, "Courier New", monospace to PetMe64 @ http://localhost:3001/assets/index-DmX2Ev4k.js:88
[   18625ms] [LOG] [PETSCII] PETSCII content written to terminal @ http://localhost:3001/assets/index-DmX2Ev4k.js:88
[   18625ms] [LOG] [PETSCII] Received petscii-output, length: 1 @ http://localhost:3001/assets/index-DmX2Ev4k.js:88
[   18625ms] [LOG] [PETSCII] Switching font from PetMe64, "Courier New", monospace to PetMe64 @ http://localhost:3001/assets/index-DmX2Ev4k.js:88
[   18625ms] [LOG] [PETSCII] PETSCII content written to terminal @ http://localhost:3001/assets/index-DmX2Ev4k.js:88
[   18625ms] [LOG] [PETSCII] Received petscii-output, length: 5 @ http://localhost:3001/assets/index-DmX2Ev4k.js:88
[   18625ms] [LOG] [PETSCII] Switching font from PetMe64, "Courier New", monospace to PetMe64 @ http://localhost:3001/assets/index-DmX2Ev4k.js:88
[   18625ms] [LOG] [PETSCII] PETSCII content written to terminal @ http://localhost:3001/assets/index-DmX2Ev4k.js:88
[   18625ms] [LOG] [PETSCII] Received petscii-output, length: 5 @ http://localhost:3001/assets/index-DmX2Ev4k.js:88
[   18625ms] [LOG] [PETSCII] Switching font from PetMe64, "Courier New", monospace to PetMe64 @ http://localhost:3001/assets/index-DmX2Ev4k.js:88
[   18625ms] [LOG] [PETSCII] PETSCII content written to terminal @ http://localhost:3001/assets/index-DmX2Ev4k.js:88
[   18625ms] [LOG] [PETSCII] Received petscii-output, length: 1 @ http://localhost:3001/assets/index-DmX2Ev4k.js:88
[   18625ms] [LOG] [PETSCII] Switching font from PetMe64, "Courier New", monospace to PetMe64 @ http://localhost:3001/assets/index-DmX2Ev4k.js:88
[   18625ms] [LOG] [PETSCII] PETSCII content written to terminal @ http://localhost:3001/assets/index-DmX2Ev4k.js:88
[   18625ms] [LOG] [PETSCII] Received petscii-output, length: 4 @ http://localhost:3001/assets/index-DmX2Ev4k.js:88
[   18625ms] [LOG] [PETSCII] Switching font from PetMe64, "Courier New", monospace to PetMe64 @ http://localhost:3001/assets/index-DmX2Ev4k.js:88
[   18625ms] [LOG] [PETSCII] PETSCII content written to terminal @ http://localhost:3001/assets/index-DmX2Ev4k.js:88
[   18625ms] [LOG] [PETSCII] Received petscii-output, length: 5 @ http://localhost:3001/assets/index-DmX2Ev4k.js:88
[   18625ms] [LOG] [PETSCII] Switching font from PetMe64, "Courier New", monospace to PetMe64 @ http://localhost:3001/assets/index-DmX2Ev4k.js:88
[   18625ms] [LOG] [PETSCII] PETSCII content written to terminal @ http://localhost:3001/assets/index-DmX2Ev4k.js:88
[   18625ms] [LOG] [PETSCII] Received petscii-output, length: 3 @ http://localhost:3001/assets/index-DmX2Ev4k.js:88
[   18625ms] [LOG] [PETSCII] Switching font from PetMe64, "Courier New", monospace to PetMe64 @ http://localhost:3001/assets/index-DmX2Ev4k.js:88
[   18625ms] [LOG] [PETSCII] PETSCII content written to terminal @ http://localhost:3001/assets/index-DmX2Ev4k.js:88
[   18625ms] [LOG] [PETSCII] Received petscii-output, length: 5 @ http://localhost:3001/assets/index-DmX2Ev4k.js:88
[   18625ms] [LOG] [PETSCII] Switching font from PetMe64, "Courier New", monospace to PetMe64 @ http://localhost:3001/assets/index-DmX2Ev4k.js:88
[   18625ms] [LOG] [PETSCII] PETSCII content written to terminal @ http://localhost:3001/assets/index-DmX2Ev4k.js:88
[   18625ms] [LOG] [PETSCII] Received petscii-output, length: 6 @ http://localhost:3001/assets/index-DmX2Ev4k.js:88
[   18625ms] [LOG] [PETSCII] Switching font from PetMe64, "Courier New", monospace to PetMe64 @ http://localhost:3001/assets/index-DmX2Ev4k.js:88
[   18625ms] [LOG] [PETSCII] PETSCII content written to terminal @ http://localhost:3001/assets/index-DmX2Ev4k.js:88
[   18625ms] [LOG] [PETSCII] Received petscii-output, length: 5 @ http://localhost:3001/assets/index-DmX2Ev4k.js:88
[   18625ms] [LOG] [PETSCII] Switching font from PetMe64, "Courier New", monospace to PetMe64 @ http://localhost:3001/assets/index-DmX2Ev4k.js:88
[   18625ms] [LOG] [PETSCII] PETSCII content written to terminal @ http://localhost:3001/assets/index-DmX2Ev4k.js:88
[   18625ms] [LOG] [PETSCII] Received petscii-output, length: 1 @ http://localhost:3001/assets/index-DmX2Ev4k.js:88
[   18625ms] [LOG] [PETSCII] Switching font from PetMe64, "Courier New", monospace to PetMe64 @ http://localhost:3001/assets/index-DmX2Ev4k.js:88
[   18625ms] [LOG] [PETSCII] PETSCII content written to terminal @ http://localhost:3001/assets/index-DmX2Ev4k.js:88
[   18625ms] [LOG] [PETSCII] Received petscii-output, length: 1 @ http://localhost:3001/assets/index-DmX2Ev4k.js:88
[   18625ms] [LOG] [PETSCII] Switching font from PetMe64, "Courier New", monospace to PetMe64 @ http://localhost:3001/assets/index-DmX2Ev4k.js:88
[   18625ms] [LOG] [PETSCII] PETSCII content written to terminal @ http://localhost:3001/assets/index-DmX2Ev4k.js:88
[   18625ms] [LOG] [PETSCII] Received petscii-output, length: 5 @ http://localhost:3001/assets/index-DmX2Ev4k.js:88
[   18625ms] [LOG] [PETSCII] Switching font from PetMe64, "Courier New", monospace to PetMe64 @ http://localhost:3001/assets/index-DmX2Ev4k.js:88
[   18626ms] [LOG] [PETSCII] PETSCII content written to terminal @ http://localhost:3001/assets/index-DmX2Ev4k.js:88
[   18626ms] [LOG] [PETSCII] Received petscii-output, length: 1 @ http://localhost:3001/assets/index-DmX2Ev4k.js:88
[   18626ms] [LOG] [PETSCII] Switching font from PetMe64, "Courier New", monospace to PetMe64 @ http://localhost:3001/assets/index-DmX2Ev4k.js:88
[   18626ms] [LOG] [PETSCII] PETSCII content written to terminal @ http://localhost:3001/assets/index-DmX2Ev4k.js:88
[   18626ms] [LOG] [PETSCII] Received petscii-output, length: 5 @ http://localhost:3001/assets/index-DmX2Ev4k.js:88
[   18626ms] [LOG] [PETSCII] Switching font from PetMe64, "Courier New", monospace to PetMe64 @ http://localhost:3001/assets/index-DmX2Ev4k.js:88
[   18626ms] [LOG] [PETSCII] PETSCII content written to terminal @ http://localhost:3001/assets/index-DmX2Ev4k.js:88
[   18626ms] [LOG] [PETSCII] Received petscii-output, length: 1 @ http://localhost:3001/assets/index-DmX2Ev4k.js:88
[   18626ms] [LOG] [PETSCII] Switching font from PetMe64, "Courier New", monospace to PetMe64 @ http://localhost:3001/assets/index-DmX2Ev4k.js:88
[   18626ms] [LOG] [PETSCII] PETSCII content written to terminal @ http://localhost:3001/assets/index-DmX2Ev4k.js:88
[   18626ms] [LOG] [PETSCII] Received petscii-output, length: 5 @ http://localhost:3001/assets/index-DmX2Ev4k.js:88
[   18626ms] [LOG] [PETSCII] Switching font from PetMe64, "Courier New", monospace to PetMe64 @ http://localhost:3001/assets/index-DmX2Ev4k.js:88
[   18626ms] [LOG] [PETSCII] PETSCII content written to terminal @ http://localhost:3001/assets/index-DmX2Ev4k.js:88
[   18626ms] [LOG] [PETSCII] Received petscii-output, length: 5 @ http://localhost:3001/assets/index-DmX2Ev4k.js:88
[   18626ms] [LOG] [PETSCII] Switching font from PetMe64, "Courier New", monospace to PetMe64 @ http://localhost:3001/assets/index-DmX2Ev4k.js:88
[   18626ms] [LOG] [PETSCII] PETSCII content written to terminal @ http://localhost:3001/assets/index-DmX2Ev4k.js:88
[   18626ms] [LOG] [PETSCII] Received petscii-output, length: 1 @ http://localhost:3001/assets/index-DmX2Ev4k.js:88
[   18626ms] [LOG] [PETSCII] Switching font from PetMe64, "Courier New", monospace to PetMe64 @ http://localhost:3001/assets/index-DmX2Ev4k.js:88
[   18626ms] [LOG] [PETSCII] PETSCII content written to terminal @ http://localhost:3001/assets/index-DmX2Ev4k.js:88
[   18626ms] [LOG] [PETSCII] Received petscii-output, length: 4 @ http://localhost:3001/assets/index-DmX2Ev4k.js:88
[   18626ms] [LOG] [PETSCII] Switching font from PetMe64, "Courier New", monospace to PetMe64 @ http://localhost:3001/assets/index-DmX2Ev4k.js:88
[   18626ms] [LOG] [PETSCII] PETSCII content written to terminal @ http://localhost:3001/assets/index-DmX2Ev4k.js:88
[   18626ms] [LOG] [PETSCII] Received petscii-output, length: 5 @ http://localhost:3001/assets/index-DmX2Ev4k.js:88
[   18626ms] [LOG] [PETSCII] Switching font from PetMe64, "Courier New", monospace to PetMe64 @ http://localhost:3001/assets/index-DmX2Ev4k.js:88
[   18626ms] [LOG] [PETSCII] PETSCII content written to terminal @ http://localhost:3001/assets/index-DmX2Ev4k.js:88
[   18626ms] [LOG] [PETSCII] Received petscii-output, length: 1 @ http://localhost:3001/assets/index-DmX2Ev4k.js:88
[   18626ms] [LOG] [PETSCII] Switching font from PetMe64, "Courier New", monospace to PetMe64 @ http://localhost:3001/assets/index-DmX2Ev4k.js:88
[   18626ms] [LOG] [PETSCII] PETSCII content written to terminal @ http://localhost:3001/assets/index-DmX2Ev4k.js:88
[   18626ms] [LOG] [PETSCII] Received petscii-output, length: 5 @ http://localhost:3001/assets/index-DmX2Ev4k.js:88
[   18626ms] [LOG] [PETSCII] Switching font from PetMe64, "Courier New", monospace to PetMe64 @ http://localhost:3001/assets/index-DmX2Ev4k.js:88
[   18626ms] [LOG] [PETSCII] PETSCII content written to terminal @ http://localhost:3001/assets/index-DmX2Ev4k.js:88
[   18626ms] [LOG] [PETSCII] Received petscii-output, length: 5 @ http://localhost:3001/assets/index-DmX2Ev4k.js:88
[   18626ms] [LOG] [PETSCII] Switching font from PetMe64, "Courier New", monospace to PetMe64 @ http://localhost:3001/assets/index-DmX2Ev4k.js:88
[   18626ms] [LOG] [PETSCII] PETSCII content written to terminal @ http://localhost:3001/assets/index-DmX2Ev4k.js:88
[   18626ms] [LOG] [PETSCII] Received petscii-output, length: 1 @ http://localhost:3001/assets/index-DmX2Ev4k.js:88
[   18626ms] [LOG] [PETSCII] Switching font from PetMe64, "Courier New", monospace to PetMe64 @ http://localhost:3001/assets/index-DmX2Ev4k.js:88
[   18626ms] [LOG] [PETSCII] PETSCII content written to terminal @ http://localhost:3001/assets/index-DmX2Ev4k.js:88
[   18626ms] [LOG] [PETSCII] Received petscii-output, length: 4 @ http://localhost:3001/assets/index-DmX2Ev4k.js:88
[   18626ms] [LOG] [PETSCII] Switching font from PetMe64, "Courier New", monospace to PetMe64 @ http://localhost:3001/assets/index-DmX2Ev4k.js:88
[   18626ms] [LOG] [PETSCII] PETSCII content written to terminal @ http://localhost:3001/assets/index-DmX2Ev4k.js:88
[   18626ms] [LOG] [PETSCII] Received petscii-output, length: 2 @ http://localhost:3001/assets/index-DmX2Ev4k.js:88
[   18626ms] [LOG] [PETSCII] Switching font from PetMe64, "Courier New", monospace to PetMe64 @ http://localhost:3001/assets/index-DmX2Ev4k.js:88
[   18627ms] [LOG] [PETSCII] PETSCII content written to terminal @ http://localhost:3001/assets/index-DmX2Ev4k.js:88
[   18627ms] [LOG] [PETSCII] Received petscii-output, length: 5 @ http://localhost:3001/assets/index-DmX2Ev4k.js:88
[   18627ms] [LOG] [PETSCII] Switching font from PetMe64, "Courier New", monospace to PetMe64 @ http://localhost:3001/assets/index-DmX2Ev4k.js:88
[   18627ms] [LOG] [PETSCII] PETSCII content written to terminal @ http://localhost:3001/assets/index-DmX2Ev4k.js:88
[   18627ms] [LOG] [PETSCII] Received petscii-output, length: 5 @ http://localhost:3001/assets/index-DmX2Ev4k.js:88
[   18627ms] [LOG] [PETSCII] Switching font from PetMe64, "Courier New", monospace to PetMe64 @ http://localhost:3001/assets/index-DmX2Ev4k.js:88
[   18627ms] [LOG] [PETSCII] PETSCII content written to terminal @ http://localhost:3001/assets/index-DmX2Ev4k.js:88
[   18627ms] [LOG] [PETSCII] Received petscii-output, length: 1 @ http://localhost:3001/assets/index-DmX2Ev4k.js:88
[   18627ms] [LOG] [PETSCII] Switching font from PetMe64, "Courier New", monospace to PetMe64 @ http://localhost:3001/assets/index-DmX2Ev4k.js:88
[   18627ms] [LOG] [PETSCII] PETSCII content written to terminal @ http://localhost:3001/assets/index-DmX2Ev4k.js:88
[   18627ms] [LOG] [PETSCII] Received petscii-output, length: 4 @ http://localhost:3001/assets/index-DmX2Ev4k.js:88
[   18627ms] [LOG] [PETSCII] Switching font from PetMe64, "Courier New", monospace to PetMe64 @ http://localhost:3001/assets/index-DmX2Ev4k.js:88
[   18627ms] [LOG] [PETSCII] PETSCII content written to terminal @ http://localhost:3001/assets/index-DmX2Ev4k.js:88
[   18627ms] [LOG] [PETSCII] Received petscii-output, length: 5 @ http://localhost:3001/assets/index-DmX2Ev4k.js:88
[   18627ms] [LOG] [PETSCII] Switching font from PetMe64, "Courier New", monospace to PetMe64 @ http://localhost:3001/assets/index-DmX2Ev4k.js:88
[   18627ms] [LOG] [PETSCII] PETSCII content written to terminal @ http://localhost:3001/assets/index-DmX2Ev4k.js:88
[   18627ms] [LOG] [PETSCII] Received petscii-output, length: 1 @ http://localhost:3001/assets/index-DmX2Ev4k.js:88
[   18627ms] [LOG] [PETSCII] Switching font from PetMe64, "Courier New", monospace to PetMe64 @ http://localhost:3001/assets/index-DmX2Ev4k.js:88
[   18627ms] [LOG] [PETSCII] PETSCII content written to terminal @ http://localhost:3001/assets/index-DmX2Ev4k.js:88
[   18627ms] [LOG] [PETSCII] Received petscii-output, length: 5 @ http://localhost:3001/assets/index-DmX2Ev4k.js:88
[   18627ms] [LOG] [PETSCII] Switching font from PetMe64, "Courier New", monospace to PetMe64 @ http://localhost:3001/assets/index-DmX2Ev4k.js:88
[   18627ms] [LOG] [PETSCII] PETSCII content written to terminal @ http://localhost:3001/assets/index-DmX2Ev4k.js:88
[   18627ms] [LOG] [PETSCII] Received petscii-output, length: 1 @ http://localhost:3001/assets/index-DmX2Ev4k.js:88
[   18627ms] [LOG] [PETSCII] Switching font from PetMe64, "Courier New", monospace to PetMe64 @ http://localhost:3001/assets/index-DmX2Ev4k.js:88
[   18627ms] [LOG] [PETSCII] PETSCII content written to terminal @ http://localhost:3001/assets/index-DmX2Ev4k.js:88
[   18627ms] [LOG] [PETSCII] Received petscii-output, length: 5 @ http://localhost:3001/assets/index-DmX2Ev4k.js:88
[   18627ms] [LOG] [PETSCII] Switching font from PetMe64, "Courier New", monospace to PetMe64 @ http://localhost:3001/assets/index-DmX2Ev4k.js:88
[   18627ms] [LOG] [PETSCII] PETSCII content written to terminal @ http://localhost:3001/assets/index-DmX2Ev4k.js:88
[   18627ms] [LOG] [PETSCII] Received petscii-output, length: 5 @ http://localhost:3001/assets/index-DmX2Ev4k.js:88
[   18627ms] [LOG] [PETSCII] Switching font from PetMe64, "Courier New", monospace to PetMe64 @ http://localhost:3001/assets/index-DmX2Ev4k.js:88
[   18627ms] [LOG] [PETSCII] PETSCII content written to terminal @ http://localhost:3001/assets/index-DmX2Ev4k.js:88
[   18627ms] [LOG] [PETSCII] Received petscii-output, length: 1 @ http://localhost:3001/assets/index-DmX2Ev4k.js:88
[   18627ms] [LOG] [PETSCII] Switching font from PetMe64, "Courier New", monospace to PetMe64 @ http://localhost:3001/assets/index-DmX2Ev4k.js:88
[   18627ms] [LOG] [PETSCII] PETSCII content written to terminal @ http://localhost:3001/assets/index-DmX2Ev4k.js:88
[   18628ms] [LOG] [PETSCII] Received petscii-output, length: 4 @ http://localhost:3001/assets/index-DmX2Ev4k.js:88
[   18628ms] [LOG] [PETSCII] Switching font from PetMe64, "Courier New", monospace to PetMe64 @ http://localhost:3001/assets/index-DmX2Ev4k.js:88
[   18628ms] [LOG] [PETSCII] PETSCII content written to terminal @ http://localhost:3001/assets/index-DmX2Ev4k.js:88
[   18628ms] [LOG] [PETSCII] Received petscii-output, length: 5 @ http://localhost:3001/assets/index-DmX2Ev4k.js:88
[   18628ms] [LOG] [PETSCII] Switching font from PetMe64, "Courier New", monospace to PetMe64 @ http://localhost:3001/assets/index-DmX2Ev4k.js:88
[   18628ms] [LOG] [PETSCII] PETSCII content written to terminal @ http://localhost:3001/assets/index-DmX2Ev4k.js:88
[   18628ms] [LOG] [PETSCII] Received petscii-output, length: 2 @ http://localhost:3001/assets/index-DmX2Ev4k.js:88
[   18628ms] [LOG] [PETSCII] Switching font from PetMe64, "Courier New", monospace to PetMe64 @ http://localhost:3001/assets/index-DmX2Ev4k.js:88
[   18628ms] [LOG] [PETSCII] PETSCII content written to terminal @ http://localhost:3001/assets/index-DmX2Ev4k.js:88
[   18628ms] [LOG] [PETSCII] Received petscii-output, length: 7 @ http://localhost:3001/assets/index-DmX2Ev4k.js:88
[   18628ms] [LOG] [PETSCII] Switching font from PetMe64, "Courier New", monospace to PetMe64 @ http://localhost:3001/assets/index-DmX2Ev4k.js:88
[   18628ms] [LOG] [PETSCII] PETSCII content written to terminal @ http://localhost:3001/assets/index-DmX2Ev4k.js:88
[   18628ms] [LOG] [PETSCII] Received petscii-output, length: 4 @ http://localhost:3001/assets/index-DmX2Ev4k.js:88
[   18628ms] [LOG] [PETSCII] Switching font from PetMe64, "Courier New", monospace to PetMe64 @ http://localhost:3001/assets/index-DmX2Ev4k.js:88
[   18628ms] [LOG] [PETSCII] PETSCII content written to terminal @ http://localhost:3001/assets/index-DmX2Ev4k.js:88
[   18628ms] [LOG] [PETSCII] Received petscii-output, length: 5 @ http://localhost:3001/assets/index-DmX2Ev4k.js:88
[   18628ms] [LOG] [PETSCII] Switching font from PetMe64, "Courier New", monospace to PetMe64 @ http://localhost:3001/assets/index-DmX2Ev4k.js:88
[   18628ms] [LOG] [PETSCII] PETSCII content written to terminal @ http://localhost:3001/assets/index-DmX2Ev4k.js:88
[   18628ms] [LOG] [PETSCII] Received petscii-output, length: 1 @ http://localhost:3001/assets/index-DmX2Ev4k.js:88
[   18628ms] [LOG] [PETSCII] Switching font from PetMe64, "Courier New", monospace to PetMe64 @ http://localhost:3001/assets/index-DmX2Ev4k.js:88
[   18628ms] [LOG] [PETSCII] PETSCII content written to terminal @ http://localhost:3001/assets/index-DmX2Ev4k.js:88
[   18628ms] [LOG] [PETSCII] Received petscii-output, length: 5 @ http://localhost:3001/assets/index-DmX2Ev4k.js:88
[   18628ms] [LOG] [PETSCII] Switching font from PetMe64, "Courier New", monospace to PetMe64 @ http://localhost:3001/assets/index-DmX2Ev4k.js:88
[   18628ms] [LOG] [PETSCII] PETSCII content written to terminal @ http://localhost:3001/assets/index-DmX2Ev4k.js:88
[   18628ms] [LOG] [PETSCII] Received petscii-output, length: 1 @ http://localhost:3001/assets/index-DmX2Ev4k.js:88
[   18628ms] [LOG] [PETSCII] Switching font from PetMe64, "Courier New", monospace to PetMe64 @ http://localhost:3001/assets/index-DmX2Ev4k.js:88
[   18628ms] [LOG] [PETSCII] PETSCII content written to terminal @ http://localhost:3001/assets/index-DmX2Ev4k.js:88
[   18628ms] [LOG] [PETSCII] Received petscii-output, length: 5 @ http://localhost:3001/assets/index-DmX2Ev4k.js:88
[   18628ms] [LOG] [PETSCII] Switching font from PetMe64, "Courier New", monospace to PetMe64 @ http://localhost:3001/assets/index-DmX2Ev4k.js:88
[   18628ms] [LOG] [PETSCII] PETSCII content written to terminal @ http://localhost:3001/assets/index-DmX2Ev4k.js:88
[   18628ms] [LOG] [PETSCII] Received petscii-output, length: 5 @ http://localhost:3001/assets/index-DmX2Ev4k.js:88
[   18628ms] [LOG] [PETSCII] Switching font from PetMe64, "Courier New", monospace to PetMe64 @ http://localhost:3001/assets/index-DmX2Ev4k.js:88
[   18628ms] [LOG] [PETSCII] PETSCII content written to terminal @ http://localhost:3001/assets/index-DmX2Ev4k.js:88
[   18628ms] [LOG] [PETSCII] Received petscii-output, length: 1 @ http://localhost:3001/assets/index-DmX2Ev4k.js:88
[   18628ms] [LOG] [PETSCII] Switching font from PetMe64, "Courier New", monospace to PetMe64 @ http://localhost:3001/assets/index-DmX2Ev4k.js:88
[   18628ms] [LOG] [PETSCII] PETSCII content written to terminal @ http://localhost:3001/assets/index-DmX2Ev4k.js:88
[   18628ms] [LOG] [PETSCII] Received petscii-output, length: 1 @ http://localhost:3001/assets/index-DmX2Ev4k.js:88
[   18629ms] [LOG] [PETSCII] Switching font from PetMe64, "Courier New", monospace to PetMe64 @ http://localhost:3001/assets/index-DmX2Ev4k.js:88
[   18629ms] [LOG] [PETSCII] PETSCII content written to terminal @ http://localhost:3001/assets/index-DmX2Ev4k.js:88
[   18629ms] [LOG] [PETSCII] Received petscii-output, length: 4 @ http://localhost:3001/assets/index-DmX2Ev4k.js:88
[   18629ms] [LOG] [PETSCII] Switching font from PetMe64, "Courier New", monospace to PetMe64 @ http://localhost:3001/assets/index-DmX2Ev4k.js:88
[   18629ms] [LOG] [PETSCII] PETSCII content written to terminal @ http://localhost:3001/assets/index-DmX2Ev4k.js:88
[   18629ms] [LOG] [PETSCII] Received petscii-output, length: 5 @ http://localhost:3001/assets/index-DmX2Ev4k.js:88
[   18629ms] [LOG] [PETSCII] Switching font from PetMe64, "Courier New", monospace to PetMe64 @ http://localhost:3001/assets/index-DmX2Ev4k.js:88
[   18629ms] [LOG] [PETSCII] PETSCII content written to terminal @ http://localhost:3001/assets/index-DmX2Ev4k.js:88
[   18629ms] [LOG] [PETSCII] Received petscii-output, length: 1 @ http://localhost:3001/assets/index-DmX2Ev4k.js:88
[   18629ms] [LOG] [PETSCII] Switching font from PetMe64, "Courier New", monospace to PetMe64 @ http://localhost:3001/assets/index-DmX2Ev4k.js:88
[   18629ms] [LOG] [PETSCII] PETSCII content written to terminal @ http://localhost:3001/assets/index-DmX2Ev4k.js:88
[   18629ms] [LOG] [PETSCII] Received petscii-output, length: 5 @ http://localhost:3001/assets/index-DmX2Ev4k.js:88
[   18629ms] [LOG] [PETSCII] Switching font from PetMe64, "Courier New", monospace to PetMe64 @ http://localhost:3001/assets/index-DmX2Ev4k.js:88
[   18629ms] [LOG] [PETSCII] PETSCII content written to terminal @ http://localhost:3001/assets/index-DmX2Ev4k.js:88
[   18629ms] [LOG] [PETSCII] Received petscii-output, length: 1 @ http://localhost:3001/assets/index-DmX2Ev4k.js:88
[   18629ms] [LOG] [PETSCII] Switching font from PetMe64, "Courier New", monospace to PetMe64 @ http://localhost:3001/assets/index-DmX2Ev4k.js:88
[   18629ms] [LOG] [PETSCII] PETSCII content written to terminal @ http://localhost:3001/assets/index-DmX2Ev4k.js:88
[   18629ms] [LOG] [PETSCII] Received petscii-output, length: 5 @ http://localhost:3001/assets/index-DmX2Ev4k.js:88
[   18629ms] [LOG] [PETSCII] Switching font from PetMe64, "Courier New", monospace to PetMe64 @ http://localhost:3001/assets/index-DmX2Ev4k.js:88
[   18629ms] [LOG] [PETSCII] PETSCII content written to terminal @ http://localhost:3001/assets/index-DmX2Ev4k.js:88
[   18629ms] [LOG] [PETSCII] Received petscii-output, length: 5 @ http://localhost:3001/assets/index-DmX2Ev4k.js:88
[   18629ms] [LOG] [PETSCII] Switching font from PetMe64, "Courier New", monospace to PetMe64 @ http://localhost:3001/assets/index-DmX2Ev4k.js:88
[   18629ms] [LOG] [PETSCII] PETSCII content written to terminal @ http://localhost:3001/assets/index-DmX2Ev4k.js:88
[   18629ms] [LOG] [PETSCII] Received petscii-output, length: 1 @ http://localhost:3001/assets/index-DmX2Ev4k.js:88
[   18629ms] [LOG] [PETSCII] Switching font from PetMe64, "Courier New", monospace to PetMe64 @ http://localhost:3001/assets/index-DmX2Ev4k.js:88
[   18629ms] [LOG] [PETSCII] PETSCII content written to terminal @ http://localhost:3001/assets/index-DmX2Ev4k.js:88
[   18629ms] [LOG] [PETSCII] Received petscii-output, length: 5 @ http://localhost:3001/assets/index-DmX2Ev4k.js:88
[   18629ms] [LOG] [PETSCII] Switching font from PetMe64, "Courier New", monospace to PetMe64 @ http://localhost:3001/assets/index-DmX2Ev4k.js:88
[   18629ms] [LOG] [PETSCII] PETSCII content written to terminal @ http://localhost:3001/assets/index-DmX2Ev4k.js:88
[   18629ms] [LOG] [PETSCII] Received petscii-output, length: 1 @ http://localhost:3001/assets/index-DmX2Ev4k.js:88
[   18629ms] [LOG] [PETSCII] Switching font from PetMe64, "Courier New", monospace to PetMe64 @ http://localhost:3001/assets/index-DmX2Ev4k.js:88
[   18629ms] [LOG] [PETSCII] PETSCII content written to terminal @ http://localhost:3001/assets/index-DmX2Ev4k.js:88
[   18629ms] [LOG] [PETSCII] Received petscii-output, length: 4 @ http://localhost:3001/assets/index-DmX2Ev4k.js:88
[   18629ms] [LOG] [PETSCII] Switching font from PetMe64, "Courier New", monospace to PetMe64 @ http://localhost:3001/assets/index-DmX2Ev4k.js:88
[   18629ms] [LOG] [PETSCII] PETSCII content written to terminal @ http://localhost:3001/assets/index-DmX2Ev4k.js:88
[   18629ms] [LOG] [PETSCII] Received petscii-output, length: 5 @ http://localhost:3001/assets/index-DmX2Ev4k.js:88
[   18629ms] [LOG] [PETSCII] Switching font from PetMe64, "Courier New", monospace to PetMe64 @ http://localhost:3001/assets/index-DmX2Ev4k.js:88
[   18629ms] [LOG] [PETSCII] PETSCII content written to terminal @ http://localhost:3001/assets/index-DmX2Ev4k.js:88
[   18630ms] [LOG] [PETSCII] Received petscii-output, length: 1 @ http://localhost:3001/assets/index-DmX2Ev4k.js:88
[   18630ms] [LOG] [PETSCII] Switching font from PetMe64, "Courier New", monospace to PetMe64 @ http://localhost:3001/assets/index-DmX2Ev4k.js:88
[   18630ms] [LOG] [PETSCII] PETSCII content written to terminal @ http://localhost:3001/assets/index-DmX2Ev4k.js:88
[   18630ms] [LOG] [PETSCII] Received petscii-output, length: 5 @ http://localhost:3001/assets/index-DmX2Ev4k.js:88
[   18630ms] [LOG] [PETSCII] Switching font from PetMe64, "Courier New", monospace to PetMe64 @ http://localhost:3001/assets/index-DmX2Ev4k.js:88
[   18630ms] [LOG] [PETSCII] PETSCII content written to terminal @ http://localhost:3001/assets/index-DmX2Ev4k.js:88
[   18630ms] [LOG] [PETSCII] Received petscii-output, length: 1 @ http://localhost:3001/assets/index-DmX2Ev4k.js:88
[   18630ms] [LOG] [PETSCII] Switching font from PetMe64, "Courier New", monospace to PetMe64 @ http://localhost:3001/assets/index-DmX2Ev4k.js:88
[   18630ms] [LOG] [PETSCII] PETSCII content written to terminal @ http://localhost:3001/assets/index-DmX2Ev4k.js:88
[   18630ms] [LOG] [PETSCII] Received petscii-output, length: 5 @ http://localhost:3001/assets/index-DmX2Ev4k.js:88
[   18630ms] [LOG] [PETSCII] Switching font from PetMe64, "Courier New", monospace to PetMe64 @ http://localhost:3001/assets/index-DmX2Ev4k.js:88
[   18630ms] [LOG] [PETSCII] PETSCII content written to terminal @ http://localhost:3001/assets/index-DmX2Ev4k.js:88
[   18630ms] [LOG] [PETSCII] Received petscii-output, length: 1 @ http://localhost:3001/assets/index-DmX2Ev4k.js:88
[   18630ms] [LOG] [PETSCII] Switching font from PetMe64, "Courier New", monospace to PetMe64 @ http://localhost:3001/assets/index-DmX2Ev4k.js:88
[   18630ms] [LOG] [PETSCII] PETSCII content written to terminal @ http://localhost:3001/assets/index-DmX2Ev4k.js:88
[   18630ms] [LOG] [PETSCII] Received petscii-output, length: 2 @ http://localhost:3001/assets/index-DmX2Ev4k.js:88
[   18630ms] [LOG] [PETSCII] Switching font from PetMe64, "Courier New", monospace to PetMe64 @ http://localhost:3001/assets/index-DmX2Ev4k.js:88
[   18630ms] [LOG] [PETSCII] PETSCII content written to terminal @ http://localhost:3001/assets/index-DmX2Ev4k.js:88
[   18630ms] [LOG] [PETSCII] Received petscii-output, length: 5 @ http://localhost:3001/assets/index-DmX2Ev4k.js:88
[   18630ms] [LOG] [PETSCII] Switching font from PetMe64, "Courier New", monospace to PetMe64 @ http://localhost:3001/assets/index-DmX2Ev4k.js:88
[   18630ms] [LOG] [PETSCII] PETSCII content written to terminal @ http://localhost:3001/assets/index-DmX2Ev4k.js:88
[   18630ms] [LOG] [PETSCII] Received petscii-output, length: 1 @ http://localhost:3001/assets/index-DmX2Ev4k.js:88
[   18630ms] [LOG] [PETSCII] Switching font from PetMe64, "Courier New", monospace to PetMe64 @ http://localhost:3001/assets/index-DmX2Ev4k.js:88
[   18630ms] [LOG] [PETSCII] PETSCII content written to terminal @ http://localhost:3001/assets/index-DmX2Ev4k.js:88
[   18630ms] [LOG] [PETSCII] Received petscii-output, length: 5 @ http://localhost:3001/assets/index-DmX2Ev4k.js:88
[   18630ms] [LOG] [PETSCII] Switching font from PetMe64, "Courier New", monospace to PetMe64 @ http://localhost:3001/assets/index-DmX2Ev4k.js:88
[   18630ms] [LOG] [PETSCII] PETSCII content written to terminal @ http://localhost:3001/assets/index-DmX2Ev4k.js:88
[   18630ms] [LOG] [PETSCII] Received petscii-output, length: 5 @ http://localhost:3001/assets/index-DmX2Ev4k.js:88
[   18630ms] [LOG] [PETSCII] Switching font from PetMe64, "Courier New", monospace to PetMe64 @ http://localhost:3001/assets/index-DmX2Ev4k.js:88
[   18630ms] [LOG] [PETSCII] PETSCII content written to terminal @ http://localhost:3001/assets/index-DmX2Ev4k.js:88
[   18630ms] [LOG] [PETSCII] Received petscii-output, length: 1 @ http://localhost:3001/assets/index-DmX2Ev4k.js:88
[   18630ms] [LOG] [PETSCII] Switching font from PetMe64, "Courier New", monospace to PetMe64 @ http://localhost:3001/assets/index-DmX2Ev4k.js:88
[   18630ms] [LOG] [PETSCII] PETSCII content written to terminal @ http://localhost:3001/assets/index-DmX2Ev4k.js:88
[   18630ms] [LOG] [PETSCII] Received petscii-output, length: 4 @ http://localhost:3001/assets/index-DmX2Ev4k.js:88
[   18630ms] [LOG] [PETSCII] Switching font from PetMe64, "Courier New", monospace to PetMe64 @ http://localhost:3001/assets/index-DmX2Ev4k.js:88
[   18630ms] [LOG] [PETSCII] PETSCII content written to terminal @ http://localhost:3001/assets/index-DmX2Ev4k.js:88
[   18630ms] [LOG] [PETSCII] Received petscii-output, length: 5 @ http://localhost:3001/assets/index-DmX2Ev4k.js:88
[   18631ms] [LOG] [PETSCII] Switching font from PetMe64, "Courier New", monospace to PetMe64 @ http://localhost:3001/assets/index-DmX2Ev4k.js:88
[   18631ms] [LOG] [PETSCII] PETSCII content written to terminal @ http://localhost:3001/assets/index-DmX2Ev4k.js:88
[   18631ms] [LOG] [PETSCII] Received petscii-output, length: 1 @ http://localhost:3001/assets/index-DmX2Ev4k.js:88
[   18631ms] [LOG] [PETSCII] Switching font from PetMe64, "Courier New", monospace to PetMe64 @ http://localhost:3001/assets/index-DmX2Ev4k.js:88
[   18631ms] [LOG] [PETSCII] PETSCII content written to terminal @ http://localhost:3001/assets/index-DmX2Ev4k.js:88
[   18631ms] [LOG] [PETSCII] Received petscii-output, length: 5 @ http://localhost:3001/assets/index-DmX2Ev4k.js:88
[   18631ms] [LOG] [PETSCII] Switching font from PetMe64, "Courier New", monospace to PetMe64 @ http://localhost:3001/assets/index-DmX2Ev4k.js:88
[   18631ms] [LOG] [PETSCII] PETSCII content written to terminal @ http://localhost:3001/assets/index-DmX2Ev4k.js:88
[   18631ms] [LOG] [PETSCII] Received petscii-output, length: 3 @ http://localhost:3001/assets/index-DmX2Ev4k.js:88
[   18631ms] [LOG] [PETSCII] Switching font from PetMe64, "Courier New", monospace to PetMe64 @ http://localhost:3001/assets/index-DmX2Ev4k.js:88
[   18631ms] [LOG] [PETSCII] PETSCII content written to terminal @ http://localhost:3001/assets/index-DmX2Ev4k.js:88
[   18631ms] [LOG] [PETSCII] Received petscii-output, length: 1 @ http://localhost:3001/assets/index-DmX2Ev4k.js:88
[   18631ms] [LOG] [PETSCII] Switching font from PetMe64, "Courier New", monospace to PetMe64 @ http://localhost:3001/assets/index-DmX2Ev4k.js:88
[   18631ms] [LOG] [PETSCII] PETSCII content written to terminal @ http://localhost:3001/assets/index-DmX2Ev4k.js:88
[   18631ms] [LOG] [PETSCII] Received petscii-output, length: 5 @ http://localhost:3001/assets/index-DmX2Ev4k.js:88
[   18631ms] [LOG] [PETSCII] Switching font from PetMe64, "Courier New", monospace to PetMe64 @ http://localhost:3001/assets/index-DmX2Ev4k.js:88
[   18631ms] [LOG] [PETSCII] PETSCII content written to terminal @ http://localhost:3001/assets/index-DmX2Ev4k.js:88
[   18631ms] [LOG] [PETSCII] Received petscii-output, length: 6 @ http://localhost:3001/assets/index-DmX2Ev4k.js:88
[   18631ms] [LOG] [PETSCII] Switching font from PetMe64, "Courier New", monospace to PetMe64 @ http://localhost:3001/assets/index-DmX2Ev4k.js:88
[   18631ms] [LOG] [PETSCII] PETSCII content written to terminal @ http://localhost:3001/assets/index-DmX2Ev4k.js:88
[   18631ms] [LOG] [PETSCII] Received petscii-output, length: 3 @ http://localhost:3001/assets/index-DmX2Ev4k.js:88
[   18631ms] [LOG] [PETSCII] Switching font from PetMe64, "Courier New", monospace to PetMe64 @ http://localhost:3001/assets/index-DmX2Ev4k.js:88
[   18631ms] [LOG] [PETSCII] PETSCII content written to terminal @ http://localhost:3001/assets/index-DmX2Ev4k.js:88
[   18631ms] [LOG] [PETSCII] Received petscii-output, length: 5 @ http://localhost:3001/assets/index-DmX2Ev4k.js:88
[   18631ms] [LOG] [PETSCII] Switching font from PetMe64, "Courier New", monospace to PetMe64 @ http://localhost:3001/assets/index-DmX2Ev4k.js:88
[   18631ms] [LOG] [PETSCII] PETSCII content written to terminal @ http://localhost:3001/assets/index-DmX2Ev4k.js:88
[   18631ms] [LOG] [PETSCII] Received petscii-output, length: 5 @ http://localhost:3001/assets/index-DmX2Ev4k.js:88
[   18631ms] [LOG] [PETSCII] Switching font from PetMe64, "Courier New", monospace to PetMe64 @ http://localhost:3001/assets/index-DmX2Ev4k.js:88
[   18631ms] [LOG] [PETSCII] PETSCII content written to terminal @ http://localhost:3001/assets/index-DmX2Ev4k.js:88
[   18631ms] [LOG] [PETSCII] Received petscii-output, length: 1 @ http://localhost:3001/assets/index-DmX2Ev4k.js:88
[   18631ms] [LOG] [PETSCII] Switching font from PetMe64, "Courier New", monospace to PetMe64 @ http://localhost:3001/assets/index-DmX2Ev4k.js:88
[   18631ms] [LOG] [PETSCII] PETSCII content written to terminal @ http://localhost:3001/assets/index-DmX2Ev4k.js:88
[   18631ms] [LOG] [PETSCII] Received petscii-output, length: 4 @ http://localhost:3001/assets/index-DmX2Ev4k.js:88
[   18631ms] [LOG] [PETSCII] Switching font from PetMe64, "Courier New", monospace to PetMe64 @ http://localhost:3001/assets/index-DmX2Ev4k.js:88
[   18631ms] [LOG] [PETSCII] PETSCII content written to terminal @ http://localhost:3001/assets/index-DmX2Ev4k.js:88
[   18631ms] [LOG] [PETSCII] Received petscii-output, length: 5 @ http://localhost:3001/assets/index-DmX2Ev4k.js:88
[   18631ms] [LOG] [PETSCII] Switching font from PetMe64, "Courier New", monospace to PetMe64 @ http://localhost:3001/assets/index-DmX2Ev4k.js:88
[   18631ms] [LOG] [PETSCII] PETSCII content written to terminal @ http://localhost:3001/assets/index-DmX2Ev4k.js:88
[   18631ms] [LOG] [PETSCII] Received petscii-output, length: 1 @ http://localhost:3001/assets/index-DmX2Ev4k.js:88
[   18632ms] [LOG] [PETSCII] Switching font from PetMe64, "Courier New", monospace to PetMe64 @ http://localhost:3001/assets/index-DmX2Ev4k.js:88
[   18632ms] [LOG] [PETSCII] PETSCII content written to terminal @ http://localhost:3001/assets/index-DmX2Ev4k.js:88
[   18632ms] [LOG] [PETSCII] Received petscii-output, length: 5 @ http://localhost:3001/assets/index-DmX2Ev4k.js:88
[   18632ms] [LOG] [PETSCII] Switching font from PetMe64, "Courier New", monospace to PetMe64 @ http://localhost:3001/assets/index-DmX2Ev4k.js:88
[   18632ms] [LOG] [PETSCII] PETSCII content written to terminal @ http://localhost:3001/assets/index-DmX2Ev4k.js:88
[   18632ms] [LOG] [PETSCII] Received petscii-output, length: 1 @ http://localhost:3001/assets/index-DmX2Ev4k.js:88
[   18632ms] [LOG] [PETSCII] Switching font from PetMe64, "Courier New", monospace to PetMe64 @ http://localhost:3001/assets/index-DmX2Ev4k.js:88
[   18632ms] [LOG] [PETSCII] PETSCII content written to terminal @ http://localhost:3001/assets/index-DmX2Ev4k.js:88
[   18632ms] [LOG] [PETSCII] Received petscii-output, length: 5 @ http://localhost:3001/assets/index-DmX2Ev4k.js:88
[   18632ms] [LOG] [PETSCII] Switching font from PetMe64, "Courier New", monospace to PetMe64 @ http://localhost:3001/assets/index-DmX2Ev4k.js:88
[   18632ms] [LOG] [PETSCII] PETSCII content written to terminal @ http://localhost:3001/assets/index-DmX2Ev4k.js:88
[   18632ms] [LOG] [PETSCII] Received petscii-output, length: 1 @ http://localhost:3001/assets/index-DmX2Ev4k.js:88
[   18632ms] [LOG] [PETSCII] Switching font from PetMe64, "Courier New", monospace to PetMe64 @ http://localhost:3001/assets/index-DmX2Ev4k.js:88
[   18632ms] [LOG] [PETSCII] PETSCII content written to terminal @ http://localhost:3001/assets/index-DmX2Ev4k.js:88
[   18632ms] [LOG] [PETSCII] Received petscii-output, length: 2 @ http://localhost:3001/assets/index-DmX2Ev4k.js:88
[   18632ms] [LOG] [PETSCII] Switching font from PetMe64, "Courier New", monospace to PetMe64 @ http://localhost:3001/assets/index-DmX2Ev4k.js:88
[   18632ms] [LOG] [PETSCII] PETSCII content written to terminal @ http://localhost:3001/assets/index-DmX2Ev4k.js:88
[   18632ms] [LOG] [PETSCII] Received petscii-output, length: 5 @ http://localhost:3001/assets/index-DmX2Ev4k.js:88
[   18632ms] [LOG] [PETSCII] Switching font from PetMe64, "Courier New", monospace to PetMe64 @ http://localhost:3001/assets/index-DmX2Ev4k.js:88
[   18632ms] [LOG] [PETSCII] PETSCII content written to terminal @ http://localhost:3001/assets/index-DmX2Ev4k.js:88
[   18632ms] [LOG] [PETSCII] Received petscii-output, length: 2 @ http://localhost:3001/assets/index-DmX2Ev4k.js:88
[   18632ms] [LOG] [PETSCII] Switching font from PetMe64, "Courier New", monospace to PetMe64 @ http://localhost:3001/assets/index-DmX2Ev4k.js:88
[   18632ms] [LOG] [PETSCII] PETSCII content written to terminal @ http://localhost:3001/assets/index-DmX2Ev4k.js:88
[   18632ms] [LOG] [PETSCII] Received petscii-output, length: 5 @ http://localhost:3001/assets/index-DmX2Ev4k.js:88
[   18632ms] [LOG] [PETSCII] Switching font from PetMe64, "Courier New", monospace to PetMe64 @ http://localhost:3001/assets/index-DmX2Ev4k.js:88
[   18632ms] [LOG] [PETSCII] PETSCII content written to terminal @ http://localhost:3001/assets/index-DmX2Ev4k.js:88
[   18632ms] [LOG] [PETSCII] Received petscii-output, length: 1 @ http://localhost:3001/assets/index-DmX2Ev4k.js:88
[   18632ms] [LOG] [PETSCII] Switching font from PetMe64, "Courier New", monospace to PetMe64 @ http://localhost:3001/assets/index-DmX2Ev4k.js:88
[   18632ms] [LOG] [PETSCII] PETSCII content written to terminal @ http://localhost:3001/assets/index-DmX2Ev4k.js:88
[   18632ms] [LOG] [PETSCII] Received petscii-output, length: 4 @ http://localhost:3001/assets/index-DmX2Ev4k.js:88
[   18633ms] [LOG] [PETSCII] Switching font from PetMe64, "Courier New", monospace to PetMe64 @ http://localhost:3001/assets/index-DmX2Ev4k.js:88
[   18633ms] [LOG] [PETSCII] PETSCII content written to terminal @ http://localhost:3001/assets/index-DmX2Ev4k.js:88
[   18633ms] [LOG] [PETSCII] Received petscii-output, length: 5 @ http://localhost:3001/assets/index-DmX2Ev4k.js:88
[   18633ms] [LOG] [PETSCII] Switching font from PetMe64, "Courier New", monospace to PetMe64 @ http://localhost:3001/assets/index-DmX2Ev4k.js:88
[   18633ms] [LOG] [PETSCII] PETSCII content written to terminal @ http://localhost:3001/assets/index-DmX2Ev4k.js:88
[   18633ms] [LOG] [PETSCII] Received petscii-output, length: 1 @ http://localhost:3001/assets/index-DmX2Ev4k.js:88
[   18633ms] [LOG] [PETSCII] Switching font from PetMe64, "Courier New", monospace to PetMe64 @ http://localhost:3001/assets/index-DmX2Ev4k.js:88
[   18633ms] [LOG] [PETSCII] PETSCII content written to terminal @ http://localhost:3001/assets/index-DmX2Ev4k.js:88
[   18633ms] [LOG] [PETSCII] Received petscii-output, length: 5 @ http://localhost:3001/assets/index-DmX2Ev4k.js:88
[   18633ms] [LOG] [PETSCII] Switching font from PetMe64, "Courier New", monospace to PetMe64 @ http://localhost:3001/assets/index-DmX2Ev4k.js:88
[   18633ms] [LOG] [PETSCII] PETSCII content written to terminal @ http://localhost:3001/assets/index-DmX2Ev4k.js:88
[   18633ms] [LOG] [PETSCII] Received petscii-output, length: 1 @ http://localhost:3001/assets/index-DmX2Ev4k.js:88
[   18633ms] [LOG] [PETSCII] Switching font from PetMe64, "Courier New", monospace to PetMe64 @ http://localhost:3001/assets/index-DmX2Ev4k.js:88
[   18633ms] [LOG] [PETSCII] PETSCII content written to terminal @ http://localhost:3001/assets/index-DmX2Ev4k.js:88
[   18633ms] [LOG] [PETSCII] Received petscii-output, length: 5 @ http://localhost:3001/assets/index-DmX2Ev4k.js:88
[   18633ms] [LOG] [PETSCII] Switching font from PetMe64, "Courier New", monospace to PetMe64 @ http://localhost:3001/assets/index-DmX2Ev4k.js:88
[   18633ms] [LOG] [PETSCII] PETSCII content written to terminal @ http://localhost:3001/assets/index-DmX2Ev4k.js:88
[   18633ms] [LOG] [PETSCII] Received petscii-output, length: 5 @ http://localhost:3001/assets/index-DmX2Ev4k.js:88
[   18633ms] [LOG] [PETSCII] Switching font from PetMe64, "Courier New", monospace to PetMe64 @ http://localhost:3001/assets/index-DmX2Ev4k.js:88
[   18633ms] [LOG] [PETSCII] PETSCII content written to terminal @ http://localhost:3001/assets/index-DmX2Ev4k.js:88
[   18633ms] [LOG] [PETSCII] Received petscii-output, length: 1 @ http://localhost:3001/assets/index-DmX2Ev4k.js:88
[   18633ms] [LOG] [PETSCII] Switching font from PetMe64, "Courier New", monospace to PetMe64 @ http://localhost:3001/assets/index-DmX2Ev4k.js:88
[   18633ms] [LOG] [PETSCII] PETSCII content written to terminal @ http://localhost:3001/assets/index-DmX2Ev4k.js:88
[   18633ms] [LOG] [PETSCII] Received petscii-output, length: 4 @ http://localhost:3001/assets/index-DmX2Ev4k.js:88
[   18633ms] [LOG] [PETSCII] Switching font from PetMe64, "Courier New", monospace to PetMe64 @ http://localhost:3001/assets/index-DmX2Ev4k.js:88
[   18633ms] [LOG] [PETSCII] PETSCII content written to terminal @ http://localhost:3001/assets/index-DmX2Ev4k.js:88
[   18633ms] [LOG] [PETSCII] Received petscii-output, length: 5 @ http://localhost:3001/assets/index-DmX2Ev4k.js:88
[   18633ms] [LOG] [PETSCII] Switching font from PetMe64, "Courier New", monospace to PetMe64 @ http://localhost:3001/assets/index-DmX2Ev4k.js:88
[   18633ms] [LOG] [PETSCII] PETSCII content written to terminal @ http://localhost:3001/assets/index-DmX2Ev4k.js:88
[   18633ms] [LOG] [PETSCII] Received petscii-output, length: 5 @ http://localhost:3001/assets/index-DmX2Ev4k.js:88
[   18633ms] [LOG] [PETSCII] Switching font from PetMe64, "Courier New", monospace to PetMe64 @ http://localhost:3001/assets/index-DmX2Ev4k.js:88
[   18633ms] [LOG] [PETSCII] PETSCII content written to terminal @ http://localhost:3001/assets/index-DmX2Ev4k.js:88
[   18633ms] [LOG] [PETSCII] Received petscii-output, length: 4 @ http://localhost:3001/assets/index-DmX2Ev4k.js:88
[   18633ms] [LOG] [PETSCII] Switching font from PetMe64, "Courier New", monospace to PetMe64 @ http://localhost:3001/assets/index-DmX2Ev4k.js:88
[   18633ms] [LOG] [PETSCII] PETSCII content written to terminal @ http://localhost:3001/assets/index-DmX2Ev4k.js:88
[   18633ms] [LOG] [PETSCII] Received petscii-output, length: 4 @ http://localhost:3001/assets/index-DmX2Ev4k.js:88
[   18633ms] [LOG] [PETSCII] Switching font from PetMe64, "Courier New", monospace to PetMe64 @ http://localhost:3001/assets/index-DmX2Ev4k.js:88
[   18634ms] [LOG] [PETSCII] PETSCII content written to terminal @ http://localhost:3001/assets/index-DmX2Ev4k.js:88
[   18634ms] [LOG] [PETSCII] Received petscii-output, length: 5 @ http://localhost:3001/assets/index-DmX2Ev4k.js:88
[   18634ms] [LOG] [PETSCII] Switching font from PetMe64, "Courier New", monospace to PetMe64 @ http://localhost:3001/assets/index-DmX2Ev4k.js:88
[   18634ms] [LOG] [PETSCII] PETSCII content written to terminal @ http://localhost:3001/assets/index-DmX2Ev4k.js:88
[   18634ms] [LOG] [PETSCII] Received petscii-output, length: 1 @ http://localhost:3001/assets/index-DmX2Ev4k.js:88
[   18634ms] [LOG] [PETSCII] Switching font from PetMe64, "Courier New", monospace to PetMe64 @ http://localhost:3001/assets/index-DmX2Ev4k.js:88
[   18634ms] [LOG] [PETSCII] PETSCII content written to terminal @ http://localhost:3001/assets/index-DmX2Ev4k.js:88
[   18634ms] [LOG] [PETSCII] Received petscii-output, length: 5 @ http://localhost:3001/assets/index-DmX2Ev4k.js:88
[   18634ms] [LOG] [PETSCII] Switching font from PetMe64, "Courier New", monospace to PetMe64 @ http://localhost:3001/assets/index-DmX2Ev4k.js:88
[   18634ms] [LOG] [PETSCII] PETSCII content written to terminal @ http://localhost:3001/assets/index-DmX2Ev4k.js:88
[   18634ms] [LOG] [PETSCII] Received petscii-output, length: 1 @ http://localhost:3001/assets/index-DmX2Ev4k.js:88
[   18634ms] [LOG] [PETSCII] Switching font from PetMe64, "Courier New", monospace to PetMe64 @ http://localhost:3001/assets/index-DmX2Ev4k.js:88
[   18634ms] [LOG] [PETSCII] PETSCII content written to terminal @ http://localhost:3001/assets/index-DmX2Ev4k.js:88
[   18634ms] [LOG] [PETSCII] Received petscii-output, length: 1 @ http://localhost:3001/assets/index-DmX2Ev4k.js:88
[   18634ms] [LOG] [PETSCII] Switching font from PetMe64, "Courier New", monospace to PetMe64 @ http://localhost:3001/assets/index-DmX2Ev4k.js:88
[   18634ms] [LOG] [PETSCII] PETSCII content written to terminal @ http://localhost:3001/assets/index-DmX2Ev4k.js:88
[   18634ms] [LOG] [PETSCII] Received petscii-output, length: 5 @ http://localhost:3001/assets/index-DmX2Ev4k.js:88
[   18634ms] [LOG] [PETSCII] Switching font from PetMe64, "Courier New", monospace to PetMe64 @ http://localhost:3001/assets/index-DmX2Ev4k.js:88
[   18634ms] [LOG] [PETSCII] PETSCII content written to terminal @ http://localhost:3001/assets/index-DmX2Ev4k.js:88
[   18634ms] [LOG] [PETSCII] Received petscii-output, length: 5 @ http://localhost:3001/assets/index-DmX2Ev4k.js:88
[   18634ms] [LOG] [PETSCII] Switching font from PetMe64, "Courier New", monospace to PetMe64 @ http://localhost:3001/assets/index-DmX2Ev4k.js:88
[   18634ms] [LOG] [PETSCII] PETSCII content written to terminal @ http://localhost:3001/assets/index-DmX2Ev4k.js:88
[   18634ms] [LOG] [PETSCII] Received petscii-output, length: 1 @ http://localhost:3001/assets/index-DmX2Ev4k.js:88
[   18634ms] [LOG] [PETSCII] Switching font from PetMe64, "Courier New", monospace to PetMe64 @ http://localhost:3001/assets/index-DmX2Ev4k.js:88
[   18634ms] [LOG] [PETSCII] PETSCII content written to terminal @ http://localhost:3001/assets/index-DmX2Ev4k.js:88
[   18634ms] [LOG] [PETSCII] Received petscii-output, length: 4 @ http://localhost:3001/assets/index-DmX2Ev4k.js:88
[   18634ms] [LOG] [PETSCII] Switching font from PetMe64, "Courier New", monospace to PetMe64 @ http://localhost:3001/assets/index-DmX2Ev4k.js:88
[   18634ms] [LOG] [PETSCII] PETSCII content written to terminal @ http://localhost:3001/assets/index-DmX2Ev4k.js:88
[   18634ms] [LOG] [PETSCII] Received petscii-output, length: 5 @ http://localhost:3001/assets/index-DmX2Ev4k.js:88
[   18634ms] [LOG] [PETSCII] Switching font from PetMe64, "Courier New", monospace to PetMe64 @ http://localhost:3001/assets/index-DmX2Ev4k.js:88
[   18634ms] [LOG] [PETSCII] PETSCII content written to terminal @ http://localhost:3001/assets/index-DmX2Ev4k.js:88
[   18634ms] [LOG] [PETSCII] Received petscii-output, length: 1 @ http://localhost:3001/assets/index-DmX2Ev4k.js:88
[   18634ms] [LOG] [PETSCII] Switching font from PetMe64, "Courier New", monospace to PetMe64 @ http://localhost:3001/assets/index-DmX2Ev4k.js:88
[   18634ms] [LOG] [PETSCII] PETSCII content written to terminal @ http://localhost:3001/assets/index-DmX2Ev4k.js:88
[   18635ms] [LOG] [PETSCII] Received petscii-output, length: 5 @ http://localhost:3001/assets/index-DmX2Ev4k.js:88
[   18635ms] [LOG] [PETSCII] Switching font from PetMe64, "Courier New", monospace to PetMe64 @ http://localhost:3001/assets/index-DmX2Ev4k.js:88
[   18635ms] [LOG] [PETSCII] PETSCII content written to terminal @ http://localhost:3001/assets/index-DmX2Ev4k.js:88
[   18635ms] [LOG] [PETSCII] Received petscii-output, length: 1 @ http://localhost:3001/assets/index-DmX2Ev4k.js:88
[   18635ms] [LOG] [PETSCII] Switching font from PetMe64, "Courier New", monospace to PetMe64 @ http://localhost:3001/assets/index-DmX2Ev4k.js:88
[   18635ms] [LOG] [PETSCII] PETSCII content written to terminal @ http://localhost:3001/assets/index-DmX2Ev4k.js:88
[   18635ms] [LOG] [PETSCII] Received petscii-output, length: 5 @ http://localhost:3001/assets/index-DmX2Ev4k.js:88
[   18635ms] [LOG] [PETSCII] Switching font from PetMe64, "Courier New", monospace to PetMe64 @ http://localhost:3001/assets/index-DmX2Ev4k.js:88
[   18635ms] [LOG] [PETSCII] PETSCII content written to terminal @ http://localhost:3001/assets/index-DmX2Ev4k.js:88
[   18635ms] [LOG] [PETSCII] Received petscii-output, length: 5 @ http://localhost:3001/assets/index-DmX2Ev4k.js:88
[   18635ms] [LOG] [PETSCII] Switching font from PetMe64, "Courier New", monospace to PetMe64 @ http://localhost:3001/assets/index-DmX2Ev4k.js:88
[   18635ms] [LOG] [PETSCII] PETSCII content written to terminal @ http://localhost:3001/assets/index-DmX2Ev4k.js:88
[   18635ms] [LOG] [PETSCII] Received petscii-output, length: 1 @ http://localhost:3001/assets/index-DmX2Ev4k.js:88
[   18635ms] [LOG] [PETSCII] Switching font from PetMe64, "Courier New", monospace to PetMe64 @ http://localhost:3001/assets/index-DmX2Ev4k.js:88
[   18635ms] [LOG] [PETSCII] PETSCII content written to terminal @ http://localhost:3001/assets/index-DmX2Ev4k.js:88
[   18635ms] [LOG] [PETSCII] Received petscii-output, length: 2 @ http://localhost:3001/assets/index-DmX2Ev4k.js:88
[   18635ms] [LOG] [PETSCII] Switching font from PetMe64, "Courier New", monospace to PetMe64 @ http://localhost:3001/assets/index-DmX2Ev4k.js:88
[   18635ms] [LOG] [PETSCII] PETSCII content written to terminal @ http://localhost:3001/assets/index-DmX2Ev4k.js:88
[   18635ms] [LOG] [PETSCII] Received petscii-output, length: 4 @ http://localhost:3001/assets/index-DmX2Ev4k.js:88
[   18635ms] [LOG] [PETSCII] Switching font from PetMe64, "Courier New", monospace to PetMe64 @ http://localhost:3001/assets/index-DmX2Ev4k.js:88
[   18635ms] [LOG] [PETSCII] PETSCII content written to terminal @ http://localhost:3001/assets/index-DmX2Ev4k.js:88
[   18635ms] [LOG] [PETSCII] Received petscii-output, length: 5 @ http://localhost:3001/assets/index-DmX2Ev4k.js:88
[   18635ms] [LOG] [PETSCII] Switching font from PetMe64, "Courier New", monospace to PetMe64 @ http://localhost:3001/assets/index-DmX2Ev4k.js:88
[   18635ms] [LOG] [PETSCII] PETSCII content written to terminal @ http://localhost:3001/assets/index-DmX2Ev4k.js:88
[   18635ms] [LOG] [PETSCII] Received petscii-output, length: 1 @ http://localhost:3001/assets/index-DmX2Ev4k.js:88
[   18635ms] [LOG] [PETSCII] Switching font from PetMe64, "Courier New", monospace to PetMe64 @ http://localhost:3001/assets/index-DmX2Ev4k.js:88
[   18635ms] [LOG] [PETSCII] PETSCII content written to terminal @ http://localhost:3001/assets/index-DmX2Ev4k.js:88
[   18635ms] [LOG] [PETSCII] Received petscii-output, length: 5 @ http://localhost:3001/assets/index-DmX2Ev4k.js:88
[   18635ms] [LOG] [PETSCII] Switching font from PetMe64, "Courier New", monospace to PetMe64 @ http://localhost:3001/assets/index-DmX2Ev4k.js:88
[   18635ms] [LOG] [PETSCII] PETSCII content written to terminal @ http://localhost:3001/assets/index-DmX2Ev4k.js:88
[   18635ms] [LOG] [PETSCII] Received petscii-output, length: 1 @ http://localhost:3001/assets/index-DmX2Ev4k.js:88
[   18635ms] [LOG] [PETSCII] Switching font from PetMe64, "Courier New", monospace to PetMe64 @ http://localhost:3001/assets/index-DmX2Ev4k.js:88
[   18635ms] [LOG] [PETSCII] PETSCII content written to terminal @ http://localhost:3001/assets/index-DmX2Ev4k.js:88
[   18635ms] [LOG] [PETSCII] Received petscii-output, length: 5 @ http://localhost:3001/assets/index-DmX2Ev4k.js:88
[   18635ms] [LOG] [PETSCII] Switching font from PetMe64, "Courier New", monospace to PetMe64 @ http://localhost:3001/assets/index-DmX2Ev4k.js:88
[   18635ms] [LOG] [PETSCII] PETSCII content written to terminal @ http://localhost:3001/assets/index-DmX2Ev4k.js:88
[   18635ms] [LOG] [PETSCII] Received petscii-output, length: 1 @ http://localhost:3001/assets/index-DmX2Ev4k.js:88
[   18636ms] [LOG] [PETSCII] Switching font from PetMe64, "Courier New", monospace to PetMe64 @ http://localhost:3001/assets/index-DmX2Ev4k.js:88
[   18636ms] [LOG] [PETSCII] PETSCII content written to terminal @ http://localhost:3001/assets/index-DmX2Ev4k.js:88
[   18636ms] [LOG] [PETSCII] Received petscii-output, length: 4 @ http://localhost:3001/assets/index-DmX2Ev4k.js:88
[   18636ms] [LOG] [PETSCII] Switching font from PetMe64, "Courier New", monospace to PetMe64 @ http://localhost:3001/assets/index-DmX2Ev4k.js:88
[   18636ms] [LOG] [PETSCII] PETSCII content written to terminal @ http://localhost:3001/assets/index-DmX2Ev4k.js:88
[   18636ms] [LOG] [PETSCII] Received petscii-output, length: 5 @ http://localhost:3001/assets/index-DmX2Ev4k.js:88
[   18636ms] [LOG] [PETSCII] Switching font from PetMe64, "Courier New", monospace to PetMe64 @ http://localhost:3001/assets/index-DmX2Ev4k.js:88
[   18636ms] [LOG] [PETSCII] PETSCII content written to terminal @ http://localhost:3001/assets/index-DmX2Ev4k.js:88
[   18636ms] [LOG] [PETSCII] Received petscii-output, length: 1 @ http://localhost:3001/assets/index-DmX2Ev4k.js:88
[   18636ms] [LOG] [PETSCII] Switching font from PetMe64, "Courier New", monospace to PetMe64 @ http://localhost:3001/assets/index-DmX2Ev4k.js:88
[   18636ms] [LOG] [PETSCII] PETSCII content written to terminal @ http://localhost:3001/assets/index-DmX2Ev4k.js:88
[   18636ms] [LOG] [PETSCII] Received petscii-output, length: 1 @ http://localhost:3001/assets/index-DmX2Ev4k.js:88
[   18636ms] [LOG] [PETSCII] Switching font from PetMe64, "Courier New", monospace to PetMe64 @ http://localhost:3001/assets/index-DmX2Ev4k.js:88
[   18636ms] [LOG] [PETSCII] PETSCII content written to terminal @ http://localhost:3001/assets/index-DmX2Ev4k.js:88
[   18636ms] [LOG] [PETSCII] Received petscii-output, length: 5 @ http://localhost:3001/assets/index-DmX2Ev4k.js:88
[   18636ms] [LOG] [PETSCII] Switching font from PetMe64, "Courier New", monospace to PetMe64 @ http://localhost:3001/assets/index-DmX2Ev4k.js:88
[   18636ms] [LOG] [PETSCII] PETSCII content written to terminal @ http://localhost:3001/assets/index-DmX2Ev4k.js:88
[   18636ms] [LOG] [PETSCII] Received petscii-output, length: 1 @ http://localhost:3001/assets/index-DmX2Ev4k.js:88
[   18636ms] [LOG] [PETSCII] Switching font from PetMe64, "Courier New", monospace to PetMe64 @ http://localhost:3001/assets/index-DmX2Ev4k.js:88
[   18636ms] [LOG] [PETSCII] PETSCII content written to terminal @ http://localhost:3001/assets/index-DmX2Ev4k.js:88
[   18636ms] [LOG] [PETSCII] Received petscii-output, length: 5 @ http://localhost:3001/assets/index-DmX2Ev4k.js:88
[   18636ms] [LOG] [PETSCII] Switching font from PetMe64, "Courier New", monospace to PetMe64 @ http://localhost:3001/assets/index-DmX2Ev4k.js:88
[   18636ms] [LOG] [PETSCII] PETSCII content written to terminal @ http://localhost:3001/assets/index-DmX2Ev4k.js:88
[   18636ms] [LOG] [PETSCII] Received petscii-output, length: 5 @ http://localhost:3001/assets/index-DmX2Ev4k.js:88
[   18636ms] [LOG] [PETSCII] Switching font from PetMe64, "Courier New", monospace to PetMe64 @ http://localhost:3001/assets/index-DmX2Ev4k.js:88
[   18636ms] [LOG] [PETSCII] PETSCII content written to terminal @ http://localhost:3001/assets/index-DmX2Ev4k.js:88
[   18636ms] [LOG] [PETSCII] Received petscii-output, length: 1 @ http://localhost:3001/assets/index-DmX2Ev4k.js:88
[   18636ms] [LOG] [PETSCII] Switching font from PetMe64, "Courier New", monospace to PetMe64 @ http://localhost:3001/assets/index-DmX2Ev4k.js:88
[   18636ms] [LOG] [PETSCII] PETSCII content written to terminal @ http://localhost:3001/assets/index-DmX2Ev4k.js:88
[   18636ms] [LOG] [PETSCII] Received petscii-output, length: 4 @ http://localhost:3001/assets/index-DmX2Ev4k.js:88
[   18636ms] [LOG] [PETSCII] Switching font from PetMe64, "Courier New", monospace to PetMe64 @ http://localhost:3001/assets/index-DmX2Ev4k.js:88
[   18636ms] [LOG] [PETSCII] PETSCII content written to terminal @ http://localhost:3001/assets/index-DmX2Ev4k.js:88
[   18636ms] [LOG] [PETSCII] Received petscii-output, length: 5 @ http://localhost:3001/assets/index-DmX2Ev4k.js:88
[   18636ms] [LOG] [PETSCII] Switching font from PetMe64, "Courier New", monospace to PetMe64 @ http://localhost:3001/assets/index-DmX2Ev4k.js:88
[   18636ms] [LOG] [PETSCII] PETSCII content written to terminal @ http://localhost:3001/assets/index-DmX2Ev4k.js:88
[   18637ms] [LOG] [PETSCII] Received petscii-output, length: 1 @ http://localhost:3001/assets/index-DmX2Ev4k.js:88
[   18637ms] [LOG] [PETSCII] Switching font from PetMe64, "Courier New", monospace to PetMe64 @ http://localhost:3001/assets/index-DmX2Ev4k.js:88
[   18637ms] [LOG] [PETSCII] PETSCII content written to terminal @ http://localhost:3001/assets/index-DmX2Ev4k.js:88
[   18637ms] [LOG] [PETSCII] Received petscii-output, length: 5 @ http://localhost:3001/assets/index-DmX2Ev4k.js:88
[   18637ms] [LOG] [PETSCII] Switching font from PetMe64, "Courier New", monospace to PetMe64 @ http://localhost:3001/assets/index-DmX2Ev4k.js:88
[   18637ms] [LOG] [PETSCII] PETSCII content written to terminal @ http://localhost:3001/assets/index-DmX2Ev4k.js:88
[   18637ms] [LOG] [PETSCII] Received petscii-output, length: 1 @ http://localhost:3001/assets/index-DmX2Ev4k.js:88
[   18637ms] [LOG] [PETSCII] Switching font from PetMe64, "Courier New", monospace to PetMe64 @ http://localhost:3001/assets/index-DmX2Ev4k.js:88
[   18637ms] [LOG] [PETSCII] PETSCII content written to terminal @ http://localhost:3001/assets/index-DmX2Ev4k.js:88
[   18637ms] [LOG] [PETSCII] Received petscii-output, length: 3 @ http://localhost:3001/assets/index-DmX2Ev4k.js:88
[   18637ms] [LOG] [PETSCII] Switching font from PetMe64, "Courier New", monospace to PetMe64 @ http://localhost:3001/assets/index-DmX2Ev4k.js:88
[   18637ms] [LOG] [PETSCII] PETSCII content written to terminal @ http://localhost:3001/assets/index-DmX2Ev4k.js:88
[   18637ms] [LOG] [PETSCII] Received petscii-output, length: 5 @ http://localhost:3001/assets/index-DmX2Ev4k.js:88
[   18637ms] [LOG] [PETSCII] Switching font from PetMe64, "Courier New", monospace to PetMe64 @ http://localhost:3001/assets/index-DmX2Ev4k.js:88
[   18637ms] [LOG] [PETSCII] PETSCII content written to terminal @ http://localhost:3001/assets/index-DmX2Ev4k.js:88
[   18637ms] [LOG] [PETSCII] Received petscii-output, length: 3 @ http://localhost:3001/assets/index-DmX2Ev4k.js:88
[   18637ms] [LOG] [PETSCII] Switching font from PetMe64, "Courier New", monospace to PetMe64 @ http://localhost:3001/assets/index-DmX2Ev4k.js:88
[   18637ms] [LOG] [PETSCII] PETSCII content written to terminal @ http://localhost:3001/assets/index-DmX2Ev4k.js:88
[   18637ms] [LOG] [PETSCII] Received petscii-output, length: 5 @ http://localhost:3001/assets/index-DmX2Ev4k.js:88
[   18637ms] [LOG] [PETSCII] Switching font from PetMe64, "Courier New", monospace to PetMe64 @ http://localhost:3001/assets/index-DmX2Ev4k.js:88
[   18637ms] [LOG] [PETSCII] PETSCII content written to terminal @ http://localhost:3001/assets/index-DmX2Ev4k.js:88
[   18637ms] [LOG] [PETSCII] Received petscii-output, length: 5 @ http://localhost:3001/assets/index-DmX2Ev4k.js:88
[   18637ms] [LOG] [PETSCII] Switching font from PetMe64, "Courier New", monospace to PetMe64 @ http://localhost:3001/assets/index-DmX2Ev4k.js:88
[   18637ms] [LOG] [PETSCII] PETSCII content written to terminal @ http://localhost:3001/assets/index-DmX2Ev4k.js:88
[   18637ms] [LOG] [PETSCII] Received petscii-output, length: 1 @ http://localhost:3001/assets/index-DmX2Ev4k.js:88
[   18637ms] [LOG] [PETSCII] Switching font from PetMe64, "Courier New", monospace to PetMe64 @ http://localhost:3001/assets/index-DmX2Ev4k.js:88
[   18637ms] [LOG] [PETSCII] PETSCII content written to terminal @ http://localhost:3001/assets/index-DmX2Ev4k.js:88
[   18637ms] [LOG] [PETSCII] Received petscii-output, length: 1 @ http://localhost:3001/assets/index-DmX2Ev4k.js:88
[   18637ms] [LOG] [PETSCII] Switching font from PetMe64, "Courier New", monospace to PetMe64 @ http://localhost:3001/assets/index-DmX2Ev4k.js:88
[   18637ms] [LOG] [PETSCII] PETSCII content written to terminal @ http://localhost:3001/assets/index-DmX2Ev4k.js:88
[   18637ms] [LOG] [PETSCII] Received petscii-output, length: 5 @ http://localhost:3001/assets/index-DmX2Ev4k.js:88
[   18637ms] [LOG] [PETSCII] Switching font from PetMe64, "Courier New", monospace to PetMe64 @ http://localhost:3001/assets/index-DmX2Ev4k.js:88
[   18637ms] [LOG] [PETSCII] PETSCII content written to terminal @ http://localhost:3001/assets/index-DmX2Ev4k.js:88
[   18637ms] [LOG] [PETSCII] Received petscii-output, length: 5 @ http://localhost:3001/assets/index-DmX2Ev4k.js:88
[   18637ms] [LOG] [PETSCII] Switching font from PetMe64, "Courier New", monospace to PetMe64 @ http://localhost:3001/assets/index-DmX2Ev4k.js:88
[   18637ms] [LOG] [PETSCII] PETSCII content written to terminal @ http://localhost:3001/assets/index-DmX2Ev4k.js:88
[   18637ms] [LOG] [PETSCII] Received petscii-output, length: 1 @ http://localhost:3001/assets/index-DmX2Ev4k.js:88
[   18637ms] [LOG] [PETSCII] Switching font from PetMe64, "Courier New", monospace to PetMe64 @ http://localhost:3001/assets/index-DmX2Ev4k.js:88
[   18638ms] [LOG] [PETSCII] PETSCII content written to terminal @ http://localhost:3001/assets/index-DmX2Ev4k.js:88
[   18638ms] [LOG] [PETSCII] Received petscii-output, length: 4 @ http://localhost:3001/assets/index-DmX2Ev4k.js:88
[   18638ms] [LOG] [PETSCII] Switching font from PetMe64, "Courier New", monospace to PetMe64 @ http://localhost:3001/assets/index-DmX2Ev4k.js:88
[   18638ms] [LOG] [PETSCII] PETSCII content written to terminal @ http://localhost:3001/assets/index-DmX2Ev4k.js:88
[   18638ms] [LOG] [PETSCII] Received petscii-output, length: 5 @ http://localhost:3001/assets/index-DmX2Ev4k.js:88
[   18638ms] [LOG] [PETSCII] Switching font from PetMe64, "Courier New", monospace to PetMe64 @ http://localhost:3001/assets/index-DmX2Ev4k.js:88
[   18638ms] [LOG] [PETSCII] PETSCII content written to terminal @ http://localhost:3001/assets/index-DmX2Ev4k.js:88
[   18638ms] [LOG] [PETSCII] Received petscii-output, length: 1 @ http://localhost:3001/assets/index-DmX2Ev4k.js:88
[   18638ms] [LOG] [PETSCII] Switching font from PetMe64, "Courier New", monospace to PetMe64 @ http://localhost:3001/assets/index-DmX2Ev4k.js:88
[   18638ms] [LOG] [PETSCII] PETSCII content written to terminal @ http://localhost:3001/assets/index-DmX2Ev4k.js:88
[   18638ms] [LOG] [PETSCII] Received petscii-output, length: 5 @ http://localhost:3001/assets/index-DmX2Ev4k.js:88
[   18638ms] [LOG] [PETSCII] Switching font from PetMe64, "Courier New", monospace to PetMe64 @ http://localhost:3001/assets/index-DmX2Ev4k.js:88
[   18638ms] [LOG] [PETSCII] PETSCII content written to terminal @ http://localhost:3001/assets/index-DmX2Ev4k.js:88
[   18638ms] [LOG] [PETSCII] Received petscii-output, length: 5 @ http://localhost:3001/assets/index-DmX2Ev4k.js:88
[   18638ms] [LOG] [PETSCII] Switching font from PetMe64, "Courier New", monospace to PetMe64 @ http://localhost:3001/assets/index-DmX2Ev4k.js:88
[   18638ms] [LOG] [PETSCII] PETSCII content written to terminal @ http://localhost:3001/assets/index-DmX2Ev4k.js:88
[   18638ms] [LOG] [PETSCII] Received petscii-output, length: 1 @ http://localhost:3001/assets/index-DmX2Ev4k.js:88
[   18638ms] [LOG] [PETSCII] Switching font from PetMe64, "Courier New", monospace to PetMe64 @ http://localhost:3001/assets/index-DmX2Ev4k.js:88
[   18638ms] [LOG] [PETSCII] PETSCII content written to terminal @ http://localhost:3001/assets/index-DmX2Ev4k.js:88
[   18638ms] [LOG] [PETSCII] Received petscii-output, length: 4 @ http://localhost:3001/assets/index-DmX2Ev4k.js:88
[   18638ms] [LOG] [PETSCII] Switching font from PetMe64, "Courier New", monospace to PetMe64 @ http://localhost:3001/assets/index-DmX2Ev4k.js:88
[   18638ms] [LOG] [PETSCII] PETSCII content written to terminal @ http://localhost:3001/assets/index-DmX2Ev4k.js:88
[   18638ms] [LOG] [PETSCII] Received petscii-output, length: 5 @ http://localhost:3001/assets/index-DmX2Ev4k.js:88
[   18638ms] [LOG] [PETSCII] Switching font from PetMe64, "Courier New", monospace to PetMe64 @ http://localhost:3001/assets/index-DmX2Ev4k.js:88
[   18638ms] [LOG] [PETSCII] PETSCII content written to terminal @ http://localhost:3001/assets/index-DmX2Ev4k.js:88
[   18638ms] [LOG] [PETSCII] Received petscii-output, length: 2 @ http://localhost:3001/assets/index-DmX2Ev4k.js:88
[   18638ms] [LOG] [PETSCII] Switching font from PetMe64, "Courier New", monospace to PetMe64 @ http://localhost:3001/assets/index-DmX2Ev4k.js:88
[   18638ms] [LOG] [PETSCII] PETSCII content written to terminal @ http://localhost:3001/assets/index-DmX2Ev4k.js:88
[   18638ms] [LOG] [PETSCII] Received petscii-output, length: 5 @ http://localhost:3001/assets/index-DmX2Ev4k.js:88
[   18638ms] [LOG] [PETSCII] Switching font from PetMe64, "Courier New", monospace to PetMe64 @ http://localhost:3001/assets/index-DmX2Ev4k.js:88
[   18638ms] [LOG] [PETSCII] PETSCII content written to terminal @ http://localhost:3001/assets/index-DmX2Ev4k.js:88
[   18638ms] [LOG] [PETSCII] Received petscii-output, length: 5 @ http://localhost:3001/assets/index-DmX2Ev4k.js:88
[   18638ms] [LOG] [PETSCII] Switching font from PetMe64, "Courier New", monospace to PetMe64 @ http://localhost:3001/assets/index-DmX2Ev4k.js:88
[   18638ms] [LOG] [PETSCII] PETSCII content written to terminal @ http://localhost:3001/assets/index-DmX2Ev4k.js:88
[   18638ms] [LOG] [PETSCII] Received petscii-output, length: 1 @ http://localhost:3001/assets/index-DmX2Ev4k.js:88
[   18638ms] [LOG] [PETSCII] Switching font from PetMe64, "Courier New", monospace to PetMe64 @ http://localhost:3001/assets/index-DmX2Ev4k.js:88
[   18638ms] [LOG] [PETSCII] PETSCII content written to terminal @ http://localhost:3001/assets/index-DmX2Ev4k.js:88
[   18639ms] [LOG] [PETSCII] Received petscii-output, length: 2 @ http://localhost:3001/assets/index-DmX2Ev4k.js:88
[   18639ms] [LOG] [PETSCII] Switching font from PetMe64, "Courier New", monospace to PetMe64 @ http://localhost:3001/assets/index-DmX2Ev4k.js:88
[   18639ms] [LOG] [PETSCII] PETSCII content written to terminal @ http://localhost:3001/assets/index-DmX2Ev4k.js:88
[   18639ms] [LOG] [PETSCII] Received petscii-output, length: 4 @ http://localhost:3001/assets/index-DmX2Ev4k.js:88
[   18639ms] [LOG] [PETSCII] Switching font from PetMe64, "Courier New", monospace to PetMe64 @ http://localhost:3001/assets/index-DmX2Ev4k.js:88
[   18639ms] [LOG] [PETSCII] PETSCII content written to terminal @ http://localhost:3001/assets/index-DmX2Ev4k.js:88
[   18639ms] [LOG] [PETSCII] Received petscii-output, length: 5 @ http://localhost:3001/assets/index-DmX2Ev4k.js:88
[   18639ms] [LOG] [PETSCII] Switching font from PetMe64, "Courier New", monospace to PetMe64 @ http://localhost:3001/assets/index-DmX2Ev4k.js:88
[   18639ms] [LOG] [PETSCII] PETSCII content written to terminal @ http://localhost:3001/assets/index-DmX2Ev4k.js:88
[   18639ms] [LOG] [PETSCII] Received petscii-output, length: 1 @ http://localhost:3001/assets/index-DmX2Ev4k.js:88
[   18639ms] [LOG] [PETSCII] Switching font from PetMe64, "Courier New", monospace to PetMe64 @ http://localhost:3001/assets/index-DmX2Ev4k.js:88
[   18639ms] [LOG] [PETSCII] PETSCII content written to terminal @ http://localhost:3001/assets/index-DmX2Ev4k.js:88
[   18639ms] [LOG] [PETSCII] Received petscii-output, length: 5 @ http://localhost:3001/assets/index-DmX2Ev4k.js:88
[   18639ms] [LOG] [PETSCII] Switching font from PetMe64, "Courier New", monospace to PetMe64 @ http://localhost:3001/assets/index-DmX2Ev4k.js:88
[   18639ms] [LOG] [PETSCII] PETSCII content written to terminal @ http://localhost:3001/assets/index-DmX2Ev4k.js:88
[   18639ms] [LOG] [PETSCII] Received petscii-output, length: 1 @ http://localhost:3001/assets/index-DmX2Ev4k.js:88
[   18639ms] [LOG] [PETSCII] Switching font from PetMe64, "Courier New", monospace to PetMe64 @ http://localhost:3001/assets/index-DmX2Ev4k.js:88
[   18639ms] [LOG] [PETSCII] PETSCII content written to terminal @ http://localhost:3001/assets/index-DmX2Ev4k.js:88
[   18639ms] [LOG] [PETSCII] Received petscii-output, length: 5 @ http://localhost:3001/assets/index-DmX2Ev4k.js:88
[   18639ms] [LOG] [PETSCII] Switching font from PetMe64, "Courier New", monospace to PetMe64 @ http://localhost:3001/assets/index-DmX2Ev4k.js:88
[   18639ms] [LOG] [PETSCII] PETSCII content written to terminal @ http://localhost:3001/assets/index-DmX2Ev4k.js:88
[   18639ms] [LOG] [PETSCII] Received petscii-output, length: 5 @ http://localhost:3001/assets/index-DmX2Ev4k.js:88
[   18639ms] [LOG] [PETSCII] Switching font from PetMe64, "Courier New", monospace to PetMe64 @ http://localhost:3001/assets/index-DmX2Ev4k.js:88
[   18639ms] [LOG] [PETSCII] PETSCII content written to terminal @ http://localhost:3001/assets/index-DmX2Ev4k.js:88
[   18639ms] [LOG] [PETSCII] Received petscii-output, length: 1 @ http://localhost:3001/assets/index-DmX2Ev4k.js:88
[   18639ms] [LOG] [PETSCII] Switching font from PetMe64, "Courier New", monospace to PetMe64 @ http://localhost:3001/assets/index-DmX2Ev4k.js:88
[   18639ms] [LOG] [PETSCII] PETSCII content written to terminal @ http://localhost:3001/assets/index-DmX2Ev4k.js:88
[   18639ms] [LOG] [PETSCII] Received petscii-output, length: 4 @ http://localhost:3001/assets/index-DmX2Ev4k.js:88
[   18639ms] [LOG] [PETSCII] Switching font from PetMe64, "Courier New", monospace to PetMe64 @ http://localhost:3001/assets/index-DmX2Ev4k.js:88
[   18639ms] [LOG] [PETSCII] PETSCII content written to terminal @ http://localhost:3001/assets/index-DmX2Ev4k.js:88
[   18639ms] [LOG] [PETSCII] Received petscii-output, length: 5 @ http://localhost:3001/assets/index-DmX2Ev4k.js:88
[   18639ms] [LOG] [PETSCII] Switching font from PetMe64, "Courier New", monospace to PetMe64 @ http://localhost:3001/assets/index-DmX2Ev4k.js:88
[   18639ms] [LOG] [PETSCII] PETSCII content written to terminal @ http://localhost:3001/assets/index-DmX2Ev4k.js:88
[   18639ms] [LOG] [PETSCII] Received petscii-output, length: 3 @ http://localhost:3001/assets/index-DmX2Ev4k.js:88
[   18639ms] [LOG] [PETSCII] Switching font from PetMe64, "Courier New", monospace to PetMe64 @ http://localhost:3001/assets/index-DmX2Ev4k.js:88
[   18639ms] [LOG] [PETSCII] PETSCII content written to terminal @ http://localhost:3001/assets/index-DmX2Ev4k.js:88
[   18639ms] [LOG] [PETSCII] Received petscii-output, length: 5 @ http://localhost:3001/assets/index-DmX2Ev4k.js:88
[   18639ms] [LOG] [PETSCII] Switching font from PetMe64, "Courier New", monospace to PetMe64 @ http://localhost:3001/assets/index-DmX2Ev4k.js:88
[   18639ms] [LOG] [PETSCII] PETSCII content written to terminal @ http://localhost:3001/assets/index-DmX2Ev4k.js:88
[   18640ms] [LOG] [PETSCII] Received petscii-output, length: 5 @ http://localhost:3001/assets/index-DmX2Ev4k.js:88
[   18640ms] [LOG] [PETSCII] Switching font from PetMe64, "Courier New", monospace to PetMe64 @ http://localhost:3001/assets/index-DmX2Ev4k.js:88
[   18640ms] [LOG] [PETSCII] PETSCII content written to terminal @ http://localhost:3001/assets/index-DmX2Ev4k.js:88
[   18640ms] [LOG] [PETSCII] Received petscii-output, length: 5 @ http://localhost:3001/assets/index-DmX2Ev4k.js:88
[   18640ms] [LOG] [PETSCII] Switching font from PetMe64, "Courier New", monospace to PetMe64 @ http://localhost:3001/assets/index-DmX2Ev4k.js:88
[   18640ms] [LOG] [PETSCII] PETSCII content written to terminal @ http://localhost:3001/assets/index-DmX2Ev4k.js:88
[   18640ms] [LOG] [PETSCII] Received petscii-output, length: 1 @ http://localhost:3001/assets/index-DmX2Ev4k.js:88
[   18640ms] [LOG] [PETSCII] Switching font from PetMe64, "Courier New", monospace to PetMe64 @ http://localhost:3001/assets/index-DmX2Ev4k.js:88
[   18640ms] [LOG] [PETSCII] PETSCII content written to terminal @ http://localhost:3001/assets/index-DmX2Ev4k.js:88
[   18640ms] [LOG] [PETSCII] Received petscii-output, length: 4 @ http://localhost:3001/assets/index-DmX2Ev4k.js:88
[   18640ms] [LOG] [PETSCII] Switching font from PetMe64, "Courier New", monospace to PetMe64 @ http://localhost:3001/assets/index-DmX2Ev4k.js:88
[   18640ms] [LOG] [PETSCII] PETSCII content written to terminal @ http://localhost:3001/assets/index-DmX2Ev4k.js:88
[   18640ms] [LOG] [PETSCII] Received petscii-output, length: 5 @ http://localhost:3001/assets/index-DmX2Ev4k.js:88
[   18640ms] [LOG] [PETSCII] Switching font from PetMe64, "Courier New", monospace to PetMe64 @ http://localhost:3001/assets/index-DmX2Ev4k.js:88
[   18640ms] [LOG] [PETSCII] PETSCII content written to terminal @ http://localhost:3001/assets/index-DmX2Ev4k.js:88
[   18640ms] [LOG] [PETSCII] Received petscii-output, length: 1 @ http://localhost:3001/assets/index-DmX2Ev4k.js:88
[   18640ms] [LOG] [PETSCII] Switching font from PetMe64, "Courier New", monospace to PetMe64 @ http://localhost:3001/assets/index-DmX2Ev4k.js:88
[   18640ms] [LOG] [PETSCII] PETSCII content written to terminal @ http://localhost:3001/assets/index-DmX2Ev4k.js:88
[   18640ms] [LOG] [PETSCII] Received petscii-output, length: 5 @ http://localhost:3001/assets/index-DmX2Ev4k.js:88
[   18640ms] [LOG] [PETSCII] Switching font from PetMe64, "Courier New", monospace to PetMe64 @ http://localhost:3001/assets/index-DmX2Ev4k.js:88
[   18640ms] [LOG] [PETSCII] PETSCII content written to terminal @ http://localhost:3001/assets/index-DmX2Ev4k.js:88
[   18640ms] [LOG] [PETSCII] Received petscii-output, length: 1 @ http://localhost:3001/assets/index-DmX2Ev4k.js:88
[   18640ms] [LOG] [PETSCII] Switching font from PetMe64, "Courier New", monospace to PetMe64 @ http://localhost:3001/assets/index-DmX2Ev4k.js:88
[   18640ms] [LOG] [PETSCII] PETSCII content written to terminal @ http://localhost:3001/assets/index-DmX2Ev4k.js:88
[   18640ms] [LOG] [PETSCII] Received petscii-output, length: 2 @ http://localhost:3001/assets/index-DmX2Ev4k.js:88
[   18640ms] [LOG] [PETSCII] Switching font from PetMe64, "Courier New", monospace to PetMe64 @ http://localhost:3001/assets/index-DmX2Ev4k.js:88
[   18640ms] [LOG] [PETSCII] PETSCII content written to terminal @ http://localhost:3001/assets/index-DmX2Ev4k.js:88
[   18640ms] [LOG] [PETSCII] Received petscii-output, length: 5 @ http://localhost:3001/assets/index-DmX2Ev4k.js:88
[   18640ms] [LOG] [PETSCII] Switching font from PetMe64, "Courier New", monospace to PetMe64 @ http://localhost:3001/assets/index-DmX2Ev4k.js:88
[   18640ms] [LOG] [PETSCII] PETSCII content written to terminal @ http://localhost:3001/assets/index-DmX2Ev4k.js:88
[   18640ms] [LOG] [PETSCII] Received petscii-output, length: 5 @ http://localhost:3001/assets/index-DmX2Ev4k.js:88
[   18640ms] [LOG] [PETSCII] Switching font from PetMe64, "Courier New", monospace to PetMe64 @ http://localhost:3001/assets/index-DmX2Ev4k.js:88
[   18640ms] [LOG] [PETSCII] PETSCII content written to terminal @ http://localhost:3001/assets/index-DmX2Ev4k.js:88
[   18640ms] [LOG] [PETSCII] Received petscii-output, length: 1 @ http://localhost:3001/assets/index-DmX2Ev4k.js:88
[   18640ms] [LOG] [PETSCII] Switching font from PetMe64, "Courier New", monospace to PetMe64 @ http://localhost:3001/assets/index-DmX2Ev4k.js:88
[   18640ms] [LOG] [PETSCII] PETSCII content written to terminal @ http://localhost:3001/assets/index-DmX2Ev4k.js:88
[   18641ms] [LOG] [PETSCII] Received petscii-output, length: 4 @ http://localhost:3001/assets/index-DmX2Ev4k.js:88
[   18641ms] [LOG] [PETSCII] Switching font from PetMe64, "Courier New", monospace to PetMe64 @ http://localhost:3001/assets/index-DmX2Ev4k.js:88
[   18641ms] [LOG] [PETSCII] PETSCII content written to terminal @ http://localhost:3001/assets/index-DmX2Ev4k.js:88
[   18641ms] [LOG] [PETSCII] Received petscii-output, length: 5 @ http://localhost:3001/assets/index-DmX2Ev4k.js:88
[   18641ms] [LOG] [PETSCII] Switching font from PetMe64, "Courier New", monospace to PetMe64 @ http://localhost:3001/assets/index-DmX2Ev4k.js:88
[   18641ms] [LOG] [PETSCII] PETSCII content written to terminal @ http://localhost:3001/assets/index-DmX2Ev4k.js:88
[   18641ms] [LOG] [PETSCII] Received petscii-output, length: 1 @ http://localhost:3001/assets/index-DmX2Ev4k.js:88
[   18641ms] [LOG] [PETSCII] Switching font from PetMe64, "Courier New", monospace to PetMe64 @ http://localhost:3001/assets/index-DmX2Ev4k.js:88
[   18641ms] [LOG] [PETSCII] PETSCII content written to terminal @ http://localhost:3001/assets/index-DmX2Ev4k.js:88
[   18641ms] [LOG] [PETSCII] Received petscii-output, length: 5 @ http://localhost:3001/assets/index-DmX2Ev4k.js:88
[   18641ms] [LOG] [PETSCII] Switching font from PetMe64, "Courier New", monospace to PetMe64 @ http://localhost:3001/assets/index-DmX2Ev4k.js:88
[   18641ms] [LOG] [PETSCII] PETSCII content written to terminal @ http://localhost:3001/assets/index-DmX2Ev4k.js:88
[   18641ms] [LOG] [PETSCII] Received petscii-output, length: 1 @ http://localhost:3001/assets/index-DmX2Ev4k.js:88
[   18641ms] [LOG] [PETSCII] Switching font from PetMe64, "Courier New", monospace to PetMe64 @ http://localhost:3001/assets/index-DmX2Ev4k.js:88
[   18641ms] [LOG] [PETSCII] PETSCII content written to terminal @ http://localhost:3001/assets/index-DmX2Ev4k.js:88
[   18641ms] [LOG] [PETSCII] Received petscii-output, length: 5 @ http://localhost:3001/assets/index-DmX2Ev4k.js:88
[   18641ms] [LOG] [PETSCII] Switching font from PetMe64, "Courier New", monospace to PetMe64 @ http://localhost:3001/assets/index-DmX2Ev4k.js:88
[   18641ms] [LOG] [PETSCII] PETSCII content written to terminal @ http://localhost:3001/assets/index-DmX2Ev4k.js:88
[   18641ms] [LOG] [PETSCII] Received petscii-output, length: 1 @ http://localhost:3001/assets/index-DmX2Ev4k.js:88
[   18641ms] [LOG] [PETSCII] Switching font from PetMe64, "Courier New", monospace to PetMe64 @ http://localhost:3001/assets/index-DmX2Ev4k.js:88
[   18641ms] [LOG] [PETSCII] PETSCII content written to terminal @ http://localhost:3001/assets/index-DmX2Ev4k.js:88
[   18650ms] [LOG] [PETSCII] Received petscii-output, length: 2 @ http://localhost:3001/assets/index-DmX2Ev4k.js:88
[   18650ms] [LOG] [PETSCII] Switching font from PetMe64, "Courier New", monospace to PetMe64 @ http://localhost:3001/assets/index-DmX2Ev4k.js:88
[   18650ms] [LOG] [PETSCII] PETSCII content written to terminal @ http://localhost:3001/assets/index-DmX2Ev4k.js:88
[   18650ms] [LOG] [PETSCII] Received petscii-output, length: 5 @ http://localhost:3001/assets/index-DmX2Ev4k.js:88
[   18650ms] [LOG] [PETSCII] Switching font from PetMe64, "Courier New", monospace to PetMe64 @ http://localhost:3001/assets/index-DmX2Ev4k.js:88
[   18650ms] [LOG] [PETSCII] PETSCII content written to terminal @ http://localhost:3001/assets/index-DmX2Ev4k.js:88
[   18650ms] [LOG] [PETSCII] Received petscii-output, length: 5 @ http://localhost:3001/assets/index-DmX2Ev4k.js:88
[   18650ms] [LOG] [PETSCII] Switching font from PetMe64, "Courier New", monospace to PetMe64 @ http://localhost:3001/assets/index-DmX2Ev4k.js:88
[   18650ms] [LOG] [PETSCII] PETSCII content written to terminal @ http://localhost:3001/assets/index-DmX2Ev4k.js:88
[   18650ms] [LOG] [PETSCII] Received petscii-output, length: 1 @ http://localhost:3001/assets/index-DmX2Ev4k.js:88
[   18650ms] [LOG] [PETSCII] Switching font from PetMe64, "Courier New", monospace to PetMe64 @ http://localhost:3001/assets/index-DmX2Ev4k.js:88
[   18651ms] [LOG] [PETSCII] PETSCII content written to terminal @ http://localhost:3001/assets/index-DmX2Ev4k.js:88
[   18651ms] [LOG] [PETSCII] Received petscii-output, length: 4 @ http://localhost:3001/assets/index-DmX2Ev4k.js:88
[   18651ms] [LOG] [PETSCII] Switching font from PetMe64, "Courier New", monospace to PetMe64 @ http://localhost:3001/assets/index-DmX2Ev4k.js:88
[   18651ms] [LOG] [PETSCII] PETSCII content written to terminal @ http://localhost:3001/assets/index-DmX2Ev4k.js:88
[   18651ms] [LOG] [PETSCII] Received petscii-output, length: 5 @ http://localhost:3001/assets/index-DmX2Ev4k.js:88
[   18651ms] [LOG] [PETSCII] Switching font from PetMe64, "Courier New", monospace to PetMe64 @ http://localhost:3001/assets/index-DmX2Ev4k.js:88
[   18651ms] [LOG] [PETSCII] PETSCII content written to terminal @ http://localhost:3001/assets/index-DmX2Ev4k.js:88
[   18651ms] [LOG] [PETSCII] Received petscii-output, length: 1 @ http://localhost:3001/assets/index-DmX2Ev4k.js:88
[   18651ms] [LOG] [PETSCII] Switching font from PetMe64, "Courier New", monospace to PetMe64 @ http://localhost:3001/assets/index-DmX2Ev4k.js:88
[   18651ms] [LOG] [PETSCII] PETSCII content written to terminal @ http://localhost:3001/assets/index-DmX2Ev4k.js:88
[   18651ms] [LOG] [PETSCII] Received petscii-output, length: 5 @ http://localhost:3001/assets/index-DmX2Ev4k.js:88
[   18651ms] [LOG] [PETSCII] Switching font from PetMe64, "Courier New", monospace to PetMe64 @ http://localhost:3001/assets/index-DmX2Ev4k.js:88
[   18651ms] [LOG] [PETSCII] PETSCII content written to terminal @ http://localhost:3001/assets/index-DmX2Ev4k.js:88
[   18651ms] [LOG] [PETSCII] Received petscii-output, length: 5 @ http://localhost:3001/assets/index-DmX2Ev4k.js:88
[   18651ms] [LOG] [PETSCII] Switching font from PetMe64, "Courier New", monospace to PetMe64 @ http://localhost:3001/assets/index-DmX2Ev4k.js:88
[   18651ms] [LOG] [PETSCII] PETSCII content written to terminal @ http://localhost:3001/assets/index-DmX2Ev4k.js:88
[   18651ms] [LOG] [PETSCII] Received petscii-output, length: 1 @ http://localhost:3001/assets/index-DmX2Ev4k.js:88
[   18651ms] [LOG] [PETSCII] Switching font from PetMe64, "Courier New", monospace to PetMe64 @ http://localhost:3001/assets/index-DmX2Ev4k.js:88
[   18651ms] [LOG] [PETSCII] PETSCII content written to terminal @ http://localhost:3001/assets/index-DmX2Ev4k.js:88
[   18651ms] [LOG] [PETSCII] Received petscii-output, length: 4 @ http://localhost:3001/assets/index-DmX2Ev4k.js:88
[   18651ms] [LOG] [PETSCII] Switching font from PetMe64, "Courier New", monospace to PetMe64 @ http://localhost:3001/assets/index-DmX2Ev4k.js:88
[   18651ms] [LOG] [PETSCII] PETSCII content written to terminal @ http://localhost:3001/assets/index-DmX2Ev4k.js:88
[   18651ms] [LOG] [PETSCII] Received petscii-output, length: 5 @ http://localhost:3001/assets/index-DmX2Ev4k.js:88
[   18651ms] [LOG] [PETSCII] Switching font from PetMe64, "Courier New", monospace to PetMe64 @ http://localhost:3001/assets/index-DmX2Ev4k.js:88
[   18651ms] [LOG] [PETSCII] PETSCII content written to terminal @ http://localhost:3001/assets/index-DmX2Ev4k.js:88
[   18651ms] [LOG] [PETSCII] Received petscii-output, length: 1 @ http://localhost:3001/assets/index-DmX2Ev4k.js:88
[   18651ms] [LOG] [PETSCII] Switching font from PetMe64, "Courier New", monospace to PetMe64 @ http://localhost:3001/assets/index-DmX2Ev4k.js:88
[   18651ms] [LOG] [PETSCII] PETSCII content written to terminal @ http://localhost:3001/assets/index-DmX2Ev4k.js:88
[   18651ms] [LOG] [PETSCII] Received petscii-output, length: 5 @ http://localhost:3001/assets/index-DmX2Ev4k.js:88
[   18651ms] [LOG] [PETSCII] Switching font from PetMe64, "Courier New", monospace to PetMe64 @ http://localhost:3001/assets/index-DmX2Ev4k.js:88
[   18651ms] [LOG] [PETSCII] PETSCII content written to terminal @ http://localhost:3001/assets/index-DmX2Ev4k.js:88
[   18651ms] [LOG] [PETSCII] Received petscii-output, length: 1 @ http://localhost:3001/assets/index-DmX2Ev4k.js:88
[   18651ms] [LOG] [PETSCII] Switching font from PetMe64, "Courier New", monospace to PetMe64 @ http://localhost:3001/assets/index-DmX2Ev4k.js:88
[   18651ms] [LOG] [PETSCII] PETSCII content written to terminal @ http://localhost:3001/assets/index-DmX2Ev4k.js:88
[   18651ms] [LOG] [PETSCII] Received petscii-output, length: 5 @ http://localhost:3001/assets/index-DmX2Ev4k.js:88
[   18651ms] [LOG] [PETSCII] Switching font from PetMe64, "Courier New", monospace to PetMe64 @ http://localhost:3001/assets/index-DmX2Ev4k.js:88
[   18652ms] [LOG] [PETSCII] PETSCII content written to terminal @ http://localhost:3001/assets/index-DmX2Ev4k.js:88
[   18652ms] [LOG] [PETSCII] Received petscii-output, length: 5 @ http://localhost:3001/assets/index-DmX2Ev4k.js:88
[   18652ms] [LOG] [PETSCII] Switching font from PetMe64, "Courier New", monospace to PetMe64 @ http://localhost:3001/assets/index-DmX2Ev4k.js:88
[   18652ms] [LOG] [PETSCII] PETSCII content written to terminal @ http://localhost:3001/assets/index-DmX2Ev4k.js:88
[   18652ms] [LOG] [PETSCII] Received petscii-output, length: 1 @ http://localhost:3001/assets/index-DmX2Ev4k.js:88
[   18652ms] [LOG] [PETSCII] Switching font from PetMe64, "Courier New", monospace to PetMe64 @ http://localhost:3001/assets/index-DmX2Ev4k.js:88
[   18652ms] [LOG] [PETSCII] PETSCII content written to terminal @ http://localhost:3001/assets/index-DmX2Ev4k.js:88
[   18652ms] [LOG] [PETSCII] Received petscii-output, length: 4 @ http://localhost:3001/assets/index-DmX2Ev4k.js:88
[   18652ms] [LOG] [PETSCII] Switching font from PetMe64, "Courier New", monospace to PetMe64 @ http://localhost:3001/assets/index-DmX2Ev4k.js:88
[   18652ms] [LOG] [PETSCII] PETSCII content written to terminal @ http://localhost:3001/assets/index-DmX2Ev4k.js:88
[   18652ms] [LOG] [PETSCII] Received petscii-output, length: 5 @ http://localhost:3001/assets/index-DmX2Ev4k.js:88
[   18652ms] [LOG] [PETSCII] Switching font from PetMe64, "Courier New", monospace to PetMe64 @ http://localhost:3001/assets/index-DmX2Ev4k.js:88
[   18652ms] [LOG] [PETSCII] PETSCII content written to terminal @ http://localhost:3001/assets/index-DmX2Ev4k.js:88
[   18652ms] [LOG] [PETSCII] Received petscii-output, length: 1 @ http://localhost:3001/assets/index-DmX2Ev4k.js:88
[   18652ms] [LOG] [PETSCII] Switching font from PetMe64, "Courier New", monospace to PetMe64 @ http://localhost:3001/assets/index-DmX2Ev4k.js:88
[   18652ms] [LOG] [PETSCII] PETSCII content written to terminal @ http://localhost:3001/assets/index-DmX2Ev4k.js:88
[   18652ms] [LOG] [PETSCII] Received petscii-output, length: 5 @ http://localhost:3001/assets/index-DmX2Ev4k.js:88
[   18652ms] [LOG] [PETSCII] Switching font from PetMe64, "Courier New", monospace to PetMe64 @ http://localhost:3001/assets/index-DmX2Ev4k.js:88
[   18652ms] [LOG] [PETSCII] PETSCII content written to terminal @ http://localhost:3001/assets/index-DmX2Ev4k.js:88
[   18652ms] [LOG] [PETSCII] Received petscii-output, length: 3 @ http://localhost:3001/assets/index-DmX2Ev4k.js:88
[   18652ms] [LOG] [PETSCII] Switching font from PetMe64, "Courier New", monospace to PetMe64 @ http://localhost:3001/assets/index-DmX2Ev4k.js:88
[   18652ms] [LOG] [PETSCII] PETSCII content written to terminal @ http://localhost:3001/assets/index-DmX2Ev4k.js:88
[   18652ms] [LOG] [PETSCII] Received petscii-output, length: 5 @ http://localhost:3001/assets/index-DmX2Ev4k.js:88
[   18652ms] [LOG] [PETSCII] Switching font from PetMe64, "Courier New", monospace to PetMe64 @ http://localhost:3001/assets/index-DmX2Ev4k.js:88
[   18652ms] [LOG] [PETSCII] PETSCII content written to terminal @ http://localhost:3001/assets/index-DmX2Ev4k.js:88
[   18652ms] [LOG] [PETSCII] Received petscii-output, length: 6 @ http://localhost:3001/assets/index-DmX2Ev4k.js:88
[   18652ms] [LOG] [PETSCII] Switching font from PetMe64, "Courier New", monospace to PetMe64 @ http://localhost:3001/assets/index-DmX2Ev4k.js:88
[   18652ms] [LOG] [PETSCII] PETSCII content written to terminal @ http://localhost:3001/assets/index-DmX2Ev4k.js:88
[   18652ms] [LOG] [PETSCII] Received petscii-output, length: 5 @ http://localhost:3001/assets/index-DmX2Ev4k.js:88
[   18652ms] [LOG] [PETSCII] Switching font from PetMe64, "Courier New", monospace to PetMe64 @ http://localhost:3001/assets/index-DmX2Ev4k.js:88
[   18652ms] [LOG] [PETSCII] PETSCII content written to terminal @ http://localhost:3001/assets/index-DmX2Ev4k.js:88
[   18652ms] [LOG] [PETSCII] Received petscii-output, length: 5 @ http://localhost:3001/assets/index-DmX2Ev4k.js:88
[   18652ms] [LOG] [PETSCII] Switching font from PetMe64, "Courier New", monospace to PetMe64 @ http://localhost:3001/assets/index-DmX2Ev4k.js:88
[   18652ms] [LOG] [PETSCII] PETSCII content written to terminal @ http://localhost:3001/assets/index-DmX2Ev4k.js:88
[   18652ms] [LOG] [PETSCII] Received petscii-output, length: 1 @ http://localhost:3001/assets/index-DmX2Ev4k.js:88
[   18652ms] [LOG] [PETSCII] Switching font from PetMe64, "Courier New", monospace to PetMe64 @ http://localhost:3001/assets/index-DmX2Ev4k.js:88
[   18652ms] [LOG] [PETSCII] PETSCII content written to terminal @ http://localhost:3001/assets/index-DmX2Ev4k.js:88
[   18653ms] [LOG] [PETSCII] Received petscii-output, length: 4 @ http://localhost:3001/assets/index-DmX2Ev4k.js:88
[   18653ms] [LOG] [PETSCII] Switching font from PetMe64, "Courier New", monospace to PetMe64 @ http://localhost:3001/assets/index-DmX2Ev4k.js:88
[   18653ms] [LOG] [PETSCII] PETSCII content written to terminal @ http://localhost:3001/assets/index-DmX2Ev4k.js:88
[   18653ms] [LOG] [PETSCII] Received petscii-output, length: 5 @ http://localhost:3001/assets/index-DmX2Ev4k.js:88
[   18653ms] [LOG] [PETSCII] Switching font from PetMe64, "Courier New", monospace to PetMe64 @ http://localhost:3001/assets/index-DmX2Ev4k.js:88
[   18653ms] [LOG] [PETSCII] PETSCII content written to terminal @ http://localhost:3001/assets/index-DmX2Ev4k.js:88
[   18653ms] [LOG] [PETSCII] Received petscii-output, length: 1 @ http://localhost:3001/assets/index-DmX2Ev4k.js:88
[   18653ms] [LOG] [PETSCII] Switching font from PetMe64, "Courier New", monospace to PetMe64 @ http://localhost:3001/assets/index-DmX2Ev4k.js:88
[   18653ms] [LOG] [PETSCII] PETSCII content written to terminal @ http://localhost:3001/assets/index-DmX2Ev4k.js:88
[   18653ms] [LOG] [PETSCII] Received petscii-output, length: 5 @ http://localhost:3001/assets/index-DmX2Ev4k.js:88
[   18653ms] [LOG] [PETSCII] Switching font from PetMe64, "Courier New", monospace to PetMe64 @ http://localhost:3001/assets/index-DmX2Ev4k.js:88
[   18653ms] [LOG] [PETSCII] PETSCII content written to terminal @ http://localhost:3001/assets/index-DmX2Ev4k.js:88
[   18653ms] [LOG] [PETSCII] Received petscii-output, length: 5 @ http://localhost:3001/assets/index-DmX2Ev4k.js:88
[   18653ms] [LOG] [PETSCII] Switching font from PetMe64, "Courier New", monospace to PetMe64 @ http://localhost:3001/assets/index-DmX2Ev4k.js:88
[   18653ms] [LOG] [PETSCII] PETSCII content written to terminal @ http://localhost:3001/assets/index-DmX2Ev4k.js:88
[   18653ms] [LOG] [PETSCII] Received petscii-output, length: 1 @ http://localhost:3001/assets/index-DmX2Ev4k.js:88
[   18653ms] [LOG] [PETSCII] Switching font from PetMe64, "Courier New", monospace to PetMe64 @ http://localhost:3001/assets/index-DmX2Ev4k.js:88
[   18653ms] [LOG] [PETSCII] PETSCII content written to terminal @ http://localhost:3001/assets/index-DmX2Ev4k.js:88
[   18653ms] [LOG] [PETSCII] Received petscii-output, length: 4 @ http://localhost:3001/assets/index-DmX2Ev4k.js:88
[   18653ms] [LOG] [PETSCII] Switching font from PetMe64, "Courier New", monospace to PetMe64 @ http://localhost:3001/assets/index-DmX2Ev4k.js:88
[   18653ms] [LOG] [PETSCII] PETSCII content written to terminal @ http://localhost:3001/assets/index-DmX2Ev4k.js:88
[   18653ms] [LOG] [PETSCII] Received petscii-output, length: 5 @ http://localhost:3001/assets/index-DmX2Ev4k.js:88
[   18653ms] [LOG] [PETSCII] Switching font from PetMe64, "Courier New", monospace to PetMe64 @ http://localhost:3001/assets/index-DmX2Ev4k.js:88
[   18653ms] [LOG] [PETSCII] PETSCII content written to terminal @ http://localhost:3001/assets/index-DmX2Ev4k.js:88
[   18653ms] [LOG] [PETSCII] Received petscii-output, length: 1 @ http://localhost:3001/assets/index-DmX2Ev4k.js:88
[   18653ms] [LOG] [PETSCII] Switching font from PetMe64, "Courier New", monospace to PetMe64 @ http://localhost:3001/assets/index-DmX2Ev4k.js:88
[   18653ms] [LOG] [PETSCII] PETSCII content written to terminal @ http://localhost:3001/assets/index-DmX2Ev4k.js:88
[   18653ms] [LOG] [PETSCII] Received petscii-output, length: 5 @ http://localhost:3001/assets/index-DmX2Ev4k.js:88
[   18653ms] [LOG] [PETSCII] Switching font from PetMe64, "Courier New", monospace to PetMe64 @ http://localhost:3001/assets/index-DmX2Ev4k.js:88
[   18653ms] [LOG] [PETSCII] PETSCII content written to terminal @ http://localhost:3001/assets/index-DmX2Ev4k.js:88
[   18653ms] [LOG] [PETSCII] Received petscii-output, length: 5 @ http://localhost:3001/assets/index-DmX2Ev4k.js:88
[   18653ms] [LOG] [PETSCII] Switching font from PetMe64, "Courier New", monospace to PetMe64 @ http://localhost:3001/assets/index-DmX2Ev4k.js:88
[   18653ms] [LOG] [PETSCII] PETSCII content written to terminal @ http://localhost:3001/assets/index-DmX2Ev4k.js:88
[   18653ms] [LOG] [PETSCII] Received petscii-output, length: 1 @ http://localhost:3001/assets/index-DmX2Ev4k.js:88
[   18653ms] [LOG] [PETSCII] Switching font from PetMe64, "Courier New", monospace to PetMe64 @ http://localhost:3001/assets/index-DmX2Ev4k.js:88
[   18653ms] [LOG] [PETSCII] PETSCII content written to terminal @ http://localhost:3001/assets/index-DmX2Ev4k.js:88
[   18653ms] [LOG] [PETSCII] Received petscii-output, length: 4 @ http://localhost:3001/assets/index-DmX2Ev4k.js:88
[   18653ms] [LOG] [PETSCII] Switching font from PetMe64, "Courier New", monospace to PetMe64 @ http://localhost:3001/assets/index-DmX2Ev4k.js:88
[   18653ms] [LOG] [PETSCII] PETSCII content written to terminal @ http://localhost:3001/assets/index-DmX2Ev4k.js:88
[   18653ms] [LOG] [PETSCII] Received petscii-output, length: 5 @ http://localhost:3001/assets/index-DmX2Ev4k.js:88
[   18653ms] [LOG] [PETSCII] Switching font from PetMe64, "Courier New", monospace to PetMe64 @ http://localhost:3001/assets/index-DmX2Ev4k.js:88
[   18653ms] [LOG] [PETSCII] PETSCII content written to terminal @ http://localhost:3001/assets/index-DmX2Ev4k.js:88
[   18653ms] [LOG] [PETSCII] Received petscii-output, length: 2 @ http://localhost:3001/assets/index-DmX2Ev4k.js:88
[   18654ms] [LOG] [PETSCII] Switching font from PetMe64, "Courier New", monospace to PetMe64 @ http://localhost:3001/assets/index-DmX2Ev4k.js:88
[   18654ms] [LOG] [PETSCII] PETSCII content written to terminal @ http://localhost:3001/assets/index-DmX2Ev4k.js:88
[   18654ms] [LOG] [PETSCII] Received petscii-output, length: 5 @ http://localhost:3001/assets/index-DmX2Ev4k.js:88
[   18654ms] [LOG] [PETSCII] Switching font from PetMe64, "Courier New", monospace to PetMe64 @ http://localhost:3001/assets/index-DmX2Ev4k.js:88
[   18654ms] [LOG] [PETSCII] PETSCII content written to terminal @ http://localhost:3001/assets/index-DmX2Ev4k.js:88
[   18654ms] [LOG] [PETSCII] Received petscii-output, length: 5 @ http://localhost:3001/assets/index-DmX2Ev4k.js:88
[   18654ms] [LOG] [PETSCII] Switching font from PetMe64, "Courier New", monospace to PetMe64 @ http://localhost:3001/assets/index-DmX2Ev4k.js:88
[   18654ms] [LOG] [PETSCII] PETSCII content written to terminal @ http://localhost:3001/assets/index-DmX2Ev4k.js:88
[   18654ms] [LOG] [PETSCII] Received petscii-output, length: 1 @ http://localhost:3001/assets/index-DmX2Ev4k.js:88
[   18654ms] [LOG] [PETSCII] Switching font from PetMe64, "Courier New", monospace to PetMe64 @ http://localhost:3001/assets/index-DmX2Ev4k.js:88
[   18654ms] [LOG] [PETSCII] PETSCII content written to terminal @ http://localhost:3001/assets/index-DmX2Ev4k.js:88
[   18654ms] [LOG] [PETSCII] Received petscii-output, length: 4 @ http://localhost:3001/assets/index-DmX2Ev4k.js:88
[   18654ms] [LOG] [PETSCII] Switching font from PetMe64, "Courier New", monospace to PetMe64 @ http://localhost:3001/assets/index-DmX2Ev4k.js:88
[   18654ms] [LOG] [PETSCII] PETSCII content written to terminal @ http://localhost:3001/assets/index-DmX2Ev4k.js:88
[   18654ms] [LOG] [PETSCII] Received petscii-output, length: 1 @ http://localhost:3001/assets/index-DmX2Ev4k.js:88
[   18654ms] [LOG] [PETSCII] Switching font from PetMe64, "Courier New", monospace to PetMe64 @ http://localhost:3001/assets/index-DmX2Ev4k.js:88
[   18654ms] [LOG] [PETSCII] PETSCII content written to terminal @ http://localhost:3001/assets/index-DmX2Ev4k.js:88
[   18654ms] [LOG] [PETSCII] Received petscii-output, length: 2 @ http://localhost:3001/assets/index-DmX2Ev4k.js:88
[   18654ms] [LOG] [PETSCII] Switching font from PetMe64, "Courier New", monospace to PetMe64 @ http://localhost:3001/assets/index-DmX2Ev4k.js:88
[   18654ms] [LOG] [PETSCII] PETSCII content written to terminal @ http://localhost:3001/assets/index-DmX2Ev4k.js:88
[   18654ms] [LOG] [PETSCII] Received petscii-output, length: 5 @ http://localhost:3001/assets/index-DmX2Ev4k.js:88
[   18654ms] [LOG] [PETSCII] Switching font from PetMe64, "Courier New", monospace to PetMe64 @ http://localhost:3001/assets/index-DmX2Ev4k.js:88
[   18654ms] [LOG] [PETSCII] PETSCII content written to terminal @ http://localhost:3001/assets/index-DmX2Ev4k.js:88
[   18654ms] [LOG] [PETSCII] Received petscii-output, length: 1 @ http://localhost:3001/assets/index-DmX2Ev4k.js:88
[   18654ms] [LOG] [PETSCII] Switching font from PetMe64, "Courier New", monospace to PetMe64 @ http://localhost:3001/assets/index-DmX2Ev4k.js:88
[   18654ms] [LOG] [PETSCII] PETSCII content written to terminal @ http://localhost:3001/assets/index-DmX2Ev4k.js:88
[   18654ms] [LOG] [PETSCII] Received petscii-output, length: 5 @ http://localhost:3001/assets/index-DmX2Ev4k.js:88
[   18654ms] [LOG] [PETSCII] Switching font from PetMe64, "Courier New", monospace to PetMe64 @ http://localhost:3001/assets/index-DmX2Ev4k.js:88
[   18654ms] [LOG] [PETSCII] PETSCII content written to terminal @ http://localhost:3001/assets/index-DmX2Ev4k.js:88
[   18654ms] [LOG] [PETSCII] Received petscii-output, length: 1 @ http://localhost:3001/assets/index-DmX2Ev4k.js:88
[   18654ms] [LOG] [PETSCII] Switching font from PetMe64, "Courier New", monospace to PetMe64 @ http://localhost:3001/assets/index-DmX2Ev4k.js:88
[   18654ms] [LOG] [PETSCII] PETSCII content written to terminal @ http://localhost:3001/assets/index-DmX2Ev4k.js:88
[   18654ms] [LOG] [PETSCII] Received petscii-output, length: 5 @ http://localhost:3001/assets/index-DmX2Ev4k.js:88
[   18654ms] [LOG] [PETSCII] Switching font from PetMe64, "Courier New", monospace to PetMe64 @ http://localhost:3001/assets/index-DmX2Ev4k.js:88
[   18654ms] [LOG] [PETSCII] PETSCII content written to terminal @ http://localhost:3001/assets/index-DmX2Ev4k.js:88
[   18654ms] [LOG] [PETSCII] Received petscii-output, length: 6 @ http://localhost:3001/assets/index-DmX2Ev4k.js:88
[   18654ms] [LOG] [PETSCII] Switching font from PetMe64, "Courier New", monospace to PetMe64 @ http://localhost:3001/assets/index-DmX2Ev4k.js:88
[   18654ms] [LOG] [PETSCII] PETSCII content written to terminal @ http://localhost:3001/assets/index-DmX2Ev4k.js:88
[   18654ms] [LOG] [PETSCII] Received petscii-output, length: 5 @ http://localhost:3001/assets/index-DmX2Ev4k.js:88
[   18654ms] [LOG] [PETSCII] Switching font from PetMe64, "Courier New", monospace to PetMe64 @ http://localhost:3001/assets/index-DmX2Ev4k.js:88
[   18655ms] [LOG] [PETSCII] PETSCII content written to terminal @ http://localhost:3001/assets/index-DmX2Ev4k.js:88
[   18655ms] [LOG] [PETSCII] Received petscii-output, length: 5 @ http://localhost:3001/assets/index-DmX2Ev4k.js:88
[   18655ms] [LOG] [PETSCII] Switching font from PetMe64, "Courier New", monospace to PetMe64 @ http://localhost:3001/assets/index-DmX2Ev4k.js:88
[   18655ms] [LOG] [PETSCII] PETSCII content written to terminal @ http://localhost:3001/assets/index-DmX2Ev4k.js:88
[   18655ms] [LOG] [PETSCII] Received petscii-output, length: 1 @ http://localhost:3001/assets/index-DmX2Ev4k.js:88
[   18655ms] [LOG] [PETSCII] Switching font from PetMe64, "Courier New", monospace to PetMe64 @ http://localhost:3001/assets/index-DmX2Ev4k.js:88
[   18655ms] [LOG] [PETSCII] PETSCII content written to terminal @ http://localhost:3001/assets/index-DmX2Ev4k.js:88
[   18655ms] [LOG] [PETSCII] Received petscii-output, length: 1 @ http://localhost:3001/assets/index-DmX2Ev4k.js:88
[   18655ms] [LOG] [PETSCII] Switching font from PetMe64, "Courier New", monospace to PetMe64 @ http://localhost:3001/assets/index-DmX2Ev4k.js:88
[   18655ms] [LOG] [PETSCII] PETSCII content written to terminal @ http://localhost:3001/assets/index-DmX2Ev4k.js:88
[   18655ms] [LOG] [PETSCII] Received petscii-output, length: 4 @ http://localhost:3001/assets/index-DmX2Ev4k.js:88
[   18655ms] [LOG] [PETSCII] Switching font from PetMe64, "Courier New", monospace to PetMe64 @ http://localhost:3001/assets/index-DmX2Ev4k.js:88
[   18655ms] [LOG] [PETSCII] PETSCII content written to terminal @ http://localhost:3001/assets/index-DmX2Ev4k.js:88
[   18655ms] [LOG] [PETSCII] Received petscii-output, length: 5 @ http://localhost:3001/assets/index-DmX2Ev4k.js:88
[   18655ms] [LOG] [PETSCII] Switching font from PetMe64, "Courier New", monospace to PetMe64 @ http://localhost:3001/assets/index-DmX2Ev4k.js:88
[   18655ms] [LOG] [PETSCII] PETSCII content written to terminal @ http://localhost:3001/assets/index-DmX2Ev4k.js:88
[   18655ms] [LOG] [PETSCII] Received petscii-output, length: 1 @ http://localhost:3001/assets/index-DmX2Ev4k.js:88
[   18655ms] [LOG] [PETSCII] Switching font from PetMe64, "Courier New", monospace to PetMe64 @ http://localhost:3001/assets/index-DmX2Ev4k.js:88
[   18655ms] [LOG] [PETSCII] PETSCII content written to terminal @ http://localhost:3001/assets/index-DmX2Ev4k.js:88
[   18655ms] [LOG] [PETSCII] Received petscii-output, length: 5 @ http://localhost:3001/assets/index-DmX2Ev4k.js:88
[   18655ms] [LOG] [PETSCII] Switching font from PetMe64, "Courier New", monospace to PetMe64 @ http://localhost:3001/assets/index-DmX2Ev4k.js:88
[   18655ms] [LOG] [PETSCII] PETSCII content written to terminal @ http://localhost:3001/assets/index-DmX2Ev4k.js:88
[   18655ms] [LOG] [PETSCII] Received petscii-output, length: 1 @ http://localhost:3001/assets/index-DmX2Ev4k.js:88
[   18655ms] [LOG] [PETSCII] Switching font from PetMe64, "Courier New", monospace to PetMe64 @ http://localhost:3001/assets/index-DmX2Ev4k.js:88
[   18655ms] [LOG] [PETSCII] PETSCII content written to terminal @ http://localhost:3001/assets/index-DmX2Ev4k.js:88
[   18655ms] [LOG] [PETSCII] Received petscii-output, length: 5 @ http://localhost:3001/assets/index-DmX2Ev4k.js:88
[   18655ms] [LOG] [PETSCII] Switching font from PetMe64, "Courier New", monospace to PetMe64 @ http://localhost:3001/assets/index-DmX2Ev4k.js:88
[   18655ms] [LOG] [PETSCII] PETSCII content written to terminal @ http://localhost:3001/assets/index-DmX2Ev4k.js:88
[   18655ms] [LOG] [PETSCII] Received petscii-output, length: 5 @ http://localhost:3001/assets/index-DmX2Ev4k.js:88
[   18655ms] [LOG] [PETSCII] Switching font from PetMe64, "Courier New", monospace to PetMe64 @ http://localhost:3001/assets/index-DmX2Ev4k.js:88
[   18655ms] [LOG] [PETSCII] PETSCII content written to terminal @ http://localhost:3001/assets/index-DmX2Ev4k.js:88
[   18656ms] [LOG] [PETSCII] Received petscii-output, length: 1 @ http://localhost:3001/assets/index-DmX2Ev4k.js:88
[   18656ms] [LOG] [PETSCII] Switching font from PetMe64, "Courier New", monospace to PetMe64 @ http://localhost:3001/assets/index-DmX2Ev4k.js:88
[   18656ms] [LOG] [PETSCII] PETSCII content written to terminal @ http://localhost:3001/assets/index-DmX2Ev4k.js:88
[   18656ms] [LOG] [PETSCII] Received petscii-output, length: 4 @ http://localhost:3001/assets/index-DmX2Ev4k.js:88
[   18656ms] [LOG] [PETSCII] Switching font from PetMe64, "Courier New", monospace to PetMe64 @ http://localhost:3001/assets/index-DmX2Ev4k.js:88
[   18656ms] [LOG] [PETSCII] PETSCII content written to terminal @ http://localhost:3001/assets/index-DmX2Ev4k.js:88
[   18656ms] [LOG] [PETSCII] Received petscii-output, length: 5 @ http://localhost:3001/assets/index-DmX2Ev4k.js:88
[   18656ms] [LOG] [PETSCII] Switching font from PetMe64, "Courier New", monospace to PetMe64 @ http://localhost:3001/assets/index-DmX2Ev4k.js:88
[   18656ms] [LOG] [PETSCII] PETSCII content written to terminal @ http://localhost:3001/assets/index-DmX2Ev4k.js:88
[   18656ms] [LOG] [PETSCII] Received petscii-output, length: 1 @ http://localhost:3001/assets/index-DmX2Ev4k.js:88
[   18656ms] [LOG] [PETSCII] Switching font from PetMe64, "Courier New", monospace to PetMe64 @ http://localhost:3001/assets/index-DmX2Ev4k.js:88
[   18656ms] [LOG] [PETSCII] PETSCII content written to terminal @ http://localhost:3001/assets/index-DmX2Ev4k.js:88
[   18656ms] [LOG] [PETSCII] Received petscii-output, length: 5 @ http://localhost:3001/assets/index-DmX2Ev4k.js:88
[   18656ms] [LOG] [PETSCII] Switching font from PetMe64, "Courier New", monospace to PetMe64 @ http://localhost:3001/assets/index-DmX2Ev4k.js:88
[   18656ms] [LOG] [PETSCII] PETSCII content written to terminal @ http://localhost:3001/assets/index-DmX2Ev4k.js:88
[   18656ms] [LOG] [PETSCII] Received petscii-output, length: 1 @ http://localhost:3001/assets/index-DmX2Ev4k.js:88
[   18656ms] [LOG] [PETSCII] Switching font from PetMe64, "Courier New", monospace to PetMe64 @ http://localhost:3001/assets/index-DmX2Ev4k.js:88
[   18656ms] [LOG] [PETSCII] PETSCII content written to terminal @ http://localhost:3001/assets/index-DmX2Ev4k.js:88
[   18656ms] [LOG] [PETSCII] Received petscii-output, length: 2 @ http://localhost:3001/assets/index-DmX2Ev4k.js:88
[   18656ms] [LOG] [PETSCII] Switching font from PetMe64, "Courier New", monospace to PetMe64 @ http://localhost:3001/assets/index-DmX2Ev4k.js:88
[   18656ms] [LOG] [PETSCII] PETSCII content written to terminal @ http://localhost:3001/assets/index-DmX2Ev4k.js:88
[   18656ms] [LOG] [PETSCII] Received petscii-output, length: 5 @ http://localhost:3001/assets/index-DmX2Ev4k.js:88
[   18656ms] [LOG] [PETSCII] Switching font from PetMe64, "Courier New", monospace to PetMe64 @ http://localhost:3001/assets/index-DmX2Ev4k.js:88
[   18656ms] [LOG] [PETSCII] PETSCII content written to terminal @ http://localhost:3001/assets/index-DmX2Ev4k.js:88
[   18656ms] [LOG] [PETSCII] Received petscii-output, length: 5 @ http://localhost:3001/assets/index-DmX2Ev4k.js:88
[   18656ms] [LOG] [PETSCII] Switching font from PetMe64, "Courier New", monospace to PetMe64 @ http://localhost:3001/assets/index-DmX2Ev4k.js:88
[   18656ms] [LOG] [PETSCII] PETSCII content written to terminal @ http://localhost:3001/assets/index-DmX2Ev4k.js:88
[   18656ms] [LOG] [PETSCII] Received petscii-output, length: 1 @ http://localhost:3001/assets/index-DmX2Ev4k.js:88
[   18656ms] [LOG] [PETSCII] Switching font from PetMe64, "Courier New", monospace to PetMe64 @ http://localhost:3001/assets/index-DmX2Ev4k.js:88
[   18656ms] [LOG] [PETSCII] PETSCII content written to terminal @ http://localhost:3001/assets/index-DmX2Ev4k.js:88
[   18656ms] [LOG] [PETSCII] Received petscii-output, length: 4 @ http://localhost:3001/assets/index-DmX2Ev4k.js:88
[   18656ms] [LOG] [PETSCII] Switching font from PetMe64, "Courier New", monospace to PetMe64 @ http://localhost:3001/assets/index-DmX2Ev4k.js:88
[   18656ms] [LOG] [PETSCII] PETSCII content written to terminal @ http://localhost:3001/assets/index-DmX2Ev4k.js:88
[   18656ms] [LOG] [PETSCII] Received petscii-output, length: 5 @ http://localhost:3001/assets/index-DmX2Ev4k.js:88
[   18656ms] [LOG] [PETSCII] Switching font from PetMe64, "Courier New", monospace to PetMe64 @ http://localhost:3001/assets/index-DmX2Ev4k.js:88
[   18657ms] [LOG] [PETSCII] PETSCII content written to terminal @ http://localhost:3001/assets/index-DmX2Ev4k.js:88
[   18657ms] [LOG] [PETSCII] Received petscii-output, length: 1 @ http://localhost:3001/assets/index-DmX2Ev4k.js:88
[   18657ms] [LOG] [PETSCII] Switching font from PetMe64, "Courier New", monospace to PetMe64 @ http://localhost:3001/assets/index-DmX2Ev4k.js:88
[   18657ms] [LOG] [PETSCII] PETSCII content written to terminal @ http://localhost:3001/assets/index-DmX2Ev4k.js:88
[   18657ms] [LOG] [PETSCII] Received petscii-output, length: 5 @ http://localhost:3001/assets/index-DmX2Ev4k.js:88
[   18657ms] [LOG] [PETSCII] Switching font from PetMe64, "Courier New", monospace to PetMe64 @ http://localhost:3001/assets/index-DmX2Ev4k.js:88
[   18657ms] [LOG] [PETSCII] PETSCII content written to terminal @ http://localhost:3001/assets/index-DmX2Ev4k.js:88
[   18657ms] [LOG] [PETSCII] Received petscii-output, length: 1 @ http://localhost:3001/assets/index-DmX2Ev4k.js:88
[   18657ms] [LOG] [PETSCII] Switching font from PetMe64, "Courier New", monospace to PetMe64 @ http://localhost:3001/assets/index-DmX2Ev4k.js:88
[   18657ms] [LOG] [PETSCII] PETSCII content written to terminal @ http://localhost:3001/assets/index-DmX2Ev4k.js:88
[   18657ms] [LOG] [PETSCII] Received petscii-output, length: 5 @ http://localhost:3001/assets/index-DmX2Ev4k.js:88
[   18657ms] [LOG] [PETSCII] Switching font from PetMe64, "Courier New", monospace to PetMe64 @ http://localhost:3001/assets/index-DmX2Ev4k.js:88
[   18657ms] [LOG] [PETSCII] PETSCII content written to terminal @ http://localhost:3001/assets/index-DmX2Ev4k.js:88
[   18657ms] [LOG] [PETSCII] Received petscii-output, length: 5 @ http://localhost:3001/assets/index-DmX2Ev4k.js:88
[   18657ms] [LOG] [PETSCII] Switching font from PetMe64, "Courier New", monospace to PetMe64 @ http://localhost:3001/assets/index-DmX2Ev4k.js:88
[   18657ms] [LOG] [PETSCII] PETSCII content written to terminal @ http://localhost:3001/assets/index-DmX2Ev4k.js:88
[   18657ms] [LOG] [PETSCII] Received petscii-output, length: 1 @ http://localhost:3001/assets/index-DmX2Ev4k.js:88
[   18657ms] [LOG] [PETSCII] Switching font from PetMe64, "Courier New", monospace to PetMe64 @ http://localhost:3001/assets/index-DmX2Ev4k.js:88
[   18657ms] [LOG] [PETSCII] PETSCII content written to terminal @ http://localhost:3001/assets/index-DmX2Ev4k.js:88
[   18657ms] [LOG] [PETSCII] Received petscii-output, length: 4 @ http://localhost:3001/assets/index-DmX2Ev4k.js:88
[   18657ms] [LOG] [PETSCII] Switching font from PetMe64, "Courier New", monospace to PetMe64 @ http://localhost:3001/assets/index-DmX2Ev4k.js:88
[   18657ms] [LOG] [PETSCII] PETSCII content written to terminal @ http://localhost:3001/assets/index-DmX2Ev4k.js:88
[   18657ms] [LOG] [PETSCII] Received petscii-output, length: 5 @ http://localhost:3001/assets/index-DmX2Ev4k.js:88
[   18657ms] [LOG] [PETSCII] Switching font from PetMe64, "Courier New", monospace to PetMe64 @ http://localhost:3001/assets/index-DmX2Ev4k.js:88
[   18657ms] [LOG] [PETSCII] PETSCII content written to terminal @ http://localhost:3001/assets/index-DmX2Ev4k.js:88
[   18657ms] [LOG] [PETSCII] Received petscii-output, length: 1 @ http://localhost:3001/assets/index-DmX2Ev4k.js:88
[   18657ms] [LOG] [PETSCII] Switching font from PetMe64, "Courier New", monospace to PetMe64 @ http://localhost:3001/assets/index-DmX2Ev4k.js:88
[   18657ms] [LOG] [PETSCII] PETSCII content written to terminal @ http://localhost:3001/assets/index-DmX2Ev4k.js:88
[   18657ms] [LOG] [PETSCII] Received petscii-output, length: 2 @ http://localhost:3001/assets/index-DmX2Ev4k.js:88
[   18657ms] [LOG] [PETSCII] Switching font from PetMe64, "Courier New", monospace to PetMe64 @ http://localhost:3001/assets/index-DmX2Ev4k.js:88
[   18657ms] [LOG] [PETSCII] PETSCII content written to terminal @ http://localhost:3001/assets/index-DmX2Ev4k.js:88
[   18657ms] [LOG] [PETSCII] Received petscii-output, length: 5 @ http://localhost:3001/assets/index-DmX2Ev4k.js:88
[   18657ms] [LOG] [PETSCII] Switching font from PetMe64, "Courier New", monospace to PetMe64 @ http://localhost:3001/assets/index-DmX2Ev4k.js:88
[   18657ms] [LOG] [PETSCII] PETSCII content written to terminal @ http://localhost:3001/assets/index-DmX2Ev4k.js:88
[   18657ms] [LOG] [PETSCII] Received petscii-output, length: 1 @ http://localhost:3001/assets/index-DmX2Ev4k.js:88
[   18657ms] [LOG] [PETSCII] Switching font from PetMe64, "Courier New", monospace to PetMe64 @ http://localhost:3001/assets/index-DmX2Ev4k.js:88
[   18658ms] [LOG] [PETSCII] PETSCII content written to terminal @ http://localhost:3001/assets/index-DmX2Ev4k.js:88
[   18658ms] [LOG] [PETSCII] Received petscii-output, length: 5 @ http://localhost:3001/assets/index-DmX2Ev4k.js:88
[   18658ms] [LOG] [PETSCII] Switching font from PetMe64, "Courier New", monospace to PetMe64 @ http://localhost:3001/assets/index-DmX2Ev4k.js:88
[   18658ms] [LOG] [PETSCII] PETSCII content written to terminal @ http://localhost:3001/assets/index-DmX2Ev4k.js:88
[   18658ms] [LOG] [PETSCII] Received petscii-output, length: 5 @ http://localhost:3001/assets/index-DmX2Ev4k.js:88
[   18658ms] [LOG] [PETSCII] Switching font from PetMe64, "Courier New", monospace to PetMe64 @ http://localhost:3001/assets/index-DmX2Ev4k.js:88
[   18658ms] [LOG] [PETSCII] PETSCII content written to terminal @ http://localhost:3001/assets/index-DmX2Ev4k.js:88
[   18658ms] [LOG] [PETSCII] Received petscii-output, length: 1 @ http://localhost:3001/assets/index-DmX2Ev4k.js:88
[   18658ms] [LOG] [PETSCII] Switching font from PetMe64, "Courier New", monospace to PetMe64 @ http://localhost:3001/assets/index-DmX2Ev4k.js:88
[   18658ms] [LOG] [PETSCII] PETSCII content written to terminal @ http://localhost:3001/assets/index-DmX2Ev4k.js:88
[   18658ms] [LOG] [PETSCII] Received petscii-output, length: 4 @ http://localhost:3001/assets/index-DmX2Ev4k.js:88
[   18658ms] [LOG] [PETSCII] Switching font from PetMe64, "Courier New", monospace to PetMe64 @ http://localhost:3001/assets/index-DmX2Ev4k.js:88
[   18658ms] [LOG] [PETSCII] PETSCII content written to terminal @ http://localhost:3001/assets/index-DmX2Ev4k.js:88
[   18658ms] [LOG] [PETSCII] Received petscii-output, length: 5 @ http://localhost:3001/assets/index-DmX2Ev4k.js:88
[   18658ms] [LOG] [PETSCII] Switching font from PetMe64, "Courier New", monospace to PetMe64 @ http://localhost:3001/assets/index-DmX2Ev4k.js:88
[   18658ms] [LOG] [PETSCII] PETSCII content written to terminal @ http://localhost:3001/assets/index-DmX2Ev4k.js:88
[   18658ms] [LOG] [PETSCII] Received petscii-output, length: 1 @ http://localhost:3001/assets/index-DmX2Ev4k.js:88
[   18658ms] [LOG] [PETSCII] Switching font from PetMe64, "Courier New", monospace to PetMe64 @ http://localhost:3001/assets/index-DmX2Ev4k.js:88
[   18658ms] [LOG] [PETSCII] PETSCII content written to terminal @ http://localhost:3001/assets/index-DmX2Ev4k.js:88
[   18658ms] [LOG] [PETSCII] Received petscii-output, length: 5 @ http://localhost:3001/assets/index-DmX2Ev4k.js:88
[   18658ms] [LOG] [PETSCII] Switching font from PetMe64, "Courier New", monospace to PetMe64 @ http://localhost:3001/assets/index-DmX2Ev4k.js:88
[   18658ms] [LOG] [PETSCII] PETSCII content written to terminal @ http://localhost:3001/assets/index-DmX2Ev4k.js:88
[   18658ms] [LOG] [PETSCII] Received petscii-output, length: 3 @ http://localhost:3001/assets/index-DmX2Ev4k.js:88
[   18658ms] [LOG] [PETSCII] Switching font from PetMe64, "Courier New", monospace to PetMe64 @ http://localhost:3001/assets/index-DmX2Ev4k.js:88
[   18658ms] [LOG] [PETSCII] PETSCII content written to terminal @ http://localhost:3001/assets/index-DmX2Ev4k.js:88
[   18658ms] [LOG] [PETSCII] Received petscii-output, length: 5 @ http://localhost:3001/assets/index-DmX2Ev4k.js:88
[   18658ms] [LOG] [PETSCII] Switching font from PetMe64, "Courier New", monospace to PetMe64 @ http://localhost:3001/assets/index-DmX2Ev4k.js:88
[   18658ms] [LOG] [PETSCII] PETSCII content written to terminal @ http://localhost:3001/assets/index-DmX2Ev4k.js:88
[   18658ms] [LOG] [PETSCII] Received petscii-output, length: 1 @ http://localhost:3001/assets/index-DmX2Ev4k.js:88
[   18658ms] [LOG] [PETSCII] Switching font from PetMe64, "Courier New", monospace to PetMe64 @ http://localhost:3001/assets/index-DmX2Ev4k.js:88
[   18658ms] [LOG] [PETSCII] PETSCII content written to terminal @ http://localhost:3001/assets/index-DmX2Ev4k.js:88
[   18658ms] [LOG] [PETSCII] Received petscii-output, length: 6 @ http://localhost:3001/assets/index-DmX2Ev4k.js:88
[   18658ms] [LOG] [PETSCII] Switching font from PetMe64, "Courier New", monospace to PetMe64 @ http://localhost:3001/assets/index-DmX2Ev4k.js:88
[   18658ms] [LOG] [PETSCII] PETSCII content written to terminal @ http://localhost:3001/assets/index-DmX2Ev4k.js:88
[   18658ms] [LOG] [PETSCII] Received petscii-output, length: 1 @ http://localhost:3001/assets/index-DmX2Ev4k.js:88
[   18659ms] [LOG] [PETSCII] Switching font from PetMe64, "Courier New", monospace to PetMe64 @ http://localhost:3001/assets/index-DmX2Ev4k.js:88
[   18659ms] [LOG] [PETSCII] PETSCII content written to terminal @ http://localhost:3001/assets/index-DmX2Ev4k.js:88
[   18659ms] [LOG] [PETSCII] Received petscii-output, length: 5 @ http://localhost:3001/assets/index-DmX2Ev4k.js:88
[   18659ms] [LOG] [PETSCII] Switching font from PetMe64, "Courier New", monospace to PetMe64 @ http://localhost:3001/assets/index-DmX2Ev4k.js:88
[   18659ms] [LOG] [PETSCII] PETSCII content written to terminal @ http://localhost:3001/assets/index-DmX2Ev4k.js:88
[   18659ms] [LOG] [PETSCII] Received petscii-output, length: 1 @ http://localhost:3001/assets/index-DmX2Ev4k.js:88
[   18659ms] [LOG] [PETSCII] Switching font from PetMe64, "Courier New", monospace to PetMe64 @ http://localhost:3001/assets/index-DmX2Ev4k.js:88
[   18659ms] [LOG] [PETSCII] PETSCII content written to terminal @ http://localhost:3001/assets/index-DmX2Ev4k.js:88
[   18659ms] [LOG] [PETSCII] Received petscii-output, length: 2 @ http://localhost:3001/assets/index-DmX2Ev4k.js:88
[   18659ms] [LOG] [PETSCII] Switching font from PetMe64, "Courier New", monospace to PetMe64 @ http://localhost:3001/assets/index-DmX2Ev4k.js:88
[   18659ms] [LOG] [PETSCII] PETSCII content written to terminal @ http://localhost:3001/assets/index-DmX2Ev4k.js:88
[   18659ms] [LOG] [PETSCII] Received petscii-output, length: 5 @ http://localhost:3001/assets/index-DmX2Ev4k.js:88
[   18659ms] [LOG] [PETSCII] Switching font from PetMe64, "Courier New", monospace to PetMe64 @ http://localhost:3001/assets/index-DmX2Ev4k.js:88
[   18659ms] [LOG] [PETSCII] PETSCII content written to terminal @ http://localhost:3001/assets/index-DmX2Ev4k.js:88
[   18659ms] [LOG] [PETSCII] Received petscii-output, length: 5 @ http://localhost:3001/assets/index-DmX2Ev4k.js:88
[   18659ms] [LOG] [PETSCII] Switching font from PetMe64, "Courier New", monospace to PetMe64 @ http://localhost:3001/assets/index-DmX2Ev4k.js:88
[   18659ms] [LOG] [PETSCII] PETSCII content written to terminal @ http://localhost:3001/assets/index-DmX2Ev4k.js:88
[   18659ms] [LOG] [PETSCII] Received petscii-output, length: 1 @ http://localhost:3001/assets/index-DmX2Ev4k.js:88
[   18659ms] [LOG] [PETSCII] Switching font from PetMe64, "Courier New", monospace to PetMe64 @ http://localhost:3001/assets/index-DmX2Ev4k.js:88
[   18659ms] [LOG] [PETSCII] PETSCII content written to terminal @ http://localhost:3001/assets/index-DmX2Ev4k.js:88
[   18659ms] [LOG] [PETSCII] Received petscii-output, length: 5 @ http://localhost:3001/assets/index-DmX2Ev4k.js:88
[   18659ms] [LOG] [PETSCII] Switching font from PetMe64, "Courier New", monospace to PetMe64 @ http://localhost:3001/assets/index-DmX2Ev4k.js:88
[   18659ms] [LOG] [PETSCII] PETSCII content written to terminal @ http://localhost:3001/assets/index-DmX2Ev4k.js:88
[   18659ms] [LOG] [PETSCII] Received petscii-output, length: 1 @ http://localhost:3001/assets/index-DmX2Ev4k.js:88
[   18659ms] [LOG] [PETSCII] Switching font from PetMe64, "Courier New", monospace to PetMe64 @ http://localhost:3001/assets/index-DmX2Ev4k.js:88
[   18659ms] [LOG] [PETSCII] PETSCII content written to terminal @ http://localhost:3001/assets/index-DmX2Ev4k.js:88
[   18659ms] [LOG] [PETSCII] Received petscii-output, length: 4 @ http://localhost:3001/assets/index-DmX2Ev4k.js:88
[   18659ms] [LOG] [PETSCII] Switching font from PetMe64, "Courier New", monospace to PetMe64 @ http://localhost:3001/assets/index-DmX2Ev4k.js:88
[   18659ms] [LOG] [PETSCII] PETSCII content written to terminal @ http://localhost:3001/assets/index-DmX2Ev4k.js:88
[   18659ms] [LOG] [PETSCII] Received petscii-output, length: 5 @ http://localhost:3001/assets/index-DmX2Ev4k.js:88
[   18659ms] [LOG] [PETSCII] Switching font from PetMe64, "Courier New", monospace to PetMe64 @ http://localhost:3001/assets/index-DmX2Ev4k.js:88
[   18659ms] [LOG] [PETSCII] PETSCII content written to terminal @ http://localhost:3001/assets/index-DmX2Ev4k.js:88
[   18659ms] [LOG] [PETSCII] Received petscii-output, length: 1 @ http://localhost:3001/assets/index-DmX2Ev4k.js:88
[   18659ms] [LOG] [PETSCII] Switching font from PetMe64, "Courier New", monospace to PetMe64 @ http://localhost:3001/assets/index-DmX2Ev4k.js:88
[   18659ms] [LOG] [PETSCII] PETSCII content written to terminal @ http://localhost:3001/assets/index-DmX2Ev4k.js:88
[   18659ms] [LOG] [PETSCII] Received petscii-output, length: 5 @ http://localhost:3001/assets/index-DmX2Ev4k.js:88
[   18660ms] [LOG] [PETSCII] Switching font from PetMe64, "Courier New", monospace to PetMe64 @ http://localhost:3001/assets/index-DmX2Ev4k.js:88
[   18660ms] [LOG] [PETSCII] PETSCII content written to terminal @ http://localhost:3001/assets/index-DmX2Ev4k.js:88
[   18660ms] [LOG] [PETSCII] Received petscii-output, length: 5 @ http://localhost:3001/assets/index-DmX2Ev4k.js:88
[   18660ms] [LOG] [PETSCII] Switching font from PetMe64, "Courier New", monospace to PetMe64 @ http://localhost:3001/assets/index-DmX2Ev4k.js:88
[   18660ms] [LOG] [PETSCII] PETSCII content written to terminal @ http://localhost:3001/assets/index-DmX2Ev4k.js:88
[   18660ms] [LOG] [PETSCII] Received petscii-output, length: 1 @ http://localhost:3001/assets/index-DmX2Ev4k.js:88
[   18660ms] [LOG] [PETSCII] Switching font from PetMe64, "Courier New", monospace to PetMe64 @ http://localhost:3001/assets/index-DmX2Ev4k.js:88
[   18660ms] [LOG] [PETSCII] PETSCII content written to terminal @ http://localhost:3001/assets/index-DmX2Ev4k.js:88
[   18660ms] [LOG] [PETSCII] Received petscii-output, length: 4 @ http://localhost:3001/assets/index-DmX2Ev4k.js:88
[   18660ms] [LOG] [PETSCII] Switching font from PetMe64, "Courier New", monospace to PetMe64 @ http://localhost:3001/assets/index-DmX2Ev4k.js:88
[   18660ms] [LOG] [PETSCII] PETSCII content written to terminal @ http://localhost:3001/assets/index-DmX2Ev4k.js:88
[   18660ms] [LOG] [PETSCII] Received petscii-output, length: 5 @ http://localhost:3001/assets/index-DmX2Ev4k.js:88
[   18660ms] [LOG] [PETSCII] Switching font from PetMe64, "Courier New", monospace to PetMe64 @ http://localhost:3001/assets/index-DmX2Ev4k.js:88
[   18660ms] [LOG] [PETSCII] PETSCII content written to terminal @ http://localhost:3001/assets/index-DmX2Ev4k.js:88
[   18660ms] [LOG] [PETSCII] Received petscii-output, length: 1 @ http://localhost:3001/assets/index-DmX2Ev4k.js:88
[   18660ms] [LOG] [PETSCII] Switching font from PetMe64, "Courier New", monospace to PetMe64 @ http://localhost:3001/assets/index-DmX2Ev4k.js:88
[   18660ms] [LOG] [PETSCII] PETSCII content written to terminal @ http://localhost:3001/assets/index-DmX2Ev4k.js:88
[   18660ms] [LOG] [PETSCII] Received petscii-output, length: 1 @ http://localhost:3001/assets/index-DmX2Ev4k.js:88
[   18660ms] [LOG] [PETSCII] Switching font from PetMe64, "Courier New", monospace to PetMe64 @ http://localhost:3001/assets/index-DmX2Ev4k.js:88
[   18660ms] [LOG] [PETSCII] PETSCII content written to terminal @ http://localhost:3001/assets/index-DmX2Ev4k.js:88
[   18660ms] [LOG] [PETSCII] Received petscii-output, length: 5 @ http://localhost:3001/assets/index-DmX2Ev4k.js:88
[   18660ms] [LOG] [PETSCII] Switching font from PetMe64, "Courier New", monospace to PetMe64 @ http://localhost:3001/assets/index-DmX2Ev4k.js:88
[   18660ms] [LOG] [PETSCII] PETSCII content written to terminal @ http://localhost:3001/assets/index-DmX2Ev4k.js:88
[   18660ms] [LOG] [PETSCII] Received petscii-output, length: 5 @ http://localhost:3001/assets/index-DmX2Ev4k.js:88
[   18660ms] [LOG] [PETSCII] Switching font from PetMe64, "Courier New", monospace to PetMe64 @ http://localhost:3001/assets/index-DmX2Ev4k.js:88
[   18660ms] [LOG] [PETSCII] PETSCII content written to terminal @ http://localhost:3001/assets/index-DmX2Ev4k.js:88
[   18660ms] [LOG] [PETSCII] Received petscii-output, length: 1 @ http://localhost:3001/assets/index-DmX2Ev4k.js:88
[   18660ms] [LOG] [PETSCII] Switching font from PetMe64, "Courier New", monospace to PetMe64 @ http://localhost:3001/assets/index-DmX2Ev4k.js:88
[   18660ms] [LOG] [PETSCII] PETSCII content written to terminal @ http://localhost:3001/assets/index-DmX2Ev4k.js:88
[   18660ms] [LOG] [PETSCII] Received petscii-output, length: 4 @ http://localhost:3001/assets/index-DmX2Ev4k.js:88
[   18660ms] [LOG] [PETSCII] Switching font from PetMe64, "Courier New", monospace to PetMe64 @ http://localhost:3001/assets/index-DmX2Ev4k.js:88
[   18661ms] [LOG] [PETSCII] PETSCII content written to terminal @ http://localhost:3001/assets/index-DmX2Ev4k.js:88
[   18661ms] [LOG] [PETSCII] Received petscii-output, length: 5 @ http://localhost:3001/assets/index-DmX2Ev4k.js:88
[   18661ms] [LOG] [PETSCII] Switching font from PetMe64, "Courier New", monospace to PetMe64 @ http://localhost:3001/assets/index-DmX2Ev4k.js:88
[   18661ms] [LOG] [PETSCII] PETSCII content written to terminal @ http://localhost:3001/assets/index-DmX2Ev4k.js:88
[   18661ms] [LOG] [PETSCII] Received petscii-output, length: 1 @ http://localhost:3001/assets/index-DmX2Ev4k.js:88
[   18661ms] [LOG] [PETSCII] Switching font from PetMe64, "Courier New", monospace to PetMe64 @ http://localhost:3001/assets/index-DmX2Ev4k.js:88
[   18661ms] [LOG] [PETSCII] PETSCII content written to terminal @ http://localhost:3001/assets/index-DmX2Ev4k.js:88
[   18661ms] [LOG] [PETSCII] Received petscii-output, length: 5 @ http://localhost:3001/assets/index-DmX2Ev4k.js:88
[   18661ms] [LOG] [PETSCII] Switching font from PetMe64, "Courier New", monospace to PetMe64 @ http://localhost:3001/assets/index-DmX2Ev4k.js:88
[   18661ms] [LOG] [PETSCII] PETSCII content written to terminal @ http://localhost:3001/assets/index-DmX2Ev4k.js:88
[   18661ms] [LOG] [PETSCII] Received petscii-output, length: 1 @ http://localhost:3001/assets/index-DmX2Ev4k.js:88
[   18661ms] [LOG] [PETSCII] Switching font from PetMe64, "Courier New", monospace to PetMe64 @ http://localhost:3001/assets/index-DmX2Ev4k.js:88
[   18661ms] [LOG] [PETSCII] PETSCII content written to terminal @ http://localhost:3001/assets/index-DmX2Ev4k.js:88
[   18661ms] [LOG] [PETSCII] Received petscii-output, length: 5 @ http://localhost:3001/assets/index-DmX2Ev4k.js:88
[   18661ms] [LOG] [PETSCII] Switching font from PetMe64, "Courier New", monospace to PetMe64 @ http://localhost:3001/assets/index-DmX2Ev4k.js:88
[   18661ms] [LOG] [PETSCII] PETSCII content written to terminal @ http://localhost:3001/assets/index-DmX2Ev4k.js:88
[   18661ms] [LOG] [PETSCII] Received petscii-output, length: 5 @ http://localhost:3001/assets/index-DmX2Ev4k.js:88
[   18661ms] [LOG] [PETSCII] Switching font from PetMe64, "Courier New", monospace to PetMe64 @ http://localhost:3001/assets/index-DmX2Ev4k.js:88
[   18661ms] [LOG] [PETSCII] PETSCII content written to terminal @ http://localhost:3001/assets/index-DmX2Ev4k.js:88
[   18661ms] [LOG] [PETSCII] Received petscii-output, length: 1 @ http://localhost:3001/assets/index-DmX2Ev4k.js:88
[   18661ms] [LOG] [PETSCII] Switching font from PetMe64, "Courier New", monospace to PetMe64 @ http://localhost:3001/assets/index-DmX2Ev4k.js:88
[   18661ms] [LOG] [PETSCII] PETSCII content written to terminal @ http://localhost:3001/assets/index-DmX2Ev4k.js:88
[   18661ms] [LOG] [PETSCII] Received petscii-output, length: 4 @ http://localhost:3001/assets/index-DmX2Ev4k.js:88
[   18661ms] [LOG] [PETSCII] Switching font from PetMe64, "Courier New", monospace to PetMe64 @ http://localhost:3001/assets/index-DmX2Ev4k.js:88
[   18661ms] [LOG] [PETSCII] PETSCII content written to terminal @ http://localhost:3001/assets/index-DmX2Ev4k.js:88
[   18661ms] [LOG] [PETSCII] Received petscii-output, length: 5 @ http://localhost:3001/assets/index-DmX2Ev4k.js:88
[   18661ms] [LOG] [PETSCII] Switching font from PetMe64, "Courier New", monospace to PetMe64 @ http://localhost:3001/assets/index-DmX2Ev4k.js:88
[   18661ms] [LOG] [PETSCII] PETSCII content written to terminal @ http://localhost:3001/assets/index-DmX2Ev4k.js:88
[   18661ms] [LOG] [PETSCII] Received petscii-output, length: 2 @ http://localhost:3001/assets/index-DmX2Ev4k.js:88
[   18661ms] [LOG] [PETSCII] Switching font from PetMe64, "Courier New", monospace to PetMe64 @ http://localhost:3001/assets/index-DmX2Ev4k.js:88
[   18661ms] [LOG] [PETSCII] PETSCII content written to terminal @ http://localhost:3001/assets/index-DmX2Ev4k.js:88
[   18661ms] [LOG] [PETSCII] Received petscii-output, length: 4 @ http://localhost:3001/assets/index-DmX2Ev4k.js:88
[   18661ms] [LOG] [PETSCII] Switching font from PetMe64, "Courier New", monospace to PetMe64 @ http://localhost:3001/assets/index-DmX2Ev4k.js:88
[   18661ms] [LOG] [PETSCII] PETSCII content written to terminal @ http://localhost:3001/assets/index-DmX2Ev4k.js:88
[   18662ms] [LOG] [PETSCII] Received petscii-output, length: 1 @ http://localhost:3001/assets/index-DmX2Ev4k.js:88
[   18662ms] [LOG] [PETSCII] Switching font from PetMe64, "Courier New", monospace to PetMe64 @ http://localhost:3001/assets/index-DmX2Ev4k.js:88
[   18662ms] [LOG] [PETSCII] PETSCII content written to terminal @ http://localhost:3001/assets/index-DmX2Ev4k.js:88
[   18662ms] [LOG] [PETSCII] Received petscii-output, length: 1 @ http://localhost:3001/assets/index-DmX2Ev4k.js:88
[   18662ms] [LOG] [PETSCII] Switching font from PetMe64, "Courier New", monospace to PetMe64 @ http://localhost:3001/assets/index-DmX2Ev4k.js:88
[   18662ms] [LOG] [PETSCII] PETSCII content written to terminal @ http://localhost:3001/assets/index-DmX2Ev4k.js:88
[   18662ms] [LOG] [PETSCII] Received petscii-output, length: 5 @ http://localhost:3001/assets/index-DmX2Ev4k.js:88
[   18662ms] [LOG] [PETSCII] Switching font from PetMe64, "Courier New", monospace to PetMe64 @ http://localhost:3001/assets/index-DmX2Ev4k.js:88
[   18662ms] [LOG] [PETSCII] PETSCII content written to terminal @ http://localhost:3001/assets/index-DmX2Ev4k.js:88
[   18662ms] [LOG] [PETSCII] Received petscii-output, length: 5 @ http://localhost:3001/assets/index-DmX2Ev4k.js:88
[   18662ms] [LOG] [PETSCII] Switching font from PetMe64, "Courier New", monospace to PetMe64 @ http://localhost:3001/assets/index-DmX2Ev4k.js:88
[   18662ms] [LOG] [PETSCII] PETSCII content written to terminal @ http://localhost:3001/assets/index-DmX2Ev4k.js:88
[   18662ms] [LOG] [PETSCII] Received petscii-output, length: 1 @ http://localhost:3001/assets/index-DmX2Ev4k.js:88
[   18662ms] [LOG] [PETSCII] Switching font from PetMe64, "Courier New", monospace to PetMe64 @ http://localhost:3001/assets/index-DmX2Ev4k.js:88
[   18662ms] [LOG] [PETSCII] PETSCII content written to terminal @ http://localhost:3001/assets/index-DmX2Ev4k.js:88
[   18662ms] [LOG] [PETSCII] Received petscii-output, length: 4 @ http://localhost:3001/assets/index-DmX2Ev4k.js:88
[   18662ms] [LOG] [PETSCII] Switching font from PetMe64, "Courier New", monospace to PetMe64 @ http://localhost:3001/assets/index-DmX2Ev4k.js:88
[   18662ms] [LOG] [PETSCII] PETSCII content written to terminal @ http://localhost:3001/assets/index-DmX2Ev4k.js:88
[   18662ms] [LOG] [PETSCII] Received petscii-output, length: 5 @ http://localhost:3001/assets/index-DmX2Ev4k.js:88
[   18662ms] [LOG] [PETSCII] Switching font from PetMe64, "Courier New", monospace to PetMe64 @ http://localhost:3001/assets/index-DmX2Ev4k.js:88
[   18662ms] [LOG] [PETSCII] PETSCII content written to terminal @ http://localhost:3001/assets/index-DmX2Ev4k.js:88
[   18662ms] [LOG] [PETSCII] Received petscii-output, length: 1 @ http://localhost:3001/assets/index-DmX2Ev4k.js:88
[   18662ms] [LOG] [PETSCII] Switching font from PetMe64, "Courier New", monospace to PetMe64 @ http://localhost:3001/assets/index-DmX2Ev4k.js:88
[   18662ms] [LOG] [PETSCII] PETSCII content written to terminal @ http://localhost:3001/assets/index-DmX2Ev4k.js:88
[   18662ms] [LOG] [PETSCII] Received petscii-output, length: 5 @ http://localhost:3001/assets/index-DmX2Ev4k.js:88
[   18662ms] [LOG] [PETSCII] Switching font from PetMe64, "Courier New", monospace to PetMe64 @ http://localhost:3001/assets/index-DmX2Ev4k.js:88
[   18662ms] [LOG] [PETSCII] PETSCII content written to terminal @ http://localhost:3001/assets/index-DmX2Ev4k.js:88
[   18662ms] [LOG] [PETSCII] Received petscii-output, length: 1 @ http://localhost:3001/assets/index-DmX2Ev4k.js:88
[   18662ms] [LOG] [PETSCII] Switching font from PetMe64, "Courier New", monospace to PetMe64 @ http://localhost:3001/assets/index-DmX2Ev4k.js:88
[   18662ms] [LOG] [PETSCII] PETSCII content written to terminal @ http://localhost:3001/assets/index-DmX2Ev4k.js:88
[   18662ms] [LOG] [PETSCII] Received petscii-output, length: 5 @ http://localhost:3001/assets/index-DmX2Ev4k.js:88
[   18662ms] [LOG] [PETSCII] Switching font from PetMe64, "Courier New", monospace to PetMe64 @ http://localhost:3001/assets/index-DmX2Ev4k.js:88
[   18662ms] [LOG] [PETSCII] PETSCII content written to terminal @ http://localhost:3001/assets/index-DmX2Ev4k.js:88
[   18663ms] [LOG] [PETSCII] Received petscii-output, length: 5 @ http://localhost:3001/assets/index-DmX2Ev4k.js:88
[   18663ms] [LOG] [PETSCII] Switching font from PetMe64, "Courier New", monospace to PetMe64 @ http://localhost:3001/assets/index-DmX2Ev4k.js:88
[   18663ms] [LOG] [PETSCII] PETSCII content written to terminal @ http://localhost:3001/assets/index-DmX2Ev4k.js:88
[   18663ms] [LOG] [PETSCII] Received petscii-output, length: 1 @ http://localhost:3001/assets/index-DmX2Ev4k.js:88
[   18663ms] [LOG] [PETSCII] Switching font from PetMe64, "Courier New", monospace to PetMe64 @ http://localhost:3001/assets/index-DmX2Ev4k.js:88
[   18663ms] [LOG] [PETSCII] PETSCII content written to terminal @ http://localhost:3001/assets/index-DmX2Ev4k.js:88
[   18663ms] [LOG] [PETSCII] Received petscii-output, length: 4 @ http://localhost:3001/assets/index-DmX2Ev4k.js:88
[   18663ms] [LOG] [PETSCII] Switching font from PetMe64, "Courier New", monospace to PetMe64 @ http://localhost:3001/assets/index-DmX2Ev4k.js:88
[   18663ms] [LOG] [PETSCII] PETSCII content written to terminal @ http://localhost:3001/assets/index-DmX2Ev4k.js:88
[   18663ms] [LOG] [PETSCII] Received petscii-output, length: 5 @ http://localhost:3001/assets/index-DmX2Ev4k.js:88
[   18663ms] [LOG] [PETSCII] Switching font from PetMe64, "Courier New", monospace to PetMe64 @ http://localhost:3001/assets/index-DmX2Ev4k.js:88
[   18663ms] [LOG] [PETSCII] PETSCII content written to terminal @ http://localhost:3001/assets/index-DmX2Ev4k.js:88
[   18663ms] [LOG] [PETSCII] Received petscii-output, length: 1 @ http://localhost:3001/assets/index-DmX2Ev4k.js:88
[   18663ms] [LOG] [PETSCII] Switching font from PetMe64, "Courier New", monospace to PetMe64 @ http://localhost:3001/assets/index-DmX2Ev4k.js:88
[   18663ms] [LOG] [PETSCII] PETSCII content written to terminal @ http://localhost:3001/assets/index-DmX2Ev4k.js:88
[   18664ms] [LOG] [PETSCII] Received petscii-output, length: 2 @ http://localhost:3001/assets/index-DmX2Ev4k.js:88
[   18664ms] [LOG] [PETSCII] Switching font from PetMe64, "Courier New", monospace to PetMe64 @ http://localhost:3001/assets/index-DmX2Ev4k.js:88
[   18665ms] [LOG] [PETSCII] PETSCII content written to terminal @ http://localhost:3001/assets/index-DmX2Ev4k.js:88
[   18665ms] [LOG] [PETSCII] Received petscii-output, length: 5 @ http://localhost:3001/assets/index-DmX2Ev4k.js:88
[   18665ms] [LOG] [PETSCII] Switching font from PetMe64, "Courier New", monospace to PetMe64 @ http://localhost:3001/assets/index-DmX2Ev4k.js:88
[   18665ms] [LOG] [PETSCII] PETSCII content written to terminal @ http://localhost:3001/assets/index-DmX2Ev4k.js:88
[   18665ms] [LOG] [PETSCII] Received petscii-output, length: 1 @ http://localhost:3001/assets/index-DmX2Ev4k.js:88
[   18665ms] [LOG] [PETSCII] Switching font from PetMe64, "Courier New", monospace to PetMe64 @ http://localhost:3001/assets/index-DmX2Ev4k.js:88
[   18665ms] [LOG] [PETSCII] PETSCII content written to terminal @ http://localhost:3001/assets/index-DmX2Ev4k.js:88
[   18665ms] [LOG] [PETSCII] Received petscii-output, length: 5 @ http://localhost:3001/assets/index-DmX2Ev4k.js:88
[   18665ms] [LOG] [PETSCII] Switching font from PetMe64, "Courier New", monospace to PetMe64 @ http://localhost:3001/assets/index-DmX2Ev4k.js:88
[   18665ms] [LOG] [PETSCII] PETSCII content written to terminal @ http://localhost:3001/assets/index-DmX2Ev4k.js:88
[   18665ms] [LOG] [PETSCII] Received petscii-output, length: 5 @ http://localhost:3001/assets/index-DmX2Ev4k.js:88
[   18665ms] [LOG] [PETSCII] Switching font from PetMe64, "Courier New", monospace to PetMe64 @ http://localhost:3001/assets/index-DmX2Ev4k.js:88
[   18665ms] [LOG] [PETSCII] PETSCII content written to terminal @ http://localhost:3001/assets/index-DmX2Ev4k.js:88
[   18665ms] [LOG] [PETSCII] Received petscii-output, length: 1 @ http://localhost:3001/assets/index-DmX2Ev4k.js:88
[   18665ms] [LOG] [PETSCII] Switching font from PetMe64, "Courier New", monospace to PetMe64 @ http://localhost:3001/assets/index-DmX2Ev4k.js:88
[   18665ms] [LOG] [PETSCII] PETSCII content written to terminal @ http://localhost:3001/assets/index-DmX2Ev4k.js:88
[   18665ms] [LOG] [PETSCII] Received petscii-output, length: 5 @ http://localhost:3001/assets/index-DmX2Ev4k.js:88
[   18665ms] [LOG] [PETSCII] Switching font from PetMe64, "Courier New", monospace to PetMe64 @ http://localhost:3001/assets/index-DmX2Ev4k.js:88
[   18665ms] [LOG] [PETSCII] PETSCII content written to terminal @ http://localhost:3001/assets/index-DmX2Ev4k.js:88
[   18665ms] [LOG] [PETSCII] Received petscii-output, length: 1 @ http://localhost:3001/assets/index-DmX2Ev4k.js:88
[   18665ms] [LOG] [PETSCII] Switching font from PetMe64, "Courier New", monospace to PetMe64 @ http://localhost:3001/assets/index-DmX2Ev4k.js:88
[   18665ms] [LOG] [PETSCII] PETSCII content written to terminal @ http://localhost:3001/assets/index-DmX2Ev4k.js:88
[   18665ms] [LOG] [PETSCII] Received petscii-output, length: 4 @ http://localhost:3001/assets/index-DmX2Ev4k.js:88
[   18665ms] [LOG] [PETSCII] Switching font from PetMe64, "Courier New", monospace to PetMe64 @ http://localhost:3001/assets/index-DmX2Ev4k.js:88
[   18665ms] [LOG] [PETSCII] PETSCII content written to terminal @ http://localhost:3001/assets/index-DmX2Ev4k.js:88
[   18665ms] [LOG] [PETSCII] Received petscii-output, length: 5 @ http://localhost:3001/assets/index-DmX2Ev4k.js:88
[   18665ms] [LOG] [PETSCII] Switching font from PetMe64, "Courier New", monospace to PetMe64 @ http://localhost:3001/assets/index-DmX2Ev4k.js:88
[   18665ms] [LOG] [PETSCII] PETSCII content written to terminal @ http://localhost:3001/assets/index-DmX2Ev4k.js:88
[   18665ms] [LOG] [PETSCII] Received petscii-output, length: 1 @ http://localhost:3001/assets/index-DmX2Ev4k.js:88
[   18665ms] [LOG] [PETSCII] Switching font from PetMe64, "Courier New", monospace to PetMe64 @ http://localhost:3001/assets/index-DmX2Ev4k.js:88
[   18665ms] [LOG] [PETSCII] PETSCII content written to terminal @ http://localhost:3001/assets/index-DmX2Ev4k.js:88
[   18665ms] [LOG] [PETSCII] Received petscii-output, length: 5 @ http://localhost:3001/assets/index-DmX2Ev4k.js:88
[   18665ms] [LOG] [PETSCII] Switching font from PetMe64, "Courier New", monospace to PetMe64 @ http://localhost:3001/assets/index-DmX2Ev4k.js:88
[   18665ms] [LOG] [PETSCII] PETSCII content written to terminal @ http://localhost:3001/assets/index-DmX2Ev4k.js:88
[   18665ms] [LOG] [PETSCII] Received petscii-output, length: 1 @ http://localhost:3001/assets/index-DmX2Ev4k.js:88
[   18665ms] [LOG] [PETSCII] Switching font from PetMe64, "Courier New", monospace to PetMe64 @ http://localhost:3001/assets/index-DmX2Ev4k.js:88
[   18665ms] [LOG] [PETSCII] PETSCII content written to terminal @ http://localhost:3001/assets/index-DmX2Ev4k.js:88
[   18666ms] [LOG] [PETSCII] Received petscii-output, length: 5 @ http://localhost:3001/assets/index-DmX2Ev4k.js:88
[   18666ms] [LOG] [PETSCII] Switching font from PetMe64, "Courier New", monospace to PetMe64 @ http://localhost:3001/assets/index-DmX2Ev4k.js:88
[   18666ms] [LOG] [PETSCII] PETSCII content written to terminal @ http://localhost:3001/assets/index-DmX2Ev4k.js:88
[   18666ms] [LOG] [PETSCII] Received petscii-output, length: 1 @ http://localhost:3001/assets/index-DmX2Ev4k.js:88
[   18666ms] [LOG] [PETSCII] Switching font from PetMe64, "Courier New", monospace to PetMe64 @ http://localhost:3001/assets/index-DmX2Ev4k.js:88
[   18666ms] [LOG] [PETSCII] PETSCII content written to terminal @ http://localhost:3001/assets/index-DmX2Ev4k.js:88
[   18667ms] [LOG] [PETSCII] Received petscii-output, length: 2 @ http://localhost:3001/assets/index-DmX2Ev4k.js:88
[   18667ms] [LOG] [PETSCII] Switching font from PetMe64, "Courier New", monospace to PetMe64 @ http://localhost:3001/assets/index-DmX2Ev4k.js:88
[   18667ms] [LOG] [PETSCII] PETSCII content written to terminal @ http://localhost:3001/assets/index-DmX2Ev4k.js:88
[   18667ms] [LOG] [PETSCII] Received petscii-output, length: 5 @ http://localhost:3001/assets/index-DmX2Ev4k.js:88
[   18667ms] [LOG] [PETSCII] Switching font from PetMe64, "Courier New", monospace to PetMe64 @ http://localhost:3001/assets/index-DmX2Ev4k.js:88
[   18667ms] [LOG] [PETSCII] PETSCII content written to terminal @ http://localhost:3001/assets/index-DmX2Ev4k.js:88
[   18667ms] [LOG] [PETSCII] Received petscii-output, length: 1 @ http://localhost:3001/assets/index-DmX2Ev4k.js:88
[   18667ms] [LOG] [PETSCII] Switching font from PetMe64, "Courier New", monospace to PetMe64 @ http://localhost:3001/assets/index-DmX2Ev4k.js:88
[   18667ms] [LOG] [PETSCII] PETSCII content written to terminal @ http://localhost:3001/assets/index-DmX2Ev4k.js:88
[   18667ms] [LOG] [PETSCII] Received petscii-output, length: 5 @ http://localhost:3001/assets/index-DmX2Ev4k.js:88
[   18668ms] [LOG] [PETSCII] Switching font from PetMe64, "Courier New", monospace to PetMe64 @ http://localhost:3001/assets/index-DmX2Ev4k.js:88
[   18668ms] [LOG] [PETSCII] PETSCII content written to terminal @ http://localhost:3001/assets/index-DmX2Ev4k.js:88
[   18668ms] [LOG] [PETSCII] Received petscii-output, length: 5 @ http://localhost:3001/assets/index-DmX2Ev4k.js:88
[   18668ms] [LOG] [PETSCII] Switching font from PetMe64, "Courier New", monospace to PetMe64 @ http://localhost:3001/assets/index-DmX2Ev4k.js:88
[   18668ms] [LOG] [PETSCII] PETSCII content written to terminal @ http://localhost:3001/assets/index-DmX2Ev4k.js:88
[   18668ms] [LOG] [PETSCII] Received petscii-output, length: 1 @ http://localhost:3001/assets/index-DmX2Ev4k.js:88
[   18668ms] [LOG] [PETSCII] Switching font from PetMe64, "Courier New", monospace to PetMe64 @ http://localhost:3001/assets/index-DmX2Ev4k.js:88
[   18668ms] [LOG] [PETSCII] PETSCII content written to terminal @ http://localhost:3001/assets/index-DmX2Ev4k.js:88
[   18668ms] [LOG] [PETSCII] Received petscii-output, length: 4 @ http://localhost:3001/assets/index-DmX2Ev4k.js:88
[   18668ms] [LOG] [PETSCII] Switching font from PetMe64, "Courier New", monospace to PetMe64 @ http://localhost:3001/assets/index-DmX2Ev4k.js:88
[   18668ms] [LOG] [PETSCII] PETSCII content written to terminal @ http://localhost:3001/assets/index-DmX2Ev4k.js:88
[   18668ms] [LOG] [PETSCII] Received petscii-output, length: 5 @ http://localhost:3001/assets/index-DmX2Ev4k.js:88
[   18668ms] [LOG] [PETSCII] Switching font from PetMe64, "Courier New", monospace to PetMe64 @ http://localhost:3001/assets/index-DmX2Ev4k.js:88
[   18668ms] [LOG] [PETSCII] PETSCII content written to terminal @ http://localhost:3001/assets/index-DmX2Ev4k.js:88
[   18668ms] [LOG] [PETSCII] Received petscii-output, length: 1 @ http://localhost:3001/assets/index-DmX2Ev4k.js:88
[   18668ms] [LOG] [PETSCII] Switching font from PetMe64, "Courier New", monospace to PetMe64 @ http://localhost:3001/assets/index-DmX2Ev4k.js:88
[   18668ms] [LOG] [PETSCII] PETSCII content written to terminal @ http://localhost:3001/assets/index-DmX2Ev4k.js:88
[   18668ms] [LOG] [PETSCII] Received petscii-output, length: 5 @ http://localhost:3001/assets/index-DmX2Ev4k.js:88
[   18668ms] [LOG] [PETSCII] Switching font from PetMe64, "Courier New", monospace to PetMe64 @ http://localhost:3001/assets/index-DmX2Ev4k.js:88
[   18668ms] [LOG] [PETSCII] PETSCII content written to terminal @ http://localhost:3001/assets/index-DmX2Ev4k.js:88
[   18668ms] [LOG] [PETSCII] Received petscii-output, length: 2 @ http://localhost:3001/assets/index-DmX2Ev4k.js:88
[   18668ms] [LOG] [PETSCII] Switching font from PetMe64, "Courier New", monospace to PetMe64 @ http://localhost:3001/assets/index-DmX2Ev4k.js:88
[   18668ms] [LOG] [PETSCII] PETSCII content written to terminal @ http://localhost:3001/assets/index-DmX2Ev4k.js:88
[   18670ms] [LOG] [PETSCII] Received petscii-output, length: 1 @ http://localhost:3001/assets/index-DmX2Ev4k.js:88
[   18670ms] [LOG] [PETSCII] Switching font from PetMe64, "Courier New", monospace to PetMe64 @ http://localhost:3001/assets/index-DmX2Ev4k.js:88
[   18670ms] [LOG] [PETSCII] PETSCII content written to terminal @ http://localhost:3001/assets/index-DmX2Ev4k.js:88
[   18670ms] [LOG] [PETSCII] Received petscii-output, length: 5 @ http://localhost:3001/assets/index-DmX2Ev4k.js:88
[   18670ms] [LOG] [PETSCII] Switching font from PetMe64, "Courier New", monospace to PetMe64 @ http://localhost:3001/assets/index-DmX2Ev4k.js:88
[   18670ms] [LOG] [PETSCII] PETSCII content written to terminal @ http://localhost:3001/assets/index-DmX2Ev4k.js:88
[   18670ms] [LOG] [PETSCII] Received petscii-output, length: 5 @ http://localhost:3001/assets/index-DmX2Ev4k.js:88
[   18671ms] [LOG] [PETSCII] Switching font from PetMe64, "Courier New", monospace to PetMe64 @ http://localhost:3001/assets/index-DmX2Ev4k.js:88
[   18671ms] [LOG] [PETSCII] PETSCII content written to terminal @ http://localhost:3001/assets/index-DmX2Ev4k.js:88
[   18676ms] [LOG] [PETSCII] Received petscii-output, length: 1 @ http://localhost:3001/assets/index-DmX2Ev4k.js:88
[   18676ms] [LOG] [PETSCII] Switching font from PetMe64, "Courier New", monospace to PetMe64 @ http://localhost:3001/assets/index-DmX2Ev4k.js:88
[   18676ms] [LOG] [PETSCII] PETSCII content written to terminal @ http://localhost:3001/assets/index-DmX2Ev4k.js:88
[   18676ms] [LOG] [PETSCII] Received petscii-output, length: 5 @ http://localhost:3001/assets/index-DmX2Ev4k.js:88
[   18676ms] [LOG] [PETSCII] Switching font from PetMe64, "Courier New", monospace to PetMe64 @ http://localhost:3001/assets/index-DmX2Ev4k.js:88
[   18676ms] [LOG] [PETSCII] PETSCII content written to terminal @ http://localhost:3001/assets/index-DmX2Ev4k.js:88
[   18676ms] [LOG] [PETSCII] Received petscii-output, length: 1 @ http://localhost:3001/assets/index-DmX2Ev4k.js:88
[   18676ms] [LOG] [PETSCII] Switching font from PetMe64, "Courier New", monospace to PetMe64 @ http://localhost:3001/assets/index-DmX2Ev4k.js:88
[   18676ms] [LOG] [PETSCII] PETSCII content written to terminal @ http://localhost:3001/assets/index-DmX2Ev4k.js:88
[   18676ms] [LOG] [PETSCII] Received petscii-output, length: 5 @ http://localhost:3001/assets/index-DmX2Ev4k.js:88
[   18676ms] [LOG] [PETSCII] Switching font from PetMe64, "Courier New", monospace to PetMe64 @ http://localhost:3001/assets/index-DmX2Ev4k.js:88
[   18676ms] [LOG] [PETSCII] PETSCII content written to terminal @ http://localhost:3001/assets/index-DmX2Ev4k.js:88
[   18676ms] [LOG] [PETSCII] Received petscii-output, length: 5 @ http://localhost:3001/assets/index-DmX2Ev4k.js:88
[   18676ms] [LOG] [PETSCII] Switching font from PetMe64, "Courier New", monospace to PetMe64 @ http://localhost:3001/assets/index-DmX2Ev4k.js:88
[   18676ms] [LOG] [PETSCII] PETSCII content written to terminal @ http://localhost:3001/assets/index-DmX2Ev4k.js:88
[   18676ms] [LOG] [PETSCII] Received petscii-output, length: 2 @ http://localhost:3001/assets/index-DmX2Ev4k.js:88
[   18676ms] [LOG] [PETSCII] Switching font from PetMe64, "Courier New", monospace to PetMe64 @ http://localhost:3001/assets/index-DmX2Ev4k.js:88
[   18676ms] [LOG] [PETSCII] PETSCII content written to terminal @ http://localhost:3001/assets/index-DmX2Ev4k.js:88
[   18676ms] [LOG] [PETSCII] Received petscii-output, length: 4 @ http://localhost:3001/assets/index-DmX2Ev4k.js:88
[   18676ms] [LOG] [PETSCII] Switching font from PetMe64, "Courier New", monospace to PetMe64 @ http://localhost:3001/assets/index-DmX2Ev4k.js:88
[   18676ms] [LOG] [PETSCII] PETSCII content written to terminal @ http://localhost:3001/assets/index-DmX2Ev4k.js:88
[   18677ms] [LOG] [PETSCII] Received petscii-output, length: 5 @ http://localhost:3001/assets/index-DmX2Ev4k.js:88
[   18677ms] [LOG] [PETSCII] Switching font from PetMe64, "Courier New", monospace to PetMe64 @ http://localhost:3001/assets/index-DmX2Ev4k.js:88
[   18677ms] [LOG] [PETSCII] PETSCII content written to terminal @ http://localhost:3001/assets/index-DmX2Ev4k.js:88
[   18677ms] [LOG] [PETSCII] Received petscii-output, length: 1 @ http://localhost:3001/assets/index-DmX2Ev4k.js:88
[   18677ms] [LOG] [PETSCII] Switching font from PetMe64, "Courier New", monospace to PetMe64 @ http://localhost:3001/assets/index-DmX2Ev4k.js:88
[   18677ms] [LOG] [PETSCII] PETSCII content written to terminal @ http://localhost:3001/assets/index-DmX2Ev4k.js:88
[   18677ms] [LOG] [PETSCII] Received petscii-output, length: 5 @ http://localhost:3001/assets/index-DmX2Ev4k.js:88
[   18677ms] [LOG] [PETSCII] Switching font from PetMe64, "Courier New", monospace to PetMe64 @ http://localhost:3001/assets/index-DmX2Ev4k.js:88
[   18677ms] [LOG] [PETSCII] PETSCII content written to terminal @ http://localhost:3001/assets/index-DmX2Ev4k.js:88
[   18677ms] [LOG] [PETSCII] Received petscii-output, length: 1 @ http://localhost:3001/assets/index-DmX2Ev4k.js:88
[   18677ms] [LOG] [PETSCII] Switching font from PetMe64, "Courier New", monospace to PetMe64 @ http://localhost:3001/assets/index-DmX2Ev4k.js:88
[   18677ms] [LOG] [PETSCII] PETSCII content written to terminal @ http://localhost:3001/assets/index-DmX2Ev4k.js:88
[   18684ms] [LOG] [PETSCII] Received petscii-output, length: 1 @ http://localhost:3001/assets/index-DmX2Ev4k.js:88
[   18684ms] [LOG] [PETSCII] Switching font from PetMe64, "Courier New", monospace to PetMe64 @ http://localhost:3001/assets/index-DmX2Ev4k.js:88
[   18684ms] [LOG] [PETSCII] PETSCII content written to terminal @ http://localhost:3001/assets/index-DmX2Ev4k.js:88
[   18684ms] [LOG] [PETSCII] Received petscii-output, length: 5 @ http://localhost:3001/assets/index-DmX2Ev4k.js:88
[   18684ms] [LOG] [PETSCII] Switching font from PetMe64, "Courier New", monospace to PetMe64 @ http://localhost:3001/assets/index-DmX2Ev4k.js:88
[   18684ms] [LOG] [PETSCII] PETSCII content written to terminal @ http://localhost:3001/assets/index-DmX2Ev4k.js:88
[   18684ms] [LOG] [PETSCII] Received petscii-output, length: 2 @ http://localhost:3001/assets/index-DmX2Ev4k.js:88
[   18685ms] [LOG] [PETSCII] Switching font from PetMe64, "Courier New", monospace to PetMe64 @ http://localhost:3001/assets/index-DmX2Ev4k.js:88
[   18685ms] [LOG] [PETSCII] PETSCII content written to terminal @ http://localhost:3001/assets/index-DmX2Ev4k.js:88
[   18685ms] [LOG] [PETSCII] Received petscii-output, length: 5 @ http://localhost:3001/assets/index-DmX2Ev4k.js:88
[   18685ms] [LOG] [PETSCII] Switching font from PetMe64, "Courier New", monospace to PetMe64 @ http://localhost:3001/assets/index-DmX2Ev4k.js:88
[   18685ms] [LOG] [PETSCII] PETSCII content written to terminal @ http://localhost:3001/assets/index-DmX2Ev4k.js:88
[   18685ms] [LOG] [PETSCII] Received petscii-output, length: 5 @ http://localhost:3001/assets/index-DmX2Ev4k.js:88
[   18685ms] [LOG] [PETSCII] Switching font from PetMe64, "Courier New", monospace to PetMe64 @ http://localhost:3001/assets/index-DmX2Ev4k.js:88
[   18685ms] [LOG] [PETSCII] PETSCII content written to terminal @ http://localhost:3001/assets/index-DmX2Ev4k.js:88
[   18685ms] [LOG] [PETSCII] Received petscii-output, length: 1 @ http://localhost:3001/assets/index-DmX2Ev4k.js:88
[   18685ms] [LOG] [PETSCII] Switching font from PetMe64, "Courier New", monospace to PetMe64 @ http://localhost:3001/assets/index-DmX2Ev4k.js:88
[   18685ms] [LOG] [PETSCII] PETSCII content written to terminal @ http://localhost:3001/assets/index-DmX2Ev4k.js:88
[   18685ms] [LOG] [PETSCII] Received petscii-output, length: 4 @ http://localhost:3001/assets/index-DmX2Ev4k.js:88
[   18685ms] [LOG] [PETSCII] Switching font from PetMe64, "Courier New", monospace to PetMe64 @ http://localhost:3001/assets/index-DmX2Ev4k.js:88
[   18685ms] [LOG] [PETSCII] PETSCII content written to terminal @ http://localhost:3001/assets/index-DmX2Ev4k.js:88
[   18685ms] [LOG] [PETSCII] Received petscii-output, length: 1 @ http://localhost:3001/assets/index-DmX2Ev4k.js:88
[   18685ms] [LOG] [PETSCII] Switching font from PetMe64, "Courier New", monospace to PetMe64 @ http://localhost:3001/assets/index-DmX2Ev4k.js:88
[   18685ms] [LOG] [PETSCII] PETSCII content written to terminal @ http://localhost:3001/assets/index-DmX2Ev4k.js:88
[   18685ms] [LOG] [PETSCII] Received petscii-output, length: 5 @ http://localhost:3001/assets/index-DmX2Ev4k.js:88
[   18685ms] [LOG] [PETSCII] Switching font from PetMe64, "Courier New", monospace to PetMe64 @ http://localhost:3001/assets/index-DmX2Ev4k.js:88
[   18685ms] [LOG] [PETSCII] PETSCII content written to terminal @ http://localhost:3001/assets/index-DmX2Ev4k.js:88
[   18685ms] [LOG] [PETSCII] Received petscii-output, length: 1 @ http://localhost:3001/assets/index-DmX2Ev4k.js:88
[   18685ms] [LOG] [PETSCII] Switching font from PetMe64, "Courier New", monospace to PetMe64 @ http://localhost:3001/assets/index-DmX2Ev4k.js:88
[   18685ms] [LOG] [PETSCII] PETSCII content written to terminal @ http://localhost:3001/assets/index-DmX2Ev4k.js:88
[   18685ms] [LOG] [PETSCII] Received petscii-output, length: 5 @ http://localhost:3001/assets/index-DmX2Ev4k.js:88
[   18685ms] [LOG] [PETSCII] Switching font from PetMe64, "Courier New", monospace to PetMe64 @ http://localhost:3001/assets/index-DmX2Ev4k.js:88
[   18685ms] [LOG] [PETSCII] PETSCII content written to terminal @ http://localhost:3001/assets/index-DmX2Ev4k.js:88
[   18685ms] [LOG] [PETSCII] Received petscii-output, length: 5 @ http://localhost:3001/assets/index-DmX2Ev4k.js:88
[   18685ms] [LOG] [PETSCII] Switching font from PetMe64, "Courier New", monospace to PetMe64 @ http://localhost:3001/assets/index-DmX2Ev4k.js:88
[   18685ms] [LOG] [PETSCII] PETSCII content written to terminal @ http://localhost:3001/assets/index-DmX2Ev4k.js:88
[   18685ms] [LOG] [PETSCII] Received petscii-output, length: 1 @ http://localhost:3001/assets/index-DmX2Ev4k.js:88
[   18686ms] [LOG] [PETSCII] Switching font from PetMe64, "Courier New", monospace to PetMe64 @ http://localhost:3001/assets/index-DmX2Ev4k.js:88
[   18686ms] [LOG] [PETSCII] PETSCII content written to terminal @ http://localhost:3001/assets/index-DmX2Ev4k.js:88
[   18686ms] [LOG] [PETSCII] Received petscii-output, length: 4 @ http://localhost:3001/assets/index-DmX2Ev4k.js:88
[   18686ms] [LOG] [PETSCII] Switching font from PetMe64, "Courier New", monospace to PetMe64 @ http://localhost:3001/assets/index-DmX2Ev4k.js:88
[   18686ms] [LOG] [PETSCII] PETSCII content written to terminal @ http://localhost:3001/assets/index-DmX2Ev4k.js:88
[   18686ms] [LOG] [PETSCII] Received petscii-output, length: 5 @ http://localhost:3001/assets/index-DmX2Ev4k.js:88
[   18686ms] [LOG] [PETSCII] Switching font from PetMe64, "Courier New", monospace to PetMe64 @ http://localhost:3001/assets/index-DmX2Ev4k.js:88
[   18686ms] [LOG] [PETSCII] PETSCII content written to terminal @ http://localhost:3001/assets/index-DmX2Ev4k.js:88
[   18686ms] [LOG] [PETSCII] Received petscii-output, length: 4 @ http://localhost:3001/assets/index-DmX2Ev4k.js:88
[   18686ms] [LOG] [PETSCII] Switching font from PetMe64, "Courier New", monospace to PetMe64 @ http://localhost:3001/assets/index-DmX2Ev4k.js:88
[   18686ms] [LOG] [PETSCII] PETSCII content written to terminal @ http://localhost:3001/assets/index-DmX2Ev4k.js:88
[   18686ms] [LOG] [PETSCII] Received petscii-output, length: 5 @ http://localhost:3001/assets/index-DmX2Ev4k.js:88
[   18686ms] [LOG] [PETSCII] Switching font from PetMe64, "Courier New", monospace to PetMe64 @ http://localhost:3001/assets/index-DmX2Ev4k.js:88
[   18686ms] [LOG] [PETSCII] PETSCII content written to terminal @ http://localhost:3001/assets/index-DmX2Ev4k.js:88
[   18686ms] [LOG] [PETSCII] Received petscii-output, length: 4 @ http://localhost:3001/assets/index-DmX2Ev4k.js:88
[   18686ms] [LOG] [PETSCII] Switching font from PetMe64, "Courier New", monospace to PetMe64 @ http://localhost:3001/assets/index-DmX2Ev4k.js:88
[   18686ms] [LOG] [PETSCII] PETSCII content written to terminal @ http://localhost:3001/assets/index-DmX2Ev4k.js:88
[   18686ms] [LOG] [PETSCII] Received petscii-output, length: 5 @ http://localhost:3001/assets/index-DmX2Ev4k.js:88
[   18686ms] [LOG] [PETSCII] Switching font from PetMe64, "Courier New", monospace to PetMe64 @ http://localhost:3001/assets/index-DmX2Ev4k.js:88
[   18686ms] [LOG] [PETSCII] PETSCII content written to terminal @ http://localhost:3001/assets/index-DmX2Ev4k.js:88
[   18686ms] [LOG] [PETSCII] Received petscii-output, length: 1 @ http://localhost:3001/assets/index-DmX2Ev4k.js:88
[   18686ms] [LOG] [PETSCII] Switching font from PetMe64, "Courier New", monospace to PetMe64 @ http://localhost:3001/assets/index-DmX2Ev4k.js:88
[   18686ms] [LOG] [PETSCII] PETSCII content written to terminal @ http://localhost:3001/assets/index-DmX2Ev4k.js:88
[   18686ms] [LOG] [PETSCII] Received petscii-output, length: 5 @ http://localhost:3001/assets/index-DmX2Ev4k.js:88
[   18686ms] [LOG] [PETSCII] Switching font from PetMe64, "Courier New", monospace to PetMe64 @ http://localhost:3001/assets/index-DmX2Ev4k.js:88
[   18686ms] [LOG] [PETSCII] PETSCII content written to terminal @ http://localhost:3001/assets/index-DmX2Ev4k.js:88
[   18686ms] [LOG] [PETSCII] Received petscii-output, length: 1 @ http://localhost:3001/assets/index-DmX2Ev4k.js:88
[   18686ms] [LOG] [PETSCII] Switching font from PetMe64, "Courier New", monospace to PetMe64 @ http://localhost:3001/assets/index-DmX2Ev4k.js:88
[   18686ms] [LOG] [PETSCII] PETSCII content written to terminal @ http://localhost:3001/assets/index-DmX2Ev4k.js:88
[   18686ms] [LOG] [PETSCII] Received petscii-output, length: 2 @ http://localhost:3001/assets/index-DmX2Ev4k.js:88
[   18686ms] [LOG] [PETSCII] Switching font from PetMe64, "Courier New", monospace to PetMe64 @ http://localhost:3001/assets/index-DmX2Ev4k.js:88
[   18687ms] [LOG] [PETSCII] PETSCII content written to terminal @ http://localhost:3001/assets/index-DmX2Ev4k.js:88
[   18687ms] [LOG] [PETSCII] Received petscii-output, length: 5 @ http://localhost:3001/assets/index-DmX2Ev4k.js:88
[   18687ms] [LOG] [PETSCII] Switching font from PetMe64, "Courier New", monospace to PetMe64 @ http://localhost:3001/assets/index-DmX2Ev4k.js:88
[   18687ms] [LOG] [PETSCII] PETSCII content written to terminal @ http://localhost:3001/assets/index-DmX2Ev4k.js:88
[   18687ms] [LOG] [PETSCII] Received petscii-output, length: 1 @ http://localhost:3001/assets/index-DmX2Ev4k.js:88
[   18687ms] [LOG] [PETSCII] Switching font from PetMe64, "Courier New", monospace to PetMe64 @ http://localhost:3001/assets/index-DmX2Ev4k.js:88
[   18687ms] [LOG] [PETSCII] PETSCII content written to terminal @ http://localhost:3001/assets/index-DmX2Ev4k.js:88
[   18687ms] [LOG] [PETSCII] Received petscii-output, length: 5 @ http://localhost:3001/assets/index-DmX2Ev4k.js:88
[   18687ms] [LOG] [PETSCII] Switching font from PetMe64, "Courier New", monospace to PetMe64 @ http://localhost:3001/assets/index-DmX2Ev4k.js:88
[   18687ms] [LOG] [PETSCII] PETSCII content written to terminal @ http://localhost:3001/assets/index-DmX2Ev4k.js:88
[   18687ms] [LOG] [PETSCII] Received petscii-output, length: 5 @ http://localhost:3001/assets/index-DmX2Ev4k.js:88
[   18687ms] [LOG] [PETSCII] Switching font from PetMe64, "Courier New", monospace to PetMe64 @ http://localhost:3001/assets/index-DmX2Ev4k.js:88
[   18687ms] [LOG] [PETSCII] PETSCII content written to terminal @ http://localhost:3001/assets/index-DmX2Ev4k.js:88
[   18687ms] [LOG] [PETSCII] Received petscii-output, length: 1 @ http://localhost:3001/assets/index-DmX2Ev4k.js:88
[   18687ms] [LOG] [PETSCII] Switching font from PetMe64, "Courier New", monospace to PetMe64 @ http://localhost:3001/assets/index-DmX2Ev4k.js:88
[   18687ms] [LOG] [PETSCII] PETSCII content written to terminal @ http://localhost:3001/assets/index-DmX2Ev4k.js:88
[   18687ms] [LOG] [PETSCII] Received petscii-output, length: 4 @ http://localhost:3001/assets/index-DmX2Ev4k.js:88
[   18687ms] [LOG] [PETSCII] Switching font from PetMe64, "Courier New", monospace to PetMe64 @ http://localhost:3001/assets/index-DmX2Ev4k.js:88
[   18687ms] [LOG] [PETSCII] PETSCII content written to terminal @ http://localhost:3001/assets/index-DmX2Ev4k.js:88
[   18687ms] [LOG] [PETSCII] Received petscii-output, length: 5 @ http://localhost:3001/assets/index-DmX2Ev4k.js:88
[   18687ms] [LOG] [PETSCII] Switching font from PetMe64, "Courier New", monospace to PetMe64 @ http://localhost:3001/assets/index-DmX2Ev4k.js:88
[   18687ms] [LOG] [PETSCII] PETSCII content written to terminal @ http://localhost:3001/assets/index-DmX2Ev4k.js:88
[   18687ms] [LOG] [PETSCII] Received petscii-output, length: 1 @ http://localhost:3001/assets/index-DmX2Ev4k.js:88
[   18687ms] [LOG] [PETSCII] Switching font from PetMe64, "Courier New", monospace to PetMe64 @ http://localhost:3001/assets/index-DmX2Ev4k.js:88
[   18687ms] [LOG] [PETSCII] PETSCII content written to terminal @ http://localhost:3001/assets/index-DmX2Ev4k.js:88
[   18688ms] [LOG] [PETSCII] Received petscii-output, length: 5 @ http://localhost:3001/assets/index-DmX2Ev4k.js:88
[   18688ms] [LOG] [PETSCII] Switching font from PetMe64, "Courier New", monospace to PetMe64 @ http://localhost:3001/assets/index-DmX2Ev4k.js:88
[   18688ms] [LOG] [PETSCII] PETSCII content written to terminal @ http://localhost:3001/assets/index-DmX2Ev4k.js:88
[   18688ms] [LOG] [PETSCII] Received petscii-output, length: 1 @ http://localhost:3001/assets/index-DmX2Ev4k.js:88
[   18688ms] [LOG] [PETSCII] Switching font from PetMe64, "Courier New", monospace to PetMe64 @ http://localhost:3001/assets/index-DmX2Ev4k.js:88
[   18688ms] [LOG] [PETSCII] PETSCII content written to terminal @ http://localhost:3001/assets/index-DmX2Ev4k.js:88
[   18688ms] [LOG] [PETSCII] Received petscii-output, length: 5 @ http://localhost:3001/assets/index-DmX2Ev4k.js:88
[   18688ms] [LOG] [PETSCII] Switching font from PetMe64, "Courier New", monospace to PetMe64 @ http://localhost:3001/assets/index-DmX2Ev4k.js:88
[   18688ms] [LOG] [PETSCII] PETSCII content written to terminal @ http://localhost:3001/assets/index-DmX2Ev4k.js:88
[   18688ms] [LOG] [PETSCII] Received petscii-output, length: 1 @ http://localhost:3001/assets/index-DmX2Ev4k.js:88
[   18688ms] [LOG] [PETSCII] Switching font from PetMe64, "Courier New", monospace to PetMe64 @ http://localhost:3001/assets/index-DmX2Ev4k.js:88
[   18688ms] [LOG] [PETSCII] PETSCII content written to terminal @ http://localhost:3001/assets/index-DmX2Ev4k.js:88
[   18688ms] [LOG] [PETSCII] Received petscii-output, length: 2 @ http://localhost:3001/assets/index-DmX2Ev4k.js:88
[   18688ms] [LOG] [PETSCII] Switching font from PetMe64, "Courier New", monospace to PetMe64 @ http://localhost:3001/assets/index-DmX2Ev4k.js:88
[   18688ms] [LOG] [PETSCII] PETSCII content written to terminal @ http://localhost:3001/assets/index-DmX2Ev4k.js:88
[   18688ms] [LOG] [PETSCII] Received petscii-output, length: 5 @ http://localhost:3001/assets/index-DmX2Ev4k.js:88
[   18688ms] [LOG] [PETSCII] Switching font from PetMe64, "Courier New", monospace to PetMe64 @ http://localhost:3001/assets/index-DmX2Ev4k.js:88
[   18688ms] [LOG] [PETSCII] PETSCII content written to terminal @ http://localhost:3001/assets/index-DmX2Ev4k.js:88
[   18688ms] [LOG] [PETSCII] Received petscii-output, length: 5 @ http://localhost:3001/assets/index-DmX2Ev4k.js:88
[   18688ms] [LOG] [PETSCII] Switching font from PetMe64, "Courier New", monospace to PetMe64 @ http://localhost:3001/assets/index-DmX2Ev4k.js:88
[   18688ms] [LOG] [PETSCII] PETSCII content written to terminal @ http://localhost:3001/assets/index-DmX2Ev4k.js:88
[   18688ms] [LOG] [PETSCII] Received petscii-output, length: 1 @ http://localhost:3001/assets/index-DmX2Ev4k.js:88
[   18688ms] [LOG] [PETSCII] Switching font from PetMe64, "Courier New", monospace to PetMe64 @ http://localhost:3001/assets/index-DmX2Ev4k.js:88
[   18688ms] [LOG] [PETSCII] PETSCII content written to terminal @ http://localhost:3001/assets/index-DmX2Ev4k.js:88
[   18688ms] [LOG] [PETSCII] Received petscii-output, length: 4 @ http://localhost:3001/assets/index-DmX2Ev4k.js:88
[   18688ms] [LOG] [PETSCII] Switching font from PetMe64, "Courier New", monospace to PetMe64 @ http://localhost:3001/assets/index-DmX2Ev4k.js:88
[   18688ms] [LOG] [PETSCII] PETSCII content written to terminal @ http://localhost:3001/assets/index-DmX2Ev4k.js:88
[   18688ms] [LOG] [PETSCII] Received petscii-output, length: 5 @ http://localhost:3001/assets/index-DmX2Ev4k.js:88
[   18688ms] [LOG] [PETSCII] Switching font from PetMe64, "Courier New", monospace to PetMe64 @ http://localhost:3001/assets/index-DmX2Ev4k.js:88
[   18688ms] [LOG] [PETSCII] PETSCII content written to terminal @ http://localhost:3001/assets/index-DmX2Ev4k.js:88
[   18688ms] [LOG] [PETSCII] Received petscii-output, length: 1 @ http://localhost:3001/assets/index-DmX2Ev4k.js:88
[   18688ms] [LOG] [PETSCII] Switching font from PetMe64, "Courier New", monospace to PetMe64 @ http://localhost:3001/assets/index-DmX2Ev4k.js:88
[   18688ms] [LOG] [PETSCII] PETSCII content written to terminal @ http://localhost:3001/assets/index-DmX2Ev4k.js:88
[   18689ms] [LOG] [PETSCII] Received petscii-output, length: 5 @ http://localhost:3001/assets/index-DmX2Ev4k.js:88
[   18689ms] [LOG] [PETSCII] Switching font from PetMe64, "Courier New", monospace to PetMe64 @ http://localhost:3001/assets/index-DmX2Ev4k.js:88
[   18689ms] [LOG] [PETSCII] PETSCII content written to terminal @ http://localhost:3001/assets/index-DmX2Ev4k.js:88
[   18689ms] [LOG] [PETSCII] Received petscii-output, length: 1 @ http://localhost:3001/assets/index-DmX2Ev4k.js:88
[   18689ms] [LOG] [PETSCII] Switching font from PetMe64, "Courier New", monospace to PetMe64 @ http://localhost:3001/assets/index-DmX2Ev4k.js:88
[   18689ms] [LOG] [PETSCII] PETSCII content written to terminal @ http://localhost:3001/assets/index-DmX2Ev4k.js:88
[   18689ms] [LOG] [PETSCII] Received petscii-output, length: 5 @ http://localhost:3001/assets/index-DmX2Ev4k.js:88
[   18689ms] [LOG] [PETSCII] Switching font from PetMe64, "Courier New", monospace to PetMe64 @ http://localhost:3001/assets/index-DmX2Ev4k.js:88
[   18689ms] [LOG] [PETSCII] PETSCII content written to terminal @ http://localhost:3001/assets/index-DmX2Ev4k.js:88
[   18689ms] [LOG] [PETSCII] Received petscii-output, length: 1 @ http://localhost:3001/assets/index-DmX2Ev4k.js:88
[   18689ms] [LOG] [PETSCII] Switching font from PetMe64, "Courier New", monospace to PetMe64 @ http://localhost:3001/assets/index-DmX2Ev4k.js:88
[   18689ms] [LOG] [PETSCII] PETSCII content written to terminal @ http://localhost:3001/assets/index-DmX2Ev4k.js:88
[   18689ms] [LOG] [PETSCII] Received petscii-output, length: 5 @ http://localhost:3001/assets/index-DmX2Ev4k.js:88
[   18689ms] [LOG] [PETSCII] Switching font from PetMe64, "Courier New", monospace to PetMe64 @ http://localhost:3001/assets/index-DmX2Ev4k.js:88
[   18689ms] [LOG] [PETSCII] PETSCII content written to terminal @ http://localhost:3001/assets/index-DmX2Ev4k.js:88
[   18689ms] [LOG] [PETSCII] Received petscii-output, length: 5 @ http://localhost:3001/assets/index-DmX2Ev4k.js:88
[   18689ms] [LOG] [PETSCII] Switching font from PetMe64, "Courier New", monospace to PetMe64 @ http://localhost:3001/assets/index-DmX2Ev4k.js:88
[   18689ms] [LOG] [PETSCII] PETSCII content written to terminal @ http://localhost:3001/assets/index-DmX2Ev4k.js:88
[   18689ms] [LOG] [PETSCII] Received petscii-output, length: 1 @ http://localhost:3001/assets/index-DmX2Ev4k.js:88
[   18689ms] [LOG] [PETSCII] Switching font from PetMe64, "Courier New", monospace to PetMe64 @ http://localhost:3001/assets/index-DmX2Ev4k.js:88
[   18689ms] [LOG] [PETSCII] PETSCII content written to terminal @ http://localhost:3001/assets/index-DmX2Ev4k.js:88
[   18689ms] [LOG] [PETSCII] Received petscii-output, length: 4 @ http://localhost:3001/assets/index-DmX2Ev4k.js:88
[   18689ms] [LOG] [PETSCII] Switching font from PetMe64, "Courier New", monospace to PetMe64 @ http://localhost:3001/assets/index-DmX2Ev4k.js:88
[   18689ms] [LOG] [PETSCII] PETSCII content written to terminal @ http://localhost:3001/assets/index-DmX2Ev4k.js:88
[   18689ms] [LOG] [PETSCII] Received petscii-output, length: 5 @ http://localhost:3001/assets/index-DmX2Ev4k.js:88
[   18689ms] [LOG] [PETSCII] Switching font from PetMe64, "Courier New", monospace to PetMe64 @ http://localhost:3001/assets/index-DmX2Ev4k.js:88
[   18689ms] [LOG] [PETSCII] PETSCII content written to terminal @ http://localhost:3001/assets/index-DmX2Ev4k.js:88
[   18689ms] [LOG] [PETSCII] Received petscii-output, length: 3 @ http://localhost:3001/assets/index-DmX2Ev4k.js:88
[   18689ms] [LOG] [PETSCII] Switching font from PetMe64, "Courier New", monospace to PetMe64 @ http://localhost:3001/assets/index-DmX2Ev4k.js:88
[   18689ms] [LOG] [PETSCII] PETSCII content written to terminal @ http://localhost:3001/assets/index-DmX2Ev4k.js:88
[   18691ms] [LOG] [PETSCII] Received petscii-output, length: 2 @ http://localhost:3001/assets/index-DmX2Ev4k.js:88
[   18691ms] [LOG] [PETSCII] Switching font from PetMe64, "Courier New", monospace to PetMe64 @ http://localhost:3001/assets/index-DmX2Ev4k.js:88
[   18691ms] [LOG] [PETSCII] PETSCII content written to terminal @ http://localhost:3001/assets/index-DmX2Ev4k.js:88
[   18691ms] [LOG] [PETSCII] Received petscii-output, length: 5 @ http://localhost:3001/assets/index-DmX2Ev4k.js:88
[   18691ms] [LOG] [PETSCII] Switching font from PetMe64, "Courier New", monospace to PetMe64 @ http://localhost:3001/assets/index-DmX2Ev4k.js:88
[   18691ms] [LOG] [PETSCII] PETSCII content written to terminal @ http://localhost:3001/assets/index-DmX2Ev4k.js:88
[   18691ms] [LOG] [PETSCII] Received petscii-output, length: 6 @ http://localhost:3001/assets/index-DmX2Ev4k.js:88
[   18691ms] [LOG] [PETSCII] Switching font from PetMe64, "Courier New", monospace to PetMe64 @ http://localhost:3001/assets/index-DmX2Ev4k.js:88
[   18691ms] [LOG] [PETSCII] PETSCII content written to terminal @ http://localhost:3001/assets/index-DmX2Ev4k.js:88
[   18695ms] [LOG] [PETSCII] Received petscii-output, length: 2 @ http://localhost:3001/assets/index-DmX2Ev4k.js:88
[   18696ms] [LOG] [PETSCII] Switching font from PetMe64, "Courier New", monospace to PetMe64 @ http://localhost:3001/assets/index-DmX2Ev4k.js:88
[   18696ms] [LOG] [PETSCII] PETSCII content written to terminal @ http://localhost:3001/assets/index-DmX2Ev4k.js:88
[   18696ms] [LOG] [PETSCII] Received petscii-output, length: 5 @ http://localhost:3001/assets/index-DmX2Ev4k.js:88
[   18696ms] [LOG] [PETSCII] Switching font from PetMe64, "Courier New", monospace to PetMe64 @ http://localhost:3001/assets/index-DmX2Ev4k.js:88
[   18696ms] [LOG] [PETSCII] PETSCII content written to terminal @ http://localhost:3001/assets/index-DmX2Ev4k.js:88
[   18696ms] [LOG] [PETSCII] Received petscii-output, length: 1 @ http://localhost:3001/assets/index-DmX2Ev4k.js:88
[   18696ms] [LOG] [PETSCII] Switching font from PetMe64, "Courier New", monospace to PetMe64 @ http://localhost:3001/assets/index-DmX2Ev4k.js:88
[   18696ms] [LOG] [PETSCII] PETSCII content written to terminal @ http://localhost:3001/assets/index-DmX2Ev4k.js:88
[   18696ms] [LOG] [PETSCII] Received petscii-output, length: 5 @ http://localhost:3001/assets/index-DmX2Ev4k.js:88
[   18696ms] [LOG] [PETSCII] Switching font from PetMe64, "Courier New", monospace to PetMe64 @ http://localhost:3001/assets/index-DmX2Ev4k.js:88
[   18696ms] [LOG] [PETSCII] PETSCII content written to terminal @ http://localhost:3001/assets/index-DmX2Ev4k.js:88
[   18696ms] [LOG] [PETSCII] Received petscii-output, length: 1 @ http://localhost:3001/assets/index-DmX2Ev4k.js:88
[   18696ms] [LOG] [PETSCII] Switching font from PetMe64, "Courier New", monospace to PetMe64 @ http://localhost:3001/assets/index-DmX2Ev4k.js:88
[   18696ms] [LOG] [PETSCII] PETSCII content written to terminal @ http://localhost:3001/assets/index-DmX2Ev4k.js:88
[   18696ms] [LOG] [PETSCII] Received petscii-output, length: 5 @ http://localhost:3001/assets/index-DmX2Ev4k.js:88
[   18696ms] [LOG] [PETSCII] Switching font from PetMe64, "Courier New", monospace to PetMe64 @ http://localhost:3001/assets/index-DmX2Ev4k.js:88
[   18696ms] [LOG] [PETSCII] PETSCII content written to terminal @ http://localhost:3001/assets/index-DmX2Ev4k.js:88
[   18696ms] [LOG] [PETSCII] Received petscii-output, length: 1 @ http://localhost:3001/assets/index-DmX2Ev4k.js:88
[   18696ms] [LOG] [PETSCII] Switching font from PetMe64, "Courier New", monospace to PetMe64 @ http://localhost:3001/assets/index-DmX2Ev4k.js:88
[   18696ms] [LOG] [PETSCII] PETSCII content written to terminal @ http://localhost:3001/assets/index-DmX2Ev4k.js:88
[   18696ms] [LOG] [PETSCII] Received petscii-output, length: 5 @ http://localhost:3001/assets/index-DmX2Ev4k.js:88
[   18696ms] [LOG] [PETSCII] Switching font from PetMe64, "Courier New", monospace to PetMe64 @ http://localhost:3001/assets/index-DmX2Ev4k.js:88
[   18696ms] [LOG] [PETSCII] PETSCII content written to terminal @ http://localhost:3001/assets/index-DmX2Ev4k.js:88
[   18697ms] [LOG] [PETSCII] Received petscii-output, length: 5 @ http://localhost:3001/assets/index-DmX2Ev4k.js:88
[   18697ms] [LOG] [PETSCII] Switching font from PetMe64, "Courier New", monospace to PetMe64 @ http://localhost:3001/assets/index-DmX2Ev4k.js:88
[   18697ms] [LOG] [PETSCII] PETSCII content written to terminal @ http://localhost:3001/assets/index-DmX2Ev4k.js:88
[   18697ms] [LOG] [PETSCII] Received petscii-output, length: 1 @ http://localhost:3001/assets/index-DmX2Ev4k.js:88
[   18697ms] [LOG] [PETSCII] Switching font from PetMe64, "Courier New", monospace to PetMe64 @ http://localhost:3001/assets/index-DmX2Ev4k.js:88
[   18697ms] [LOG] [PETSCII] PETSCII content written to terminal @ http://localhost:3001/assets/index-DmX2Ev4k.js:88
[   18697ms] [LOG] [PETSCII] Received petscii-output, length: 4 @ http://localhost:3001/assets/index-DmX2Ev4k.js:88
[   18697ms] [LOG] [PETSCII] Switching font from PetMe64, "Courier New", monospace to PetMe64 @ http://localhost:3001/assets/index-DmX2Ev4k.js:88
[   18697ms] [LOG] [PETSCII] PETSCII content written to terminal @ http://localhost:3001/assets/index-DmX2Ev4k.js:88
[   18697ms] [LOG] [PETSCII] Received petscii-output, length: 5 @ http://localhost:3001/assets/index-DmX2Ev4k.js:88
[   18697ms] [LOG] [PETSCII] Switching font from PetMe64, "Courier New", monospace to PetMe64 @ http://localhost:3001/assets/index-DmX2Ev4k.js:88
[   18697ms] [LOG] [PETSCII] PETSCII content written to terminal @ http://localhost:3001/assets/index-DmX2Ev4k.js:88
[   18697ms] [LOG] [PETSCII] Received petscii-output, length: 1 @ http://localhost:3001/assets/index-DmX2Ev4k.js:88
[   18697ms] [LOG] [PETSCII] Switching font from PetMe64, "Courier New", monospace to PetMe64 @ http://localhost:3001/assets/index-DmX2Ev4k.js:88
[   18697ms] [LOG] [PETSCII] PETSCII content written to terminal @ http://localhost:3001/assets/index-DmX2Ev4k.js:88
[   18697ms] [LOG] [PETSCII] Received petscii-output, length: 5 @ http://localhost:3001/assets/index-DmX2Ev4k.js:88
[   18697ms] [LOG] [PETSCII] Switching font from PetMe64, "Courier New", monospace to PetMe64 @ http://localhost:3001/assets/index-DmX2Ev4k.js:88
[   18697ms] [LOG] [PETSCII] PETSCII content written to terminal @ http://localhost:3001/assets/index-DmX2Ev4k.js:88
[   18697ms] [LOG] [PETSCII] Received petscii-output, length: 5 @ http://localhost:3001/assets/index-DmX2Ev4k.js:88
[   18697ms] [LOG] [PETSCII] Switching font from PetMe64, "Courier New", monospace to PetMe64 @ http://localhost:3001/assets/index-DmX2Ev4k.js:88
[   18697ms] [LOG] [PETSCII] PETSCII content written to terminal @ http://localhost:3001/assets/index-DmX2Ev4k.js:88
[   18697ms] [LOG] [PETSCII] Received petscii-output, length: 1 @ http://localhost:3001/assets/index-DmX2Ev4k.js:88
[   18697ms] [LOG] [PETSCII] Switching font from PetMe64, "Courier New", monospace to PetMe64 @ http://localhost:3001/assets/index-DmX2Ev4k.js:88
[   18697ms] [LOG] [PETSCII] PETSCII content written to terminal @ http://localhost:3001/assets/index-DmX2Ev4k.js:88
[   18697ms] [LOG] [PETSCII] Received petscii-output, length: 4 @ http://localhost:3001/assets/index-DmX2Ev4k.js:88
[   18697ms] [LOG] [PETSCII] Switching font from PetMe64, "Courier New", monospace to PetMe64 @ http://localhost:3001/assets/index-DmX2Ev4k.js:88
[   18697ms] [LOG] [PETSCII] PETSCII content written to terminal @ http://localhost:3001/assets/index-DmX2Ev4k.js:88
[   18697ms] [LOG] [PETSCII] Received petscii-output, length: 1 @ http://localhost:3001/assets/index-DmX2Ev4k.js:88
[   18697ms] [LOG] [PETSCII] Switching font from PetMe64, "Courier New", monospace to PetMe64 @ http://localhost:3001/assets/index-DmX2Ev4k.js:88
[   18697ms] [LOG] [PETSCII] PETSCII content written to terminal @ http://localhost:3001/assets/index-DmX2Ev4k.js:88
[   18697ms] [LOG] [PETSCII] Received petscii-output, length: 5 @ http://localhost:3001/assets/index-DmX2Ev4k.js:88
[   18697ms] [LOG] [PETSCII] Switching font from PetMe64, "Courier New", monospace to PetMe64 @ http://localhost:3001/assets/index-DmX2Ev4k.js:88
[   18697ms] [LOG] [PETSCII] PETSCII content written to terminal @ http://localhost:3001/assets/index-DmX2Ev4k.js:88
[   18697ms] [LOG] [PETSCII] Received petscii-output, length: 5 @ http://localhost:3001/assets/index-DmX2Ev4k.js:88
[   18697ms] [LOG] [PETSCII] Switching font from PetMe64, "Courier New", monospace to PetMe64 @ http://localhost:3001/assets/index-DmX2Ev4k.js:88
[   18697ms] [LOG] [PETSCII] PETSCII content written to terminal @ http://localhost:3001/assets/index-DmX2Ev4k.js:88
[   18697ms] [LOG] [PETSCII] Received petscii-output, length: 1 @ http://localhost:3001/assets/index-DmX2Ev4k.js:88
[   18697ms] [LOG] [PETSCII] Switching font from PetMe64, "Courier New", monospace to PetMe64 @ http://localhost:3001/assets/index-DmX2Ev4k.js:88
[   18697ms] [LOG] [PETSCII] PETSCII content written to terminal @ http://localhost:3001/assets/index-DmX2Ev4k.js:88
[   18698ms] [LOG] [PETSCII] Received petscii-output, length: 1 @ http://localhost:3001/assets/index-DmX2Ev4k.js:88
[   18698ms] [LOG] [PETSCII] Switching font from PetMe64, "Courier New", monospace to PetMe64 @ http://localhost:3001/assets/index-DmX2Ev4k.js:88
[   18698ms] [LOG] [PETSCII] PETSCII content written to terminal @ http://localhost:3001/assets/index-DmX2Ev4k.js:88
[   18698ms] [LOG] [PETSCII] Received petscii-output, length: 4 @ http://localhost:3001/assets/index-DmX2Ev4k.js:88
[   18698ms] [LOG] [PETSCII] Switching font from PetMe64, "Courier New", monospace to PetMe64 @ http://localhost:3001/assets/index-DmX2Ev4k.js:88
[   18698ms] [LOG] [PETSCII] PETSCII content written to terminal @ http://localhost:3001/assets/index-DmX2Ev4k.js:88
[   18698ms] [LOG] [PETSCII] Received petscii-output, length: 5 @ http://localhost:3001/assets/index-DmX2Ev4k.js:88
[   18698ms] [LOG] [PETSCII] Switching font from PetMe64, "Courier New", monospace to PetMe64 @ http://localhost:3001/assets/index-DmX2Ev4k.js:88
[   18698ms] [LOG] [PETSCII] PETSCII content written to terminal @ http://localhost:3001/assets/index-DmX2Ev4k.js:88
[   18698ms] [LOG] [PETSCII] Received petscii-output, length: 1 @ http://localhost:3001/assets/index-DmX2Ev4k.js:88
[   18698ms] [LOG] [PETSCII] Switching font from PetMe64, "Courier New", monospace to PetMe64 @ http://localhost:3001/assets/index-DmX2Ev4k.js:88
[   18698ms] [LOG] [PETSCII] PETSCII content written to terminal @ http://localhost:3001/assets/index-DmX2Ev4k.js:88
[   18698ms] [LOG] [PETSCII] Received petscii-output, length: 5 @ http://localhost:3001/assets/index-DmX2Ev4k.js:88
[   18698ms] [LOG] [PETSCII] Switching font from PetMe64, "Courier New", monospace to PetMe64 @ http://localhost:3001/assets/index-DmX2Ev4k.js:88
[   18698ms] [LOG] [PETSCII] PETSCII content written to terminal @ http://localhost:3001/assets/index-DmX2Ev4k.js:88
[   18698ms] [LOG] [PETSCII] Received petscii-output, length: 1 @ http://localhost:3001/assets/index-DmX2Ev4k.js:88
[   18698ms] [LOG] [PETSCII] Switching font from PetMe64, "Courier New", monospace to PetMe64 @ http://localhost:3001/assets/index-DmX2Ev4k.js:88
[   18699ms] [LOG] [PETSCII] PETSCII content written to terminal @ http://localhost:3001/assets/index-DmX2Ev4k.js:88
[   18699ms] [LOG] [PETSCII] Received petscii-output, length: 5 @ http://localhost:3001/assets/index-DmX2Ev4k.js:88
[   18699ms] [LOG] [PETSCII] Switching font from PetMe64, "Courier New", monospace to PetMe64 @ http://localhost:3001/assets/index-DmX2Ev4k.js:88
[   18699ms] [LOG] [PETSCII] PETSCII content written to terminal @ http://localhost:3001/assets/index-DmX2Ev4k.js:88
[   18699ms] [LOG] [PETSCII] Received petscii-output, length: 1 @ http://localhost:3001/assets/index-DmX2Ev4k.js:88
[   18699ms] [LOG] [PETSCII] Switching font from PetMe64, "Courier New", monospace to PetMe64 @ http://localhost:3001/assets/index-DmX2Ev4k.js:88
[   18699ms] [LOG] [PETSCII] PETSCII content written to terminal @ http://localhost:3001/assets/index-DmX2Ev4k.js:88
[   18699ms] [LOG] [PETSCII] Received petscii-output, length: 5 @ http://localhost:3001/assets/index-DmX2Ev4k.js:88
[   18699ms] [LOG] [PETSCII] Switching font from PetMe64, "Courier New", monospace to PetMe64 @ http://localhost:3001/assets/index-DmX2Ev4k.js:88
[   18699ms] [LOG] [PETSCII] PETSCII content written to terminal @ http://localhost:3001/assets/index-DmX2Ev4k.js:88
[   18699ms] [LOG] [PETSCII] Received petscii-output, length: 5 @ http://localhost:3001/assets/index-DmX2Ev4k.js:88
[   18699ms] [LOG] [PETSCII] Switching font from PetMe64, "Courier New", monospace to PetMe64 @ http://localhost:3001/assets/index-DmX2Ev4k.js:88
[   18699ms] [LOG] [PETSCII] PETSCII content written to terminal @ http://localhost:3001/assets/index-DmX2Ev4k.js:88
[   18699ms] [LOG] [PETSCII] Received petscii-output, length: 1 @ http://localhost:3001/assets/index-DmX2Ev4k.js:88
[   18699ms] [LOG] [PETSCII] Switching font from PetMe64, "Courier New", monospace to PetMe64 @ http://localhost:3001/assets/index-DmX2Ev4k.js:88
[   18699ms] [LOG] [PETSCII] PETSCII content written to terminal @ http://localhost:3001/assets/index-DmX2Ev4k.js:88
[   18699ms] [LOG] [PETSCII] Received petscii-output, length: 4 @ http://localhost:3001/assets/index-DmX2Ev4k.js:88
[   18699ms] [LOG] [PETSCII] Switching font from PetMe64, "Courier New", monospace to PetMe64 @ http://localhost:3001/assets/index-DmX2Ev4k.js:88
[   18699ms] [LOG] [PETSCII] PETSCII content written to terminal @ http://localhost:3001/assets/index-DmX2Ev4k.js:88
[   18699ms] [LOG] [PETSCII] Received petscii-output, length: 5 @ http://localhost:3001/assets/index-DmX2Ev4k.js:88
[   18699ms] [LOG] [PETSCII] Switching font from PetMe64, "Courier New", monospace to PetMe64 @ http://localhost:3001/assets/index-DmX2Ev4k.js:88
[   18699ms] [LOG] [PETSCII] PETSCII content written to terminal @ http://localhost:3001/assets/index-DmX2Ev4k.js:88
[   18699ms] [LOG] [PETSCII] Received petscii-output, length: 1 @ http://localhost:3001/assets/index-DmX2Ev4k.js:88
[   18699ms] [LOG] [PETSCII] Switching font from PetMe64, "Courier New", monospace to PetMe64 @ http://localhost:3001/assets/index-DmX2Ev4k.js:88
[   18699ms] [LOG] [PETSCII] PETSCII content written to terminal @ http://localhost:3001/assets/index-DmX2Ev4k.js:88
[   18701ms] [LOG] [PETSCII] Received petscii-output, length: 7 @ http://localhost:3001/assets/index-DmX2Ev4k.js:88
[   18701ms] [LOG] [PETSCII] Switching font from PetMe64, "Courier New", monospace to PetMe64 @ http://localhost:3001/assets/index-DmX2Ev4k.js:88
[   18702ms] [LOG] [PETSCII] PETSCII content written to terminal @ http://localhost:3001/assets/index-DmX2Ev4k.js:88
[   18702ms] [LOG] [PETSCII] Received petscii-output, length: 4 @ http://localhost:3001/assets/index-DmX2Ev4k.js:88
[   18702ms] [LOG] [PETSCII] Switching font from PetMe64, "Courier New", monospace to PetMe64 @ http://localhost:3001/assets/index-DmX2Ev4k.js:88
[   18702ms] [LOG] [PETSCII] PETSCII content written to terminal @ http://localhost:3001/assets/index-DmX2Ev4k.js:88
[   18702ms] [LOG] [PETSCII] Received petscii-output, length: 5 @ http://localhost:3001/assets/index-DmX2Ev4k.js:88
[   18702ms] [LOG] [PETSCII] Switching font from PetMe64, "Courier New", monospace to PetMe64 @ http://localhost:3001/assets/index-DmX2Ev4k.js:88
[   18702ms] [LOG] [PETSCII] PETSCII content written to terminal @ http://localhost:3001/assets/index-DmX2Ev4k.js:88
[   18702ms] [LOG] [PETSCII] Received petscii-output, length: 2 @ http://localhost:3001/assets/index-DmX2Ev4k.js:88
[   18702ms] [LOG] [PETSCII] Switching font from PetMe64, "Courier New", monospace to PetMe64 @ http://localhost:3001/assets/index-DmX2Ev4k.js:88
[   18702ms] [LOG] [PETSCII] PETSCII content written to terminal @ http://localhost:3001/assets/index-DmX2Ev4k.js:88
[   18704ms] [LOG] [PETSCII] Received petscii-output, length: 2 @ http://localhost:3001/assets/index-DmX2Ev4k.js:88
[   18704ms] [LOG] [PETSCII] Switching font from PetMe64, "Courier New", monospace to PetMe64 @ http://localhost:3001/assets/index-DmX2Ev4k.js:88
[   18704ms] [LOG] [PETSCII] PETSCII content written to terminal @ http://localhost:3001/assets/index-DmX2Ev4k.js:88
[   18704ms] [LOG] [PETSCII] Received petscii-output, length: 5 @ http://localhost:3001/assets/index-DmX2Ev4k.js:88
[   18704ms] [LOG] [PETSCII] Switching font from PetMe64, "Courier New", monospace to PetMe64 @ http://localhost:3001/assets/index-DmX2Ev4k.js:88
[   18704ms] [LOG] [PETSCII] PETSCII content written to terminal @ http://localhost:3001/assets/index-DmX2Ev4k.js:88
[   18704ms] [LOG] [PETSCII] Received petscii-output, length: 1 @ http://localhost:3001/assets/index-DmX2Ev4k.js:88
[   18704ms] [LOG] [PETSCII] Switching font from PetMe64, "Courier New", monospace to PetMe64 @ http://localhost:3001/assets/index-DmX2Ev4k.js:88
[   18704ms] [LOG] [PETSCII] PETSCII content written to terminal @ http://localhost:3001/assets/index-DmX2Ev4k.js:88
[   18704ms] [LOG] [PETSCII] Received petscii-output, length: 4 @ http://localhost:3001/assets/index-DmX2Ev4k.js:88
[   18704ms] [LOG] [PETSCII] Switching font from PetMe64, "Courier New", monospace to PetMe64 @ http://localhost:3001/assets/index-DmX2Ev4k.js:88
[   18704ms] [LOG] [PETSCII] PETSCII content written to terminal @ http://localhost:3001/assets/index-DmX2Ev4k.js:88
[   18704ms] [LOG] [PETSCII] Received petscii-output, length: 1 @ http://localhost:3001/assets/index-DmX2Ev4k.js:88
[   18704ms] [LOG] [PETSCII] Switching font from PetMe64, "Courier New", monospace to PetMe64 @ http://localhost:3001/assets/index-DmX2Ev4k.js:88
[   18704ms] [LOG] [PETSCII] PETSCII content written to terminal @ http://localhost:3001/assets/index-DmX2Ev4k.js:88
[   18704ms] [LOG] [PETSCII] Received petscii-output, length: 5 @ http://localhost:3001/assets/index-DmX2Ev4k.js:88
[   18704ms] [LOG] [PETSCII] Switching font from PetMe64, "Courier New", monospace to PetMe64 @ http://localhost:3001/assets/index-DmX2Ev4k.js:88
[   18704ms] [LOG] [PETSCII] PETSCII content written to terminal @ http://localhost:3001/assets/index-DmX2Ev4k.js:88
[   18704ms] [LOG] [PETSCII] Received petscii-output, length: 3 @ http://localhost:3001/assets/index-DmX2Ev4k.js:88
[   18704ms] [LOG] [PETSCII] Switching font from PetMe64, "Courier New", monospace to PetMe64 @ http://localhost:3001/assets/index-DmX2Ev4k.js:88
[   18704ms] [LOG] [PETSCII] PETSCII content written to terminal @ http://localhost:3001/assets/index-DmX2Ev4k.js:88
[   18706ms] [LOG] [PETSCII] Received petscii-output, length: 3 @ http://localhost:3001/assets/index-DmX2Ev4k.js:88
[   18706ms] [LOG] [PETSCII] Switching font from PetMe64, "Courier New", monospace to PetMe64 @ http://localhost:3001/assets/index-DmX2Ev4k.js:88
[   18706ms] [LOG] [PETSCII] PETSCII content written to terminal @ http://localhost:3001/assets/index-DmX2Ev4k.js:88
[   18706ms] [LOG] [PETSCII] Received petscii-output, length: 4 @ http://localhost:3001/assets/index-DmX2Ev4k.js:88
[   18706ms] [LOG] [PETSCII] Switching font from PetMe64, "Courier New", monospace to PetMe64 @ http://localhost:3001/assets/index-DmX2Ev4k.js:88
[   18707ms] [LOG] [PETSCII] PETSCII content written to terminal @ http://localhost:3001/assets/index-DmX2Ev4k.js:88
[   18707ms] [LOG] [PETSCII] Received petscii-output, length: 2 @ http://localhost:3001/assets/index-DmX2Ev4k.js:88
[   18707ms] [LOG] [PETSCII] Switching font from PetMe64, "Courier New", monospace to PetMe64 @ http://localhost:3001/assets/index-DmX2Ev4k.js:88
[   18707ms] [LOG] [PETSCII] PETSCII content written to terminal @ http://localhost:3001/assets/index-DmX2Ev4k.js:88
[   18707ms] [LOG] [PETSCII] Received petscii-output, length: 5 @ http://localhost:3001/assets/index-DmX2Ev4k.js:88
[   18707ms] [LOG] [PETSCII] Switching font from PetMe64, "Courier New", monospace to PetMe64 @ http://localhost:3001/assets/index-DmX2Ev4k.js:88
[   18707ms] [LOG] [PETSCII] PETSCII content written to terminal @ http://localhost:3001/assets/index-DmX2Ev4k.js:88
[   18707ms] [LOG] [PETSCII] Received petscii-output, length: 1 @ http://localhost:3001/assets/index-DmX2Ev4k.js:88
[   18707ms] [LOG] [PETSCII] Switching font from PetMe64, "Courier New", monospace to PetMe64 @ http://localhost:3001/assets/index-DmX2Ev4k.js:88
[   18707ms] [LOG] [PETSCII] PETSCII content written to terminal @ http://localhost:3001/assets/index-DmX2Ev4k.js:88
[   18709ms] [LOG] [PETSCII] Received petscii-output, length: 1 @ http://localhost:3001/assets/index-DmX2Ev4k.js:88
[   18709ms] [LOG] [PETSCII] Switching font from PetMe64, "Courier New", monospace to PetMe64 @ http://localhost:3001/assets/index-DmX2Ev4k.js:88
[   18709ms] [LOG] [PETSCII] PETSCII content written to terminal @ http://localhost:3001/assets/index-DmX2Ev4k.js:88
[   18709ms] [LOG] [PETSCII] Received petscii-output, length: 4 @ http://localhost:3001/assets/index-DmX2Ev4k.js:88
[   18709ms] [LOG] [PETSCII] Switching font from PetMe64, "Courier New", monospace to PetMe64 @ http://localhost:3001/assets/index-DmX2Ev4k.js:88
[   18709ms] [LOG] [PETSCII] PETSCII content written to terminal @ http://localhost:3001/assets/index-DmX2Ev4k.js:88
[   18709ms] [LOG] [PETSCII] Received petscii-output, length: 4 @ http://localhost:3001/assets/index-DmX2Ev4k.js:88
[   18709ms] [LOG] [PETSCII] Switching font from PetMe64, "Courier New", monospace to PetMe64 @ http://localhost:3001/assets/index-DmX2Ev4k.js:88
[   18709ms] [LOG] [PETSCII] PETSCII content written to terminal @ http://localhost:3001/assets/index-DmX2Ev4k.js:88
[   18710ms] [LOG] [PETSCII] Received petscii-output, length: 5 @ http://localhost:3001/assets/index-DmX2Ev4k.js:88
[   18710ms] [LOG] [PETSCII] Switching font from PetMe64, "Courier New", monospace to PetMe64 @ http://localhost:3001/assets/index-DmX2Ev4k.js:88
[   18710ms] [LOG] [PETSCII] PETSCII content written to terminal @ http://localhost:3001/assets/index-DmX2Ev4k.js:88
[   18710ms] [LOG] [PETSCII] Received petscii-output, length: 1 @ http://localhost:3001/assets/index-DmX2Ev4k.js:88
[   18710ms] [LOG] [PETSCII] Switching font from PetMe64, "Courier New", monospace to PetMe64 @ http://localhost:3001/assets/index-DmX2Ev4k.js:88
[   18710ms] [LOG] [PETSCII] PETSCII content written to terminal @ http://localhost:3001/assets/index-DmX2Ev4k.js:88
[   18712ms] [LOG] [PETSCII] Received petscii-output, length: 2 @ http://localhost:3001/assets/index-DmX2Ev4k.js:88
[   18712ms] [LOG] [PETSCII] Switching font from PetMe64, "Courier New", monospace to PetMe64 @ http://localhost:3001/assets/index-DmX2Ev4k.js:88
[   18712ms] [LOG] [PETSCII] PETSCII content written to terminal @ http://localhost:3001/assets/index-DmX2Ev4k.js:88
[   18712ms] [LOG] [PETSCII] Received petscii-output, length: 5 @ http://localhost:3001/assets/index-DmX2Ev4k.js:88
[   18712ms] [LOG] [PETSCII] Switching font from PetMe64, "Courier New", monospace to PetMe64 @ http://localhost:3001/assets/index-DmX2Ev4k.js:88
[   18712ms] [LOG] [PETSCII] PETSCII content written to terminal @ http://localhost:3001/assets/index-DmX2Ev4k.js:88
[   18713ms] [LOG] [PETSCII] Received petscii-output, length: 1 @ http://localhost:3001/assets/index-DmX2Ev4k.js:88
[   18713ms] [LOG] [PETSCII] Switching font from PetMe64, "Courier New", monospace to PetMe64 @ http://localhost:3001/assets/index-DmX2Ev4k.js:88
[   18713ms] [LOG] [PETSCII] PETSCII content written to terminal @ http://localhost:3001/assets/index-DmX2Ev4k.js:88
[   18716ms] [LOG] [PETSCII] Received petscii-output, length: 5 @ http://localhost:3001/assets/index-DmX2Ev4k.js:88
[   18716ms] [LOG] [PETSCII] Switching font from PetMe64, "Courier New", monospace to PetMe64 @ http://localhost:3001/assets/index-DmX2Ev4k.js:88
[   18716ms] [LOG] [PETSCII] PETSCII content written to terminal @ http://localhost:3001/assets/index-DmX2Ev4k.js:88
[   18716ms] [LOG] [PETSCII] Received petscii-output, length: 5 @ http://localhost:3001/assets/index-DmX2Ev4k.js:88
[   18716ms] [LOG] [PETSCII] Switching font from PetMe64, "Courier New", monospace to PetMe64 @ http://localhost:3001/assets/index-DmX2Ev4k.js:88
[   18716ms] [LOG] [PETSCII] PETSCII content written to terminal @ http://localhost:3001/assets/index-DmX2Ev4k.js:88
[   18716ms] [LOG] [PETSCII] Received petscii-output, length: 1 @ http://localhost:3001/assets/index-DmX2Ev4k.js:88
[   18716ms] [LOG] [PETSCII] Switching font from PetMe64, "Courier New", monospace to PetMe64 @ http://localhost:3001/assets/index-DmX2Ev4k.js:88
[   18716ms] [LOG] [PETSCII] PETSCII content written to terminal @ http://localhost:3001/assets/index-DmX2Ev4k.js:88
[   18716ms] [LOG] [PETSCII] Received petscii-output, length: 4 @ http://localhost:3001/assets/index-DmX2Ev4k.js:88
[   18716ms] [LOG] [PETSCII] Switching font from PetMe64, "Courier New", monospace to PetMe64 @ http://localhost:3001/assets/index-DmX2Ev4k.js:88
[   18716ms] [LOG] [PETSCII] PETSCII content written to terminal @ http://localhost:3001/assets/index-DmX2Ev4k.js:88
[   18716ms] [LOG] [PETSCII] Received petscii-output, length: 5 @ http://localhost:3001/assets/index-DmX2Ev4k.js:88
[   18716ms] [LOG] [PETSCII] Switching font from PetMe64, "Courier New", monospace to PetMe64 @ http://localhost:3001/assets/index-DmX2Ev4k.js:88
[   18716ms] [LOG] [PETSCII] PETSCII content written to terminal @ http://localhost:3001/assets/index-DmX2Ev4k.js:88
[   18716ms] [LOG] [PETSCII] Received petscii-output, length: 3 @ http://localhost:3001/assets/index-DmX2Ev4k.js:88
[   18716ms] [LOG] [PETSCII] Switching font from PetMe64, "Courier New", monospace to PetMe64 @ http://localhost:3001/assets/index-DmX2Ev4k.js:88
[   18716ms] [LOG] [PETSCII] PETSCII content written to terminal @ http://localhost:3001/assets/index-DmX2Ev4k.js:88
[   18718ms] [LOG] [PETSCII] Received petscii-output, length: 1 @ http://localhost:3001/assets/index-DmX2Ev4k.js:88
[   18718ms] [LOG] [PETSCII] Switching font from PetMe64, "Courier New", monospace to PetMe64 @ http://localhost:3001/assets/index-DmX2Ev4k.js:88
[   18718ms] [LOG] [PETSCII] PETSCII content written to terminal @ http://localhost:3001/assets/index-DmX2Ev4k.js:88
[   18718ms] [LOG] [PETSCII] Received petscii-output, length: 5 @ http://localhost:3001/assets/index-DmX2Ev4k.js:88
[   18718ms] [LOG] [PETSCII] Switching font from PetMe64, "Courier New", monospace to PetMe64 @ http://localhost:3001/assets/index-DmX2Ev4k.js:88
[   18718ms] [LOG] [PETSCII] PETSCII content written to terminal @ http://localhost:3001/assets/index-DmX2Ev4k.js:88
[   18718ms] [LOG] [PETSCII] Received petscii-output, length: 2 @ http://localhost:3001/assets/index-DmX2Ev4k.js:88
[   18718ms] [LOG] [PETSCII] Switching font from PetMe64, "Courier New", monospace to PetMe64 @ http://localhost:3001/assets/index-DmX2Ev4k.js:88
[   18718ms] [LOG] [PETSCII] PETSCII content written to terminal @ http://localhost:3001/assets/index-DmX2Ev4k.js:88
[   18718ms] [LOG] [PETSCII] Received petscii-output, length: 4 @ http://localhost:3001/assets/index-DmX2Ev4k.js:88
[   18718ms] [LOG] [PETSCII] Switching font from PetMe64, "Courier New", monospace to PetMe64 @ http://localhost:3001/assets/index-DmX2Ev4k.js:88
[   18718ms] [LOG] [PETSCII] PETSCII content written to terminal @ http://localhost:3001/assets/index-DmX2Ev4k.js:88
[   18718ms] [LOG] [PETSCII] Received petscii-output, length: 6 @ http://localhost:3001/assets/index-DmX2Ev4k.js:88
[   18718ms] [LOG] [PETSCII] Switching font from PetMe64, "Courier New", monospace to PetMe64 @ http://localhost:3001/assets/index-DmX2Ev4k.js:88
[   18718ms] [LOG] [PETSCII] PETSCII content written to terminal @ http://localhost:3001/assets/index-DmX2Ev4k.js:88
[   18718ms] [LOG] [PETSCII] Received petscii-output, length: 5 @ http://localhost:3001/assets/index-DmX2Ev4k.js:88
[   18718ms] [LOG] [PETSCII] Switching font from PetMe64, "Courier New", monospace to PetMe64 @ http://localhost:3001/assets/index-DmX2Ev4k.js:88
[   18718ms] [LOG] [PETSCII] PETSCII content written to terminal @ http://localhost:3001/assets/index-DmX2Ev4k.js:88
[   18718ms] [LOG] [PETSCII] Received petscii-output, length: 2 @ http://localhost:3001/assets/index-DmX2Ev4k.js:88
[   18718ms] [LOG] [PETSCII] Switching font from PetMe64, "Courier New", monospace to PetMe64 @ http://localhost:3001/assets/index-DmX2Ev4k.js:88
[   18718ms] [LOG] [PETSCII] PETSCII content written to terminal @ http://localhost:3001/assets/index-DmX2Ev4k.js:88
[   18720ms] [LOG] [PETSCII] Received petscii-output, length: 2 @ http://localhost:3001/assets/index-DmX2Ev4k.js:88
[   18720ms] [LOG] [PETSCII] Switching font from PetMe64, "Courier New", monospace to PetMe64 @ http://localhost:3001/assets/index-DmX2Ev4k.js:88
[   18720ms] [LOG] [PETSCII] PETSCII content written to terminal @ http://localhost:3001/assets/index-DmX2Ev4k.js:88
[   18720ms] [LOG] [PETSCII] Received petscii-output, length: 4 @ http://localhost:3001/assets/index-DmX2Ev4k.js:88
[   18720ms] [LOG] [PETSCII] Switching font from PetMe64, "Courier New", monospace to PetMe64 @ http://localhost:3001/assets/index-DmX2Ev4k.js:88
[   18720ms] [LOG] [PETSCII] PETSCII content written to terminal @ http://localhost:3001/assets/index-DmX2Ev4k.js:88
[   18720ms] [LOG] [PETSCII] Received petscii-output, length: 4 @ http://localhost:3001/assets/index-DmX2Ev4k.js:88
[   18720ms] [LOG] [PETSCII] Switching font from PetMe64, "Courier New", monospace to PetMe64 @ http://localhost:3001/assets/index-DmX2Ev4k.js:88
[   18720ms] [LOG] [PETSCII] PETSCII content written to terminal @ http://localhost:3001/assets/index-DmX2Ev4k.js:88
[   18722ms] [LOG] [PETSCII] Received petscii-output, length: 5 @ http://localhost:3001/assets/index-DmX2Ev4k.js:88
[   18722ms] [LOG] [PETSCII] Switching font from PetMe64, "Courier New", monospace to PetMe64 @ http://localhost:3001/assets/index-DmX2Ev4k.js:88
[   18723ms] [LOG] [PETSCII] PETSCII content written to terminal @ http://localhost:3001/assets/index-DmX2Ev4k.js:88
[   18723ms] [LOG] [PETSCII] Received petscii-output, length: 4 @ http://localhost:3001/assets/index-DmX2Ev4k.js:88
[   18723ms] [LOG] [PETSCII] Switching font from PetMe64, "Courier New", monospace to PetMe64 @ http://localhost:3001/assets/index-DmX2Ev4k.js:88
[   18723ms] [LOG] [PETSCII] PETSCII content written to terminal @ http://localhost:3001/assets/index-DmX2Ev4k.js:88
[   18723ms] [LOG] [PETSCII] Received petscii-output, length: 5 @ http://localhost:3001/assets/index-DmX2Ev4k.js:88
[   18723ms] [LOG] [PETSCII] Switching font from PetMe64, "Courier New", monospace to PetMe64 @ http://localhost:3001/assets/index-DmX2Ev4k.js:88
[   18723ms] [LOG] [PETSCII] PETSCII content written to terminal @ http://localhost:3001/assets/index-DmX2Ev4k.js:88
[   18723ms] [LOG] [PETSCII] Received petscii-output, length: 2 @ http://localhost:3001/assets/index-DmX2Ev4k.js:88
[   18723ms] [LOG] [PETSCII] Switching font from PetMe64, "Courier New", monospace to PetMe64 @ http://localhost:3001/assets/index-DmX2Ev4k.js:88
[   18723ms] [LOG] [PETSCII] PETSCII content written to terminal @ http://localhost:3001/assets/index-DmX2Ev4k.js:88
[   18723ms] [LOG] [PETSCII] Received petscii-output, length: 5 @ http://localhost:3001/assets/index-DmX2Ev4k.js:88
[   18723ms] [LOG] [PETSCII] Switching font from PetMe64, "Courier New", monospace to PetMe64 @ http://localhost:3001/assets/index-DmX2Ev4k.js:88
[   18723ms] [LOG] [PETSCII] PETSCII content written to terminal @ http://localhost:3001/assets/index-DmX2Ev4k.js:88
[   18726ms] [LOG] [PETSCII] Received petscii-output, length: 1 @ http://localhost:3001/assets/index-DmX2Ev4k.js:88
[   18726ms] [LOG] [PETSCII] Switching font from PetMe64, "Courier New", monospace to PetMe64 @ http://localhost:3001/assets/index-DmX2Ev4k.js:88
[   18726ms] [LOG] [PETSCII] PETSCII content written to terminal @ http://localhost:3001/assets/index-DmX2Ev4k.js:88
[   18726ms] [LOG] [PETSCII] Received petscii-output, length: 5 @ http://localhost:3001/assets/index-DmX2Ev4k.js:88
[   18726ms] [LOG] [PETSCII] Switching font from PetMe64, "Courier New", monospace to PetMe64 @ http://localhost:3001/assets/index-DmX2Ev4k.js:88
[   18726ms] [LOG] [PETSCII] PETSCII content written to terminal @ http://localhost:3001/assets/index-DmX2Ev4k.js:88
[   18726ms] [LOG] [PETSCII] Received petscii-output, length: 1 @ http://localhost:3001/assets/index-DmX2Ev4k.js:88
[   18726ms] [LOG] [PETSCII] Switching font from PetMe64, "Courier New", monospace to PetMe64 @ http://localhost:3001/assets/index-DmX2Ev4k.js:88
[   18727ms] [LOG] [PETSCII] PETSCII content written to terminal @ http://localhost:3001/assets/index-DmX2Ev4k.js:88
[   18727ms] [LOG] [PETSCII] Received petscii-output, length: 5 @ http://localhost:3001/assets/index-DmX2Ev4k.js:88
[   18727ms] [LOG] [PETSCII] Switching font from PetMe64, "Courier New", monospace to PetMe64 @ http://localhost:3001/assets/index-DmX2Ev4k.js:88
[   18727ms] [LOG] [PETSCII] PETSCII content written to terminal @ http://localhost:3001/assets/index-DmX2Ev4k.js:88
[   18727ms] [LOG] [PETSCII] Received petscii-output, length: 1 @ http://localhost:3001/assets/index-DmX2Ev4k.js:88
[   18727ms] [LOG] [PETSCII] Switching font from PetMe64, "Courier New", monospace to PetMe64 @ http://localhost:3001/assets/index-DmX2Ev4k.js:88
[   18727ms] [LOG] [PETSCII] PETSCII content written to terminal @ http://localhost:3001/assets/index-DmX2Ev4k.js:88
[   18727ms] [LOG] [PETSCII] Received petscii-output, length: 5 @ http://localhost:3001/assets/index-DmX2Ev4k.js:88
[   18727ms] [LOG] [PETSCII] Switching font from PetMe64, "Courier New", monospace to PetMe64 @ http://localhost:3001/assets/index-DmX2Ev4k.js:88
[   18727ms] [LOG] [PETSCII] PETSCII content written to terminal @ http://localhost:3001/assets/index-DmX2Ev4k.js:88
[   18727ms] [LOG] [PETSCII] Received petscii-output, length: 5 @ http://localhost:3001/assets/index-DmX2Ev4k.js:88
[   18727ms] [LOG] [PETSCII] Switching font from PetMe64, "Courier New", monospace to PetMe64 @ http://localhost:3001/assets/index-DmX2Ev4k.js:88
[   18727ms] [LOG] [PETSCII] PETSCII content written to terminal @ http://localhost:3001/assets/index-DmX2Ev4k.js:88
[   18727ms] [LOG] [PETSCII] Received petscii-output, length: 1 @ http://localhost:3001/assets/index-DmX2Ev4k.js:88
[   18727ms] [LOG] [PETSCII] Switching font from PetMe64, "Courier New", monospace to PetMe64 @ http://localhost:3001/assets/index-DmX2Ev4k.js:88
[   18727ms] [LOG] [PETSCII] PETSCII content written to terminal @ http://localhost:3001/assets/index-DmX2Ev4k.js:88
[   18727ms] [LOG] [PETSCII] Received petscii-output, length: 4 @ http://localhost:3001/assets/index-DmX2Ev4k.js:88
[   18727ms] [LOG] [PETSCII] Switching font from PetMe64, "Courier New", monospace to PetMe64 @ http://localhost:3001/assets/index-DmX2Ev4k.js:88
[   18727ms] [LOG] [PETSCII] PETSCII content written to terminal @ http://localhost:3001/assets/index-DmX2Ev4k.js:88
[   18727ms] [LOG] [PETSCII] Received petscii-output, length: 5 @ http://localhost:3001/assets/index-DmX2Ev4k.js:88
[   18727ms] [LOG] [PETSCII] Switching font from PetMe64, "Courier New", monospace to PetMe64 @ http://localhost:3001/assets/index-DmX2Ev4k.js:88
[   18727ms] [LOG] [PETSCII] PETSCII content written to terminal @ http://localhost:3001/assets/index-DmX2Ev4k.js:88
[   18727ms] [LOG] [PETSCII] Received petscii-output, length: 2 @ http://localhost:3001/assets/index-DmX2Ev4k.js:88
[   18727ms] [LOG] [PETSCII] Switching font from PetMe64, "Courier New", monospace to PetMe64 @ http://localhost:3001/assets/index-DmX2Ev4k.js:88
[   18727ms] [LOG] [PETSCII] PETSCII content written to terminal @ http://localhost:3001/assets/index-DmX2Ev4k.js:88
[   18727ms] [LOG] [PETSCII] Received petscii-output, length: 5 @ http://localhost:3001/assets/index-DmX2Ev4k.js:88
[   18727ms] [LOG] [PETSCII] Switching font from PetMe64, "Courier New", monospace to PetMe64 @ http://localhost:3001/assets/index-DmX2Ev4k.js:88
[   18727ms] [LOG] [PETSCII] PETSCII content written to terminal @ http://localhost:3001/assets/index-DmX2Ev4k.js:88
[   18727ms] [LOG] [PETSCII] Received petscii-output, length: 1 @ http://localhost:3001/assets/index-DmX2Ev4k.js:88
[   18727ms] [LOG] [PETSCII] Switching font from PetMe64, "Courier New", monospace to PetMe64 @ http://localhost:3001/assets/index-DmX2Ev4k.js:88
[   18727ms] [LOG] [PETSCII] PETSCII content written to terminal @ http://localhost:3001/assets/index-DmX2Ev4k.js:88
[   18728ms] [LOG] [PETSCII] Received petscii-output, length: 2 @ http://localhost:3001/assets/index-DmX2Ev4k.js:88
[   18728ms] [LOG] [PETSCII] Switching font from PetMe64, "Courier New", monospace to PetMe64 @ http://localhost:3001/assets/index-DmX2Ev4k.js:88
[   18728ms] [LOG] [PETSCII] PETSCII content written to terminal @ http://localhost:3001/assets/index-DmX2Ev4k.js:88
[   18728ms] [LOG] [PETSCII] Received petscii-output, length: 5 @ http://localhost:3001/assets/index-DmX2Ev4k.js:88
[   18728ms] [LOG] [PETSCII] Switching font from PetMe64, "Courier New", monospace to PetMe64 @ http://localhost:3001/assets/index-DmX2Ev4k.js:88
[   18728ms] [LOG] [PETSCII] PETSCII content written to terminal @ http://localhost:3001/assets/index-DmX2Ev4k.js:88
[   18728ms] [LOG] [PETSCII] Received petscii-output, length: 5 @ http://localhost:3001/assets/index-DmX2Ev4k.js:88
[   18728ms] [LOG] [PETSCII] Switching font from PetMe64, "Courier New", monospace to PetMe64 @ http://localhost:3001/assets/index-DmX2Ev4k.js:88
[   18728ms] [LOG] [PETSCII] PETSCII content written to terminal @ http://localhost:3001/assets/index-DmX2Ev4k.js:88
[   18728ms] [LOG] [PETSCII] Received petscii-output, length: 1 @ http://localhost:3001/assets/index-DmX2Ev4k.js:88
[   18728ms] [LOG] [PETSCII] Switching font from PetMe64, "Courier New", monospace to PetMe64 @ http://localhost:3001/assets/index-DmX2Ev4k.js:88
[   18728ms] [LOG] [PETSCII] PETSCII content written to terminal @ http://localhost:3001/assets/index-DmX2Ev4k.js:88
[   18728ms] [LOG] [PETSCII] Received petscii-output, length: 4 @ http://localhost:3001/assets/index-DmX2Ev4k.js:88
[   18728ms] [LOG] [PETSCII] Switching font from PetMe64, "Courier New", monospace to PetMe64 @ http://localhost:3001/assets/index-DmX2Ev4k.js:88
[   18728ms] [LOG] [PETSCII] PETSCII content written to terminal @ http://localhost:3001/assets/index-DmX2Ev4k.js:88
[   18728ms] [LOG] [PETSCII] Received petscii-output, length: 5 @ http://localhost:3001/assets/index-DmX2Ev4k.js:88
[   18728ms] [LOG] [PETSCII] Switching font from PetMe64, "Courier New", monospace to PetMe64 @ http://localhost:3001/assets/index-DmX2Ev4k.js:88
[   18728ms] [LOG] [PETSCII] PETSCII content written to terminal @ http://localhost:3001/assets/index-DmX2Ev4k.js:88
[   18728ms] [LOG] [PETSCII] Received petscii-output, length: 1 @ http://localhost:3001/assets/index-DmX2Ev4k.js:88
[   18728ms] [LOG] [PETSCII] Switching font from PetMe64, "Courier New", monospace to PetMe64 @ http://localhost:3001/assets/index-DmX2Ev4k.js:88
[   18729ms] [LOG] [PETSCII] PETSCII content written to terminal @ http://localhost:3001/assets/index-DmX2Ev4k.js:88
[   18729ms] [LOG] [PETSCII] Received petscii-output, length: 5 @ http://localhost:3001/assets/index-DmX2Ev4k.js:88
[   18729ms] [LOG] [PETSCII] Switching font from PetMe64, "Courier New", monospace to PetMe64 @ http://localhost:3001/assets/index-DmX2Ev4k.js:88
[   18729ms] [LOG] [PETSCII] PETSCII content written to terminal @ http://localhost:3001/assets/index-DmX2Ev4k.js:88
[   18729ms] [LOG] [PETSCII] Received petscii-output, length: 1 @ http://localhost:3001/assets/index-DmX2Ev4k.js:88
[   18729ms] [LOG] [PETSCII] Switching font from PetMe64, "Courier New", monospace to PetMe64 @ http://localhost:3001/assets/index-DmX2Ev4k.js:88
[   18729ms] [LOG] [PETSCII] PETSCII content written to terminal @ http://localhost:3001/assets/index-DmX2Ev4k.js:88
[   18729ms] [LOG] [PETSCII] Received petscii-output, length: 5 @ http://localhost:3001/assets/index-DmX2Ev4k.js:88
[   18729ms] [LOG] [PETSCII] Switching font from PetMe64, "Courier New", monospace to PetMe64 @ http://localhost:3001/assets/index-DmX2Ev4k.js:88
[   18729ms] [LOG] [PETSCII] PETSCII content written to terminal @ http://localhost:3001/assets/index-DmX2Ev4k.js:88
[   18729ms] [LOG] [PETSCII] Received petscii-output, length: 5 @ http://localhost:3001/assets/index-DmX2Ev4k.js:88
[   18729ms] [LOG] [PETSCII] Switching font from PetMe64, "Courier New", monospace to PetMe64 @ http://localhost:3001/assets/index-DmX2Ev4k.js:88
[   18729ms] [LOG] [PETSCII] PETSCII content written to terminal @ http://localhost:3001/assets/index-DmX2Ev4k.js:88
[   18729ms] [LOG] [PETSCII] Received petscii-output, length: 1 @ http://localhost:3001/assets/index-DmX2Ev4k.js:88
[   18729ms] [LOG] [PETSCII] Switching font from PetMe64, "Courier New", monospace to PetMe64 @ http://localhost:3001/assets/index-DmX2Ev4k.js:88
[   18729ms] [LOG] [PETSCII] PETSCII content written to terminal @ http://localhost:3001/assets/index-DmX2Ev4k.js:88
[   18729ms] [LOG] [PETSCII] Received petscii-output, length: 1 @ http://localhost:3001/assets/index-DmX2Ev4k.js:88
[   18729ms] [LOG] [PETSCII] Switching font from PetMe64, "Courier New", monospace to PetMe64 @ http://localhost:3001/assets/index-DmX2Ev4k.js:88
[   18729ms] [LOG] [PETSCII] PETSCII content written to terminal @ http://localhost:3001/assets/index-DmX2Ev4k.js:88
[   18729ms] [LOG] [PETSCII] Received petscii-output, length: 4 @ http://localhost:3001/assets/index-DmX2Ev4k.js:88
[   18729ms] [LOG] [PETSCII] Switching font from PetMe64, "Courier New", monospace to PetMe64 @ http://localhost:3001/assets/index-DmX2Ev4k.js:88
[   18729ms] [LOG] [PETSCII] PETSCII content written to terminal @ http://localhost:3001/assets/index-DmX2Ev4k.js:88
[   18729ms] [LOG] [PETSCII] Received petscii-output, length: 5 @ http://localhost:3001/assets/index-DmX2Ev4k.js:88
[   18729ms] [LOG] [PETSCII] Switching font from PetMe64, "Courier New", monospace to PetMe64 @ http://localhost:3001/assets/index-DmX2Ev4k.js:88
[   18729ms] [LOG] [PETSCII] PETSCII content written to terminal @ http://localhost:3001/assets/index-DmX2Ev4k.js:88
[   18731ms] [LOG] [PETSCII] Received petscii-output, length: 3 @ http://localhost:3001/assets/index-DmX2Ev4k.js:88
[   18731ms] [LOG] [PETSCII] Switching font from PetMe64, "Courier New", monospace to PetMe64 @ http://localhost:3001/assets/index-DmX2Ev4k.js:88
[   18731ms] [LOG] [PETSCII] PETSCII content written to terminal @ http://localhost:3001/assets/index-DmX2Ev4k.js:88
[   18731ms] [LOG] [PETSCII] Received petscii-output, length: 5 @ http://localhost:3001/assets/index-DmX2Ev4k.js:88
[   18731ms] [LOG] [PETSCII] Switching font from PetMe64, "Courier New", monospace to PetMe64 @ http://localhost:3001/assets/index-DmX2Ev4k.js:88
[   18731ms] [LOG] [PETSCII] PETSCII content written to terminal @ http://localhost:3001/assets/index-DmX2Ev4k.js:88
[   18731ms] [LOG] [PETSCII] Received petscii-output, length: 1 @ http://localhost:3001/assets/index-DmX2Ev4k.js:88
[   18732ms] [LOG] [PETSCII] Switching font from PetMe64, "Courier New", monospace to PetMe64 @ http://localhost:3001/assets/index-DmX2Ev4k.js:88
[   18732ms] [LOG] [PETSCII] PETSCII content written to terminal @ http://localhost:3001/assets/index-DmX2Ev4k.js:88
[   18732ms] [LOG] [PETSCII] Received petscii-output, length: 5 @ http://localhost:3001/assets/index-DmX2Ev4k.js:88
[   18732ms] [LOG] [PETSCII] Switching font from PetMe64, "Courier New", monospace to PetMe64 @ http://localhost:3001/assets/index-DmX2Ev4k.js:88
[   18732ms] [LOG] [PETSCII] PETSCII content written to terminal @ http://localhost:3001/assets/index-DmX2Ev4k.js:88
[   18732ms] [LOG] [PETSCII] Received petscii-output, length: 1 @ http://localhost:3001/assets/index-DmX2Ev4k.js:88
[   18732ms] [LOG] [PETSCII] Switching font from PetMe64, "Courier New", monospace to PetMe64 @ http://localhost:3001/assets/index-DmX2Ev4k.js:88
[   18732ms] [LOG] [PETSCII] PETSCII content written to terminal @ http://localhost:3001/assets/index-DmX2Ev4k.js:88
[   18732ms] [LOG] [PETSCII] Received petscii-output, length: 5 @ http://localhost:3001/assets/index-DmX2Ev4k.js:88
[   18732ms] [LOG] [PETSCII] Switching font from PetMe64, "Courier New", monospace to PetMe64 @ http://localhost:3001/assets/index-DmX2Ev4k.js:88
[   18732ms] [LOG] [PETSCII] PETSCII content written to terminal @ http://localhost:3001/assets/index-DmX2Ev4k.js:88
[   18732ms] [LOG] [PETSCII] Received petscii-output, length: 5 @ http://localhost:3001/assets/index-DmX2Ev4k.js:88
[   18732ms] [LOG] [PETSCII] Switching font from PetMe64, "Courier New", monospace to PetMe64 @ http://localhost:3001/assets/index-DmX2Ev4k.js:88
[   18732ms] [LOG] [PETSCII] PETSCII content written to terminal @ http://localhost:3001/assets/index-DmX2Ev4k.js:88
[   18732ms] [LOG] [PETSCII] Received petscii-output, length: 1 @ http://localhost:3001/assets/index-DmX2Ev4k.js:88
[   18732ms] [LOG] [PETSCII] Switching font from PetMe64, "Courier New", monospace to PetMe64 @ http://localhost:3001/assets/index-DmX2Ev4k.js:88
[   18732ms] [LOG] [PETSCII] PETSCII content written to terminal @ http://localhost:3001/assets/index-DmX2Ev4k.js:88
[   18732ms] [LOG] [PETSCII] Received petscii-output, length: 4 @ http://localhost:3001/assets/index-DmX2Ev4k.js:88
[   18732ms] [LOG] [PETSCII] Switching font from PetMe64, "Courier New", monospace to PetMe64 @ http://localhost:3001/assets/index-DmX2Ev4k.js:88
[   18732ms] [LOG] [PETSCII] PETSCII content written to terminal @ http://localhost:3001/assets/index-DmX2Ev4k.js:88
[   18732ms] [LOG] [PETSCII] Received petscii-output, length: 5 @ http://localhost:3001/assets/index-DmX2Ev4k.js:88
[   18732ms] [LOG] [PETSCII] Switching font from PetMe64, "Courier New", monospace to PetMe64 @ http://localhost:3001/assets/index-DmX2Ev4k.js:88
[   18732ms] [LOG] [PETSCII] PETSCII content written to terminal @ http://localhost:3001/assets/index-DmX2Ev4k.js:88
[   18734ms] [LOG] [PETSCII] Received petscii-output, length: 4 @ http://localhost:3001/assets/index-DmX2Ev4k.js:88
[   18734ms] [LOG] [PETSCII] Switching font from PetMe64, "Courier New", monospace to PetMe64 @ http://localhost:3001/assets/index-DmX2Ev4k.js:88
[   18734ms] [LOG] [PETSCII] PETSCII content written to terminal @ http://localhost:3001/assets/index-DmX2Ev4k.js:88
[   18734ms] [LOG] [PETSCII] Received petscii-output, length: 5 @ http://localhost:3001/assets/index-DmX2Ev4k.js:88
[   18734ms] [LOG] [PETSCII] Switching font from PetMe64, "Courier New", monospace to PetMe64 @ http://localhost:3001/assets/index-DmX2Ev4k.js:88
[   18734ms] [LOG] [PETSCII] PETSCII content written to terminal @ http://localhost:3001/assets/index-DmX2Ev4k.js:88
[   18734ms] [LOG] [PETSCII] Received petscii-output, length: 1 @ http://localhost:3001/assets/index-DmX2Ev4k.js:88
[   18734ms] [LOG] [PETSCII] Switching font from PetMe64, "Courier New", monospace to PetMe64 @ http://localhost:3001/assets/index-DmX2Ev4k.js:88
[   18734ms] [LOG] [PETSCII] PETSCII content written to terminal @ http://localhost:3001/assets/index-DmX2Ev4k.js:88
[   18734ms] [LOG] [PETSCII] Received petscii-output, length: 5 @ http://localhost:3001/assets/index-DmX2Ev4k.js:88
[   18734ms] [LOG] [PETSCII] Switching font from PetMe64, "Courier New", monospace to PetMe64 @ http://localhost:3001/assets/index-DmX2Ev4k.js:88
[   18734ms] [LOG] [PETSCII] PETSCII content written to terminal @ http://localhost:3001/assets/index-DmX2Ev4k.js:88
[   18734ms] [LOG] [PETSCII] Received petscii-output, length: 1 @ http://localhost:3001/assets/index-DmX2Ev4k.js:88
[   18734ms] [LOG] [PETSCII] Switching font from PetMe64, "Courier New", monospace to PetMe64 @ http://localhost:3001/assets/index-DmX2Ev4k.js:88
[   18735ms] [LOG] [PETSCII] PETSCII content written to terminal @ http://localhost:3001/assets/index-DmX2Ev4k.js:88
[   18736ms] [LOG] [PETSCII] Received petscii-output, length: 2 @ http://localhost:3001/assets/index-DmX2Ev4k.js:88
[   18736ms] [LOG] [PETSCII] Switching font from PetMe64, "Courier New", monospace to PetMe64 @ http://localhost:3001/assets/index-DmX2Ev4k.js:88
[   18736ms] [LOG] [PETSCII] PETSCII content written to terminal @ http://localhost:3001/assets/index-DmX2Ev4k.js:88
[   18736ms] [LOG] [PETSCII] Received petscii-output, length: 5 @ http://localhost:3001/assets/index-DmX2Ev4k.js:88
[   18737ms] [LOG] [PETSCII] Switching font from PetMe64, "Courier New", monospace to PetMe64 @ http://localhost:3001/assets/index-DmX2Ev4k.js:88
[   18737ms] [LOG] [PETSCII] PETSCII content written to terminal @ http://localhost:3001/assets/index-DmX2Ev4k.js:88
[   18737ms] [LOG] [PETSCII] Received petscii-output, length: 1 @ http://localhost:3001/assets/index-DmX2Ev4k.js:88
[   18737ms] [LOG] [PETSCII] Switching font from PetMe64, "Courier New", monospace to PetMe64 @ http://localhost:3001/assets/index-DmX2Ev4k.js:88
[   18737ms] [LOG] [PETSCII] PETSCII content written to terminal @ http://localhost:3001/assets/index-DmX2Ev4k.js:88
[   18737ms] [LOG] [PETSCII] Received petscii-output, length: 5 @ http://localhost:3001/assets/index-DmX2Ev4k.js:88
[   18737ms] [LOG] [PETSCII] Switching font from PetMe64, "Courier New", monospace to PetMe64 @ http://localhost:3001/assets/index-DmX2Ev4k.js:88
[   18737ms] [LOG] [PETSCII] PETSCII content written to terminal @ http://localhost:3001/assets/index-DmX2Ev4k.js:88
[   18737ms] [LOG] [PETSCII] Received petscii-output, length: 5 @ http://localhost:3001/assets/index-DmX2Ev4k.js:88
[   18737ms] [LOG] [PETSCII] Switching font from PetMe64, "Courier New", monospace to PetMe64 @ http://localhost:3001/assets/index-DmX2Ev4k.js:88
[   18737ms] [LOG] [PETSCII] PETSCII content written to terminal @ http://localhost:3001/assets/index-DmX2Ev4k.js:88
[   18737ms] [LOG] [PETSCII] Received petscii-output, length: 1 @ http://localhost:3001/assets/index-DmX2Ev4k.js:88
[   18737ms] [LOG] [PETSCII] Switching font from PetMe64, "Courier New", monospace to PetMe64 @ http://localhost:3001/assets/index-DmX2Ev4k.js:88
[   18737ms] [LOG] [PETSCII] PETSCII content written to terminal @ http://localhost:3001/assets/index-DmX2Ev4k.js:88
[   18737ms] [LOG] [PETSCII] Received petscii-output, length: 4 @ http://localhost:3001/assets/index-DmX2Ev4k.js:88
[   18737ms] [LOG] [PETSCII] Switching font from PetMe64, "Courier New", monospace to PetMe64 @ http://localhost:3001/assets/index-DmX2Ev4k.js:88
[   18737ms] [LOG] [PETSCII] PETSCII content written to terminal @ http://localhost:3001/assets/index-DmX2Ev4k.js:88
[   18737ms] [LOG] [PETSCII] Received petscii-output, length: 5 @ http://localhost:3001/assets/index-DmX2Ev4k.js:88
[   18737ms] [LOG] [PETSCII] Switching font from PetMe64, "Courier New", monospace to PetMe64 @ http://localhost:3001/assets/index-DmX2Ev4k.js:88
[   18737ms] [LOG] [PETSCII] PETSCII content written to terminal @ http://localhost:3001/assets/index-DmX2Ev4k.js:88
[   18737ms] [LOG] [PETSCII] Received petscii-output, length: 1 @ http://localhost:3001/assets/index-DmX2Ev4k.js:88
[   18737ms] [LOG] [PETSCII] Switching font from PetMe64, "Courier New", monospace to PetMe64 @ http://localhost:3001/assets/index-DmX2Ev4k.js:88
[   18737ms] [LOG] [PETSCII] PETSCII content written to terminal @ http://localhost:3001/assets/index-DmX2Ev4k.js:88
[   18737ms] [LOG] [PETSCII] Received petscii-output, length: 5 @ http://localhost:3001/assets/index-DmX2Ev4k.js:88
[   18737ms] [LOG] [PETSCII] Switching font from PetMe64, "Courier New", monospace to PetMe64 @ http://localhost:3001/assets/index-DmX2Ev4k.js:88
[   18737ms] [LOG] [PETSCII] PETSCII content written to terminal @ http://localhost:3001/assets/index-DmX2Ev4k.js:88
[   18737ms] [LOG] [PETSCII] Received petscii-output, length: 1 @ http://localhost:3001/assets/index-DmX2Ev4k.js:88
[   18737ms] [LOG] [PETSCII] Switching font from PetMe64, "Courier New", monospace to PetMe64 @ http://localhost:3001/assets/index-DmX2Ev4k.js:88
[   18737ms] [LOG] [PETSCII] PETSCII content written to terminal @ http://localhost:3001/assets/index-DmX2Ev4k.js:88
[   18738ms] [LOG] [PETSCII] Received petscii-output, length: 4 @ http://localhost:3001/assets/index-DmX2Ev4k.js:88
[   18738ms] [LOG] [PETSCII] Switching font from PetMe64, "Courier New", monospace to PetMe64 @ http://localhost:3001/assets/index-DmX2Ev4k.js:88
[   18738ms] [LOG] [PETSCII] PETSCII content written to terminal @ http://localhost:3001/assets/index-DmX2Ev4k.js:88
[   18738ms] [LOG] [PETSCII] Received petscii-output, length: 1 @ http://localhost:3001/assets/index-DmX2Ev4k.js:88
[   18738ms] [LOG] [PETSCII] Switching font from PetMe64, "Courier New", monospace to PetMe64 @ http://localhost:3001/assets/index-DmX2Ev4k.js:88
[   18738ms] [LOG] [PETSCII] PETSCII content written to terminal @ http://localhost:3001/assets/index-DmX2Ev4k.js:88
[   18738ms] [LOG] [PETSCII] Received petscii-output, length: 5 @ http://localhost:3001/assets/index-DmX2Ev4k.js:88
[   18738ms] [LOG] [PETSCII] Switching font from PetMe64, "Courier New", monospace to PetMe64 @ http://localhost:3001/assets/index-DmX2Ev4k.js:88
[   18738ms] [LOG] [PETSCII] PETSCII content written to terminal @ http://localhost:3001/assets/index-DmX2Ev4k.js:88
[   18739ms] [LOG] [PETSCII] Received petscii-output, length: 5 @ http://localhost:3001/assets/index-DmX2Ev4k.js:88
[   18739ms] [LOG] [PETSCII] Switching font from PetMe64, "Courier New", monospace to PetMe64 @ http://localhost:3001/assets/index-DmX2Ev4k.js:88
[   18739ms] [LOG] [PETSCII] PETSCII content written to terminal @ http://localhost:3001/assets/index-DmX2Ev4k.js:88
[   18739ms] [LOG] [PETSCII] Received petscii-output, length: 1 @ http://localhost:3001/assets/index-DmX2Ev4k.js:88
[   18739ms] [LOG] [PETSCII] Switching font from PetMe64, "Courier New", monospace to PetMe64 @ http://localhost:3001/assets/index-DmX2Ev4k.js:88
[   18739ms] [LOG] [PETSCII] PETSCII content written to terminal @ http://localhost:3001/assets/index-DmX2Ev4k.js:88
[   18739ms] [LOG] [PETSCII] Received petscii-output, length: 4 @ http://localhost:3001/assets/index-DmX2Ev4k.js:88
[   18739ms] [LOG] [PETSCII] Switching font from PetMe64, "Courier New", monospace to PetMe64 @ http://localhost:3001/assets/index-DmX2Ev4k.js:88
[   18739ms] [LOG] [PETSCII] PETSCII content written to terminal @ http://localhost:3001/assets/index-DmX2Ev4k.js:88
[   18739ms] [LOG] [PETSCII] Received petscii-output, length: 5 @ http://localhost:3001/assets/index-DmX2Ev4k.js:88
[   18739ms] [LOG] [PETSCII] Switching font from PetMe64, "Courier New", monospace to PetMe64 @ http://localhost:3001/assets/index-DmX2Ev4k.js:88
[   18740ms] [LOG] [PETSCII] PETSCII content written to terminal @ http://localhost:3001/assets/index-DmX2Ev4k.js:88
[   18740ms] [LOG] [PETSCII] Received petscii-output, length: 1 @ http://localhost:3001/assets/index-DmX2Ev4k.js:88
[   18740ms] [LOG] [PETSCII] Switching font from PetMe64, "Courier New", monospace to PetMe64 @ http://localhost:3001/assets/index-DmX2Ev4k.js:88
[   18740ms] [LOG] [PETSCII] PETSCII content written to terminal @ http://localhost:3001/assets/index-DmX2Ev4k.js:88
[   18740ms] [LOG] [PETSCII] Received petscii-output, length: 5 @ http://localhost:3001/assets/index-DmX2Ev4k.js:88
[   18740ms] [LOG] [PETSCII] Switching font from PetMe64, "Courier New", monospace to PetMe64 @ http://localhost:3001/assets/index-DmX2Ev4k.js:88
[   18740ms] [LOG] [PETSCII] PETSCII content written to terminal @ http://localhost:3001/assets/index-DmX2Ev4k.js:88
[   18740ms] [LOG] [PETSCII] Received petscii-output, length: 1 @ http://localhost:3001/assets/index-DmX2Ev4k.js:88
[   18740ms] [LOG] [PETSCII] Switching font from PetMe64, "Courier New", monospace to PetMe64 @ http://localhost:3001/assets/index-DmX2Ev4k.js:88
[   18740ms] [LOG] [PETSCII] PETSCII content written to terminal @ http://localhost:3001/assets/index-DmX2Ev4k.js:88
[   18741ms] [LOG] [PETSCII] Received petscii-output, length: 1 @ http://localhost:3001/assets/index-DmX2Ev4k.js:88
[   18741ms] [LOG] [PETSCII] Switching font from PetMe64, "Courier New", monospace to PetMe64 @ http://localhost:3001/assets/index-DmX2Ev4k.js:88
[   18741ms] [LOG] [PETSCII] PETSCII content written to terminal @ http://localhost:3001/assets/index-DmX2Ev4k.js:88
[   18741ms] [LOG] [PETSCII] Received petscii-output, length: 5 @ http://localhost:3001/assets/index-DmX2Ev4k.js:88
[   18741ms] [LOG] [PETSCII] Switching font from PetMe64, "Courier New", monospace to PetMe64 @ http://localhost:3001/assets/index-DmX2Ev4k.js:88
[   18741ms] [LOG] [PETSCII] PETSCII content written to terminal @ http://localhost:3001/assets/index-DmX2Ev4k.js:88
[   18741ms] [LOG] [PETSCII] Received petscii-output, length: 5 @ http://localhost:3001/assets/index-DmX2Ev4k.js:88
[   18741ms] [LOG] [PETSCII] Switching font from PetMe64, "Courier New", monospace to PetMe64 @ http://localhost:3001/assets/index-DmX2Ev4k.js:88
[   18741ms] [LOG] [PETSCII] PETSCII content written to terminal @ http://localhost:3001/assets/index-DmX2Ev4k.js:88
[   18741ms] [LOG] [PETSCII] Received petscii-output, length: 1 @ http://localhost:3001/assets/index-DmX2Ev4k.js:88
[   18741ms] [LOG] [PETSCII] Switching font from PetMe64, "Courier New", monospace to PetMe64 @ http://localhost:3001/assets/index-DmX2Ev4k.js:88
[   18741ms] [LOG] [PETSCII] PETSCII content written to terminal @ http://localhost:3001/assets/index-DmX2Ev4k.js:88
[   18741ms] [LOG] [PETSCII] Received petscii-output, length: 4 @ http://localhost:3001/assets/index-DmX2Ev4k.js:88
[   18741ms] [LOG] [PETSCII] Switching font from PetMe64, "Courier New", monospace to PetMe64 @ http://localhost:3001/assets/index-DmX2Ev4k.js:88
[   18741ms] [LOG] [PETSCII] PETSCII content written to terminal @ http://localhost:3001/assets/index-DmX2Ev4k.js:88
[   18741ms] [LOG] [PETSCII] Received petscii-output, length: 5 @ http://localhost:3001/assets/index-DmX2Ev4k.js:88
[   18741ms] [LOG] [PETSCII] Switching font from PetMe64, "Courier New", monospace to PetMe64 @ http://localhost:3001/assets/index-DmX2Ev4k.js:88
[   18741ms] [LOG] [PETSCII] PETSCII content written to terminal @ http://localhost:3001/assets/index-DmX2Ev4k.js:88
[   18742ms] [LOG] [PETSCII] Received petscii-output, length: 4 @ http://localhost:3001/assets/index-DmX2Ev4k.js:88
[   18742ms] [LOG] [PETSCII] Switching font from PetMe64, "Courier New", monospace to PetMe64 @ http://localhost:3001/assets/index-DmX2Ev4k.js:88
[   18742ms] [LOG] [PETSCII] PETSCII content written to terminal @ http://localhost:3001/assets/index-DmX2Ev4k.js:88
[   18743ms] [LOG] [PETSCII] Received petscii-output, length: 4 @ http://localhost:3001/assets/index-DmX2Ev4k.js:88
[   18743ms] [LOG] [PETSCII] Switching font from PetMe64, "Courier New", monospace to PetMe64 @ http://localhost:3001/assets/index-DmX2Ev4k.js:88
[   18743ms] [LOG] [PETSCII] PETSCII content written to terminal @ http://localhost:3001/assets/index-DmX2Ev4k.js:88
[   18743ms] [LOG] [PETSCII] Received petscii-output, length: 4 @ http://localhost:3001/assets/index-DmX2Ev4k.js:88
[   18743ms] [LOG] [PETSCII] Switching font from PetMe64, "Courier New", monospace to PetMe64 @ http://localhost:3001/assets/index-DmX2Ev4k.js:88
[   18743ms] [LOG] [PETSCII] PETSCII content written to terminal @ http://localhost:3001/assets/index-DmX2Ev4k.js:88
[   18743ms] [LOG] [PETSCII] Received petscii-output, length: 5 @ http://localhost:3001/assets/index-DmX2Ev4k.js:88
[   18743ms] [LOG] [PETSCII] Switching font from PetMe64, "Courier New", monospace to PetMe64 @ http://localhost:3001/assets/index-DmX2Ev4k.js:88
[   18743ms] [LOG] [PETSCII] PETSCII content written to terminal @ http://localhost:3001/assets/index-DmX2Ev4k.js:88
[   18743ms] [LOG] [PETSCII] Received petscii-output, length: 2 @ http://localhost:3001/assets/index-DmX2Ev4k.js:88
[   18743ms] [LOG] [PETSCII] Switching font from PetMe64, "Courier New", monospace to PetMe64 @ http://localhost:3001/assets/index-DmX2Ev4k.js:88
[   18743ms] [LOG] [PETSCII] PETSCII content written to terminal @ http://localhost:3001/assets/index-DmX2Ev4k.js:88
[   18743ms] [LOG] [PETSCII] Received petscii-output, length: 1 @ http://localhost:3001/assets/index-DmX2Ev4k.js:88
[   18743ms] [LOG] [PETSCII] Switching font from PetMe64, "Courier New", monospace to PetMe64 @ http://localhost:3001/assets/index-DmX2Ev4k.js:88
[   18743ms] [LOG] [PETSCII] PETSCII content written to terminal @ http://localhost:3001/assets/index-DmX2Ev4k.js:88
[   18743ms] [LOG] [PETSCII] Received petscii-output, length: 5 @ http://localhost:3001/assets/index-DmX2Ev4k.js:88
[   18743ms] [LOG] [PETSCII] Switching font from PetMe64, "Courier New", monospace to PetMe64 @ http://localhost:3001/assets/index-DmX2Ev4k.js:88
[   18744ms] [LOG] [PETSCII] PETSCII content written to terminal @ http://localhost:3001/assets/index-DmX2Ev4k.js:88
[   18745ms] [LOG] [PETSCII] Received petscii-output, length: 1 @ http://localhost:3001/assets/index-DmX2Ev4k.js:88
[   18745ms] [LOG] [PETSCII] Switching font from PetMe64, "Courier New", monospace to PetMe64 @ http://localhost:3001/assets/index-DmX2Ev4k.js:88
[   18745ms] [LOG] [PETSCII] PETSCII content written to terminal @ http://localhost:3001/assets/index-DmX2Ev4k.js:88
[   18745ms] [LOG] [PETSCII] Received petscii-output, length: 5 @ http://localhost:3001/assets/index-DmX2Ev4k.js:88
[   18745ms] [LOG] [PETSCII] Switching font from PetMe64, "Courier New", monospace to PetMe64 @ http://localhost:3001/assets/index-DmX2Ev4k.js:88
[   18745ms] [LOG] [PETSCII] PETSCII content written to terminal @ http://localhost:3001/assets/index-DmX2Ev4k.js:88
[   18745ms] [LOG] [PETSCII] Received petscii-output, length: 5 @ http://localhost:3001/assets/index-DmX2Ev4k.js:88
[   18745ms] [LOG] [PETSCII] Switching font from PetMe64, "Courier New", monospace to PetMe64 @ http://localhost:3001/assets/index-DmX2Ev4k.js:88
[   18745ms] [LOG] [PETSCII] PETSCII content written to terminal @ http://localhost:3001/assets/index-DmX2Ev4k.js:88
[   18745ms] [LOG] [PETSCII] Received petscii-output, length: 1 @ http://localhost:3001/assets/index-DmX2Ev4k.js:88
[   18745ms] [LOG] [PETSCII] Switching font from PetMe64, "Courier New", monospace to PetMe64 @ http://localhost:3001/assets/index-DmX2Ev4k.js:88
[   18745ms] [LOG] [PETSCII] PETSCII content written to terminal @ http://localhost:3001/assets/index-DmX2Ev4k.js:88
[   18745ms] [LOG] [PETSCII] Received petscii-output, length: 4 @ http://localhost:3001/assets/index-DmX2Ev4k.js:88
[   18745ms] [LOG] [PETSCII] Switching font from PetMe64, "Courier New", monospace to PetMe64 @ http://localhost:3001/assets/index-DmX2Ev4k.js:88
[   18745ms] [LOG] [PETSCII] PETSCII content written to terminal @ http://localhost:3001/assets/index-DmX2Ev4k.js:88
[   18745ms] [LOG] [PETSCII] Received petscii-output, length: 5 @ http://localhost:3001/assets/index-DmX2Ev4k.js:88
[   18745ms] [LOG] [PETSCII] Switching font from PetMe64, "Courier New", monospace to PetMe64 @ http://localhost:3001/assets/index-DmX2Ev4k.js:88
[   18745ms] [LOG] [PETSCII] PETSCII content written to terminal @ http://localhost:3001/assets/index-DmX2Ev4k.js:88
[   18745ms] [LOG] [PETSCII] Received petscii-output, length: 1 @ http://localhost:3001/assets/index-DmX2Ev4k.js:88
[   18745ms] [LOG] [PETSCII] Switching font from PetMe64, "Courier New", monospace to PetMe64 @ http://localhost:3001/assets/index-DmX2Ev4k.js:88
[   18745ms] [LOG] [PETSCII] PETSCII content written to terminal @ http://localhost:3001/assets/index-DmX2Ev4k.js:88
[   18745ms] [LOG] [PETSCII] Received petscii-output, length: 5 @ http://localhost:3001/assets/index-DmX2Ev4k.js:88
[   18745ms] [LOG] [PETSCII] Switching font from PetMe64, "Courier New", monospace to PetMe64 @ http://localhost:3001/assets/index-DmX2Ev4k.js:88
[   18745ms] [LOG] [PETSCII] PETSCII content written to terminal @ http://localhost:3001/assets/index-DmX2Ev4k.js:88
[   18745ms] [LOG] [PETSCII] Received petscii-output, length: 5 @ http://localhost:3001/assets/index-DmX2Ev4k.js:88
[   18745ms] [LOG] [PETSCII] Switching font from PetMe64, "Courier New", monospace to PetMe64 @ http://localhost:3001/assets/index-DmX2Ev4k.js:88
[   18745ms] [LOG] [PETSCII] PETSCII content written to terminal @ http://localhost:3001/assets/index-DmX2Ev4k.js:88
[   18745ms] [LOG] [PETSCII] Received petscii-output, length: 1 @ http://localhost:3001/assets/index-DmX2Ev4k.js:88
[   18745ms] [LOG] [PETSCII] Switching font from PetMe64, "Courier New", monospace to PetMe64 @ http://localhost:3001/assets/index-DmX2Ev4k.js:88
[   18746ms] [LOG] [PETSCII] PETSCII content written to terminal @ http://localhost:3001/assets/index-DmX2Ev4k.js:88
[   18749ms] [LOG] [PETSCII] Received petscii-output, length: 2 @ http://localhost:3001/assets/index-DmX2Ev4k.js:88
[   18749ms] [LOG] [PETSCII] Switching font from PetMe64, "Courier New", monospace to PetMe64 @ http://localhost:3001/assets/index-DmX2Ev4k.js:88
[   18749ms] [LOG] [PETSCII] PETSCII content written to terminal @ http://localhost:3001/assets/index-DmX2Ev4k.js:88
[   18750ms] [LOG] [PETSCII] Received petscii-output, length: 4 @ http://localhost:3001/assets/index-DmX2Ev4k.js:88
[   18750ms] [LOG] [PETSCII] Switching font from PetMe64, "Courier New", monospace to PetMe64 @ http://localhost:3001/assets/index-DmX2Ev4k.js:88
[   18750ms] [LOG] [PETSCII] PETSCII content written to terminal @ http://localhost:3001/assets/index-DmX2Ev4k.js:88
[   18750ms] [LOG] [PETSCII] Received petscii-output, length: 5 @ http://localhost:3001/assets/index-DmX2Ev4k.js:88
[   18750ms] [LOG] [PETSCII] Switching font from PetMe64, "Courier New", monospace to PetMe64 @ http://localhost:3001/assets/index-DmX2Ev4k.js:88
[   18750ms] [LOG] [PETSCII] PETSCII content written to terminal @ http://localhost:3001/assets/index-DmX2Ev4k.js:88
[   18750ms] [LOG] [PETSCII] Received petscii-output, length: 2 @ http://localhost:3001/assets/index-DmX2Ev4k.js:88
[   18750ms] [LOG] [PETSCII] Switching font from PetMe64, "Courier New", monospace to PetMe64 @ http://localhost:3001/assets/index-DmX2Ev4k.js:88
[   18750ms] [LOG] [PETSCII] PETSCII content written to terminal @ http://localhost:3001/assets/index-DmX2Ev4k.js:88
[   18750ms] [LOG] [PETSCII] Received petscii-output, length: 5 @ http://localhost:3001/assets/index-DmX2Ev4k.js:88
[   18750ms] [LOG] [PETSCII] Switching font from PetMe64, "Courier New", monospace to PetMe64 @ http://localhost:3001/assets/index-DmX2Ev4k.js:88
[   18750ms] [LOG] [PETSCII] PETSCII content written to terminal @ http://localhost:3001/assets/index-DmX2Ev4k.js:88
[   18750ms] [LOG] [PETSCII] Received petscii-output, length: 5 @ http://localhost:3001/assets/index-DmX2Ev4k.js:88
[   18750ms] [LOG] [PETSCII] Switching font from PetMe64, "Courier New", monospace to PetMe64 @ http://localhost:3001/assets/index-DmX2Ev4k.js:88
[   18750ms] [LOG] [PETSCII] PETSCII content written to terminal @ http://localhost:3001/assets/index-DmX2Ev4k.js:88
[   18750ms] [LOG] [PETSCII] Received petscii-output, length: 1 @ http://localhost:3001/assets/index-DmX2Ev4k.js:88
[   18750ms] [LOG] [PETSCII] Switching font from PetMe64, "Courier New", monospace to PetMe64 @ http://localhost:3001/assets/index-DmX2Ev4k.js:88
[   18750ms] [LOG] [PETSCII] PETSCII content written to terminal @ http://localhost:3001/assets/index-DmX2Ev4k.js:88
[   18750ms] [LOG] [PETSCII] Received petscii-output, length: 4 @ http://localhost:3001/assets/index-DmX2Ev4k.js:88
[   18750ms] [LOG] [PETSCII] Switching font from PetMe64, "Courier New", monospace to PetMe64 @ http://localhost:3001/assets/index-DmX2Ev4k.js:88
[   18750ms] [LOG] [PETSCII] PETSCII content written to terminal @ http://localhost:3001/assets/index-DmX2Ev4k.js:88
[   18750ms] [LOG] [PETSCII] Received petscii-output, length: 5 @ http://localhost:3001/assets/index-DmX2Ev4k.js:88
[   18750ms] [LOG] [PETSCII] Switching font from PetMe64, "Courier New", monospace to PetMe64 @ http://localhost:3001/assets/index-DmX2Ev4k.js:88
[   18750ms] [LOG] [PETSCII] PETSCII content written to terminal @ http://localhost:3001/assets/index-DmX2Ev4k.js:88
[   18750ms] [LOG] [PETSCII] Received petscii-output, length: 1 @ http://localhost:3001/assets/index-DmX2Ev4k.js:88
[   18750ms] [LOG] [PETSCII] Switching font from PetMe64, "Courier New", monospace to PetMe64 @ http://localhost:3001/assets/index-DmX2Ev4k.js:88
[   18750ms] [LOG] [PETSCII] PETSCII content written to terminal @ http://localhost:3001/assets/index-DmX2Ev4k.js:88
[   18750ms] [LOG] [PETSCII] Received petscii-output, length: 5 @ http://localhost:3001/assets/index-DmX2Ev4k.js:88
[   18750ms] [LOG] [PETSCII] Switching font from PetMe64, "Courier New", monospace to PetMe64 @ http://localhost:3001/assets/index-DmX2Ev4k.js:88
[   18750ms] [LOG] [PETSCII] PETSCII content written to terminal @ http://localhost:3001/assets/index-DmX2Ev4k.js:88
[   18750ms] [LOG] [PETSCII] Received petscii-output, length: 1 @ http://localhost:3001/assets/index-DmX2Ev4k.js:88
[   18750ms] [LOG] [PETSCII] Switching font from PetMe64, "Courier New", monospace to PetMe64 @ http://localhost:3001/assets/index-DmX2Ev4k.js:88
[   18750ms] [LOG] [PETSCII] PETSCII content written to terminal @ http://localhost:3001/assets/index-DmX2Ev4k.js:88
[   18750ms] [LOG] [PETSCII] Received petscii-output, length: 5 @ http://localhost:3001/assets/index-DmX2Ev4k.js:88
[   18751ms] [LOG] [PETSCII] Switching font from PetMe64, "Courier New", monospace to PetMe64 @ http://localhost:3001/assets/index-DmX2Ev4k.js:88
[   18751ms] [LOG] [PETSCII] PETSCII content written to terminal @ http://localhost:3001/assets/index-DmX2Ev4k.js:88
[   18751ms] [LOG] [PETSCII] Received petscii-output, length: 5 @ http://localhost:3001/assets/index-DmX2Ev4k.js:88
[   18751ms] [LOG] [PETSCII] Switching font from PetMe64, "Courier New", monospace to PetMe64 @ http://localhost:3001/assets/index-DmX2Ev4k.js:88
[   18751ms] [LOG] [PETSCII] PETSCII content written to terminal @ http://localhost:3001/assets/index-DmX2Ev4k.js:88
[   18751ms] [LOG] [PETSCII] Received petscii-output, length: 1 @ http://localhost:3001/assets/index-DmX2Ev4k.js:88
[   18751ms] [LOG] [PETSCII] Switching font from PetMe64, "Courier New", monospace to PetMe64 @ http://localhost:3001/assets/index-DmX2Ev4k.js:88
[   18751ms] [LOG] [PETSCII] PETSCII content written to terminal @ http://localhost:3001/assets/index-DmX2Ev4k.js:88
[   18751ms] [LOG] [PETSCII] Received petscii-output, length: 4 @ http://localhost:3001/assets/index-DmX2Ev4k.js:88
[   18751ms] [LOG] [PETSCII] Switching font from PetMe64, "Courier New", monospace to PetMe64 @ http://localhost:3001/assets/index-DmX2Ev4k.js:88
[   18751ms] [LOG] [PETSCII] PETSCII content written to terminal @ http://localhost:3001/assets/index-DmX2Ev4k.js:88
[   18751ms] [LOG] [PETSCII] Received petscii-output, length: 3 @ http://localhost:3001/assets/index-DmX2Ev4k.js:88
[   18751ms] [LOG] [PETSCII] Switching font from PetMe64, "Courier New", monospace to PetMe64 @ http://localhost:3001/assets/index-DmX2Ev4k.js:88
[   18751ms] [LOG] [PETSCII] PETSCII content written to terminal @ http://localhost:3001/assets/index-DmX2Ev4k.js:88
[   18756ms] [LOG] [PETSCII] Received petscii-output, length: 3 @ http://localhost:3001/assets/index-DmX2Ev4k.js:88
[   18756ms] [LOG] [PETSCII] Switching font from PetMe64, "Courier New", monospace to PetMe64 @ http://localhost:3001/assets/index-DmX2Ev4k.js:88
[   18756ms] [LOG] [PETSCII] PETSCII content written to terminal @ http://localhost:3001/assets/index-DmX2Ev4k.js:88
[   18756ms] [LOG] [PETSCII] Received petscii-output, length: 5 @ http://localhost:3001/assets/index-DmX2Ev4k.js:88
[   18756ms] [LOG] [PETSCII] Switching font from PetMe64, "Courier New", monospace to PetMe64 @ http://localhost:3001/assets/index-DmX2Ev4k.js:88
[   18756ms] [LOG] [PETSCII] PETSCII content written to terminal @ http://localhost:3001/assets/index-DmX2Ev4k.js:88
[   18756ms] [LOG] [PETSCII] Received petscii-output, length: 1 @ http://localhost:3001/assets/index-DmX2Ev4k.js:88
[   18756ms] [LOG] [PETSCII] Switching font from PetMe64, "Courier New", monospace to PetMe64 @ http://localhost:3001/assets/index-DmX2Ev4k.js:88
[   18756ms] [LOG] [PETSCII] PETSCII content written to terminal @ http://localhost:3001/assets/index-DmX2Ev4k.js:88
[   18756ms] [LOG] [PETSCII] Received petscii-output, length: 4 @ http://localhost:3001/assets/index-DmX2Ev4k.js:88
[   18756ms] [LOG] [PETSCII] Switching font from PetMe64, "Courier New", monospace to PetMe64 @ http://localhost:3001/assets/index-DmX2Ev4k.js:88
[   18756ms] [LOG] [PETSCII] PETSCII content written to terminal @ http://localhost:3001/assets/index-DmX2Ev4k.js:88
[   18756ms] [LOG] [PETSCII] Received petscii-output, length: 5 @ http://localhost:3001/assets/index-DmX2Ev4k.js:88
[   18756ms] [LOG] [PETSCII] Switching font from PetMe64, "Courier New", monospace to PetMe64 @ http://localhost:3001/assets/index-DmX2Ev4k.js:88
[   18756ms] [LOG] [PETSCII] PETSCII content written to terminal @ http://localhost:3001/assets/index-DmX2Ev4k.js:88
[   18756ms] [LOG] [PETSCII] Received petscii-output, length: 1 @ http://localhost:3001/assets/index-DmX2Ev4k.js:88
[   18756ms] [LOG] [PETSCII] Switching font from PetMe64, "Courier New", monospace to PetMe64 @ http://localhost:3001/assets/index-DmX2Ev4k.js:88
[   18756ms] [LOG] [PETSCII] PETSCII content written to terminal @ http://localhost:3001/assets/index-DmX2Ev4k.js:88
[   18756ms] [LOG] [PETSCII] Received petscii-output, length: 5 @ http://localhost:3001/assets/index-DmX2Ev4k.js:88
[   18756ms] [LOG] [PETSCII] Switching font from PetMe64, "Courier New", monospace to PetMe64 @ http://localhost:3001/assets/index-DmX2Ev4k.js:88
[   18756ms] [LOG] [PETSCII] PETSCII content written to terminal @ http://localhost:3001/assets/index-DmX2Ev4k.js:88
[   18756ms] [LOG] [PETSCII] Received petscii-output, length: 4 @ http://localhost:3001/assets/index-DmX2Ev4k.js:88
[   18756ms] [LOG] [PETSCII] Switching font from PetMe64, "Courier New", monospace to PetMe64 @ http://localhost:3001/assets/index-DmX2Ev4k.js:88
[   18756ms] [LOG] [PETSCII] PETSCII content written to terminal @ http://localhost:3001/assets/index-DmX2Ev4k.js:88
[   18757ms] [LOG] [PETSCII] Received petscii-output, length: 3 @ http://localhost:3001/assets/index-DmX2Ev4k.js:88
[   18757ms] [LOG] [PETSCII] Switching font from PetMe64, "Courier New", monospace to PetMe64 @ http://localhost:3001/assets/index-DmX2Ev4k.js:88
[   18757ms] [LOG] [PETSCII] PETSCII content written to terminal @ http://localhost:3001/assets/index-DmX2Ev4k.js:88
[   18757ms] [LOG] [PETSCII] Received petscii-output, length: 5 @ http://localhost:3001/assets/index-DmX2Ev4k.js:88
[   18757ms] [LOG] [PETSCII] Switching font from PetMe64, "Courier New", monospace to PetMe64 @ http://localhost:3001/assets/index-DmX2Ev4k.js:88
[   18757ms] [LOG] [PETSCII] PETSCII content written to terminal @ http://localhost:3001/assets/index-DmX2Ev4k.js:88
[   18757ms] [LOG] [PETSCII] Received petscii-output, length: 1 @ http://localhost:3001/assets/index-DmX2Ev4k.js:88
[   18757ms] [LOG] [PETSCII] Switching font from PetMe64, "Courier New", monospace to PetMe64 @ http://localhost:3001/assets/index-DmX2Ev4k.js:88
[   18757ms] [LOG] [PETSCII] PETSCII content written to terminal @ http://localhost:3001/assets/index-DmX2Ev4k.js:88
[   18757ms] [LOG] [PETSCII] Received petscii-output, length: 5 @ http://localhost:3001/assets/index-DmX2Ev4k.js:88
[   18757ms] [LOG] [PETSCII] Switching font from PetMe64, "Courier New", monospace to PetMe64 @ http://localhost:3001/assets/index-DmX2Ev4k.js:88
[   18757ms] [LOG] [PETSCII] PETSCII content written to terminal @ http://localhost:3001/assets/index-DmX2Ev4k.js:88
[   18757ms] [LOG] [PETSCII] Received petscii-output, length: 5 @ http://localhost:3001/assets/index-DmX2Ev4k.js:88
[   18757ms] [LOG] [PETSCII] Switching font from PetMe64, "Courier New", monospace to PetMe64 @ http://localhost:3001/assets/index-DmX2Ev4k.js:88
[   18757ms] [LOG] [PETSCII] PETSCII content written to terminal @ http://localhost:3001/assets/index-DmX2Ev4k.js:88
[   18757ms] [LOG] [PETSCII] Received petscii-output, length: 1 @ http://localhost:3001/assets/index-DmX2Ev4k.js:88
[   18757ms] [LOG] [PETSCII] Switching font from PetMe64, "Courier New", monospace to PetMe64 @ http://localhost:3001/assets/index-DmX2Ev4k.js:88
[   18757ms] [LOG] [PETSCII] PETSCII content written to terminal @ http://localhost:3001/assets/index-DmX2Ev4k.js:88
[   18757ms] [LOG] [PETSCII] Received petscii-output, length: 4 @ http://localhost:3001/assets/index-DmX2Ev4k.js:88
[   18757ms] [LOG] [PETSCII] Switching font from PetMe64, "Courier New", monospace to PetMe64 @ http://localhost:3001/assets/index-DmX2Ev4k.js:88
[   18758ms] [LOG] [PETSCII] PETSCII content written to terminal @ http://localhost:3001/assets/index-DmX2Ev4k.js:88
[   18758ms] [LOG] [PETSCII] Received petscii-output, length: 5 @ http://localhost:3001/assets/index-DmX2Ev4k.js:88
[   18758ms] [LOG] [PETSCII] Switching font from PetMe64, "Courier New", monospace to PetMe64 @ http://localhost:3001/assets/index-DmX2Ev4k.js:88
[   18758ms] [LOG] [PETSCII] PETSCII content written to terminal @ http://localhost:3001/assets/index-DmX2Ev4k.js:88
[   18758ms] [LOG] [PETSCII] Received petscii-output, length: 1 @ http://localhost:3001/assets/index-DmX2Ev4k.js:88
[   18758ms] [LOG] [PETSCII] Switching font from PetMe64, "Courier New", monospace to PetMe64 @ http://localhost:3001/assets/index-DmX2Ev4k.js:88
[   18758ms] [LOG] [PETSCII] PETSCII content written to terminal @ http://localhost:3001/assets/index-DmX2Ev4k.js:88
[   18758ms] [LOG] [PETSCII] Received petscii-output, length: 5 @ http://localhost:3001/assets/index-DmX2Ev4k.js:88
[   18758ms] [LOG] [PETSCII] Switching font from PetMe64, "Courier New", monospace to PetMe64 @ http://localhost:3001/assets/index-DmX2Ev4k.js:88
[   18758ms] [LOG] [PETSCII] PETSCII content written to terminal @ http://localhost:3001/assets/index-DmX2Ev4k.js:88
[   18758ms] [LOG] [PETSCII] Received petscii-output, length: 5 @ http://localhost:3001/assets/index-DmX2Ev4k.js:88
[   18758ms] [LOG] [PETSCII] Switching font from PetMe64, "Courier New", monospace to PetMe64 @ http://localhost:3001/assets/index-DmX2Ev4k.js:88
[   18758ms] [LOG] [PETSCII] PETSCII content written to terminal @ http://localhost:3001/assets/index-DmX2Ev4k.js:88
[   18758ms] [LOG] [PETSCII] Received petscii-output, length: 1 @ http://localhost:3001/assets/index-DmX2Ev4k.js:88
[   18758ms] [LOG] [PETSCII] Switching font from PetMe64, "Courier New", monospace to PetMe64 @ http://localhost:3001/assets/index-DmX2Ev4k.js:88
[   18758ms] [LOG] [PETSCII] PETSCII content written to terminal @ http://localhost:3001/assets/index-DmX2Ev4k.js:88
[   18758ms] [LOG] [PETSCII] Received petscii-output, length: 4 @ http://localhost:3001/assets/index-DmX2Ev4k.js:88
[   18758ms] [LOG] [PETSCII] Switching font from PetMe64, "Courier New", monospace to PetMe64 @ http://localhost:3001/assets/index-DmX2Ev4k.js:88
[   18758ms] [LOG] [PETSCII] PETSCII content written to terminal @ http://localhost:3001/assets/index-DmX2Ev4k.js:88
[   18758ms] [LOG] [PETSCII] Received petscii-output, length: 5 @ http://localhost:3001/assets/index-DmX2Ev4k.js:88
[   18758ms] [LOG] [PETSCII] Switching font from PetMe64, "Courier New", monospace to PetMe64 @ http://localhost:3001/assets/index-DmX2Ev4k.js:88
[   18758ms] [LOG] [PETSCII] PETSCII content written to terminal @ http://localhost:3001/assets/index-DmX2Ev4k.js:88
[   18758ms] [LOG] [PETSCII] Received petscii-output, length: 2 @ http://localhost:3001/assets/index-DmX2Ev4k.js:88
[   18758ms] [LOG] [PETSCII] Switching font from PetMe64, "Courier New", monospace to PetMe64 @ http://localhost:3001/assets/index-DmX2Ev4k.js:88
[   18758ms] [LOG] [PETSCII] PETSCII content written to terminal @ http://localhost:3001/assets/index-DmX2Ev4k.js:88
[   18758ms] [LOG] [PETSCII] Received petscii-output, length: 2 @ http://localhost:3001/assets/index-DmX2Ev4k.js:88
[   18758ms] [LOG] [PETSCII] Switching font from PetMe64, "Courier New", monospace to PetMe64 @ http://localhost:3001/assets/index-DmX2Ev4k.js:88
[   18758ms] [LOG] [PETSCII] PETSCII content written to terminal @ http://localhost:3001/assets/index-DmX2Ev4k.js:88
[   18759ms] [LOG] [PETSCII] Received petscii-output, length: 5 @ http://localhost:3001/assets/index-DmX2Ev4k.js:88
[   18759ms] [LOG] [PETSCII] Switching font from PetMe64, "Courier New", monospace to PetMe64 @ http://localhost:3001/assets/index-DmX2Ev4k.js:88
[   18759ms] [LOG] [PETSCII] PETSCII content written to terminal @ http://localhost:3001/assets/index-DmX2Ev4k.js:88
[   18759ms] [LOG] [PETSCII] Received petscii-output, length: 1 @ http://localhost:3001/assets/index-DmX2Ev4k.js:88
[   18759ms] [LOG] [PETSCII] Switching font from PetMe64, "Courier New", monospace to PetMe64 @ http://localhost:3001/assets/index-DmX2Ev4k.js:88
[   18759ms] [LOG] [PETSCII] PETSCII content written to terminal @ http://localhost:3001/assets/index-DmX2Ev4k.js:88
[   18759ms] [LOG] [PETSCII] Received petscii-output, length: 5 @ http://localhost:3001/assets/index-DmX2Ev4k.js:88
[   18759ms] [LOG] [PETSCII] Switching font from PetMe64, "Courier New", monospace to PetMe64 @ http://localhost:3001/assets/index-DmX2Ev4k.js:88
[   18759ms] [LOG] [PETSCII] PETSCII content written to terminal @ http://localhost:3001/assets/index-DmX2Ev4k.js:88
[   18759ms] [LOG] [PETSCII] Received petscii-output, length: 1 @ http://localhost:3001/assets/index-DmX2Ev4k.js:88
[   18759ms] [LOG] [PETSCII] Switching font from PetMe64, "Courier New", monospace to PetMe64 @ http://localhost:3001/assets/index-DmX2Ev4k.js:88
[   18759ms] [LOG] [PETSCII] PETSCII content written to terminal @ http://localhost:3001/assets/index-DmX2Ev4k.js:88
[   18761ms] [LOG] [PETSCII] Received petscii-output, length: 1 @ http://localhost:3001/assets/index-DmX2Ev4k.js:88
[   18761ms] [LOG] [PETSCII] Switching font from PetMe64, "Courier New", monospace to PetMe64 @ http://localhost:3001/assets/index-DmX2Ev4k.js:88
[   18761ms] [LOG] [PETSCII] PETSCII content written to terminal @ http://localhost:3001/assets/index-DmX2Ev4k.js:88
[   18761ms] [LOG] [PETSCII] Received petscii-output, length: 5 @ http://localhost:3001/assets/index-DmX2Ev4k.js:88
[   18762ms] [LOG] [PETSCII] Switching font from PetMe64, "Courier New", monospace to PetMe64 @ http://localhost:3001/assets/index-DmX2Ev4k.js:88
[   18762ms] [LOG] [PETSCII] PETSCII content written to terminal @ http://localhost:3001/assets/index-DmX2Ev4k.js:88
[   18762ms] [LOG] [PETSCII] Received petscii-output, length: 5 @ http://localhost:3001/assets/index-DmX2Ev4k.js:88
[   18762ms] [LOG] [PETSCII] Switching font from PetMe64, "Courier New", monospace to PetMe64 @ http://localhost:3001/assets/index-DmX2Ev4k.js:88
[   18762ms] [LOG] [PETSCII] PETSCII content written to terminal @ http://localhost:3001/assets/index-DmX2Ev4k.js:88
[   18762ms] [LOG] [PETSCII] Received petscii-output, length: 1 @ http://localhost:3001/assets/index-DmX2Ev4k.js:88
[   18762ms] [LOG] [PETSCII] Switching font from PetMe64, "Courier New", monospace to PetMe64 @ http://localhost:3001/assets/index-DmX2Ev4k.js:88
[   18762ms] [LOG] [PETSCII] PETSCII content written to terminal @ http://localhost:3001/assets/index-DmX2Ev4k.js:88
[   18762ms] [LOG] [PETSCII] Received petscii-output, length: 4 @ http://localhost:3001/assets/index-DmX2Ev4k.js:88
[   18762ms] [LOG] [PETSCII] Switching font from PetMe64, "Courier New", monospace to PetMe64 @ http://localhost:3001/assets/index-DmX2Ev4k.js:88
[   18762ms] [LOG] [PETSCII] PETSCII content written to terminal @ http://localhost:3001/assets/index-DmX2Ev4k.js:88
[   18762ms] [LOG] [PETSCII] Received petscii-output, length: 5 @ http://localhost:3001/assets/index-DmX2Ev4k.js:88
[   18762ms] [LOG] [PETSCII] Switching font from PetMe64, "Courier New", monospace to PetMe64 @ http://localhost:3001/assets/index-DmX2Ev4k.js:88
[   18762ms] [LOG] [PETSCII] PETSCII content written to terminal @ http://localhost:3001/assets/index-DmX2Ev4k.js:88
[   18762ms] [LOG] [PETSCII] Received petscii-output, length: 1 @ http://localhost:3001/assets/index-DmX2Ev4k.js:88
[   18762ms] [LOG] [PETSCII] Switching font from PetMe64, "Courier New", monospace to PetMe64 @ http://localhost:3001/assets/index-DmX2Ev4k.js:88
[   18762ms] [LOG] [PETSCII] PETSCII content written to terminal @ http://localhost:3001/assets/index-DmX2Ev4k.js:88
[   18762ms] [LOG] [PETSCII] Received petscii-output, length: 5 @ http://localhost:3001/assets/index-DmX2Ev4k.js:88
[   18762ms] [LOG] [PETSCII] Switching font from PetMe64, "Courier New", monospace to PetMe64 @ http://localhost:3001/assets/index-DmX2Ev4k.js:88
[   18762ms] [LOG] [PETSCII] PETSCII content written to terminal @ http://localhost:3001/assets/index-DmX2Ev4k.js:88
[   18762ms] [LOG] [PETSCII] Received petscii-output, length: 4 @ http://localhost:3001/assets/index-DmX2Ev4k.js:88
[   18762ms] [LOG] [PETSCII] Switching font from PetMe64, "Courier New", monospace to PetMe64 @ http://localhost:3001/assets/index-DmX2Ev4k.js:88
[   18762ms] [LOG] [PETSCII] PETSCII content written to terminal @ http://localhost:3001/assets/index-DmX2Ev4k.js:88
[   18764ms] [LOG] [PETSCII] Received petscii-output, length: 4 @ http://localhost:3001/assets/index-DmX2Ev4k.js:88
[   18764ms] [LOG] [PETSCII] Switching font from PetMe64, "Courier New", monospace to PetMe64 @ http://localhost:3001/assets/index-DmX2Ev4k.js:88
[   18764ms] [LOG] [PETSCII] PETSCII content written to terminal @ http://localhost:3001/assets/index-DmX2Ev4k.js:88
[   18764ms] [LOG] [PETSCII] Received petscii-output, length: 4 @ http://localhost:3001/assets/index-DmX2Ev4k.js:88
[   18764ms] [LOG] [PETSCII] Switching font from PetMe64, "Courier New", monospace to PetMe64 @ http://localhost:3001/assets/index-DmX2Ev4k.js:88
[   18764ms] [LOG] [PETSCII] PETSCII content written to terminal @ http://localhost:3001/assets/index-DmX2Ev4k.js:88
[   18764ms] [LOG] [PETSCII] Received petscii-output, length: 5 @ http://localhost:3001/assets/index-DmX2Ev4k.js:88
[   18764ms] [LOG] [PETSCII] Switching font from PetMe64, "Courier New", monospace to PetMe64 @ http://localhost:3001/assets/index-DmX2Ev4k.js:88
[   18764ms] [LOG] [PETSCII] PETSCII content written to terminal @ http://localhost:3001/assets/index-DmX2Ev4k.js:88
[   18765ms] [LOG] [PETSCII] Received petscii-output, length: 2 @ http://localhost:3001/assets/index-DmX2Ev4k.js:88
[   18765ms] [LOG] [PETSCII] Switching font from PetMe64, "Courier New", monospace to PetMe64 @ http://localhost:3001/assets/index-DmX2Ev4k.js:88
[   18765ms] [LOG] [PETSCII] PETSCII content written to terminal @ http://localhost:3001/assets/index-DmX2Ev4k.js:88
[   18765ms] [LOG] [PETSCII] Received petscii-output, length: 5 @ http://localhost:3001/assets/index-DmX2Ev4k.js:88
[   18765ms] [LOG] [PETSCII] Switching font from PetMe64, "Courier New", monospace to PetMe64 @ http://localhost:3001/assets/index-DmX2Ev4k.js:88
[   18765ms] [LOG] [PETSCII] PETSCII content written to terminal @ http://localhost:3001/assets/index-DmX2Ev4k.js:88
[   18765ms] [LOG] [PETSCII] Received petscii-output, length: 1 @ http://localhost:3001/assets/index-DmX2Ev4k.js:88
[   18765ms] [LOG] [PETSCII] Switching font from PetMe64, "Courier New", monospace to PetMe64 @ http://localhost:3001/assets/index-DmX2Ev4k.js:88
[   18765ms] [LOG] [PETSCII] PETSCII content written to terminal @ http://localhost:3001/assets/index-DmX2Ev4k.js:88
[   18765ms] [LOG] [PETSCII] Received petscii-output, length: 5 @ http://localhost:3001/assets/index-DmX2Ev4k.js:88
[   18765ms] [LOG] [PETSCII] Switching font from PetMe64, "Courier New", monospace to PetMe64 @ http://localhost:3001/assets/index-DmX2Ev4k.js:88
[   18765ms] [LOG] [PETSCII] PETSCII content written to terminal @ http://localhost:3001/assets/index-DmX2Ev4k.js:88
[   18765ms] [LOG] [PETSCII] Received petscii-output, length: 5 @ http://localhost:3001/assets/index-DmX2Ev4k.js:88
[   18765ms] [LOG] [PETSCII] Switching font from PetMe64, "Courier New", monospace to PetMe64 @ http://localhost:3001/assets/index-DmX2Ev4k.js:88
[   18765ms] [LOG] [PETSCII] PETSCII content written to terminal @ http://localhost:3001/assets/index-DmX2Ev4k.js:88
[   18767ms] [LOG] [PETSCII] Received petscii-output, length: 1 @ http://localhost:3001/assets/index-DmX2Ev4k.js:88
[   18767ms] [LOG] [PETSCII] Switching font from PetMe64, "Courier New", monospace to PetMe64 @ http://localhost:3001/assets/index-DmX2Ev4k.js:88
[   18767ms] [LOG] [PETSCII] PETSCII content written to terminal @ http://localhost:3001/assets/index-DmX2Ev4k.js:88
[   18767ms] [LOG] [PETSCII] Received petscii-output, length: 4 @ http://localhost:3001/assets/index-DmX2Ev4k.js:88
[   18767ms] [LOG] [PETSCII] Switching font from PetMe64, "Courier New", monospace to PetMe64 @ http://localhost:3001/assets/index-DmX2Ev4k.js:88
[   18767ms] [LOG] [PETSCII] PETSCII content written to terminal @ http://localhost:3001/assets/index-DmX2Ev4k.js:88
[   18767ms] [LOG] [PETSCII] Received petscii-output, length: 5 @ http://localhost:3001/assets/index-DmX2Ev4k.js:88
[   18767ms] [LOG] [PETSCII] Switching font from PetMe64, "Courier New", monospace to PetMe64 @ http://localhost:3001/assets/index-DmX2Ev4k.js:88
[   18767ms] [LOG] [PETSCII] PETSCII content written to terminal @ http://localhost:3001/assets/index-DmX2Ev4k.js:88
[   18767ms] [LOG] [PETSCII] Received petscii-output, length: 1 @ http://localhost:3001/assets/index-DmX2Ev4k.js:88
[   18767ms] [LOG] [PETSCII] Switching font from PetMe64, "Courier New", monospace to PetMe64 @ http://localhost:3001/assets/index-DmX2Ev4k.js:88
[   18767ms] [LOG] [PETSCII] PETSCII content written to terminal @ http://localhost:3001/assets/index-DmX2Ev4k.js:88
[   18767ms] [LOG] [PETSCII] Received petscii-output, length: 5 @ http://localhost:3001/assets/index-DmX2Ev4k.js:88
[   18767ms] [LOG] [PETSCII] Switching font from PetMe64, "Courier New", monospace to PetMe64 @ http://localhost:3001/assets/index-DmX2Ev4k.js:88
[   18767ms] [LOG] [PETSCII] PETSCII content written to terminal @ http://localhost:3001/assets/index-DmX2Ev4k.js:88
[   18767ms] [LOG] [PETSCII] Received petscii-output, length: 5 @ http://localhost:3001/assets/index-DmX2Ev4k.js:88
[   18767ms] [LOG] [PETSCII] Switching font from PetMe64, "Courier New", monospace to PetMe64 @ http://localhost:3001/assets/index-DmX2Ev4k.js:88
[   18767ms] [LOG] [PETSCII] PETSCII content written to terminal @ http://localhost:3001/assets/index-DmX2Ev4k.js:88
[   18767ms] [LOG] [PETSCII] Received petscii-output, length: 1 @ http://localhost:3001/assets/index-DmX2Ev4k.js:88
[   18767ms] [LOG] [PETSCII] Switching font from PetMe64, "Courier New", monospace to PetMe64 @ http://localhost:3001/assets/index-DmX2Ev4k.js:88
[   18767ms] [LOG] [PETSCII] PETSCII content written to terminal @ http://localhost:3001/assets/index-DmX2Ev4k.js:88
[   18767ms] [LOG] [PETSCII] Received petscii-output, length: 4 @ http://localhost:3001/assets/index-DmX2Ev4k.js:88
[   18767ms] [LOG] [PETSCII] Switching font from PetMe64, "Courier New", monospace to PetMe64 @ http://localhost:3001/assets/index-DmX2Ev4k.js:88
[   18767ms] [LOG] [PETSCII] PETSCII content written to terminal @ http://localhost:3001/assets/index-DmX2Ev4k.js:88
[   18767ms] [LOG] [PETSCII] Received petscii-output, length: 2 @ http://localhost:3001/assets/index-DmX2Ev4k.js:88
[   18767ms] [LOG] [PETSCII] Switching font from PetMe64, "Courier New", monospace to PetMe64 @ http://localhost:3001/assets/index-DmX2Ev4k.js:88
[   18767ms] [LOG] [PETSCII] PETSCII content written to terminal @ http://localhost:3001/assets/index-DmX2Ev4k.js:88
[   18767ms] [LOG] [PETSCII] Received petscii-output, length: 1 @ http://localhost:3001/assets/index-DmX2Ev4k.js:88
[   18767ms] [LOG] [PETSCII] Switching font from PetMe64, "Courier New", monospace to PetMe64 @ http://localhost:3001/assets/index-DmX2Ev4k.js:88
[   18767ms] [LOG] [PETSCII] PETSCII content written to terminal @ http://localhost:3001/assets/index-DmX2Ev4k.js:88
[   18769ms] [LOG] [PETSCII] Received petscii-output, length: 1 @ http://localhost:3001/assets/index-DmX2Ev4k.js:88
[   18769ms] [LOG] [PETSCII] Switching font from PetMe64, "Courier New", monospace to PetMe64 @ http://localhost:3001/assets/index-DmX2Ev4k.js:88
[   18769ms] [LOG] [PETSCII] PETSCII content written to terminal @ http://localhost:3001/assets/index-DmX2Ev4k.js:88
[   18769ms] [LOG] [PETSCII] Received petscii-output, length: 5 @ http://localhost:3001/assets/index-DmX2Ev4k.js:88
[   18770ms] [LOG] [PETSCII] Switching font from PetMe64, "Courier New", monospace to PetMe64 @ http://localhost:3001/assets/index-DmX2Ev4k.js:88
[   18770ms] [LOG] [PETSCII] PETSCII content written to terminal @ http://localhost:3001/assets/index-DmX2Ev4k.js:88
[   18770ms] [LOG] [PETSCII] Received petscii-output, length: 1 @ http://localhost:3001/assets/index-DmX2Ev4k.js:88
[   18770ms] [LOG] [PETSCII] Switching font from PetMe64, "Courier New", monospace to PetMe64 @ http://localhost:3001/assets/index-DmX2Ev4k.js:88
[   18770ms] [LOG] [PETSCII] PETSCII content written to terminal @ http://localhost:3001/assets/index-DmX2Ev4k.js:88
[   18770ms] [LOG] [PETSCII] Received petscii-output, length: 4 @ http://localhost:3001/assets/index-DmX2Ev4k.js:88
[   18770ms] [LOG] [PETSCII] Switching font from PetMe64, "Courier New", monospace to PetMe64 @ http://localhost:3001/assets/index-DmX2Ev4k.js:88
[   18770ms] [LOG] [PETSCII] PETSCII content written to terminal @ http://localhost:3001/assets/index-DmX2Ev4k.js:88
[   18770ms] [LOG] [PETSCII] Received petscii-output, length: 5 @ http://localhost:3001/assets/index-DmX2Ev4k.js:88
[   18770ms] [LOG] [PETSCII] Switching font from PetMe64, "Courier New", monospace to PetMe64 @ http://localhost:3001/assets/index-DmX2Ev4k.js:88
[   18770ms] [LOG] [PETSCII] PETSCII content written to terminal @ http://localhost:3001/assets/index-DmX2Ev4k.js:88
[   18770ms] [LOG] [PETSCII] Received petscii-output, length: 1 @ http://localhost:3001/assets/index-DmX2Ev4k.js:88
[   18770ms] [LOG] [PETSCII] Switching font from PetMe64, "Courier New", monospace to PetMe64 @ http://localhost:3001/assets/index-DmX2Ev4k.js:88
[   18770ms] [LOG] [PETSCII] PETSCII content written to terminal @ http://localhost:3001/assets/index-DmX2Ev4k.js:88
[   18770ms] [LOG] [PETSCII] Received petscii-output, length: 5 @ http://localhost:3001/assets/index-DmX2Ev4k.js:88
[   18770ms] [LOG] [PETSCII] Switching font from PetMe64, "Courier New", monospace to PetMe64 @ http://localhost:3001/assets/index-DmX2Ev4k.js:88
[   18770ms] [LOG] [PETSCII] PETSCII content written to terminal @ http://localhost:3001/assets/index-DmX2Ev4k.js:88
[   18770ms] [LOG] [PETSCII] Received petscii-output, length: 1 @ http://localhost:3001/assets/index-DmX2Ev4k.js:88
[   18770ms] [LOG] [PETSCII] Switching font from PetMe64, "Courier New", monospace to PetMe64 @ http://localhost:3001/assets/index-DmX2Ev4k.js:88
[   18770ms] [LOG] [PETSCII] PETSCII content written to terminal @ http://localhost:3001/assets/index-DmX2Ev4k.js:88
[   18770ms] [LOG] [PETSCII] Received petscii-output, length: 5 @ http://localhost:3001/assets/index-DmX2Ev4k.js:88
[   18770ms] [LOG] [PETSCII] Switching font from PetMe64, "Courier New", monospace to PetMe64 @ http://localhost:3001/assets/index-DmX2Ev4k.js:88
[   18770ms] [LOG] [PETSCII] PETSCII content written to terminal @ http://localhost:3001/assets/index-DmX2Ev4k.js:88
[   18770ms] [LOG] [PETSCII] Received petscii-output, length: 3 @ http://localhost:3001/assets/index-DmX2Ev4k.js:88
[   18770ms] [LOG] [PETSCII] Switching font from PetMe64, "Courier New", monospace to PetMe64 @ http://localhost:3001/assets/index-DmX2Ev4k.js:88
[   18770ms] [LOG] [PETSCII] PETSCII content written to terminal @ http://localhost:3001/assets/index-DmX2Ev4k.js:88
[   18772ms] [LOG] [PETSCII] Received petscii-output, length: 5 @ http://localhost:3001/assets/index-DmX2Ev4k.js:88
[   18772ms] [LOG] [PETSCII] Switching font from PetMe64, "Courier New", monospace to PetMe64 @ http://localhost:3001/assets/index-DmX2Ev4k.js:88
[   18772ms] [LOG] [PETSCII] PETSCII content written to terminal @ http://localhost:3001/assets/index-DmX2Ev4k.js:88
[   18772ms] [LOG] [PETSCII] Received petscii-output, length: 5 @ http://localhost:3001/assets/index-DmX2Ev4k.js:88
[   18772ms] [LOG] [PETSCII] Switching font from PetMe64, "Courier New", monospace to PetMe64 @ http://localhost:3001/assets/index-DmX2Ev4k.js:88
[   18772ms] [LOG] [PETSCII] PETSCII content written to terminal @ http://localhost:3001/assets/index-DmX2Ev4k.js:88
[   18772ms] [LOG] [PETSCII] Received petscii-output, length: 1 @ http://localhost:3001/assets/index-DmX2Ev4k.js:88
[   18772ms] [LOG] [PETSCII] Switching font from PetMe64, "Courier New", monospace to PetMe64 @ http://localhost:3001/assets/index-DmX2Ev4k.js:88
[   18772ms] [LOG] [PETSCII] PETSCII content written to terminal @ http://localhost:3001/assets/index-DmX2Ev4k.js:88
[   18773ms] [LOG] [PETSCII] Received petscii-output, length: 1 @ http://localhost:3001/assets/index-DmX2Ev4k.js:88
[   18773ms] [LOG] [PETSCII] Switching font from PetMe64, "Courier New", monospace to PetMe64 @ http://localhost:3001/assets/index-DmX2Ev4k.js:88
[   18773ms] [LOG] [PETSCII] PETSCII content written to terminal @ http://localhost:3001/assets/index-DmX2Ev4k.js:88
[   18773ms] [LOG] [PETSCII] Received petscii-output, length: 4 @ http://localhost:3001/assets/index-DmX2Ev4k.js:88
[   18773ms] [LOG] [PETSCII] Switching font from PetMe64, "Courier New", monospace to PetMe64 @ http://localhost:3001/assets/index-DmX2Ev4k.js:88
[   18773ms] [LOG] [PETSCII] PETSCII content written to terminal @ http://localhost:3001/assets/index-DmX2Ev4k.js:88
[   18773ms] [LOG] [PETSCII] Received petscii-output, length: 3 @ http://localhost:3001/assets/index-DmX2Ev4k.js:88
[   18773ms] [LOG] [PETSCII] Switching font from PetMe64, "Courier New", monospace to PetMe64 @ http://localhost:3001/assets/index-DmX2Ev4k.js:88
[   18773ms] [LOG] [PETSCII] PETSCII content written to terminal @ http://localhost:3001/assets/index-DmX2Ev4k.js:88
[   18776ms] [LOG] [PETSCII] Received petscii-output, length: 4 @ http://localhost:3001/assets/index-DmX2Ev4k.js:88
[   18776ms] [LOG] [PETSCII] Switching font from PetMe64, "Courier New", monospace to PetMe64 @ http://localhost:3001/assets/index-DmX2Ev4k.js:88
[   18776ms] [LOG] [PETSCII] PETSCII content written to terminal @ http://localhost:3001/assets/index-DmX2Ev4k.js:88
[   18776ms] [LOG] [PETSCII] Received petscii-output, length: 5 @ http://localhost:3001/assets/index-DmX2Ev4k.js:88
[   18776ms] [LOG] [PETSCII] Switching font from PetMe64, "Courier New", monospace to PetMe64 @ http://localhost:3001/assets/index-DmX2Ev4k.js:88
[   18776ms] [LOG] [PETSCII] PETSCII content written to terminal @ http://localhost:3001/assets/index-DmX2Ev4k.js:88
[   18776ms] [LOG] [PETSCII] Received petscii-output, length: 1 @ http://localhost:3001/assets/index-DmX2Ev4k.js:88
[   18776ms] [LOG] [PETSCII] Switching font from PetMe64, "Courier New", monospace to PetMe64 @ http://localhost:3001/assets/index-DmX2Ev4k.js:88
[   18776ms] [LOG] [PETSCII] PETSCII content written to terminal @ http://localhost:3001/assets/index-DmX2Ev4k.js:88
[   18776ms] [LOG] [PETSCII] Received petscii-output, length: 5 @ http://localhost:3001/assets/index-DmX2Ev4k.js:88
[   18776ms] [LOG] [PETSCII] Switching font from PetMe64, "Courier New", monospace to PetMe64 @ http://localhost:3001/assets/index-DmX2Ev4k.js:88
[   18776ms] [LOG] [PETSCII] PETSCII content written to terminal @ http://localhost:3001/assets/index-DmX2Ev4k.js:88
[   18776ms] [LOG] [PETSCII] Received petscii-output, length: 5 @ http://localhost:3001/assets/index-DmX2Ev4k.js:88
[   18776ms] [LOG] [PETSCII] Switching font from PetMe64, "Courier New", monospace to PetMe64 @ http://localhost:3001/assets/index-DmX2Ev4k.js:88
[   18776ms] [LOG] [PETSCII] PETSCII content written to terminal @ http://localhost:3001/assets/index-DmX2Ev4k.js:88
[   18776ms] [LOG] [PETSCII] Received petscii-output, length: 1 @ http://localhost:3001/assets/index-DmX2Ev4k.js:88
[   18776ms] [LOG] [PETSCII] Switching font from PetMe64, "Courier New", monospace to PetMe64 @ http://localhost:3001/assets/index-DmX2Ev4k.js:88
[   18776ms] [LOG] [PETSCII] PETSCII content written to terminal @ http://localhost:3001/assets/index-DmX2Ev4k.js:88
[   18777ms] [LOG] [PETSCII] Received petscii-output, length: 4 @ http://localhost:3001/assets/index-DmX2Ev4k.js:88
[   18777ms] [LOG] [PETSCII] Switching font from PetMe64, "Courier New", monospace to PetMe64 @ http://localhost:3001/assets/index-DmX2Ev4k.js:88
[   18777ms] [LOG] [PETSCII] PETSCII content written to terminal @ http://localhost:3001/assets/index-DmX2Ev4k.js:88
[   18777ms] [LOG] [PETSCII] Received petscii-output, length: 5 @ http://localhost:3001/assets/index-DmX2Ev4k.js:88
[   18777ms] [LOG] [PETSCII] Switching font from PetMe64, "Courier New", monospace to PetMe64 @ http://localhost:3001/assets/index-DmX2Ev4k.js:88
[   18777ms] [LOG] [PETSCII] PETSCII content written to terminal @ http://localhost:3001/assets/index-DmX2Ev4k.js:88
[   18777ms] [LOG] [PETSCII] Received petscii-output, length: 1 @ http://localhost:3001/assets/index-DmX2Ev4k.js:88
[   18777ms] [LOG] [PETSCII] Switching font from PetMe64, "Courier New", monospace to PetMe64 @ http://localhost:3001/assets/index-DmX2Ev4k.js:88
[   18777ms] [LOG] [PETSCII] PETSCII content written to terminal @ http://localhost:3001/assets/index-DmX2Ev4k.js:88
[   18778ms] [LOG] [PETSCII] Received petscii-output, length: 1 @ http://localhost:3001/assets/index-DmX2Ev4k.js:88
[   18778ms] [LOG] [PETSCII] Switching font from PetMe64, "Courier New", monospace to PetMe64 @ http://localhost:3001/assets/index-DmX2Ev4k.js:88
[   18778ms] [LOG] [PETSCII] PETSCII content written to terminal @ http://localhost:3001/assets/index-DmX2Ev4k.js:88
[   18778ms] [LOG] [PETSCII] Received petscii-output, length: 5 @ http://localhost:3001/assets/index-DmX2Ev4k.js:88
[   18779ms] [LOG] [PETSCII] Switching font from PetMe64, "Courier New", monospace to PetMe64 @ http://localhost:3001/assets/index-DmX2Ev4k.js:88
[   18779ms] [LOG] [PETSCII] PETSCII content written to terminal @ http://localhost:3001/assets/index-DmX2Ev4k.js:88
[   18779ms] [LOG] [PETSCII] Received petscii-output, length: 5 @ http://localhost:3001/assets/index-DmX2Ev4k.js:88
[   18779ms] [LOG] [PETSCII] Switching font from PetMe64, "Courier New", monospace to PetMe64 @ http://localhost:3001/assets/index-DmX2Ev4k.js:88
[   18779ms] [LOG] [PETSCII] PETSCII content written to terminal @ http://localhost:3001/assets/index-DmX2Ev4k.js:88
[   18779ms] [LOG] [PETSCII] Received petscii-output, length: 1 @ http://localhost:3001/assets/index-DmX2Ev4k.js:88
[   18779ms] [LOG] [PETSCII] Switching font from PetMe64, "Courier New", monospace to PetMe64 @ http://localhost:3001/assets/index-DmX2Ev4k.js:88
[   18779ms] [LOG] [PETSCII] PETSCII content written to terminal @ http://localhost:3001/assets/index-DmX2Ev4k.js:88
[   18779ms] [LOG] [PETSCII] Received petscii-output, length: 4 @ http://localhost:3001/assets/index-DmX2Ev4k.js:88
[   18779ms] [LOG] [PETSCII] Switching font from PetMe64, "Courier New", monospace to PetMe64 @ http://localhost:3001/assets/index-DmX2Ev4k.js:88
[   18779ms] [LOG] [PETSCII] PETSCII content written to terminal @ http://localhost:3001/assets/index-DmX2Ev4k.js:88
[   18779ms] [LOG] [PETSCII] Received petscii-output, length: 5 @ http://localhost:3001/assets/index-DmX2Ev4k.js:88
[   18779ms] [LOG] [PETSCII] Switching font from PetMe64, "Courier New", monospace to PetMe64 @ http://localhost:3001/assets/index-DmX2Ev4k.js:88
[   18779ms] [LOG] [PETSCII] PETSCII content written to terminal @ http://localhost:3001/assets/index-DmX2Ev4k.js:88
[   18779ms] [LOG] [PETSCII] Received petscii-output, length: 2 @ http://localhost:3001/assets/index-DmX2Ev4k.js:88
[   18779ms] [LOG] [PETSCII] Switching font from PetMe64, "Courier New", monospace to PetMe64 @ http://localhost:3001/assets/index-DmX2Ev4k.js:88
[   18779ms] [LOG] [PETSCII] PETSCII content written to terminal @ http://localhost:3001/assets/index-DmX2Ev4k.js:88
[   18779ms] [LOG] [PETSCII] Received petscii-output, length: 5 @ http://localhost:3001/assets/index-DmX2Ev4k.js:88
[   18779ms] [LOG] [PETSCII] Switching font from PetMe64, "Courier New", monospace to PetMe64 @ http://localhost:3001/assets/index-DmX2Ev4k.js:88
[   18779ms] [LOG] [PETSCII] PETSCII content written to terminal @ http://localhost:3001/assets/index-DmX2Ev4k.js:88
[   18779ms] [LOG] [PETSCII] Received petscii-output, length: 5 @ http://localhost:3001/assets/index-DmX2Ev4k.js:88
[   18779ms] [LOG] [PETSCII] Switching font from PetMe64, "Courier New", monospace to PetMe64 @ http://localhost:3001/assets/index-DmX2Ev4k.js:88
[   18779ms] [LOG] [PETSCII] PETSCII content written to terminal @ http://localhost:3001/assets/index-DmX2Ev4k.js:88
[   18779ms] [LOG] [PETSCII] Received petscii-output, length: 1 @ http://localhost:3001/assets/index-DmX2Ev4k.js:88
[   18779ms] [LOG] [PETSCII] Switching font from PetMe64, "Courier New", monospace to PetMe64 @ http://localhost:3001/assets/index-DmX2Ev4k.js:88
[   18779ms] [LOG] [PETSCII] PETSCII content written to terminal @ http://localhost:3001/assets/index-DmX2Ev4k.js:88
[   18781ms] [LOG] [PETSCII] Received petscii-output, length: 1 @ http://localhost:3001/assets/index-DmX2Ev4k.js:88
[   18781ms] [LOG] [PETSCII] Switching font from PetMe64, "Courier New", monospace to PetMe64 @ http://localhost:3001/assets/index-DmX2Ev4k.js:88
[   18781ms] [LOG] [PETSCII] PETSCII content written to terminal @ http://localhost:3001/assets/index-DmX2Ev4k.js:88
[   18781ms] [LOG] [PETSCII] Received petscii-output, length: 4 @ http://localhost:3001/assets/index-DmX2Ev4k.js:88
[   18781ms] [LOG] [PETSCII] Switching font from PetMe64, "Courier New", monospace to PetMe64 @ http://localhost:3001/assets/index-DmX2Ev4k.js:88
[   18781ms] [LOG] [PETSCII] PETSCII content written to terminal @ http://localhost:3001/assets/index-DmX2Ev4k.js:88
[   18781ms] [LOG] [PETSCII] Received petscii-output, length: 5 @ http://localhost:3001/assets/index-DmX2Ev4k.js:88
[   18781ms] [LOG] [PETSCII] Switching font from PetMe64, "Courier New", monospace to PetMe64 @ http://localhost:3001/assets/index-DmX2Ev4k.js:88
[   18781ms] [LOG] [PETSCII] PETSCII content written to terminal @ http://localhost:3001/assets/index-DmX2Ev4k.js:88
[   18781ms] [LOG] [PETSCII] Received petscii-output, length: 1 @ http://localhost:3001/assets/index-DmX2Ev4k.js:88
[   18781ms] [LOG] [PETSCII] Switching font from PetMe64, "Courier New", monospace to PetMe64 @ http://localhost:3001/assets/index-DmX2Ev4k.js:88
[   18781ms] [LOG] [PETSCII] PETSCII content written to terminal @ http://localhost:3001/assets/index-DmX2Ev4k.js:88
[   18781ms] [LOG] [PETSCII] Received petscii-output, length: 5 @ http://localhost:3001/assets/index-DmX2Ev4k.js:88
[   18781ms] [LOG] [PETSCII] Switching font from PetMe64, "Courier New", monospace to PetMe64 @ http://localhost:3001/assets/index-DmX2Ev4k.js:88
[   18781ms] [LOG] [PETSCII] PETSCII content written to terminal @ http://localhost:3001/assets/index-DmX2Ev4k.js:88
[   18781ms] [LOG] [PETSCII] Received petscii-output, length: 1 @ http://localhost:3001/assets/index-DmX2Ev4k.js:88
[   18781ms] [LOG] [PETSCII] Switching font from PetMe64, "Courier New", monospace to PetMe64 @ http://localhost:3001/assets/index-DmX2Ev4k.js:88
[   18781ms] [LOG] [PETSCII] PETSCII content written to terminal @ http://localhost:3001/assets/index-DmX2Ev4k.js:88
[   18781ms] [LOG] [PETSCII] Received petscii-output, length: 5 @ http://localhost:3001/assets/index-DmX2Ev4k.js:88
[   18781ms] [LOG] [PETSCII] Switching font from PetMe64, "Courier New", monospace to PetMe64 @ http://localhost:3001/assets/index-DmX2Ev4k.js:88
[   18781ms] [LOG] [PETSCII] PETSCII content written to terminal @ http://localhost:3001/assets/index-DmX2Ev4k.js:88
[   18781ms] [LOG] [PETSCII] Received petscii-output, length: 5 @ http://localhost:3001/assets/index-DmX2Ev4k.js:88
[   18782ms] [LOG] [PETSCII] Switching font from PetMe64, "Courier New", monospace to PetMe64 @ http://localhost:3001/assets/index-DmX2Ev4k.js:88
[   18782ms] [LOG] [PETSCII] PETSCII content written to terminal @ http://localhost:3001/assets/index-DmX2Ev4k.js:88
[   18782ms] [LOG] [PETSCII] Received petscii-output, length: 1 @ http://localhost:3001/assets/index-DmX2Ev4k.js:88
[   18782ms] [LOG] [PETSCII] Switching font from PetMe64, "Courier New", monospace to PetMe64 @ http://localhost:3001/assets/index-DmX2Ev4k.js:88
[   18782ms] [LOG] [PETSCII] PETSCII content written to terminal @ http://localhost:3001/assets/index-DmX2Ev4k.js:88
[   18782ms] [LOG] [PETSCII] Received petscii-output, length: 4 @ http://localhost:3001/assets/index-DmX2Ev4k.js:88
[   18782ms] [LOG] [PETSCII] Switching font from PetMe64, "Courier New", monospace to PetMe64 @ http://localhost:3001/assets/index-DmX2Ev4k.js:88
[   18782ms] [LOG] [PETSCII] PETSCII content written to terminal @ http://localhost:3001/assets/index-DmX2Ev4k.js:88
[   18782ms] [LOG] [PETSCII] Received petscii-output, length: 5 @ http://localhost:3001/assets/index-DmX2Ev4k.js:88
[   18782ms] [LOG] [PETSCII] Switching font from PetMe64, "Courier New", monospace to PetMe64 @ http://localhost:3001/assets/index-DmX2Ev4k.js:88
[   18782ms] [LOG] [PETSCII] PETSCII content written to terminal @ http://localhost:3001/assets/index-DmX2Ev4k.js:88
[   18782ms] [LOG] [PETSCII] Received petscii-output, length: 1 @ http://localhost:3001/assets/index-DmX2Ev4k.js:88
[   18782ms] [LOG] [PETSCII] Switching font from PetMe64, "Courier New", monospace to PetMe64 @ http://localhost:3001/assets/index-DmX2Ev4k.js:88
[   18782ms] [LOG] [PETSCII] PETSCII content written to terminal @ http://localhost:3001/assets/index-DmX2Ev4k.js:88
[   18782ms] [LOG] [PETSCII] Received petscii-output, length: 5 @ http://localhost:3001/assets/index-DmX2Ev4k.js:88
[   18782ms] [LOG] [PETSCII] Switching font from PetMe64, "Courier New", monospace to PetMe64 @ http://localhost:3001/assets/index-DmX2Ev4k.js:88
[   18782ms] [LOG] [PETSCII] PETSCII content written to terminal @ http://localhost:3001/assets/index-DmX2Ev4k.js:88
[   18782ms] [LOG] [PETSCII] Received petscii-output, length: 2 @ http://localhost:3001/assets/index-DmX2Ev4k.js:88
[   18782ms] [LOG] [PETSCII] Switching font from PetMe64, "Courier New", monospace to PetMe64 @ http://localhost:3001/assets/index-DmX2Ev4k.js:88
[   18782ms] [LOG] [PETSCII] PETSCII content written to terminal @ http://localhost:3001/assets/index-DmX2Ev4k.js:88
[   18784ms] [LOG] [PETSCII] Received petscii-output, length: 7 @ http://localhost:3001/assets/index-DmX2Ev4k.js:88
[   18784ms] [LOG] [PETSCII] Switching font from PetMe64, "Courier New", monospace to PetMe64 @ http://localhost:3001/assets/index-DmX2Ev4k.js:88
[   18784ms] [LOG] [PETSCII] PETSCII content written to terminal @ http://localhost:3001/assets/index-DmX2Ev4k.js:88
[   18784ms] [LOG] [PETSCII] Received petscii-output, length: 4 @ http://localhost:3001/assets/index-DmX2Ev4k.js:88
[   18784ms] [LOG] [PETSCII] Switching font from PetMe64, "Courier New", monospace to PetMe64 @ http://localhost:3001/assets/index-DmX2Ev4k.js:88
[   18784ms] [LOG] [PETSCII] PETSCII content written to terminal @ http://localhost:3001/assets/index-DmX2Ev4k.js:88
[   18784ms] [LOG] [PETSCII] Received petscii-output, length: 5 @ http://localhost:3001/assets/index-DmX2Ev4k.js:88
[   18784ms] [LOG] [PETSCII] Switching font from PetMe64, "Courier New", monospace to PetMe64 @ http://localhost:3001/assets/index-DmX2Ev4k.js:88
[   18785ms] [LOG] [PETSCII] PETSCII content written to terminal @ http://localhost:3001/assets/index-DmX2Ev4k.js:88
[   18785ms] [LOG] [PETSCII] Received petscii-output, length: 2 @ http://localhost:3001/assets/index-DmX2Ev4k.js:88
[   18785ms] [LOG] [PETSCII] Switching font from PetMe64, "Courier New", monospace to PetMe64 @ http://localhost:3001/assets/index-DmX2Ev4k.js:88
[   18785ms] [LOG] [PETSCII] PETSCII content written to terminal @ http://localhost:3001/assets/index-DmX2Ev4k.js:88
[   18787ms] [LOG] [PETSCII] Received petscii-output, length: 1 @ http://localhost:3001/assets/index-DmX2Ev4k.js:88
[   18787ms] [LOG] [PETSCII] Switching font from PetMe64, "Courier New", monospace to PetMe64 @ http://localhost:3001/assets/index-DmX2Ev4k.js:88
[   18787ms] [LOG] [PETSCII] PETSCII content written to terminal @ http://localhost:3001/assets/index-DmX2Ev4k.js:88
[   18787ms] [LOG] [PETSCII] Received petscii-output, length: 5 @ http://localhost:3001/assets/index-DmX2Ev4k.js:88
[   18787ms] [LOG] [PETSCII] Switching font from PetMe64, "Courier New", monospace to PetMe64 @ http://localhost:3001/assets/index-DmX2Ev4k.js:88
[   18787ms] [LOG] [PETSCII] PETSCII content written to terminal @ http://localhost:3001/assets/index-DmX2Ev4k.js:88
[   18787ms] [LOG] [PETSCII] Received petscii-output, length: 1 @ http://localhost:3001/assets/index-DmX2Ev4k.js:88
[   18787ms] [LOG] [PETSCII] Switching font from PetMe64, "Courier New", monospace to PetMe64 @ http://localhost:3001/assets/index-DmX2Ev4k.js:88
[   18787ms] [LOG] [PETSCII] PETSCII content written to terminal @ http://localhost:3001/assets/index-DmX2Ev4k.js:88
[   18787ms] [LOG] [PETSCII] Received petscii-output, length: 5 @ http://localhost:3001/assets/index-DmX2Ev4k.js:88
[   18787ms] [LOG] [PETSCII] Switching font from PetMe64, "Courier New", monospace to PetMe64 @ http://localhost:3001/assets/index-DmX2Ev4k.js:88
[   18788ms] [LOG] [PETSCII] PETSCII content written to terminal @ http://localhost:3001/assets/index-DmX2Ev4k.js:88
[   18788ms] [LOG] [PETSCII] Received petscii-output, length: 1 @ http://localhost:3001/assets/index-DmX2Ev4k.js:88
[   18788ms] [LOG] [PETSCII] Switching font from PetMe64, "Courier New", monospace to PetMe64 @ http://localhost:3001/assets/index-DmX2Ev4k.js:88
[   18788ms] [LOG] [PETSCII] PETSCII content written to terminal @ http://localhost:3001/assets/index-DmX2Ev4k.js:88
[   18788ms] [LOG] [PETSCII] Received petscii-output, length: 5 @ http://localhost:3001/assets/index-DmX2Ev4k.js:88
[   18788ms] [LOG] [PETSCII] Switching font from PetMe64, "Courier New", monospace to PetMe64 @ http://localhost:3001/assets/index-DmX2Ev4k.js:88
[   18788ms] [LOG] [PETSCII] PETSCII content written to terminal @ http://localhost:3001/assets/index-DmX2Ev4k.js:88
[   18788ms] [LOG] [PETSCII] Received petscii-output, length: 1 @ http://localhost:3001/assets/index-DmX2Ev4k.js:88
[   18788ms] [LOG] [PETSCII] Switching font from PetMe64, "Courier New", monospace to PetMe64 @ http://localhost:3001/assets/index-DmX2Ev4k.js:88
[   18788ms] [LOG] [PETSCII] PETSCII content written to terminal @ http://localhost:3001/assets/index-DmX2Ev4k.js:88
[   18788ms] [LOG] [PETSCII] Received petscii-output, length: 5 @ http://localhost:3001/assets/index-DmX2Ev4k.js:88
[   18788ms] [LOG] [PETSCII] Switching font from PetMe64, "Courier New", monospace to PetMe64 @ http://localhost:3001/assets/index-DmX2Ev4k.js:88
[   18788ms] [LOG] [PETSCII] PETSCII content written to terminal @ http://localhost:3001/assets/index-DmX2Ev4k.js:88
[   18788ms] [LOG] [PETSCII] Received petscii-output, length: 5 @ http://localhost:3001/assets/index-DmX2Ev4k.js:88
[   18788ms] [LOG] [PETSCII] Switching font from PetMe64, "Courier New", monospace to PetMe64 @ http://localhost:3001/assets/index-DmX2Ev4k.js:88
[   18788ms] [LOG] [PETSCII] PETSCII content written to terminal @ http://localhost:3001/assets/index-DmX2Ev4k.js:88
[   18788ms] [LOG] [PETSCII] Received petscii-output, length: 1 @ http://localhost:3001/assets/index-DmX2Ev4k.js:88
[   18788ms] [LOG] [PETSCII] Switching font from PetMe64, "Courier New", monospace to PetMe64 @ http://localhost:3001/assets/index-DmX2Ev4k.js:88
[   18788ms] [LOG] [PETSCII] PETSCII content written to terminal @ http://localhost:3001/assets/index-DmX2Ev4k.js:88
[   18788ms] [LOG] [PETSCII] Received petscii-output, length: 4 @ http://localhost:3001/assets/index-DmX2Ev4k.js:88
[   18788ms] [LOG] [PETSCII] Switching font from PetMe64, "Courier New", monospace to PetMe64 @ http://localhost:3001/assets/index-DmX2Ev4k.js:88
[   18788ms] [LOG] [PETSCII] PETSCII content written to terminal @ http://localhost:3001/assets/index-DmX2Ev4k.js:88
[   18788ms] [LOG] [PETSCII] Received petscii-output, length: 5 @ http://localhost:3001/assets/index-DmX2Ev4k.js:88
[   18788ms] [LOG] [PETSCII] Switching font from PetMe64, "Courier New", monospace to PetMe64 @ http://localhost:3001/assets/index-DmX2Ev4k.js:88
[   18788ms] [LOG] [PETSCII] PETSCII content written to terminal @ http://localhost:3001/assets/index-DmX2Ev4k.js:88
[   18788ms] [LOG] [PETSCII] Received petscii-output, length: 1 @ http://localhost:3001/assets/index-DmX2Ev4k.js:88
[   18788ms] [LOG] [PETSCII] Switching font from PetMe64, "Courier New", monospace to PetMe64 @ http://localhost:3001/assets/index-DmX2Ev4k.js:88
[   18788ms] [LOG] [PETSCII] PETSCII content written to terminal @ http://localhost:3001/assets/index-DmX2Ev4k.js:88
[   18789ms] [LOG] [PETSCII] Received petscii-output, length: 1 @ http://localhost:3001/assets/index-DmX2Ev4k.js:88
[   18789ms] [LOG] [PETSCII] Switching font from PetMe64, "Courier New", monospace to PetMe64 @ http://localhost:3001/assets/index-DmX2Ev4k.js:88
[   18789ms] [LOG] [PETSCII] PETSCII content written to terminal @ http://localhost:3001/assets/index-DmX2Ev4k.js:88
[   18789ms] [LOG] [PETSCII] Received petscii-output, length: 5 @ http://localhost:3001/assets/index-DmX2Ev4k.js:88
[   18789ms] [LOG] [PETSCII] Switching font from PetMe64, "Courier New", monospace to PetMe64 @ http://localhost:3001/assets/index-DmX2Ev4k.js:88
[   18789ms] [LOG] [PETSCII] PETSCII content written to terminal @ http://localhost:3001/assets/index-DmX2Ev4k.js:88
[   18789ms] [LOG] [PETSCII] Received petscii-output, length: 1 @ http://localhost:3001/assets/index-DmX2Ev4k.js:88
[   18789ms] [LOG] [PETSCII] Switching font from PetMe64, "Courier New", monospace to PetMe64 @ http://localhost:3001/assets/index-DmX2Ev4k.js:88
[   18789ms] [LOG] [PETSCII] PETSCII content written to terminal @ http://localhost:3001/assets/index-DmX2Ev4k.js:88
[   18789ms] [LOG] [PETSCII] Received petscii-output, length: 5 @ http://localhost:3001/assets/index-DmX2Ev4k.js:88
[   18789ms] [LOG] [PETSCII] Switching font from PetMe64, "Courier New", monospace to PetMe64 @ http://localhost:3001/assets/index-DmX2Ev4k.js:88
[   18789ms] [LOG] [PETSCII] PETSCII content written to terminal @ http://localhost:3001/assets/index-DmX2Ev4k.js:88
[   18789ms] [LOG] [PETSCII] Received petscii-output, length: 5 @ http://localhost:3001/assets/index-DmX2Ev4k.js:88
[   18789ms] [LOG] [PETSCII] Switching font from PetMe64, "Courier New", monospace to PetMe64 @ http://localhost:3001/assets/index-DmX2Ev4k.js:88
[   18789ms] [LOG] [PETSCII] PETSCII content written to terminal @ http://localhost:3001/assets/index-DmX2Ev4k.js:88
[   18789ms] [LOG] [PETSCII] Received petscii-output, length: 1 @ http://localhost:3001/assets/index-DmX2Ev4k.js:88
[   18789ms] [LOG] [PETSCII] Switching font from PetMe64, "Courier New", monospace to PetMe64 @ http://localhost:3001/assets/index-DmX2Ev4k.js:88
[   18789ms] [LOG] [PETSCII] PETSCII content written to terminal @ http://localhost:3001/assets/index-DmX2Ev4k.js:88
[   18789ms] [LOG] [PETSCII] Received petscii-output, length: 4 @ http://localhost:3001/assets/index-DmX2Ev4k.js:88
[   18789ms] [LOG] [PETSCII] Switching font from PetMe64, "Courier New", monospace to PetMe64 @ http://localhost:3001/assets/index-DmX2Ev4k.js:88
[   18789ms] [LOG] [PETSCII] PETSCII content written to terminal @ http://localhost:3001/assets/index-DmX2Ev4k.js:88
[   18789ms] [LOG] [PETSCII] Received petscii-output, length: 5 @ http://localhost:3001/assets/index-DmX2Ev4k.js:88
[   18789ms] [LOG] [PETSCII] Switching font from PetMe64, "Courier New", monospace to PetMe64 @ http://localhost:3001/assets/index-DmX2Ev4k.js:88
[   18789ms] [LOG] [PETSCII] PETSCII content written to terminal @ http://localhost:3001/assets/index-DmX2Ev4k.js:88
[   18790ms] [LOG] [PETSCII] Received petscii-output, length: 1 @ http://localhost:3001/assets/index-DmX2Ev4k.js:88
[   18790ms] [LOG] [PETSCII] Switching font from PetMe64, "Courier New", monospace to PetMe64 @ http://localhost:3001/assets/index-DmX2Ev4k.js:88
[   18790ms] [LOG] [PETSCII] PETSCII content written to terminal @ http://localhost:3001/assets/index-DmX2Ev4k.js:88
[   18792ms] [LOG] [PETSCII] Received petscii-output, length: 2 @ http://localhost:3001/assets/index-DmX2Ev4k.js:88
[   18792ms] [LOG] [PETSCII] Switching font from PetMe64, "Courier New", monospace to PetMe64 @ http://localhost:3001/assets/index-DmX2Ev4k.js:88
[   18792ms] [LOG] [PETSCII] PETSCII content written to terminal @ http://localhost:3001/assets/index-DmX2Ev4k.js:88
[   18792ms] [LOG] [PETSCII] Received petscii-output, length: 5 @ http://localhost:3001/assets/index-DmX2Ev4k.js:88
[   18792ms] [LOG] [PETSCII] Switching font from PetMe64, "Courier New", monospace to PetMe64 @ http://localhost:3001/assets/index-DmX2Ev4k.js:88
[   18792ms] [LOG] [PETSCII] PETSCII content written to terminal @ http://localhost:3001/assets/index-DmX2Ev4k.js:88
[   18792ms] [LOG] [PETSCII] Received petscii-output, length: 5 @ http://localhost:3001/assets/index-DmX2Ev4k.js:88
[   18792ms] [LOG] [PETSCII] Switching font from PetMe64, "Courier New", monospace to PetMe64 @ http://localhost:3001/assets/index-DmX2Ev4k.js:88
[   18792ms] [LOG] [PETSCII] PETSCII content written to terminal @ http://localhost:3001/assets/index-DmX2Ev4k.js:88
[   18792ms] [LOG] [PETSCII] Received petscii-output, length: 1 @ http://localhost:3001/assets/index-DmX2Ev4k.js:88
[   18793ms] [LOG] [PETSCII] Switching font from PetMe64, "Courier New", monospace to PetMe64 @ http://localhost:3001/assets/index-DmX2Ev4k.js:88
[   18793ms] [LOG] [PETSCII] PETSCII content written to terminal @ http://localhost:3001/assets/index-DmX2Ev4k.js:88
[   18793ms] [LOG] [PETSCII] Received petscii-output, length: 4 @ http://localhost:3001/assets/index-DmX2Ev4k.js:88
[   18793ms] [LOG] [PETSCII] Switching font from PetMe64, "Courier New", monospace to PetMe64 @ http://localhost:3001/assets/index-DmX2Ev4k.js:88
[   18793ms] [LOG] [PETSCII] PETSCII content written to terminal @ http://localhost:3001/assets/index-DmX2Ev4k.js:88
[   18793ms] [LOG] [PETSCII] Received petscii-output, length: 4 @ http://localhost:3001/assets/index-DmX2Ev4k.js:88
[   18793ms] [LOG] [PETSCII] Switching font from PetMe64, "Courier New", monospace to PetMe64 @ http://localhost:3001/assets/index-DmX2Ev4k.js:88
[   18793ms] [LOG] [PETSCII] PETSCII content written to terminal @ http://localhost:3001/assets/index-DmX2Ev4k.js:88
[   18793ms] [LOG] [PETSCII] Received petscii-output, length: 5 @ http://localhost:3001/assets/index-DmX2Ev4k.js:88
[   18793ms] [LOG] [PETSCII] Switching font from PetMe64, "Courier New", monospace to PetMe64 @ http://localhost:3001/assets/index-DmX2Ev4k.js:88
[   18793ms] [LOG] [PETSCII] PETSCII content written to terminal @ http://localhost:3001/assets/index-DmX2Ev4k.js:88
[   18793ms] [LOG] [PETSCII] Received petscii-output, length: 1 @ http://localhost:3001/assets/index-DmX2Ev4k.js:88
[   18793ms] [LOG] [PETSCII] Switching font from PetMe64, "Courier New", monospace to PetMe64 @ http://localhost:3001/assets/index-DmX2Ev4k.js:88
[   18793ms] [LOG] [PETSCII] PETSCII content written to terminal @ http://localhost:3001/assets/index-DmX2Ev4k.js:88
[   18796ms] [LOG] [PETSCII] Received petscii-output, length: 1 @ http://localhost:3001/assets/index-DmX2Ev4k.js:88
[   18796ms] [LOG] [PETSCII] Switching font from PetMe64, "Courier New", monospace to PetMe64 @ http://localhost:3001/assets/index-DmX2Ev4k.js:88
[   18796ms] [LOG] [PETSCII] PETSCII content written to terminal @ http://localhost:3001/assets/index-DmX2Ev4k.js:88
[   18796ms] [LOG] [PETSCII] Received petscii-output, length: 5 @ http://localhost:3001/assets/index-DmX2Ev4k.js:88
[   18796ms] [LOG] [PETSCII] Switching font from PetMe64, "Courier New", monospace to PetMe64 @ http://localhost:3001/assets/index-DmX2Ev4k.js:88
[   18796ms] [LOG] [PETSCII] PETSCII content written to terminal @ http://localhost:3001/assets/index-DmX2Ev4k.js:88
[   18796ms] [LOG] [PETSCII] Received petscii-output, length: 1 @ http://localhost:3001/assets/index-DmX2Ev4k.js:88
[   18796ms] [LOG] [PETSCII] Switching font from PetMe64, "Courier New", monospace to PetMe64 @ http://localhost:3001/assets/index-DmX2Ev4k.js:88
[   18796ms] [LOG] [PETSCII] PETSCII content written to terminal @ http://localhost:3001/assets/index-DmX2Ev4k.js:88
[   18796ms] [LOG] [PETSCII] Received petscii-output, length: 5 @ http://localhost:3001/assets/index-DmX2Ev4k.js:88
[   18796ms] [LOG] [PETSCII] Switching font from PetMe64, "Courier New", monospace to PetMe64 @ http://localhost:3001/assets/index-DmX2Ev4k.js:88
[   18796ms] [LOG] [PETSCII] PETSCII content written to terminal @ http://localhost:3001/assets/index-DmX2Ev4k.js:88
[   18796ms] [LOG] [PETSCII] Received petscii-output, length: 5 @ http://localhost:3001/assets/index-DmX2Ev4k.js:88
[   18796ms] [LOG] [PETSCII] Switching font from PetMe64, "Courier New", monospace to PetMe64 @ http://localhost:3001/assets/index-DmX2Ev4k.js:88
[   18796ms] [LOG] [PETSCII] PETSCII content written to terminal @ http://localhost:3001/assets/index-DmX2Ev4k.js:88
[   18796ms] [LOG] [PETSCII] Received petscii-output, length: 1 @ http://localhost:3001/assets/index-DmX2Ev4k.js:88
[   18796ms] [LOG] [PETSCII] Switching font from PetMe64, "Courier New", monospace to PetMe64 @ http://localhost:3001/assets/index-DmX2Ev4k.js:88
[   18796ms] [LOG] [PETSCII] PETSCII content written to terminal @ http://localhost:3001/assets/index-DmX2Ev4k.js:88
[   18796ms] [LOG] [PETSCII] Received petscii-output, length: 4 @ http://localhost:3001/assets/index-DmX2Ev4k.js:88
[   18796ms] [LOG] [PETSCII] Switching font from PetMe64, "Courier New", monospace to PetMe64 @ http://localhost:3001/assets/index-DmX2Ev4k.js:88
[   18796ms] [LOG] [PETSCII] PETSCII content written to terminal @ http://localhost:3001/assets/index-DmX2Ev4k.js:88
[   18796ms] [LOG] [PETSCII] Received petscii-output, length: 5 @ http://localhost:3001/assets/index-DmX2Ev4k.js:88
[   18796ms] [LOG] [PETSCII] Switching font from PetMe64, "Courier New", monospace to PetMe64 @ http://localhost:3001/assets/index-DmX2Ev4k.js:88
[   18797ms] [LOG] [PETSCII] PETSCII content written to terminal @ http://localhost:3001/assets/index-DmX2Ev4k.js:88
[   18797ms] [LOG] [PETSCII] Received petscii-output, length: 1 @ http://localhost:3001/assets/index-DmX2Ev4k.js:88
[   18797ms] [LOG] [PETSCII] Switching font from PetMe64, "Courier New", monospace to PetMe64 @ http://localhost:3001/assets/index-DmX2Ev4k.js:88
[   18797ms] [LOG] [PETSCII] PETSCII content written to terminal @ http://localhost:3001/assets/index-DmX2Ev4k.js:88
[   18797ms] [LOG] [PETSCII] Received petscii-output, length: 4 @ http://localhost:3001/assets/index-DmX2Ev4k.js:88
[   18797ms] [LOG] [PETSCII] Switching font from PetMe64, "Courier New", monospace to PetMe64 @ http://localhost:3001/assets/index-DmX2Ev4k.js:88
[   18797ms] [LOG] [PETSCII] PETSCII content written to terminal @ http://localhost:3001/assets/index-DmX2Ev4k.js:88
[   18797ms] [LOG] [PETSCII] Received petscii-output, length: 5 @ http://localhost:3001/assets/index-DmX2Ev4k.js:88
[   18797ms] [LOG] [PETSCII] Switching font from PetMe64, "Courier New", monospace to PetMe64 @ http://localhost:3001/assets/index-DmX2Ev4k.js:88
[   18797ms] [LOG] [PETSCII] PETSCII content written to terminal @ http://localhost:3001/assets/index-DmX2Ev4k.js:88
[   18797ms] [LOG] [PETSCII] Received petscii-output, length: 1 @ http://localhost:3001/assets/index-DmX2Ev4k.js:88
[   18797ms] [LOG] [PETSCII] Switching font from PetMe64, "Courier New", monospace to PetMe64 @ http://localhost:3001/assets/index-DmX2Ev4k.js:88
[   18797ms] [LOG] [PETSCII] PETSCII content written to terminal @ http://localhost:3001/assets/index-DmX2Ev4k.js:88
[   18798ms] [LOG] [PETSCII] Received petscii-output, length: 1 @ http://localhost:3001/assets/index-DmX2Ev4k.js:88
[   18798ms] [LOG] [PETSCII] Switching font from PetMe64, "Courier New", monospace to PetMe64 @ http://localhost:3001/assets/index-DmX2Ev4k.js:88
[   18798ms] [LOG] [PETSCII] PETSCII content written to terminal @ http://localhost:3001/assets/index-DmX2Ev4k.js:88
[   18798ms] [LOG] [PETSCII] Received petscii-output, length: 5 @ http://localhost:3001/assets/index-DmX2Ev4k.js:88
[   18798ms] [LOG] [PETSCII] Switching font from PetMe64, "Courier New", monospace to PetMe64 @ http://localhost:3001/assets/index-DmX2Ev4k.js:88
[   18798ms] [LOG] [PETSCII] PETSCII content written to terminal @ http://localhost:3001/assets/index-DmX2Ev4k.js:88
[   18798ms] [LOG] [PETSCII] Received petscii-output, length: 1 @ http://localhost:3001/assets/index-DmX2Ev4k.js:88
[   18798ms] [LOG] [PETSCII] Switching font from PetMe64, "Courier New", monospace to PetMe64 @ http://localhost:3001/assets/index-DmX2Ev4k.js:88
[   18799ms] [LOG] [PETSCII] PETSCII content written to terminal @ http://localhost:3001/assets/index-DmX2Ev4k.js:88
[   18799ms] [LOG] [PETSCII] Received petscii-output, length: 5 @ http://localhost:3001/assets/index-DmX2Ev4k.js:88
[   18799ms] [LOG] [PETSCII] Switching font from PetMe64, "Courier New", monospace to PetMe64 @ http://localhost:3001/assets/index-DmX2Ev4k.js:88
[   18799ms] [LOG] [PETSCII] PETSCII content written to terminal @ http://localhost:3001/assets/index-DmX2Ev4k.js:88
[   18799ms] [LOG] [PETSCII] Received petscii-output, length: 1 @ http://localhost:3001/assets/index-DmX2Ev4k.js:88
[   18799ms] [LOG] [PETSCII] Switching font from PetMe64, "Courier New", monospace to PetMe64 @ http://localhost:3001/assets/index-DmX2Ev4k.js:88
[   18799ms] [LOG] [PETSCII] PETSCII content written to terminal @ http://localhost:3001/assets/index-DmX2Ev4k.js:88
[   18799ms] [LOG] [PETSCII] Received petscii-output, length: 5 @ http://localhost:3001/assets/index-DmX2Ev4k.js:88
[   18799ms] [LOG] [PETSCII] Switching font from PetMe64, "Courier New", monospace to PetMe64 @ http://localhost:3001/assets/index-DmX2Ev4k.js:88
[   18799ms] [LOG] [PETSCII] PETSCII content written to terminal @ http://localhost:3001/assets/index-DmX2Ev4k.js:88
[   18799ms] [LOG] [PETSCII] Received petscii-output, length: 1 @ http://localhost:3001/assets/index-DmX2Ev4k.js:88
[   18799ms] [LOG] [PETSCII] Switching font from PetMe64, "Courier New", monospace to PetMe64 @ http://localhost:3001/assets/index-DmX2Ev4k.js:88
[   18799ms] [LOG] [PETSCII] PETSCII content written to terminal @ http://localhost:3001/assets/index-DmX2Ev4k.js:88
[   18799ms] [LOG] [PETSCII] Received petscii-output, length: 5 @ http://localhost:3001/assets/index-DmX2Ev4k.js:88
[   18799ms] [LOG] [PETSCII] Switching font from PetMe64, "Courier New", monospace to PetMe64 @ http://localhost:3001/assets/index-DmX2Ev4k.js:88
[   18799ms] [LOG] [PETSCII] PETSCII content written to terminal @ http://localhost:3001/assets/index-DmX2Ev4k.js:88
[   18799ms] [LOG] [PETSCII] Received petscii-output, length: 2 @ http://localhost:3001/assets/index-DmX2Ev4k.js:88
[   18799ms] [LOG] [PETSCII] Switching font from PetMe64, "Courier New", monospace to PetMe64 @ http://localhost:3001/assets/index-DmX2Ev4k.js:88
[   18799ms] [LOG] [PETSCII] PETSCII content written to terminal @ http://localhost:3001/assets/index-DmX2Ev4k.js:88
[   18802ms] [LOG] [PETSCII] Received petscii-output, length: 1 @ http://localhost:3001/assets/index-DmX2Ev4k.js:88
[   18802ms] [LOG] [PETSCII] Switching font from PetMe64, "Courier New", monospace to PetMe64 @ http://localhost:3001/assets/index-DmX2Ev4k.js:88
[   18802ms] [LOG] [PETSCII] PETSCII content written to terminal @ http://localhost:3001/assets/index-DmX2Ev4k.js:88
[   18806ms] [LOG] [PETSCII] Received petscii-output, length: 5 @ http://localhost:3001/assets/index-DmX2Ev4k.js:88
[   18806ms] [LOG] [PETSCII] Switching font from PetMe64, "Courier New", monospace to PetMe64 @ http://localhost:3001/assets/index-DmX2Ev4k.js:88
[   18806ms] [LOG] [PETSCII] PETSCII content written to terminal @ http://localhost:3001/assets/index-DmX2Ev4k.js:88
[   18806ms] [LOG] [PETSCII] Received petscii-output, length: 5 @ http://localhost:3001/assets/index-DmX2Ev4k.js:88
[   18806ms] [LOG] [PETSCII] Switching font from PetMe64, "Courier New", monospace to PetMe64 @ http://localhost:3001/assets/index-DmX2Ev4k.js:88
[   18806ms] [LOG] [PETSCII] PETSCII content written to terminal @ http://localhost:3001/assets/index-DmX2Ev4k.js:88
[   18806ms] [LOG] [PETSCII] Received petscii-output, length: 1 @ http://localhost:3001/assets/index-DmX2Ev4k.js:88
[   18806ms] [LOG] [PETSCII] Switching font from PetMe64, "Courier New", monospace to PetMe64 @ http://localhost:3001/assets/index-DmX2Ev4k.js:88
[   18806ms] [LOG] [PETSCII] PETSCII content written to terminal @ http://localhost:3001/assets/index-DmX2Ev4k.js:88
[   18806ms] [LOG] [PETSCII] Received petscii-output, length: 4 @ http://localhost:3001/assets/index-DmX2Ev4k.js:88
[   18806ms] [LOG] [PETSCII] Switching font from PetMe64, "Courier New", monospace to PetMe64 @ http://localhost:3001/assets/index-DmX2Ev4k.js:88
[   18806ms] [LOG] [PETSCII] PETSCII content written to terminal @ http://localhost:3001/assets/index-DmX2Ev4k.js:88
[   18806ms] [LOG] [PETSCII] Received petscii-output, length: 1 @ http://localhost:3001/assets/index-DmX2Ev4k.js:88
[   18806ms] [LOG] [PETSCII] Switching font from PetMe64, "Courier New", monospace to PetMe64 @ http://localhost:3001/assets/index-DmX2Ev4k.js:88
[   18806ms] [LOG] [PETSCII] PETSCII content written to terminal @ http://localhost:3001/assets/index-DmX2Ev4k.js:88
[   18806ms] [LOG] [PETSCII] Received petscii-output, length: 5 @ http://localhost:3001/assets/index-DmX2Ev4k.js:88
[   18807ms] [LOG] [PETSCII] Switching font from PetMe64, "Courier New", monospace to PetMe64 @ http://localhost:3001/assets/index-DmX2Ev4k.js:88
[   18807ms] [LOG] [PETSCII] PETSCII content written to terminal @ http://localhost:3001/assets/index-DmX2Ev4k.js:88
[   18807ms] [LOG] [PETSCII] Received petscii-output, length: 1 @ http://localhost:3001/assets/index-DmX2Ev4k.js:88
[   18807ms] [LOG] [PETSCII] Switching font from PetMe64, "Courier New", monospace to PetMe64 @ http://localhost:3001/assets/index-DmX2Ev4k.js:88
[   18807ms] [LOG] [PETSCII] PETSCII content written to terminal @ http://localhost:3001/assets/index-DmX2Ev4k.js:88
[   18807ms] [LOG] [PETSCII] Received petscii-output, length: 5 @ http://localhost:3001/assets/index-DmX2Ev4k.js:88
[   18807ms] [LOG] [PETSCII] Switching font from PetMe64, "Courier New", monospace to PetMe64 @ http://localhost:3001/assets/index-DmX2Ev4k.js:88
[   18807ms] [LOG] [PETSCII] PETSCII content written to terminal @ http://localhost:3001/assets/index-DmX2Ev4k.js:88
[   18807ms] [LOG] [PETSCII] Received petscii-output, length: 5 @ http://localhost:3001/assets/index-DmX2Ev4k.js:88
[   18807ms] [LOG] [PETSCII] Switching font from PetMe64, "Courier New", monospace to PetMe64 @ http://localhost:3001/assets/index-DmX2Ev4k.js:88
[   18807ms] [LOG] [PETSCII] PETSCII content written to terminal @ http://localhost:3001/assets/index-DmX2Ev4k.js:88
[   18807ms] [LOG] [PETSCII] Received petscii-output, length: 1 @ http://localhost:3001/assets/index-DmX2Ev4k.js:88
[   18807ms] [LOG] [PETSCII] Switching font from PetMe64, "Courier New", monospace to PetMe64 @ http://localhost:3001/assets/index-DmX2Ev4k.js:88
[   18807ms] [LOG] [PETSCII] PETSCII content written to terminal @ http://localhost:3001/assets/index-DmX2Ev4k.js:88
[   18807ms] [LOG] [PETSCII] Received petscii-output, length: 4 @ http://localhost:3001/assets/index-DmX2Ev4k.js:88
[   18807ms] [LOG] [PETSCII] Switching font from PetMe64, "Courier New", monospace to PetMe64 @ http://localhost:3001/assets/index-DmX2Ev4k.js:88
[   18807ms] [LOG] [PETSCII] PETSCII content written to terminal @ http://localhost:3001/assets/index-DmX2Ev4k.js:88
[   18807ms] [LOG] [PETSCII] Received petscii-output, length: 5 @ http://localhost:3001/assets/index-DmX2Ev4k.js:88
[   18807ms] [LOG] [PETSCII] Switching font from PetMe64, "Courier New", monospace to PetMe64 @ http://localhost:3001/assets/index-DmX2Ev4k.js:88
[   18807ms] [LOG] [PETSCII] PETSCII content written to terminal @ http://localhost:3001/assets/index-DmX2Ev4k.js:88
[   18807ms] [LOG] [PETSCII] Received petscii-output, length: 1 @ http://localhost:3001/assets/index-DmX2Ev4k.js:88
[   18807ms] [LOG] [PETSCII] Switching font from PetMe64, "Courier New", monospace to PetMe64 @ http://localhost:3001/assets/index-DmX2Ev4k.js:88
[   18807ms] [LOG] [PETSCII] PETSCII content written to terminal @ http://localhost:3001/assets/index-DmX2Ev4k.js:88
[   18807ms] [LOG] [PETSCII] Received petscii-output, length: 5 @ http://localhost:3001/assets/index-DmX2Ev4k.js:88
[   18807ms] [LOG] [PETSCII] Switching font from PetMe64, "Courier New", monospace to PetMe64 @ http://localhost:3001/assets/index-DmX2Ev4k.js:88
[   18807ms] [LOG] [PETSCII] PETSCII content written to terminal @ http://localhost:3001/assets/index-DmX2Ev4k.js:88
[   18807ms] [LOG] [PETSCII] Received petscii-output, length: 2 @ http://localhost:3001/assets/index-DmX2Ev4k.js:88
[   18807ms] [LOG] [PETSCII] Switching font from PetMe64, "Courier New", monospace to PetMe64 @ http://localhost:3001/assets/index-DmX2Ev4k.js:88
[   18807ms] [LOG] [PETSCII] PETSCII content written to terminal @ http://localhost:3001/assets/index-DmX2Ev4k.js:88
[   18807ms] [LOG] [PETSCII] Received petscii-output, length: 4 @ http://localhost:3001/assets/index-DmX2Ev4k.js:88
[   18807ms] [LOG] [PETSCII] Switching font from PetMe64, "Courier New", monospace to PetMe64 @ http://localhost:3001/assets/index-DmX2Ev4k.js:88
[   18807ms] [LOG] [PETSCII] PETSCII content written to terminal @ http://localhost:3001/assets/index-DmX2Ev4k.js:88
[   18807ms] [LOG] [PETSCII] Received petscii-output, length: 1 @ http://localhost:3001/assets/index-DmX2Ev4k.js:88
[   18807ms] [LOG] [PETSCII] Switching font from PetMe64, "Courier New", monospace to PetMe64 @ http://localhost:3001/assets/index-DmX2Ev4k.js:88
[   18807ms] [LOG] [PETSCII] PETSCII content written to terminal @ http://localhost:3001/assets/index-DmX2Ev4k.js:88
[   18808ms] [LOG] [PETSCII] Received petscii-output, length: 2 @ http://localhost:3001/assets/index-DmX2Ev4k.js:88
[   18808ms] [LOG] [PETSCII] Switching font from PetMe64, "Courier New", monospace to PetMe64 @ http://localhost:3001/assets/index-DmX2Ev4k.js:88
[   18808ms] [LOG] [PETSCII] PETSCII content written to terminal @ http://localhost:3001/assets/index-DmX2Ev4k.js:88
[   18808ms] [LOG] [PETSCII] Received petscii-output, length: 4 @ http://localhost:3001/assets/index-DmX2Ev4k.js:88
[   18808ms] [LOG] [PETSCII] Switching font from PetMe64, "Courier New", monospace to PetMe64 @ http://localhost:3001/assets/index-DmX2Ev4k.js:88
[   18808ms] [LOG] [PETSCII] PETSCII content written to terminal @ http://localhost:3001/assets/index-DmX2Ev4k.js:88
[   18808ms] [LOG] [PETSCII] Received petscii-output, length: 5 @ http://localhost:3001/assets/index-DmX2Ev4k.js:88
[   18808ms] [LOG] [PETSCII] Switching font from PetMe64, "Courier New", monospace to PetMe64 @ http://localhost:3001/assets/index-DmX2Ev4k.js:88
[   18808ms] [LOG] [PETSCII] PETSCII content written to terminal @ http://localhost:3001/assets/index-DmX2Ev4k.js:88
[   18808ms] [LOG] [PETSCII] Received petscii-output, length: 2 @ http://localhost:3001/assets/index-DmX2Ev4k.js:88
[   18808ms] [LOG] [PETSCII] Switching font from PetMe64, "Courier New", monospace to PetMe64 @ http://localhost:3001/assets/index-DmX2Ev4k.js:88
[   18808ms] [LOG] [PETSCII] PETSCII content written to terminal @ http://localhost:3001/assets/index-DmX2Ev4k.js:88
[   18808ms] [LOG] [PETSCII] Received petscii-output, length: 5 @ http://localhost:3001/assets/index-DmX2Ev4k.js:88
[   18808ms] [LOG] [PETSCII] Switching font from PetMe64, "Courier New", monospace to PetMe64 @ http://localhost:3001/assets/index-DmX2Ev4k.js:88
[   18808ms] [LOG] [PETSCII] PETSCII content written to terminal @ http://localhost:3001/assets/index-DmX2Ev4k.js:88
[   18808ms] [LOG] [PETSCII] Received petscii-output, length: 1 @ http://localhost:3001/assets/index-DmX2Ev4k.js:88
[   18808ms] [LOG] [PETSCII] Switching font from PetMe64, "Courier New", monospace to PetMe64 @ http://localhost:3001/assets/index-DmX2Ev4k.js:88
[   18808ms] [LOG] [PETSCII] PETSCII content written to terminal @ http://localhost:3001/assets/index-DmX2Ev4k.js:88
[   18808ms] [LOG] [PETSCII] Received petscii-output, length: 4 @ http://localhost:3001/assets/index-DmX2Ev4k.js:88
[   18808ms] [LOG] [PETSCII] Switching font from PetMe64, "Courier New", monospace to PetMe64 @ http://localhost:3001/assets/index-DmX2Ev4k.js:88
[   18808ms] [LOG] [PETSCII] PETSCII content written to terminal @ http://localhost:3001/assets/index-DmX2Ev4k.js:88
[   18808ms] [LOG] [PETSCII] Received petscii-output, length: 5 @ http://localhost:3001/assets/index-DmX2Ev4k.js:88
[   18808ms] [LOG] [PETSCII] Switching font from PetMe64, "Courier New", monospace to PetMe64 @ http://localhost:3001/assets/index-DmX2Ev4k.js:88
[   18808ms] [LOG] [PETSCII] PETSCII content written to terminal @ http://localhost:3001/assets/index-DmX2Ev4k.js:88
[   18808ms] [LOG] [PETSCII] Received petscii-output, length: 1 @ http://localhost:3001/assets/index-DmX2Ev4k.js:88
[   18808ms] [LOG] [PETSCII] Switching font from PetMe64, "Courier New", monospace to PetMe64 @ http://localhost:3001/assets/index-DmX2Ev4k.js:88
[   18808ms] [LOG] [PETSCII] PETSCII content written to terminal @ http://localhost:3001/assets/index-DmX2Ev4k.js:88
[   18808ms] [LOG] [PETSCII] Received petscii-output, length: 5 @ http://localhost:3001/assets/index-DmX2Ev4k.js:88
[   18808ms] [LOG] [PETSCII] Switching font from PetMe64, "Courier New", monospace to PetMe64 @ http://localhost:3001/assets/index-DmX2Ev4k.js:88
[   18808ms] [LOG] [PETSCII] PETSCII content written to terminal @ http://localhost:3001/assets/index-DmX2Ev4k.js:88
[   18808ms] [LOG] [PETSCII] Received petscii-output, length: 1 @ http://localhost:3001/assets/index-DmX2Ev4k.js:88
[   18808ms] [LOG] [PETSCII] Switching font from PetMe64, "Courier New", monospace to PetMe64 @ http://localhost:3001/assets/index-DmX2Ev4k.js:88
[   18808ms] [LOG] [PETSCII] PETSCII content written to terminal @ http://localhost:3001/assets/index-DmX2Ev4k.js:88
[   18813ms] [LOG] [PETSCII] Received petscii-output, length: 1 @ http://localhost:3001/assets/index-DmX2Ev4k.js:88
[   18813ms] [LOG] [PETSCII] Switching font from PetMe64, "Courier New", monospace to PetMe64 @ http://localhost:3001/assets/index-DmX2Ev4k.js:88
[   18813ms] [LOG] [PETSCII] PETSCII content written to terminal @ http://localhost:3001/assets/index-DmX2Ev4k.js:88
[   18813ms] [LOG] [PETSCII] Received petscii-output, length: 5 @ http://localhost:3001/assets/index-DmX2Ev4k.js:88
[   18813ms] [LOG] [PETSCII] Switching font from PetMe64, "Courier New", monospace to PetMe64 @ http://localhost:3001/assets/index-DmX2Ev4k.js:88
[   18813ms] [LOG] [PETSCII] PETSCII content written to terminal @ http://localhost:3001/assets/index-DmX2Ev4k.js:88
[   18813ms] [LOG] [PETSCII] Received petscii-output, length: 5 @ http://localhost:3001/assets/index-DmX2Ev4k.js:88
[   18813ms] [LOG] [PETSCII] Switching font from PetMe64, "Courier New", monospace to PetMe64 @ http://localhost:3001/assets/index-DmX2Ev4k.js:88
[   18813ms] [LOG] [PETSCII] PETSCII content written to terminal @ http://localhost:3001/assets/index-DmX2Ev4k.js:88
[   18813ms] [LOG] [PETSCII] Received petscii-output, length: 1 @ http://localhost:3001/assets/index-DmX2Ev4k.js:88
[   18813ms] [LOG] [PETSCII] Switching font from PetMe64, "Courier New", monospace to PetMe64 @ http://localhost:3001/assets/index-DmX2Ev4k.js:88
[   18813ms] [LOG] [PETSCII] PETSCII content written to terminal @ http://localhost:3001/assets/index-DmX2Ev4k.js:88
[   18813ms] [LOG] [PETSCII] Received petscii-output, length: 4 @ http://localhost:3001/assets/index-DmX2Ev4k.js:88
[   18813ms] [LOG] [PETSCII] Switching font from PetMe64, "Courier New", monospace to PetMe64 @ http://localhost:3001/assets/index-DmX2Ev4k.js:88
[   18813ms] [LOG] [PETSCII] PETSCII content written to terminal @ http://localhost:3001/assets/index-DmX2Ev4k.js:88
[   18813ms] [LOG] [PETSCII] Received petscii-output, length: 2 @ http://localhost:3001/assets/index-DmX2Ev4k.js:88
[   18813ms] [LOG] [PETSCII] Switching font from PetMe64, "Courier New", monospace to PetMe64 @ http://localhost:3001/assets/index-DmX2Ev4k.js:88
[   18813ms] [LOG] [PETSCII] PETSCII content written to terminal @ http://localhost:3001/assets/index-DmX2Ev4k.js:88
[   18813ms] [LOG] [PETSCII] Received petscii-output, length: 5 @ http://localhost:3001/assets/index-DmX2Ev4k.js:88
[   18813ms] [LOG] [PETSCII] Switching font from PetMe64, "Courier New", monospace to PetMe64 @ http://localhost:3001/assets/index-DmX2Ev4k.js:88
[   18813ms] [LOG] [PETSCII] PETSCII content written to terminal @ http://localhost:3001/assets/index-DmX2Ev4k.js:88
[   18813ms] [LOG] [PETSCII] Received petscii-output, length: 5 @ http://localhost:3001/assets/index-DmX2Ev4k.js:88
[   18813ms] [LOG] [PETSCII] Switching font from PetMe64, "Courier New", monospace to PetMe64 @ http://localhost:3001/assets/index-DmX2Ev4k.js:88
[   18813ms] [LOG] [PETSCII] PETSCII content written to terminal @ http://localhost:3001/assets/index-DmX2Ev4k.js:88
[   18813ms] [LOG] [PETSCII] Received petscii-output, length: 1 @ http://localhost:3001/assets/index-DmX2Ev4k.js:88
[   18813ms] [LOG] [PETSCII] Switching font from PetMe64, "Courier New", monospace to PetMe64 @ http://localhost:3001/assets/index-DmX2Ev4k.js:88
[   18813ms] [LOG] [PETSCII] PETSCII content written to terminal @ http://localhost:3001/assets/index-DmX2Ev4k.js:88
[   18813ms] [LOG] [PETSCII] Received petscii-output, length: 4 @ http://localhost:3001/assets/index-DmX2Ev4k.js:88
[   18813ms] [LOG] [PETSCII] Switching font from PetMe64, "Courier New", monospace to PetMe64 @ http://localhost:3001/assets/index-DmX2Ev4k.js:88
[   18813ms] [LOG] [PETSCII] PETSCII content written to terminal @ http://localhost:3001/assets/index-DmX2Ev4k.js:88
[   18813ms] [LOG] [PETSCII] Received petscii-output, length: 5 @ http://localhost:3001/assets/index-DmX2Ev4k.js:88
[   18814ms] [LOG] [PETSCII] Switching font from PetMe64, "Courier New", monospace to PetMe64 @ http://localhost:3001/assets/index-DmX2Ev4k.js:88
[   18814ms] [LOG] [PETSCII] PETSCII content written to terminal @ http://localhost:3001/assets/index-DmX2Ev4k.js:88
[   18814ms] [LOG] [PETSCII] Received petscii-output, length: 1 @ http://localhost:3001/assets/index-DmX2Ev4k.js:88
[   18814ms] [LOG] [PETSCII] Switching font from PetMe64, "Courier New", monospace to PetMe64 @ http://localhost:3001/assets/index-DmX2Ev4k.js:88
[   18814ms] [LOG] [PETSCII] PETSCII content written to terminal @ http://localhost:3001/assets/index-DmX2Ev4k.js:88
[   18814ms] [LOG] [PETSCII] Received petscii-output, length: 1 @ http://localhost:3001/assets/index-DmX2Ev4k.js:88
[   18814ms] [LOG] [PETSCII] Switching font from PetMe64, "Courier New", monospace to PetMe64 @ http://localhost:3001/assets/index-DmX2Ev4k.js:88
[   18814ms] [LOG] [PETSCII] PETSCII content written to terminal @ http://localhost:3001/assets/index-DmX2Ev4k.js:88
[   18814ms] [LOG] [PETSCII] Received petscii-output, length: 1 @ http://localhost:3001/assets/index-DmX2Ev4k.js:88
[   18814ms] [LOG] [PETSCII] Switching font from PetMe64, "Courier New", monospace to PetMe64 @ http://localhost:3001/assets/index-DmX2Ev4k.js:88
[   18814ms] [LOG] [PETSCII] PETSCII content written to terminal @ http://localhost:3001/assets/index-DmX2Ev4k.js:88
[   18814ms] [LOG] [PETSCII] Received petscii-output, length: 5 @ http://localhost:3001/assets/index-DmX2Ev4k.js:88
[   18814ms] [LOG] [PETSCII] Switching font from PetMe64, "Courier New", monospace to PetMe64 @ http://localhost:3001/assets/index-DmX2Ev4k.js:88
[   18814ms] [LOG] [PETSCII] PETSCII content written to terminal @ http://localhost:3001/assets/index-DmX2Ev4k.js:88
[   18814ms] [LOG] [PETSCII] Received petscii-output, length: 1 @ http://localhost:3001/assets/index-DmX2Ev4k.js:88
[   18814ms] [LOG] [PETSCII] Switching font from PetMe64, "Courier New", monospace to PetMe64 @ http://localhost:3001/assets/index-DmX2Ev4k.js:88
[   18814ms] [LOG] [PETSCII] PETSCII content written to terminal @ http://localhost:3001/assets/index-DmX2Ev4k.js:88
[   18814ms] [LOG] [PETSCII] Received petscii-output, length: 5 @ http://localhost:3001/assets/index-DmX2Ev4k.js:88
[   18814ms] [LOG] [PETSCII] Switching font from PetMe64, "Courier New", monospace to PetMe64 @ http://localhost:3001/assets/index-DmX2Ev4k.js:88
[   18814ms] [LOG] [PETSCII] PETSCII content written to terminal @ http://localhost:3001/assets/index-DmX2Ev4k.js:88
[   18814ms] [LOG] [PETSCII] Received petscii-output, length: 1 @ http://localhost:3001/assets/index-DmX2Ev4k.js:88
[   18814ms] [LOG] [PETSCII] Switching font from PetMe64, "Courier New", monospace to PetMe64 @ http://localhost:3001/assets/index-DmX2Ev4k.js:88
[   18814ms] [LOG] [PETSCII] PETSCII content written to terminal @ http://localhost:3001/assets/index-DmX2Ev4k.js:88
[   18814ms] [LOG] [PETSCII] Received petscii-output, length: 5 @ http://localhost:3001/assets/index-DmX2Ev4k.js:88
[   18814ms] [LOG] [PETSCII] Switching font from PetMe64, "Courier New", monospace to PetMe64 @ http://localhost:3001/assets/index-DmX2Ev4k.js:88
[   18814ms] [LOG] [PETSCII] PETSCII content written to terminal @ http://localhost:3001/assets/index-DmX2Ev4k.js:88
[   18814ms] [LOG] [PETSCII] Received petscii-output, length: 1 @ http://localhost:3001/assets/index-DmX2Ev4k.js:88
[   18814ms] [LOG] [PETSCII] Switching font from PetMe64, "Courier New", monospace to PetMe64 @ http://localhost:3001/assets/index-DmX2Ev4k.js:88
[   18814ms] [LOG] [PETSCII] PETSCII content written to terminal @ http://localhost:3001/assets/index-DmX2Ev4k.js:88
[   18814ms] [LOG] [PETSCII] Received petscii-output, length: 5 @ http://localhost:3001/assets/index-DmX2Ev4k.js:88
[   18814ms] [LOG] [PETSCII] Switching font from PetMe64, "Courier New", monospace to PetMe64 @ http://localhost:3001/assets/index-DmX2Ev4k.js:88
[   18814ms] [LOG] [PETSCII] PETSCII content written to terminal @ http://localhost:3001/assets/index-DmX2Ev4k.js:88
[   18814ms] [LOG] [PETSCII] Received petscii-output, length: 5 @ http://localhost:3001/assets/index-DmX2Ev4k.js:88
[   18814ms] [LOG] [PETSCII] Switching font from PetMe64, "Courier New", monospace to PetMe64 @ http://localhost:3001/assets/index-DmX2Ev4k.js:88
[   18814ms] [LOG] [PETSCII] PETSCII content written to terminal @ http://localhost:3001/assets/index-DmX2Ev4k.js:88
[   18814ms] [LOG] [PETSCII] Received petscii-output, length: 1 @ http://localhost:3001/assets/index-DmX2Ev4k.js:88
[   18814ms] [LOG] [PETSCII] Switching font from PetMe64, "Courier New", monospace to PetMe64 @ http://localhost:3001/assets/index-DmX2Ev4k.js:88
[   18814ms] [LOG] [PETSCII] PETSCII content written to terminal @ http://localhost:3001/assets/index-DmX2Ev4k.js:88
[   18815ms] [LOG] [PETSCII] Received petscii-output, length: 4 @ http://localhost:3001/assets/index-DmX2Ev4k.js:88
[   18815ms] [LOG] [PETSCII] Switching font from PetMe64, "Courier New", monospace to PetMe64 @ http://localhost:3001/assets/index-DmX2Ev4k.js:88
[   18815ms] [LOG] [PETSCII] PETSCII content written to terminal @ http://localhost:3001/assets/index-DmX2Ev4k.js:88
[   18815ms] [LOG] [PETSCII] Received petscii-output, length: 5 @ http://localhost:3001/assets/index-DmX2Ev4k.js:88
[   18815ms] [LOG] [PETSCII] Switching font from PetMe64, "Courier New", monospace to PetMe64 @ http://localhost:3001/assets/index-DmX2Ev4k.js:88
[   18815ms] [LOG] [PETSCII] PETSCII content written to terminal @ http://localhost:3001/assets/index-DmX2Ev4k.js:88
[   18815ms] [LOG] [PETSCII] Received petscii-output, length: 1 @ http://localhost:3001/assets/index-DmX2Ev4k.js:88
[   18815ms] [LOG] [PETSCII] Switching font from PetMe64, "Courier New", monospace to PetMe64 @ http://localhost:3001/assets/index-DmX2Ev4k.js:88
[   18815ms] [LOG] [PETSCII] PETSCII content written to terminal @ http://localhost:3001/assets/index-DmX2Ev4k.js:88
[   18816ms] [LOG] [PETSCII] Received petscii-output, length: 1 @ http://localhost:3001/assets/index-DmX2Ev4k.js:88
[   18816ms] [LOG] [PETSCII] Switching font from PetMe64, "Courier New", monospace to PetMe64 @ http://localhost:3001/assets/index-DmX2Ev4k.js:88
[   18816ms] [LOG] [PETSCII] PETSCII content written to terminal @ http://localhost:3001/assets/index-DmX2Ev4k.js:88
[   18816ms] [LOG] [PETSCII] Received petscii-output, length: 5 @ http://localhost:3001/assets/index-DmX2Ev4k.js:88
[   18816ms] [LOG] [PETSCII] Switching font from PetMe64, "Courier New", monospace to PetMe64 @ http://localhost:3001/assets/index-DmX2Ev4k.js:88
[   18816ms] [LOG] [PETSCII] PETSCII content written to terminal @ http://localhost:3001/assets/index-DmX2Ev4k.js:88
[   18816ms] [LOG] [PETSCII] Received petscii-output, length: 5 @ http://localhost:3001/assets/index-DmX2Ev4k.js:88
[   18816ms] [LOG] [PETSCII] Switching font from PetMe64, "Courier New", monospace to PetMe64 @ http://localhost:3001/assets/index-DmX2Ev4k.js:88
[   18816ms] [LOG] [PETSCII] PETSCII content written to terminal @ http://localhost:3001/assets/index-DmX2Ev4k.js:88
[   18816ms] [LOG] [PETSCII] Received petscii-output, length: 1 @ http://localhost:3001/assets/index-DmX2Ev4k.js:88
[   18816ms] [LOG] [PETSCII] Switching font from PetMe64, "Courier New", monospace to PetMe64 @ http://localhost:3001/assets/index-DmX2Ev4k.js:88
[   18817ms] [LOG] [PETSCII] PETSCII content written to terminal @ http://localhost:3001/assets/index-DmX2Ev4k.js:88
[   18817ms] [LOG] [PETSCII] Received petscii-output, length: 4 @ http://localhost:3001/assets/index-DmX2Ev4k.js:88
[   18817ms] [LOG] [PETSCII] Switching font from PetMe64, "Courier New", monospace to PetMe64 @ http://localhost:3001/assets/index-DmX2Ev4k.js:88
[   18817ms] [LOG] [PETSCII] PETSCII content written to terminal @ http://localhost:3001/assets/index-DmX2Ev4k.js:88
[   18817ms] [LOG] [PETSCII] Received petscii-output, length: 5 @ http://localhost:3001/assets/index-DmX2Ev4k.js:88
[   18817ms] [LOG] [PETSCII] Switching font from PetMe64, "Courier New", monospace to PetMe64 @ http://localhost:3001/assets/index-DmX2Ev4k.js:88
[   18817ms] [LOG] [PETSCII] PETSCII content written to terminal @ http://localhost:3001/assets/index-DmX2Ev4k.js:88
[   18817ms] [LOG] [PETSCII] Received petscii-output, length: 4 @ http://localhost:3001/assets/index-DmX2Ev4k.js:88
[   18817ms] [LOG] [PETSCII] Switching font from PetMe64, "Courier New", monospace to PetMe64 @ http://localhost:3001/assets/index-DmX2Ev4k.js:88
[   18817ms] [LOG] [PETSCII] PETSCII content written to terminal @ http://localhost:3001/assets/index-DmX2Ev4k.js:88
[   18817ms] [LOG] [PETSCII] Received petscii-output, length: 5 @ http://localhost:3001/assets/index-DmX2Ev4k.js:88
[   18817ms] [LOG] [PETSCII] Switching font from PetMe64, "Courier New", monospace to PetMe64 @ http://localhost:3001/assets/index-DmX2Ev4k.js:88
[   18817ms] [LOG] [PETSCII] PETSCII content written to terminal @ http://localhost:3001/assets/index-DmX2Ev4k.js:88
[   18817ms] [LOG] [PETSCII] Received petscii-output, length: 1 @ http://localhost:3001/assets/index-DmX2Ev4k.js:88
[   18817ms] [LOG] [PETSCII] Switching font from PetMe64, "Courier New", monospace to PetMe64 @ http://localhost:3001/assets/index-DmX2Ev4k.js:88
[   18817ms] [LOG] [PETSCII] PETSCII content written to terminal @ http://localhost:3001/assets/index-DmX2Ev4k.js:88
[   18819ms] [LOG] [PETSCII] Received petscii-output, length: 1 @ http://localhost:3001/assets/index-DmX2Ev4k.js:88
[   18819ms] [LOG] [PETSCII] Switching font from PetMe64, "Courier New", monospace to PetMe64 @ http://localhost:3001/assets/index-DmX2Ev4k.js:88
[   18819ms] [LOG] [PETSCII] PETSCII content written to terminal @ http://localhost:3001/assets/index-DmX2Ev4k.js:88
[   18819ms] [LOG] [PETSCII] Received petscii-output, length: 4 @ http://localhost:3001/assets/index-DmX2Ev4k.js:88
[   18819ms] [LOG] [PETSCII] Switching font from PetMe64, "Courier New", monospace to PetMe64 @ http://localhost:3001/assets/index-DmX2Ev4k.js:88
[   18819ms] [LOG] [PETSCII] PETSCII content written to terminal @ http://localhost:3001/assets/index-DmX2Ev4k.js:88
[   18819ms] [LOG] [PETSCII] Received petscii-output, length: 5 @ http://localhost:3001/assets/index-DmX2Ev4k.js:88
[   18819ms] [LOG] [PETSCII] Switching font from PetMe64, "Courier New", monospace to PetMe64 @ http://localhost:3001/assets/index-DmX2Ev4k.js:88
[   18819ms] [LOG] [PETSCII] PETSCII content written to terminal @ http://localhost:3001/assets/index-DmX2Ev4k.js:88
[   18819ms] [LOG] [PETSCII] Received petscii-output, length: 1 @ http://localhost:3001/assets/index-DmX2Ev4k.js:88
[   18819ms] [LOG] [PETSCII] Switching font from PetMe64, "Courier New", monospace to PetMe64 @ http://localhost:3001/assets/index-DmX2Ev4k.js:88
[   18819ms] [LOG] [PETSCII] PETSCII content written to terminal @ http://localhost:3001/assets/index-DmX2Ev4k.js:88
[   18819ms] [LOG] [PETSCII] Received petscii-output, length: 5 @ http://localhost:3001/assets/index-DmX2Ev4k.js:88
[   18819ms] [LOG] [PETSCII] Switching font from PetMe64, "Courier New", monospace to PetMe64 @ http://localhost:3001/assets/index-DmX2Ev4k.js:88
[   18819ms] [LOG] [PETSCII] PETSCII content written to terminal @ http://localhost:3001/assets/index-DmX2Ev4k.js:88
[   18819ms] [LOG] [PETSCII] Received petscii-output, length: 1 @ http://localhost:3001/assets/index-DmX2Ev4k.js:88
[   18819ms] [LOG] [PETSCII] Switching font from PetMe64, "Courier New", monospace to PetMe64 @ http://localhost:3001/assets/index-DmX2Ev4k.js:88
[   18819ms] [LOG] [PETSCII] PETSCII content written to terminal @ http://localhost:3001/assets/index-DmX2Ev4k.js:88
[   18819ms] [LOG] [PETSCII] Received petscii-output, length: 5 @ http://localhost:3001/assets/index-DmX2Ev4k.js:88
[   18819ms] [LOG] [PETSCII] Switching font from PetMe64, "Courier New", monospace to PetMe64 @ http://localhost:3001/assets/index-DmX2Ev4k.js:88
[   18819ms] [LOG] [PETSCII] PETSCII content written to terminal @ http://localhost:3001/assets/index-DmX2Ev4k.js:88
[   18819ms] [LOG] [PETSCII] Received petscii-output, length: 5 @ http://localhost:3001/assets/index-DmX2Ev4k.js:88
[   18819ms] [LOG] [PETSCII] Switching font from PetMe64, "Courier New", monospace to PetMe64 @ http://localhost:3001/assets/index-DmX2Ev4k.js:88
[   18819ms] [LOG] [PETSCII] PETSCII content written to terminal @ http://localhost:3001/assets/index-DmX2Ev4k.js:88
[   18819ms] [LOG] [PETSCII] Received petscii-output, length: 1 @ http://localhost:3001/assets/index-DmX2Ev4k.js:88
[   18819ms] [LOG] [PETSCII] Switching font from PetMe64, "Courier New", monospace to PetMe64 @ http://localhost:3001/assets/index-DmX2Ev4k.js:88
[   18819ms] [LOG] [PETSCII] PETSCII content written to terminal @ http://localhost:3001/assets/index-DmX2Ev4k.js:88
[   18819ms] [LOG] [PETSCII] Received petscii-output, length: 4 @ http://localhost:3001/assets/index-DmX2Ev4k.js:88
[   18819ms] [LOG] [PETSCII] Switching font from PetMe64, "Courier New", monospace to PetMe64 @ http://localhost:3001/assets/index-DmX2Ev4k.js:88
[   18820ms] [LOG] [PETSCII] PETSCII content written to terminal @ http://localhost:3001/assets/index-DmX2Ev4k.js:88
[   18820ms] [LOG] [PETSCII] Received petscii-output, length: 5 @ http://localhost:3001/assets/index-DmX2Ev4k.js:88
[   18820ms] [LOG] [PETSCII] Switching font from PetMe64, "Courier New", monospace to PetMe64 @ http://localhost:3001/assets/index-DmX2Ev4k.js:88
[   18820ms] [LOG] [PETSCII] PETSCII content written to terminal @ http://localhost:3001/assets/index-DmX2Ev4k.js:88
[   18820ms] [LOG] [PETSCII] Received petscii-output, length: 2 @ http://localhost:3001/assets/index-DmX2Ev4k.js:88
[   18820ms] [LOG] [PETSCII] Switching font from PetMe64, "Courier New", monospace to PetMe64 @ http://localhost:3001/assets/index-DmX2Ev4k.js:88
[   18820ms] [LOG] [PETSCII] PETSCII content written to terminal @ http://localhost:3001/assets/index-DmX2Ev4k.js:88
[   18820ms] [LOG] [PETSCII] Received petscii-output, length: 1 @ http://localhost:3001/assets/index-DmX2Ev4k.js:88
[   18820ms] [LOG] [PETSCII] Switching font from PetMe64, "Courier New", monospace to PetMe64 @ http://localhost:3001/assets/index-DmX2Ev4k.js:88
[   18821ms] [LOG] [PETSCII] PETSCII content written to terminal @ http://localhost:3001/assets/index-DmX2Ev4k.js:88
[   18821ms] [LOG] [PETSCII] Received petscii-output, length: 5 @ http://localhost:3001/assets/index-DmX2Ev4k.js:88
[   18821ms] [LOG] [PETSCII] Switching font from PetMe64, "Courier New", monospace to PetMe64 @ http://localhost:3001/assets/index-DmX2Ev4k.js:88
[   18821ms] [LOG] [PETSCII] PETSCII content written to terminal @ http://localhost:3001/assets/index-DmX2Ev4k.js:88
[   18821ms] [LOG] [PETSCII] Received petscii-output, length: 5 @ http://localhost:3001/assets/index-DmX2Ev4k.js:88
[   18821ms] [LOG] [PETSCII] Switching font from PetMe64, "Courier New", monospace to PetMe64 @ http://localhost:3001/assets/index-DmX2Ev4k.js:88
[   18821ms] [LOG] [PETSCII] PETSCII content written to terminal @ http://localhost:3001/assets/index-DmX2Ev4k.js:88
[   18821ms] [LOG] [PETSCII] Received petscii-output, length: 1 @ http://localhost:3001/assets/index-DmX2Ev4k.js:88
[   18821ms] [LOG] [PETSCII] Switching font from PetMe64, "Courier New", monospace to PetMe64 @ http://localhost:3001/assets/index-DmX2Ev4k.js:88
[   18821ms] [LOG] [PETSCII] PETSCII content written to terminal @ http://localhost:3001/assets/index-DmX2Ev4k.js:88
[   18821ms] [LOG] [PETSCII] Received petscii-output, length: 4 @ http://localhost:3001/assets/index-DmX2Ev4k.js:88
[   18821ms] [LOG] [PETSCII] Switching font from PetMe64, "Courier New", monospace to PetMe64 @ http://localhost:3001/assets/index-DmX2Ev4k.js:88
[   18821ms] [LOG] [PETSCII] PETSCII content written to terminal @ http://localhost:3001/assets/index-DmX2Ev4k.js:88
[   18821ms] [LOG] [PETSCII] Received petscii-output, length: 5 @ http://localhost:3001/assets/index-DmX2Ev4k.js:88
[   18821ms] [LOG] [PETSCII] Switching font from PetMe64, "Courier New", monospace to PetMe64 @ http://localhost:3001/assets/index-DmX2Ev4k.js:88
[   18821ms] [LOG] [PETSCII] PETSCII content written to terminal @ http://localhost:3001/assets/index-DmX2Ev4k.js:88
[   18821ms] [LOG] [PETSCII] Received petscii-output, length: 1 @ http://localhost:3001/assets/index-DmX2Ev4k.js:88
[   18821ms] [LOG] [PETSCII] Switching font from PetMe64, "Courier New", monospace to PetMe64 @ http://localhost:3001/assets/index-DmX2Ev4k.js:88
[   18821ms] [LOG] [PETSCII] PETSCII content written to terminal @ http://localhost:3001/assets/index-DmX2Ev4k.js:88
[   18821ms] [LOG] [PETSCII] Received petscii-output, length: 5 @ http://localhost:3001/assets/index-DmX2Ev4k.js:88
[   18821ms] [LOG] [PETSCII] Switching font from PetMe64, "Courier New", monospace to PetMe64 @ http://localhost:3001/assets/index-DmX2Ev4k.js:88
[   18821ms] [LOG] [PETSCII] PETSCII content written to terminal @ http://localhost:3001/assets/index-DmX2Ev4k.js:88
[   18821ms] [LOG] [PETSCII] Received petscii-output, length: 1 @ http://localhost:3001/assets/index-DmX2Ev4k.js:88
[   18821ms] [LOG] [PETSCII] Switching font from PetMe64, "Courier New", monospace to PetMe64 @ http://localhost:3001/assets/index-DmX2Ev4k.js:88
[   18821ms] [LOG] [PETSCII] PETSCII content written to terminal @ http://localhost:3001/assets/index-DmX2Ev4k.js:88
[   18821ms] [LOG] [PETSCII] Received petscii-output, length: 5 @ http://localhost:3001/assets/index-DmX2Ev4k.js:88
[   18821ms] [LOG] [PETSCII] Switching font from PetMe64, "Courier New", monospace to PetMe64 @ http://localhost:3001/assets/index-DmX2Ev4k.js:88
[   18821ms] [LOG] [PETSCII] PETSCII content written to terminal @ http://localhost:3001/assets/index-DmX2Ev4k.js:88
[   18821ms] [LOG] [PETSCII] Received petscii-output, length: 5 @ http://localhost:3001/assets/index-DmX2Ev4k.js:88
[   18821ms] [LOG] [PETSCII] Switching font from PetMe64, "Courier New", monospace to PetMe64 @ http://localhost:3001/assets/index-DmX2Ev4k.js:88
[   18822ms] [LOG] [PETSCII] PETSCII content written to terminal @ http://localhost:3001/assets/index-DmX2Ev4k.js:88
[   18823ms] [LOG] [PETSCII] Received petscii-output, length: 1 @ http://localhost:3001/assets/index-DmX2Ev4k.js:88
[   18823ms] [LOG] [PETSCII] Switching font from PetMe64, "Courier New", monospace to PetMe64 @ http://localhost:3001/assets/index-DmX2Ev4k.js:88
[   18823ms] [LOG] [PETSCII] PETSCII content written to terminal @ http://localhost:3001/assets/index-DmX2Ev4k.js:88
[   18823ms] [LOG] [PETSCII] Received petscii-output, length: 4 @ http://localhost:3001/assets/index-DmX2Ev4k.js:88
[   18823ms] [LOG] [PETSCII] Switching font from PetMe64, "Courier New", monospace to PetMe64 @ http://localhost:3001/assets/index-DmX2Ev4k.js:88
[   18823ms] [LOG] [PETSCII] PETSCII content written to terminal @ http://localhost:3001/assets/index-DmX2Ev4k.js:88
[   18823ms] [LOG] [PETSCII] Received petscii-output, length: 5 @ http://localhost:3001/assets/index-DmX2Ev4k.js:88
[   18823ms] [LOG] [PETSCII] Switching font from PetMe64, "Courier New", monospace to PetMe64 @ http://localhost:3001/assets/index-DmX2Ev4k.js:88
[   18823ms] [LOG] [PETSCII] PETSCII content written to terminal @ http://localhost:3001/assets/index-DmX2Ev4k.js:88
[   18823ms] [LOG] [PETSCII] Received petscii-output, length: 1 @ http://localhost:3001/assets/index-DmX2Ev4k.js:88
[   18823ms] [LOG] [PETSCII] Switching font from PetMe64, "Courier New", monospace to PetMe64 @ http://localhost:3001/assets/index-DmX2Ev4k.js:88
[   18823ms] [LOG] [PETSCII] PETSCII content written to terminal @ http://localhost:3001/assets/index-DmX2Ev4k.js:88
[   18823ms] [LOG] [PETSCII] Received petscii-output, length: 5 @ http://localhost:3001/assets/index-DmX2Ev4k.js:88
[   18824ms] [LOG] [PETSCII] Switching font from PetMe64, "Courier New", monospace to PetMe64 @ http://localhost:3001/assets/index-DmX2Ev4k.js:88
[   18824ms] [LOG] [PETSCII] PETSCII content written to terminal @ http://localhost:3001/assets/index-DmX2Ev4k.js:88
[   18824ms] [LOG] [PETSCII] Received petscii-output, length: 3 @ http://localhost:3001/assets/index-DmX2Ev4k.js:88
[   18824ms] [LOG] [PETSCII] Switching font from PetMe64, "Courier New", monospace to PetMe64 @ http://localhost:3001/assets/index-DmX2Ev4k.js:88
[   18824ms] [LOG] [PETSCII] PETSCII content written to terminal @ http://localhost:3001/assets/index-DmX2Ev4k.js:88
[   18826ms] [LOG] [PETSCII] Received petscii-output, length: 5 @ http://localhost:3001/assets/index-DmX2Ev4k.js:88
[   18827ms] [LOG] [PETSCII] Switching font from PetMe64, "Courier New", monospace to PetMe64 @ http://localhost:3001/assets/index-DmX2Ev4k.js:88
[   18827ms] [LOG] [PETSCII] PETSCII content written to terminal @ http://localhost:3001/assets/index-DmX2Ev4k.js:88
[   18827ms] [LOG] [PETSCII] Received petscii-output, length: 4 @ http://localhost:3001/assets/index-DmX2Ev4k.js:88
[   18827ms] [LOG] [PETSCII] Switching font from PetMe64, "Courier New", monospace to PetMe64 @ http://localhost:3001/assets/index-DmX2Ev4k.js:88
[   18827ms] [LOG] [PETSCII] PETSCII content written to terminal @ http://localhost:3001/assets/index-DmX2Ev4k.js:88
[   18827ms] [LOG] [PETSCII] Received petscii-output, length: 5 @ http://localhost:3001/assets/index-DmX2Ev4k.js:88
[   18827ms] [LOG] [PETSCII] Switching font from PetMe64, "Courier New", monospace to PetMe64 @ http://localhost:3001/assets/index-DmX2Ev4k.js:88
[   18827ms] [LOG] [PETSCII] PETSCII content written to terminal @ http://localhost:3001/assets/index-DmX2Ev4k.js:88
[   18827ms] [LOG] [PETSCII] Received petscii-output, length: 2 @ http://localhost:3001/assets/index-DmX2Ev4k.js:88
[   18827ms] [LOG] [PETSCII] Switching font from PetMe64, "Courier New", monospace to PetMe64 @ http://localhost:3001/assets/index-DmX2Ev4k.js:88
[   18828ms] [LOG] [PETSCII] PETSCII content written to terminal @ http://localhost:3001/assets/index-DmX2Ev4k.js:88
[   18828ms] [LOG] [PETSCII] Received petscii-output, length: 5 @ http://localhost:3001/assets/index-DmX2Ev4k.js:88
[   18828ms] [LOG] [PETSCII] Switching font from PetMe64, "Courier New", monospace to PetMe64 @ http://localhost:3001/assets/index-DmX2Ev4k.js:88
[   18828ms] [LOG] [PETSCII] PETSCII content written to terminal @ http://localhost:3001/assets/index-DmX2Ev4k.js:88
[   18828ms] [LOG] [PETSCII] Received petscii-output, length: 5 @ http://localhost:3001/assets/index-DmX2Ev4k.js:88
[   18828ms] [LOG] [PETSCII] Switching font from PetMe64, "Courier New", monospace to PetMe64 @ http://localhost:3001/assets/index-DmX2Ev4k.js:88
[   18828ms] [LOG] [PETSCII] PETSCII content written to terminal @ http://localhost:3001/assets/index-DmX2Ev4k.js:88
[   18828ms] [LOG] [PETSCII] Received petscii-output, length: 1 @ http://localhost:3001/assets/index-DmX2Ev4k.js:88
[   18828ms] [LOG] [PETSCII] Switching font from PetMe64, "Courier New", monospace to PetMe64 @ http://localhost:3001/assets/index-DmX2Ev4k.js:88
[   18828ms] [LOG] [PETSCII] PETSCII content written to terminal @ http://localhost:3001/assets/index-DmX2Ev4k.js:88
[   18829ms] [LOG] [PETSCII] Received petscii-output, length: 4 @ http://localhost:3001/assets/index-DmX2Ev4k.js:88
[   18829ms] [LOG] [PETSCII] Switching font from PetMe64, "Courier New", monospace to PetMe64 @ http://localhost:3001/assets/index-DmX2Ev4k.js:88
[   18829ms] [LOG] [PETSCII] PETSCII content written to terminal @ http://localhost:3001/assets/index-DmX2Ev4k.js:88
[   18829ms] [LOG] [PETSCII] Received petscii-output, length: 5 @ http://localhost:3001/assets/index-DmX2Ev4k.js:88
[   18829ms] [LOG] [PETSCII] Switching font from PetMe64, "Courier New", monospace to PetMe64 @ http://localhost:3001/assets/index-DmX2Ev4k.js:88
[   18829ms] [LOG] [PETSCII] PETSCII content written to terminal @ http://localhost:3001/assets/index-DmX2Ev4k.js:88
[   18829ms] [LOG] [PETSCII] Received petscii-output, length: 1 @ http://localhost:3001/assets/index-DmX2Ev4k.js:88
[   18829ms] [LOG] [PETSCII] Switching font from PetMe64, "Courier New", monospace to PetMe64 @ http://localhost:3001/assets/index-DmX2Ev4k.js:88
[   18829ms] [LOG] [PETSCII] PETSCII content written to terminal @ http://localhost:3001/assets/index-DmX2Ev4k.js:88
[   18829ms] [LOG] [PETSCII] Received petscii-output, length: 5 @ http://localhost:3001/assets/index-DmX2Ev4k.js:88
[   18829ms] [LOG] [PETSCII] Switching font from PetMe64, "Courier New", monospace to PetMe64 @ http://localhost:3001/assets/index-DmX2Ev4k.js:88
[   18829ms] [LOG] [PETSCII] PETSCII content written to terminal @ http://localhost:3001/assets/index-DmX2Ev4k.js:88
[   18829ms] [LOG] [PETSCII] Received petscii-output, length: 1 @ http://localhost:3001/assets/index-DmX2Ev4k.js:88
[   18829ms] [LOG] [PETSCII] Switching font from PetMe64, "Courier New", monospace to PetMe64 @ http://localhost:3001/assets/index-DmX2Ev4k.js:88
[   18829ms] [LOG] [PETSCII] PETSCII content written to terminal @ http://localhost:3001/assets/index-DmX2Ev4k.js:88
[   18829ms] [LOG] [PETSCII] Received petscii-output, length: 5 @ http://localhost:3001/assets/index-DmX2Ev4k.js:88
[   18829ms] [LOG] [PETSCII] Switching font from PetMe64, "Courier New", monospace to PetMe64 @ http://localhost:3001/assets/index-DmX2Ev4k.js:88
[   18829ms] [LOG] [PETSCII] PETSCII content written to terminal @ http://localhost:3001/assets/index-DmX2Ev4k.js:88
[   18829ms] [LOG] [PETSCII] Received petscii-output, length: 1 @ http://localhost:3001/assets/index-DmX2Ev4k.js:88
[   18829ms] [LOG] [PETSCII] Switching font from PetMe64, "Courier New", monospace to PetMe64 @ http://localhost:3001/assets/index-DmX2Ev4k.js:88
[   18829ms] [LOG] [PETSCII] PETSCII content written to terminal @ http://localhost:3001/assets/index-DmX2Ev4k.js:88
[   18829ms] [LOG] [PETSCII] Received petscii-output, length: 5 @ http://localhost:3001/assets/index-DmX2Ev4k.js:88
[   18829ms] [LOG] [PETSCII] Switching font from PetMe64, "Courier New", monospace to PetMe64 @ http://localhost:3001/assets/index-DmX2Ev4k.js:88
[   18829ms] [LOG] [PETSCII] PETSCII content written to terminal @ http://localhost:3001/assets/index-DmX2Ev4k.js:88
[   18829ms] [LOG] [PETSCII] Received petscii-output, length: 2 @ http://localhost:3001/assets/index-DmX2Ev4k.js:88
[   18829ms] [LOG] [PETSCII] Switching font from PetMe64, "Courier New", monospace to PetMe64 @ http://localhost:3001/assets/index-DmX2Ev4k.js:88
[   18829ms] [LOG] [PETSCII] PETSCII content written to terminal @ http://localhost:3001/assets/index-DmX2Ev4k.js:88
[   18831ms] [LOG] [PETSCII] Received petscii-output, length: 2 @ http://localhost:3001/assets/index-DmX2Ev4k.js:88
[   18831ms] [LOG] [PETSCII] Switching font from PetMe64, "Courier New", monospace to PetMe64 @ http://localhost:3001/assets/index-DmX2Ev4k.js:88
[   18831ms] [LOG] [PETSCII] PETSCII content written to terminal @ http://localhost:3001/assets/index-DmX2Ev4k.js:88
[   18831ms] [LOG] [PETSCII] Received petscii-output, length: 5 @ http://localhost:3001/assets/index-DmX2Ev4k.js:88
[   18831ms] [LOG] [PETSCII] Switching font from PetMe64, "Courier New", monospace to PetMe64 @ http://localhost:3001/assets/index-DmX2Ev4k.js:88
[   18831ms] [LOG] [PETSCII] PETSCII content written to terminal @ http://localhost:3001/assets/index-DmX2Ev4k.js:88
[   18831ms] [LOG] [PETSCII] Received petscii-output, length: 5 @ http://localhost:3001/assets/index-DmX2Ev4k.js:88
[   18831ms] [LOG] [PETSCII] Switching font from PetMe64, "Courier New", monospace to PetMe64 @ http://localhost:3001/assets/index-DmX2Ev4k.js:88
[   18831ms] [LOG] [PETSCII] PETSCII content written to terminal @ http://localhost:3001/assets/index-DmX2Ev4k.js:88
[   18831ms] [LOG] [PETSCII] Received petscii-output, length: 1 @ http://localhost:3001/assets/index-DmX2Ev4k.js:88
[   18831ms] [LOG] [PETSCII] Switching font from PetMe64, "Courier New", monospace to PetMe64 @ http://localhost:3001/assets/index-DmX2Ev4k.js:88
[   18831ms] [LOG] [PETSCII] PETSCII content written to terminal @ http://localhost:3001/assets/index-DmX2Ev4k.js:88
[   18831ms] [LOG] [PETSCII] Received petscii-output, length: 4 @ http://localhost:3001/assets/index-DmX2Ev4k.js:88
[   18831ms] [LOG] [PETSCII] Switching font from PetMe64, "Courier New", monospace to PetMe64 @ http://localhost:3001/assets/index-DmX2Ev4k.js:88
[   18831ms] [LOG] [PETSCII] PETSCII content written to terminal @ http://localhost:3001/assets/index-DmX2Ev4k.js:88
[   18831ms] [LOG] [PETSCII] Received petscii-output, length: 5 @ http://localhost:3001/assets/index-DmX2Ev4k.js:88
[   18831ms] [LOG] [PETSCII] Switching font from PetMe64, "Courier New", monospace to PetMe64 @ http://localhost:3001/assets/index-DmX2Ev4k.js:88
[   18831ms] [LOG] [PETSCII] PETSCII content written to terminal @ http://localhost:3001/assets/index-DmX2Ev4k.js:88
[   18831ms] [LOG] [PETSCII] Received petscii-output, length: 1 @ http://localhost:3001/assets/index-DmX2Ev4k.js:88
[   18831ms] [LOG] [PETSCII] Switching font from PetMe64, "Courier New", monospace to PetMe64 @ http://localhost:3001/assets/index-DmX2Ev4k.js:88
[   18831ms] [LOG] [PETSCII] PETSCII content written to terminal @ http://localhost:3001/assets/index-DmX2Ev4k.js:88
[   18831ms] [LOG] [PETSCII] Received petscii-output, length: 5 @ http://localhost:3001/assets/index-DmX2Ev4k.js:88
[   18831ms] [LOG] [PETSCII] Switching font from PetMe64, "Courier New", monospace to PetMe64 @ http://localhost:3001/assets/index-DmX2Ev4k.js:88
[   18831ms] [LOG] [PETSCII] PETSCII content written to terminal @ http://localhost:3001/assets/index-DmX2Ev4k.js:88
[   18831ms] [LOG] [PETSCII] Received petscii-output, length: 1 @ http://localhost:3001/assets/index-DmX2Ev4k.js:88
[   18831ms] [LOG] [PETSCII] Switching font from PetMe64, "Courier New", monospace to PetMe64 @ http://localhost:3001/assets/index-DmX2Ev4k.js:88
[   18832ms] [LOG] [PETSCII] PETSCII content written to terminal @ http://localhost:3001/assets/index-DmX2Ev4k.js:88
[   18832ms] [LOG] [PETSCII] Received petscii-output, length: 5 @ http://localhost:3001/assets/index-DmX2Ev4k.js:88
[   18832ms] [LOG] [PETSCII] Switching font from PetMe64, "Courier New", monospace to PetMe64 @ http://localhost:3001/assets/index-DmX2Ev4k.js:88
[   18832ms] [LOG] [PETSCII] PETSCII content written to terminal @ http://localhost:3001/assets/index-DmX2Ev4k.js:88
[   18832ms] [LOG] [PETSCII] Received petscii-output, length: 5 @ http://localhost:3001/assets/index-DmX2Ev4k.js:88
[   18832ms] [LOG] [PETSCII] Switching font from PetMe64, "Courier New", monospace to PetMe64 @ http://localhost:3001/assets/index-DmX2Ev4k.js:88
[   18832ms] [LOG] [PETSCII] PETSCII content written to terminal @ http://localhost:3001/assets/index-DmX2Ev4k.js:88
[   18832ms] [LOG] [PETSCII] Received petscii-output, length: 1 @ http://localhost:3001/assets/index-DmX2Ev4k.js:88
[   18832ms] [LOG] [PETSCII] Switching font from PetMe64, "Courier New", monospace to PetMe64 @ http://localhost:3001/assets/index-DmX2Ev4k.js:88
[   18832ms] [LOG] [PETSCII] PETSCII content written to terminal @ http://localhost:3001/assets/index-DmX2Ev4k.js:88
[   18832ms] [LOG] [PETSCII] Received petscii-output, length: 4 @ http://localhost:3001/assets/index-DmX2Ev4k.js:88
[   18832ms] [LOG] [PETSCII] Switching font from PetMe64, "Courier New", monospace to PetMe64 @ http://localhost:3001/assets/index-DmX2Ev4k.js:88
[   18832ms] [LOG] [PETSCII] PETSCII content written to terminal @ http://localhost:3001/assets/index-DmX2Ev4k.js:88
[   18835ms] [LOG] [PETSCII] Received petscii-output, length: 4 @ http://localhost:3001/assets/index-DmX2Ev4k.js:88
[   18835ms] [LOG] [PETSCII] Switching font from PetMe64, "Courier New", monospace to PetMe64 @ http://localhost:3001/assets/index-DmX2Ev4k.js:88
[   18835ms] [LOG] [PETSCII] PETSCII content written to terminal @ http://localhost:3001/assets/index-DmX2Ev4k.js:88
[   18836ms] [LOG] [PETSCII] Received petscii-output, length: 1 @ http://localhost:3001/assets/index-DmX2Ev4k.js:88
[   18836ms] [LOG] [PETSCII] Switching font from PetMe64, "Courier New", monospace to PetMe64 @ http://localhost:3001/assets/index-DmX2Ev4k.js:88
[   18836ms] [LOG] [PETSCII] PETSCII content written to terminal @ http://localhost:3001/assets/index-DmX2Ev4k.js:88
[   18836ms] [LOG] [PETSCII] Received petscii-output, length: 1 @ http://localhost:3001/assets/index-DmX2Ev4k.js:88
[   18836ms] [LOG] [PETSCII] Switching font from PetMe64, "Courier New", monospace to PetMe64 @ http://localhost:3001/assets/index-DmX2Ev4k.js:88
[   18836ms] [LOG] [PETSCII] PETSCII content written to terminal @ http://localhost:3001/assets/index-DmX2Ev4k.js:88
[   18836ms] [LOG] [PETSCII] Received petscii-output, length: 5 @ http://localhost:3001/assets/index-DmX2Ev4k.js:88
[   18836ms] [LOG] [PETSCII] Switching font from PetMe64, "Courier New", monospace to PetMe64 @ http://localhost:3001/assets/index-DmX2Ev4k.js:88
[   18836ms] [LOG] [PETSCII] PETSCII content written to terminal @ http://localhost:3001/assets/index-DmX2Ev4k.js:88
[   18836ms] [LOG] [PETSCII] Received petscii-output, length: 1 @ http://localhost:3001/assets/index-DmX2Ev4k.js:88
[   18837ms] [LOG] [PETSCII] Switching font from PetMe64, "Courier New", monospace to PetMe64 @ http://localhost:3001/assets/index-DmX2Ev4k.js:88
[   18837ms] [LOG] [PETSCII] PETSCII content written to terminal @ http://localhost:3001/assets/index-DmX2Ev4k.js:88
[   18837ms] [LOG] [PETSCII] Received petscii-output, length: 5 @ http://localhost:3001/assets/index-DmX2Ev4k.js:88
[   18837ms] [LOG] [PETSCII] Switching font from PetMe64, "Courier New", monospace to PetMe64 @ http://localhost:3001/assets/index-DmX2Ev4k.js:88
[   18837ms] [LOG] [PETSCII] PETSCII content written to terminal @ http://localhost:3001/assets/index-DmX2Ev4k.js:88
[   18837ms] [LOG] [PETSCII] Received petscii-output, length: 4 @ http://localhost:3001/assets/index-DmX2Ev4k.js:88
[   18837ms] [LOG] [PETSCII] Switching font from PetMe64, "Courier New", monospace to PetMe64 @ http://localhost:3001/assets/index-DmX2Ev4k.js:88
[   18837ms] [LOG] [PETSCII] PETSCII content written to terminal @ http://localhost:3001/assets/index-DmX2Ev4k.js:88
[   18839ms] [LOG] [PETSCII] Received petscii-output, length: 1 @ http://localhost:3001/assets/index-DmX2Ev4k.js:88
[   18839ms] [LOG] [PETSCII] Switching font from PetMe64, "Courier New", monospace to PetMe64 @ http://localhost:3001/assets/index-DmX2Ev4k.js:88
[   18839ms] [LOG] [PETSCII] PETSCII content written to terminal @ http://localhost:3001/assets/index-DmX2Ev4k.js:88
[   18839ms] [LOG] [PETSCII] Received petscii-output, length: 5 @ http://localhost:3001/assets/index-DmX2Ev4k.js:88
[   18839ms] [LOG] [PETSCII] Switching font from PetMe64, "Courier New", monospace to PetMe64 @ http://localhost:3001/assets/index-DmX2Ev4k.js:88
[   18839ms] [LOG] [PETSCII] PETSCII content written to terminal @ http://localhost:3001/assets/index-DmX2Ev4k.js:88
[   18839ms] [LOG] [PETSCII] Received petscii-output, length: 5 @ http://localhost:3001/assets/index-DmX2Ev4k.js:88
[   18839ms] [LOG] [PETSCII] Switching font from PetMe64, "Courier New", monospace to PetMe64 @ http://localhost:3001/assets/index-DmX2Ev4k.js:88
[   18839ms] [LOG] [PETSCII] PETSCII content written to terminal @ http://localhost:3001/assets/index-DmX2Ev4k.js:88
[   18839ms] [LOG] [PETSCII] Received petscii-output, length: 1 @ http://localhost:3001/assets/index-DmX2Ev4k.js:88
[   18839ms] [LOG] [PETSCII] Switching font from PetMe64, "Courier New", monospace to PetMe64 @ http://localhost:3001/assets/index-DmX2Ev4k.js:88
[   18839ms] [LOG] [PETSCII] PETSCII content written to terminal @ http://localhost:3001/assets/index-DmX2Ev4k.js:88
[   18839ms] [LOG] [PETSCII] Received petscii-output, length: 4 @ http://localhost:3001/assets/index-DmX2Ev4k.js:88
[   18839ms] [LOG] [PETSCII] Switching font from PetMe64, "Courier New", monospace to PetMe64 @ http://localhost:3001/assets/index-DmX2Ev4k.js:88
[   18839ms] [LOG] [PETSCII] PETSCII content written to terminal @ http://localhost:3001/assets/index-DmX2Ev4k.js:88
[   18839ms] [LOG] [PETSCII] Received petscii-output, length: 5 @ http://localhost:3001/assets/index-DmX2Ev4k.js:88
[   18839ms] [LOG] [PETSCII] Switching font from PetMe64, "Courier New", monospace to PetMe64 @ http://localhost:3001/assets/index-DmX2Ev4k.js:88
[   18839ms] [LOG] [PETSCII] PETSCII content written to terminal @ http://localhost:3001/assets/index-DmX2Ev4k.js:88
[   18840ms] [LOG] [PETSCII] Received petscii-output, length: 1 @ http://localhost:3001/assets/index-DmX2Ev4k.js:88
[   18840ms] [LOG] [PETSCII] Switching font from PetMe64, "Courier New", monospace to PetMe64 @ http://localhost:3001/assets/index-DmX2Ev4k.js:88
[   18840ms] [LOG] [PETSCII] PETSCII content written to terminal @ http://localhost:3001/assets/index-DmX2Ev4k.js:88
[   18840ms] [LOG] [PETSCII] Received petscii-output, length: 5 @ http://localhost:3001/assets/index-DmX2Ev4k.js:88
[   18840ms] [LOG] [PETSCII] Switching font from PetMe64, "Courier New", monospace to PetMe64 @ http://localhost:3001/assets/index-DmX2Ev4k.js:88
[   18840ms] [LOG] [PETSCII] PETSCII content written to terminal @ http://localhost:3001/assets/index-DmX2Ev4k.js:88
[   18840ms] [LOG] [PETSCII] Received petscii-output, length: 1 @ http://localhost:3001/assets/index-DmX2Ev4k.js:88
[   18840ms] [LOG] [PETSCII] Switching font from PetMe64, "Courier New", monospace to PetMe64 @ http://localhost:3001/assets/index-DmX2Ev4k.js:88
[   18840ms] [LOG] [PETSCII] PETSCII content written to terminal @ http://localhost:3001/assets/index-DmX2Ev4k.js:88
[   18840ms] [LOG] [PETSCII] Received petscii-output, length: 5 @ http://localhost:3001/assets/index-DmX2Ev4k.js:88
[   18840ms] [LOG] [PETSCII] Switching font from PetMe64, "Courier New", monospace to PetMe64 @ http://localhost:3001/assets/index-DmX2Ev4k.js:88
[   18840ms] [LOG] [PETSCII] PETSCII content written to terminal @ http://localhost:3001/assets/index-DmX2Ev4k.js:88
[   18840ms] [LOG] [PETSCII] Received petscii-output, length: 5 @ http://localhost:3001/assets/index-DmX2Ev4k.js:88
[   18840ms] [LOG] [PETSCII] Switching font from PetMe64, "Courier New", monospace to PetMe64 @ http://localhost:3001/assets/index-DmX2Ev4k.js:88
[   18840ms] [LOG] [PETSCII] PETSCII content written to terminal @ http://localhost:3001/assets/index-DmX2Ev4k.js:88
[   18840ms] [LOG] [PETSCII] Received petscii-output, length: 1 @ http://localhost:3001/assets/index-DmX2Ev4k.js:88
[   18840ms] [LOG] [PETSCII] Switching font from PetMe64, "Courier New", monospace to PetMe64 @ http://localhost:3001/assets/index-DmX2Ev4k.js:88
[   18840ms] [LOG] [PETSCII] PETSCII content written to terminal @ http://localhost:3001/assets/index-DmX2Ev4k.js:88
[   18840ms] [LOG] [PETSCII] Received petscii-output, length: 4 @ http://localhost:3001/assets/index-DmX2Ev4k.js:88
[   18840ms] [LOG] [PETSCII] Switching font from PetMe64, "Courier New", monospace to PetMe64 @ http://localhost:3001/assets/index-DmX2Ev4k.js:88
[   18840ms] [LOG] [PETSCII] PETSCII content written to terminal @ http://localhost:3001/assets/index-DmX2Ev4k.js:88
[   18840ms] [LOG] [PETSCII] Received petscii-output, length: 5 @ http://localhost:3001/assets/index-DmX2Ev4k.js:88
[   18840ms] [LOG] [PETSCII] Switching font from PetMe64, "Courier New", monospace to PetMe64 @ http://localhost:3001/assets/index-DmX2Ev4k.js:88
[   18840ms] [LOG] [PETSCII] PETSCII content written to terminal @ http://localhost:3001/assets/index-DmX2Ev4k.js:88
[   18841ms] [LOG] [PETSCII] Received petscii-output, length: 3 @ http://localhost:3001/assets/index-DmX2Ev4k.js:88
[   18841ms] [LOG] [PETSCII] Switching font from PetMe64, "Courier New", monospace to PetMe64 @ http://localhost:3001/assets/index-DmX2Ev4k.js:88
[   18841ms] [LOG] [PETSCII] PETSCII content written to terminal @ http://localhost:3001/assets/index-DmX2Ev4k.js:88
[   18842ms] [LOG] [PETSCII] Received petscii-output, length: 5 @ http://localhost:3001/assets/index-DmX2Ev4k.js:88
[   18842ms] [LOG] [PETSCII] Switching font from PetMe64, "Courier New", monospace to PetMe64 @ http://localhost:3001/assets/index-DmX2Ev4k.js:88
[   18842ms] [LOG] [PETSCII] PETSCII content written to terminal @ http://localhost:3001/assets/index-DmX2Ev4k.js:88
[   18842ms] [LOG] [PETSCII] Received petscii-output, length: 1 @ http://localhost:3001/assets/index-DmX2Ev4k.js:88
[   18842ms] [LOG] [PETSCII] Switching font from PetMe64, "Courier New", monospace to PetMe64 @ http://localhost:3001/assets/index-DmX2Ev4k.js:88
[   18842ms] [LOG] [PETSCII] PETSCII content written to terminal @ http://localhost:3001/assets/index-DmX2Ev4k.js:88
[   18842ms] [LOG] [PETSCII] Received petscii-output, length: 5 @ http://localhost:3001/assets/index-DmX2Ev4k.js:88
[   18842ms] [LOG] [PETSCII] Switching font from PetMe64, "Courier New", monospace to PetMe64 @ http://localhost:3001/assets/index-DmX2Ev4k.js:88
[   18842ms] [LOG] [PETSCII] PETSCII content written to terminal @ http://localhost:3001/assets/index-DmX2Ev4k.js:88
[   18842ms] [LOG] [PETSCII] Received petscii-output, length: 1 @ http://localhost:3001/assets/index-DmX2Ev4k.js:88
[   18842ms] [LOG] [PETSCII] Switching font from PetMe64, "Courier New", monospace to PetMe64 @ http://localhost:3001/assets/index-DmX2Ev4k.js:88
[   18842ms] [LOG] [PETSCII] PETSCII content written to terminal @ http://localhost:3001/assets/index-DmX2Ev4k.js:88
[   18842ms] [LOG] [PETSCII] Received petscii-output, length: 5 @ http://localhost:3001/assets/index-DmX2Ev4k.js:88
[   18842ms] [LOG] [PETSCII] Switching font from PetMe64, "Courier New", monospace to PetMe64 @ http://localhost:3001/assets/index-DmX2Ev4k.js:88
[   18842ms] [LOG] [PETSCII] PETSCII content written to terminal @ http://localhost:3001/assets/index-DmX2Ev4k.js:88
[   18844ms] [LOG] [PETSCII] Received petscii-output, length: 1 @ http://localhost:3001/assets/index-DmX2Ev4k.js:88
[   18844ms] [LOG] [PETSCII] Switching font from PetMe64, "Courier New", monospace to PetMe64 @ http://localhost:3001/assets/index-DmX2Ev4k.js:88
[   18844ms] [LOG] [PETSCII] PETSCII content written to terminal @ http://localhost:3001/assets/index-DmX2Ev4k.js:88
[   18844ms] [LOG] [PETSCII] Received petscii-output, length: 5 @ http://localhost:3001/assets/index-DmX2Ev4k.js:88
[   18844ms] [LOG] [PETSCII] Switching font from PetMe64, "Courier New", monospace to PetMe64 @ http://localhost:3001/assets/index-DmX2Ev4k.js:88
[   18844ms] [LOG] [PETSCII] PETSCII content written to terminal @ http://localhost:3001/assets/index-DmX2Ev4k.js:88
[   18844ms] [LOG] [PETSCII] Received petscii-output, length: 5 @ http://localhost:3001/assets/index-DmX2Ev4k.js:88
[   18844ms] [LOG] [PETSCII] Switching font from PetMe64, "Courier New", monospace to PetMe64 @ http://localhost:3001/assets/index-DmX2Ev4k.js:88
[   18844ms] [LOG] [PETSCII] PETSCII content written to terminal @ http://localhost:3001/assets/index-DmX2Ev4k.js:88
[   18845ms] [LOG] [PETSCII] Received petscii-output, length: 1 @ http://localhost:3001/assets/index-DmX2Ev4k.js:88
[   18845ms] [LOG] [PETSCII] Switching font from PetMe64, "Courier New", monospace to PetMe64 @ http://localhost:3001/assets/index-DmX2Ev4k.js:88
[   18845ms] [LOG] [PETSCII] PETSCII content written to terminal @ http://localhost:3001/assets/index-DmX2Ev4k.js:88
[   18845ms] [LOG] [PETSCII] Received petscii-output, length: 4 @ http://localhost:3001/assets/index-DmX2Ev4k.js:88
[   18845ms] [LOG] [PETSCII] Switching font from PetMe64, "Courier New", monospace to PetMe64 @ http://localhost:3001/assets/index-DmX2Ev4k.js:88
[   18845ms] [LOG] [PETSCII] PETSCII content written to terminal @ http://localhost:3001/assets/index-DmX2Ev4k.js:88
[   18845ms] [LOG] [PETSCII] Received petscii-output, length: 5 @ http://localhost:3001/assets/index-DmX2Ev4k.js:88
[   18845ms] [LOG] [PETSCII] Switching font from PetMe64, "Courier New", monospace to PetMe64 @ http://localhost:3001/assets/index-DmX2Ev4k.js:88
[   18845ms] [LOG] [PETSCII] PETSCII content written to terminal @ http://localhost:3001/assets/index-DmX2Ev4k.js:88
[   18845ms] [LOG] [PETSCII] Received petscii-output, length: 4 @ http://localhost:3001/assets/index-DmX2Ev4k.js:88
[   18845ms] [LOG] [PETSCII] Switching font from PetMe64, "Courier New", monospace to PetMe64 @ http://localhost:3001/assets/index-DmX2Ev4k.js:88
[   18845ms] [LOG] [PETSCII] PETSCII content written to terminal @ http://localhost:3001/assets/index-DmX2Ev4k.js:88
[   18847ms] [LOG] [PETSCII] Received petscii-output, length: 4 @ http://localhost:3001/assets/index-DmX2Ev4k.js:88
[   18847ms] [LOG] [PETSCII] Switching font from PetMe64, "Courier New", monospace to PetMe64 @ http://localhost:3001/assets/index-DmX2Ev4k.js:88
[   18847ms] [LOG] [PETSCII] PETSCII content written to terminal @ http://localhost:3001/assets/index-DmX2Ev4k.js:88
[   18847ms] [LOG] [PETSCII] Received petscii-output, length: 4 @ http://localhost:3001/assets/index-DmX2Ev4k.js:88
[   18847ms] [LOG] [PETSCII] Switching font from PetMe64, "Courier New", monospace to PetMe64 @ http://localhost:3001/assets/index-DmX2Ev4k.js:88
[   18847ms] [LOG] [PETSCII] PETSCII content written to terminal @ http://localhost:3001/assets/index-DmX2Ev4k.js:88
[   18847ms] [LOG] [PETSCII] Received petscii-output, length: 5 @ http://localhost:3001/assets/index-DmX2Ev4k.js:88
[   18847ms] [LOG] [PETSCII] Switching font from PetMe64, "Courier New", monospace to PetMe64 @ http://localhost:3001/assets/index-DmX2Ev4k.js:88
[   18847ms] [LOG] [PETSCII] PETSCII content written to terminal @ http://localhost:3001/assets/index-DmX2Ev4k.js:88
[   18847ms] [LOG] [PETSCII] Received petscii-output, length: 2 @ http://localhost:3001/assets/index-DmX2Ev4k.js:88
[   18847ms] [LOG] [PETSCII] Switching font from PetMe64, "Courier New", monospace to PetMe64 @ http://localhost:3001/assets/index-DmX2Ev4k.js:88
[   18847ms] [LOG] [PETSCII] PETSCII content written to terminal @ http://localhost:3001/assets/index-DmX2Ev4k.js:88
[   18847ms] [LOG] [PETSCII] Received petscii-output, length: 5 @ http://localhost:3001/assets/index-DmX2Ev4k.js:88
[   18847ms] [LOG] [PETSCII] Switching font from PetMe64, "Courier New", monospace to PetMe64 @ http://localhost:3001/assets/index-DmX2Ev4k.js:88
[   18848ms] [LOG] [PETSCII] PETSCII content written to terminal @ http://localhost:3001/assets/index-DmX2Ev4k.js:88
[   18848ms] [LOG] [PETSCII] Received petscii-output, length: 1 @ http://localhost:3001/assets/index-DmX2Ev4k.js:88
[   18848ms] [LOG] [PETSCII] Switching font from PetMe64, "Courier New", monospace to PetMe64 @ http://localhost:3001/assets/index-DmX2Ev4k.js:88
[   18848ms] [LOG] [PETSCII] PETSCII content written to terminal @ http://localhost:3001/assets/index-DmX2Ev4k.js:88
[   18848ms] [LOG] [PETSCII] Received petscii-output, length: 5 @ http://localhost:3001/assets/index-DmX2Ev4k.js:88
[   18848ms] [LOG] [PETSCII] Switching font from PetMe64, "Courier New", monospace to PetMe64 @ http://localhost:3001/assets/index-DmX2Ev4k.js:88
[   18848ms] [LOG] [PETSCII] PETSCII content written to terminal @ http://localhost:3001/assets/index-DmX2Ev4k.js:88
[   18849ms] [LOG] [PETSCII] Received petscii-output, length: 1 @ http://localhost:3001/assets/index-DmX2Ev4k.js:88
[   18850ms] [LOG] [PETSCII] Switching font from PetMe64, "Courier New", monospace to PetMe64 @ http://localhost:3001/assets/index-DmX2Ev4k.js:88
[   18850ms] [LOG] [PETSCII] PETSCII content written to terminal @ http://localhost:3001/assets/index-DmX2Ev4k.js:88
[   18850ms] [LOG] [PETSCII] Received petscii-output, length: 5 @ http://localhost:3001/assets/index-DmX2Ev4k.js:88
[   18850ms] [LOG] [PETSCII] Switching font from PetMe64, "Courier New", monospace to PetMe64 @ http://localhost:3001/assets/index-DmX2Ev4k.js:88
[   18850ms] [LOG] [PETSCII] PETSCII content written to terminal @ http://localhost:3001/assets/index-DmX2Ev4k.js:88
[   18850ms] [LOG] [PETSCII] Received petscii-output, length: 5 @ http://localhost:3001/assets/index-DmX2Ev4k.js:88
[   18850ms] [LOG] [PETSCII] Switching font from PetMe64, "Courier New", monospace to PetMe64 @ http://localhost:3001/assets/index-DmX2Ev4k.js:88
[   18850ms] [LOG] [PETSCII] PETSCII content written to terminal @ http://localhost:3001/assets/index-DmX2Ev4k.js:88
[   18850ms] [LOG] [PETSCII] Received petscii-output, length: 1 @ http://localhost:3001/assets/index-DmX2Ev4k.js:88
[   18850ms] [LOG] [PETSCII] Switching font from PetMe64, "Courier New", monospace to PetMe64 @ http://localhost:3001/assets/index-DmX2Ev4k.js:88
[   18850ms] [LOG] [PETSCII] PETSCII content written to terminal @ http://localhost:3001/assets/index-DmX2Ev4k.js:88
[   18850ms] [LOG] [PETSCII] Received petscii-output, length: 4 @ http://localhost:3001/assets/index-DmX2Ev4k.js:88
[   18850ms] [LOG] [PETSCII] Switching font from PetMe64, "Courier New", monospace to PetMe64 @ http://localhost:3001/assets/index-DmX2Ev4k.js:88
[   18850ms] [LOG] [PETSCII] PETSCII content written to terminal @ http://localhost:3001/assets/index-DmX2Ev4k.js:88
[   18850ms] [LOG] [PETSCII] Received petscii-output, length: 5 @ http://localhost:3001/assets/index-DmX2Ev4k.js:88
[   18850ms] [LOG] [PETSCII] Switching font from PetMe64, "Courier New", monospace to PetMe64 @ http://localhost:3001/assets/index-DmX2Ev4k.js:88
[   18850ms] [LOG] [PETSCII] PETSCII content written to terminal @ http://localhost:3001/assets/index-DmX2Ev4k.js:88
[   18850ms] [LOG] [PETSCII] Received petscii-output, length: 1 @ http://localhost:3001/assets/index-DmX2Ev4k.js:88
[   18850ms] [LOG] [PETSCII] Switching font from PetMe64, "Courier New", monospace to PetMe64 @ http://localhost:3001/assets/index-DmX2Ev4k.js:88
[   18850ms] [LOG] [PETSCII] PETSCII content written to terminal @ http://localhost:3001/assets/index-DmX2Ev4k.js:88
[   18850ms] [LOG] [PETSCII] Received petscii-output, length: 5 @ http://localhost:3001/assets/index-DmX2Ev4k.js:88
[   18851ms] [LOG] [PETSCII] Switching font from PetMe64, "Courier New", monospace to PetMe64 @ http://localhost:3001/assets/index-DmX2Ev4k.js:88
[   18851ms] [LOG] [PETSCII] PETSCII content written to terminal @ http://localhost:3001/assets/index-DmX2Ev4k.js:88
[   18851ms] [LOG] [PETSCII] Received petscii-output, length: 5 @ http://localhost:3001/assets/index-DmX2Ev4k.js:88
[   18851ms] [LOG] [PETSCII] Switching font from PetMe64, "Courier New", monospace to PetMe64 @ http://localhost:3001/assets/index-DmX2Ev4k.js:88
[   18851ms] [LOG] [PETSCII] PETSCII content written to terminal @ http://localhost:3001/assets/index-DmX2Ev4k.js:88
[   18851ms] [LOG] [PETSCII] Received petscii-output, length: 1 @ http://localhost:3001/assets/index-DmX2Ev4k.js:88
[   18851ms] [LOG] [PETSCII] Switching font from PetMe64, "Courier New", monospace to PetMe64 @ http://localhost:3001/assets/index-DmX2Ev4k.js:88
[   18851ms] [LOG] [PETSCII] PETSCII content written to terminal @ http://localhost:3001/assets/index-DmX2Ev4k.js:88
[   18851ms] [LOG] [PETSCII] Received petscii-output, length: 4 @ http://localhost:3001/assets/index-DmX2Ev4k.js:88
[   18851ms] [LOG] [PETSCII] Switching font from PetMe64, "Courier New", monospace to PetMe64 @ http://localhost:3001/assets/index-DmX2Ev4k.js:88
[   18851ms] [LOG] [PETSCII] PETSCII content written to terminal @ http://localhost:3001/assets/index-DmX2Ev4k.js:88
[   18851ms] [LOG] [PETSCII] Received petscii-output, length: 1 @ http://localhost:3001/assets/index-DmX2Ev4k.js:88
[   18851ms] [LOG] [PETSCII] Switching font from PetMe64, "Courier New", monospace to PetMe64 @ http://localhost:3001/assets/index-DmX2Ev4k.js:88
[   18851ms] [LOG] [PETSCII] PETSCII content written to terminal @ http://localhost:3001/assets/index-DmX2Ev4k.js:88
[   18851ms] [LOG] [PETSCII] Received petscii-output, length: 5 @ http://localhost:3001/assets/index-DmX2Ev4k.js:88
[   18851ms] [LOG] [PETSCII] Switching font from PetMe64, "Courier New", monospace to PetMe64 @ http://localhost:3001/assets/index-DmX2Ev4k.js:88
[   18851ms] [LOG] [PETSCII] PETSCII content written to terminal @ http://localhost:3001/assets/index-DmX2Ev4k.js:88
[   18851ms] [LOG] [PETSCII] Received petscii-output, length: 1 @ http://localhost:3001/assets/index-DmX2Ev4k.js:88
[   18851ms] [LOG] [PETSCII] Switching font from PetMe64, "Courier New", monospace to PetMe64 @ http://localhost:3001/assets/index-DmX2Ev4k.js:88
[   18851ms] [LOG] [PETSCII] PETSCII content written to terminal @ http://localhost:3001/assets/index-DmX2Ev4k.js:88
[   18852ms] [LOG] [PETSCII] Received petscii-output, length: 2 @ http://localhost:3001/assets/index-DmX2Ev4k.js:88
[   18852ms] [LOG] [PETSCII] Switching font from PetMe64, "Courier New", monospace to PetMe64 @ http://localhost:3001/assets/index-DmX2Ev4k.js:88
[   18852ms] [LOG] [PETSCII] PETSCII content written to terminal @ http://localhost:3001/assets/index-DmX2Ev4k.js:88
[   18852ms] [LOG] [PETSCII] Received petscii-output, length: 4 @ http://localhost:3001/assets/index-DmX2Ev4k.js:88
[   18852ms] [LOG] [PETSCII] Switching font from PetMe64, "Courier New", monospace to PetMe64 @ http://localhost:3001/assets/index-DmX2Ev4k.js:88
[   18852ms] [LOG] [PETSCII] PETSCII content written to terminal @ http://localhost:3001/assets/index-DmX2Ev4k.js:88
[   18853ms] [LOG] [PETSCII] Received petscii-output, length: 5 @ http://localhost:3001/assets/index-DmX2Ev4k.js:88
[   18853ms] [LOG] [PETSCII] Switching font from PetMe64, "Courier New", monospace to PetMe64 @ http://localhost:3001/assets/index-DmX2Ev4k.js:88
[   18853ms] [LOG] [PETSCII] PETSCII content written to terminal @ http://localhost:3001/assets/index-DmX2Ev4k.js:88
[   18853ms] [LOG] [PETSCII] Received petscii-output, length: 1 @ http://localhost:3001/assets/index-DmX2Ev4k.js:88
[   18853ms] [LOG] [PETSCII] Switching font from PetMe64, "Courier New", monospace to PetMe64 @ http://localhost:3001/assets/index-DmX2Ev4k.js:88
[   18853ms] [LOG] [PETSCII] PETSCII content written to terminal @ http://localhost:3001/assets/index-DmX2Ev4k.js:88
[   18853ms] [LOG] [PETSCII] Received petscii-output, length: 5 @ http://localhost:3001/assets/index-DmX2Ev4k.js:88
[   18853ms] [LOG] [PETSCII] Switching font from PetMe64, "Courier New", monospace to PetMe64 @ http://localhost:3001/assets/index-DmX2Ev4k.js:88
[   18853ms] [LOG] [PETSCII] PETSCII content written to terminal @ http://localhost:3001/assets/index-DmX2Ev4k.js:88
[   18853ms] [LOG] [PETSCII] Received petscii-output, length: 1 @ http://localhost:3001/assets/index-DmX2Ev4k.js:88
[   18853ms] [LOG] [PETSCII] Switching font from PetMe64, "Courier New", monospace to PetMe64 @ http://localhost:3001/assets/index-DmX2Ev4k.js:88
[   18853ms] [LOG] [PETSCII] PETSCII content written to terminal @ http://localhost:3001/assets/index-DmX2Ev4k.js:88
[   18853ms] [LOG] [PETSCII] Received petscii-output, length: 5 @ http://localhost:3001/assets/index-DmX2Ev4k.js:88
[   18853ms] [LOG] [PETSCII] Switching font from PetMe64, "Courier New", monospace to PetMe64 @ http://localhost:3001/assets/index-DmX2Ev4k.js:88
[   18853ms] [LOG] [PETSCII] PETSCII content written to terminal @ http://localhost:3001/assets/index-DmX2Ev4k.js:88
[   18853ms] [LOG] [PETSCII] Received petscii-output, length: 3 @ http://localhost:3001/assets/index-DmX2Ev4k.js:88
[   18853ms] [LOG] [PETSCII] Switching font from PetMe64, "Courier New", monospace to PetMe64 @ http://localhost:3001/assets/index-DmX2Ev4k.js:88
[   18853ms] [LOG] [PETSCII] PETSCII content written to terminal @ http://localhost:3001/assets/index-DmX2Ev4k.js:88
[   18854ms] [LOG] [PETSCII] Received petscii-output, length: 5 @ http://localhost:3001/assets/index-DmX2Ev4k.js:88
[   18854ms] [LOG] [PETSCII] Switching font from PetMe64, "Courier New", monospace to PetMe64 @ http://localhost:3001/assets/index-DmX2Ev4k.js:88
[   18854ms] [LOG] [PETSCII] PETSCII content written to terminal @ http://localhost:3001/assets/index-DmX2Ev4k.js:88
[   18854ms] [LOG] [PETSCII] Received petscii-output, length: 1 @ http://localhost:3001/assets/index-DmX2Ev4k.js:88
[   18854ms] [LOG] [PETSCII] Switching font from PetMe64, "Courier New", monospace to PetMe64 @ http://localhost:3001/assets/index-DmX2Ev4k.js:88
[   18854ms] [LOG] [PETSCII] PETSCII content written to terminal @ http://localhost:3001/assets/index-DmX2Ev4k.js:88
[   18857ms] [LOG] [PETSCII] Received petscii-output, length: 6 @ http://localhost:3001/assets/index-DmX2Ev4k.js:88
[   18857ms] [LOG] [PETSCII] Switching font from PetMe64, "Courier New", monospace to PetMe64 @ http://localhost:3001/assets/index-DmX2Ev4k.js:88
[   18858ms] [LOG] [PETSCII] PETSCII content written to terminal @ http://localhost:3001/assets/index-DmX2Ev4k.js:88
[   18858ms] [LOG] [PETSCII] Received petscii-output, length: 5 @ http://localhost:3001/assets/index-DmX2Ev4k.js:88
[   18858ms] [LOG] [PETSCII] Switching font from PetMe64, "Courier New", monospace to PetMe64 @ http://localhost:3001/assets/index-DmX2Ev4k.js:88
[   18858ms] [LOG] [PETSCII] PETSCII content written to terminal @ http://localhost:3001/assets/index-DmX2Ev4k.js:88
[   18858ms] [LOG] [PETSCII] Received petscii-output, length: 1 @ http://localhost:3001/assets/index-DmX2Ev4k.js:88
[   18858ms] [LOG] [PETSCII] Switching font from PetMe64, "Courier New", monospace to PetMe64 @ http://localhost:3001/assets/index-DmX2Ev4k.js:88
[   18858ms] [LOG] [PETSCII] PETSCII content written to terminal @ http://localhost:3001/assets/index-DmX2Ev4k.js:88
[   18861ms] [LOG] [PETSCII] Received petscii-output, length: 1 @ http://localhost:3001/assets/index-DmX2Ev4k.js:88
[   18861ms] [LOG] [PETSCII] Switching font from PetMe64, "Courier New", monospace to PetMe64 @ http://localhost:3001/assets/index-DmX2Ev4k.js:88
[   18861ms] [LOG] [PETSCII] PETSCII content written to terminal @ http://localhost:3001/assets/index-DmX2Ev4k.js:88
[   18861ms] [LOG] [PETSCII] Received petscii-output, length: 5 @ http://localhost:3001/assets/index-DmX2Ev4k.js:88
[   18861ms] [LOG] [PETSCII] Switching font from PetMe64, "Courier New", monospace to PetMe64 @ http://localhost:3001/assets/index-DmX2Ev4k.js:88
[   18861ms] [LOG] [PETSCII] PETSCII content written to terminal @ http://localhost:3001/assets/index-DmX2Ev4k.js:88
[   18861ms] [LOG] [PETSCII] Received petscii-output, length: 1 @ http://localhost:3001/assets/index-DmX2Ev4k.js:88
[   18861ms] [LOG] [PETSCII] Switching font from PetMe64, "Courier New", monospace to PetMe64 @ http://localhost:3001/assets/index-DmX2Ev4k.js:88
[   18861ms] [LOG] [PETSCII] PETSCII content written to terminal @ http://localhost:3001/assets/index-DmX2Ev4k.js:88
[   18861ms] [LOG] [PETSCII] Received petscii-output, length: 5 @ http://localhost:3001/assets/index-DmX2Ev4k.js:88
[   18861ms] [LOG] [PETSCII] Switching font from PetMe64, "Courier New", monospace to PetMe64 @ http://localhost:3001/assets/index-DmX2Ev4k.js:88
[   18861ms] [LOG] [PETSCII] PETSCII content written to terminal @ http://localhost:3001/assets/index-DmX2Ev4k.js:88
[   18861ms] [LOG] [PETSCII] Received petscii-output, length: 1 @ http://localhost:3001/assets/index-DmX2Ev4k.js:88
[   18861ms] [LOG] [PETSCII] Switching font from PetMe64, "Courier New", monospace to PetMe64 @ http://localhost:3001/assets/index-DmX2Ev4k.js:88
[   18861ms] [LOG] [PETSCII] PETSCII content written to terminal @ http://localhost:3001/assets/index-DmX2Ev4k.js:88
[   18861ms] [LOG] [PETSCII] Received petscii-output, length: 5 @ http://localhost:3001/assets/index-DmX2Ev4k.js:88
[   18861ms] [LOG] [PETSCII] Switching font from PetMe64, "Courier New", monospace to PetMe64 @ http://localhost:3001/assets/index-DmX2Ev4k.js:88
[   18861ms] [LOG] [PETSCII] PETSCII content written to terminal @ http://localhost:3001/assets/index-DmX2Ev4k.js:88
[   18861ms] [LOG] [PETSCII] Received petscii-output, length: 5 @ http://localhost:3001/assets/index-DmX2Ev4k.js:88
[   18861ms] [LOG] [PETSCII] Switching font from PetMe64, "Courier New", monospace to PetMe64 @ http://localhost:3001/assets/index-DmX2Ev4k.js:88
[   18861ms] [LOG] [PETSCII] PETSCII content written to terminal @ http://localhost:3001/assets/index-DmX2Ev4k.js:88
[   18861ms] [LOG] [PETSCII] Received petscii-output, length: 1 @ http://localhost:3001/assets/index-DmX2Ev4k.js:88
[   18861ms] [LOG] [PETSCII] Switching font from PetMe64, "Courier New", monospace to PetMe64 @ http://localhost:3001/assets/index-DmX2Ev4k.js:88
[   18862ms] [LOG] [PETSCII] PETSCII content written to terminal @ http://localhost:3001/assets/index-DmX2Ev4k.js:88
[   18862ms] [LOG] [PETSCII] Received petscii-output, length: 4 @ http://localhost:3001/assets/index-DmX2Ev4k.js:88
[   18862ms] [LOG] [PETSCII] Switching font from PetMe64, "Courier New", monospace to PetMe64 @ http://localhost:3001/assets/index-DmX2Ev4k.js:88
[   18862ms] [LOG] [PETSCII] PETSCII content written to terminal @ http://localhost:3001/assets/index-DmX2Ev4k.js:88
[   18862ms] [LOG] [PETSCII] Received petscii-output, length: 5 @ http://localhost:3001/assets/index-DmX2Ev4k.js:88
[   18862ms] [LOG] [PETSCII] Switching font from PetMe64, "Courier New", monospace to PetMe64 @ http://localhost:3001/assets/index-DmX2Ev4k.js:88
[   18862ms] [LOG] [PETSCII] PETSCII content written to terminal @ http://localhost:3001/assets/index-DmX2Ev4k.js:88
[   18862ms] [LOG] [PETSCII] Received petscii-output, length: 1 @ http://localhost:3001/assets/index-DmX2Ev4k.js:88
[   18862ms] [LOG] [PETSCII] Switching font from PetMe64, "Courier New", monospace to PetMe64 @ http://localhost:3001/assets/index-DmX2Ev4k.js:88
[   18862ms] [LOG] [PETSCII] PETSCII content written to terminal @ http://localhost:3001/assets/index-DmX2Ev4k.js:88
[   18862ms] [LOG] [PETSCII] Received petscii-output, length: 5 @ http://localhost:3001/assets/index-DmX2Ev4k.js:88
[   18862ms] [LOG] [PETSCII] Switching font from PetMe64, "Courier New", monospace to PetMe64 @ http://localhost:3001/assets/index-DmX2Ev4k.js:88
[   18862ms] [LOG] [PETSCII] PETSCII content written to terminal @ http://localhost:3001/assets/index-DmX2Ev4k.js:88
[   18862ms] [LOG] [PETSCII] Received petscii-output, length: 1 @ http://localhost:3001/assets/index-DmX2Ev4k.js:88
[   18862ms] [LOG] [PETSCII] Switching font from PetMe64, "Courier New", monospace to PetMe64 @ http://localhost:3001/assets/index-DmX2Ev4k.js:88
[   18862ms] [LOG] [PETSCII] PETSCII content written to terminal @ http://localhost:3001/assets/index-DmX2Ev4k.js:88
[   18862ms] [LOG] [PETSCII] Received petscii-output, length: 4 @ http://localhost:3001/assets/index-DmX2Ev4k.js:88
[   18862ms] [LOG] [PETSCII] Switching font from PetMe64, "Courier New", monospace to PetMe64 @ http://localhost:3001/assets/index-DmX2Ev4k.js:88
[   18862ms] [LOG] [PETSCII] PETSCII content written to terminal @ http://localhost:3001/assets/index-DmX2Ev4k.js:88
[   18862ms] [LOG] [PETSCII] Received petscii-output, length: 1 @ http://localhost:3001/assets/index-DmX2Ev4k.js:88
[   18862ms] [LOG] [PETSCII] Switching font from PetMe64, "Courier New", monospace to PetMe64 @ http://localhost:3001/assets/index-DmX2Ev4k.js:88
[   18862ms] [LOG] [PETSCII] PETSCII content written to terminal @ http://localhost:3001/assets/index-DmX2Ev4k.js:88
[   18863ms] [LOG] [PETSCII] Received petscii-output, length: 1 @ http://localhost:3001/assets/index-DmX2Ev4k.js:88
[   18863ms] [LOG] [PETSCII] Switching font from PetMe64, "Courier New", monospace to PetMe64 @ http://localhost:3001/assets/index-DmX2Ev4k.js:88
[   18863ms] [LOG] [PETSCII] PETSCII content written to terminal @ http://localhost:3001/assets/index-DmX2Ev4k.js:88
[   18863ms] [LOG] [PETSCII] Received petscii-output, length: 5 @ http://localhost:3001/assets/index-DmX2Ev4k.js:88
[   18863ms] [LOG] [PETSCII] Switching font from PetMe64, "Courier New", monospace to PetMe64 @ http://localhost:3001/assets/index-DmX2Ev4k.js:88
[   18863ms] [LOG] [PETSCII] PETSCII content written to terminal @ http://localhost:3001/assets/index-DmX2Ev4k.js:88
[   18863ms] [LOG] [PETSCII] Received petscii-output, length: 5 @ http://localhost:3001/assets/index-DmX2Ev4k.js:88
[   18863ms] [LOG] [PETSCII] Switching font from PetMe64, "Courier New", monospace to PetMe64 @ http://localhost:3001/assets/index-DmX2Ev4k.js:88
[   18863ms] [LOG] [PETSCII] PETSCII content written to terminal @ http://localhost:3001/assets/index-DmX2Ev4k.js:88
[   18863ms] [LOG] [PETSCII] Received petscii-output, length: 1 @ http://localhost:3001/assets/index-DmX2Ev4k.js:88
[   18863ms] [LOG] [PETSCII] Switching font from PetMe64, "Courier New", monospace to PetMe64 @ http://localhost:3001/assets/index-DmX2Ev4k.js:88
[   18863ms] [LOG] [PETSCII] PETSCII content written to terminal @ http://localhost:3001/assets/index-DmX2Ev4k.js:88
[   18863ms] [LOG] [PETSCII] Received petscii-output, length: 4 @ http://localhost:3001/assets/index-DmX2Ev4k.js:88
[   18863ms] [LOG] [PETSCII] Switching font from PetMe64, "Courier New", monospace to PetMe64 @ http://localhost:3001/assets/index-DmX2Ev4k.js:88
[   18863ms] [LOG] [PETSCII] PETSCII content written to terminal @ http://localhost:3001/assets/index-DmX2Ev4k.js:88
[   18863ms] [LOG] [PETSCII] Received petscii-output, length: 5 @ http://localhost:3001/assets/index-DmX2Ev4k.js:88
[   18863ms] [LOG] [PETSCII] Switching font from PetMe64, "Courier New", monospace to PetMe64 @ http://localhost:3001/assets/index-DmX2Ev4k.js:88
[   18863ms] [LOG] [PETSCII] PETSCII content written to terminal @ http://localhost:3001/assets/index-DmX2Ev4k.js:88
[   18863ms] [LOG] [PETSCII] Received petscii-output, length: 1 @ http://localhost:3001/assets/index-DmX2Ev4k.js:88
[   18863ms] [LOG] [PETSCII] Switching font from PetMe64, "Courier New", monospace to PetMe64 @ http://localhost:3001/assets/index-DmX2Ev4k.js:88
[   18863ms] [LOG] [PETSCII] PETSCII content written to terminal @ http://localhost:3001/assets/index-DmX2Ev4k.js:88
[   18863ms] [LOG] [PETSCII] Received petscii-output, length: 5 @ http://localhost:3001/assets/index-DmX2Ev4k.js:88
[   18863ms] [LOG] [PETSCII] Switching font from PetMe64, "Courier New", monospace to PetMe64 @ http://localhost:3001/assets/index-DmX2Ev4k.js:88
[   18863ms] [LOG] [PETSCII] PETSCII content written to terminal @ http://localhost:3001/assets/index-DmX2Ev4k.js:88
[   18863ms] [LOG] [PETSCII] Received petscii-output, length: 5 @ http://localhost:3001/assets/index-DmX2Ev4k.js:88
[   18863ms] [LOG] [PETSCII] Switching font from PetMe64, "Courier New", monospace to PetMe64 @ http://localhost:3001/assets/index-DmX2Ev4k.js:88
[   18863ms] [LOG] [PETSCII] PETSCII content written to terminal @ http://localhost:3001/assets/index-DmX2Ev4k.js:88
[   18863ms] [LOG] [PETSCII] Received petscii-output, length: 1 @ http://localhost:3001/assets/index-DmX2Ev4k.js:88
[   18863ms] [LOG] [PETSCII] Switching font from PetMe64, "Courier New", monospace to PetMe64 @ http://localhost:3001/assets/index-DmX2Ev4k.js:88
[   18863ms] [LOG] [PETSCII] PETSCII content written to terminal @ http://localhost:3001/assets/index-DmX2Ev4k.js:88
[   18864ms] [LOG] [PETSCII] Received petscii-output, length: 4 @ http://localhost:3001/assets/index-DmX2Ev4k.js:88
[   18864ms] [LOG] [PETSCII] Switching font from PetMe64, "Courier New", monospace to PetMe64 @ http://localhost:3001/assets/index-DmX2Ev4k.js:88
[   18864ms] [LOG] [PETSCII] PETSCII content written to terminal @ http://localhost:3001/assets/index-DmX2Ev4k.js:88
[   18864ms] [LOG] [PETSCII] Received petscii-output, length: 1 @ http://localhost:3001/assets/index-DmX2Ev4k.js:88
[   18864ms] [LOG] [PETSCII] Switching font from PetMe64, "Courier New", monospace to PetMe64 @ http://localhost:3001/assets/index-DmX2Ev4k.js:88
[   18864ms] [LOG] [PETSCII] PETSCII content written to terminal @ http://localhost:3001/assets/index-DmX2Ev4k.js:88
[   18865ms] [LOG] [PETSCII] Received petscii-output, length: 6 @ http://localhost:3001/assets/index-DmX2Ev4k.js:88
[   18865ms] [LOG] [PETSCII] Switching font from PetMe64, "Courier New", monospace to PetMe64 @ http://localhost:3001/assets/index-DmX2Ev4k.js:88
[   18865ms] [LOG] [PETSCII] PETSCII content written to terminal @ http://localhost:3001/assets/index-DmX2Ev4k.js:88
[   18865ms] [LOG] [PETSCII] Received petscii-output, length: 1 @ http://localhost:3001/assets/index-DmX2Ev4k.js:88
[   18865ms] [LOG] [PETSCII] Switching font from PetMe64, "Courier New", monospace to PetMe64 @ http://localhost:3001/assets/index-DmX2Ev4k.js:88
[   18865ms] [LOG] [PETSCII] PETSCII content written to terminal @ http://localhost:3001/assets/index-DmX2Ev4k.js:88
[   18867ms] [LOG] [PETSCII] Received petscii-output, length: 4 @ http://localhost:3001/assets/index-DmX2Ev4k.js:88
[   18868ms] [LOG] [PETSCII] Switching font from PetMe64, "Courier New", monospace to PetMe64 @ http://localhost:3001/assets/index-DmX2Ev4k.js:88
[   18868ms] [LOG] [PETSCII] PETSCII content written to terminal @ http://localhost:3001/assets/index-DmX2Ev4k.js:88
[   18868ms] [LOG] [PETSCII] Received petscii-output, length: 4 @ http://localhost:3001/assets/index-DmX2Ev4k.js:88
[   18868ms] [LOG] [PETSCII] Switching font from PetMe64, "Courier New", monospace to PetMe64 @ http://localhost:3001/assets/index-DmX2Ev4k.js:88
[   18868ms] [LOG] [PETSCII] PETSCII content written to terminal @ http://localhost:3001/assets/index-DmX2Ev4k.js:88
[   18868ms] [LOG] [PETSCII] Received petscii-output, length: 5 @ http://localhost:3001/assets/index-DmX2Ev4k.js:88
[   18868ms] [LOG] [PETSCII] Switching font from PetMe64, "Courier New", monospace to PetMe64 @ http://localhost:3001/assets/index-DmX2Ev4k.js:88
[   18868ms] [LOG] [PETSCII] PETSCII content written to terminal @ http://localhost:3001/assets/index-DmX2Ev4k.js:88
[   18868ms] [LOG] [PETSCII] Received petscii-output, length: 2 @ http://localhost:3001/assets/index-DmX2Ev4k.js:88
[   18868ms] [LOG] [PETSCII] Switching font from PetMe64, "Courier New", monospace to PetMe64 @ http://localhost:3001/assets/index-DmX2Ev4k.js:88
[   18868ms] [LOG] [PETSCII] PETSCII content written to terminal @ http://localhost:3001/assets/index-DmX2Ev4k.js:88
[   18868ms] [LOG] [PETSCII] Received petscii-output, length: 5 @ http://localhost:3001/assets/index-DmX2Ev4k.js:88
[   18868ms] [LOG] [PETSCII] Switching font from PetMe64, "Courier New", monospace to PetMe64 @ http://localhost:3001/assets/index-DmX2Ev4k.js:88
[   18868ms] [LOG] [PETSCII] PETSCII content written to terminal @ http://localhost:3001/assets/index-DmX2Ev4k.js:88
[   18868ms] [LOG] [PETSCII] Received petscii-output, length: 2 @ http://localhost:3001/assets/index-DmX2Ev4k.js:88
[   18868ms] [LOG] [PETSCII] Switching font from PetMe64, "Courier New", monospace to PetMe64 @ http://localhost:3001/assets/index-DmX2Ev4k.js:88
[   18868ms] [LOG] [PETSCII] PETSCII content written to terminal @ http://localhost:3001/assets/index-DmX2Ev4k.js:88
[   18870ms] [LOG] [PETSCII] Received petscii-output, length: 2 @ http://localhost:3001/assets/index-DmX2Ev4k.js:88
[   18870ms] [LOG] [PETSCII] Switching font from PetMe64, "Courier New", monospace to PetMe64 @ http://localhost:3001/assets/index-DmX2Ev4k.js:88
[   18870ms] [LOG] [PETSCII] PETSCII content written to terminal @ http://localhost:3001/assets/index-DmX2Ev4k.js:88
[   18870ms] [LOG] [PETSCII] Received petscii-output, length: 4 @ http://localhost:3001/assets/index-DmX2Ev4k.js:88
[   18870ms] [LOG] [PETSCII] Switching font from PetMe64, "Courier New", monospace to PetMe64 @ http://localhost:3001/assets/index-DmX2Ev4k.js:88
[   18870ms] [LOG] [PETSCII] PETSCII content written to terminal @ http://localhost:3001/assets/index-DmX2Ev4k.js:88
[   18870ms] [LOG] [PETSCII] Received petscii-output, length: 3 @ http://localhost:3001/assets/index-DmX2Ev4k.js:88
[   18870ms] [LOG] [PETSCII] Switching font from PetMe64, "Courier New", monospace to PetMe64 @ http://localhost:3001/assets/index-DmX2Ev4k.js:88
[   18870ms] [LOG] [PETSCII] PETSCII content written to terminal @ http://localhost:3001/assets/index-DmX2Ev4k.js:88
[   18872ms] [LOG] [PETSCII] Received petscii-output, length: 2 @ http://localhost:3001/assets/index-DmX2Ev4k.js:88
[   18873ms] [LOG] [PETSCII] Switching font from PetMe64, "Courier New", monospace to PetMe64 @ http://localhost:3001/assets/index-DmX2Ev4k.js:88
[   18873ms] [LOG] [PETSCII] PETSCII content written to terminal @ http://localhost:3001/assets/index-DmX2Ev4k.js:88
[   18875ms] [LOG] [PETSCII] Received petscii-output, length: 5 @ http://localhost:3001/assets/index-DmX2Ev4k.js:88
[   18875ms] [LOG] [PETSCII] Switching font from PetMe64, "Courier New", monospace to PetMe64 @ http://localhost:3001/assets/index-DmX2Ev4k.js:88
[   18875ms] [LOG] [PETSCII] PETSCII content written to terminal @ http://localhost:3001/assets/index-DmX2Ev4k.js:88
[   18875ms] [LOG] [PETSCII] Received petscii-output, length: 2 @ http://localhost:3001/assets/index-DmX2Ev4k.js:88
[   18876ms] [LOG] [PETSCII] Switching font from PetMe64, "Courier New", monospace to PetMe64 @ http://localhost:3001/assets/index-DmX2Ev4k.js:88
[   18876ms] [LOG] [PETSCII] PETSCII content written to terminal @ http://localhost:3001/assets/index-DmX2Ev4k.js:88
[   18876ms] [LOG] [PETSCII] Received petscii-output, length: 4 @ http://localhost:3001/assets/index-DmX2Ev4k.js:88
[   18876ms] [LOG] [PETSCII] Switching font from PetMe64, "Courier New", monospace to PetMe64 @ http://localhost:3001/assets/index-DmX2Ev4k.js:88
[   18876ms] [LOG] [PETSCII] PETSCII content written to terminal @ http://localhost:3001/assets/index-DmX2Ev4k.js:88
[   18876ms] [LOG] [PETSCII] Received petscii-output, length: 2 @ http://localhost:3001/assets/index-DmX2Ev4k.js:88
[   18876ms] [LOG] [PETSCII] Switching font from PetMe64, "Courier New", monospace to PetMe64 @ http://localhost:3001/assets/index-DmX2Ev4k.js:88
[   18876ms] [LOG] [PETSCII] PETSCII content written to terminal @ http://localhost:3001/assets/index-DmX2Ev4k.js:88
[   18876ms] [LOG] [PETSCII] Received petscii-output, length: 6 @ http://localhost:3001/assets/index-DmX2Ev4k.js:88
[   18876ms] [LOG] [PETSCII] Switching font from PetMe64, "Courier New", monospace to PetMe64 @ http://localhost:3001/assets/index-DmX2Ev4k.js:88
[   18876ms] [LOG] [PETSCII] PETSCII content written to terminal @ http://localhost:3001/assets/index-DmX2Ev4k.js:88
[   18876ms] [LOG] [PETSCII] Received petscii-output, length: 1 @ http://localhost:3001/assets/index-DmX2Ev4k.js:88
[   18876ms] [LOG] [PETSCII] Switching font from PetMe64, "Courier New", monospace to PetMe64 @ http://localhost:3001/assets/index-DmX2Ev4k.js:88
[   18876ms] [LOG] [PETSCII] PETSCII content written to terminal @ http://localhost:3001/assets/index-DmX2Ev4k.js:88
[   18877ms] [LOG] [PETSCII] Received petscii-output, length: 4 @ http://localhost:3001/assets/index-DmX2Ev4k.js:88
[   18877ms] [LOG] [PETSCII] Switching font from PetMe64, "Courier New", monospace to PetMe64 @ http://localhost:3001/assets/index-DmX2Ev4k.js:88
[   18877ms] [LOG] [PETSCII] PETSCII content written to terminal @ http://localhost:3001/assets/index-DmX2Ev4k.js:88
[   18880ms] [LOG] [PETSCII] Received petscii-output, length: 1 @ http://localhost:3001/assets/index-DmX2Ev4k.js:88
[   18880ms] [LOG] [PETSCII] Switching font from PetMe64, "Courier New", monospace to PetMe64 @ http://localhost:3001/assets/index-DmX2Ev4k.js:88
[   18880ms] [LOG] [PETSCII] PETSCII content written to terminal @ http://localhost:3001/assets/index-DmX2Ev4k.js:88
[   18880ms] [LOG] [PETSCII] Received petscii-output, length: 5 @ http://localhost:3001/assets/index-DmX2Ev4k.js:88
[   18880ms] [LOG] [PETSCII] Switching font from PetMe64, "Courier New", monospace to PetMe64 @ http://localhost:3001/assets/index-DmX2Ev4k.js:88
[   18880ms] [LOG] [PETSCII] PETSCII content written to terminal @ http://localhost:3001/assets/index-DmX2Ev4k.js:88
[   18880ms] [LOG] [PETSCII] Received petscii-output, length: 1 @ http://localhost:3001/assets/index-DmX2Ev4k.js:88
[   18880ms] [LOG] [PETSCII] Switching font from PetMe64, "Courier New", monospace to PetMe64 @ http://localhost:3001/assets/index-DmX2Ev4k.js:88
[   18880ms] [LOG] [PETSCII] PETSCII content written to terminal @ http://localhost:3001/assets/index-DmX2Ev4k.js:88
[   18881ms] [LOG] [PETSCII] Received petscii-output, length: 4 @ http://localhost:3001/assets/index-DmX2Ev4k.js:88
[   18881ms] [LOG] [PETSCII] Switching font from PetMe64, "Courier New", monospace to PetMe64 @ http://localhost:3001/assets/index-DmX2Ev4k.js:88
[   18881ms] [LOG] [PETSCII] PETSCII content written to terminal @ http://localhost:3001/assets/index-DmX2Ev4k.js:88
[   18881ms] [LOG] [PETSCII] Received petscii-output, length: 2 @ http://localhost:3001/assets/index-DmX2Ev4k.js:88
[   18881ms] [LOG] [PETSCII] Switching font from PetMe64, "Courier New", monospace to PetMe64 @ http://localhost:3001/assets/index-DmX2Ev4k.js:88
[   18881ms] [LOG] [PETSCII] PETSCII content written to terminal @ http://localhost:3001/assets/index-DmX2Ev4k.js:88
[   18881ms] [LOG] [PETSCII] Received petscii-output, length: 5 @ http://localhost:3001/assets/index-DmX2Ev4k.js:88
[   18881ms] [LOG] [PETSCII] Switching font from PetMe64, "Courier New", monospace to PetMe64 @ http://localhost:3001/assets/index-DmX2Ev4k.js:88
[   18881ms] [LOG] [PETSCII] PETSCII content written to terminal @ http://localhost:3001/assets/index-DmX2Ev4k.js:88
[   18881ms] [LOG] [PETSCII] Received petscii-output, length: 1 @ http://localhost:3001/assets/index-DmX2Ev4k.js:88
[   18881ms] [LOG] [PETSCII] Switching font from PetMe64, "Courier New", monospace to PetMe64 @ http://localhost:3001/assets/index-DmX2Ev4k.js:88
[   18881ms] [LOG] [PETSCII] PETSCII content written to terminal @ http://localhost:3001/assets/index-DmX2Ev4k.js:88
[   18881ms] [LOG] [PETSCII] Received petscii-output, length: 4 @ http://localhost:3001/assets/index-DmX2Ev4k.js:88
[   18881ms] [LOG] [PETSCII] Switching font from PetMe64, "Courier New", monospace to PetMe64 @ http://localhost:3001/assets/index-DmX2Ev4k.js:88
[   18881ms] [LOG] [PETSCII] PETSCII content written to terminal @ http://localhost:3001/assets/index-DmX2Ev4k.js:88
[   18882ms] [LOG] [PETSCII] Received petscii-output, length: 2 @ http://localhost:3001/assets/index-DmX2Ev4k.js:88
[   18882ms] [LOG] [PETSCII] Switching font from PetMe64, "Courier New", monospace to PetMe64 @ http://localhost:3001/assets/index-DmX2Ev4k.js:88
[   18882ms] [LOG] [PETSCII] PETSCII content written to terminal @ http://localhost:3001/assets/index-DmX2Ev4k.js:88
[   18882ms] [LOG] [PETSCII] Received petscii-output, length: 5 @ http://localhost:3001/assets/index-DmX2Ev4k.js:88
[   18882ms] [LOG] [PETSCII] Switching font from PetMe64, "Courier New", monospace to PetMe64 @ http://localhost:3001/assets/index-DmX2Ev4k.js:88
[   18882ms] [LOG] [PETSCII] PETSCII content written to terminal @ http://localhost:3001/assets/index-DmX2Ev4k.js:88
[   18882ms] [LOG] [PETSCII] Received petscii-output, length: 1 @ http://localhost:3001/assets/index-DmX2Ev4k.js:88
[   18882ms] [LOG] [PETSCII] Switching font from PetMe64, "Courier New", monospace to PetMe64 @ http://localhost:3001/assets/index-DmX2Ev4k.js:88
[   18882ms] [LOG] [PETSCII] PETSCII content written to terminal @ http://localhost:3001/assets/index-DmX2Ev4k.js:88
[   18882ms] [LOG] [PETSCII] Received petscii-output, length: 4 @ http://localhost:3001/assets/index-DmX2Ev4k.js:88
[   18882ms] [LOG] [PETSCII] Switching font from PetMe64, "Courier New", monospace to PetMe64 @ http://localhost:3001/assets/index-DmX2Ev4k.js:88
[   18882ms] [LOG] [PETSCII] PETSCII content written to terminal @ http://localhost:3001/assets/index-DmX2Ev4k.js:88
[   18884ms] [LOG] [PETSCII] Received petscii-output, length: 1 @ http://localhost:3001/assets/index-DmX2Ev4k.js:88
[   18884ms] [LOG] [PETSCII] Switching font from PetMe64, "Courier New", monospace to PetMe64 @ http://localhost:3001/assets/index-DmX2Ev4k.js:88
[   18884ms] [LOG] [PETSCII] PETSCII content written to terminal @ http://localhost:3001/assets/index-DmX2Ev4k.js:88
[   18884ms] [LOG] [PETSCII] Received petscii-output, length: 5 @ http://localhost:3001/assets/index-DmX2Ev4k.js:88
[   18884ms] [LOG] [PETSCII] Switching font from PetMe64, "Courier New", monospace to PetMe64 @ http://localhost:3001/assets/index-DmX2Ev4k.js:88
[   18884ms] [LOG] [PETSCII] PETSCII content written to terminal @ http://localhost:3001/assets/index-DmX2Ev4k.js:88
[   18884ms] [LOG] [PETSCII] Received petscii-output, length: 1 @ http://localhost:3001/assets/index-DmX2Ev4k.js:88
[   18884ms] [LOG] [PETSCII] Switching font from PetMe64, "Courier New", monospace to PetMe64 @ http://localhost:3001/assets/index-DmX2Ev4k.js:88
[   18884ms] [LOG] [PETSCII] PETSCII content written to terminal @ http://localhost:3001/assets/index-DmX2Ev4k.js:88
[   18884ms] [LOG] [PETSCII] Received petscii-output, length: 4 @ http://localhost:3001/assets/index-DmX2Ev4k.js:88
[   18884ms] [LOG] [PETSCII] Switching font from PetMe64, "Courier New", monospace to PetMe64 @ http://localhost:3001/assets/index-DmX2Ev4k.js:88
[   18884ms] [LOG] [PETSCII] PETSCII content written to terminal @ http://localhost:3001/assets/index-DmX2Ev4k.js:88
[   18884ms] [LOG] [PETSCII] Received petscii-output, length: 3 @ http://localhost:3001/assets/index-DmX2Ev4k.js:88
[   18884ms] [LOG] [PETSCII] Switching font from PetMe64, "Courier New", monospace to PetMe64 @ http://localhost:3001/assets/index-DmX2Ev4k.js:88
[   18884ms] [LOG] [PETSCII] PETSCII content written to terminal @ http://localhost:3001/assets/index-DmX2Ev4k.js:88
[   18885ms] [LOG] [PETSCII] Received petscii-output, length: 3 @ http://localhost:3001/assets/index-DmX2Ev4k.js:88
[   18885ms] [LOG] [PETSCII] Switching font from PetMe64, "Courier New", monospace to PetMe64 @ http://localhost:3001/assets/index-DmX2Ev4k.js:88
[   18885ms] [LOG] [PETSCII] PETSCII content written to terminal @ http://localhost:3001/assets/index-DmX2Ev4k.js:88
[   18888ms] [LOG] [PETSCII] Received petscii-output, length: 4 @ http://localhost:3001/assets/index-DmX2Ev4k.js:88
[   18888ms] [LOG] [PETSCII] Switching font from PetMe64, "Courier New", monospace to PetMe64 @ http://localhost:3001/assets/index-DmX2Ev4k.js:88
[   18888ms] [LOG] [PETSCII] PETSCII content written to terminal @ http://localhost:3001/assets/index-DmX2Ev4k.js:88
[   18888ms] [LOG] [PETSCII] Received petscii-output, length: 4 @ http://localhost:3001/assets/index-DmX2Ev4k.js:88
[   18888ms] [LOG] [PETSCII] Switching font from PetMe64, "Courier New", monospace to PetMe64 @ http://localhost:3001/assets/index-DmX2Ev4k.js:88
[   18888ms] [LOG] [PETSCII] PETSCII content written to terminal @ http://localhost:3001/assets/index-DmX2Ev4k.js:88
[   18888ms] [LOG] [PETSCII] Received petscii-output, length: 5 @ http://localhost:3001/assets/index-DmX2Ev4k.js:88
[   18888ms] [LOG] [PETSCII] Switching font from PetMe64, "Courier New", monospace to PetMe64 @ http://localhost:3001/assets/index-DmX2Ev4k.js:88
[   18888ms] [LOG] [PETSCII] PETSCII content written to terminal @ http://localhost:3001/assets/index-DmX2Ev4k.js:88
[   18888ms] [LOG] [PETSCII] Received petscii-output, length: 2 @ http://localhost:3001/assets/index-DmX2Ev4k.js:88
[   18888ms] [LOG] [PETSCII] Switching font from PetMe64, "Courier New", monospace to PetMe64 @ http://localhost:3001/assets/index-DmX2Ev4k.js:88
[   18888ms] [LOG] [PETSCII] PETSCII content written to terminal @ http://localhost:3001/assets/index-DmX2Ev4k.js:88
[   18888ms] [LOG] [PETSCII] Received petscii-output, length: 5 @ http://localhost:3001/assets/index-DmX2Ev4k.js:88
[   18888ms] [LOG] [PETSCII] Switching font from PetMe64, "Courier New", monospace to PetMe64 @ http://localhost:3001/assets/index-DmX2Ev4k.js:88
[   18888ms] [LOG] [PETSCII] PETSCII content written to terminal @ http://localhost:3001/assets/index-DmX2Ev4k.js:88
[   18890ms] [LOG] [PETSCII] Received petscii-output, length: 1 @ http://localhost:3001/assets/index-DmX2Ev4k.js:88
[   18890ms] [LOG] [PETSCII] Switching font from PetMe64, "Courier New", monospace to PetMe64 @ http://localhost:3001/assets/index-DmX2Ev4k.js:88
[   18890ms] [LOG] [PETSCII] PETSCII content written to terminal @ http://localhost:3001/assets/index-DmX2Ev4k.js:88
[   18890ms] [LOG] [PETSCII] Received petscii-output, length: 5 @ http://localhost:3001/assets/index-DmX2Ev4k.js:88
[   18890ms] [LOG] [PETSCII] Switching font from PetMe64, "Courier New", monospace to PetMe64 @ http://localhost:3001/assets/index-DmX2Ev4k.js:88
[   18890ms] [LOG] [PETSCII] PETSCII content written to terminal @ http://localhost:3001/assets/index-DmX2Ev4k.js:88
[   18891ms] [LOG] [PETSCII] Received petscii-output, length: 1 @ http://localhost:3001/assets/index-DmX2Ev4k.js:88
[   18891ms] [LOG] [PETSCII] Switching font from PetMe64, "Courier New", monospace to PetMe64 @ http://localhost:3001/assets/index-DmX2Ev4k.js:88
[   18891ms] [LOG] [PETSCII] PETSCII content written to terminal @ http://localhost:3001/assets/index-DmX2Ev4k.js:88
[   18891ms] [LOG] [PETSCII] Received petscii-output, length: 5 @ http://localhost:3001/assets/index-DmX2Ev4k.js:88
[   18891ms] [LOG] [PETSCII] Switching font from PetMe64, "Courier New", monospace to PetMe64 @ http://localhost:3001/assets/index-DmX2Ev4k.js:88
[   18891ms] [LOG] [PETSCII] PETSCII content written to terminal @ http://localhost:3001/assets/index-DmX2Ev4k.js:88
[   18891ms] [LOG] [PETSCII] Received petscii-output, length: 5 @ http://localhost:3001/assets/index-DmX2Ev4k.js:88
[   18891ms] [LOG] [PETSCII] Switching font from PetMe64, "Courier New", monospace to PetMe64 @ http://localhost:3001/assets/index-DmX2Ev4k.js:88
[   18891ms] [LOG] [PETSCII] PETSCII content written to terminal @ http://localhost:3001/assets/index-DmX2Ev4k.js:88
[   18891ms] [LOG] [PETSCII] Received petscii-output, length: 1 @ http://localhost:3001/assets/index-DmX2Ev4k.js:88
[   18891ms] [LOG] [PETSCII] Switching font from PetMe64, "Courier New", monospace to PetMe64 @ http://localhost:3001/assets/index-DmX2Ev4k.js:88
[   18891ms] [LOG] [PETSCII] PETSCII content written to terminal @ http://localhost:3001/assets/index-DmX2Ev4k.js:88
[   18891ms] [LOG] [PETSCII] Received petscii-output, length: 5 @ http://localhost:3001/assets/index-DmX2Ev4k.js:88
[   18891ms] [LOG] [PETSCII] Switching font from PetMe64, "Courier New", monospace to PetMe64 @ http://localhost:3001/assets/index-DmX2Ev4k.js:88
[   18891ms] [LOG] [PETSCII] PETSCII content written to terminal @ http://localhost:3001/assets/index-DmX2Ev4k.js:88
[   18891ms] [LOG] [PETSCII] Received petscii-output, length: 1 @ http://localhost:3001/assets/index-DmX2Ev4k.js:88
[   18891ms] [LOG] [PETSCII] Switching font from PetMe64, "Courier New", monospace to PetMe64 @ http://localhost:3001/assets/index-DmX2Ev4k.js:88
[   18891ms] [LOG] [PETSCII] PETSCII content written to terminal @ http://localhost:3001/assets/index-DmX2Ev4k.js:88
[   18891ms] [LOG] [PETSCII] Received petscii-output, length: 4 @ http://localhost:3001/assets/index-DmX2Ev4k.js:88
[   18891ms] [LOG] [PETSCII] Switching font from PetMe64, "Courier New", monospace to PetMe64 @ http://localhost:3001/assets/index-DmX2Ev4k.js:88
[   18891ms] [LOG] [PETSCII] PETSCII content written to terminal @ http://localhost:3001/assets/index-DmX2Ev4k.js:88
[   18891ms] [LOG] [PETSCII] Received petscii-output, length: 5 @ http://localhost:3001/assets/index-DmX2Ev4k.js:88
[   18891ms] [LOG] [PETSCII] Switching font from PetMe64, "Courier New", monospace to PetMe64 @ http://localhost:3001/assets/index-DmX2Ev4k.js:88
[   18891ms] [LOG] [PETSCII] PETSCII content written to terminal @ http://localhost:3001/assets/index-DmX2Ev4k.js:88
[   18891ms] [LOG] [PETSCII] Received petscii-output, length: 1 @ http://localhost:3001/assets/index-DmX2Ev4k.js:88
[   18891ms] [LOG] [PETSCII] Switching font from PetMe64, "Courier New", monospace to PetMe64 @ http://localhost:3001/assets/index-DmX2Ev4k.js:88
[   18891ms] [LOG] [PETSCII] PETSCII content written to terminal @ http://localhost:3001/assets/index-DmX2Ev4k.js:88
[   18891ms] [LOG] [PETSCII] Received petscii-output, length: 5 @ http://localhost:3001/assets/index-DmX2Ev4k.js:88
[   18891ms] [LOG] [PETSCII] Switching font from PetMe64, "Courier New", monospace to PetMe64 @ http://localhost:3001/assets/index-DmX2Ev4k.js:88
[   18891ms] [LOG] [PETSCII] PETSCII content written to terminal @ http://localhost:3001/assets/index-DmX2Ev4k.js:88
[   18891ms] [LOG] [PETSCII] Received petscii-output, length: 1 @ http://localhost:3001/assets/index-DmX2Ev4k.js:88
[   18891ms] [LOG] [PETSCII] Switching font from PetMe64, "Courier New", monospace to PetMe64 @ http://localhost:3001/assets/index-DmX2Ev4k.js:88
[   18891ms] [LOG] [PETSCII] PETSCII content written to terminal @ http://localhost:3001/assets/index-DmX2Ev4k.js:88
[   18893ms] [LOG] [PETSCII] Received petscii-output, length: 2 @ http://localhost:3001/assets/index-DmX2Ev4k.js:88
[   18893ms] [LOG] [PETSCII] Switching font from PetMe64, "Courier New", monospace to PetMe64 @ http://localhost:3001/assets/index-DmX2Ev4k.js:88
[   18893ms] [LOG] [PETSCII] PETSCII content written to terminal @ http://localhost:3001/assets/index-DmX2Ev4k.js:88
[   18893ms] [LOG] [PETSCII] Received petscii-output, length: 4 @ http://localhost:3001/assets/index-DmX2Ev4k.js:88
[   18893ms] [LOG] [PETSCII] Switching font from PetMe64, "Courier New", monospace to PetMe64 @ http://localhost:3001/assets/index-DmX2Ev4k.js:88
[   18893ms] [LOG] [PETSCII] PETSCII content written to terminal @ http://localhost:3001/assets/index-DmX2Ev4k.js:88
[   18893ms] [LOG] [PETSCII] Received petscii-output, length: 5 @ http://localhost:3001/assets/index-DmX2Ev4k.js:88
[   18893ms] [LOG] [PETSCII] Switching font from PetMe64, "Courier New", monospace to PetMe64 @ http://localhost:3001/assets/index-DmX2Ev4k.js:88
[   18893ms] [LOG] [PETSCII] PETSCII content written to terminal @ http://localhost:3001/assets/index-DmX2Ev4k.js:88
[   18893ms] [LOG] [PETSCII] Received petscii-output, length: 1 @ http://localhost:3001/assets/index-DmX2Ev4k.js:88
[   18893ms] [LOG] [PETSCII] Switching font from PetMe64, "Courier New", monospace to PetMe64 @ http://localhost:3001/assets/index-DmX2Ev4k.js:88
[   18893ms] [LOG] [PETSCII] PETSCII content written to terminal @ http://localhost:3001/assets/index-DmX2Ev4k.js:88
[   18893ms] [LOG] [PETSCII] Received petscii-output, length: 5 @ http://localhost:3001/assets/index-DmX2Ev4k.js:88
[   18893ms] [LOG] [PETSCII] Switching font from PetMe64, "Courier New", monospace to PetMe64 @ http://localhost:3001/assets/index-DmX2Ev4k.js:88
[   18893ms] [LOG] [PETSCII] PETSCII content written to terminal @ http://localhost:3001/assets/index-DmX2Ev4k.js:88
[   18893ms] [LOG] [PETSCII] Received petscii-output, length: 1 @ http://localhost:3001/assets/index-DmX2Ev4k.js:88
[   18893ms] [LOG] [PETSCII] Switching font from PetMe64, "Courier New", monospace to PetMe64 @ http://localhost:3001/assets/index-DmX2Ev4k.js:88
[   18893ms] [LOG] [PETSCII] PETSCII content written to terminal @ http://localhost:3001/assets/index-DmX2Ev4k.js:88
[   18893ms] [LOG] [PETSCII] Received petscii-output, length: 5 @ http://localhost:3001/assets/index-DmX2Ev4k.js:88
[   18893ms] [LOG] [PETSCII] Switching font from PetMe64, "Courier New", monospace to PetMe64 @ http://localhost:3001/assets/index-DmX2Ev4k.js:88
[   18893ms] [LOG] [PETSCII] PETSCII content written to terminal @ http://localhost:3001/assets/index-DmX2Ev4k.js:88
[   18893ms] [LOG] [PETSCII] Received petscii-output, length: 1 @ http://localhost:3001/assets/index-DmX2Ev4k.js:88
[   18893ms] [LOG] [PETSCII] Switching font from PetMe64, "Courier New", monospace to PetMe64 @ http://localhost:3001/assets/index-DmX2Ev4k.js:88
[   18893ms] [LOG] [PETSCII] PETSCII content written to terminal @ http://localhost:3001/assets/index-DmX2Ev4k.js:88
[   18893ms] [LOG] [PETSCII] Received petscii-output, length: 5 @ http://localhost:3001/assets/index-DmX2Ev4k.js:88
[   18893ms] [LOG] [PETSCII] Switching font from PetMe64, "Courier New", monospace to PetMe64 @ http://localhost:3001/assets/index-DmX2Ev4k.js:88
[   18894ms] [LOG] [PETSCII] PETSCII content written to terminal @ http://localhost:3001/assets/index-DmX2Ev4k.js:88
[   18894ms] [LOG] [PETSCII] Received petscii-output, length: 1 @ http://localhost:3001/assets/index-DmX2Ev4k.js:88
[   18894ms] [LOG] [PETSCII] Switching font from PetMe64, "Courier New", monospace to PetMe64 @ http://localhost:3001/assets/index-DmX2Ev4k.js:88
[   18894ms] [LOG] [PETSCII] PETSCII content written to terminal @ http://localhost:3001/assets/index-DmX2Ev4k.js:88
[   18894ms] [LOG] [PETSCII] Received petscii-output, length: 5 @ http://localhost:3001/assets/index-DmX2Ev4k.js:88
[   18894ms] [LOG] [PETSCII] Switching font from PetMe64, "Courier New", monospace to PetMe64 @ http://localhost:3001/assets/index-DmX2Ev4k.js:88
[   18894ms] [LOG] [PETSCII] PETSCII content written to terminal @ http://localhost:3001/assets/index-DmX2Ev4k.js:88
[   18895ms] [LOG] [PETSCII] Received petscii-output, length: 4 @ http://localhost:3001/assets/index-DmX2Ev4k.js:88
[   18895ms] [LOG] [PETSCII] Switching font from PetMe64, "Courier New", monospace to PetMe64 @ http://localhost:3001/assets/index-DmX2Ev4k.js:88
[   18895ms] [LOG] [PETSCII] PETSCII content written to terminal @ http://localhost:3001/assets/index-DmX2Ev4k.js:88
[   18895ms] [LOG] [PETSCII] Received petscii-output, length: 1 @ http://localhost:3001/assets/index-DmX2Ev4k.js:88
[   18895ms] [LOG] [PETSCII] Switching font from PetMe64, "Courier New", monospace to PetMe64 @ http://localhost:3001/assets/index-DmX2Ev4k.js:88
[   18895ms] [LOG] [PETSCII] PETSCII content written to terminal @ http://localhost:3001/assets/index-DmX2Ev4k.js:88
[   18897ms] [LOG] [PETSCII] Received petscii-output, length: 6 @ http://localhost:3001/assets/index-DmX2Ev4k.js:88
[   18897ms] [LOG] [PETSCII] Switching font from PetMe64, "Courier New", monospace to PetMe64 @ http://localhost:3001/assets/index-DmX2Ev4k.js:88
[   18897ms] [LOG] [PETSCII] PETSCII content written to terminal @ http://localhost:3001/assets/index-DmX2Ev4k.js:88
[   18898ms] [LOG] [PETSCII] Received petscii-output, length: 2 @ http://localhost:3001/assets/index-DmX2Ev4k.js:88
[   18898ms] [LOG] [PETSCII] Switching font from PetMe64, "Courier New", monospace to PetMe64 @ http://localhost:3001/assets/index-DmX2Ev4k.js:88
[   18898ms] [LOG] [PETSCII] PETSCII content written to terminal @ http://localhost:3001/assets/index-DmX2Ev4k.js:88
[   18898ms] [LOG] [PETSCII] Received petscii-output, length: 5 @ http://localhost:3001/assets/index-DmX2Ev4k.js:88
[   18898ms] [LOG] [PETSCII] Switching font from PetMe64, "Courier New", monospace to PetMe64 @ http://localhost:3001/assets/index-DmX2Ev4k.js:88
[   18898ms] [LOG] [PETSCII] PETSCII content written to terminal @ http://localhost:3001/assets/index-DmX2Ev4k.js:88
[   18900ms] [LOG] [PETSCII] Received petscii-output, length: 1 @ http://localhost:3001/assets/index-DmX2Ev4k.js:88
[   18900ms] [LOG] [PETSCII] Switching font from PetMe64, "Courier New", monospace to PetMe64 @ http://localhost:3001/assets/index-DmX2Ev4k.js:88
[   18900ms] [LOG] [PETSCII] PETSCII content written to terminal @ http://localhost:3001/assets/index-DmX2Ev4k.js:88
[   18900ms] [LOG] [PETSCII] Received petscii-output, length: 5 @ http://localhost:3001/assets/index-DmX2Ev4k.js:88
[   18900ms] [LOG] [PETSCII] Switching font from PetMe64, "Courier New", monospace to PetMe64 @ http://localhost:3001/assets/index-DmX2Ev4k.js:88
[   18900ms] [LOG] [PETSCII] PETSCII content written to terminal @ http://localhost:3001/assets/index-DmX2Ev4k.js:88
[   18900ms] [LOG] [PETSCII] Received petscii-output, length: 5 @ http://localhost:3001/assets/index-DmX2Ev4k.js:88
[   18900ms] [LOG] [PETSCII] Switching font from PetMe64, "Courier New", monospace to PetMe64 @ http://localhost:3001/assets/index-DmX2Ev4k.js:88
[   18900ms] [LOG] [PETSCII] PETSCII content written to terminal @ http://localhost:3001/assets/index-DmX2Ev4k.js:88
[   18900ms] [LOG] [PETSCII] Received petscii-output, length: 1 @ http://localhost:3001/assets/index-DmX2Ev4k.js:88
[   18900ms] [LOG] [PETSCII] Switching font from PetMe64, "Courier New", monospace to PetMe64 @ http://localhost:3001/assets/index-DmX2Ev4k.js:88
[   18900ms] [LOG] [PETSCII] PETSCII content written to terminal @ http://localhost:3001/assets/index-DmX2Ev4k.js:88
[   18901ms] [LOG] [PETSCII] Received petscii-output, length: 4 @ http://localhost:3001/assets/index-DmX2Ev4k.js:88
[   18901ms] [LOG] [PETSCII] Switching font from PetMe64, "Courier New", monospace to PetMe64 @ http://localhost:3001/assets/index-DmX2Ev4k.js:88
[   18901ms] [LOG] [PETSCII] PETSCII content written to terminal @ http://localhost:3001/assets/index-DmX2Ev4k.js:88
[   18901ms] [LOG] [PETSCII] Received petscii-output, length: 5 @ http://localhost:3001/assets/index-DmX2Ev4k.js:88
[   18901ms] [LOG] [PETSCII] Switching font from PetMe64, "Courier New", monospace to PetMe64 @ http://localhost:3001/assets/index-DmX2Ev4k.js:88
[   18901ms] [LOG] [PETSCII] PETSCII content written to terminal @ http://localhost:3001/assets/index-DmX2Ev4k.js:88
[   18901ms] [LOG] [PETSCII] Received petscii-output, length: 1 @ http://localhost:3001/assets/index-DmX2Ev4k.js:88
[   18901ms] [LOG] [PETSCII] Switching font from PetMe64, "Courier New", monospace to PetMe64 @ http://localhost:3001/assets/index-DmX2Ev4k.js:88
[   18901ms] [LOG] [PETSCII] PETSCII content written to terminal @ http://localhost:3001/assets/index-DmX2Ev4k.js:88
[   18901ms] [LOG] [PETSCII] Received petscii-output, length: 5 @ http://localhost:3001/assets/index-DmX2Ev4k.js:88
[   18901ms] [LOG] [PETSCII] Switching font from PetMe64, "Courier New", monospace to PetMe64 @ http://localhost:3001/assets/index-DmX2Ev4k.js:88
[   18901ms] [LOG] [PETSCII] PETSCII content written to terminal @ http://localhost:3001/assets/index-DmX2Ev4k.js:88
[   18901ms] [LOG] [PETSCII] Received petscii-output, length: 5 @ http://localhost:3001/assets/index-DmX2Ev4k.js:88
[   18901ms] [LOG] [PETSCII] Switching font from PetMe64, "Courier New", monospace to PetMe64 @ http://localhost:3001/assets/index-DmX2Ev4k.js:88
[   18901ms] [LOG] [PETSCII] PETSCII content written to terminal @ http://localhost:3001/assets/index-DmX2Ev4k.js:88
[   18901ms] [LOG] [PETSCII] Received petscii-output, length: 1 @ http://localhost:3001/assets/index-DmX2Ev4k.js:88
[   18901ms] [LOG] [PETSCII] Switching font from PetMe64, "Courier New", monospace to PetMe64 @ http://localhost:3001/assets/index-DmX2Ev4k.js:88
[   18901ms] [LOG] [PETSCII] PETSCII content written to terminal @ http://localhost:3001/assets/index-DmX2Ev4k.js:88
[   18901ms] [LOG] [PETSCII] Received petscii-output, length: 5 @ http://localhost:3001/assets/index-DmX2Ev4k.js:88
[   18901ms] [LOG] [PETSCII] Switching font from PetMe64, "Courier New", monospace to PetMe64 @ http://localhost:3001/assets/index-DmX2Ev4k.js:88
[   18901ms] [LOG] [PETSCII] PETSCII content written to terminal @ http://localhost:3001/assets/index-DmX2Ev4k.js:88
[   18901ms] [LOG] [PETSCII] Received petscii-output, length: 1 @ http://localhost:3001/assets/index-DmX2Ev4k.js:88
[   18901ms] [LOG] [PETSCII] Switching font from PetMe64, "Courier New", monospace to PetMe64 @ http://localhost:3001/assets/index-DmX2Ev4k.js:88
[   18901ms] [LOG] [PETSCII] PETSCII content written to terminal @ http://localhost:3001/assets/index-DmX2Ev4k.js:88
[   18901ms] [LOG] [PETSCII] Received petscii-output, length: 4 @ http://localhost:3001/assets/index-DmX2Ev4k.js:88
[   18901ms] [LOG] [PETSCII] Switching font from PetMe64, "Courier New", monospace to PetMe64 @ http://localhost:3001/assets/index-DmX2Ev4k.js:88
[   18901ms] [LOG] [PETSCII] PETSCII content written to terminal @ http://localhost:3001/assets/index-DmX2Ev4k.js:88
[   18901ms] [LOG] [PETSCII] Received petscii-output, length: 5 @ http://localhost:3001/assets/index-DmX2Ev4k.js:88
[   18902ms] [LOG] [PETSCII] Switching font from PetMe64, "Courier New", monospace to PetMe64 @ http://localhost:3001/assets/index-DmX2Ev4k.js:88
[   18902ms] [LOG] [PETSCII] PETSCII content written to terminal @ http://localhost:3001/assets/index-DmX2Ev4k.js:88
[   18903ms] [LOG] [PETSCII] Received petscii-output, length: 1 @ http://localhost:3001/assets/index-DmX2Ev4k.js:88
[   18903ms] [LOG] [PETSCII] Switching font from PetMe64, "Courier New", monospace to PetMe64 @ http://localhost:3001/assets/index-DmX2Ev4k.js:88
[   18903ms] [LOG] [PETSCII] PETSCII content written to terminal @ http://localhost:3001/assets/index-DmX2Ev4k.js:88
[   18903ms] [LOG] [PETSCII] Received petscii-output, length: 5 @ http://localhost:3001/assets/index-DmX2Ev4k.js:88
[   18903ms] [LOG] [PETSCII] Switching font from PetMe64, "Courier New", monospace to PetMe64 @ http://localhost:3001/assets/index-DmX2Ev4k.js:88
[   18903ms] [LOG] [PETSCII] PETSCII content written to terminal @ http://localhost:3001/assets/index-DmX2Ev4k.js:88
[   18903ms] [LOG] [PETSCII] Received petscii-output, length: 5 @ http://localhost:3001/assets/index-DmX2Ev4k.js:88
[   18903ms] [LOG] [PETSCII] Switching font from PetMe64, "Courier New", monospace to PetMe64 @ http://localhost:3001/assets/index-DmX2Ev4k.js:88
[   18903ms] [LOG] [PETSCII] PETSCII content written to terminal @ http://localhost:3001/assets/index-DmX2Ev4k.js:88
[   18903ms] [LOG] [PETSCII] Received petscii-output, length: 1 @ http://localhost:3001/assets/index-DmX2Ev4k.js:88
[   18903ms] [LOG] [PETSCII] Switching font from PetMe64, "Courier New", monospace to PetMe64 @ http://localhost:3001/assets/index-DmX2Ev4k.js:88
[   18903ms] [LOG] [PETSCII] PETSCII content written to terminal @ http://localhost:3001/assets/index-DmX2Ev4k.js:88
[   18903ms] [LOG] [PETSCII] Received petscii-output, length: 4 @ http://localhost:3001/assets/index-DmX2Ev4k.js:88
[   18903ms] [LOG] [PETSCII] Switching font from PetMe64, "Courier New", monospace to PetMe64 @ http://localhost:3001/assets/index-DmX2Ev4k.js:88
[   18903ms] [LOG] [PETSCII] PETSCII content written to terminal @ http://localhost:3001/assets/index-DmX2Ev4k.js:88
[   18903ms] [LOG] [PETSCII] Received petscii-output, length: 2 @ http://localhost:3001/assets/index-DmX2Ev4k.js:88
[   18903ms] [LOG] [PETSCII] Switching font from PetMe64, "Courier New", monospace to PetMe64 @ http://localhost:3001/assets/index-DmX2Ev4k.js:88
[   18903ms] [LOG] [PETSCII] PETSCII content written to terminal @ http://localhost:3001/assets/index-DmX2Ev4k.js:88
[   18903ms] [LOG] [PETSCII] Received petscii-output, length: 5 @ http://localhost:3001/assets/index-DmX2Ev4k.js:88
[   18904ms] [LOG] [PETSCII] Switching font from PetMe64, "Courier New", monospace to PetMe64 @ http://localhost:3001/assets/index-DmX2Ev4k.js:88
[   18904ms] [LOG] [PETSCII] PETSCII content written to terminal @ http://localhost:3001/assets/index-DmX2Ev4k.js:88
[   18904ms] [LOG] [PETSCII] Received petscii-output, length: 5 @ http://localhost:3001/assets/index-DmX2Ev4k.js:88
[   18904ms] [LOG] [PETSCII] Switching font from PetMe64, "Courier New", monospace to PetMe64 @ http://localhost:3001/assets/index-DmX2Ev4k.js:88
[   18904ms] [LOG] [PETSCII] PETSCII content written to terminal @ http://localhost:3001/assets/index-DmX2Ev4k.js:88
[   18904ms] [LOG] [PETSCII] Received petscii-output, length: 1 @ http://localhost:3001/assets/index-DmX2Ev4k.js:88
[   18904ms] [LOG] [PETSCII] Switching font from PetMe64, "Courier New", monospace to PetMe64 @ http://localhost:3001/assets/index-DmX2Ev4k.js:88
[   18904ms] [LOG] [PETSCII] PETSCII content written to terminal @ http://localhost:3001/assets/index-DmX2Ev4k.js:88
[   18904ms] [LOG] [PETSCII] Received petscii-output, length: 4 @ http://localhost:3001/assets/index-DmX2Ev4k.js:88
[   18904ms] [LOG] [PETSCII] Switching font from PetMe64, "Courier New", monospace to PetMe64 @ http://localhost:3001/assets/index-DmX2Ev4k.js:88
[   18904ms] [LOG] [PETSCII] PETSCII content written to terminal @ http://localhost:3001/assets/index-DmX2Ev4k.js:88
[   18904ms] [LOG] [PETSCII] Received petscii-output, length: 5 @ http://localhost:3001/assets/index-DmX2Ev4k.js:88
[   18904ms] [LOG] [PETSCII] Switching font from PetMe64, "Courier New", monospace to PetMe64 @ http://localhost:3001/assets/index-DmX2Ev4k.js:88
[   18904ms] [LOG] [PETSCII] PETSCII content written to terminal @ http://localhost:3001/assets/index-DmX2Ev4k.js:88
[   18904ms] [LOG] [PETSCII] Received petscii-output, length: 1 @ http://localhost:3001/assets/index-DmX2Ev4k.js:88
[   18904ms] [LOG] [PETSCII] Switching font from PetMe64, "Courier New", monospace to PetMe64 @ http://localhost:3001/assets/index-DmX2Ev4k.js:88
[   18904ms] [LOG] [PETSCII] PETSCII content written to terminal @ http://localhost:3001/assets/index-DmX2Ev4k.js:88
[   18905ms] [LOG] [PETSCII] Received petscii-output, length: 2 @ http://localhost:3001/assets/index-DmX2Ev4k.js:88
[   18905ms] [LOG] [PETSCII] Switching font from PetMe64, "Courier New", monospace to PetMe64 @ http://localhost:3001/assets/index-DmX2Ev4k.js:88
[   18905ms] [LOG] [PETSCII] PETSCII content written to terminal @ http://localhost:3001/assets/index-DmX2Ev4k.js:88
[   18905ms] [LOG] [PETSCII] Received petscii-output, length: 5 @ http://localhost:3001/assets/index-DmX2Ev4k.js:88
[   18905ms] [LOG] [PETSCII] Switching font from PetMe64, "Courier New", monospace to PetMe64 @ http://localhost:3001/assets/index-DmX2Ev4k.js:88
[   18905ms] [LOG] [PETSCII] PETSCII content written to terminal @ http://localhost:3001/assets/index-DmX2Ev4k.js:88
[   18905ms] [LOG] [PETSCII] Received petscii-output, length: 1 @ http://localhost:3001/assets/index-DmX2Ev4k.js:88
[   18905ms] [LOG] [PETSCII] Switching font from PetMe64, "Courier New", monospace to PetMe64 @ http://localhost:3001/assets/index-DmX2Ev4k.js:88
[   18905ms] [LOG] [PETSCII] PETSCII content written to terminal @ http://localhost:3001/assets/index-DmX2Ev4k.js:88
[   18906ms] [LOG] [PETSCII] Received petscii-output, length: 5 @ http://localhost:3001/assets/index-DmX2Ev4k.js:88
[   18906ms] [LOG] [PETSCII] Switching font from PetMe64, "Courier New", monospace to PetMe64 @ http://localhost:3001/assets/index-DmX2Ev4k.js:88
[   18906ms] [LOG] [PETSCII] PETSCII content written to terminal @ http://localhost:3001/assets/index-DmX2Ev4k.js:88
[   18906ms] [LOG] [PETSCII] Received petscii-output, length: 1 @ http://localhost:3001/assets/index-DmX2Ev4k.js:88
[   18906ms] [LOG] [PETSCII] Switching font from PetMe64, "Courier New", monospace to PetMe64 @ http://localhost:3001/assets/index-DmX2Ev4k.js:88
[   18906ms] [LOG] [PETSCII] PETSCII content written to terminal @ http://localhost:3001/assets/index-DmX2Ev4k.js:88
[   18906ms] [LOG] [PETSCII] Received petscii-output, length: 5 @ http://localhost:3001/assets/index-DmX2Ev4k.js:88
[   18906ms] [LOG] [PETSCII] Switching font from PetMe64, "Courier New", monospace to PetMe64 @ http://localhost:3001/assets/index-DmX2Ev4k.js:88
[   18906ms] [LOG] [PETSCII] PETSCII content written to terminal @ http://localhost:3001/assets/index-DmX2Ev4k.js:88
[   18906ms] [LOG] [PETSCII] Received petscii-output, length: 1 @ http://localhost:3001/assets/index-DmX2Ev4k.js:88
[   18906ms] [LOG] [PETSCII] Switching font from PetMe64, "Courier New", monospace to PetMe64 @ http://localhost:3001/assets/index-DmX2Ev4k.js:88
[   18906ms] [LOG] [PETSCII] PETSCII content written to terminal @ http://localhost:3001/assets/index-DmX2Ev4k.js:88
[   18906ms] [LOG] [PETSCII] Received petscii-output, length: 5 @ http://localhost:3001/assets/index-DmX2Ev4k.js:88
[   18906ms] [LOG] [PETSCII] Switching font from PetMe64, "Courier New", monospace to PetMe64 @ http://localhost:3001/assets/index-DmX2Ev4k.js:88
[   18906ms] [LOG] [PETSCII] PETSCII content written to terminal @ http://localhost:3001/assets/index-DmX2Ev4k.js:88
[   18906ms] [LOG] [PETSCII] Received petscii-output, length: 1 @ http://localhost:3001/assets/index-DmX2Ev4k.js:88
[   18906ms] [LOG] [PETSCII] Switching font from PetMe64, "Courier New", monospace to PetMe64 @ http://localhost:3001/assets/index-DmX2Ev4k.js:88
[   18906ms] [LOG] [PETSCII] PETSCII content written to terminal @ http://localhost:3001/assets/index-DmX2Ev4k.js:88
[   18908ms] [LOG] [PETSCII] Received petscii-output, length: 1 @ http://localhost:3001/assets/index-DmX2Ev4k.js:88
[   18908ms] [LOG] [PETSCII] Switching font from PetMe64, "Courier New", monospace to PetMe64 @ http://localhost:3001/assets/index-DmX2Ev4k.js:88
[   18908ms] [LOG] [PETSCII] PETSCII content written to terminal @ http://localhost:3001/assets/index-DmX2Ev4k.js:88
[   18908ms] [LOG] [PETSCII] Received petscii-output, length: 5 @ http://localhost:3001/assets/index-DmX2Ev4k.js:88
[   18908ms] [LOG] [PETSCII] Switching font from PetMe64, "Courier New", monospace to PetMe64 @ http://localhost:3001/assets/index-DmX2Ev4k.js:88
[   18908ms] [LOG] [PETSCII] PETSCII content written to terminal @ http://localhost:3001/assets/index-DmX2Ev4k.js:88
[   18908ms] [LOG] [PETSCII] Received petscii-output, length: 5 @ http://localhost:3001/assets/index-DmX2Ev4k.js:88
[   18908ms] [LOG] [PETSCII] Switching font from PetMe64, "Courier New", monospace to PetMe64 @ http://localhost:3001/assets/index-DmX2Ev4k.js:88
[   18908ms] [LOG] [PETSCII] PETSCII content written to terminal @ http://localhost:3001/assets/index-DmX2Ev4k.js:88
[   18908ms] [LOG] [PETSCII] Received petscii-output, length: 4 @ http://localhost:3001/assets/index-DmX2Ev4k.js:88
[   18908ms] [LOG] [PETSCII] Switching font from PetMe64, "Courier New", monospace to PetMe64 @ http://localhost:3001/assets/index-DmX2Ev4k.js:88
[   18908ms] [LOG] [PETSCII] PETSCII content written to terminal @ http://localhost:3001/assets/index-DmX2Ev4k.js:88
[   18908ms] [LOG] [PETSCII] Received petscii-output, length: 5 @ http://localhost:3001/assets/index-DmX2Ev4k.js:88
[   18908ms] [LOG] [PETSCII] Switching font from PetMe64, "Courier New", monospace to PetMe64 @ http://localhost:3001/assets/index-DmX2Ev4k.js:88
[   18908ms] [LOG] [PETSCII] PETSCII content written to terminal @ http://localhost:3001/assets/index-DmX2Ev4k.js:88
[   18909ms] [LOG] [PETSCII] Received petscii-output, length: 2 @ http://localhost:3001/assets/index-DmX2Ev4k.js:88
[   18909ms] [LOG] [PETSCII] Switching font from PetMe64, "Courier New", monospace to PetMe64 @ http://localhost:3001/assets/index-DmX2Ev4k.js:88
[   18909ms] [LOG] [PETSCII] PETSCII content written to terminal @ http://localhost:3001/assets/index-DmX2Ev4k.js:88
[   18911ms] [LOG] [PETSCII] Received petscii-output, length: 1 @ http://localhost:3001/assets/index-DmX2Ev4k.js:88
[   18911ms] [LOG] [PETSCII] Switching font from PetMe64, "Courier New", monospace to PetMe64 @ http://localhost:3001/assets/index-DmX2Ev4k.js:88
[   18911ms] [LOG] [PETSCII] PETSCII content written to terminal @ http://localhost:3001/assets/index-DmX2Ev4k.js:88
[   18911ms] [LOG] [PETSCII] Received petscii-output, length: 5 @ http://localhost:3001/assets/index-DmX2Ev4k.js:88
[   18911ms] [LOG] [PETSCII] Switching font from PetMe64, "Courier New", monospace to PetMe64 @ http://localhost:3001/assets/index-DmX2Ev4k.js:88
[   18911ms] [LOG] [PETSCII] PETSCII content written to terminal @ http://localhost:3001/assets/index-DmX2Ev4k.js:88
[   18912ms] [LOG] [PETSCII] Received petscii-output, length: 1 @ http://localhost:3001/assets/index-DmX2Ev4k.js:88
[   18912ms] [LOG] [PETSCII] Switching font from PetMe64, "Courier New", monospace to PetMe64 @ http://localhost:3001/assets/index-DmX2Ev4k.js:88
[   18912ms] [LOG] [PETSCII] PETSCII content written to terminal @ http://localhost:3001/assets/index-DmX2Ev4k.js:88
[   18912ms] [LOG] [PETSCII] Received petscii-output, length: 5 @ http://localhost:3001/assets/index-DmX2Ev4k.js:88
[   18912ms] [LOG] [PETSCII] Switching font from PetMe64, "Courier New", monospace to PetMe64 @ http://localhost:3001/assets/index-DmX2Ev4k.js:88
[   18912ms] [LOG] [PETSCII] PETSCII content written to terminal @ http://localhost:3001/assets/index-DmX2Ev4k.js:88
[   18912ms] [LOG] [PETSCII] Received petscii-output, length: 5 @ http://localhost:3001/assets/index-DmX2Ev4k.js:88
[   18912ms] [LOG] [PETSCII] Switching font from PetMe64, "Courier New", monospace to PetMe64 @ http://localhost:3001/assets/index-DmX2Ev4k.js:88
[   18912ms] [LOG] [PETSCII] PETSCII content written to terminal @ http://localhost:3001/assets/index-DmX2Ev4k.js:88
[   18912ms] [LOG] [PETSCII] Received petscii-output, length: 1 @ http://localhost:3001/assets/index-DmX2Ev4k.js:88
[   18912ms] [LOG] [PETSCII] Switching font from PetMe64, "Courier New", monospace to PetMe64 @ http://localhost:3001/assets/index-DmX2Ev4k.js:88
[   18912ms] [LOG] [PETSCII] PETSCII content written to terminal @ http://localhost:3001/assets/index-DmX2Ev4k.js:88
[   18912ms] [LOG] [PETSCII] Received petscii-output, length: 4 @ http://localhost:3001/assets/index-DmX2Ev4k.js:88
[   18912ms] [LOG] [PETSCII] Switching font from PetMe64, "Courier New", monospace to PetMe64 @ http://localhost:3001/assets/index-DmX2Ev4k.js:88
[   18912ms] [LOG] [PETSCII] PETSCII content written to terminal @ http://localhost:3001/assets/index-DmX2Ev4k.js:88
[   18912ms] [LOG] [PETSCII] Received petscii-output, length: 5 @ http://localhost:3001/assets/index-DmX2Ev4k.js:88
[   18912ms] [LOG] [PETSCII] Switching font from PetMe64, "Courier New", monospace to PetMe64 @ http://localhost:3001/assets/index-DmX2Ev4k.js:88
[   18912ms] [LOG] [PETSCII] PETSCII content written to terminal @ http://localhost:3001/assets/index-DmX2Ev4k.js:88
[   18912ms] [LOG] [PETSCII] Received petscii-output, length: 1 @ http://localhost:3001/assets/index-DmX2Ev4k.js:88
[   18912ms] [LOG] [PETSCII] Switching font from PetMe64, "Courier New", monospace to PetMe64 @ http://localhost:3001/assets/index-DmX2Ev4k.js:88
[   18912ms] [LOG] [PETSCII] PETSCII content written to terminal @ http://localhost:3001/assets/index-DmX2Ev4k.js:88
[   18912ms] [LOG] [PETSCII] Received petscii-output, length: 5 @ http://localhost:3001/assets/index-DmX2Ev4k.js:88
[   18912ms] [LOG] [PETSCII] Switching font from PetMe64, "Courier New", monospace to PetMe64 @ http://localhost:3001/assets/index-DmX2Ev4k.js:88
[   18912ms] [LOG] [PETSCII] PETSCII content written to terminal @ http://localhost:3001/assets/index-DmX2Ev4k.js:88
[   18912ms] [LOG] [PETSCII] Received petscii-output, length: 1 @ http://localhost:3001/assets/index-DmX2Ev4k.js:88
[   18912ms] [LOG] [PETSCII] Switching font from PetMe64, "Courier New", monospace to PetMe64 @ http://localhost:3001/assets/index-DmX2Ev4k.js:88
[   18912ms] [LOG] [PETSCII] PETSCII content written to terminal @ http://localhost:3001/assets/index-DmX2Ev4k.js:88
[   18912ms] [LOG] [PETSCII] Received petscii-output, length: 5 @ http://localhost:3001/assets/index-DmX2Ev4k.js:88
[   18912ms] [LOG] [PETSCII] Switching font from PetMe64, "Courier New", monospace to PetMe64 @ http://localhost:3001/assets/index-DmX2Ev4k.js:88
[   18912ms] [LOG] [PETSCII] PETSCII content written to terminal @ http://localhost:3001/assets/index-DmX2Ev4k.js:88
[   18912ms] [LOG] [PETSCII] Received petscii-output, length: 2 @ http://localhost:3001/assets/index-DmX2Ev4k.js:88
[   18912ms] [LOG] [PETSCII] Switching font from PetMe64, "Courier New", monospace to PetMe64 @ http://localhost:3001/assets/index-DmX2Ev4k.js:88
[   18912ms] [LOG] [PETSCII] PETSCII content written to terminal @ http://localhost:3001/assets/index-DmX2Ev4k.js:88
[   18916ms] [LOG] [PETSCII] Received petscii-output, length: 1 @ http://localhost:3001/assets/index-DmX2Ev4k.js:88
[   18916ms] [LOG] [PETSCII] Switching font from PetMe64, "Courier New", monospace to PetMe64 @ http://localhost:3001/assets/index-DmX2Ev4k.js:88
[   18916ms] [LOG] [PETSCII] PETSCII content written to terminal @ http://localhost:3001/assets/index-DmX2Ev4k.js:88
[   18916ms] [LOG] [PETSCII] Received petscii-output, length: 5 @ http://localhost:3001/assets/index-DmX2Ev4k.js:88
[   18916ms] [LOG] [PETSCII] Switching font from PetMe64, "Courier New", monospace to PetMe64 @ http://localhost:3001/assets/index-DmX2Ev4k.js:88
[   18916ms] [LOG] [PETSCII] PETSCII content written to terminal @ http://localhost:3001/assets/index-DmX2Ev4k.js:88
[   18916ms] [LOG] [PETSCII] Received petscii-output, length: 1 @ http://localhost:3001/assets/index-DmX2Ev4k.js:88
[   18916ms] [LOG] [PETSCII] Switching font from PetMe64, "Courier New", monospace to PetMe64 @ http://localhost:3001/assets/index-DmX2Ev4k.js:88
[   18916ms] [LOG] [PETSCII] PETSCII content written to terminal @ http://localhost:3001/assets/index-DmX2Ev4k.js:88
[   18916ms] [LOG] [PETSCII] Received petscii-output, length: 5 @ http://localhost:3001/assets/index-DmX2Ev4k.js:88
[   18916ms] [LOG] [PETSCII] Switching font from PetMe64, "Courier New", monospace to PetMe64 @ http://localhost:3001/assets/index-DmX2Ev4k.js:88
[   18916ms] [LOG] [PETSCII] PETSCII content written to terminal @ http://localhost:3001/assets/index-DmX2Ev4k.js:88
[   18916ms] [LOG] [PETSCII] Received petscii-output, length: 5 @ http://localhost:3001/assets/index-DmX2Ev4k.js:88
[   18916ms] [LOG] [PETSCII] Switching font from PetMe64, "Courier New", monospace to PetMe64 @ http://localhost:3001/assets/index-DmX2Ev4k.js:88
[   18917ms] [LOG] [PETSCII] PETSCII content written to terminal @ http://localhost:3001/assets/index-DmX2Ev4k.js:88
[   18917ms] [LOG] [PETSCII] Received petscii-output, length: 1 @ http://localhost:3001/assets/index-DmX2Ev4k.js:88
[   18917ms] [LOG] [PETSCII] Switching font from PetMe64, "Courier New", monospace to PetMe64 @ http://localhost:3001/assets/index-DmX2Ev4k.js:88
[   18917ms] [LOG] [PETSCII] PETSCII content written to terminal @ http://localhost:3001/assets/index-DmX2Ev4k.js:88
[   18917ms] [LOG] [PETSCII] Received petscii-output, length: 4 @ http://localhost:3001/assets/index-DmX2Ev4k.js:88
[   18917ms] [LOG] [PETSCII] Switching font from PetMe64, "Courier New", monospace to PetMe64 @ http://localhost:3001/assets/index-DmX2Ev4k.js:88
[   18917ms] [LOG] [PETSCII] PETSCII content written to terminal @ http://localhost:3001/assets/index-DmX2Ev4k.js:88
[   18917ms] [LOG] [PETSCII] Received petscii-output, length: 5 @ http://localhost:3001/assets/index-DmX2Ev4k.js:88
[   18917ms] [LOG] [PETSCII] Switching font from PetMe64, "Courier New", monospace to PetMe64 @ http://localhost:3001/assets/index-DmX2Ev4k.js:88
[   18917ms] [LOG] [PETSCII] PETSCII content written to terminal @ http://localhost:3001/assets/index-DmX2Ev4k.js:88
[   18917ms] [LOG] [PETSCII] Received petscii-output, length: 1 @ http://localhost:3001/assets/index-DmX2Ev4k.js:88
[   18917ms] [LOG] [PETSCII] Switching font from PetMe64, "Courier New", monospace to PetMe64 @ http://localhost:3001/assets/index-DmX2Ev4k.js:88
[   18917ms] [LOG] [PETSCII] PETSCII content written to terminal @ http://localhost:3001/assets/index-DmX2Ev4k.js:88
[   18917ms] [LOG] [PETSCII] Received petscii-output, length: 5 @ http://localhost:3001/assets/index-DmX2Ev4k.js:88
[   18917ms] [LOG] [PETSCII] Switching font from PetMe64, "Courier New", monospace to PetMe64 @ http://localhost:3001/assets/index-DmX2Ev4k.js:88
[   18917ms] [LOG] [PETSCII] PETSCII content written to terminal @ http://localhost:3001/assets/index-DmX2Ev4k.js:88
[   18917ms] [LOG] [PETSCII] Received petscii-output, length: 5 @ http://localhost:3001/assets/index-DmX2Ev4k.js:88
[   18917ms] [LOG] [PETSCII] Switching font from PetMe64, "Courier New", monospace to PetMe64 @ http://localhost:3001/assets/index-DmX2Ev4k.js:88
[   18917ms] [LOG] [PETSCII] PETSCII content written to terminal @ http://localhost:3001/assets/index-DmX2Ev4k.js:88
[   18917ms] [LOG] [PETSCII] Received petscii-output, length: 1 @ http://localhost:3001/assets/index-DmX2Ev4k.js:88
[   18917ms] [LOG] [PETSCII] Switching font from PetMe64, "Courier New", monospace to PetMe64 @ http://localhost:3001/assets/index-DmX2Ev4k.js:88
[   18917ms] [LOG] [PETSCII] PETSCII content written to terminal @ http://localhost:3001/assets/index-DmX2Ev4k.js:88
[   18917ms] [LOG] [PETSCII] Received petscii-output, length: 4 @ http://localhost:3001/assets/index-DmX2Ev4k.js:88
[   18917ms] [LOG] [PETSCII] Switching font from PetMe64, "Courier New", monospace to PetMe64 @ http://localhost:3001/assets/index-DmX2Ev4k.js:88
[   18917ms] [LOG] [PETSCII] PETSCII content written to terminal @ http://localhost:3001/assets/index-DmX2Ev4k.js:88
[   18917ms] [LOG] [PETSCII] Received petscii-output, length: 5 @ http://localhost:3001/assets/index-DmX2Ev4k.js:88
[   18917ms] [LOG] [PETSCII] Switching font from PetMe64, "Courier New", monospace to PetMe64 @ http://localhost:3001/assets/index-DmX2Ev4k.js:88
[   18917ms] [LOG] [PETSCII] PETSCII content written to terminal @ http://localhost:3001/assets/index-DmX2Ev4k.js:88
[   18917ms] [LOG] [PETSCII] Received petscii-output, length: 2 @ http://localhost:3001/assets/index-DmX2Ev4k.js:88
[   18917ms] [LOG] [PETSCII] Switching font from PetMe64, "Courier New", monospace to PetMe64 @ http://localhost:3001/assets/index-DmX2Ev4k.js:88
[   18917ms] [LOG] [PETSCII] PETSCII content written to terminal @ http://localhost:3001/assets/index-DmX2Ev4k.js:88
[   18917ms] [LOG] [PETSCII] Received petscii-output, length: 6 @ http://localhost:3001/assets/index-DmX2Ev4k.js:88
[   18918ms] [LOG] [PETSCII] Switching font from PetMe64, "Courier New", monospace to PetMe64 @ http://localhost:3001/assets/index-DmX2Ev4k.js:88
[   18918ms] [LOG] [PETSCII] PETSCII content written to terminal @ http://localhost:3001/assets/index-DmX2Ev4k.js:88
[   18918ms] [LOG] [PETSCII] Received petscii-output, length: 2 @ http://localhost:3001/assets/index-DmX2Ev4k.js:88
[   18918ms] [LOG] [PETSCII] Switching font from PetMe64, "Courier New", monospace to PetMe64 @ http://localhost:3001/assets/index-DmX2Ev4k.js:88
[   18918ms] [LOG] [PETSCII] PETSCII content written to terminal @ http://localhost:3001/assets/index-DmX2Ev4k.js:88
[   18918ms] [LOG] [PETSCII] Received petscii-output, length: 1 @ http://localhost:3001/assets/index-DmX2Ev4k.js:88
[   18918ms] [LOG] [PETSCII] Switching font from PetMe64, "Courier New", monospace to PetMe64 @ http://localhost:3001/assets/index-DmX2Ev4k.js:88
[   18918ms] [LOG] [PETSCII] PETSCII content written to terminal @ http://localhost:3001/assets/index-DmX2Ev4k.js:88
[   18918ms] [LOG] [PETSCII] Received petscii-output, length: 5 @ http://localhost:3001/assets/index-DmX2Ev4k.js:88
[   18918ms] [LOG] [PETSCII] Switching font from PetMe64, "Courier New", monospace to PetMe64 @ http://localhost:3001/assets/index-DmX2Ev4k.js:88
[   18918ms] [LOG] [PETSCII] PETSCII content written to terminal @ http://localhost:3001/assets/index-DmX2Ev4k.js:88
[   18919ms] [LOG] [PETSCII] Received petscii-output, length: 1 @ http://localhost:3001/assets/index-DmX2Ev4k.js:88
[   18919ms] [LOG] [PETSCII] Switching font from PetMe64, "Courier New", monospace to PetMe64 @ http://localhost:3001/assets/index-DmX2Ev4k.js:88
[   18919ms] [LOG] [PETSCII] PETSCII content written to terminal @ http://localhost:3001/assets/index-DmX2Ev4k.js:88
[   18919ms] [LOG] [PETSCII] Received petscii-output, length: 5 @ http://localhost:3001/assets/index-DmX2Ev4k.js:88
[   18920ms] [LOG] [PETSCII] Switching font from PetMe64, "Courier New", monospace to PetMe64 @ http://localhost:3001/assets/index-DmX2Ev4k.js:88
[   18920ms] [LOG] [PETSCII] PETSCII content written to terminal @ http://localhost:3001/assets/index-DmX2Ev4k.js:88
[   18920ms] [LOG] [PETSCII] Received petscii-output, length: 5 @ http://localhost:3001/assets/index-DmX2Ev4k.js:88
[   18920ms] [LOG] [PETSCII] Switching font from PetMe64, "Courier New", monospace to PetMe64 @ http://localhost:3001/assets/index-DmX2Ev4k.js:88
[   18920ms] [LOG] [PETSCII] PETSCII content written to terminal @ http://localhost:3001/assets/index-DmX2Ev4k.js:88
[   18920ms] [LOG] [PETSCII] Received petscii-output, length: 1 @ http://localhost:3001/assets/index-DmX2Ev4k.js:88
[   18920ms] [LOG] [PETSCII] Switching font from PetMe64, "Courier New", monospace to PetMe64 @ http://localhost:3001/assets/index-DmX2Ev4k.js:88
[   18920ms] [LOG] [PETSCII] PETSCII content written to terminal @ http://localhost:3001/assets/index-DmX2Ev4k.js:88
[   18920ms] [LOG] [PETSCII] Received petscii-output, length: 4 @ http://localhost:3001/assets/index-DmX2Ev4k.js:88
[   18920ms] [LOG] [PETSCII] Switching font from PetMe64, "Courier New", monospace to PetMe64 @ http://localhost:3001/assets/index-DmX2Ev4k.js:88
[   18920ms] [LOG] [PETSCII] PETSCII content written to terminal @ http://localhost:3001/assets/index-DmX2Ev4k.js:88
[   18920ms] [LOG] [PETSCII] Received petscii-output, length: 5 @ http://localhost:3001/assets/index-DmX2Ev4k.js:88
[   18920ms] [LOG] [PETSCII] Switching font from PetMe64, "Courier New", monospace to PetMe64 @ http://localhost:3001/assets/index-DmX2Ev4k.js:88
[   18920ms] [LOG] [PETSCII] PETSCII content written to terminal @ http://localhost:3001/assets/index-DmX2Ev4k.js:88
[   18920ms] [LOG] [PETSCII] Received petscii-output, length: 1 @ http://localhost:3001/assets/index-DmX2Ev4k.js:88
[   18920ms] [LOG] [PETSCII] Switching font from PetMe64, "Courier New", monospace to PetMe64 @ http://localhost:3001/assets/index-DmX2Ev4k.js:88
[   18920ms] [LOG] [PETSCII] PETSCII content written to terminal @ http://localhost:3001/assets/index-DmX2Ev4k.js:88
[   18920ms] [LOG] [PETSCII] Received petscii-output, length: 5 @ http://localhost:3001/assets/index-DmX2Ev4k.js:88
[   18920ms] [LOG] [PETSCII] Switching font from PetMe64, "Courier New", monospace to PetMe64 @ http://localhost:3001/assets/index-DmX2Ev4k.js:88
[   18920ms] [LOG] [PETSCII] PETSCII content written to terminal @ http://localhost:3001/assets/index-DmX2Ev4k.js:88
[   18920ms] [LOG] [PETSCII] Received petscii-output, length: 1 @ http://localhost:3001/assets/index-DmX2Ev4k.js:88
[   18920ms] [LOG] [PETSCII] Switching font from PetMe64, "Courier New", monospace to PetMe64 @ http://localhost:3001/assets/index-DmX2Ev4k.js:88
[   18920ms] [LOG] [PETSCII] PETSCII content written to terminal @ http://localhost:3001/assets/index-DmX2Ev4k.js:88
[   18922ms] [LOG] [PETSCII] Received petscii-output, length: 2 @ http://localhost:3001/assets/index-DmX2Ev4k.js:88
[   18922ms] [LOG] [PETSCII] Switching font from PetMe64, "Courier New", monospace to PetMe64 @ http://localhost:3001/assets/index-DmX2Ev4k.js:88
[   18922ms] [LOG] [PETSCII] PETSCII content written to terminal @ http://localhost:3001/assets/index-DmX2Ev4k.js:88
[   18922ms] [LOG] [PETSCII] Received petscii-output, length: 5 @ http://localhost:3001/assets/index-DmX2Ev4k.js:88
[   18922ms] [LOG] [PETSCII] Switching font from PetMe64, "Courier New", monospace to PetMe64 @ http://localhost:3001/assets/index-DmX2Ev4k.js:88
[   18922ms] [LOG] [PETSCII] PETSCII content written to terminal @ http://localhost:3001/assets/index-DmX2Ev4k.js:88
[   18922ms] [LOG] [PETSCII] Received petscii-output, length: 5 @ http://localhost:3001/assets/index-DmX2Ev4k.js:88
[   18922ms] [LOG] [PETSCII] Switching font from PetMe64, "Courier New", monospace to PetMe64 @ http://localhost:3001/assets/index-DmX2Ev4k.js:88
[   18922ms] [LOG] [PETSCII] PETSCII content written to terminal @ http://localhost:3001/assets/index-DmX2Ev4k.js:88
[   18922ms] [LOG] [PETSCII] Received petscii-output, length: 1 @ http://localhost:3001/assets/index-DmX2Ev4k.js:88
[   18922ms] [LOG] [PETSCII] Switching font from PetMe64, "Courier New", monospace to PetMe64 @ http://localhost:3001/assets/index-DmX2Ev4k.js:88
[   18922ms] [LOG] [PETSCII] PETSCII content written to terminal @ http://localhost:3001/assets/index-DmX2Ev4k.js:88
[   18922ms] [LOG] [PETSCII] Received petscii-output, length: 4 @ http://localhost:3001/assets/index-DmX2Ev4k.js:88
[   18922ms] [LOG] [PETSCII] Switching font from PetMe64, "Courier New", monospace to PetMe64 @ http://localhost:3001/assets/index-DmX2Ev4k.js:88
[   18922ms] [LOG] [PETSCII] PETSCII content written to terminal @ http://localhost:3001/assets/index-DmX2Ev4k.js:88
[   18922ms] [LOG] [PETSCII] Received petscii-output, length: 5 @ http://localhost:3001/assets/index-DmX2Ev4k.js:88
[   18922ms] [LOG] [PETSCII] Switching font from PetMe64, "Courier New", monospace to PetMe64 @ http://localhost:3001/assets/index-DmX2Ev4k.js:88
[   18922ms] [LOG] [PETSCII] PETSCII content written to terminal @ http://localhost:3001/assets/index-DmX2Ev4k.js:88
[   18922ms] [LOG] [PETSCII] Received petscii-output, length: 1 @ http://localhost:3001/assets/index-DmX2Ev4k.js:88
[   18922ms] [LOG] [PETSCII] Switching font from PetMe64, "Courier New", monospace to PetMe64 @ http://localhost:3001/assets/index-DmX2Ev4k.js:88
[   18922ms] [LOG] [PETSCII] PETSCII content written to terminal @ http://localhost:3001/assets/index-DmX2Ev4k.js:88
[   18923ms] [LOG] [PETSCII] Received petscii-output, length: 5 @ http://localhost:3001/assets/index-DmX2Ev4k.js:88
[   18923ms] [LOG] [PETSCII] Switching font from PetMe64, "Courier New", monospace to PetMe64 @ http://localhost:3001/assets/index-DmX2Ev4k.js:88
[   18923ms] [LOG] [PETSCII] PETSCII content written to terminal @ http://localhost:3001/assets/index-DmX2Ev4k.js:88
[   18923ms] [LOG] [PETSCII] Received petscii-output, length: 1 @ http://localhost:3001/assets/index-DmX2Ev4k.js:88
[   18923ms] [LOG] [PETSCII] Switching font from PetMe64, "Courier New", monospace to PetMe64 @ http://localhost:3001/assets/index-DmX2Ev4k.js:88
[   18923ms] [LOG] [PETSCII] PETSCII content written to terminal @ http://localhost:3001/assets/index-DmX2Ev4k.js:88
[   18923ms] [LOG] [PETSCII] Received petscii-output, length: 5 @ http://localhost:3001/assets/index-DmX2Ev4k.js:88
[   18923ms] [LOG] [PETSCII] Switching font from PetMe64, "Courier New", monospace to PetMe64 @ http://localhost:3001/assets/index-DmX2Ev4k.js:88
[   18923ms] [LOG] [PETSCII] PETSCII content written to terminal @ http://localhost:3001/assets/index-DmX2Ev4k.js:88
[   18923ms] [LOG] [PETSCII] Received petscii-output, length: 2 @ http://localhost:3001/assets/index-DmX2Ev4k.js:88
[   18923ms] [LOG] [PETSCII] Switching font from PetMe64, "Courier New", monospace to PetMe64 @ http://localhost:3001/assets/index-DmX2Ev4k.js:88
[   18923ms] [LOG] [PETSCII] PETSCII content written to terminal @ http://localhost:3001/assets/index-DmX2Ev4k.js:88
[   18930ms] [LOG] [PETSCII] Received petscii-output, length: 2 @ http://localhost:3001/assets/index-DmX2Ev4k.js:88
[   18930ms] [LOG] [PETSCII] Switching font from PetMe64, "Courier New", monospace to PetMe64 @ http://localhost:3001/assets/index-DmX2Ev4k.js:88
[   18930ms] [LOG] [PETSCII] PETSCII content written to terminal @ http://localhost:3001/assets/index-DmX2Ev4k.js:88
[   18930ms] [LOG] [PETSCII] Received petscii-output, length: 5 @ http://localhost:3001/assets/index-DmX2Ev4k.js:88
[   18930ms] [LOG] [PETSCII] Switching font from PetMe64, "Courier New", monospace to PetMe64 @ http://localhost:3001/assets/index-DmX2Ev4k.js:88
[   18930ms] [LOG] [PETSCII] PETSCII content written to terminal @ http://localhost:3001/assets/index-DmX2Ev4k.js:88
[   18931ms] [LOG] [PETSCII] Received petscii-output, length: 1 @ http://localhost:3001/assets/index-DmX2Ev4k.js:88
[   18931ms] [LOG] [PETSCII] Switching font from PetMe64, "Courier New", monospace to PetMe64 @ http://localhost:3001/assets/index-DmX2Ev4k.js:88
[   18931ms] [LOG] [PETSCII] PETSCII content written to terminal @ http://localhost:3001/assets/index-DmX2Ev4k.js:88
[   18931ms] [LOG] [PETSCII] Received petscii-output, length: 4 @ http://localhost:3001/assets/index-DmX2Ev4k.js:88
[   18931ms] [LOG] [PETSCII] Switching font from PetMe64, "Courier New", monospace to PetMe64 @ http://localhost:3001/assets/index-DmX2Ev4k.js:88
[   18931ms] [LOG] [PETSCII] PETSCII content written to terminal @ http://localhost:3001/assets/index-DmX2Ev4k.js:88
[   18931ms] [LOG] [PETSCII] Received petscii-output, length: 5 @ http://localhost:3001/assets/index-DmX2Ev4k.js:88
[   18931ms] [LOG] [PETSCII] Switching font from PetMe64, "Courier New", monospace to PetMe64 @ http://localhost:3001/assets/index-DmX2Ev4k.js:88
[   18931ms] [LOG] [PETSCII] PETSCII content written to terminal @ http://localhost:3001/assets/index-DmX2Ev4k.js:88
[   18931ms] [LOG] [PETSCII] Received petscii-output, length: 1 @ http://localhost:3001/assets/index-DmX2Ev4k.js:88
[   18931ms] [LOG] [PETSCII] Switching font from PetMe64, "Courier New", monospace to PetMe64 @ http://localhost:3001/assets/index-DmX2Ev4k.js:88
[   18931ms] [LOG] [PETSCII] PETSCII content written to terminal @ http://localhost:3001/assets/index-DmX2Ev4k.js:88
[   18931ms] [LOG] [PETSCII] Received petscii-output, length: 5 @ http://localhost:3001/assets/index-DmX2Ev4k.js:88
[   18931ms] [LOG] [PETSCII] Switching font from PetMe64, "Courier New", monospace to PetMe64 @ http://localhost:3001/assets/index-DmX2Ev4k.js:88
[   18931ms] [LOG] [PETSCII] PETSCII content written to terminal @ http://localhost:3001/assets/index-DmX2Ev4k.js:88
[   18931ms] [LOG] [PETSCII] Received petscii-output, length: 1 @ http://localhost:3001/assets/index-DmX2Ev4k.js:88
[   18931ms] [LOG] [PETSCII] Switching font from PetMe64, "Courier New", monospace to PetMe64 @ http://localhost:3001/assets/index-DmX2Ev4k.js:88
[   18931ms] [LOG] [PETSCII] PETSCII content written to terminal @ http://localhost:3001/assets/index-DmX2Ev4k.js:88
[   18931ms] [LOG] [PETSCII] Received petscii-output, length: 5 @ http://localhost:3001/assets/index-DmX2Ev4k.js:88
[   18931ms] [LOG] [PETSCII] Switching font from PetMe64, "Courier New", monospace to PetMe64 @ http://localhost:3001/assets/index-DmX2Ev4k.js:88
[   18931ms] [LOG] [PETSCII] PETSCII content written to terminal @ http://localhost:3001/assets/index-DmX2Ev4k.js:88
[   18931ms] [LOG] [PETSCII] Received petscii-output, length: 5 @ http://localhost:3001/assets/index-DmX2Ev4k.js:88
[   18931ms] [LOG] [PETSCII] Switching font from PetMe64, "Courier New", monospace to PetMe64 @ http://localhost:3001/assets/index-DmX2Ev4k.js:88
[   18931ms] [LOG] [PETSCII] PETSCII content written to terminal @ http://localhost:3001/assets/index-DmX2Ev4k.js:88
[   18931ms] [LOG] [PETSCII] Received petscii-output, length: 1 @ http://localhost:3001/assets/index-DmX2Ev4k.js:88
[   18931ms] [LOG] [PETSCII] Switching font from PetMe64, "Courier New", monospace to PetMe64 @ http://localhost:3001/assets/index-DmX2Ev4k.js:88
[   18931ms] [LOG] [PETSCII] PETSCII content written to terminal @ http://localhost:3001/assets/index-DmX2Ev4k.js:88
[   18931ms] [LOG] [PETSCII] Received petscii-output, length: 4 @ http://localhost:3001/assets/index-DmX2Ev4k.js:88
[   18931ms] [LOG] [PETSCII] Switching font from PetMe64, "Courier New", monospace to PetMe64 @ http://localhost:3001/assets/index-DmX2Ev4k.js:88
[   18931ms] [LOG] [PETSCII] PETSCII content written to terminal @ http://localhost:3001/assets/index-DmX2Ev4k.js:88
[   18931ms] [LOG] [PETSCII] Received petscii-output, length: 5 @ http://localhost:3001/assets/index-DmX2Ev4k.js:88
[   18931ms] [LOG] [PETSCII] Switching font from PetMe64, "Courier New", monospace to PetMe64 @ http://localhost:3001/assets/index-DmX2Ev4k.js:88
[   18931ms] [LOG] [PETSCII] PETSCII content written to terminal @ http://localhost:3001/assets/index-DmX2Ev4k.js:88
[   18931ms] [LOG] [PETSCII] Received petscii-output, length: 1 @ http://localhost:3001/assets/index-DmX2Ev4k.js:88
[   18931ms] [LOG] [PETSCII] Switching font from PetMe64, "Courier New", monospace to PetMe64 @ http://localhost:3001/assets/index-DmX2Ev4k.js:88
[   18931ms] [LOG] [PETSCII] PETSCII content written to terminal @ http://localhost:3001/assets/index-DmX2Ev4k.js:88
[   18931ms] [LOG] [PETSCII] Received petscii-output, length: 5 @ http://localhost:3001/assets/index-DmX2Ev4k.js:88
[   18932ms] [LOG] [PETSCII] Switching font from PetMe64, "Courier New", monospace to PetMe64 @ http://localhost:3001/assets/index-DmX2Ev4k.js:88
[   18932ms] [LOG] [PETSCII] PETSCII content written to terminal @ http://localhost:3001/assets/index-DmX2Ev4k.js:88
[   18932ms] [LOG] [PETSCII] Received petscii-output, length: 1 @ http://localhost:3001/assets/index-DmX2Ev4k.js:88
[   18932ms] [LOG] [PETSCII] Switching font from PetMe64, "Courier New", monospace to PetMe64 @ http://localhost:3001/assets/index-DmX2Ev4k.js:88
[   18932ms] [LOG] [PETSCII] PETSCII content written to terminal @ http://localhost:3001/assets/index-DmX2Ev4k.js:88
[   18932ms] [LOG] [PETSCII] Received petscii-output, length: 4 @ http://localhost:3001/assets/index-DmX2Ev4k.js:88
[   18932ms] [LOG] [PETSCII] Switching font from PetMe64, "Courier New", monospace to PetMe64 @ http://localhost:3001/assets/index-DmX2Ev4k.js:88
[   18932ms] [LOG] [PETSCII] PETSCII content written to terminal @ http://localhost:3001/assets/index-DmX2Ev4k.js:88
[   18932ms] [LOG] [PETSCII] Received petscii-output, length: 5 @ http://localhost:3001/assets/index-DmX2Ev4k.js:88
[   18932ms] [LOG] [PETSCII] Switching font from PetMe64, "Courier New", monospace to PetMe64 @ http://localhost:3001/assets/index-DmX2Ev4k.js:88
[   18932ms] [LOG] [PETSCII] PETSCII content written to terminal @ http://localhost:3001/assets/index-DmX2Ev4k.js:88
[   18932ms] [LOG] [PETSCII] Received petscii-output, length: 1 @ http://localhost:3001/assets/index-DmX2Ev4k.js:88
[   18932ms] [LOG] [PETSCII] Switching font from PetMe64, "Courier New", monospace to PetMe64 @ http://localhost:3001/assets/index-DmX2Ev4k.js:88
[   18932ms] [LOG] [PETSCII] PETSCII content written to terminal @ http://localhost:3001/assets/index-DmX2Ev4k.js:88
[   18932ms] [LOG] [PETSCII] Received petscii-output, length: 5 @ http://localhost:3001/assets/index-DmX2Ev4k.js:88
[   18932ms] [LOG] [PETSCII] Switching font from PetMe64, "Courier New", monospace to PetMe64 @ http://localhost:3001/assets/index-DmX2Ev4k.js:88
[   18932ms] [LOG] [PETSCII] PETSCII content written to terminal @ http://localhost:3001/assets/index-DmX2Ev4k.js:88
[   18932ms] [LOG] [PETSCII] Received petscii-output, length: 5 @ http://localhost:3001/assets/index-DmX2Ev4k.js:88
[   18932ms] [LOG] [PETSCII] Switching font from PetMe64, "Courier New", monospace to PetMe64 @ http://localhost:3001/assets/index-DmX2Ev4k.js:88
[   18932ms] [LOG] [PETSCII] PETSCII content written to terminal @ http://localhost:3001/assets/index-DmX2Ev4k.js:88
[   18932ms] [LOG] [PETSCII] Received petscii-output, length: 1 @ http://localhost:3001/assets/index-DmX2Ev4k.js:88
[   18932ms] [LOG] [PETSCII] Switching font from PetMe64, "Courier New", monospace to PetMe64 @ http://localhost:3001/assets/index-DmX2Ev4k.js:88
[   18932ms] [LOG] [PETSCII] PETSCII content written to terminal @ http://localhost:3001/assets/index-DmX2Ev4k.js:88
[   18932ms] [LOG] [PETSCII] Received petscii-output, length: 4 @ http://localhost:3001/assets/index-DmX2Ev4k.js:88
[   18932ms] [LOG] [PETSCII] Switching font from PetMe64, "Courier New", monospace to PetMe64 @ http://localhost:3001/assets/index-DmX2Ev4k.js:88
[   18932ms] [LOG] [PETSCII] PETSCII content written to terminal @ http://localhost:3001/assets/index-DmX2Ev4k.js:88
[   18932ms] [LOG] [PETSCII] Received petscii-output, length: 1 @ http://localhost:3001/assets/index-DmX2Ev4k.js:88
[   18932ms] [LOG] [PETSCII] Switching font from PetMe64, "Courier New", monospace to PetMe64 @ http://localhost:3001/assets/index-DmX2Ev4k.js:88
[   18932ms] [LOG] [PETSCII] PETSCII content written to terminal @ http://localhost:3001/assets/index-DmX2Ev4k.js:88
[   18932ms] [LOG] [PETSCII] Received petscii-output, length: 3 @ http://localhost:3001/assets/index-DmX2Ev4k.js:88
[   18932ms] [LOG] [PETSCII] Switching font from PetMe64, "Courier New", monospace to PetMe64 @ http://localhost:3001/assets/index-DmX2Ev4k.js:88
[   18932ms] [LOG] [PETSCII] PETSCII content written to terminal @ http://localhost:3001/assets/index-DmX2Ev4k.js:88
[   18932ms] [LOG] [PETSCII] Received petscii-output, length: 4 @ http://localhost:3001/assets/index-DmX2Ev4k.js:88
[   18932ms] [LOG] [PETSCII] Switching font from PetMe64, "Courier New", monospace to PetMe64 @ http://localhost:3001/assets/index-DmX2Ev4k.js:88
[   18932ms] [LOG] [PETSCII] PETSCII content written to terminal @ http://localhost:3001/assets/index-DmX2Ev4k.js:88
[   18932ms] [LOG] [PETSCII] Received petscii-output, length: 5 @ http://localhost:3001/assets/index-DmX2Ev4k.js:88
[   18932ms] [LOG] [PETSCII] Switching font from PetMe64, "Courier New", monospace to PetMe64 @ http://localhost:3001/assets/index-DmX2Ev4k.js:88
[   18933ms] [LOG] [PETSCII] PETSCII content written to terminal @ http://localhost:3001/assets/index-DmX2Ev4k.js:88
[   18933ms] [LOG] [PETSCII] Received petscii-output, length: 2 @ http://localhost:3001/assets/index-DmX2Ev4k.js:88
[   18933ms] [LOG] [PETSCII] Switching font from PetMe64, "Courier New", monospace to PetMe64 @ http://localhost:3001/assets/index-DmX2Ev4k.js:88
[   18933ms] [LOG] [PETSCII] PETSCII content written to terminal @ http://localhost:3001/assets/index-DmX2Ev4k.js:88
[   18933ms] [LOG] [PETSCII] Received petscii-output, length: 5 @ http://localhost:3001/assets/index-DmX2Ev4k.js:88
[   18933ms] [LOG] [PETSCII] Switching font from PetMe64, "Courier New", monospace to PetMe64 @ http://localhost:3001/assets/index-DmX2Ev4k.js:88
[   18933ms] [LOG] [PETSCII] PETSCII content written to terminal @ http://localhost:3001/assets/index-DmX2Ev4k.js:88
[   18933ms] [LOG] [PETSCII] Received petscii-output, length: 1 @ http://localhost:3001/assets/index-DmX2Ev4k.js:88
[   18933ms] [LOG] [PETSCII] Switching font from PetMe64, "Courier New", monospace to PetMe64 @ http://localhost:3001/assets/index-DmX2Ev4k.js:88
[   18933ms] [LOG] [PETSCII] PETSCII content written to terminal @ http://localhost:3001/assets/index-DmX2Ev4k.js:88
[   18933ms] [LOG] [PETSCII] Received petscii-output, length: 5 @ http://localhost:3001/assets/index-DmX2Ev4k.js:88
[   18933ms] [LOG] [PETSCII] Switching font from PetMe64, "Courier New", monospace to PetMe64 @ http://localhost:3001/assets/index-DmX2Ev4k.js:88
[   18933ms] [LOG] [PETSCII] PETSCII content written to terminal @ http://localhost:3001/assets/index-DmX2Ev4k.js:88
[   18933ms] [LOG] [PETSCII] Received petscii-output, length: 5 @ http://localhost:3001/assets/index-DmX2Ev4k.js:88
[   18933ms] [LOG] [PETSCII] Switching font from PetMe64, "Courier New", monospace to PetMe64 @ http://localhost:3001/assets/index-DmX2Ev4k.js:88
[   18933ms] [LOG] [PETSCII] PETSCII content written to terminal @ http://localhost:3001/assets/index-DmX2Ev4k.js:88
[   18933ms] [LOG] [PETSCII] Received petscii-output, length: 1 @ http://localhost:3001/assets/index-DmX2Ev4k.js:88
[   18933ms] [LOG] [PETSCII] Switching font from PetMe64, "Courier New", monospace to PetMe64 @ http://localhost:3001/assets/index-DmX2Ev4k.js:88
[   18933ms] [LOG] [PETSCII] PETSCII content written to terminal @ http://localhost:3001/assets/index-DmX2Ev4k.js:88
[   18933ms] [LOG] [PETSCII] Received petscii-output, length: 2 @ http://localhost:3001/assets/index-DmX2Ev4k.js:88
[   18933ms] [LOG] [PETSCII] Switching font from PetMe64, "Courier New", monospace to PetMe64 @ http://localhost:3001/assets/index-DmX2Ev4k.js:88
[   18933ms] [LOG] [PETSCII] PETSCII content written to terminal @ http://localhost:3001/assets/index-DmX2Ev4k.js:88
[   18933ms] [LOG] [PETSCII] Received petscii-output, length: 4 @ http://localhost:3001/assets/index-DmX2Ev4k.js:88
[   18933ms] [LOG] [PETSCII] Switching font from PetMe64, "Courier New", monospace to PetMe64 @ http://localhost:3001/assets/index-DmX2Ev4k.js:88
[   18933ms] [LOG] [PETSCII] PETSCII content written to terminal @ http://localhost:3001/assets/index-DmX2Ev4k.js:88
[   18933ms] [LOG] [PETSCII] Received petscii-output, length: 5 @ http://localhost:3001/assets/index-DmX2Ev4k.js:88
[   18933ms] [LOG] [PETSCII] Switching font from PetMe64, "Courier New", monospace to PetMe64 @ http://localhost:3001/assets/index-DmX2Ev4k.js:88
[   18933ms] [LOG] [PETSCII] PETSCII content written to terminal @ http://localhost:3001/assets/index-DmX2Ev4k.js:88
[   18933ms] [LOG] [PETSCII] Received petscii-output, length: 1 @ http://localhost:3001/assets/index-DmX2Ev4k.js:88
[   18933ms] [LOG] [PETSCII] Switching font from PetMe64, "Courier New", monospace to PetMe64 @ http://localhost:3001/assets/index-DmX2Ev4k.js:88
[   18933ms] [LOG] [PETSCII] PETSCII content written to terminal @ http://localhost:3001/assets/index-DmX2Ev4k.js:88
[   18933ms] [LOG] [PETSCII] Received petscii-output, length: 5 @ http://localhost:3001/assets/index-DmX2Ev4k.js:88
[   18933ms] [LOG] [PETSCII] Switching font from PetMe64, "Courier New", monospace to PetMe64 @ http://localhost:3001/assets/index-DmX2Ev4k.js:88
[   18934ms] [LOG] [PETSCII] PETSCII content written to terminal @ http://localhost:3001/assets/index-DmX2Ev4k.js:88
[   18934ms] [LOG] [PETSCII] Received petscii-output, length: 1 @ http://localhost:3001/assets/index-DmX2Ev4k.js:88
[   18934ms] [LOG] [PETSCII] Switching font from PetMe64, "Courier New", monospace to PetMe64 @ http://localhost:3001/assets/index-DmX2Ev4k.js:88
[   18934ms] [LOG] [PETSCII] PETSCII content written to terminal @ http://localhost:3001/assets/index-DmX2Ev4k.js:88
[   18934ms] [LOG] [PETSCII] Received petscii-output, length: 5 @ http://localhost:3001/assets/index-DmX2Ev4k.js:88
[   18934ms] [LOG] [PETSCII] Switching font from PetMe64, "Courier New", monospace to PetMe64 @ http://localhost:3001/assets/index-DmX2Ev4k.js:88
[   18934ms] [LOG] [PETSCII] PETSCII content written to terminal @ http://localhost:3001/assets/index-DmX2Ev4k.js:88
[   18934ms] [LOG] [PETSCII] Received petscii-output, length: 5 @ http://localhost:3001/assets/index-DmX2Ev4k.js:88
[   18934ms] [LOG] [PETSCII] Switching font from PetMe64, "Courier New", monospace to PetMe64 @ http://localhost:3001/assets/index-DmX2Ev4k.js:88
[   18934ms] [LOG] [PETSCII] PETSCII content written to terminal @ http://localhost:3001/assets/index-DmX2Ev4k.js:88
[   18934ms] [LOG] [PETSCII] Received petscii-output, length: 1 @ http://localhost:3001/assets/index-DmX2Ev4k.js:88
[   18934ms] [LOG] [PETSCII] Switching font from PetMe64, "Courier New", monospace to PetMe64 @ http://localhost:3001/assets/index-DmX2Ev4k.js:88
[   18934ms] [LOG] [PETSCII] PETSCII content written to terminal @ http://localhost:3001/assets/index-DmX2Ev4k.js:88
[   18934ms] [LOG] [PETSCII] Received petscii-output, length: 4 @ http://localhost:3001/assets/index-DmX2Ev4k.js:88
[   18934ms] [LOG] [PETSCII] Switching font from PetMe64, "Courier New", monospace to PetMe64 @ http://localhost:3001/assets/index-DmX2Ev4k.js:88
[   18934ms] [LOG] [PETSCII] PETSCII content written to terminal @ http://localhost:3001/assets/index-DmX2Ev4k.js:88
[   18934ms] [LOG] [PETSCII] Received petscii-output, length: 1 @ http://localhost:3001/assets/index-DmX2Ev4k.js:88
[   18934ms] [LOG] [PETSCII] Switching font from PetMe64, "Courier New", monospace to PetMe64 @ http://localhost:3001/assets/index-DmX2Ev4k.js:88
[   18934ms] [LOG] [PETSCII] PETSCII content written to terminal @ http://localhost:3001/assets/index-DmX2Ev4k.js:88
[   18934ms] [LOG] [PETSCII] Received petscii-output, length: 1 @ http://localhost:3001/assets/index-DmX2Ev4k.js:88
[   18934ms] [LOG] [PETSCII] Switching font from PetMe64, "Courier New", monospace to PetMe64 @ http://localhost:3001/assets/index-DmX2Ev4k.js:88
[   18934ms] [LOG] [PETSCII] PETSCII content written to terminal @ http://localhost:3001/assets/index-DmX2Ev4k.js:88
[   18934ms] [LOG] [PETSCII] Received petscii-output, length: 5 @ http://localhost:3001/assets/index-DmX2Ev4k.js:88
[   18934ms] [LOG] [PETSCII] Switching font from PetMe64, "Courier New", monospace to PetMe64 @ http://localhost:3001/assets/index-DmX2Ev4k.js:88
[   18934ms] [LOG] [PETSCII] PETSCII content written to terminal @ http://localhost:3001/assets/index-DmX2Ev4k.js:88
[   18935ms] [LOG] [PETSCII] Received petscii-output, length: 1 @ http://localhost:3001/assets/index-DmX2Ev4k.js:88
[   18935ms] [LOG] [PETSCII] Switching font from PetMe64, "Courier New", monospace to PetMe64 @ http://localhost:3001/assets/index-DmX2Ev4k.js:88
[   18935ms] [LOG] [PETSCII] PETSCII content written to terminal @ http://localhost:3001/assets/index-DmX2Ev4k.js:88
[   18935ms] [LOG] [PETSCII] Received petscii-output, length: 5 @ http://localhost:3001/assets/index-DmX2Ev4k.js:88
[   18935ms] [LOG] [PETSCII] Switching font from PetMe64, "Courier New", monospace to PetMe64 @ http://localhost:3001/assets/index-DmX2Ev4k.js:88
[   18935ms] [LOG] [PETSCII] PETSCII content written to terminal @ http://localhost:3001/assets/index-DmX2Ev4k.js:88
[   18935ms] [LOG] [PETSCII] Received petscii-output, length: 5 @ http://localhost:3001/assets/index-DmX2Ev4k.js:88
[   18935ms] [LOG] [PETSCII] Switching font from PetMe64, "Courier New", monospace to PetMe64 @ http://localhost:3001/assets/index-DmX2Ev4k.js:88
[   18935ms] [LOG] [PETSCII] PETSCII content written to terminal @ http://localhost:3001/assets/index-DmX2Ev4k.js:88
[   18935ms] [LOG] [PETSCII] Received petscii-output, length: 1 @ http://localhost:3001/assets/index-DmX2Ev4k.js:88
[   18935ms] [LOG] [PETSCII] Switching font from PetMe64, "Courier New", monospace to PetMe64 @ http://localhost:3001/assets/index-DmX2Ev4k.js:88
[   18935ms] [LOG] [PETSCII] PETSCII content written to terminal @ http://localhost:3001/assets/index-DmX2Ev4k.js:88
[   18935ms] [LOG] [PETSCII] Received petscii-output, length: 4 @ http://localhost:3001/assets/index-DmX2Ev4k.js:88
[   18935ms] [LOG] [PETSCII] Switching font from PetMe64, "Courier New", monospace to PetMe64 @ http://localhost:3001/assets/index-DmX2Ev4k.js:88
[   18935ms] [LOG] [PETSCII] PETSCII content written to terminal @ http://localhost:3001/assets/index-DmX2Ev4k.js:88
[   18935ms] [LOG] [PETSCII] Received petscii-output, length: 5 @ http://localhost:3001/assets/index-DmX2Ev4k.js:88
[   18935ms] [LOG] [PETSCII] Switching font from PetMe64, "Courier New", monospace to PetMe64 @ http://localhost:3001/assets/index-DmX2Ev4k.js:88
[   18935ms] [LOG] [PETSCII] PETSCII content written to terminal @ http://localhost:3001/assets/index-DmX2Ev4k.js:88
[   18935ms] [LOG] [PETSCII] Received petscii-output, length: 1 @ http://localhost:3001/assets/index-DmX2Ev4k.js:88
[   18935ms] [LOG] [PETSCII] Switching font from PetMe64, "Courier New", monospace to PetMe64 @ http://localhost:3001/assets/index-DmX2Ev4k.js:88
[   18935ms] [LOG] [PETSCII] PETSCII content written to terminal @ http://localhost:3001/assets/index-DmX2Ev4k.js:88
[   18935ms] [LOG] [PETSCII] Received petscii-output, length: 5 @ http://localhost:3001/assets/index-DmX2Ev4k.js:88
[   18935ms] [LOG] [PETSCII] Switching font from PetMe64, "Courier New", monospace to PetMe64 @ http://localhost:3001/assets/index-DmX2Ev4k.js:88
[   18935ms] [LOG] [PETSCII] PETSCII content written to terminal @ http://localhost:3001/assets/index-DmX2Ev4k.js:88
[   18935ms] [LOG] [PETSCII] Received petscii-output, length: 5 @ http://localhost:3001/assets/index-DmX2Ev4k.js:88
[   18935ms] [LOG] [PETSCII] Switching font from PetMe64, "Courier New", monospace to PetMe64 @ http://localhost:3001/assets/index-DmX2Ev4k.js:88
[   18935ms] [LOG] [PETSCII] PETSCII content written to terminal @ http://localhost:3001/assets/index-DmX2Ev4k.js:88
[   18935ms] [LOG] [PETSCII] Received petscii-output, length: 1 @ http://localhost:3001/assets/index-DmX2Ev4k.js:88
[   18935ms] [LOG] [PETSCII] Switching font from PetMe64, "Courier New", monospace to PetMe64 @ http://localhost:3001/assets/index-DmX2Ev4k.js:88
[   18935ms] [LOG] [PETSCII] PETSCII content written to terminal @ http://localhost:3001/assets/index-DmX2Ev4k.js:88
[   18935ms] [LOG] [PETSCII] Received petscii-output, length: 4 @ http://localhost:3001/assets/index-DmX2Ev4k.js:88
[   18935ms] [LOG] [PETSCII] Switching font from PetMe64, "Courier New", monospace to PetMe64 @ http://localhost:3001/assets/index-DmX2Ev4k.js:88
[   18935ms] [LOG] [PETSCII] PETSCII content written to terminal @ http://localhost:3001/assets/index-DmX2Ev4k.js:88
[   18935ms] [LOG] [PETSCII] Received petscii-output, length: 1 @ http://localhost:3001/assets/index-DmX2Ev4k.js:88
[   18935ms] [LOG] [PETSCII] Switching font from PetMe64, "Courier New", monospace to PetMe64 @ http://localhost:3001/assets/index-DmX2Ev4k.js:88
[   18935ms] [LOG] [PETSCII] PETSCII content written to terminal @ http://localhost:3001/assets/index-DmX2Ev4k.js:88
[   18937ms] [LOG] [PETSCII] Received petscii-output, length: 7 @ http://localhost:3001/assets/index-DmX2Ev4k.js:88
[   18937ms] [LOG] [PETSCII] Switching font from PetMe64, "Courier New", monospace to PetMe64 @ http://localhost:3001/assets/index-DmX2Ev4k.js:88
[   18937ms] [LOG] [PETSCII] PETSCII content written to terminal @ http://localhost:3001/assets/index-DmX2Ev4k.js:88
[   18940ms] [LOG] [PETSCII] Received petscii-output, length: 4 @ http://localhost:3001/assets/index-DmX2Ev4k.js:88
[   18940ms] [LOG] [PETSCII] Switching font from PetMe64, "Courier New", monospace to PetMe64 @ http://localhost:3001/assets/index-DmX2Ev4k.js:88
[   18940ms] [LOG] [PETSCII] PETSCII content written to terminal @ http://localhost:3001/assets/index-DmX2Ev4k.js:88
[   18940ms] [LOG] [PETSCII] Received petscii-output, length: 5 @ http://localhost:3001/assets/index-DmX2Ev4k.js:88
[   18940ms] [LOG] [PETSCII] Switching font from PetMe64, "Courier New", monospace to PetMe64 @ http://localhost:3001/assets/index-DmX2Ev4k.js:88
[   18940ms] [LOG] [PETSCII] PETSCII content written to terminal @ http://localhost:3001/assets/index-DmX2Ev4k.js:88
[   18940ms] [LOG] [PETSCII] Received petscii-output, length: 1 @ http://localhost:3001/assets/index-DmX2Ev4k.js:88
[   18940ms] [LOG] [PETSCII] Switching font from PetMe64, "Courier New", monospace to PetMe64 @ http://localhost:3001/assets/index-DmX2Ev4k.js:88
[   18940ms] [LOG] [PETSCII] PETSCII content written to terminal @ http://localhost:3001/assets/index-DmX2Ev4k.js:88
[   18940ms] [LOG] [PETSCII] Received petscii-output, length: 4 @ http://localhost:3001/assets/index-DmX2Ev4k.js:88
[   18940ms] [LOG] [PETSCII] Switching font from PetMe64, "Courier New", monospace to PetMe64 @ http://localhost:3001/assets/index-DmX2Ev4k.js:88
[   18940ms] [LOG] [PETSCII] PETSCII content written to terminal @ http://localhost:3001/assets/index-DmX2Ev4k.js:88
[   18940ms] [LOG] [PETSCII] Received petscii-output, length: 5 @ http://localhost:3001/assets/index-DmX2Ev4k.js:88
[   18940ms] [LOG] [PETSCII] Switching font from PetMe64, "Courier New", monospace to PetMe64 @ http://localhost:3001/assets/index-DmX2Ev4k.js:88
[   18940ms] [LOG] [PETSCII] PETSCII content written to terminal @ http://localhost:3001/assets/index-DmX2Ev4k.js:88
[   18940ms] [LOG] [PETSCII] Received petscii-output, length: 1 @ http://localhost:3001/assets/index-DmX2Ev4k.js:88
[   18940ms] [LOG] [PETSCII] Switching font from PetMe64, "Courier New", monospace to PetMe64 @ http://localhost:3001/assets/index-DmX2Ev4k.js:88
[   18940ms] [LOG] [PETSCII] PETSCII content written to terminal @ http://localhost:3001/assets/index-DmX2Ev4k.js:88
[   18943ms] [LOG] [PETSCII] Received petscii-output, length: 2 @ http://localhost:3001/assets/index-DmX2Ev4k.js:88
[   18943ms] [LOG] [PETSCII] Switching font from PetMe64, "Courier New", monospace to PetMe64 @ http://localhost:3001/assets/index-DmX2Ev4k.js:88
[   18943ms] [LOG] [PETSCII] PETSCII content written to terminal @ http://localhost:3001/assets/index-DmX2Ev4k.js:88
[   18943ms] [LOG] [PETSCII] Received petscii-output, length: 5 @ http://localhost:3001/assets/index-DmX2Ev4k.js:88
[   18943ms] [LOG] [PETSCII] Switching font from PetMe64, "Courier New", monospace to PetMe64 @ http://localhost:3001/assets/index-DmX2Ev4k.js:88
[   18943ms] [LOG] [PETSCII] PETSCII content written to terminal @ http://localhost:3001/assets/index-DmX2Ev4k.js:88
[   18943ms] [LOG] [PETSCII] Received petscii-output, length: 1 @ http://localhost:3001/assets/index-DmX2Ev4k.js:88
[   18943ms] [LOG] [PETSCII] Switching font from PetMe64, "Courier New", monospace to PetMe64 @ http://localhost:3001/assets/index-DmX2Ev4k.js:88
[   18943ms] [LOG] [PETSCII] PETSCII content written to terminal @ http://localhost:3001/assets/index-DmX2Ev4k.js:88
[   18943ms] [LOG] [PETSCII] Received petscii-output, length: 5 @ http://localhost:3001/assets/index-DmX2Ev4k.js:88
[   18943ms] [LOG] [PETSCII] Switching font from PetMe64, "Courier New", monospace to PetMe64 @ http://localhost:3001/assets/index-DmX2Ev4k.js:88
[   18943ms] [LOG] [PETSCII] PETSCII content written to terminal @ http://localhost:3001/assets/index-DmX2Ev4k.js:88
[   18943ms] [LOG] [PETSCII] Received petscii-output, length: 5 @ http://localhost:3001/assets/index-DmX2Ev4k.js:88
[   18943ms] [LOG] [PETSCII] Switching font from PetMe64, "Courier New", monospace to PetMe64 @ http://localhost:3001/assets/index-DmX2Ev4k.js:88
[   18943ms] [LOG] [PETSCII] PETSCII content written to terminal @ http://localhost:3001/assets/index-DmX2Ev4k.js:88
[   18944ms] [LOG] [PETSCII] Received petscii-output, length: 1 @ http://localhost:3001/assets/index-DmX2Ev4k.js:88
[   18944ms] [LOG] [PETSCII] Switching font from PetMe64, "Courier New", monospace to PetMe64 @ http://localhost:3001/assets/index-DmX2Ev4k.js:88
[   18944ms] [LOG] [PETSCII] PETSCII content written to terminal @ http://localhost:3001/assets/index-DmX2Ev4k.js:88
[   18944ms] [LOG] [PETSCII] Received petscii-output, length: 4 @ http://localhost:3001/assets/index-DmX2Ev4k.js:88
[   18944ms] [LOG] [PETSCII] Switching font from PetMe64, "Courier New", monospace to PetMe64 @ http://localhost:3001/assets/index-DmX2Ev4k.js:88
[   18944ms] [LOG] [PETSCII] PETSCII content written to terminal @ http://localhost:3001/assets/index-DmX2Ev4k.js:88
[   18944ms] [LOG] [PETSCII] Received petscii-output, length: 5 @ http://localhost:3001/assets/index-DmX2Ev4k.js:88
[   18944ms] [LOG] [PETSCII] Switching font from PetMe64, "Courier New", monospace to PetMe64 @ http://localhost:3001/assets/index-DmX2Ev4k.js:88
[   18944ms] [LOG] [PETSCII] PETSCII content written to terminal @ http://localhost:3001/assets/index-DmX2Ev4k.js:88
[   18944ms] [LOG] [PETSCII] Received petscii-output, length: 1 @ http://localhost:3001/assets/index-DmX2Ev4k.js:88
[   18944ms] [LOG] [PETSCII] Switching font from PetMe64, "Courier New", monospace to PetMe64 @ http://localhost:3001/assets/index-DmX2Ev4k.js:88
[   18944ms] [LOG] [PETSCII] PETSCII content written to terminal @ http://localhost:3001/assets/index-DmX2Ev4k.js:88
[   18944ms] [LOG] [PETSCII] Received petscii-output, length: 5 @ http://localhost:3001/assets/index-DmX2Ev4k.js:88
[   18944ms] [LOG] [PETSCII] Switching font from PetMe64, "Courier New", monospace to PetMe64 @ http://localhost:3001/assets/index-DmX2Ev4k.js:88
[   18944ms] [LOG] [PETSCII] PETSCII content written to terminal @ http://localhost:3001/assets/index-DmX2Ev4k.js:88
[   18944ms] [LOG] [PETSCII] Received petscii-output, length: 5 @ http://localhost:3001/assets/index-DmX2Ev4k.js:88
[   18944ms] [LOG] [PETSCII] Switching font from PetMe64, "Courier New", monospace to PetMe64 @ http://localhost:3001/assets/index-DmX2Ev4k.js:88
[   18944ms] [LOG] [PETSCII] PETSCII content written to terminal @ http://localhost:3001/assets/index-DmX2Ev4k.js:88
[   18944ms] [LOG] [PETSCII] Received petscii-output, length: 1 @ http://localhost:3001/assets/index-DmX2Ev4k.js:88
[   18944ms] [LOG] [PETSCII] Switching font from PetMe64, "Courier New", monospace to PetMe64 @ http://localhost:3001/assets/index-DmX2Ev4k.js:88
[   18944ms] [LOG] [PETSCII] PETSCII content written to terminal @ http://localhost:3001/assets/index-DmX2Ev4k.js:88
[   18944ms] [LOG] [PETSCII] Received petscii-output, length: 4 @ http://localhost:3001/assets/index-DmX2Ev4k.js:88
[   18944ms] [LOG] [PETSCII] Switching font from PetMe64, "Courier New", monospace to PetMe64 @ http://localhost:3001/assets/index-DmX2Ev4k.js:88
[   18944ms] [LOG] [PETSCII] PETSCII content written to terminal @ http://localhost:3001/assets/index-DmX2Ev4k.js:88
[   18944ms] [LOG] [PETSCII] Received petscii-output, length: 5 @ http://localhost:3001/assets/index-DmX2Ev4k.js:88
[   18944ms] [LOG] [PETSCII] Switching font from PetMe64, "Courier New", monospace to PetMe64 @ http://localhost:3001/assets/index-DmX2Ev4k.js:88
[   18944ms] [LOG] [PETSCII] PETSCII content written to terminal @ http://localhost:3001/assets/index-DmX2Ev4k.js:88
[   18944ms] [LOG] [PETSCII] Received petscii-output, length: 1 @ http://localhost:3001/assets/index-DmX2Ev4k.js:88
[   18944ms] [LOG] [PETSCII] Switching font from PetMe64, "Courier New", monospace to PetMe64 @ http://localhost:3001/assets/index-DmX2Ev4k.js:88
[   18944ms] [LOG] [PETSCII] PETSCII content written to terminal @ http://localhost:3001/assets/index-DmX2Ev4k.js:88
[   18946ms] [LOG] [PETSCII] Received petscii-output, length: 2 @ http://localhost:3001/assets/index-DmX2Ev4k.js:88
[   18946ms] [LOG] [PETSCII] Switching font from PetMe64, "Courier New", monospace to PetMe64 @ http://localhost:3001/assets/index-DmX2Ev4k.js:88
[   18946ms] [LOG] [PETSCII] PETSCII content written to terminal @ http://localhost:3001/assets/index-DmX2Ev4k.js:88
[   18946ms] [LOG] [PETSCII] Received petscii-output, length: 5 @ http://localhost:3001/assets/index-DmX2Ev4k.js:88
[   18946ms] [LOG] [PETSCII] Switching font from PetMe64, "Courier New", monospace to PetMe64 @ http://localhost:3001/assets/index-DmX2Ev4k.js:88
[   18946ms] [LOG] [PETSCII] PETSCII content written to terminal @ http://localhost:3001/assets/index-DmX2Ev4k.js:88
[   18946ms] [LOG] [PETSCII] Received petscii-output, length: 5 @ http://localhost:3001/assets/index-DmX2Ev4k.js:88
[   18946ms] [LOG] [PETSCII] Switching font from PetMe64, "Courier New", monospace to PetMe64 @ http://localhost:3001/assets/index-DmX2Ev4k.js:88
[   18946ms] [LOG] [PETSCII] PETSCII content written to terminal @ http://localhost:3001/assets/index-DmX2Ev4k.js:88
[   18946ms] [LOG] [PETSCII] Received petscii-output, length: 1 @ http://localhost:3001/assets/index-DmX2Ev4k.js:88
[   18946ms] [LOG] [PETSCII] Switching font from PetMe64, "Courier New", monospace to PetMe64 @ http://localhost:3001/assets/index-DmX2Ev4k.js:88
[   18946ms] [LOG] [PETSCII] PETSCII content written to terminal @ http://localhost:3001/assets/index-DmX2Ev4k.js:88
[   18946ms] [LOG] [PETSCII] Received petscii-output, length: 4 @ http://localhost:3001/assets/index-DmX2Ev4k.js:88
[   18946ms] [LOG] [PETSCII] Switching font from PetMe64, "Courier New", monospace to PetMe64 @ http://localhost:3001/assets/index-DmX2Ev4k.js:88
[   18946ms] [LOG] [PETSCII] PETSCII content written to terminal @ http://localhost:3001/assets/index-DmX2Ev4k.js:88
[   18946ms] [LOG] [PETSCII] Received petscii-output, length: 5 @ http://localhost:3001/assets/index-DmX2Ev4k.js:88
[   18946ms] [LOG] [PETSCII] Switching font from PetMe64, "Courier New", monospace to PetMe64 @ http://localhost:3001/assets/index-DmX2Ev4k.js:88
[   18946ms] [LOG] [PETSCII] PETSCII content written to terminal @ http://localhost:3001/assets/index-DmX2Ev4k.js:88
[   18946ms] [LOG] [PETSCII] Received petscii-output, length: 1 @ http://localhost:3001/assets/index-DmX2Ev4k.js:88
[   18946ms] [LOG] [PETSCII] Switching font from PetMe64, "Courier New", monospace to PetMe64 @ http://localhost:3001/assets/index-DmX2Ev4k.js:88
[   18946ms] [LOG] [PETSCII] PETSCII content written to terminal @ http://localhost:3001/assets/index-DmX2Ev4k.js:88
[   18946ms] [LOG] [PETSCII] Received petscii-output, length: 5 @ http://localhost:3001/assets/index-DmX2Ev4k.js:88
[   18946ms] [LOG] [PETSCII] Switching font from PetMe64, "Courier New", monospace to PetMe64 @ http://localhost:3001/assets/index-DmX2Ev4k.js:88
[   18946ms] [LOG] [PETSCII] PETSCII content written to terminal @ http://localhost:3001/assets/index-DmX2Ev4k.js:88
[   18946ms] [LOG] [PETSCII] Received petscii-output, length: 1 @ http://localhost:3001/assets/index-DmX2Ev4k.js:88
[   18946ms] [LOG] [PETSCII] Switching font from PetMe64, "Courier New", monospace to PetMe64 @ http://localhost:3001/assets/index-DmX2Ev4k.js:88
[   18946ms] [LOG] [PETSCII] PETSCII content written to terminal @ http://localhost:3001/assets/index-DmX2Ev4k.js:88
[   18946ms] [LOG] [PETSCII] Received petscii-output, length: 5 @ http://localhost:3001/assets/index-DmX2Ev4k.js:88
[   18946ms] [LOG] [PETSCII] Switching font from PetMe64, "Courier New", monospace to PetMe64 @ http://localhost:3001/assets/index-DmX2Ev4k.js:88
[   18946ms] [LOG] [PETSCII] PETSCII content written to terminal @ http://localhost:3001/assets/index-DmX2Ev4k.js:88
[   18946ms] [LOG] [PETSCII] Received petscii-output, length: 5 @ http://localhost:3001/assets/index-DmX2Ev4k.js:88
[   18946ms] [LOG] [PETSCII] Switching font from PetMe64, "Courier New", monospace to PetMe64 @ http://localhost:3001/assets/index-DmX2Ev4k.js:88
[   18946ms] [LOG] [PETSCII] PETSCII content written to terminal @ http://localhost:3001/assets/index-DmX2Ev4k.js:88
[   18946ms] [LOG] [PETSCII] Received petscii-output, length: 1 @ http://localhost:3001/assets/index-DmX2Ev4k.js:88
[   18946ms] [LOG] [PETSCII] Switching font from PetMe64, "Courier New", monospace to PetMe64 @ http://localhost:3001/assets/index-DmX2Ev4k.js:88
[   18946ms] [LOG] [PETSCII] PETSCII content written to terminal @ http://localhost:3001/assets/index-DmX2Ev4k.js:88
[   18946ms] [LOG] [PETSCII] Received petscii-output, length: 4 @ http://localhost:3001/assets/index-DmX2Ev4k.js:88
[   18947ms] [LOG] [PETSCII] Switching font from PetMe64, "Courier New", monospace to PetMe64 @ http://localhost:3001/assets/index-DmX2Ev4k.js:88
[   18947ms] [LOG] [PETSCII] PETSCII content written to terminal @ http://localhost:3001/assets/index-DmX2Ev4k.js:88
[   18947ms] [LOG] [PETSCII] Received petscii-output, length: 5 @ http://localhost:3001/assets/index-DmX2Ev4k.js:88
[   18947ms] [LOG] [PETSCII] Switching font from PetMe64, "Courier New", monospace to PetMe64 @ http://localhost:3001/assets/index-DmX2Ev4k.js:88
[   18947ms] [LOG] [PETSCII] PETSCII content written to terminal @ http://localhost:3001/assets/index-DmX2Ev4k.js:88
[   18947ms] [LOG] [PETSCII] Received petscii-output, length: 1 @ http://localhost:3001/assets/index-DmX2Ev4k.js:88
[   18947ms] [LOG] [PETSCII] Switching font from PetMe64, "Courier New", monospace to PetMe64 @ http://localhost:3001/assets/index-DmX2Ev4k.js:88
[   18947ms] [LOG] [PETSCII] PETSCII content written to terminal @ http://localhost:3001/assets/index-DmX2Ev4k.js:88
[   18948ms] [LOG] [PETSCII] Received petscii-output, length: 3 @ http://localhost:3001/assets/index-DmX2Ev4k.js:88
[   18948ms] [LOG] [PETSCII] Switching font from PetMe64, "Courier New", monospace to PetMe64 @ http://localhost:3001/assets/index-DmX2Ev4k.js:88
[   18948ms] [LOG] [PETSCII] PETSCII content written to terminal @ http://localhost:3001/assets/index-DmX2Ev4k.js:88
[   18948ms] [LOG] [PETSCII] Received petscii-output, length: 5 @ http://localhost:3001/assets/index-DmX2Ev4k.js:88
[   18948ms] [LOG] [PETSCII] Switching font from PetMe64, "Courier New", monospace to PetMe64 @ http://localhost:3001/assets/index-DmX2Ev4k.js:88
[   18948ms] [LOG] [PETSCII] PETSCII content written to terminal @ http://localhost:3001/assets/index-DmX2Ev4k.js:88
[   18948ms] [LOG] [PETSCII] Received petscii-output, length: 1 @ http://localhost:3001/assets/index-DmX2Ev4k.js:88
[   18948ms] [LOG] [PETSCII] Switching font from PetMe64, "Courier New", monospace to PetMe64 @ http://localhost:3001/assets/index-DmX2Ev4k.js:88
[   18948ms] [LOG] [PETSCII] PETSCII content written to terminal @ http://localhost:3001/assets/index-DmX2Ev4k.js:88
[   18948ms] [LOG] [PETSCII] Received petscii-output, length: 5 @ http://localhost:3001/assets/index-DmX2Ev4k.js:88
[   18948ms] [LOG] [PETSCII] Switching font from PetMe64, "Courier New", monospace to PetMe64 @ http://localhost:3001/assets/index-DmX2Ev4k.js:88
[   18948ms] [LOG] [PETSCII] PETSCII content written to terminal @ http://localhost:3001/assets/index-DmX2Ev4k.js:88
[   18948ms] [LOG] [PETSCII] Received petscii-output, length: 3 @ http://localhost:3001/assets/index-DmX2Ev4k.js:88
[   18948ms] [LOG] [PETSCII] Switching font from PetMe64, "Courier New", monospace to PetMe64 @ http://localhost:3001/assets/index-DmX2Ev4k.js:88
[   18948ms] [LOG] [PETSCII] PETSCII content written to terminal @ http://localhost:3001/assets/index-DmX2Ev4k.js:88
[   18950ms] [LOG] [PETSCII] Received petscii-output, length: 4 @ http://localhost:3001/assets/index-DmX2Ev4k.js:88
[   18950ms] [LOG] [PETSCII] Switching font from PetMe64, "Courier New", monospace to PetMe64 @ http://localhost:3001/assets/index-DmX2Ev4k.js:88
[   18950ms] [LOG] [PETSCII] PETSCII content written to terminal @ http://localhost:3001/assets/index-DmX2Ev4k.js:88
[   18951ms] [LOG] [PETSCII] Received petscii-output, length: 4 @ http://localhost:3001/assets/index-DmX2Ev4k.js:88
[   18951ms] [LOG] [PETSCII] Switching font from PetMe64, "Courier New", monospace to PetMe64 @ http://localhost:3001/assets/index-DmX2Ev4k.js:88
[   18951ms] [LOG] [PETSCII] PETSCII content written to terminal @ http://localhost:3001/assets/index-DmX2Ev4k.js:88
[   18951ms] [LOG] [PETSCII] Received petscii-output, length: 5 @ http://localhost:3001/assets/index-DmX2Ev4k.js:88
[   18951ms] [LOG] [PETSCII] Switching font from PetMe64, "Courier New", monospace to PetMe64 @ http://localhost:3001/assets/index-DmX2Ev4k.js:88
[   18951ms] [LOG] [PETSCII] PETSCII content written to terminal @ http://localhost:3001/assets/index-DmX2Ev4k.js:88
[   18951ms] [LOG] [PETSCII] Received petscii-output, length: 2 @ http://localhost:3001/assets/index-DmX2Ev4k.js:88
[   18951ms] [LOG] [PETSCII] Switching font from PetMe64, "Courier New", monospace to PetMe64 @ http://localhost:3001/assets/index-DmX2Ev4k.js:88
[   18951ms] [LOG] [PETSCII] PETSCII content written to terminal @ http://localhost:3001/assets/index-DmX2Ev4k.js:88
[   18951ms] [LOG] [PETSCII] Received petscii-output, length: 5 @ http://localhost:3001/assets/index-DmX2Ev4k.js:88
[   18951ms] [LOG] [PETSCII] Switching font from PetMe64, "Courier New", monospace to PetMe64 @ http://localhost:3001/assets/index-DmX2Ev4k.js:88
[   18951ms] [LOG] [PETSCII] PETSCII content written to terminal @ http://localhost:3001/assets/index-DmX2Ev4k.js:88
[   18951ms] [LOG] [PETSCII] Received petscii-output, length: 1 @ http://localhost:3001/assets/index-DmX2Ev4k.js:88
[   18951ms] [LOG] [PETSCII] Switching font from PetMe64, "Courier New", monospace to PetMe64 @ http://localhost:3001/assets/index-DmX2Ev4k.js:88
[   18951ms] [LOG] [PETSCII] PETSCII content written to terminal @ http://localhost:3001/assets/index-DmX2Ev4k.js:88
[   18951ms] [LOG] [PETSCII] Received petscii-output, length: 5 @ http://localhost:3001/assets/index-DmX2Ev4k.js:88
[   18952ms] [LOG] [PETSCII] Switching font from PetMe64, "Courier New", monospace to PetMe64 @ http://localhost:3001/assets/index-DmX2Ev4k.js:88
[   18952ms] [LOG] [PETSCII] PETSCII content written to terminal @ http://localhost:3001/assets/index-DmX2Ev4k.js:88
[   18952ms] [LOG] [PETSCII] Received petscii-output, length: 1 @ http://localhost:3001/assets/index-DmX2Ev4k.js:88
[   18952ms] [LOG] [PETSCII] Switching font from PetMe64, "Courier New", monospace to PetMe64 @ http://localhost:3001/assets/index-DmX2Ev4k.js:88
[   18952ms] [LOG] [PETSCII] PETSCII content written to terminal @ http://localhost:3001/assets/index-DmX2Ev4k.js:88
[   18956ms] [LOG] [PETSCII] Received petscii-output, length: 1 @ http://localhost:3001/assets/index-DmX2Ev4k.js:88
[   18956ms] [LOG] [PETSCII] Switching font from PetMe64, "Courier New", monospace to PetMe64 @ http://localhost:3001/assets/index-DmX2Ev4k.js:88
[   18956ms] [LOG] [PETSCII] PETSCII content written to terminal @ http://localhost:3001/assets/index-DmX2Ev4k.js:88
[   18956ms] [LOG] [PETSCII] Received petscii-output, length: 5 @ http://localhost:3001/assets/index-DmX2Ev4k.js:88
[   18956ms] [LOG] [PETSCII] Switching font from PetMe64, "Courier New", monospace to PetMe64 @ http://localhost:3001/assets/index-DmX2Ev4k.js:88
[   18956ms] [LOG] [PETSCII] PETSCII content written to terminal @ http://localhost:3001/assets/index-DmX2Ev4k.js:88
[   18956ms] [LOG] [PETSCII] Received petscii-output, length: 5 @ http://localhost:3001/assets/index-DmX2Ev4k.js:88
[   18956ms] [LOG] [PETSCII] Switching font from PetMe64, "Courier New", monospace to PetMe64 @ http://localhost:3001/assets/index-DmX2Ev4k.js:88
[   18956ms] [LOG] [PETSCII] PETSCII content written to terminal @ http://localhost:3001/assets/index-DmX2Ev4k.js:88
[   18956ms] [LOG] [PETSCII] Received petscii-output, length: 1 @ http://localhost:3001/assets/index-DmX2Ev4k.js:88
[   18956ms] [LOG] [PETSCII] Switching font from PetMe64, "Courier New", monospace to PetMe64 @ http://localhost:3001/assets/index-DmX2Ev4k.js:88
[   18956ms] [LOG] [PETSCII] PETSCII content written to terminal @ http://localhost:3001/assets/index-DmX2Ev4k.js:88
[   18956ms] [LOG] [PETSCII] Received petscii-output, length: 4 @ http://localhost:3001/assets/index-DmX2Ev4k.js:88
[   18956ms] [LOG] [PETSCII] Switching font from PetMe64, "Courier New", monospace to PetMe64 @ http://localhost:3001/assets/index-DmX2Ev4k.js:88
[   18956ms] [LOG] [PETSCII] PETSCII content written to terminal @ http://localhost:3001/assets/index-DmX2Ev4k.js:88
[   18956ms] [LOG] [PETSCII] Received petscii-output, length: 5 @ http://localhost:3001/assets/index-DmX2Ev4k.js:88
[   18957ms] [LOG] [PETSCII] Switching font from PetMe64, "Courier New", monospace to PetMe64 @ http://localhost:3001/assets/index-DmX2Ev4k.js:88
[   18957ms] [LOG] [PETSCII] PETSCII content written to terminal @ http://localhost:3001/assets/index-DmX2Ev4k.js:88
[   18957ms] [LOG] [PETSCII] Received petscii-output, length: 1 @ http://localhost:3001/assets/index-DmX2Ev4k.js:88
[   18957ms] [LOG] [PETSCII] Switching font from PetMe64, "Courier New", monospace to PetMe64 @ http://localhost:3001/assets/index-DmX2Ev4k.js:88
[   18957ms] [LOG] [PETSCII] PETSCII content written to terminal @ http://localhost:3001/assets/index-DmX2Ev4k.js:88
[   18957ms] [LOG] [PETSCII] Received petscii-output, length: 5 @ http://localhost:3001/assets/index-DmX2Ev4k.js:88
[   18957ms] [LOG] [PETSCII] Switching font from PetMe64, "Courier New", monospace to PetMe64 @ http://localhost:3001/assets/index-DmX2Ev4k.js:88
[   18957ms] [LOG] [PETSCII] PETSCII content written to terminal @ http://localhost:3001/assets/index-DmX2Ev4k.js:88
[   18957ms] [LOG] [PETSCII] Received petscii-output, length: 5 @ http://localhost:3001/assets/index-DmX2Ev4k.js:88
[   18957ms] [LOG] [PETSCII] Switching font from PetMe64, "Courier New", monospace to PetMe64 @ http://localhost:3001/assets/index-DmX2Ev4k.js:88
[   18957ms] [LOG] [PETSCII] PETSCII content written to terminal @ http://localhost:3001/assets/index-DmX2Ev4k.js:88
[   18957ms] [LOG] [PETSCII] Received petscii-output, length: 1 @ http://localhost:3001/assets/index-DmX2Ev4k.js:88
[   18957ms] [LOG] [PETSCII] Switching font from PetMe64, "Courier New", monospace to PetMe64 @ http://localhost:3001/assets/index-DmX2Ev4k.js:88
[   18957ms] [LOG] [PETSCII] PETSCII content written to terminal @ http://localhost:3001/assets/index-DmX2Ev4k.js:88
[   18957ms] [LOG] [PETSCII] Received petscii-output, length: 4 @ http://localhost:3001/assets/index-DmX2Ev4k.js:88
[   18957ms] [LOG] [PETSCII] Switching font from PetMe64, "Courier New", monospace to PetMe64 @ http://localhost:3001/assets/index-DmX2Ev4k.js:88
[   18957ms] [LOG] [PETSCII] PETSCII content written to terminal @ http://localhost:3001/assets/index-DmX2Ev4k.js:88
[   18957ms] [LOG] [PETSCII] Received petscii-output, length: 5 @ http://localhost:3001/assets/index-DmX2Ev4k.js:88
[   18957ms] [LOG] [PETSCII] Switching font from PetMe64, "Courier New", monospace to PetMe64 @ http://localhost:3001/assets/index-DmX2Ev4k.js:88
[   18957ms] [LOG] [PETSCII] PETSCII content written to terminal @ http://localhost:3001/assets/index-DmX2Ev4k.js:88
[   18957ms] [LOG] [PETSCII] Received petscii-output, length: 1 @ http://localhost:3001/assets/index-DmX2Ev4k.js:88
[   18957ms] [LOG] [PETSCII] Switching font from PetMe64, "Courier New", monospace to PetMe64 @ http://localhost:3001/assets/index-DmX2Ev4k.js:88
[   18957ms] [LOG] [PETSCII] PETSCII content written to terminal @ http://localhost:3001/assets/index-DmX2Ev4k.js:88
[   18957ms] [LOG] [PETSCII] Received petscii-output, length: 5 @ http://localhost:3001/assets/index-DmX2Ev4k.js:88
[   18957ms] [LOG] [PETSCII] Switching font from PetMe64, "Courier New", monospace to PetMe64 @ http://localhost:3001/assets/index-DmX2Ev4k.js:88
[   18957ms] [LOG] [PETSCII] PETSCII content written to terminal @ http://localhost:3001/assets/index-DmX2Ev4k.js:88
[   18957ms] [LOG] [PETSCII] Received petscii-output, length: 1 @ http://localhost:3001/assets/index-DmX2Ev4k.js:88
[   18957ms] [LOG] [PETSCII] Switching font from PetMe64, "Courier New", monospace to PetMe64 @ http://localhost:3001/assets/index-DmX2Ev4k.js:88
[   18957ms] [LOG] [PETSCII] PETSCII content written to terminal @ http://localhost:3001/assets/index-DmX2Ev4k.js:88
[   18957ms] [LOG] [PETSCII] Received petscii-output, length: 5 @ http://localhost:3001/assets/index-DmX2Ev4k.js:88
[   18957ms] [LOG] [PETSCII] Switching font from PetMe64, "Courier New", monospace to PetMe64 @ http://localhost:3001/assets/index-DmX2Ev4k.js:88
[   18957ms] [LOG] [PETSCII] PETSCII content written to terminal @ http://localhost:3001/assets/index-DmX2Ev4k.js:88
[   18957ms] [LOG] [PETSCII] Received petscii-output, length: 1 @ http://localhost:3001/assets/index-DmX2Ev4k.js:88
[   18957ms] [LOG] [PETSCII] Switching font from PetMe64, "Courier New", monospace to PetMe64 @ http://localhost:3001/assets/index-DmX2Ev4k.js:88
[   18957ms] [LOG] [PETSCII] PETSCII content written to terminal @ http://localhost:3001/assets/index-DmX2Ev4k.js:88
[   18957ms] [LOG] [PETSCII] Received petscii-output, length: 5 @ http://localhost:3001/assets/index-DmX2Ev4k.js:88
[   18957ms] [LOG] [PETSCII] Switching font from PetMe64, "Courier New", monospace to PetMe64 @ http://localhost:3001/assets/index-DmX2Ev4k.js:88
[   18957ms] [LOG] [PETSCII] PETSCII content written to terminal @ http://localhost:3001/assets/index-DmX2Ev4k.js:88
[   18958ms] [LOG] [PETSCII] Received petscii-output, length: 1 @ http://localhost:3001/assets/index-DmX2Ev4k.js:88
[   18958ms] [LOG] [PETSCII] Switching font from PetMe64, "Courier New", monospace to PetMe64 @ http://localhost:3001/assets/index-DmX2Ev4k.js:88
[   18958ms] [LOG] [PETSCII] PETSCII content written to terminal @ http://localhost:3001/assets/index-DmX2Ev4k.js:88
[   18958ms] [LOG] [PETSCII] Received petscii-output, length: 5 @ http://localhost:3001/assets/index-DmX2Ev4k.js:88
[   18958ms] [LOG] [PETSCII] Switching font from PetMe64, "Courier New", monospace to PetMe64 @ http://localhost:3001/assets/index-DmX2Ev4k.js:88
[   18958ms] [LOG] [PETSCII] PETSCII content written to terminal @ http://localhost:3001/assets/index-DmX2Ev4k.js:88
[   18958ms] [LOG] [PETSCII] Received petscii-output, length: 1 @ http://localhost:3001/assets/index-DmX2Ev4k.js:88
[   18958ms] [LOG] [PETSCII] Switching font from PetMe64, "Courier New", monospace to PetMe64 @ http://localhost:3001/assets/index-DmX2Ev4k.js:88
[   18958ms] [LOG] [PETSCII] PETSCII content written to terminal @ http://localhost:3001/assets/index-DmX2Ev4k.js:88
[   18958ms] [LOG] [PETSCII] Received petscii-output, length: 5 @ http://localhost:3001/assets/index-DmX2Ev4k.js:88
[   18958ms] [LOG] [PETSCII] Switching font from PetMe64, "Courier New", monospace to PetMe64 @ http://localhost:3001/assets/index-DmX2Ev4k.js:88
[   18958ms] [LOG] [PETSCII] PETSCII content written to terminal @ http://localhost:3001/assets/index-DmX2Ev4k.js:88
[   18958ms] [LOG] [PETSCII] Received petscii-output, length: 5 @ http://localhost:3001/assets/index-DmX2Ev4k.js:88
[   18958ms] [LOG] [PETSCII] Switching font from PetMe64, "Courier New", monospace to PetMe64 @ http://localhost:3001/assets/index-DmX2Ev4k.js:88
[   18958ms] [LOG] [PETSCII] PETSCII content written to terminal @ http://localhost:3001/assets/index-DmX2Ev4k.js:88
[   18958ms] [LOG] [PETSCII] Received petscii-output, length: 1 @ http://localhost:3001/assets/index-DmX2Ev4k.js:88
[   18958ms] [LOG] [PETSCII] Switching font from PetMe64, "Courier New", monospace to PetMe64 @ http://localhost:3001/assets/index-DmX2Ev4k.js:88
[   18958ms] [LOG] [PETSCII] PETSCII content written to terminal @ http://localhost:3001/assets/index-DmX2Ev4k.js:88
[   18960ms] [LOG] [PETSCII] Received petscii-output, length: 3 @ http://localhost:3001/assets/index-DmX2Ev4k.js:88
[   18960ms] [LOG] [PETSCII] Switching font from PetMe64, "Courier New", monospace to PetMe64 @ http://localhost:3001/assets/index-DmX2Ev4k.js:88
[   18960ms] [LOG] [PETSCII] PETSCII content written to terminal @ http://localhost:3001/assets/index-DmX2Ev4k.js:88
[   18961ms] [LOG] [PETSCII] Received petscii-output, length: 5 @ http://localhost:3001/assets/index-DmX2Ev4k.js:88
[   18961ms] [LOG] [PETSCII] Switching font from PetMe64, "Courier New", monospace to PetMe64 @ http://localhost:3001/assets/index-DmX2Ev4k.js:88
[   18961ms] [LOG] [PETSCII] PETSCII content written to terminal @ http://localhost:3001/assets/index-DmX2Ev4k.js:88
[   18961ms] [LOG] [PETSCII] Received petscii-output, length: 1 @ http://localhost:3001/assets/index-DmX2Ev4k.js:88
[   18961ms] [LOG] [PETSCII] Switching font from PetMe64, "Courier New", monospace to PetMe64 @ http://localhost:3001/assets/index-DmX2Ev4k.js:88
[   18961ms] [LOG] [PETSCII] PETSCII content written to terminal @ http://localhost:3001/assets/index-DmX2Ev4k.js:88
[   18961ms] [LOG] [PETSCII] Received petscii-output, length: 5 @ http://localhost:3001/assets/index-DmX2Ev4k.js:88
[   18961ms] [LOG] [PETSCII] Switching font from PetMe64, "Courier New", monospace to PetMe64 @ http://localhost:3001/assets/index-DmX2Ev4k.js:88
[   18961ms] [LOG] [PETSCII] PETSCII content written to terminal @ http://localhost:3001/assets/index-DmX2Ev4k.js:88
[   18961ms] [LOG] [PETSCII] Received petscii-output, length: 5 @ http://localhost:3001/assets/index-DmX2Ev4k.js:88
[   18961ms] [LOG] [PETSCII] Switching font from PetMe64, "Courier New", monospace to PetMe64 @ http://localhost:3001/assets/index-DmX2Ev4k.js:88
[   18961ms] [LOG] [PETSCII] PETSCII content written to terminal @ http://localhost:3001/assets/index-DmX2Ev4k.js:88
[   18961ms] [LOG] [PETSCII] Received petscii-output, length: 1 @ http://localhost:3001/assets/index-DmX2Ev4k.js:88
[   18961ms] [LOG] [PETSCII] Switching font from PetMe64, "Courier New", monospace to PetMe64 @ http://localhost:3001/assets/index-DmX2Ev4k.js:88
[   18961ms] [LOG] [PETSCII] PETSCII content written to terminal @ http://localhost:3001/assets/index-DmX2Ev4k.js:88
[   18961ms] [LOG] [PETSCII] Received petscii-output, length: 4 @ http://localhost:3001/assets/index-DmX2Ev4k.js:88
[   18961ms] [LOG] [PETSCII] Switching font from PetMe64, "Courier New", monospace to PetMe64 @ http://localhost:3001/assets/index-DmX2Ev4k.js:88
[   18961ms] [LOG] [PETSCII] PETSCII content written to terminal @ http://localhost:3001/assets/index-DmX2Ev4k.js:88
[   18961ms] [LOG] [PETSCII] Received petscii-output, length: 5 @ http://localhost:3001/assets/index-DmX2Ev4k.js:88
[   18961ms] [LOG] [PETSCII] Switching font from PetMe64, "Courier New", monospace to PetMe64 @ http://localhost:3001/assets/index-DmX2Ev4k.js:88
[   18961ms] [LOG] [PETSCII] PETSCII content written to terminal @ http://localhost:3001/assets/index-DmX2Ev4k.js:88
[   18962ms] [LOG] [PETSCII] Received petscii-output, length: 1 @ http://localhost:3001/assets/index-DmX2Ev4k.js:88
[   18962ms] [LOG] [PETSCII] Switching font from PetMe64, "Courier New", monospace to PetMe64 @ http://localhost:3001/assets/index-DmX2Ev4k.js:88
[   18962ms] [LOG] [PETSCII] PETSCII content written to terminal @ http://localhost:3001/assets/index-DmX2Ev4k.js:88
[   18963ms] [LOG] [PETSCII] Received petscii-output, length: 5 @ http://localhost:3001/assets/index-DmX2Ev4k.js:88
[   18963ms] [LOG] [PETSCII] Switching font from PetMe64, "Courier New", monospace to PetMe64 @ http://localhost:3001/assets/index-DmX2Ev4k.js:88
[   18963ms] [LOG] [PETSCII] PETSCII content written to terminal @ http://localhost:3001/assets/index-DmX2Ev4k.js:88
[   18963ms] [LOG] [PETSCII] Received petscii-output, length: 1 @ http://localhost:3001/assets/index-DmX2Ev4k.js:88
[   18963ms] [LOG] [PETSCII] Switching font from PetMe64, "Courier New", monospace to PetMe64 @ http://localhost:3001/assets/index-DmX2Ev4k.js:88
[   18963ms] [LOG] [PETSCII] PETSCII content written to terminal @ http://localhost:3001/assets/index-DmX2Ev4k.js:88
[   18963ms] [LOG] [PETSCII] Received petscii-output, length: 5 @ http://localhost:3001/assets/index-DmX2Ev4k.js:88
[   18963ms] [LOG] [PETSCII] Switching font from PetMe64, "Courier New", monospace to PetMe64 @ http://localhost:3001/assets/index-DmX2Ev4k.js:88
[   18963ms] [LOG] [PETSCII] PETSCII content written to terminal @ http://localhost:3001/assets/index-DmX2Ev4k.js:88
[   18963ms] [LOG] [PETSCII] Received petscii-output, length: 5 @ http://localhost:3001/assets/index-DmX2Ev4k.js:88
[   18963ms] [LOG] [PETSCII] Switching font from PetMe64, "Courier New", monospace to PetMe64 @ http://localhost:3001/assets/index-DmX2Ev4k.js:88
[   18963ms] [LOG] [PETSCII] PETSCII content written to terminal @ http://localhost:3001/assets/index-DmX2Ev4k.js:88
[   18963ms] [LOG] [PETSCII] Received petscii-output, length: 1 @ http://localhost:3001/assets/index-DmX2Ev4k.js:88
[   18963ms] [LOG] [PETSCII] Switching font from PetMe64, "Courier New", monospace to PetMe64 @ http://localhost:3001/assets/index-DmX2Ev4k.js:88
[   18963ms] [LOG] [PETSCII] PETSCII content written to terminal @ http://localhost:3001/assets/index-DmX2Ev4k.js:88
[   18963ms] [LOG] [PETSCII] Received petscii-output, length: 4 @ http://localhost:3001/assets/index-DmX2Ev4k.js:88
[   18963ms] [LOG] [PETSCII] Switching font from PetMe64, "Courier New", monospace to PetMe64 @ http://localhost:3001/assets/index-DmX2Ev4k.js:88
[   18963ms] [LOG] [PETSCII] PETSCII content written to terminal @ http://localhost:3001/assets/index-DmX2Ev4k.js:88
[   18963ms] [LOG] [PETSCII] Received petscii-output, length: 5 @ http://localhost:3001/assets/index-DmX2Ev4k.js:88
[   18963ms] [LOG] [PETSCII] Switching font from PetMe64, "Courier New", monospace to PetMe64 @ http://localhost:3001/assets/index-DmX2Ev4k.js:88
[   18963ms] [LOG] [PETSCII] PETSCII content written to terminal @ http://localhost:3001/assets/index-DmX2Ev4k.js:88
[   18963ms] [LOG] [PETSCII] Received petscii-output, length: 1 @ http://localhost:3001/assets/index-DmX2Ev4k.js:88
[   18963ms] [LOG] [PETSCII] Switching font from PetMe64, "Courier New", monospace to PetMe64 @ http://localhost:3001/assets/index-DmX2Ev4k.js:88
[   18963ms] [LOG] [PETSCII] PETSCII content written to terminal @ http://localhost:3001/assets/index-DmX2Ev4k.js:88
[   18963ms] [LOG] [PETSCII] Received petscii-output, length: 5 @ http://localhost:3001/assets/index-DmX2Ev4k.js:88
[   18963ms] [LOG] [PETSCII] Switching font from PetMe64, "Courier New", monospace to PetMe64 @ http://localhost:3001/assets/index-DmX2Ev4k.js:88
[   18963ms] [LOG] [PETSCII] PETSCII content written to terminal @ http://localhost:3001/assets/index-DmX2Ev4k.js:88
[   18963ms] [LOG] [PETSCII] Received petscii-output, length: 5 @ http://localhost:3001/assets/index-DmX2Ev4k.js:88
[   18964ms] [LOG] [PETSCII] Switching font from PetMe64, "Courier New", monospace to PetMe64 @ http://localhost:3001/assets/index-DmX2Ev4k.js:88
[   18964ms] [LOG] [PETSCII] PETSCII content written to terminal @ http://localhost:3001/assets/index-DmX2Ev4k.js:88
[   18964ms] [LOG] [PETSCII] Received petscii-output, length: 1 @ http://localhost:3001/assets/index-DmX2Ev4k.js:88
[   18964ms] [LOG] [PETSCII] Switching font from PetMe64, "Courier New", monospace to PetMe64 @ http://localhost:3001/assets/index-DmX2Ev4k.js:88
[   18964ms] [LOG] [PETSCII] PETSCII content written to terminal @ http://localhost:3001/assets/index-DmX2Ev4k.js:88
[   18965ms] [LOG] [PETSCII] Received petscii-output, length: 1 @ http://localhost:3001/assets/index-DmX2Ev4k.js:88
[   18965ms] [LOG] [PETSCII] Switching font from PetMe64, "Courier New", monospace to PetMe64 @ http://localhost:3001/assets/index-DmX2Ev4k.js:88
[   18965ms] [LOG] [PETSCII] PETSCII content written to terminal @ http://localhost:3001/assets/index-DmX2Ev4k.js:88
[   18965ms] [LOG] [PETSCII] Received petscii-output, length: 4 @ http://localhost:3001/assets/index-DmX2Ev4k.js:88
[   18965ms] [LOG] [PETSCII] Switching font from PetMe64, "Courier New", monospace to PetMe64 @ http://localhost:3001/assets/index-DmX2Ev4k.js:88
[   18965ms] [LOG] [PETSCII] PETSCII content written to terminal @ http://localhost:3001/assets/index-DmX2Ev4k.js:88
[   18965ms] [LOG] [PETSCII] Received petscii-output, length: 5 @ http://localhost:3001/assets/index-DmX2Ev4k.js:88
[   18965ms] [LOG] [PETSCII] Switching font from PetMe64, "Courier New", monospace to PetMe64 @ http://localhost:3001/assets/index-DmX2Ev4k.js:88
[   18965ms] [LOG] [PETSCII] PETSCII content written to terminal @ http://localhost:3001/assets/index-DmX2Ev4k.js:88
[   18965ms] [LOG] [PETSCII] Received petscii-output, length: 2 @ http://localhost:3001/assets/index-DmX2Ev4k.js:88
[   18965ms] [LOG] [PETSCII] Switching font from PetMe64, "Courier New", monospace to PetMe64 @ http://localhost:3001/assets/index-DmX2Ev4k.js:88
[   18965ms] [LOG] [PETSCII] PETSCII content written to terminal @ http://localhost:3001/assets/index-DmX2Ev4k.js:88
[   18966ms] [LOG] [PETSCII] Received petscii-output, length: 5 @ http://localhost:3001/assets/index-DmX2Ev4k.js:88
[   18966ms] [LOG] [PETSCII] Switching font from PetMe64, "Courier New", monospace to PetMe64 @ http://localhost:3001/assets/index-DmX2Ev4k.js:88
[   18966ms] [LOG] [PETSCII] PETSCII content written to terminal @ http://localhost:3001/assets/index-DmX2Ev4k.js:88
[   18966ms] [LOG] [PETSCII] Received petscii-output, length: 5 @ http://localhost:3001/assets/index-DmX2Ev4k.js:88
[   18966ms] [LOG] [PETSCII] Switching font from PetMe64, "Courier New", monospace to PetMe64 @ http://localhost:3001/assets/index-DmX2Ev4k.js:88
[   18966ms] [LOG] [PETSCII] PETSCII content written to terminal @ http://localhost:3001/assets/index-DmX2Ev4k.js:88
[   18966ms] [LOG] [PETSCII] Received petscii-output, length: 1 @ http://localhost:3001/assets/index-DmX2Ev4k.js:88
[   18966ms] [LOG] [PETSCII] Switching font from PetMe64, "Courier New", monospace to PetMe64 @ http://localhost:3001/assets/index-DmX2Ev4k.js:88
[   18966ms] [LOG] [PETSCII] PETSCII content written to terminal @ http://localhost:3001/assets/index-DmX2Ev4k.js:88
[   18966ms] [LOG] [PETSCII] Received petscii-output, length: 4 @ http://localhost:3001/assets/index-DmX2Ev4k.js:88
[   18966ms] [LOG] [PETSCII] Switching font from PetMe64, "Courier New", monospace to PetMe64 @ http://localhost:3001/assets/index-DmX2Ev4k.js:88
[   18966ms] [LOG] [PETSCII] PETSCII content written to terminal @ http://localhost:3001/assets/index-DmX2Ev4k.js:88
[   18966ms] [LOG] [PETSCII] Received petscii-output, length: 1 @ http://localhost:3001/assets/index-DmX2Ev4k.js:88
[   18966ms] [LOG] [PETSCII] Switching font from PetMe64, "Courier New", monospace to PetMe64 @ http://localhost:3001/assets/index-DmX2Ev4k.js:88
[   18966ms] [LOG] [PETSCII] PETSCII content written to terminal @ http://localhost:3001/assets/index-DmX2Ev4k.js:88
[   18966ms] [LOG] [PETSCII] Received petscii-output, length: 5 @ http://localhost:3001/assets/index-DmX2Ev4k.js:88
[   18966ms] [LOG] [PETSCII] Switching font from PetMe64, "Courier New", monospace to PetMe64 @ http://localhost:3001/assets/index-DmX2Ev4k.js:88
[   18966ms] [LOG] [PETSCII] PETSCII content written to terminal @ http://localhost:3001/assets/index-DmX2Ev4k.js:88
[   18966ms] [LOG] [PETSCII] Received petscii-output, length: 1 @ http://localhost:3001/assets/index-DmX2Ev4k.js:88
[   18966ms] [LOG] [PETSCII] Switching font from PetMe64, "Courier New", monospace to PetMe64 @ http://localhost:3001/assets/index-DmX2Ev4k.js:88
[   18966ms] [LOG] [PETSCII] PETSCII content written to terminal @ http://localhost:3001/assets/index-DmX2Ev4k.js:88
[   18969ms] [LOG] [PETSCII] Received petscii-output, length: 1 @ http://localhost:3001/assets/index-DmX2Ev4k.js:88
[   18969ms] [LOG] [PETSCII] Switching font from PetMe64, "Courier New", monospace to PetMe64 @ http://localhost:3001/assets/index-DmX2Ev4k.js:88
[   18969ms] [LOG] [PETSCII] PETSCII content written to terminal @ http://localhost:3001/assets/index-DmX2Ev4k.js:88
[   18970ms] [LOG] [PETSCII] Received petscii-output, length: 5 @ http://localhost:3001/assets/index-DmX2Ev4k.js:88
[   18970ms] [LOG] [PETSCII] Switching font from PetMe64, "Courier New", monospace to PetMe64 @ http://localhost:3001/assets/index-DmX2Ev4k.js:88
[   18970ms] [LOG] [PETSCII] PETSCII content written to terminal @ http://localhost:3001/assets/index-DmX2Ev4k.js:88
[   18970ms] [LOG] [PETSCII] Received petscii-output, length: 1 @ http://localhost:3001/assets/index-DmX2Ev4k.js:88
[   18970ms] [LOG] [PETSCII] Switching font from PetMe64, "Courier New", monospace to PetMe64 @ http://localhost:3001/assets/index-DmX2Ev4k.js:88
[   18970ms] [LOG] [PETSCII] PETSCII content written to terminal @ http://localhost:3001/assets/index-DmX2Ev4k.js:88
[   18970ms] [LOG] [PETSCII] Received petscii-output, length: 5 @ http://localhost:3001/assets/index-DmX2Ev4k.js:88
[   18970ms] [LOG] [PETSCII] Switching font from PetMe64, "Courier New", monospace to PetMe64 @ http://localhost:3001/assets/index-DmX2Ev4k.js:88
[   18970ms] [LOG] [PETSCII] PETSCII content written to terminal @ http://localhost:3001/assets/index-DmX2Ev4k.js:88
[   18970ms] [LOG] [PETSCII] Received petscii-output, length: 5 @ http://localhost:3001/assets/index-DmX2Ev4k.js:88
[   18970ms] [LOG] [PETSCII] Switching font from PetMe64, "Courier New", monospace to PetMe64 @ http://localhost:3001/assets/index-DmX2Ev4k.js:88
[   18970ms] [LOG] [PETSCII] PETSCII content written to terminal @ http://localhost:3001/assets/index-DmX2Ev4k.js:88
[   18970ms] [LOG] [PETSCII] Received petscii-output, length: 1 @ http://localhost:3001/assets/index-DmX2Ev4k.js:88
[   18970ms] [LOG] [PETSCII] Switching font from PetMe64, "Courier New", monospace to PetMe64 @ http://localhost:3001/assets/index-DmX2Ev4k.js:88
[   18970ms] [LOG] [PETSCII] PETSCII content written to terminal @ http://localhost:3001/assets/index-DmX2Ev4k.js:88
[   18970ms] [LOG] [PETSCII] Received petscii-output, length: 4 @ http://localhost:3001/assets/index-DmX2Ev4k.js:88
[   18970ms] [LOG] [PETSCII] Switching font from PetMe64, "Courier New", monospace to PetMe64 @ http://localhost:3001/assets/index-DmX2Ev4k.js:88
[   18970ms] [LOG] [PETSCII] PETSCII content written to terminal @ http://localhost:3001/assets/index-DmX2Ev4k.js:88
[   18970ms] [LOG] [PETSCII] Received petscii-output, length: 5 @ http://localhost:3001/assets/index-DmX2Ev4k.js:88
[   18970ms] [LOG] [PETSCII] Switching font from PetMe64, "Courier New", monospace to PetMe64 @ http://localhost:3001/assets/index-DmX2Ev4k.js:88
[   18970ms] [LOG] [PETSCII] PETSCII content written to terminal @ http://localhost:3001/assets/index-DmX2Ev4k.js:88
[   18970ms] [LOG] [PETSCII] Received petscii-output, length: 1 @ http://localhost:3001/assets/index-DmX2Ev4k.js:88
[   18970ms] [LOG] [PETSCII] Switching font from PetMe64, "Courier New", monospace to PetMe64 @ http://localhost:3001/assets/index-DmX2Ev4k.js:88
[   18970ms] [LOG] [PETSCII] PETSCII content written to terminal @ http://localhost:3001/assets/index-DmX2Ev4k.js:88
[   18970ms] [LOG] [PETSCII] Received petscii-output, length: 5 @ http://localhost:3001/assets/index-DmX2Ev4k.js:88
[   18970ms] [LOG] [PETSCII] Switching font from PetMe64, "Courier New", monospace to PetMe64 @ http://localhost:3001/assets/index-DmX2Ev4k.js:88
[   18970ms] [LOG] [PETSCII] PETSCII content written to terminal @ http://localhost:3001/assets/index-DmX2Ev4k.js:88
[   18970ms] [LOG] [PETSCII] Received petscii-output, length: 1 @ http://localhost:3001/assets/index-DmX2Ev4k.js:88
[   18971ms] [LOG] [PETSCII] Switching font from PetMe64, "Courier New", monospace to PetMe64 @ http://localhost:3001/assets/index-DmX2Ev4k.js:88
[   18971ms] [LOG] [PETSCII] PETSCII content written to terminal @ http://localhost:3001/assets/index-DmX2Ev4k.js:88
[   18971ms] [LOG] [PETSCII] Received petscii-output, length: 5 @ http://localhost:3001/assets/index-DmX2Ev4k.js:88
[   18971ms] [LOG] [PETSCII] Switching font from PetMe64, "Courier New", monospace to PetMe64 @ http://localhost:3001/assets/index-DmX2Ev4k.js:88
[   18971ms] [LOG] [PETSCII] PETSCII content written to terminal @ http://localhost:3001/assets/index-DmX2Ev4k.js:88
[   18971ms] [LOG] [PETSCII] Received petscii-output, length: 3 @ http://localhost:3001/assets/index-DmX2Ev4k.js:88
[   18971ms] [LOG] [PETSCII] Switching font from PetMe64, "Courier New", monospace to PetMe64 @ http://localhost:3001/assets/index-DmX2Ev4k.js:88
[   18971ms] [LOG] [PETSCII] PETSCII content written to terminal @ http://localhost:3001/assets/index-DmX2Ev4k.js:88
[   18971ms] [LOG] [PETSCII] Received petscii-output, length: 4 @ http://localhost:3001/assets/index-DmX2Ev4k.js:88
[   18971ms] [LOG] [PETSCII] Switching font from PetMe64, "Courier New", monospace to PetMe64 @ http://localhost:3001/assets/index-DmX2Ev4k.js:88
[   18971ms] [LOG] [PETSCII] PETSCII content written to terminal @ http://localhost:3001/assets/index-DmX2Ev4k.js:88
[   18971ms] [LOG] [PETSCII] Received petscii-output, length: 4 @ http://localhost:3001/assets/index-DmX2Ev4k.js:88
[   18971ms] [LOG] [PETSCII] Switching font from PetMe64, "Courier New", monospace to PetMe64 @ http://localhost:3001/assets/index-DmX2Ev4k.js:88
[   18971ms] [LOG] [PETSCII] PETSCII content written to terminal @ http://localhost:3001/assets/index-DmX2Ev4k.js:88
[   18971ms] [LOG] [PETSCII] Received petscii-output, length: 5 @ http://localhost:3001/assets/index-DmX2Ev4k.js:88
[   18971ms] [LOG] [PETSCII] Switching font from PetMe64, "Courier New", monospace to PetMe64 @ http://localhost:3001/assets/index-DmX2Ev4k.js:88
[   18971ms] [LOG] [PETSCII] PETSCII content written to terminal @ http://localhost:3001/assets/index-DmX2Ev4k.js:88
[   18971ms] [LOG] [PETSCII] Received petscii-output, length: 2 @ http://localhost:3001/assets/index-DmX2Ev4k.js:88
[   18971ms] [LOG] [PETSCII] Switching font from PetMe64, "Courier New", monospace to PetMe64 @ http://localhost:3001/assets/index-DmX2Ev4k.js:88
[   18971ms] [LOG] [PETSCII] PETSCII content written to terminal @ http://localhost:3001/assets/index-DmX2Ev4k.js:88
[   18971ms] [LOG] [PETSCII] Received petscii-output, length: 5 @ http://localhost:3001/assets/index-DmX2Ev4k.js:88
[   18971ms] [LOG] [PETSCII] Switching font from PetMe64, "Courier New", monospace to PetMe64 @ http://localhost:3001/assets/index-DmX2Ev4k.js:88
[   18971ms] [LOG] [PETSCII] PETSCII content written to terminal @ http://localhost:3001/assets/index-DmX2Ev4k.js:88
[   18972ms] [LOG] [PETSCII] Received petscii-output, length: 1 @ http://localhost:3001/assets/index-DmX2Ev4k.js:88
[   18972ms] [LOG] [PETSCII] Switching font from PetMe64, "Courier New", monospace to PetMe64 @ http://localhost:3001/assets/index-DmX2Ev4k.js:88
[   18972ms] [LOG] [PETSCII] PETSCII content written to terminal @ http://localhost:3001/assets/index-DmX2Ev4k.js:88
[   18972ms] [LOG] [PETSCII] Received petscii-output, length: 5 @ http://localhost:3001/assets/index-DmX2Ev4k.js:88
[   18972ms] [LOG] [PETSCII] Switching font from PetMe64, "Courier New", monospace to PetMe64 @ http://localhost:3001/assets/index-DmX2Ev4k.js:88
[   18972ms] [LOG] [PETSCII] PETSCII content written to terminal @ http://localhost:3001/assets/index-DmX2Ev4k.js:88
[   18972ms] [LOG] [PETSCII] Received petscii-output, length: 5 @ http://localhost:3001/assets/index-DmX2Ev4k.js:88
[   18972ms] [LOG] [PETSCII] Switching font from PetMe64, "Courier New", monospace to PetMe64 @ http://localhost:3001/assets/index-DmX2Ev4k.js:88
[   18972ms] [LOG] [PETSCII] PETSCII content written to terminal @ http://localhost:3001/assets/index-DmX2Ev4k.js:88
[   18972ms] [LOG] [PETSCII] Received petscii-output, length: 1 @ http://localhost:3001/assets/index-DmX2Ev4k.js:88
[   18972ms] [LOG] [PETSCII] Switching font from PetMe64, "Courier New", monospace to PetMe64 @ http://localhost:3001/assets/index-DmX2Ev4k.js:88
[   18972ms] [LOG] [PETSCII] PETSCII content written to terminal @ http://localhost:3001/assets/index-DmX2Ev4k.js:88
[   18974ms] [LOG] [PETSCII] Received petscii-output, length: 1 @ http://localhost:3001/assets/index-DmX2Ev4k.js:88
[   18974ms] [LOG] [PETSCII] Switching font from PetMe64, "Courier New", monospace to PetMe64 @ http://localhost:3001/assets/index-DmX2Ev4k.js:88
[   18974ms] [LOG] [PETSCII] PETSCII content written to terminal @ http://localhost:3001/assets/index-DmX2Ev4k.js:88
[   18974ms] [LOG] [PETSCII] Received petscii-output, length: 4 @ http://localhost:3001/assets/index-DmX2Ev4k.js:88
[   18974ms] [LOG] [PETSCII] Switching font from PetMe64, "Courier New", monospace to PetMe64 @ http://localhost:3001/assets/index-DmX2Ev4k.js:88
[   18974ms] [LOG] [PETSCII] PETSCII content written to terminal @ http://localhost:3001/assets/index-DmX2Ev4k.js:88
[   18974ms] [LOG] [PETSCII] Received petscii-output, length: 5 @ http://localhost:3001/assets/index-DmX2Ev4k.js:88
[   18974ms] [LOG] [PETSCII] Switching font from PetMe64, "Courier New", monospace to PetMe64 @ http://localhost:3001/assets/index-DmX2Ev4k.js:88
[   18974ms] [LOG] [PETSCII] PETSCII content written to terminal @ http://localhost:3001/assets/index-DmX2Ev4k.js:88
[   18974ms] [LOG] [PETSCII] Received petscii-output, length: 1 @ http://localhost:3001/assets/index-DmX2Ev4k.js:88
[   18974ms] [LOG] [PETSCII] Switching font from PetMe64, "Courier New", monospace to PetMe64 @ http://localhost:3001/assets/index-DmX2Ev4k.js:88
[   18974ms] [LOG] [PETSCII] PETSCII content written to terminal @ http://localhost:3001/assets/index-DmX2Ev4k.js:88
[   18974ms] [LOG] [PETSCII] Received petscii-output, length: 5 @ http://localhost:3001/assets/index-DmX2Ev4k.js:88
[   18974ms] [LOG] [PETSCII] Switching font from PetMe64, "Courier New", monospace to PetMe64 @ http://localhost:3001/assets/index-DmX2Ev4k.js:88
[   18974ms] [LOG] [PETSCII] PETSCII content written to terminal @ http://localhost:3001/assets/index-DmX2Ev4k.js:88
[   18974ms] [LOG] [PETSCII] Received petscii-output, length: 1 @ http://localhost:3001/assets/index-DmX2Ev4k.js:88
[   18974ms] [LOG] [PETSCII] Switching font from PetMe64, "Courier New", monospace to PetMe64 @ http://localhost:3001/assets/index-DmX2Ev4k.js:88
[   18974ms] [LOG] [PETSCII] PETSCII content written to terminal @ http://localhost:3001/assets/index-DmX2Ev4k.js:88
[   18974ms] [LOG] [PETSCII] Received petscii-output, length: 5 @ http://localhost:3001/assets/index-DmX2Ev4k.js:88
[   18974ms] [LOG] [PETSCII] Switching font from PetMe64, "Courier New", monospace to PetMe64 @ http://localhost:3001/assets/index-DmX2Ev4k.js:88
[   18974ms] [LOG] [PETSCII] PETSCII content written to terminal @ http://localhost:3001/assets/index-DmX2Ev4k.js:88
[   18974ms] [LOG] [PETSCII] Received petscii-output, length: 5 @ http://localhost:3001/assets/index-DmX2Ev4k.js:88
[   18974ms] [LOG] [PETSCII] Switching font from PetMe64, "Courier New", monospace to PetMe64 @ http://localhost:3001/assets/index-DmX2Ev4k.js:88
[   18974ms] [LOG] [PETSCII] PETSCII content written to terminal @ http://localhost:3001/assets/index-DmX2Ev4k.js:88
[   18974ms] [LOG] [PETSCII] Received petscii-output, length: 1 @ http://localhost:3001/assets/index-DmX2Ev4k.js:88
[   18974ms] [LOG] [PETSCII] Switching font from PetMe64, "Courier New", monospace to PetMe64 @ http://localhost:3001/assets/index-DmX2Ev4k.js:88
[   18974ms] [LOG] [PETSCII] PETSCII content written to terminal @ http://localhost:3001/assets/index-DmX2Ev4k.js:88
[   18975ms] [LOG] [PETSCII] Received petscii-output, length: 4 @ http://localhost:3001/assets/index-DmX2Ev4k.js:88
[   18975ms] [LOG] [PETSCII] Switching font from PetMe64, "Courier New", monospace to PetMe64 @ http://localhost:3001/assets/index-DmX2Ev4k.js:88
[   18975ms] [LOG] [PETSCII] PETSCII content written to terminal @ http://localhost:3001/assets/index-DmX2Ev4k.js:88
[   18975ms] [LOG] [PETSCII] Received petscii-output, length: 1 @ http://localhost:3001/assets/index-DmX2Ev4k.js:88
[   18975ms] [LOG] [PETSCII] Switching font from PetMe64, "Courier New", monospace to PetMe64 @ http://localhost:3001/assets/index-DmX2Ev4k.js:88
[   18975ms] [LOG] [PETSCII] PETSCII content written to terminal @ http://localhost:3001/assets/index-DmX2Ev4k.js:88
[   18975ms] [LOG] [PETSCII] Received petscii-output, length: 5 @ http://localhost:3001/assets/index-DmX2Ev4k.js:88
[   18975ms] [LOG] [PETSCII] Switching font from PetMe64, "Courier New", monospace to PetMe64 @ http://localhost:3001/assets/index-DmX2Ev4k.js:88
[   18975ms] [LOG] [PETSCII] PETSCII content written to terminal @ http://localhost:3001/assets/index-DmX2Ev4k.js:88
[   18975ms] [LOG] [PETSCII] Received petscii-output, length: 1 @ http://localhost:3001/assets/index-DmX2Ev4k.js:88
[   18975ms] [LOG] [PETSCII] Switching font from PetMe64, "Courier New", monospace to PetMe64 @ http://localhost:3001/assets/index-DmX2Ev4k.js:88
[   18975ms] [LOG] [PETSCII] PETSCII content written to terminal @ http://localhost:3001/assets/index-DmX2Ev4k.js:88
[   18975ms] [LOG] [PETSCII] Received petscii-output, length: 2 @ http://localhost:3001/assets/index-DmX2Ev4k.js:88
[   18975ms] [LOG] [PETSCII] Switching font from PetMe64, "Courier New", monospace to PetMe64 @ http://localhost:3001/assets/index-DmX2Ev4k.js:88
[   18975ms] [LOG] [PETSCII] PETSCII content written to terminal @ http://localhost:3001/assets/index-DmX2Ev4k.js:88
[   18976ms] [LOG] [PETSCII] Received petscii-output, length: 4 @ http://localhost:3001/assets/index-DmX2Ev4k.js:88
[   18976ms] [LOG] [PETSCII] Switching font from PetMe64, "Courier New", monospace to PetMe64 @ http://localhost:3001/assets/index-DmX2Ev4k.js:88
[   18976ms] [LOG] [PETSCII] PETSCII content written to terminal @ http://localhost:3001/assets/index-DmX2Ev4k.js:88
[   18976ms] [LOG] [PETSCII] Received petscii-output, length: 5 @ http://localhost:3001/assets/index-DmX2Ev4k.js:88
[   18976ms] [LOG] [PETSCII] Switching font from PetMe64, "Courier New", monospace to PetMe64 @ http://localhost:3001/assets/index-DmX2Ev4k.js:88
[   18976ms] [LOG] [PETSCII] PETSCII content written to terminal @ http://localhost:3001/assets/index-DmX2Ev4k.js:88
[   18976ms] [LOG] [PETSCII] Received petscii-output, length: 1 @ http://localhost:3001/assets/index-DmX2Ev4k.js:88
[   18976ms] [LOG] [PETSCII] Switching font from PetMe64, "Courier New", monospace to PetMe64 @ http://localhost:3001/assets/index-DmX2Ev4k.js:88
[   18976ms] [LOG] [PETSCII] PETSCII content written to terminal @ http://localhost:3001/assets/index-DmX2Ev4k.js:88
[   18976ms] [LOG] [PETSCII] Received petscii-output, length: 5 @ http://localhost:3001/assets/index-DmX2Ev4k.js:88
[   18976ms] [LOG] [PETSCII] Switching font from PetMe64, "Courier New", monospace to PetMe64 @ http://localhost:3001/assets/index-DmX2Ev4k.js:88
[   18976ms] [LOG] [PETSCII] PETSCII content written to terminal @ http://localhost:3001/assets/index-DmX2Ev4k.js:88
[   18976ms] [LOG] [PETSCII] Received petscii-output, length: 5 @ http://localhost:3001/assets/index-DmX2Ev4k.js:88
[   18976ms] [LOG] [PETSCII] Switching font from PetMe64, "Courier New", monospace to PetMe64 @ http://localhost:3001/assets/index-DmX2Ev4k.js:88
[   18976ms] [LOG] [PETSCII] PETSCII content written to terminal @ http://localhost:3001/assets/index-DmX2Ev4k.js:88
[   18976ms] [LOG] [PETSCII] Received petscii-output, length: 1 @ http://localhost:3001/assets/index-DmX2Ev4k.js:88
[   18976ms] [LOG] [PETSCII] Switching font from PetMe64, "Courier New", monospace to PetMe64 @ http://localhost:3001/assets/index-DmX2Ev4k.js:88
[   18976ms] [LOG] [PETSCII] PETSCII content written to terminal @ http://localhost:3001/assets/index-DmX2Ev4k.js:88
[   18976ms] [LOG] [PETSCII] Received petscii-output, length: 4 @ http://localhost:3001/assets/index-DmX2Ev4k.js:88
[   18976ms] [LOG] [PETSCII] Switching font from PetMe64, "Courier New", monospace to PetMe64 @ http://localhost:3001/assets/index-DmX2Ev4k.js:88
[   18976ms] [LOG] [PETSCII] PETSCII content written to terminal @ http://localhost:3001/assets/index-DmX2Ev4k.js:88
[   18976ms] [LOG] [PETSCII] Received petscii-output, length: 5 @ http://localhost:3001/assets/index-DmX2Ev4k.js:88
[   18976ms] [LOG] [PETSCII] Switching font from PetMe64, "Courier New", monospace to PetMe64 @ http://localhost:3001/assets/index-DmX2Ev4k.js:88
[   18976ms] [LOG] [PETSCII] PETSCII content written to terminal @ http://localhost:3001/assets/index-DmX2Ev4k.js:88
[   18976ms] [LOG] [PETSCII] Received petscii-output, length: 1 @ http://localhost:3001/assets/index-DmX2Ev4k.js:88
[   18977ms] [LOG] [PETSCII] Switching font from PetMe64, "Courier New", monospace to PetMe64 @ http://localhost:3001/assets/index-DmX2Ev4k.js:88
[   18977ms] [LOG] [PETSCII] PETSCII content written to terminal @ http://localhost:3001/assets/index-DmX2Ev4k.js:88
[   18977ms] [LOG] [PETSCII] Received petscii-output, length: 5 @ http://localhost:3001/assets/index-DmX2Ev4k.js:88
[   18977ms] [LOG] [PETSCII] Switching font from PetMe64, "Courier New", monospace to PetMe64 @ http://localhost:3001/assets/index-DmX2Ev4k.js:88
[   18977ms] [LOG] [PETSCII] PETSCII content written to terminal @ http://localhost:3001/assets/index-DmX2Ev4k.js:88
[   18977ms] [LOG] [PETSCII] Received petscii-output, length: 1 @ http://localhost:3001/assets/index-DmX2Ev4k.js:88
[   18977ms] [LOG] [PETSCII] Switching font from PetMe64, "Courier New", monospace to PetMe64 @ http://localhost:3001/assets/index-DmX2Ev4k.js:88
[   18977ms] [LOG] [PETSCII] PETSCII content written to terminal @ http://localhost:3001/assets/index-DmX2Ev4k.js:88
[   18978ms] [LOG] [PETSCII] Received petscii-output, length: 4 @ http://localhost:3001/assets/index-DmX2Ev4k.js:88
[   18978ms] [LOG] [PETSCII] Switching font from PetMe64, "Courier New", monospace to PetMe64 @ http://localhost:3001/assets/index-DmX2Ev4k.js:88
[   18978ms] [LOG] [PETSCII] PETSCII content written to terminal @ http://localhost:3001/assets/index-DmX2Ev4k.js:88
[   18978ms] [LOG] [PETSCII] Received petscii-output, length: 1 @ http://localhost:3001/assets/index-DmX2Ev4k.js:88
[   18978ms] [LOG] [PETSCII] Switching font from PetMe64, "Courier New", monospace to PetMe64 @ http://localhost:3001/assets/index-DmX2Ev4k.js:88
[   18978ms] [LOG] [PETSCII] PETSCII content written to terminal @ http://localhost:3001/assets/index-DmX2Ev4k.js:88
[   18983ms] [LOG] [PETSCII] Received petscii-output, length: 6 @ http://localhost:3001/assets/index-DmX2Ev4k.js:88
[   18983ms] [LOG] [PETSCII] Switching font from PetMe64, "Courier New", monospace to PetMe64 @ http://localhost:3001/assets/index-DmX2Ev4k.js:88
[   18983ms] [LOG] [PETSCII] PETSCII content written to terminal @ http://localhost:3001/assets/index-DmX2Ev4k.js:88
[   18983ms] [LOG] [PETSCII] Received petscii-output, length: 5 @ http://localhost:3001/assets/index-DmX2Ev4k.js:88
[   18983ms] [LOG] [PETSCII] Switching font from PetMe64, "Courier New", monospace to PetMe64 @ http://localhost:3001/assets/index-DmX2Ev4k.js:88
[   18983ms] [LOG] [PETSCII] PETSCII content written to terminal @ http://localhost:3001/assets/index-DmX2Ev4k.js:88
[   18983ms] [LOG] [PETSCII] Received petscii-output, length: 5 @ http://localhost:3001/assets/index-DmX2Ev4k.js:88
[   18983ms] [LOG] [PETSCII] Switching font from PetMe64, "Courier New", monospace to PetMe64 @ http://localhost:3001/assets/index-DmX2Ev4k.js:88
[   18983ms] [LOG] [PETSCII] PETSCII content written to terminal @ http://localhost:3001/assets/index-DmX2Ev4k.js:88
[   18983ms] [LOG] [PETSCII] Received petscii-output, length: 1 @ http://localhost:3001/assets/index-DmX2Ev4k.js:88
[   18983ms] [LOG] [PETSCII] Switching font from PetMe64, "Courier New", monospace to PetMe64 @ http://localhost:3001/assets/index-DmX2Ev4k.js:88
[   18983ms] [LOG] [PETSCII] PETSCII content written to terminal @ http://localhost:3001/assets/index-DmX2Ev4k.js:88
[   18984ms] [LOG] [PETSCII] Received petscii-output, length: 1 @ http://localhost:3001/assets/index-DmX2Ev4k.js:88
[   18984ms] [LOG] [PETSCII] Switching font from PetMe64, "Courier New", monospace to PetMe64 @ http://localhost:3001/assets/index-DmX2Ev4k.js:88
[   18984ms] [LOG] [PETSCII] PETSCII content written to terminal @ http://localhost:3001/assets/index-DmX2Ev4k.js:88
[   18984ms] [LOG] [PETSCII] Received petscii-output, length: 4 @ http://localhost:3001/assets/index-DmX2Ev4k.js:88
[   18984ms] [LOG] [PETSCII] Switching font from PetMe64, "Courier New", monospace to PetMe64 @ http://localhost:3001/assets/index-DmX2Ev4k.js:88
[   18984ms] [LOG] [PETSCII] PETSCII content written to terminal @ http://localhost:3001/assets/index-DmX2Ev4k.js:88
[   18984ms] [LOG] [PETSCII] Received petscii-output, length: 5 @ http://localhost:3001/assets/index-DmX2Ev4k.js:88
[   18984ms] [LOG] [PETSCII] Switching font from PetMe64, "Courier New", monospace to PetMe64 @ http://localhost:3001/assets/index-DmX2Ev4k.js:88
[   18984ms] [LOG] [PETSCII] PETSCII content written to terminal @ http://localhost:3001/assets/index-DmX2Ev4k.js:88
[   18984ms] [LOG] [PETSCII] Received petscii-output, length: 1 @ http://localhost:3001/assets/index-DmX2Ev4k.js:88
[   18984ms] [LOG] [PETSCII] Switching font from PetMe64, "Courier New", monospace to PetMe64 @ http://localhost:3001/assets/index-DmX2Ev4k.js:88
[   18985ms] [LOG] [PETSCII] PETSCII content written to terminal @ http://localhost:3001/assets/index-DmX2Ev4k.js:88
[   18985ms] [LOG] [PETSCII] Received petscii-output, length: 5 @ http://localhost:3001/assets/index-DmX2Ev4k.js:88
[   18985ms] [LOG] [PETSCII] Switching font from PetMe64, "Courier New", monospace to PetMe64 @ http://localhost:3001/assets/index-DmX2Ev4k.js:88
[   18985ms] [LOG] [PETSCII] PETSCII content written to terminal @ http://localhost:3001/assets/index-DmX2Ev4k.js:88
[   18985ms] [LOG] [PETSCII] Received petscii-output, length: 1 @ http://localhost:3001/assets/index-DmX2Ev4k.js:88
[   18985ms] [LOG] [PETSCII] Switching font from PetMe64, "Courier New", monospace to PetMe64 @ http://localhost:3001/assets/index-DmX2Ev4k.js:88
[   18985ms] [LOG] [PETSCII] PETSCII content written to terminal @ http://localhost:3001/assets/index-DmX2Ev4k.js:88
[   18985ms] [LOG] [PETSCII] Received petscii-output, length: 5 @ http://localhost:3001/assets/index-DmX2Ev4k.js:88
[   18985ms] [LOG] [PETSCII] Switching font from PetMe64, "Courier New", monospace to PetMe64 @ http://localhost:3001/assets/index-DmX2Ev4k.js:88
[   18985ms] [LOG] [PETSCII] PETSCII content written to terminal @ http://localhost:3001/assets/index-DmX2Ev4k.js:88
[   18985ms] [LOG] [PETSCII] Received petscii-output, length: 5 @ http://localhost:3001/assets/index-DmX2Ev4k.js:88
[   18985ms] [LOG] [PETSCII] Switching font from PetMe64, "Courier New", monospace to PetMe64 @ http://localhost:3001/assets/index-DmX2Ev4k.js:88
[   18985ms] [LOG] [PETSCII] PETSCII content written to terminal @ http://localhost:3001/assets/index-DmX2Ev4k.js:88
[   18985ms] [LOG] [PETSCII] Received petscii-output, length: 1 @ http://localhost:3001/assets/index-DmX2Ev4k.js:88
[   18985ms] [LOG] [PETSCII] Switching font from PetMe64, "Courier New", monospace to PetMe64 @ http://localhost:3001/assets/index-DmX2Ev4k.js:88
[   18985ms] [LOG] [PETSCII] PETSCII content written to terminal @ http://localhost:3001/assets/index-DmX2Ev4k.js:88
[   18985ms] [LOG] [PETSCII] Received petscii-output, length: 4 @ http://localhost:3001/assets/index-DmX2Ev4k.js:88
[   18985ms] [LOG] [PETSCII] Switching font from PetMe64, "Courier New", monospace to PetMe64 @ http://localhost:3001/assets/index-DmX2Ev4k.js:88
[   18985ms] [LOG] [PETSCII] PETSCII content written to terminal @ http://localhost:3001/assets/index-DmX2Ev4k.js:88
[   18985ms] [LOG] [PETSCII] Received petscii-output, length: 5 @ http://localhost:3001/assets/index-DmX2Ev4k.js:88
[   18985ms] [LOG] [PETSCII] Switching font from PetMe64, "Courier New", monospace to PetMe64 @ http://localhost:3001/assets/index-DmX2Ev4k.js:88
[   18985ms] [LOG] [PETSCII] PETSCII content written to terminal @ http://localhost:3001/assets/index-DmX2Ev4k.js:88
[   18985ms] [LOG] [PETSCII] Received petscii-output, length: 1 @ http://localhost:3001/assets/index-DmX2Ev4k.js:88
[   18985ms] [LOG] [PETSCII] Switching font from PetMe64, "Courier New", monospace to PetMe64 @ http://localhost:3001/assets/index-DmX2Ev4k.js:88
[   18985ms] [LOG] [PETSCII] PETSCII content written to terminal @ http://localhost:3001/assets/index-DmX2Ev4k.js:88
[   18985ms] [LOG] [PETSCII] Received petscii-output, length: 5 @ http://localhost:3001/assets/index-DmX2Ev4k.js:88
[   18985ms] [LOG] [PETSCII] Switching font from PetMe64, "Courier New", monospace to PetMe64 @ http://localhost:3001/assets/index-DmX2Ev4k.js:88
[   18985ms] [LOG] [PETSCII] PETSCII content written to terminal @ http://localhost:3001/assets/index-DmX2Ev4k.js:88
[   18985ms] [LOG] [PETSCII] Received petscii-output, length: 5 @ http://localhost:3001/assets/index-DmX2Ev4k.js:88
[   18985ms] [LOG] [PETSCII] Switching font from PetMe64, "Courier New", monospace to PetMe64 @ http://localhost:3001/assets/index-DmX2Ev4k.js:88
[   18985ms] [LOG] [PETSCII] PETSCII content written to terminal @ http://localhost:3001/assets/index-DmX2Ev4k.js:88
[   18985ms] [LOG] [PETSCII] Received petscii-output, length: 1 @ http://localhost:3001/assets/index-DmX2Ev4k.js:88
[   18985ms] [LOG] [PETSCII] Switching font from PetMe64, "Courier New", monospace to PetMe64 @ http://localhost:3001/assets/index-DmX2Ev4k.js:88
[   18985ms] [LOG] [PETSCII] PETSCII content written to terminal @ http://localhost:3001/assets/index-DmX2Ev4k.js:88
[   18985ms] [LOG] [PETSCII] Received petscii-output, length: 4 @ http://localhost:3001/assets/index-DmX2Ev4k.js:88
[   18986ms] [LOG] [PETSCII] Switching font from PetMe64, "Courier New", monospace to PetMe64 @ http://localhost:3001/assets/index-DmX2Ev4k.js:88
[   18986ms] [LOG] [PETSCII] PETSCII content written to terminal @ http://localhost:3001/assets/index-DmX2Ev4k.js:88
[   18986ms] [LOG] [PETSCII] Received petscii-output, length: 5 @ http://localhost:3001/assets/index-DmX2Ev4k.js:88
[   18986ms] [LOG] [PETSCII] Switching font from PetMe64, "Courier New", monospace to PetMe64 @ http://localhost:3001/assets/index-DmX2Ev4k.js:88
[   18986ms] [LOG] [PETSCII] PETSCII content written to terminal @ http://localhost:3001/assets/index-DmX2Ev4k.js:88
[   18986ms] [LOG] [PETSCII] Received petscii-output, length: 2 @ http://localhost:3001/assets/index-DmX2Ev4k.js:88
[   18986ms] [LOG] [PETSCII] Switching font from PetMe64, "Courier New", monospace to PetMe64 @ http://localhost:3001/assets/index-DmX2Ev4k.js:88
[   18986ms] [LOG] [PETSCII] PETSCII content written to terminal @ http://localhost:3001/assets/index-DmX2Ev4k.js:88
[   18986ms] [LOG] [PETSCII] Received petscii-output, length: 5 @ http://localhost:3001/assets/index-DmX2Ev4k.js:88
[   18986ms] [LOG] [PETSCII] Switching font from PetMe64, "Courier New", monospace to PetMe64 @ http://localhost:3001/assets/index-DmX2Ev4k.js:88
[   18986ms] [LOG] [PETSCII] PETSCII content written to terminal @ http://localhost:3001/assets/index-DmX2Ev4k.js:88
[   18986ms] [LOG] [PETSCII] Received petscii-output, length: 5 @ http://localhost:3001/assets/index-DmX2Ev4k.js:88
[   18986ms] [LOG] [PETSCII] Switching font from PetMe64, "Courier New", monospace to PetMe64 @ http://localhost:3001/assets/index-DmX2Ev4k.js:88
[   18986ms] [LOG] [PETSCII] PETSCII content written to terminal @ http://localhost:3001/assets/index-DmX2Ev4k.js:88
[   18986ms] [LOG] [PETSCII] Received petscii-output, length: 1 @ http://localhost:3001/assets/index-DmX2Ev4k.js:88
[   18986ms] [LOG] [PETSCII] Switching font from PetMe64, "Courier New", monospace to PetMe64 @ http://localhost:3001/assets/index-DmX2Ev4k.js:88
[   18986ms] [LOG] [PETSCII] PETSCII content written to terminal @ http://localhost:3001/assets/index-DmX2Ev4k.js:88
[   18986ms] [LOG] [PETSCII] Received petscii-output, length: 4 @ http://localhost:3001/assets/index-DmX2Ev4k.js:88
[   18986ms] [LOG] [PETSCII] Switching font from PetMe64, "Courier New", monospace to PetMe64 @ http://localhost:3001/assets/index-DmX2Ev4k.js:88
[   18986ms] [LOG] [PETSCII] PETSCII content written to terminal @ http://localhost:3001/assets/index-DmX2Ev4k.js:88
[   18986ms] [LOG] [PETSCII] Received petscii-output, length: 5 @ http://localhost:3001/assets/index-DmX2Ev4k.js:88
[   18986ms] [LOG] [PETSCII] Switching font from PetMe64, "Courier New", monospace to PetMe64 @ http://localhost:3001/assets/index-DmX2Ev4k.js:88
[   18986ms] [LOG] [PETSCII] PETSCII content written to terminal @ http://localhost:3001/assets/index-DmX2Ev4k.js:88
[   18987ms] [LOG] [PETSCII] Received petscii-output, length: 1 @ http://localhost:3001/assets/index-DmX2Ev4k.js:88
[   18987ms] [LOG] [PETSCII] Switching font from PetMe64, "Courier New", monospace to PetMe64 @ http://localhost:3001/assets/index-DmX2Ev4k.js:88
[   18987ms] [LOG] [PETSCII] PETSCII content written to terminal @ http://localhost:3001/assets/index-DmX2Ev4k.js:88
[   18987ms] [LOG] [PETSCII] Received petscii-output, length: 5 @ http://localhost:3001/assets/index-DmX2Ev4k.js:88
[   18987ms] [LOG] [PETSCII] Switching font from PetMe64, "Courier New", monospace to PetMe64 @ http://localhost:3001/assets/index-DmX2Ev4k.js:88
[   18987ms] [LOG] [PETSCII] PETSCII content written to terminal @ http://localhost:3001/assets/index-DmX2Ev4k.js:88
[   18987ms] [LOG] [PETSCII] Received petscii-output, length: 1 @ http://localhost:3001/assets/index-DmX2Ev4k.js:88
[   18987ms] [LOG] [PETSCII] Switching font from PetMe64, "Courier New", monospace to PetMe64 @ http://localhost:3001/assets/index-DmX2Ev4k.js:88
[   18987ms] [LOG] [PETSCII] PETSCII content written to terminal @ http://localhost:3001/assets/index-DmX2Ev4k.js:88
[   18987ms] [LOG] [PETSCII] Received petscii-output, length: 5 @ http://localhost:3001/assets/index-DmX2Ev4k.js:88
[   18987ms] [LOG] [PETSCII] Switching font from PetMe64, "Courier New", monospace to PetMe64 @ http://localhost:3001/assets/index-DmX2Ev4k.js:88
[   18987ms] [LOG] [PETSCII] PETSCII content written to terminal @ http://localhost:3001/assets/index-DmX2Ev4k.js:88
[   18987ms] [LOG] [PETSCII] Received petscii-output, length: 5 @ http://localhost:3001/assets/index-DmX2Ev4k.js:88
[   18987ms] [LOG] [PETSCII] Switching font from PetMe64, "Courier New", monospace to PetMe64 @ http://localhost:3001/assets/index-DmX2Ev4k.js:88
[   18987ms] [LOG] [PETSCII] PETSCII content written to terminal @ http://localhost:3001/assets/index-DmX2Ev4k.js:88
[   18987ms] [LOG] [PETSCII] Received petscii-output, length: 1 @ http://localhost:3001/assets/index-DmX2Ev4k.js:88
[   18987ms] [LOG] [PETSCII] Switching font from PetMe64, "Courier New", monospace to PetMe64 @ http://localhost:3001/assets/index-DmX2Ev4k.js:88
[   18987ms] [LOG] [PETSCII] PETSCII content written to terminal @ http://localhost:3001/assets/index-DmX2Ev4k.js:88
[   18987ms] [LOG] [PETSCII] Received petscii-output, length: 4 @ http://localhost:3001/assets/index-DmX2Ev4k.js:88
[   18987ms] [LOG] [PETSCII] Switching font from PetMe64, "Courier New", monospace to PetMe64 @ http://localhost:3001/assets/index-DmX2Ev4k.js:88
[   18987ms] [LOG] [PETSCII] PETSCII content written to terminal @ http://localhost:3001/assets/index-DmX2Ev4k.js:88
[   18987ms] [LOG] [PETSCII] Received petscii-output, length: 5 @ http://localhost:3001/assets/index-DmX2Ev4k.js:88
[   18987ms] [LOG] [PETSCII] Switching font from PetMe64, "Courier New", monospace to PetMe64 @ http://localhost:3001/assets/index-DmX2Ev4k.js:88
[   18987ms] [LOG] [PETSCII] PETSCII content written to terminal @ http://localhost:3001/assets/index-DmX2Ev4k.js:88
[   18988ms] [LOG] [PETSCII] Received petscii-output, length: 2 @ http://localhost:3001/assets/index-DmX2Ev4k.js:88
[   18988ms] [LOG] [PETSCII] Switching font from PetMe64, "Courier New", monospace to PetMe64 @ http://localhost:3001/assets/index-DmX2Ev4k.js:88
[   18988ms] [LOG] [PETSCII] PETSCII content written to terminal @ http://localhost:3001/assets/index-DmX2Ev4k.js:88
[   18988ms] [LOG] [PETSCII] Received petscii-output, length: 5 @ http://localhost:3001/assets/index-DmX2Ev4k.js:88
[   18988ms] [LOG] [PETSCII] Switching font from PetMe64, "Courier New", monospace to PetMe64 @ http://localhost:3001/assets/index-DmX2Ev4k.js:88
[   18988ms] [LOG] [PETSCII] PETSCII content written to terminal @ http://localhost:3001/assets/index-DmX2Ev4k.js:88
[   18988ms] [LOG] [PETSCII] Received petscii-output, length: 1 @ http://localhost:3001/assets/index-DmX2Ev4k.js:88
[   18988ms] [LOG] [PETSCII] Switching font from PetMe64, "Courier New", monospace to PetMe64 @ http://localhost:3001/assets/index-DmX2Ev4k.js:88
[   18988ms] [LOG] [PETSCII] PETSCII content written to terminal @ http://localhost:3001/assets/index-DmX2Ev4k.js:88
[   18988ms] [LOG] [PETSCII] Received petscii-output, length: 5 @ http://localhost:3001/assets/index-DmX2Ev4k.js:88
[   18989ms] [LOG] [PETSCII] Switching font from PetMe64, "Courier New", monospace to PetMe64 @ http://localhost:3001/assets/index-DmX2Ev4k.js:88
[   18989ms] [LOG] [PETSCII] PETSCII content written to terminal @ http://localhost:3001/assets/index-DmX2Ev4k.js:88
[   18989ms] [LOG] [PETSCII] Received petscii-output, length: 1 @ http://localhost:3001/assets/index-DmX2Ev4k.js:88
[   18989ms] [LOG] [PETSCII] Switching font from PetMe64, "Courier New", monospace to PetMe64 @ http://localhost:3001/assets/index-DmX2Ev4k.js:88
[   18989ms] [LOG] [PETSCII] PETSCII content written to terminal @ http://localhost:3001/assets/index-DmX2Ev4k.js:88
[   18991ms] [LOG] [PETSCII] Received petscii-output, length: 5 @ http://localhost:3001/assets/index-DmX2Ev4k.js:88
[   18991ms] [LOG] [PETSCII] Switching font from PetMe64, "Courier New", monospace to PetMe64 @ http://localhost:3001/assets/index-DmX2Ev4k.js:88
[   18991ms] [LOG] [PETSCII] PETSCII content written to terminal @ http://localhost:3001/assets/index-DmX2Ev4k.js:88
[   18991ms] [LOG] [PETSCII] Received petscii-output, length: 4 @ http://localhost:3001/assets/index-DmX2Ev4k.js:88
[   18991ms] [LOG] [PETSCII] Switching font from PetMe64, "Courier New", monospace to PetMe64 @ http://localhost:3001/assets/index-DmX2Ev4k.js:88
[   18991ms] [LOG] [PETSCII] PETSCII content written to terminal @ http://localhost:3001/assets/index-DmX2Ev4k.js:88
[   18991ms] [LOG] [PETSCII] Received petscii-output, length: 5 @ http://localhost:3001/assets/index-DmX2Ev4k.js:88
[   18991ms] [LOG] [PETSCII] Switching font from PetMe64, "Courier New", monospace to PetMe64 @ http://localhost:3001/assets/index-DmX2Ev4k.js:88
[   18991ms] [LOG] [PETSCII] PETSCII content written to terminal @ http://localhost:3001/assets/index-DmX2Ev4k.js:88
[   18991ms] [LOG] [PETSCII] Received petscii-output, length: 2 @ http://localhost:3001/assets/index-DmX2Ev4k.js:88
[   18991ms] [LOG] [PETSCII] Switching font from PetMe64, "Courier New", monospace to PetMe64 @ http://localhost:3001/assets/index-DmX2Ev4k.js:88
[   18991ms] [LOG] [PETSCII] PETSCII content written to terminal @ http://localhost:3001/assets/index-DmX2Ev4k.js:88
[   18991ms] [LOG] [PETSCII] Received petscii-output, length: 5 @ http://localhost:3001/assets/index-DmX2Ev4k.js:88
[   18991ms] [LOG] [PETSCII] Switching font from PetMe64, "Courier New", monospace to PetMe64 @ http://localhost:3001/assets/index-DmX2Ev4k.js:88
[   18991ms] [LOG] [PETSCII] PETSCII content written to terminal @ http://localhost:3001/assets/index-DmX2Ev4k.js:88
[   18995ms] [LOG] [PETSCII] Received petscii-output, length: 1 @ http://localhost:3001/assets/index-DmX2Ev4k.js:88
[   18995ms] [LOG] [PETSCII] Switching font from PetMe64, "Courier New", monospace to PetMe64 @ http://localhost:3001/assets/index-DmX2Ev4k.js:88
[   18995ms] [LOG] [PETSCII] PETSCII content written to terminal @ http://localhost:3001/assets/index-DmX2Ev4k.js:88
[   18996ms] [LOG] [PETSCII] Received petscii-output, length: 5 @ http://localhost:3001/assets/index-DmX2Ev4k.js:88
[   18996ms] [LOG] [PETSCII] Switching font from PetMe64, "Courier New", monospace to PetMe64 @ http://localhost:3001/assets/index-DmX2Ev4k.js:88
[   18996ms] [LOG] [PETSCII] PETSCII content written to terminal @ http://localhost:3001/assets/index-DmX2Ev4k.js:88
[   18996ms] [LOG] [PETSCII] Received petscii-output, length: 5 @ http://localhost:3001/assets/index-DmX2Ev4k.js:88
[   18996ms] [LOG] [PETSCII] Switching font from PetMe64, "Courier New", monospace to PetMe64 @ http://localhost:3001/assets/index-DmX2Ev4k.js:88
[   18996ms] [LOG] [PETSCII] PETSCII content written to terminal @ http://localhost:3001/assets/index-DmX2Ev4k.js:88
[   18996ms] [LOG] [PETSCII] Received petscii-output, length: 1 @ http://localhost:3001/assets/index-DmX2Ev4k.js:88
[   18996ms] [LOG] [PETSCII] Switching font from PetMe64, "Courier New", monospace to PetMe64 @ http://localhost:3001/assets/index-DmX2Ev4k.js:88
[   18996ms] [LOG] [PETSCII] PETSCII content written to terminal @ http://localhost:3001/assets/index-DmX2Ev4k.js:88
[   18996ms] [LOG] [PETSCII] Received petscii-output, length: 4 @ http://localhost:3001/assets/index-DmX2Ev4k.js:88
[   18996ms] [LOG] [PETSCII] Switching font from PetMe64, "Courier New", monospace to PetMe64 @ http://localhost:3001/assets/index-DmX2Ev4k.js:88
[   18996ms] [LOG] [PETSCII] PETSCII content written to terminal @ http://localhost:3001/assets/index-DmX2Ev4k.js:88
[   18996ms] [LOG] [PETSCII] Received petscii-output, length: 5 @ http://localhost:3001/assets/index-DmX2Ev4k.js:88
[   18996ms] [LOG] [PETSCII] Switching font from PetMe64, "Courier New", monospace to PetMe64 @ http://localhost:3001/assets/index-DmX2Ev4k.js:88
[   18996ms] [LOG] [PETSCII] PETSCII content written to terminal @ http://localhost:3001/assets/index-DmX2Ev4k.js:88
[   18996ms] [LOG] [PETSCII] Received petscii-output, length: 1 @ http://localhost:3001/assets/index-DmX2Ev4k.js:88
[   18996ms] [LOG] [PETSCII] Switching font from PetMe64, "Courier New", monospace to PetMe64 @ http://localhost:3001/assets/index-DmX2Ev4k.js:88
[   18996ms] [LOG] [PETSCII] PETSCII content written to terminal @ http://localhost:3001/assets/index-DmX2Ev4k.js:88
[   18996ms] [LOG] [PETSCII] Received petscii-output, length: 5 @ http://localhost:3001/assets/index-DmX2Ev4k.js:88
[   18996ms] [LOG] [PETSCII] Switching font from PetMe64, "Courier New", monospace to PetMe64 @ http://localhost:3001/assets/index-DmX2Ev4k.js:88
[   18996ms] [LOG] [PETSCII] PETSCII content written to terminal @ http://localhost:3001/assets/index-DmX2Ev4k.js:88
[   18996ms] [LOG] [PETSCII] Received petscii-output, length: 1 @ http://localhost:3001/assets/index-DmX2Ev4k.js:88
[   18996ms] [LOG] [PETSCII] Switching font from PetMe64, "Courier New", monospace to PetMe64 @ http://localhost:3001/assets/index-DmX2Ev4k.js:88
[   18996ms] [LOG] [PETSCII] PETSCII content written to terminal @ http://localhost:3001/assets/index-DmX2Ev4k.js:88
[   18996ms] [LOG] [PETSCII] Received petscii-output, length: 5 @ http://localhost:3001/assets/index-DmX2Ev4k.js:88
[   18996ms] [LOG] [PETSCII] Switching font from PetMe64, "Courier New", monospace to PetMe64 @ http://localhost:3001/assets/index-DmX2Ev4k.js:88
[   18996ms] [LOG] [PETSCII] PETSCII content written to terminal @ http://localhost:3001/assets/index-DmX2Ev4k.js:88
[   18996ms] [LOG] [PETSCII] Received petscii-output, length: 2 @ http://localhost:3001/assets/index-DmX2Ev4k.js:88
[   18996ms] [LOG] [PETSCII] Switching font from PetMe64, "Courier New", monospace to PetMe64 @ http://localhost:3001/assets/index-DmX2Ev4k.js:88
[   18996ms] [LOG] [PETSCII] PETSCII content written to terminal @ http://localhost:3001/assets/index-DmX2Ev4k.js:88
[   19000ms] [LOG] [PETSCII] Received petscii-output, length: 2 @ http://localhost:3001/assets/index-DmX2Ev4k.js:88
[   19000ms] [LOG] [PETSCII] Switching font from PetMe64, "Courier New", monospace to PetMe64 @ http://localhost:3001/assets/index-DmX2Ev4k.js:88
[   19000ms] [LOG] [PETSCII] PETSCII content written to terminal @ http://localhost:3001/assets/index-DmX2Ev4k.js:88
[   19000ms] [LOG] [PETSCII] Received petscii-output, length: 5 @ http://localhost:3001/assets/index-DmX2Ev4k.js:88
[   19000ms] [LOG] [PETSCII] Switching font from PetMe64, "Courier New", monospace to PetMe64 @ http://localhost:3001/assets/index-DmX2Ev4k.js:88
[   19000ms] [LOG] [PETSCII] PETSCII content written to terminal @ http://localhost:3001/assets/index-DmX2Ev4k.js:88
[   19000ms] [LOG] [PETSCII] Received petscii-output, length: 5 @ http://localhost:3001/assets/index-DmX2Ev4k.js:88
[   19000ms] [LOG] [PETSCII] Switching font from PetMe64, "Courier New", monospace to PetMe64 @ http://localhost:3001/assets/index-DmX2Ev4k.js:88
[   19000ms] [LOG] [PETSCII] PETSCII content written to terminal @ http://localhost:3001/assets/index-DmX2Ev4k.js:88
[   19000ms] [LOG] [PETSCII] Received petscii-output, length: 1 @ http://localhost:3001/assets/index-DmX2Ev4k.js:88
[   19000ms] [LOG] [PETSCII] Switching font from PetMe64, "Courier New", monospace to PetMe64 @ http://localhost:3001/assets/index-DmX2Ev4k.js:88
[   19000ms] [LOG] [PETSCII] PETSCII content written to terminal @ http://localhost:3001/assets/index-DmX2Ev4k.js:88
[   19000ms] [LOG] [PETSCII] Received petscii-output, length: 4 @ http://localhost:3001/assets/index-DmX2Ev4k.js:88
[   19000ms] [LOG] [PETSCII] Switching font from PetMe64, "Courier New", monospace to PetMe64 @ http://localhost:3001/assets/index-DmX2Ev4k.js:88
[   19000ms] [LOG] [PETSCII] PETSCII content written to terminal @ http://localhost:3001/assets/index-DmX2Ev4k.js:88
[   19000ms] [LOG] [PETSCII] Received petscii-output, length: 5 @ http://localhost:3001/assets/index-DmX2Ev4k.js:88
[   19000ms] [LOG] [PETSCII] Switching font from PetMe64, "Courier New", monospace to PetMe64 @ http://localhost:3001/assets/index-DmX2Ev4k.js:88
[   19000ms] [LOG] [PETSCII] PETSCII content written to terminal @ http://localhost:3001/assets/index-DmX2Ev4k.js:88
[   19000ms] [LOG] [PETSCII] Received petscii-output, length: 1 @ http://localhost:3001/assets/index-DmX2Ev4k.js:88
[   19000ms] [LOG] [PETSCII] Switching font from PetMe64, "Courier New", monospace to PetMe64 @ http://localhost:3001/assets/index-DmX2Ev4k.js:88
[   19000ms] [LOG] [PETSCII] PETSCII content written to terminal @ http://localhost:3001/assets/index-DmX2Ev4k.js:88
[   19000ms] [LOG] [PETSCII] Received petscii-output, length: 5 @ http://localhost:3001/assets/index-DmX2Ev4k.js:88
[   19000ms] [LOG] [PETSCII] Switching font from PetMe64, "Courier New", monospace to PetMe64 @ http://localhost:3001/assets/index-DmX2Ev4k.js:88
[   19000ms] [LOG] [PETSCII] PETSCII content written to terminal @ http://localhost:3001/assets/index-DmX2Ev4k.js:88
[   19001ms] [LOG] [PETSCII] Received petscii-output, length: 5 @ http://localhost:3001/assets/index-DmX2Ev4k.js:88
[   19001ms] [LOG] [PETSCII] Switching font from PetMe64, "Courier New", monospace to PetMe64 @ http://localhost:3001/assets/index-DmX2Ev4k.js:88
[   19001ms] [LOG] [PETSCII] PETSCII content written to terminal @ http://localhost:3001/assets/index-DmX2Ev4k.js:88
[   19001ms] [LOG] [PETSCII] Received petscii-output, length: 1 @ http://localhost:3001/assets/index-DmX2Ev4k.js:88
[   19001ms] [LOG] [PETSCII] Switching font from PetMe64, "Courier New", monospace to PetMe64 @ http://localhost:3001/assets/index-DmX2Ev4k.js:88
[   19001ms] [LOG] [PETSCII] PETSCII content written to terminal @ http://localhost:3001/assets/index-DmX2Ev4k.js:88
[   19001ms] [LOG] [PETSCII] Received petscii-output, length: 4 @ http://localhost:3001/assets/index-DmX2Ev4k.js:88
[   19001ms] [LOG] [PETSCII] Switching font from PetMe64, "Courier New", monospace to PetMe64 @ http://localhost:3001/assets/index-DmX2Ev4k.js:88
[   19001ms] [LOG] [PETSCII] PETSCII content written to terminal @ http://localhost:3001/assets/index-DmX2Ev4k.js:88
[   19001ms] [LOG] [PETSCII] Received petscii-output, length: 5 @ http://localhost:3001/assets/index-DmX2Ev4k.js:88
[   19001ms] [LOG] [PETSCII] Switching font from PetMe64, "Courier New", monospace to PetMe64 @ http://localhost:3001/assets/index-DmX2Ev4k.js:88
[   19001ms] [LOG] [PETSCII] PETSCII content written to terminal @ http://localhost:3001/assets/index-DmX2Ev4k.js:88
[   19001ms] [LOG] [PETSCII] Received petscii-output, length: 1 @ http://localhost:3001/assets/index-DmX2Ev4k.js:88
[   19001ms] [LOG] [PETSCII] Switching font from PetMe64, "Courier New", monospace to PetMe64 @ http://localhost:3001/assets/index-DmX2Ev4k.js:88
[   19001ms] [LOG] [PETSCII] PETSCII content written to terminal @ http://localhost:3001/assets/index-DmX2Ev4k.js:88
[   19001ms] [LOG] [PETSCII] Received petscii-output, length: 5 @ http://localhost:3001/assets/index-DmX2Ev4k.js:88
[   19001ms] [LOG] [PETSCII] Switching font from PetMe64, "Courier New", monospace to PetMe64 @ http://localhost:3001/assets/index-DmX2Ev4k.js:88
[   19001ms] [LOG] [PETSCII] PETSCII content written to terminal @ http://localhost:3001/assets/index-DmX2Ev4k.js:88
[   19001ms] [LOG] [PETSCII] Received petscii-output, length: 1 @ http://localhost:3001/assets/index-DmX2Ev4k.js:88
[   19001ms] [LOG] [PETSCII] Switching font from PetMe64, "Courier New", monospace to PetMe64 @ http://localhost:3001/assets/index-DmX2Ev4k.js:88
[   19001ms] [LOG] [PETSCII] PETSCII content written to terminal @ http://localhost:3001/assets/index-DmX2Ev4k.js:88
[   19001ms] [LOG] [PETSCII] Received petscii-output, length: 4 @ http://localhost:3001/assets/index-DmX2Ev4k.js:88
[   19001ms] [LOG] [PETSCII] Switching font from PetMe64, "Courier New", monospace to PetMe64 @ http://localhost:3001/assets/index-DmX2Ev4k.js:88
[   19001ms] [LOG] [PETSCII] PETSCII content written to terminal @ http://localhost:3001/assets/index-DmX2Ev4k.js:88
[   19001ms] [LOG] [PETSCII] Received petscii-output, length: 4 @ http://localhost:3001/assets/index-DmX2Ev4k.js:88
[   19001ms] [LOG] [PETSCII] Switching font from PetMe64, "Courier New", monospace to PetMe64 @ http://localhost:3001/assets/index-DmX2Ev4k.js:88
[   19001ms] [LOG] [PETSCII] PETSCII content written to terminal @ http://localhost:3001/assets/index-DmX2Ev4k.js:88
[   19002ms] [LOG] [PETSCII] Received petscii-output, length: 5 @ http://localhost:3001/assets/index-DmX2Ev4k.js:88
[   19002ms] [LOG] [PETSCII] Switching font from PetMe64, "Courier New", monospace to PetMe64 @ http://localhost:3001/assets/index-DmX2Ev4k.js:88
[   19002ms] [LOG] [PETSCII] PETSCII content written to terminal @ http://localhost:3001/assets/index-DmX2Ev4k.js:88
[   19002ms] [LOG] [PETSCII] Received petscii-output, length: 1 @ http://localhost:3001/assets/index-DmX2Ev4k.js:88
[   19002ms] [LOG] [PETSCII] Switching font from PetMe64, "Courier New", monospace to PetMe64 @ http://localhost:3001/assets/index-DmX2Ev4k.js:88
[   19002ms] [LOG] [PETSCII] PETSCII content written to terminal @ http://localhost:3001/assets/index-DmX2Ev4k.js:88
[   19002ms] [LOG] [PETSCII] Received petscii-output, length: 5 @ http://localhost:3001/assets/index-DmX2Ev4k.js:88
[   19002ms] [LOG] [PETSCII] Switching font from PetMe64, "Courier New", monospace to PetMe64 @ http://localhost:3001/assets/index-DmX2Ev4k.js:88
[   19002ms] [LOG] [PETSCII] PETSCII content written to terminal @ http://localhost:3001/assets/index-DmX2Ev4k.js:88
[   19002ms] [LOG] [PETSCII] Received petscii-output, length: 1 @ http://localhost:3001/assets/index-DmX2Ev4k.js:88
[   19002ms] [LOG] [PETSCII] Switching font from PetMe64, "Courier New", monospace to PetMe64 @ http://localhost:3001/assets/index-DmX2Ev4k.js:88
[   19002ms] [LOG] [PETSCII] PETSCII content written to terminal @ http://localhost:3001/assets/index-DmX2Ev4k.js:88
[   19002ms] [LOG] [PETSCII] Received petscii-output, length: 5 @ http://localhost:3001/assets/index-DmX2Ev4k.js:88
[   19002ms] [LOG] [PETSCII] Switching font from PetMe64, "Courier New", monospace to PetMe64 @ http://localhost:3001/assets/index-DmX2Ev4k.js:88
[   19002ms] [LOG] [PETSCII] PETSCII content written to terminal @ http://localhost:3001/assets/index-DmX2Ev4k.js:88
[   19002ms] [LOG] [PETSCII] Received petscii-output, length: 5 @ http://localhost:3001/assets/index-DmX2Ev4k.js:88
[   19002ms] [LOG] [PETSCII] Switching font from PetMe64, "Courier New", monospace to PetMe64 @ http://localhost:3001/assets/index-DmX2Ev4k.js:88
[   19002ms] [LOG] [PETSCII] PETSCII content written to terminal @ http://localhost:3001/assets/index-DmX2Ev4k.js:88
[   19002ms] [LOG] [PETSCII] Received petscii-output, length: 1 @ http://localhost:3001/assets/index-DmX2Ev4k.js:88
[   19002ms] [LOG] [PETSCII] Switching font from PetMe64, "Courier New", monospace to PetMe64 @ http://localhost:3001/assets/index-DmX2Ev4k.js:88
[   19002ms] [LOG] [PETSCII] PETSCII content written to terminal @ http://localhost:3001/assets/index-DmX2Ev4k.js:88
[   19004ms] [LOG] [PETSCII] Received petscii-output, length: 2 @ http://localhost:3001/assets/index-DmX2Ev4k.js:88
[   19005ms] [LOG] [PETSCII] Switching font from PetMe64, "Courier New", monospace to PetMe64 @ http://localhost:3001/assets/index-DmX2Ev4k.js:88
[   19005ms] [LOG] [PETSCII] PETSCII content written to terminal @ http://localhost:3001/assets/index-DmX2Ev4k.js:88
[   19005ms] [LOG] [PETSCII] Received petscii-output, length: 4 @ http://localhost:3001/assets/index-DmX2Ev4k.js:88
[   19005ms] [LOG] [PETSCII] Switching font from PetMe64, "Courier New", monospace to PetMe64 @ http://localhost:3001/assets/index-DmX2Ev4k.js:88
[   19005ms] [LOG] [PETSCII] PETSCII content written to terminal @ http://localhost:3001/assets/index-DmX2Ev4k.js:88
[   19005ms] [LOG] [PETSCII] Received petscii-output, length: 5 @ http://localhost:3001/assets/index-DmX2Ev4k.js:88
[   19005ms] [LOG] [PETSCII] Switching font from PetMe64, "Courier New", monospace to PetMe64 @ http://localhost:3001/assets/index-DmX2Ev4k.js:88
[   19005ms] [LOG] [PETSCII] PETSCII content written to terminal @ http://localhost:3001/assets/index-DmX2Ev4k.js:88
[   19005ms] [LOG] [PETSCII] Received petscii-output, length: 1 @ http://localhost:3001/assets/index-DmX2Ev4k.js:88
[   19005ms] [LOG] [PETSCII] Switching font from PetMe64, "Courier New", monospace to PetMe64 @ http://localhost:3001/assets/index-DmX2Ev4k.js:88
[   19005ms] [LOG] [PETSCII] PETSCII content written to terminal @ http://localhost:3001/assets/index-DmX2Ev4k.js:88
[   19005ms] [LOG] [PETSCII] Received petscii-output, length: 5 @ http://localhost:3001/assets/index-DmX2Ev4k.js:88
[   19005ms] [LOG] [PETSCII] Switching font from PetMe64, "Courier New", monospace to PetMe64 @ http://localhost:3001/assets/index-DmX2Ev4k.js:88
[   19005ms] [LOG] [PETSCII] PETSCII content written to terminal @ http://localhost:3001/assets/index-DmX2Ev4k.js:88
[   19005ms] [LOG] [PETSCII] Received petscii-output, length: 5 @ http://localhost:3001/assets/index-DmX2Ev4k.js:88
[   19005ms] [LOG] [PETSCII] Switching font from PetMe64, "Courier New", monospace to PetMe64 @ http://localhost:3001/assets/index-DmX2Ev4k.js:88
[   19005ms] [LOG] [PETSCII] PETSCII content written to terminal @ http://localhost:3001/assets/index-DmX2Ev4k.js:88
[   19005ms] [LOG] [PETSCII] Received petscii-output, length: 1 @ http://localhost:3001/assets/index-DmX2Ev4k.js:88
[   19005ms] [LOG] [PETSCII] Switching font from PetMe64, "Courier New", monospace to PetMe64 @ http://localhost:3001/assets/index-DmX2Ev4k.js:88
[   19005ms] [LOG] [PETSCII] PETSCII content written to terminal @ http://localhost:3001/assets/index-DmX2Ev4k.js:88
[   19005ms] [LOG] [PETSCII] Received petscii-output, length: 4 @ http://localhost:3001/assets/index-DmX2Ev4k.js:88
[   19005ms] [LOG] [PETSCII] Switching font from PetMe64, "Courier New", monospace to PetMe64 @ http://localhost:3001/assets/index-DmX2Ev4k.js:88
[   19005ms] [LOG] [PETSCII] PETSCII content written to terminal @ http://localhost:3001/assets/index-DmX2Ev4k.js:88
[   19005ms] [LOG] [PETSCII] Received petscii-output, length: 5 @ http://localhost:3001/assets/index-DmX2Ev4k.js:88
[   19005ms] [LOG] [PETSCII] Switching font from PetMe64, "Courier New", monospace to PetMe64 @ http://localhost:3001/assets/index-DmX2Ev4k.js:88
[   19005ms] [LOG] [PETSCII] PETSCII content written to terminal @ http://localhost:3001/assets/index-DmX2Ev4k.js:88
[   19006ms] [LOG] [PETSCII] Received petscii-output, length: 1 @ http://localhost:3001/assets/index-DmX2Ev4k.js:88
[   19006ms] [LOG] [PETSCII] Switching font from PetMe64, "Courier New", monospace to PetMe64 @ http://localhost:3001/assets/index-DmX2Ev4k.js:88
[   19006ms] [LOG] [PETSCII] PETSCII content written to terminal @ http://localhost:3001/assets/index-DmX2Ev4k.js:88
[   19006ms] [LOG] [PETSCII] Received petscii-output, length: 5 @ http://localhost:3001/assets/index-DmX2Ev4k.js:88
[   19006ms] [LOG] [PETSCII] Switching font from PetMe64, "Courier New", monospace to PetMe64 @ http://localhost:3001/assets/index-DmX2Ev4k.js:88
[   19006ms] [LOG] [PETSCII] PETSCII content written to terminal @ http://localhost:3001/assets/index-DmX2Ev4k.js:88
[   19006ms] [LOG] [PETSCII] Received petscii-output, length: 1 @ http://localhost:3001/assets/index-DmX2Ev4k.js:88
[   19006ms] [LOG] [PETSCII] Switching font from PetMe64, "Courier New", monospace to PetMe64 @ http://localhost:3001/assets/index-DmX2Ev4k.js:88
[   19006ms] [LOG] [PETSCII] PETSCII content written to terminal @ http://localhost:3001/assets/index-DmX2Ev4k.js:88
[   19006ms] [LOG] [PETSCII] Received petscii-output, length: 5 @ http://localhost:3001/assets/index-DmX2Ev4k.js:88
[   19006ms] [LOG] [PETSCII] Switching font from PetMe64, "Courier New", monospace to PetMe64 @ http://localhost:3001/assets/index-DmX2Ev4k.js:88
[   19006ms] [LOG] [PETSCII] PETSCII content written to terminal @ http://localhost:3001/assets/index-DmX2Ev4k.js:88
[   19006ms] [LOG] [PETSCII] Received petscii-output, length: 2 @ http://localhost:3001/assets/index-DmX2Ev4k.js:88
[   19006ms] [LOG] [PETSCII] Switching font from PetMe64, "Courier New", monospace to PetMe64 @ http://localhost:3001/assets/index-DmX2Ev4k.js:88
[   19006ms] [LOG] [PETSCII] PETSCII content written to terminal @ http://localhost:3001/assets/index-DmX2Ev4k.js:88
[   19007ms] [LOG] [PETSCII] Received petscii-output, length: 2 @ http://localhost:3001/assets/index-DmX2Ev4k.js:88
[   19007ms] [LOG] [PETSCII] Switching font from PetMe64, "Courier New", monospace to PetMe64 @ http://localhost:3001/assets/index-DmX2Ev4k.js:88
[   19007ms] [LOG] [PETSCII] PETSCII content written to terminal @ http://localhost:3001/assets/index-DmX2Ev4k.js:88
[   19007ms] [LOG] [PETSCII] Received petscii-output, length: 5 @ http://localhost:3001/assets/index-DmX2Ev4k.js:88
[   19007ms] [LOG] [PETSCII] Switching font from PetMe64, "Courier New", monospace to PetMe64 @ http://localhost:3001/assets/index-DmX2Ev4k.js:88
[   19007ms] [LOG] [PETSCII] PETSCII content written to terminal @ http://localhost:3001/assets/index-DmX2Ev4k.js:88
[   19007ms] [LOG] [PETSCII] Received petscii-output, length: 5 @ http://localhost:3001/assets/index-DmX2Ev4k.js:88
[   19007ms] [LOG] [PETSCII] Switching font from PetMe64, "Courier New", monospace to PetMe64 @ http://localhost:3001/assets/index-DmX2Ev4k.js:88
[   19007ms] [LOG] [PETSCII] PETSCII content written to terminal @ http://localhost:3001/assets/index-DmX2Ev4k.js:88
[   19007ms] [LOG] [PETSCII] Received petscii-output, length: 1 @ http://localhost:3001/assets/index-DmX2Ev4k.js:88
[   19007ms] [LOG] [PETSCII] Switching font from PetMe64, "Courier New", monospace to PetMe64 @ http://localhost:3001/assets/index-DmX2Ev4k.js:88
[   19008ms] [LOG] [PETSCII] PETSCII content written to terminal @ http://localhost:3001/assets/index-DmX2Ev4k.js:88
[   19008ms] [LOG] [PETSCII] Received petscii-output, length: 4 @ http://localhost:3001/assets/index-DmX2Ev4k.js:88
[   19008ms] [LOG] [PETSCII] Switching font from PetMe64, "Courier New", monospace to PetMe64 @ http://localhost:3001/assets/index-DmX2Ev4k.js:88
[   19008ms] [LOG] [PETSCII] PETSCII content written to terminal @ http://localhost:3001/assets/index-DmX2Ev4k.js:88
[   19008ms] [LOG] [PETSCII] Received petscii-output, length: 1 @ http://localhost:3001/assets/index-DmX2Ev4k.js:88
[   19008ms] [LOG] [PETSCII] Switching font from PetMe64, "Courier New", monospace to PetMe64 @ http://localhost:3001/assets/index-DmX2Ev4k.js:88
[   19008ms] [LOG] [PETSCII] PETSCII content written to terminal @ http://localhost:3001/assets/index-DmX2Ev4k.js:88
[   19008ms] [LOG] [PETSCII] Received petscii-output, length: 5 @ http://localhost:3001/assets/index-DmX2Ev4k.js:88
[   19008ms] [LOG] [PETSCII] Switching font from PetMe64, "Courier New", monospace to PetMe64 @ http://localhost:3001/assets/index-DmX2Ev4k.js:88
[   19008ms] [LOG] [PETSCII] PETSCII content written to terminal @ http://localhost:3001/assets/index-DmX2Ev4k.js:88
[   19008ms] [LOG] [PETSCII] Received petscii-output, length: 1 @ http://localhost:3001/assets/index-DmX2Ev4k.js:88
[   19008ms] [LOG] [PETSCII] Switching font from PetMe64, "Courier New", monospace to PetMe64 @ http://localhost:3001/assets/index-DmX2Ev4k.js:88
[   19008ms] [LOG] [PETSCII] PETSCII content written to terminal @ http://localhost:3001/assets/index-DmX2Ev4k.js:88
[   19008ms] [LOG] [PETSCII] Received petscii-output, length: 5 @ http://localhost:3001/assets/index-DmX2Ev4k.js:88
[   19008ms] [LOG] [PETSCII] Switching font from PetMe64, "Courier New", monospace to PetMe64 @ http://localhost:3001/assets/index-DmX2Ev4k.js:88
[   19008ms] [LOG] [PETSCII] PETSCII content written to terminal @ http://localhost:3001/assets/index-DmX2Ev4k.js:88
[   19008ms] [LOG] [PETSCII] Received petscii-output, length: 5 @ http://localhost:3001/assets/index-DmX2Ev4k.js:88
[   19008ms] [LOG] [PETSCII] Switching font from PetMe64, "Courier New", monospace to PetMe64 @ http://localhost:3001/assets/index-DmX2Ev4k.js:88
[   19008ms] [LOG] [PETSCII] PETSCII content written to terminal @ http://localhost:3001/assets/index-DmX2Ev4k.js:88
[   19008ms] [LOG] [PETSCII] Received petscii-output, length: 1 @ http://localhost:3001/assets/index-DmX2Ev4k.js:88
[   19008ms] [LOG] [PETSCII] Switching font from PetMe64, "Courier New", monospace to PetMe64 @ http://localhost:3001/assets/index-DmX2Ev4k.js:88
[   19008ms] [LOG] [PETSCII] PETSCII content written to terminal @ http://localhost:3001/assets/index-DmX2Ev4k.js:88
[   19008ms] [LOG] [PETSCII] Received petscii-output, length: 4 @ http://localhost:3001/assets/index-DmX2Ev4k.js:88
[   19008ms] [LOG] [PETSCII] Switching font from PetMe64, "Courier New", monospace to PetMe64 @ http://localhost:3001/assets/index-DmX2Ev4k.js:88
[   19008ms] [LOG] [PETSCII] PETSCII content written to terminal @ http://localhost:3001/assets/index-DmX2Ev4k.js:88
[   19008ms] [LOG] [PETSCII] Received petscii-output, length: 5 @ http://localhost:3001/assets/index-DmX2Ev4k.js:88
[   19009ms] [LOG] [PETSCII] Switching font from PetMe64, "Courier New", monospace to PetMe64 @ http://localhost:3001/assets/index-DmX2Ev4k.js:88
[   19009ms] [LOG] [PETSCII] PETSCII content written to terminal @ http://localhost:3001/assets/index-DmX2Ev4k.js:88
[   19009ms] [LOG] [PETSCII] Received petscii-output, length: 1 @ http://localhost:3001/assets/index-DmX2Ev4k.js:88
[   19009ms] [LOG] [PETSCII] Switching font from PetMe64, "Courier New", monospace to PetMe64 @ http://localhost:3001/assets/index-DmX2Ev4k.js:88
[   19009ms] [LOG] [PETSCII] PETSCII content written to terminal @ http://localhost:3001/assets/index-DmX2Ev4k.js:88
[   19010ms] [LOG] [PETSCII] Received petscii-output, length: 3 @ http://localhost:3001/assets/index-DmX2Ev4k.js:88
[   19010ms] [LOG] [PETSCII] Switching font from PetMe64, "Courier New", monospace to PetMe64 @ http://localhost:3001/assets/index-DmX2Ev4k.js:88
[   19010ms] [LOG] [PETSCII] PETSCII content written to terminal @ http://localhost:3001/assets/index-DmX2Ev4k.js:88
[   19010ms] [LOG] [PETSCII] Received petscii-output, length: 5 @ http://localhost:3001/assets/index-DmX2Ev4k.js:88
[   19010ms] [LOG] [PETSCII] Switching font from PetMe64, "Courier New", monospace to PetMe64 @ http://localhost:3001/assets/index-DmX2Ev4k.js:88
[   19010ms] [LOG] [PETSCII] PETSCII content written to terminal @ http://localhost:3001/assets/index-DmX2Ev4k.js:88
[   19010ms] [LOG] [PETSCII] Received petscii-output, length: 1 @ http://localhost:3001/assets/index-DmX2Ev4k.js:88
[   19010ms] [LOG] [PETSCII] Switching font from PetMe64, "Courier New", monospace to PetMe64 @ http://localhost:3001/assets/index-DmX2Ev4k.js:88
[   19010ms] [LOG] [PETSCII] PETSCII content written to terminal @ http://localhost:3001/assets/index-DmX2Ev4k.js:88
[   19010ms] [LOG] [PETSCII] Received petscii-output, length: 5 @ http://localhost:3001/assets/index-DmX2Ev4k.js:88
[   19010ms] [LOG] [PETSCII] Switching font from PetMe64, "Courier New", monospace to PetMe64 @ http://localhost:3001/assets/index-DmX2Ev4k.js:88
[   19010ms] [LOG] [PETSCII] PETSCII content written to terminal @ http://localhost:3001/assets/index-DmX2Ev4k.js:88
[   19010ms] [LOG] [PETSCII] Received petscii-output, length: 2 @ http://localhost:3001/assets/index-DmX2Ev4k.js:88
[   19010ms] [LOG] [PETSCII] Switching font from PetMe64, "Courier New", monospace to PetMe64 @ http://localhost:3001/assets/index-DmX2Ev4k.js:88
[   19010ms] [LOG] [PETSCII] PETSCII content written to terminal @ http://localhost:3001/assets/index-DmX2Ev4k.js:88
[   19012ms] [LOG] [PETSCII] Received petscii-output, length: 4 @ http://localhost:3001/assets/index-DmX2Ev4k.js:88
[   19012ms] [LOG] [PETSCII] Switching font from PetMe64, "Courier New", monospace to PetMe64 @ http://localhost:3001/assets/index-DmX2Ev4k.js:88
[   19012ms] [LOG] [PETSCII] PETSCII content written to terminal @ http://localhost:3001/assets/index-DmX2Ev4k.js:88
[   19013ms] [LOG] [PETSCII] Received petscii-output, length: 4 @ http://localhost:3001/assets/index-DmX2Ev4k.js:88
[   19013ms] [LOG] [PETSCII] Switching font from PetMe64, "Courier New", monospace to PetMe64 @ http://localhost:3001/assets/index-DmX2Ev4k.js:88
[   19013ms] [LOG] [PETSCII] PETSCII content written to terminal @ http://localhost:3001/assets/index-DmX2Ev4k.js:88
[   19013ms] [LOG] [PETSCII] Received petscii-output, length: 5 @ http://localhost:3001/assets/index-DmX2Ev4k.js:88
[   19013ms] [LOG] [PETSCII] Switching font from PetMe64, "Courier New", monospace to PetMe64 @ http://localhost:3001/assets/index-DmX2Ev4k.js:88
[   19013ms] [LOG] [PETSCII] PETSCII content written to terminal @ http://localhost:3001/assets/index-DmX2Ev4k.js:88
[   19013ms] [LOG] [PETSCII] Received petscii-output, length: 2 @ http://localhost:3001/assets/index-DmX2Ev4k.js:88
[   19013ms] [LOG] [PETSCII] Switching font from PetMe64, "Courier New", monospace to PetMe64 @ http://localhost:3001/assets/index-DmX2Ev4k.js:88
[   19013ms] [LOG] [PETSCII] PETSCII content written to terminal @ http://localhost:3001/assets/index-DmX2Ev4k.js:88
[   19013ms] [LOG] [PETSCII] Received petscii-output, length: 5 @ http://localhost:3001/assets/index-DmX2Ev4k.js:88
[   19013ms] [LOG] [PETSCII] Switching font from PetMe64, "Courier New", monospace to PetMe64 @ http://localhost:3001/assets/index-DmX2Ev4k.js:88
[   19013ms] [LOG] [PETSCII] PETSCII content written to terminal @ http://localhost:3001/assets/index-DmX2Ev4k.js:88
[   19013ms] [LOG] [PETSCII] Received petscii-output, length: 1 @ http://localhost:3001/assets/index-DmX2Ev4k.js:88
[   19013ms] [LOG] [PETSCII] Switching font from PetMe64, "Courier New", monospace to PetMe64 @ http://localhost:3001/assets/index-DmX2Ev4k.js:88
[   19013ms] [LOG] [PETSCII] PETSCII content written to terminal @ http://localhost:3001/assets/index-DmX2Ev4k.js:88
[   19013ms] [LOG] [PETSCII] Received petscii-output, length: 5 @ http://localhost:3001/assets/index-DmX2Ev4k.js:88
[   19013ms] [LOG] [PETSCII] Switching font from PetMe64, "Courier New", monospace to PetMe64 @ http://localhost:3001/assets/index-DmX2Ev4k.js:88
[   19013ms] [LOG] [PETSCII] PETSCII content written to terminal @ http://localhost:3001/assets/index-DmX2Ev4k.js:88
[   19013ms] [LOG] [PETSCII] Received petscii-output, length: 1 @ http://localhost:3001/assets/index-DmX2Ev4k.js:88
[   19013ms] [LOG] [PETSCII] Switching font from PetMe64, "Courier New", monospace to PetMe64 @ http://localhost:3001/assets/index-DmX2Ev4k.js:88
[   19013ms] [LOG] [PETSCII] PETSCII content written to terminal @ http://localhost:3001/assets/index-DmX2Ev4k.js:88
[   19015ms] [LOG] [PETSCII] Received petscii-output, length: 2 @ http://localhost:3001/assets/index-DmX2Ev4k.js:88
[   19015ms] [LOG] [PETSCII] Switching font from PetMe64, "Courier New", monospace to PetMe64 @ http://localhost:3001/assets/index-DmX2Ev4k.js:88
[   19015ms] [LOG] [PETSCII] PETSCII content written to terminal @ http://localhost:3001/assets/index-DmX2Ev4k.js:88
[   19015ms] [LOG] [PETSCII] Received petscii-output, length: 5 @ http://localhost:3001/assets/index-DmX2Ev4k.js:88
[   19015ms] [LOG] [PETSCII] Switching font from PetMe64, "Courier New", monospace to PetMe64 @ http://localhost:3001/assets/index-DmX2Ev4k.js:88
[   19015ms] [LOG] [PETSCII] PETSCII content written to terminal @ http://localhost:3001/assets/index-DmX2Ev4k.js:88
[   19015ms] [LOG] [PETSCII] Received petscii-output, length: 5 @ http://localhost:3001/assets/index-DmX2Ev4k.js:88
[   19015ms] [LOG] [PETSCII] Switching font from PetMe64, "Courier New", monospace to PetMe64 @ http://localhost:3001/assets/index-DmX2Ev4k.js:88
[   19015ms] [LOG] [PETSCII] PETSCII content written to terminal @ http://localhost:3001/assets/index-DmX2Ev4k.js:88
[   19015ms] [LOG] [PETSCII] Received petscii-output, length: 1 @ http://localhost:3001/assets/index-DmX2Ev4k.js:88
[   19015ms] [LOG] [PETSCII] Switching font from PetMe64, "Courier New", monospace to PetMe64 @ http://localhost:3001/assets/index-DmX2Ev4k.js:88
[   19016ms] [LOG] [PETSCII] PETSCII content written to terminal @ http://localhost:3001/assets/index-DmX2Ev4k.js:88
[   19016ms] [LOG] [PETSCII] Received petscii-output, length: 4 @ http://localhost:3001/assets/index-DmX2Ev4k.js:88
[   19016ms] [LOG] [PETSCII] Switching font from PetMe64, "Courier New", monospace to PetMe64 @ http://localhost:3001/assets/index-DmX2Ev4k.js:88
[   19016ms] [LOG] [PETSCII] PETSCII content written to terminal @ http://localhost:3001/assets/index-DmX2Ev4k.js:88
[   19016ms] [LOG] [PETSCII] Received petscii-output, length: 5 @ http://localhost:3001/assets/index-DmX2Ev4k.js:88
[   19016ms] [LOG] [PETSCII] Switching font from PetMe64, "Courier New", monospace to PetMe64 @ http://localhost:3001/assets/index-DmX2Ev4k.js:88
[   19016ms] [LOG] [PETSCII] PETSCII content written to terminal @ http://localhost:3001/assets/index-DmX2Ev4k.js:88
[   19016ms] [LOG] [PETSCII] Received petscii-output, length: 1 @ http://localhost:3001/assets/index-DmX2Ev4k.js:88
[   19016ms] [LOG] [PETSCII] Switching font from PetMe64, "Courier New", monospace to PetMe64 @ http://localhost:3001/assets/index-DmX2Ev4k.js:88
[   19016ms] [LOG] [PETSCII] PETSCII content written to terminal @ http://localhost:3001/assets/index-DmX2Ev4k.js:88
[   19016ms] [LOG] [PETSCII] Received petscii-output, length: 5 @ http://localhost:3001/assets/index-DmX2Ev4k.js:88
[   19016ms] [LOG] [PETSCII] Switching font from PetMe64, "Courier New", monospace to PetMe64 @ http://localhost:3001/assets/index-DmX2Ev4k.js:88
[   19016ms] [LOG] [PETSCII] PETSCII content written to terminal @ http://localhost:3001/assets/index-DmX2Ev4k.js:88
[   19016ms] [LOG] [PETSCII] Received petscii-output, length: 5 @ http://localhost:3001/assets/index-DmX2Ev4k.js:88
[   19016ms] [LOG] [PETSCII] Switching font from PetMe64, "Courier New", monospace to PetMe64 @ http://localhost:3001/assets/index-DmX2Ev4k.js:88
[   19016ms] [LOG] [PETSCII] PETSCII content written to terminal @ http://localhost:3001/assets/index-DmX2Ev4k.js:88
[   19016ms] [LOG] [PETSCII] Received petscii-output, length: 1 @ http://localhost:3001/assets/index-DmX2Ev4k.js:88
[   19016ms] [LOG] [PETSCII] Switching font from PetMe64, "Courier New", monospace to PetMe64 @ http://localhost:3001/assets/index-DmX2Ev4k.js:88
[   19016ms] [LOG] [PETSCII] PETSCII content written to terminal @ http://localhost:3001/assets/index-DmX2Ev4k.js:88
[   19016ms] [LOG] [PETSCII] Received petscii-output, length: 4 @ http://localhost:3001/assets/index-DmX2Ev4k.js:88
[   19016ms] [LOG] [PETSCII] Switching font from PetMe64, "Courier New", monospace to PetMe64 @ http://localhost:3001/assets/index-DmX2Ev4k.js:88
[   19016ms] [LOG] [PETSCII] PETSCII content written to terminal @ http://localhost:3001/assets/index-DmX2Ev4k.js:88
[   19016ms] [LOG] [PETSCII] Received petscii-output, length: 1 @ http://localhost:3001/assets/index-DmX2Ev4k.js:88
[   19016ms] [LOG] [PETSCII] Switching font from PetMe64, "Courier New", monospace to PetMe64 @ http://localhost:3001/assets/index-DmX2Ev4k.js:88
[   19016ms] [LOG] [PETSCII] PETSCII content written to terminal @ http://localhost:3001/assets/index-DmX2Ev4k.js:88
[   19016ms] [LOG] [PETSCII] Received petscii-output, length: 5 @ http://localhost:3001/assets/index-DmX2Ev4k.js:88
[   19016ms] [LOG] [PETSCII] Switching font from PetMe64, "Courier New", monospace to PetMe64 @ http://localhost:3001/assets/index-DmX2Ev4k.js:88
[   19016ms] [LOG] [PETSCII] PETSCII content written to terminal @ http://localhost:3001/assets/index-DmX2Ev4k.js:88
[   19016ms] [LOG] [PETSCII] Received petscii-output, length: 1 @ http://localhost:3001/assets/index-DmX2Ev4k.js:88
[   19016ms] [LOG] [PETSCII] Switching font from PetMe64, "Courier New", monospace to PetMe64 @ http://localhost:3001/assets/index-DmX2Ev4k.js:88
[   19016ms] [LOG] [PETSCII] PETSCII content written to terminal @ http://localhost:3001/assets/index-DmX2Ev4k.js:88
[   19017ms] [LOG] [PETSCII] Received petscii-output, length: 5 @ http://localhost:3001/assets/index-DmX2Ev4k.js:88
[   19017ms] [LOG] [PETSCII] Switching font from PetMe64, "Courier New", monospace to PetMe64 @ http://localhost:3001/assets/index-DmX2Ev4k.js:88
[   19017ms] [LOG] [PETSCII] PETSCII content written to terminal @ http://localhost:3001/assets/index-DmX2Ev4k.js:88
[   19018ms] [LOG] [PETSCII] Received petscii-output, length: 1 @ http://localhost:3001/assets/index-DmX2Ev4k.js:88
[   19018ms] [LOG] [PETSCII] Switching font from PetMe64, "Courier New", monospace to PetMe64 @ http://localhost:3001/assets/index-DmX2Ev4k.js:88
[   19018ms] [LOG] [PETSCII] PETSCII content written to terminal @ http://localhost:3001/assets/index-DmX2Ev4k.js:88
[   19019ms] [LOG] [PETSCII] Received petscii-output, length: 5 @ http://localhost:3001/assets/index-DmX2Ev4k.js:88
[   19019ms] [LOG] [PETSCII] Switching font from PetMe64, "Courier New", monospace to PetMe64 @ http://localhost:3001/assets/index-DmX2Ev4k.js:88
[   19019ms] [LOG] [PETSCII] PETSCII content written to terminal @ http://localhost:3001/assets/index-DmX2Ev4k.js:88
[   19019ms] [LOG] [PETSCII] Received petscii-output, length: 1 @ http://localhost:3001/assets/index-DmX2Ev4k.js:88
[   19019ms] [LOG] [PETSCII] Switching font from PetMe64, "Courier New", monospace to PetMe64 @ http://localhost:3001/assets/index-DmX2Ev4k.js:88
[   19019ms] [LOG] [PETSCII] PETSCII content written to terminal @ http://localhost:3001/assets/index-DmX2Ev4k.js:88
[   19019ms] [LOG] [PETSCII] Received petscii-output, length: 5 @ http://localhost:3001/assets/index-DmX2Ev4k.js:88
[   19019ms] [LOG] [PETSCII] Switching font from PetMe64, "Courier New", monospace to PetMe64 @ http://localhost:3001/assets/index-DmX2Ev4k.js:88
[   19019ms] [LOG] [PETSCII] PETSCII content written to terminal @ http://localhost:3001/assets/index-DmX2Ev4k.js:88
[   19019ms] [LOG] [PETSCII] Received petscii-output, length: 1 @ http://localhost:3001/assets/index-DmX2Ev4k.js:88
[   19019ms] [LOG] [PETSCII] Switching font from PetMe64, "Courier New", monospace to PetMe64 @ http://localhost:3001/assets/index-DmX2Ev4k.js:88
[   19019ms] [LOG] [PETSCII] PETSCII content written to terminal @ http://localhost:3001/assets/index-DmX2Ev4k.js:88
[   19019ms] [LOG] [PETSCII] Received petscii-output, length: 5 @ http://localhost:3001/assets/index-DmX2Ev4k.js:88
[   19019ms] [LOG] [PETSCII] Switching font from PetMe64, "Courier New", monospace to PetMe64 @ http://localhost:3001/assets/index-DmX2Ev4k.js:88
[   19019ms] [LOG] [PETSCII] PETSCII content written to terminal @ http://localhost:3001/assets/index-DmX2Ev4k.js:88
[   19019ms] [LOG] [PETSCII] Received petscii-output, length: 3 @ http://localhost:3001/assets/index-DmX2Ev4k.js:88
[   19019ms] [LOG] [PETSCII] Switching font from PetMe64, "Courier New", monospace to PetMe64 @ http://localhost:3001/assets/index-DmX2Ev4k.js:88
[   19019ms] [LOG] [PETSCII] PETSCII content written to terminal @ http://localhost:3001/assets/index-DmX2Ev4k.js:88
[   19021ms] [LOG] [PETSCII] Received petscii-output, length: 7 @ http://localhost:3001/assets/index-DmX2Ev4k.js:88
[   19021ms] [LOG] [PETSCII] Switching font from PetMe64, "Courier New", monospace to PetMe64 @ http://localhost:3001/assets/index-DmX2Ev4k.js:88
[   19021ms] [LOG] [PETSCII] PETSCII content written to terminal @ http://localhost:3001/assets/index-DmX2Ev4k.js:88
[   19021ms] [LOG] [PETSCII] Received petscii-output, length: 1 @ http://localhost:3001/assets/index-DmX2Ev4k.js:88
[   19021ms] [LOG] [PETSCII] Switching font from PetMe64, "Courier New", monospace to PetMe64 @ http://localhost:3001/assets/index-DmX2Ev4k.js:88
[   19021ms] [LOG] [PETSCII] PETSCII content written to terminal @ http://localhost:3001/assets/index-DmX2Ev4k.js:88
[   19025ms] [LOG] [PETSCII] Received petscii-output, length: 1 @ http://localhost:3001/assets/index-DmX2Ev4k.js:88
[   19025ms] [LOG] [PETSCII] Switching font from PetMe64, "Courier New", monospace to PetMe64 @ http://localhost:3001/assets/index-DmX2Ev4k.js:88
[   19025ms] [LOG] [PETSCII] PETSCII content written to terminal @ http://localhost:3001/assets/index-DmX2Ev4k.js:88
[   19025ms] [LOG] [PETSCII] Received petscii-output, length: 5 @ http://localhost:3001/assets/index-DmX2Ev4k.js:88
[   19025ms] [LOG] [PETSCII] Switching font from PetMe64, "Courier New", monospace to PetMe64 @ http://localhost:3001/assets/index-DmX2Ev4k.js:88
[   19025ms] [LOG] [PETSCII] PETSCII content written to terminal @ http://localhost:3001/assets/index-DmX2Ev4k.js:88
[   19025ms] [LOG] [PETSCII] Received petscii-output, length: 1 @ http://localhost:3001/assets/index-DmX2Ev4k.js:88
[   19025ms] [LOG] [PETSCII] Switching font from PetMe64, "Courier New", monospace to PetMe64 @ http://localhost:3001/assets/index-DmX2Ev4k.js:88
[   19025ms] [LOG] [PETSCII] PETSCII content written to terminal @ http://localhost:3001/assets/index-DmX2Ev4k.js:88
[   19025ms] [LOG] [PETSCII] Received petscii-output, length: 4 @ http://localhost:3001/assets/index-DmX2Ev4k.js:88
[   19025ms] [LOG] [PETSCII] Switching font from PetMe64, "Courier New", monospace to PetMe64 @ http://localhost:3001/assets/index-DmX2Ev4k.js:88
[   19025ms] [LOG] [PETSCII] PETSCII content written to terminal @ http://localhost:3001/assets/index-DmX2Ev4k.js:88
[   19025ms] [LOG] [PETSCII] Received petscii-output, length: 1 @ http://localhost:3001/assets/index-DmX2Ev4k.js:88
[   19025ms] [LOG] [PETSCII] Switching font from PetMe64, "Courier New", monospace to PetMe64 @ http://localhost:3001/assets/index-DmX2Ev4k.js:88
[   19025ms] [LOG] [PETSCII] PETSCII content written to terminal @ http://localhost:3001/assets/index-DmX2Ev4k.js:88
[   19026ms] [LOG] [PETSCII] Received petscii-output, length: 5 @ http://localhost:3001/assets/index-DmX2Ev4k.js:88
[   19026ms] [LOG] [PETSCII] Switching font from PetMe64, "Courier New", monospace to PetMe64 @ http://localhost:3001/assets/index-DmX2Ev4k.js:88
[   19026ms] [LOG] [PETSCII] PETSCII content written to terminal @ http://localhost:3001/assets/index-DmX2Ev4k.js:88
[   19026ms] [LOG] [PETSCII] Received petscii-output, length: 1 @ http://localhost:3001/assets/index-DmX2Ev4k.js:88
[   19026ms] [LOG] [PETSCII] Switching font from PetMe64, "Courier New", monospace to PetMe64 @ http://localhost:3001/assets/index-DmX2Ev4k.js:88
[   19026ms] [LOG] [PETSCII] PETSCII content written to terminal @ http://localhost:3001/assets/index-DmX2Ev4k.js:88
[   19026ms] [LOG] [PETSCII] Received petscii-output, length: 5 @ http://localhost:3001/assets/index-DmX2Ev4k.js:88
[   19026ms] [LOG] [PETSCII] Switching font from PetMe64, "Courier New", monospace to PetMe64 @ http://localhost:3001/assets/index-DmX2Ev4k.js:88
[   19026ms] [LOG] [PETSCII] PETSCII content written to terminal @ http://localhost:3001/assets/index-DmX2Ev4k.js:88
[   19026ms] [LOG] [PETSCII] Received petscii-output, length: 1 @ http://localhost:3001/assets/index-DmX2Ev4k.js:88
[   19026ms] [LOG] [PETSCII] Switching font from PetMe64, "Courier New", monospace to PetMe64 @ http://localhost:3001/assets/index-DmX2Ev4k.js:88
[   19026ms] [LOG] [PETSCII] PETSCII content written to terminal @ http://localhost:3001/assets/index-DmX2Ev4k.js:88
[   19026ms] [LOG] [PETSCII] Received petscii-output, length: 5 @ http://localhost:3001/assets/index-DmX2Ev4k.js:88
[   19026ms] [LOG] [PETSCII] Switching font from PetMe64, "Courier New", monospace to PetMe64 @ http://localhost:3001/assets/index-DmX2Ev4k.js:88
[   19026ms] [LOG] [PETSCII] PETSCII content written to terminal @ http://localhost:3001/assets/index-DmX2Ev4k.js:88
[   19026ms] [LOG] [PETSCII] Received petscii-output, length: 1 @ http://localhost:3001/assets/index-DmX2Ev4k.js:88
[   19026ms] [LOG] [PETSCII] Switching font from PetMe64, "Courier New", monospace to PetMe64 @ http://localhost:3001/assets/index-DmX2Ev4k.js:88
[   19026ms] [LOG] [PETSCII] PETSCII content written to terminal @ http://localhost:3001/assets/index-DmX2Ev4k.js:88
[   19026ms] [LOG] [PETSCII] Received petscii-output, length: 5 @ http://localhost:3001/assets/index-DmX2Ev4k.js:88
[   19026ms] [LOG] [PETSCII] Switching font from PetMe64, "Courier New", monospace to PetMe64 @ http://localhost:3001/assets/index-DmX2Ev4k.js:88
[   19026ms] [LOG] [PETSCII] PETSCII content written to terminal @ http://localhost:3001/assets/index-DmX2Ev4k.js:88
[   19026ms] [LOG] [PETSCII] Received petscii-output, length: 5 @ http://localhost:3001/assets/index-DmX2Ev4k.js:88
[   19026ms] [LOG] [PETSCII] Switching font from PetMe64, "Courier New", monospace to PetMe64 @ http://localhost:3001/assets/index-DmX2Ev4k.js:88
[   19026ms] [LOG] [PETSCII] PETSCII content written to terminal @ http://localhost:3001/assets/index-DmX2Ev4k.js:88
[   19026ms] [LOG] [PETSCII] Received petscii-output, length: 1 @ http://localhost:3001/assets/index-DmX2Ev4k.js:88
[   19026ms] [LOG] [PETSCII] Switching font from PetMe64, "Courier New", monospace to PetMe64 @ http://localhost:3001/assets/index-DmX2Ev4k.js:88
[   19026ms] [LOG] [PETSCII] PETSCII content written to terminal @ http://localhost:3001/assets/index-DmX2Ev4k.js:88
[   19026ms] [LOG] [PETSCII] Received petscii-output, length: 4 @ http://localhost:3001/assets/index-DmX2Ev4k.js:88
[   19026ms] [LOG] [PETSCII] Switching font from PetMe64, "Courier New", monospace to PetMe64 @ http://localhost:3001/assets/index-DmX2Ev4k.js:88
[   19027ms] [LOG] [PETSCII] PETSCII content written to terminal @ http://localhost:3001/assets/index-DmX2Ev4k.js:88
[   19027ms] [LOG] [PETSCII] Received petscii-output, length: 5 @ http://localhost:3001/assets/index-DmX2Ev4k.js:88
[   19027ms] [LOG] [PETSCII] Switching font from PetMe64, "Courier New", monospace to PetMe64 @ http://localhost:3001/assets/index-DmX2Ev4k.js:88
[   19027ms] [LOG] [PETSCII] PETSCII content written to terminal @ http://localhost:3001/assets/index-DmX2Ev4k.js:88
[   19027ms] [LOG] [PETSCII] Received petscii-output, length: 1 @ http://localhost:3001/assets/index-DmX2Ev4k.js:88
[   19027ms] [LOG] [PETSCII] Switching font from PetMe64, "Courier New", monospace to PetMe64 @ http://localhost:3001/assets/index-DmX2Ev4k.js:88
[   19027ms] [LOG] [PETSCII] PETSCII content written to terminal @ http://localhost:3001/assets/index-DmX2Ev4k.js:88
[   19027ms] [LOG] [PETSCII] Received petscii-output, length: 2 @ http://localhost:3001/assets/index-DmX2Ev4k.js:88
[   19027ms] [LOG] [PETSCII] Switching font from PetMe64, "Courier New", monospace to PetMe64 @ http://localhost:3001/assets/index-DmX2Ev4k.js:88
[   19027ms] [LOG] [PETSCII] PETSCII content written to terminal @ http://localhost:3001/assets/index-DmX2Ev4k.js:88
[   19028ms] [LOG] [PETSCII] Received petscii-output, length: 5 @ http://localhost:3001/assets/index-DmX2Ev4k.js:88
[   19028ms] [LOG] [PETSCII] Switching font from PetMe64, "Courier New", monospace to PetMe64 @ http://localhost:3001/assets/index-DmX2Ev4k.js:88
[   19028ms] [LOG] [PETSCII] PETSCII content written to terminal @ http://localhost:3001/assets/index-DmX2Ev4k.js:88
[   19028ms] [LOG] [PETSCII] Received petscii-output, length: 5 @ http://localhost:3001/assets/index-DmX2Ev4k.js:88
[   19028ms] [LOG] [PETSCII] Switching font from PetMe64, "Courier New", monospace to PetMe64 @ http://localhost:3001/assets/index-DmX2Ev4k.js:88
[   19028ms] [LOG] [PETSCII] PETSCII content written to terminal @ http://localhost:3001/assets/index-DmX2Ev4k.js:88
[   19028ms] [LOG] [PETSCII] Received petscii-output, length: 1 @ http://localhost:3001/assets/index-DmX2Ev4k.js:88
[   19028ms] [LOG] [PETSCII] Switching font from PetMe64, "Courier New", monospace to PetMe64 @ http://localhost:3001/assets/index-DmX2Ev4k.js:88
[   19028ms] [LOG] [PETSCII] PETSCII content written to terminal @ http://localhost:3001/assets/index-DmX2Ev4k.js:88
[   19028ms] [LOG] [PETSCII] Received petscii-output, length: 4 @ http://localhost:3001/assets/index-DmX2Ev4k.js:88
[   19028ms] [LOG] [PETSCII] Switching font from PetMe64, "Courier New", monospace to PetMe64 @ http://localhost:3001/assets/index-DmX2Ev4k.js:88
[   19028ms] [LOG] [PETSCII] PETSCII content written to terminal @ http://localhost:3001/assets/index-DmX2Ev4k.js:88
[   19028ms] [LOG] [PETSCII] Received petscii-output, length: 5 @ http://localhost:3001/assets/index-DmX2Ev4k.js:88
[   19028ms] [LOG] [PETSCII] Switching font from PetMe64, "Courier New", monospace to PetMe64 @ http://localhost:3001/assets/index-DmX2Ev4k.js:88
[   19028ms] [LOG] [PETSCII] PETSCII content written to terminal @ http://localhost:3001/assets/index-DmX2Ev4k.js:88
[   19028ms] [LOG] [PETSCII] Received petscii-output, length: 1 @ http://localhost:3001/assets/index-DmX2Ev4k.js:88
[   19029ms] [LOG] [PETSCII] Switching font from PetMe64, "Courier New", monospace to PetMe64 @ http://localhost:3001/assets/index-DmX2Ev4k.js:88
[   19029ms] [LOG] [PETSCII] PETSCII content written to terminal @ http://localhost:3001/assets/index-DmX2Ev4k.js:88
[   19029ms] [LOG] [PETSCII] Received petscii-output, length: 5 @ http://localhost:3001/assets/index-DmX2Ev4k.js:88
[   19029ms] [LOG] [PETSCII] Switching font from PetMe64, "Courier New", monospace to PetMe64 @ http://localhost:3001/assets/index-DmX2Ev4k.js:88
[   19029ms] [LOG] [PETSCII] PETSCII content written to terminal @ http://localhost:3001/assets/index-DmX2Ev4k.js:88
[   19029ms] [LOG] [PETSCII] Received petscii-output, length: 1 @ http://localhost:3001/assets/index-DmX2Ev4k.js:88
[   19029ms] [LOG] [PETSCII] Switching font from PetMe64, "Courier New", monospace to PetMe64 @ http://localhost:3001/assets/index-DmX2Ev4k.js:88
[   19029ms] [LOG] [PETSCII] PETSCII content written to terminal @ http://localhost:3001/assets/index-DmX2Ev4k.js:88
[   19029ms] [LOG] [PETSCII] Received petscii-output, length: 5 @ http://localhost:3001/assets/index-DmX2Ev4k.js:88
[   19029ms] [LOG] [PETSCII] Switching font from PetMe64, "Courier New", monospace to PetMe64 @ http://localhost:3001/assets/index-DmX2Ev4k.js:88
[   19029ms] [LOG] [PETSCII] PETSCII content written to terminal @ http://localhost:3001/assets/index-DmX2Ev4k.js:88
[   19029ms] [LOG] [PETSCII] Received petscii-output, length: 1 @ http://localhost:3001/assets/index-DmX2Ev4k.js:88
[   19029ms] [LOG] [PETSCII] Switching font from PetMe64, "Courier New", monospace to PetMe64 @ http://localhost:3001/assets/index-DmX2Ev4k.js:88
[   19029ms] [LOG] [PETSCII] PETSCII content written to terminal @ http://localhost:3001/assets/index-DmX2Ev4k.js:88
[   19029ms] [LOG] [PETSCII] Received petscii-output, length: 1 @ http://localhost:3001/assets/index-DmX2Ev4k.js:88
[   19029ms] [LOG] [PETSCII] Switching font from PetMe64, "Courier New", monospace to PetMe64 @ http://localhost:3001/assets/index-DmX2Ev4k.js:88
[   19029ms] [LOG] [PETSCII] PETSCII content written to terminal @ http://localhost:3001/assets/index-DmX2Ev4k.js:88
[   19029ms] [LOG] [PETSCII] Received petscii-output, length: 5 @ http://localhost:3001/assets/index-DmX2Ev4k.js:88
[   19029ms] [LOG] [PETSCII] Switching font from PetMe64, "Courier New", monospace to PetMe64 @ http://localhost:3001/assets/index-DmX2Ev4k.js:88
[   19029ms] [LOG] [PETSCII] PETSCII content written to terminal @ http://localhost:3001/assets/index-DmX2Ev4k.js:88
[   19029ms] [LOG] [PETSCII] Received petscii-output, length: 1 @ http://localhost:3001/assets/index-DmX2Ev4k.js:88
[   19029ms] [LOG] [PETSCII] Switching font from PetMe64, "Courier New", monospace to PetMe64 @ http://localhost:3001/assets/index-DmX2Ev4k.js:88
[   19029ms] [LOG] [PETSCII] PETSCII content written to terminal @ http://localhost:3001/assets/index-DmX2Ev4k.js:88
[   19029ms] [LOG] [PETSCII] Received petscii-output, length: 2 @ http://localhost:3001/assets/index-DmX2Ev4k.js:88
[   19029ms] [LOG] [PETSCII] Switching font from PetMe64, "Courier New", monospace to PetMe64 @ http://localhost:3001/assets/index-DmX2Ev4k.js:88
[   19029ms] [LOG] [PETSCII] PETSCII content written to terminal @ http://localhost:3001/assets/index-DmX2Ev4k.js:88
[   19030ms] [LOG] [PETSCII] Received petscii-output, length: 5 @ http://localhost:3001/assets/index-DmX2Ev4k.js:88
[   19030ms] [LOG] [PETSCII] Switching font from PetMe64, "Courier New", monospace to PetMe64 @ http://localhost:3001/assets/index-DmX2Ev4k.js:88
[   19030ms] [LOG] [PETSCII] PETSCII content written to terminal @ http://localhost:3001/assets/index-DmX2Ev4k.js:88
[   19030ms] [LOG] [PETSCII] Received petscii-output, length: 5 @ http://localhost:3001/assets/index-DmX2Ev4k.js:88
[   19030ms] [LOG] [PETSCII] Switching font from PetMe64, "Courier New", monospace to PetMe64 @ http://localhost:3001/assets/index-DmX2Ev4k.js:88
[   19030ms] [LOG] [PETSCII] PETSCII content written to terminal @ http://localhost:3001/assets/index-DmX2Ev4k.js:88
[   19030ms] [LOG] [PETSCII] Received petscii-output, length: 1 @ http://localhost:3001/assets/index-DmX2Ev4k.js:88
[   19030ms] [LOG] [PETSCII] Switching font from PetMe64, "Courier New", monospace to PetMe64 @ http://localhost:3001/assets/index-DmX2Ev4k.js:88
[   19030ms] [LOG] [PETSCII] PETSCII content written to terminal @ http://localhost:3001/assets/index-DmX2Ev4k.js:88
[   19030ms] [LOG] [PETSCII] Received petscii-output, length: 4 @ http://localhost:3001/assets/index-DmX2Ev4k.js:88
[   19030ms] [LOG] [PETSCII] Switching font from PetMe64, "Courier New", monospace to PetMe64 @ http://localhost:3001/assets/index-DmX2Ev4k.js:88
[   19030ms] [LOG] [PETSCII] PETSCII content written to terminal @ http://localhost:3001/assets/index-DmX2Ev4k.js:88
[   19030ms] [LOG] [PETSCII] Received petscii-output, length: 5 @ http://localhost:3001/assets/index-DmX2Ev4k.js:88
[   19030ms] [LOG] [PETSCII] Switching font from PetMe64, "Courier New", monospace to PetMe64 @ http://localhost:3001/assets/index-DmX2Ev4k.js:88
[   19030ms] [LOG] [PETSCII] PETSCII content written to terminal @ http://localhost:3001/assets/index-DmX2Ev4k.js:88
[   19030ms] [LOG] [PETSCII] Received petscii-output, length: 1 @ http://localhost:3001/assets/index-DmX2Ev4k.js:88
[   19030ms] [LOG] [PETSCII] Switching font from PetMe64, "Courier New", monospace to PetMe64 @ http://localhost:3001/assets/index-DmX2Ev4k.js:88
[   19030ms] [LOG] [PETSCII] PETSCII content written to terminal @ http://localhost:3001/assets/index-DmX2Ev4k.js:88
[   19030ms] [LOG] [PETSCII] Received petscii-output, length: 5 @ http://localhost:3001/assets/index-DmX2Ev4k.js:88
[   19030ms] [LOG] [PETSCII] Switching font from PetMe64, "Courier New", monospace to PetMe64 @ http://localhost:3001/assets/index-DmX2Ev4k.js:88
[   19030ms] [LOG] [PETSCII] PETSCII content written to terminal @ http://localhost:3001/assets/index-DmX2Ev4k.js:88
[   19036ms] [LOG] [PETSCII] Received petscii-output, length: 1 @ http://localhost:3001/assets/index-DmX2Ev4k.js:88
[   19036ms] [LOG] [PETSCII] Switching font from PetMe64, "Courier New", monospace to PetMe64 @ http://localhost:3001/assets/index-DmX2Ev4k.js:88
[   19036ms] [LOG] [PETSCII] PETSCII content written to terminal @ http://localhost:3001/assets/index-DmX2Ev4k.js:88
[   19036ms] [LOG] [PETSCII] Received petscii-output, length: 4 @ http://localhost:3001/assets/index-DmX2Ev4k.js:88
[   19036ms] [LOG] [PETSCII] Switching font from PetMe64, "Courier New", monospace to PetMe64 @ http://localhost:3001/assets/index-DmX2Ev4k.js:88
[   19036ms] [LOG] [PETSCII] PETSCII content written to terminal @ http://localhost:3001/assets/index-DmX2Ev4k.js:88
[   19037ms] [LOG] [PETSCII] Received petscii-output, length: 4 @ http://localhost:3001/assets/index-DmX2Ev4k.js:88
[   19037ms] [LOG] [PETSCII] Switching font from PetMe64, "Courier New", monospace to PetMe64 @ http://localhost:3001/assets/index-DmX2Ev4k.js:88
[   19037ms] [LOG] [PETSCII] PETSCII content written to terminal @ http://localhost:3001/assets/index-DmX2Ev4k.js:88
[   19037ms] [LOG] [PETSCII] Received petscii-output, length: 2 @ http://localhost:3001/assets/index-DmX2Ev4k.js:88
[   19037ms] [LOG] [PETSCII] Switching font from PetMe64, "Courier New", monospace to PetMe64 @ http://localhost:3001/assets/index-DmX2Ev4k.js:88
[   19037ms] [LOG] [PETSCII] PETSCII content written to terminal @ http://localhost:3001/assets/index-DmX2Ev4k.js:88
[   19037ms] [LOG] [PETSCII] Received petscii-output, length: 4 @ http://localhost:3001/assets/index-DmX2Ev4k.js:88
[   19037ms] [LOG] [PETSCII] Switching font from PetMe64, "Courier New", monospace to PetMe64 @ http://localhost:3001/assets/index-DmX2Ev4k.js:88
[   19037ms] [LOG] [PETSCII] PETSCII content written to terminal @ http://localhost:3001/assets/index-DmX2Ev4k.js:88
[   19037ms] [LOG] [PETSCII] Received petscii-output, length: 6 @ http://localhost:3001/assets/index-DmX2Ev4k.js:88
[   19037ms] [LOG] [PETSCII] Switching font from PetMe64, "Courier New", monospace to PetMe64 @ http://localhost:3001/assets/index-DmX2Ev4k.js:88
[   19037ms] [LOG] [PETSCII] PETSCII content written to terminal @ http://localhost:3001/assets/index-DmX2Ev4k.js:88
[   98907ms] [LOG] [Font Preload] Loading all fonts... @ http://localhost:3001/assets/index-DmX2Ev4k.js:54
[   98914ms] [LOG] [BBSTerminal] Window resize listener attached @ http://localhost:3001/assets/index-DmX2Ev4k.js:73
[   98914ms] [LOG] [BBSTerminal] ResizeObserver attached @ http://localhost:3001/assets/index-DmX2Ev4k.js:73
[   98914ms] [LOG] [Terminal] Connecting to: http://localhost:3001 @ http://localhost:3001/assets/index-DmX2Ev4k.js:73
[   98919ms] [LOG] [BBSTerminal] Fixed mode - ignoring resize, staying at 80x25 @ http://localhost:3001/assets/index-DmX2Ev4k.js:73
[   98929ms] [LOG] [Font Preload] Loaded: TopazPlus_a1200 @ http://localhost:3001/assets/index-DmX2Ev4k.js:54
[   98929ms] [LOG] [Font Preload] Loaded: Topaz_a500 @ http://localhost:3001/assets/index-DmX2Ev4k.js:54
[   98929ms] [LOG] [Font Preload] Loaded: mosoul @ http://localhost:3001/assets/index-DmX2Ev4k.js:54
[   98929ms] [LOG] [Font Preload] Loaded: Topaz_a1200 @ http://localhost:3001/assets/index-DmX2Ev4k.js:54
[   98929ms] [LOG] [Font Preload] Loaded: TopazPlus_a500 @ http://localhost:3001/assets/index-DmX2Ev4k.js:54
[   98929ms] [LOG] [Font Preload] All fonts loaded @ http://localhost:3001/assets/index-DmX2Ev4k.js:54
[   98931ms] [LOG] [Terminal] Connected to BBS backend @ http://localhost:3001/assets/index-DmX2Ev4k.js:82
[   98931ms] [LOG] [Terminal] Sent initial size: 80x25 @ http://localhost:3001/assets/index-DmX2Ev4k.js:82
[   98931ms] [LOG] [GamepadManager] Starting gamepad polling... @ http://localhost:3001/assets/index-DmX2Ev4k.js:54
[   98932ms] [LOG] [Gamepad] Gamepad support initialized @ http://localhost:3001/assets/index-DmX2Ev4k.js:82
[   99020ms] [LOG] [BBSTerminal] Fixed mode - ignoring resize, staying at 80x25 @ http://localhost:3001/assets/index-DmX2Ev4k.js:73
[  102097ms] [LOG] [BBSTerminal] door-active received: true @ http://localhost:3001/assets/index-DmX2Ev4k.js:92
[  102787ms] [LOG] [BBSTerminal] door-active received: false @ http://localhost:3001/assets/index-DmX2Ev4k.js:92
[  106027ms] [LOG] 🔐 Username entered: sysop @ http://localhost:3001/assets/index-DmX2Ev4k.js:100
[  107436ms] [LOG] 🔐 Password entered, sending login @ http://localhost:3001/assets/index-DmX2Ev4k.js:102
[  107689ms] [LOG] Login successful: {user: Object, token: eyJhbGciOiJIUzI1NiIsInR5cCI6IkpXVCJ9.eyJ1c2VySWQiO…yODJ9.hRSs6FQ5s1ZhFqMbzMvu4ZXlwC0xgrWkMekwl67FViw, refreshToken: eyJhbGciOiJIUzI1NiIsInR5cCI6IkpXVCJ9.eyJ1c2VySWQiO…yODJ9.-mrSh6KHnn6LLjGcyKi9IVsSVWlNwxK6CmRPT0Fzl8w} @ http://localhost:3001/assets/index-DmX2Ev4k.js:88
[  107690ms] [LOG] [Session Persistence] Session state saved: {userId: 7ddd39a4-9a2b-485e-ba5a-8cfec20813dd, username: sysop, nodeId: undefined, socketId: Izkn3Z5wAuX0tphwAAAN, currentConf: undefined} @ http://localhost:3001/assets/index-DmX2Ev4k.js:54
[  107691ms] [LOG] [Font Preference] Received saved preference: TopazPlus_a1200 @ http://localhost:3001/assets/index-DmX2Ev4k.js:99
[  107692ms] [LOG] [Font Preference] Applied saved font: TopazPlus_a1200 size: 16 lineHeight: 1 @ http://localhost:3001/assets/index-DmX2Ev4k.js:99
[  107876ms] [LOG] [ModemEmulator] Speed changed to 56000 bps @ http://localhost:3001/assets/index-DmX2Ev4k.js:88
[  107876ms] [LOG] [ModemEmulator] Enabled at 56000 bps (5600 bytes/sec) @ http://localhost:3001/assets/index-DmX2Ev4k.js:54
[  112057ms] [LOG] [BBSTerminal] door-active received: true @ http://localhost:3001/assets/index-DmX2Ev4k.js:92
[  126531ms] [LOG] [BBSTerminal] door-active received: false @ http://localhost:3001/assets/index-DmX2Ev4k.js:92
[  236593ms] [LOG] [DISCONNECT] Client disconnected, reason: transport close @ http://localhost:3001/assets/index-DmX2Ev4k.js:88
[  236594ms] [LOG] [DISCONNECT] Disconnect details: {reason: transport close, socketId: undefined, loginState: loggedin, forcedDisconnect: false, timestamp: 2026-08-16T15:03:31.379Z} @ http://localhost:3001/assets/index-DmX2Ev4k.js:88
[  236594ms] [LOG] [DISCONNECT] Network disconnect - preserving session state for reconnection @ http://localhost:3001/assets/index-DmX2Ev4k.js:88
[  237164ms] [ERROR] WebSocket connection to 'ws://localhost:3001/socket.io/?EIO=4&transport=websocket' failed: Error in connection establishment: net::ERR_CONNECTION_REFUSED @ http://localhost:3001/assets/index-DmX2Ev4k.js:54
[  237165ms] [ERROR] [Terminal] Connection error: websocket error @ http://localhost:3001/assets/index-DmX2Ev4k.js:82
[  239493ms] [ERROR] WebSocket connection to 'ws://localhost:3001/socket.io/?EIO=4&transport=websocket' failed: Error in connection establishment: net::ERR_CONNECTION_REFUSED @ http://localhost:3001/assets/index-DmX2Ev4k.js:54
[  239493ms] [ERROR] [Terminal] Connection error: websocket error @ http://localhost:3001/assets/index-DmX2Ev4k.js:82
[  242502ms] [ERROR] WebSocket connection to 'ws://localhost:3001/socket.io/?EIO=4&transport=websocket' failed: Error in connection establishment: net::ERR_CONNECTION_REFUSED @ http://localhost:3001/assets/index-DmX2Ev4k.js:54
[  242502ms] [ERROR] [Terminal] Connection error: websocket error @ http://localhost:3001/assets/index-DmX2Ev4k.js:82
[  245511ms] [ERROR] WebSocket connection to 'ws://localhost:3001/socket.io/?EIO=4&transport=websocket' failed: Error in connection establishment: net::ERR_CONNECTION_REFUSED @ http://localhost:3001/assets/index-DmX2Ev4k.js:54
[  245511ms] [ERROR] [Terminal] Connection error: websocket error @ http://localhost:3001/assets/index-DmX2Ev4k.js:82
[  248518ms] [ERROR] WebSocket connection to 'ws://localhost:3001/socket.io/?EIO=4&transport=websocket' failed: Error in connection establishment: net::ERR_CONNECTION_REFUSED @ http://localhost:3001/assets/index-DmX2Ev4k.js:54
[  248518ms] [ERROR] [Terminal] Connection error: websocket error @ http://localhost:3001/assets/index-DmX2Ev4k.js:82
