
> backend@1.0.0 dev
> npx tsx src/index.ts

[BBSConfig] Loaded configuration from bbsConfig.info
[BBSConfig] Loaded configuration from bbsConfig.info.txt (newer than the icon)
[NodeManager] Initializing 255 nodes
[BBSConfig] Loaded configuration from bbsConfig.info
[BBSConfig] Loaded configuration from bbsConfig.info.txt (newer than the icon)
[DoorDropFile] Initialized
  BBS root: /Users/spot/Code/amiexpress-web
  BBS name: Uptown (from bbsConfig.info)
  Sysop: Spot (from bbsConfig.info)
Initializing SQLite database connection...
Database directory: ./data
Database file: amiexpress.db
Full path: data/amiexpress.db
✓ Directory exists: ./data
Opening SQLite database...
✓ Database opened
Setting WAL mode...
✓ WAL mode set
Enabling foreign keys...
✓ Foreign keys enabled
✅ Connected to SQLite database
[command.handler] displayFlowStates: [
  'display_bull',
  'display_node_bull',
  'exec_quicknew',
  'conf_scan',
  'display_conf_bull',
  'auto_rejoin',
  'display_menu'
]
[CORS] NODE_ENV: development
[CORS] Configured origins: [
  'http://localhost:5173',
  'http://localhost:5174',
  'http://localhost:5175',
  'http://localhost:5176',
  'http://localhost:5177',
  'http://localhost:5178',
  'http://localhost:5179',
  'http://localhost:5180',
  'http://localhost:5181',
  'http://localhost:5182',
  'http://localhost:5183',
  'http://localhost:5184',
  'http://localhost:3000',
  'http://localhost:8080',
  'https://bbs.uprough.net',
  'https://uptown.uprough.net',
  'https://hippoplayer.se',
  'https://www.hippoplayer.se'
]
[PathManager] Initialized assigns:
  doors: => /Users/spot/Code/amiexpress-web/Doors/
  bbs: => /Users/spot/Code/amiexpress-web/
  data: => /Users/spot/Code/amiexpress-web/data/
  screens: => /Users/spot/Code/amiexpress-web/Screens/
  bulletins: => /Users/spot/Code/amiexpress-web/Bulletins/
  s: => /Users/spot/Code/amiexpress-web/S/
  work: => /Users/spot/Code/amiexpress-web/
  sami: => /Users/spot/Code/amiexpress-web/S/
  env: => /tmp/ram/ENV/
  progdir: => /Users/spot/Code/amiexpress-web/
  sys: => /Users/spot/Code/amiexpress-web/System/
  c: => /Users/spot/Code/amiexpress-web/System/C/
  l: => /Users/spot/Code/amiexpress-web/System/L/
  libs: => /Users/spot/Code/amiexpress-web/System/Libs/
  devs: => /Users/spot/Code/amiexpress-web/System/Devs/
  fonts: => /Users/spot/Code/amiexpress-web/System/Fonts/
  locale: => /Users/spot/Code/amiexpress-web/System/Locale/
  prefs: => /Users/spot/Code/amiexpress-web/System/Prefs/
  classes: => /Users/spot/Code/amiexpress-web/System/Classes/
  ram: => /tmp/ram/
  t: => /tmp/
[debug-mcp] endpoints mounted at /debug/api (NODE_ENV=development)
[BBSEventEmitter] Initialized with Socket.IO server
Initializing database and loading data...
Creating database tables...
Loaded 0 AREXX scripts
Database tables created successfully
Running database migrations...
Checking for missing columns in users table...
Checking for missing columns in system_config table...
Checking for missing columns in conferences table...
Checking for missing columns in messages table...
Checking for missing columns in door_catalog table...
[+] door_installs table ensured
All migrations completed successfully
Database migrations completed
[DB Init] Creating default data...
[DB Init] Default data already exists, skipping initialization
Default data initialized
Initializing user disk files...
User disk files initialized
Initializing message directories...
[MessageFileManager] Initializing MsgBase directories...
[MessageFileManager] MsgBase directories initialized
Message directories initialized
Initializing conference database...
Conference database initialized
Initializing file area directories...
[FileAreaManager] Initializing file area directories...
[FileAreaManager] File area directories initialized
File area directories initialized
Initializing message index files (HeaderFile, MailStats, MailLock)...
Message index files initialized
Initializing user database files (user.data, user.keys, user.misc)...
User database files initialized
[ClientDoorBundler] Cache cleared
[Server] Cleared door bundle cache (development mode)
[INIT] bbsRoot=/Users/spot/Code/amiexpress-web
[BBSConfig] Loaded configuration from bbsConfig.info
[BBSConfig] Loaded configuration from bbsConfig.info.txt (newer than the icon)
[INIT] ACS toggles loaded — CREDITBYKB=false
[INIT] Found 14 conferences in ConfConfig.info
[MessageBaseLoader] Loaded 14 message bases from disk
[FileAreas] Loaded 16 file areas from 14 conferences
[BBSConfig] Loaded configuration from bbsConfig.info
[BBSConfig] Loaded configuration from bbsConfig.info.txt (newer than the icon)
[AREXX] engine=native (auto: native available)
[setMessagingDependencies] call #1 hasDb=true hasCallersLog=true hasSetEnvStat=false _dbTypeAfter=object from at initializeData (/Users/spot/Code/amiexpress-web/web/backend/src/server/initialization.ts:552:5)
  Scanning BBSCMD directory: /Users/spot/Code/amiexpress-web/Conf1/Commands/BBSCmd
    Directory does not exist, skipping
  Scanning BBSCMD directory: /Users/spot/Code/amiexpress-web/Commands/BBSCmd
  [BBSCMD] 1 registration(s) skipped - LOCATION missing: BESTCONF -> Doors/BestConf/BestConf.XIM
  Scanning SYSCMD directory: /Users/spot/Code/amiexpress-web/Conf1/Commands/SysCmd
    Directory does not exist, skipping
  Scanning SYSCMD directory: /Users/spot/Code/amiexpress-web/Commands/SysCmd
  [SYSCMD] 5 registration(s) skipped - LOCATION missing: ANSI -> Doors/AnsiSkip/AnsiSKIP.rexx, PWFAIL -> Doors/AquaPWFail/AquaPWFail, XPR -> Doors/XPR/XPR, ANNLOGON -> Doors/Announce/AnnLogon.32, QUICK -> Doors/intellect/quick/quicklogon
[loadCommands] 136 commands loaded
[initializeDoors] commandCache.bbscmd.size=119, syscmd.size=17
[AmigaDoorManager] Scanned 121 door definitions, 120 active
[initializeDoors] Registered door: 5DPAGER  Doors/5DPAGER/Doors/5D/5D_Page/5D_Page (type: FIM)
[initializeDoors] Registered door: ADDBBS  Doors/AddBBS/AddBBS (type: DD)
[initializeDoors] Registered door: ANSI-EDIT  Doors/ansi-editor (type: typescript)
[initializeDoors] Registered door: ARKANOID  Doors/arkanoid (type: typescript)
[initializeDoors] Registered door: AVAIL  Doors/AVAIL/AVAIL.rexx (type: AIM)
[initializeDoors] Registered door: AVHBC  Doors/AVHBaudCheck/AVH-BaudCheck (type: DD)
[initializeDoors] Registered door: B  Doors/EmP_Tools/Bulls (type: XIM)
[initializeDoors] Registered door: BUGS  Doors/bug-tracker (type: typescript)
[initializeDoors] Registered door: CARDLOBBY  Doors/card-lobby (type: typescript)
[initializeDoors] Registered door: DASHBOARD  Doors/bbs-dashboard (type: typescript)
[initializeDoors] Registered door: DD  doors/TurboLister/TurboLister.XiM (type: XIM)
[initializeDoors] Registered door: DEL  Doors/-mgs!-MgzListMan/MGZLISTMAN (type: XIM)
[initializeDoors] Registered door: DONKEYKONG  Doors/donkey-kong (type: typescript)
[initializeDoors] Registered door: DOORMAN  Doors/door-manager (type: typescript)
[initializeDoors] Registered door: DOORREPO  Doors/DoorRepo/doorrepo.amiga (type: XIM)
[initializeDoors] Registered door: DOORS  Doors/doors-menu (type: typescript)
[initializeDoors] Registered door: DREAMINDEX  Doors/DreamIndex/DreamIndex (type: DD)
[initializeDoors] Registered door: DREAMSCAN  Doors/DreamScan/DreamScan (type: DD)
[initializeDoors] Registered door: DREAMSTATS  Doors/DreamStats/DreamStats (type: DD)
[initializeDoors] Registered door: DTAGWALL  Doors/DreamTagWall/DreamTagWall (type: DD)
[initializeDoors] Registered door: DUPESTART1  Doors/CONFTOP/CONFTOP020.X (type: XIM)
[initializeDoors] Registered door: E  Doors/5D-EnterMsg/5D-EnterMsg (type: XIM)
[initializeDoors] Registered door: ED  Doors/5D-Edit/5D-Edit (type: XIM)
[initializeDoors] Registered door: FILETEST  Doors/FILE-OPS-TEST (type: SIM)
[initializeDoors] Registered door: FRIENDSONLY  Doors/FriendsOnly/FriendsOnly (type: DD)
[initializeDoors] Registered door: FROGGER  Doors/frogger (type: typescript)
[initializeDoors] Registered door: GALAGA  Doors/galaga (type: typescript)
[initializeDoors] Registered door: GANJA  Doors/dopewars (type: typescript)
[initializeDoors] Registered door: GLC  Doors/glc/glcviewer (type: XIM)
[initializeDoors] Registered door: GMASTER  Doors/grandmaster (type: typescript)
[initializeDoors] Registered door: GWALL  Doors/GWall/GWall (type: XIM)
[initializeDoors] Registered door: HACKCHECK  Doors/HackCheck/HackCheck (type: DD)
[initializeDoors] Registered door: HDRDROP  Doors/header-dropdown-demo (type: typescript)
[initializeDoors] Registered door: HELLPAGER  Doors/HellPager/HellPager (type: DD)
[initializeDoors] Registered door: I  Doors/EPUtils/SysInfo/SysInfo (type: XIM)
[initializeDoors] Registered door: INTDEMO  Doors/INTERACTIVE-DEMO (type: SIM)
[initializeDoors] Registered door: IRC  Doors/livechat (type: typescript)
[initializeDoors] Registered door: J  Doors/emp_tools/Joincnf (type: XIM)
[initializeDoors] Registered door: JOUST  Doors/joust (type: typescript)
[initializeDoors] Registered door: KICKBOX  Doors/KickBox/KickBox.Rexx (type: AIM)
[initializeDoors] Registered door: KICK  Doors/!!!War!!!/WarKick'Em/WarKick'Em (type: XIM)
[initializeDoors] Registered door: L  Doors/scan.x (type: XIM)
[initializeDoors] Registered door: LIVECHAT  Doors/livechat (type: typescript)
[initializeDoors] Registered door: MEGATOP  Doors/MegaTop/MegaTop (type: DD)
[initializeDoors] Registered door: MRC  Doors/mrc/mrc_door (type: XIM)
[initializeDoors] Registered door: MRCSTAT1  Doors/mrc/mrcstat1 (type: XIM)
[initializeDoors] Registered door: MSTAC  Doors/MST-AC/MST-AC (type: DD)
[initializeDoors] Registered door: MSTCO  Doors/MST-CO/MST-CO (type: DD)
[initializeDoors] Registered door: MSTPL  Doors/MST-PL/MST-PL (type: DD)
[initializeDoors] Registered door: MSTRE  Doors/MST-RE/MST-RE (type: DD)
[initializeDoors] Registered door: MSTSE  Doors/MST-SE/MST-SE (type: DD)
[initializeDoors] Registered door: MSTUM  Doors/MST-UM/MST-UM (type: DD)
[initializeDoors] Registered door: MTOP  Doors/multitop/mtop (type: SIM)
[initializeDoors] Registered door: NEOBLESSEDSHOWCASE  Doors/neo-blessed-showcase (type: typescript)
[initializeDoors] Registered door: NEOSHOWCASE  Doors/neo-blessed-showcase (type: typescript)
[initializeDoors] Registered door: NEWUSERCHECK  Doors/Mael-NewUserCheck/Mael-NewUserCheck (type: DD)
[initializeDoors] Registered door: OLM  Doors/!!!WAR!!!/WAROLM/WAROLM (type: XIM)
[initializeDoors] Registered door: PENGO  Doors/pengo (type: typescript)
[initializeDoors] Registered door: PHREAKWARS  Doors/phreakwars (type: typescript)
[initializeDoors] Registered door: PIPEDREAM  Doors/pipe-dream (type: typescript)
[initializeDoors] Registered door: PONG  Doors/ncurses-pong (type: typescript)
[initializeDoors] Registered door: POOLCOMMENT  Doors/PoolComment/PoolComment (type: DD)
[initializeDoors] Registered door: POOLDIR  Doors/PoolDir/PoolDir (type: DD)
[initializeDoors] Registered door: PROMPTCOMPLETE  Doors/prompt-complete (type: typescript)
[initializeDoors] Registered door: PUZZLEBOBBLE  Doors/puzzle-bobble (type: typescript)
[initializeDoors] Registered door: REALNAME  amixnet/doors/REALNAMES (type: XIM)
[initializeDoors] Registered door: RIP  Doors/rip-browser (type: typescript)
[initializeDoors] Registered door: RQ  Doors/Sceptic/F!-Request/Request.rexx (type: AIM)
[initializeDoors] Registered door: RTW  Doors/RTW/RTW (type: XIM)
[initializeDoors] Registered door: S  Doors/ustats/stats (type: XIM)
[initializeDoors] Registered door: SCROLLWARS  Doors/scrollwars (type: typescript)
[initializeDoors] Registered door: SENT  Doors/FILEID/FILEID (type: XIM)
[initializeDoors] Registered door: SHADOWDEMO  Doors/widget-shadow-demo (type: typescript)
[initializeDoors] Registered door: SIDBEE  Doors/SidBee/SidBee (type: DD)
[initializeDoors] Registered door: SIZE  Doors/SizeCheck/SizeCheck (type: XIM)
[initializeDoors] Registered door: SOMEINFO  Doors/SOMEINFO/someinfo.rexx (type: AIM)
[initializeDoors] Registered door: SPEEDCHK  Doors/SPEEDCHK/SPEEDCHK.rexx (type: AIM)
[initializeDoors] Registered door: SPRITED  Doors/sprite-editor (type: typescript)
[initializeDoors] Registered door: STNG  Doors/STNG/STNG.Rexx (type: AIM)
[initializeDoors] Registered door: STRIP  Doors/ami-stripper (type: typescript)
[initializeDoors] Registered door: STUPID  Doors/FILEID/FILEID (type: XIM)
[initializeDoors] Registered door: SUPERQIX  Doors/super-qix (type: typescript)
[initializeDoors] Registered door: SENT_FE  Doors/Sent_FE/Sent_FE (type: XIM)
[initializeDoors] Registered door: TC  Doors/telnet (type: typescript)
[initializeDoors] Registered door: TCONNECT  Doors/telnet (type: typescript)
[initializeDoors] Registered door: THEME  Doors/theme-picker (type: typescript)
[initializeDoors] Registered door: TLIST  Doors/SRH/TList/TLP2 (type: XIM)
[initializeDoors] Registered door: TTT  Doors/tic-tac-toe (type: typescript)
[initializeDoors] Registered door: TELNET-FRONT  Doors/telnet-front (type: typescript)
[initializeDoors] Registered door: USERLIST  Doors/Mael-Userlist/Mael-Userlist (type: DD)
[initializeDoors] Registered door: VOICECHAT  Doors/voice-chat (type: typescript)
[initializeDoors] Registered door: WHAT  Doors/What/What (type: XIM)
[initializeDoors] Registered door: WHIP  Doors/whip (type: typescript)
[initializeDoors] Registered door: WHO  Doors/RTW/RTW (type: XIM)
[initializeDoors] Registered door: Z  Doors/5D-ZippySearch/5D-ZippySearch (type: XIM)
[initializeDoors] Registered door: ZOOKEEPER  Doors/zoo-keeper (type: typescript)
[initializeDoors] Registered door: _S  Doors/zOOTILITY/zOOsTAT (type: XIM)
[initializeDoors] Registered door: AE  Doors/mail-composer (type: typescript)
[initializeDoors] Registered door: BBSLINK  Doors/bbslink (type: typescript)
[initializeDoors] Registered door: BK  doors/bytekiller/bytekiller (type: XIM)
[initializeDoors] Registered door: CHAT  doors/Nodechat/newchat (type: XIM)
[initializeDoors] Registered door: CONFTOP  Doors/CONFTOP/CONFTOP020.X (type: XIM)
[initializeDoors] Registered door: CS  Doors/AquaScan/AquaScan.000 (type: XIM)
[initializeDoors] Registered door: CTOP  Doors/CONFTOP/ctop (type: XIM)
[initializeDoors] Registered door: F  Doors/AquaScan/AquaScan.020 (type: XIM)
[initializeDoors] Registered door: FAKE  Doors/bytekiller/byteComment (type: XIM)
[initializeDoors] Registered door: FR  Doors/AquaScan/AquaScan.000 (type: XIM)
[initializeDoors] Registered door: GA  Doors/GetAnswer/GetAnswer.030 (type: XIM)
[initializeDoors] Registered door: GAMES  Doors/5D-AdiMenu/5D-AdiMenu (type: XIM)
[initializeDoors] Registered door: GL  Doors/glc/glcviewer (type: XIM)
[initializeDoors] Registered door: LINKWALL  Doors/bbslinkwall (type: typescript)
[initializeDoors] Registered door: MRCSTAT2  Doors/mrc/mrcstat2 (type: XIM)
[initializeDoors] Registered door: N  Doors/AquaScan/AquaScan.000 (type: XIM)
[initializeDoors] Registered door: NSU  Doors/AquaScan/AquaScan.000 (type: XIM)
[initializeDoors] Registered door: NUKE  Doors/Bossnuke/Bossnuke (type: XIM)
[initializeDoors] Registered door: REQ  Doors/Request/Request (type: XIM)
[initializeDoors] Registered door: SCAN  Doors/AquaScan/AquaScan.000 (type: XIM)
[initializeDoors] Registered door: ULIST  Doors/5D-User/5D-User (type: XIM)
[initializeDoors] Registered door: WALL  Doors/dRE/dRE!WAll/dRE!WAll (type: XIM)
[initializeDoors] WARN: door DD LOCATION="doors/TurboLister/TurboLister.XiM" resolves outside Doors/ (/Users/spot/Code/amiexpress-web/doors/TurboLister/TurboLister.XiM) — move to Doors/ and update .info
[initializeDoors] WARN: door REALNAME LOCATION="amixnet/doors/REALNAMES" resolves outside Doors/ (/Users/spot/Code/amiexpress-web/amixnet/doors/REALNAMES) — move to Doors/ and update .info
[initializeDoors] WARN: door BK LOCATION="doors/bytekiller/bytekiller" resolves outside Doors/ (/Users/spot/Code/amiexpress-web/doors/bytekiller/bytekiller) — move to Doors/ and update .info
[initializeDoors] WARN: door CHAT LOCATION="doors/Nodechat/newchat" resolves outside Doors/ (/Users/spot/Code/amiexpress-web/doors/Nodechat/newchat) — move to Doors/ and update .info
[initializeDoors] Total doors registered: 119
[AmigaDoorManager] Scanned 121 door definitions, 120 active
[BBSCmd watcher] watching 1 command directory
[DEPRECATED] setChatState called - state now managed by ChatSessionUseCase
[DEPRECATED] setConstants called - constants now imported directly
[setMessagingDependencies] call #2 hasDb=false hasCallersLog=false hasSetEnvStat=true _dbTypeAfter=object from at initializeData (/Users/spot/Code/amiexpress-web/web/backend/src/server/initialization.ts:712:5)
[DI Container] Initialized with all dependencies
[DI] setProcessOlmMessageQueue called, fn type: function
[DI] processOlmMessageQueue registered in container
[LogRetention] started — 10 MB cap per log file, retention target ~90d
[initializeData] Loaded 14 conferences, 14 bases, 16 areas, 119 doors
[MOIRA WASM] Memory page table updated
[MOIRA WASM]   Chip RAM pages: 0x00-0x1f
[MOIRA WASM]   Fast RAM pages: 0x20-0x3f
[MOIRA WASM]   ROM pages: 0xF8-0xFF
[MOIRA WASM] MoiraCPU initialized with vAmiga-style memory architecture!
[MOIRA WASM]   Chip RAM: 2048 KB (mask: 0x1fffff)
[MOIRA WASM]   ROM: 512 KB (mask: 0x7ffff)
[MoiraEmulator] moira.js loaded from /Users/spot/Code/amiexpress-web/web/backend/src/amiga-emulation/cpu/build/moira.js
[ROM] Loading Kickstart ROM from: /Users/spot/Code/amiexpress-web/web/backend/data/amiga-roms/Kickstart v3.1 rev 40.63 (1993)(Commodore)(A500-A600-A2000).rom
[ROM] Kickstart 3.1 loaded successfully
[ROM] Mapped to memory range: 0xF80000 - 0xFFFFFF
[MOIRA WASM] Memory page table updated
[MOIRA WASM]   Chip RAM pages: 0x00-0x1f
[MOIRA WASM]   Fast RAM pages: 0x20-0x3f
[MOIRA WASM]   ROM pages: 0xF8-0xFF
[MOIRA WASM] ROM loaded: 524288 bytes
[MOIRA WASM]   ROM buffer size: 524288 bytes
[MOIRA WASM]   ROM mask: 0x7ffff
[MOIRA WASM]   Exception vectors copied to chip RAM: 1024 bytes
[MoiraEmulator] ROM loaded (524288 bytes)
[MoiraEmulator] ROM mapped to 0xF80000-0xFFFFFF
[MoiraEmulator] Exception vectors copied to 0x000000
[LibraryTraps] LVOs.i not found; stub vectors disabled
[MoiraEmulator] Library trap handler registered
[LibraryTraps] Installing Exec.library vectors at base 0x80000
  [FreeSignal] Vector at 0x7feb0 (offset -336)
  [RemPort] Vector at 0x7fe98 (offset -360)
  [OpenDevice] Vector at 0x7fe44 (offset -444)
  [CloseDevice] Vector at 0x7fe3e (offset -450)
  [DoIO] Vector at 0x7fe38 (offset -456)
  [CheckIO] Vector at 0x7fe2c (offset -468)
  [WaitIO] Vector at 0x7fe26 (offset -474)
  [AbortIO] Vector at 0x7fe20 (offset -480)
  [CreateIORequest] Vector at 0x7fd72 (offset -654)
  [DeleteIORequest] Vector at 0x7fd6c (offset -660)
  [AllocEntry] Vector at 0x7ff22 (offset -222)
  [FreeEntry] Vector at 0x7ff1c (offset -228)
  [OpenResource] Vector at 0x7fe0e (offset -498)
  [SetFunction] Vector at 0x7fe5c (offset -420)
  [AddTask] Vector at 0x7fee6 (offset -282)
  [AddSemaphore] Vector at 0x7fda8 (offset -600)
  [AddIntServer] Vector at 0x7ff58 (offset -168)
  [CacheControl] Vector at 0x7fd78 (offset -648)
  [RemMemHandler] Vector at 0x7ff7c (offset -132)
  [SetIntVector] Vector at 0x7ff5e (offset -162)
  [AllocTrap] Vector at 0x7feaa (offset -342)
  [FreeTrap] Vector at 0x7fea4 (offset -348)
  [SendIO] Vector at 0x7fe32 (offset -462)
  [SumLibrary] Vector at 0x7fe56 (offset -426)
  [OpenLibrary] Vector at 0x7fdd8 (offset -552)
  [CloseLibrary] Vector at 0x7fe62 (offset -414)
  [RawDoFmt] Vector at 0x7fdf6 (offset -522)
  [InitStruct] Vector at 0x7ffb2 (offset -78)
  [MakeLibrary] Vector at 0x7ffac (offset -84)
  [MakeFunctions] Vector at 0x7ffa6 (offset -90)
  [FindResident] Vector at 0x7ffa0 (offset -96)
  [InitResident] Vector at 0x7ff9a (offset -102)
  [Alert] Vector at 0x7ff94 (offset -108)
  [Forbid] Vector at 0x7ff7c (offset -132)
  [Permit] Vector at 0x7ff76 (offset -138)
  [SuperState] Vector at 0x7ff6a (offset -150)
  [UserState] Vector at 0x7ff64 (offset -156)
  [Allocate] Vector at 0x7ff46 (offset -186)
  [Insert] Vector at 0x7ff16 (offset -234)
  [AddHead] Vector at 0x7ff10 (offset -240)
  [AddTail] Vector at 0x7ff0a (offset -246)
  [Remove] Vector at 0x7ff04 (offset -252)
  [RemHead] Vector at 0x7fefe (offset -258)
  [RemTail] Vector at 0x7fef8 (offset -264)
  [Enqueue] Vector at 0x7fef2 (offset -270)
  [InitSemaphore] Vector at 0x7fdd2 (offset -558)
  [ObtainSemaphore] Vector at 0x7fdcc (offset -564)
  [ReleaseSemaphore] Vector at 0x7fdc6 (offset -570)
  [AttemptSemaphore] Vector at 0x7fdc0 (offset -576)
  [FindSemaphore] Vector at 0x7fdae (offset -594)
  [OldOpenLibrary] Vector at 0x7fe68 (offset -408)
  [Disable] Vector at 0x7ff88 (offset -120)
  [Enable] Vector at 0x7ff82 (offset -126)
  [Deallocate] Vector at 0x7ff40 (offset -192)
  [AvailMem] Vector at 0x7ff28 (offset -216)
  [FindName] Vector at 0x7feec (offset -276)
  [TypeOfMem] Vector at 0x7fdea (offset -534)
  [CacheClearU] Vector at 0x7fd84 (offset -636)
  [CacheClearE] Vector at 0x7fd7e (offset -642)
  [ObtainSemaphoreShared] Vector at 0x7fd5a (offset -678)
  [AllocMem] Vector at 0x7ff3a (offset -198)
  [FreeMem] Vector at 0x7ff2e (offset -210)
  [FindTask] Vector at 0x7feda (offset -294)
  [SetTaskPri] Vector at 0x7fed4 (offset -300)
  [SetSignal] Vector at 0x7fece (offset -306)
  [FindPort] Vector at 0x7fe7a (offset -390)
  [PutMsg] Vector at 0x7fe92 (offset -366)
  [GetMsg] Vector at 0x7fe8c (offset -372)
  [Wait] Vector at 0x7fec2 (offset -318)
  [Signal] Vector at 0x7febc (offset -324)
  [Supervisor] Vector at 0x7ffe2 (offset -30)
  [AllocSignal] Vector at 0x7feb6 (offset -330)
  [AddPort] Vector at 0x7fe9e (offset -354)
  [ReplyMsg] Vector at 0x7fe86 (offset -378)
  [WaitPort] Vector at 0x7fe80 (offset -384)
  [CreatePort] Vector at 0x7ff8e (offset -114)
  [CreateMsgPort] Vector at 0x7fd66 (offset -666)
  [DeleteMsgPort] Vector at 0x7fd60 (offset -672)
  [AllocVec] Vector at 0x7fd54 (offset -684)
  [FreeVec] Vector at 0x7fd4e (offset -690)
  [CreatePool] Vector at 0x7fd48 (offset -696)
  [DeletePool] Vector at 0x7fd42 (offset -702)
  [AllocPooled] Vector at 0x7fd3c (offset -708)
  [FreePooled] Vector at 0x7fd36 (offset -714)
  [CopyMem] Vector at 0x7fd90 (offset -624)
  [CopyMemQuick] Vector at 0x7fd8a (offset -630)
  [StackSwap] Vector at 0x7fd24 (offset -732)
[LibraryTraps] Installed 87 Exec.library vectors
[LibraryLoader] Loading dos.library (version >= 37)
[LibraryLoader] ✅ dos.library is ROM-resident (using Kickstart ROM)
[LibraryLoader]   ROM libraries are native code in ROM, not loaded from disk
[LibraryTraps] Installing dos.library vectors at base 0xb0000
  [Open] Vector at 0xaffe2 (offset -30)
  [Close] Vector at 0xaffdc (offset -36)
  [Read] Vector at 0xaffd6 (offset -42)
  [Write] Vector at 0xaffd0 (offset -48)
  [Input] Vector at 0xaffca (offset -54)
  [Output] Vector at 0xaffc4 (offset -60)
  [Seek] Vector at 0xaffbe (offset -66)
  [DeleteFile] Vector at 0xaffb8 (offset -72)
  [Rename] Vector at 0xaffb2 (offset -78)
  [Lock] Vector at 0xaffac (offset -84)
  [UnLock] Vector at 0xaffa6 (offset -90)
  [DupLock] Vector at 0xaffa0 (offset -96)
  [Examine] Vector at 0xaff9a (offset -102)
  [ExNext] Vector at 0xaff94 (offset -108)
  [Info] Vector at 0xaff8e (offset -114)
  [CreateDir] Vector at 0xaff88 (offset -120)
  [CurrentDir] Vector at 0xaff82 (offset -126)
  [IoErr] Vector at 0xaff7c (offset -132)
  [CreateProc] Vector at 0xaff76 (offset -138)
  [Exit] Vector at 0xaff70 (offset -144)
  [LoadSeg] Vector at 0xaff6a (offset -150)
  [UnLoadSeg] Vector at 0xaff64 (offset -156)
  [DeviceProc] Vector at 0xaff52 (offset -174)
  [SetComment] Vector at 0xaff4c (offset -180)
  [SetProtection] Vector at 0xaff46 (offset -186)
  [DateStamp] Vector at 0xaff40 (offset -192)
  [Delay] Vector at 0xaff3a (offset -198)
  [WaitForChar] Vector at 0xaff34 (offset -204)
  [ParentDir] Vector at 0xaff2e (offset -210)
  [IsInteractive] Vector at 0xaff28 (offset -216)
  [Execute] Vector at 0xaff22 (offset -222)
  [AllocDosObject] Vector at 0xaff1c (offset -228)
  [FreeDosObject] Vector at 0xaff16 (offset -234)
  [SelectInput] Vector at 0xafeda (offset -294)
  [SelectOutput] Vector at 0xafed4 (offset -300)
  [FGetC] Vector at 0xafece (offset -306)
  [FPutC] Vector at 0xafec8 (offset -312)
  [UnGetC] Vector at 0xafec2 (offset -318)
  [FRead] Vector at 0xafebc (offset -324)
  [FWrite] Vector at 0xafeb6 (offset -330)
  [FGets] Vector at 0xafeb0 (offset -336)
  [FPuts] Vector at 0xafeaa (offset -342)
  [VFPrintf] Vector at 0xafe9e (offset -354)
  [Flush] Vector at 0xafe98 (offset -360)
  [DupLockFromFH] Vector at 0xafe8c (offset -372)
  [OpenFromLock] Vector at 0xafe86 (offset -378)
  [ParentOfFH] Vector at 0xafe80 (offset -384)
  [ExamineFH] Vector at 0xafe7a (offset -390)
  [NameFromLock] Vector at 0xafe6e (offset -402)
  [SplitName] Vector at 0xafe62 (offset -414)
  [SetIoErr] Vector at 0xafe32 (offset -462)
  [Fault] Vector at 0xafe2c (offset -468)
  [PrintFault] Vector at 0xafe26 (offset -474)
  [Cli] Vector at 0xafe14 (offset -492)
  [GetFileSysTask] Vector at 0xafdf6 (offset -522)
  [SetFileSysTask] Vector at 0xafdf0 (offset -528)
  [FindCliProc] Vector at 0xafdde (offset -546)
  [MaxCli] Vector at 0xafdd8 (offset -552)
  [GetCurrentDirName] Vector at 0xafdcc (offset -564)
  [GetProgramName] Vector at 0xafdc0 (offset -576)
  [SetProgramDir] Vector at 0xafdae (offset -594)
  [GetProgramDir] Vector at 0xafda8 (offset -600)
  [SystemTagList] Vector at 0xafda2 (offset -606)
  [DateToStr] Vector at 0xafd18 (offset -744)
  [StrToDate] Vector at 0xafd12 (offset -750)
  [CheckSignal] Vector at 0xafce8 (offset -792)
  [ReadArgs] Vector at 0xafce2 (offset -798)
  [ParsePattern] Vector at 0xafcb8 (offset -840)
  [MatchPattern] Vector at 0xafcb2 (offset -846)
  [FreeArgs] Vector at 0xafca6 (offset -858)
  [FilePart] Vector at 0xafc9a (offset -870)
  [PathPart] Vector at 0xafc94 (offset -876)
  [AddPart] Vector at 0xafc8e (offset -882)
  [SetVar] Vector at 0xafc7c (offset -900)
  [GetVar] Vector at 0xafc76 (offset -906)
  [DeleteVar] Vector at 0xafc70 (offset -912)
  [PutStr] Vector at 0xafc4c (offset -948)
  [VPrintf] Vector at 0xafc46 (offset -954)
  [ParsePatternNoCase] Vector at 0xafc3a (offset -966)
  [MatchPatternNoCase] Vector at 0xafc34 (offset -972)
  [LockDosList] Vector at 0xafd72 (offset -654)
  [UnLockDosList] Vector at 0xafd6c (offset -660)
  [AttemptLockDosList] Vector at 0xafd66 (offset -666)
  [FindDosEntry] Vector at 0xafd54 (offset -684)
  [NextDosEntry] Vector at 0xafd4e (offset -690)
  [MatchFirst] Vector at 0xafcca (offset -822)
  [MatchNext] Vector at 0xafcc4 (offset -828)
  [MatchEnd] Vector at 0xafcbe (offset -834)
  [IsFileSystem] Vector at 0xafe02 (offset -510)
  [SetProgramName] Vector at 0xafe0e (offset -498)
  [GetArgStr] Vector at 0xafdea (offset -534)
  [ReadItem] Vector at 0xafda2 (offset -606)
  [GetDeviceProc] Vector at 0xafd7e (offset -642)
  [VFWritef] Vector at 0xafea4 (offset -348)
  [SetMode] Vector at 0xafe56 (offset -426)
  [ExAll] Vector at 0xafe50 (offset -432)
  [StartNotify] Vector at 0xafc88 (offset -888)
  [DoPkt] Vector at 0xaff10 (offset -240)
  [StrToLong] Vector at 0xafcd0 (offset -816)
[LibraryTraps] Installed 99 dos.library vectors
[LibraryLoader] Loading rexxsyslib.library (version >= 0)
[LibraryLoader] Found library: /Users/spot/Code/amiexpress-web/Libs/rexxsyslib.library
[LibraryLoader] Read 33392 bytes from /Users/spot/Code/amiexpress-web/Libs/rexxsyslib.library
[LibraryLoader] Parsed 2 segments
[LibraryLoader] Allocated base address: 0x200000
[LibraryLoader] Loading code segment (33280 bytes) at 0x200000
[LibraryLoader] Loading data segment (0 bytes) at 0x208200
[LibraryLoader] Applying 1 relocation groups
[LibraryLoader] Stored ExecBase (0x80000) at library+0x22
✅ [LibraryLoader] Successfully loaded rexxsyslib.library at 0x200000
   Jump table entries: 0
[LibraryTraps] Installing rexxsyslib.library vectors at base 0x200000
  [CreateArgstring] Vector at 0x1fff82 (offset -126)
  [DeleteArgstring] Vector at 0x1fff7c (offset -132)
  [LengthArgstring] Vector at 0x1fff76 (offset -138)
  [CreateRexxMsg] Vector at 0x1fff70 (offset -144)
  [DeleteRexxMsg] Vector at 0x1fff6a (offset -150)
  [ClearRexxMsg] Vector at 0x1fff64 (offset -156)
  [FillRexxMsg] Vector at 0x1fff5e (offset -162)
  [IsRexxMsg] Vector at 0x1fff58 (offset -168)
  [InitRexxPort] Vector at 0x1fff1c (offset -228)
  [LockRexxBase] Vector at 0x1ffe3e (offset -450)
  [UnlockRexxBase] Vector at 0x1ffe38 (offset -456)
[LibraryTraps] Installed 11 rexxsyslib.library vectors
[HunkLoader] Applying 0 relocations to 0 segments
[AREXX] phantom rexxc port: block=0x210048 port=0x2100a4 sigTask=0x3b00
[LibraryTraps] Registered custom trap 'OpenDevice' at 0x7fe44
[LibraryTraps] Registered custom trap 'CloseDevice' at 0x7fe3e
[LibraryTraps] Synced 195 trap addresses to MOIRA for batch execution
[AREXX] LibInit: calling rexxsyslib init at 0x20524e (libBase=0x200000)
[exec-vectors] OpenLibrary TRAP: name="mathieeedoubbas.library" version=0
[LibraryLoader] Loading mathieeedoubbas.library (version >= 0)
[LibraryLoader] ✅ mathieeedoubbas.library is ROM-resident (using Kickstart ROM)
[LibraryLoader]   ROM libraries are native code in ROM, not loaded from disk
[exec-vectors] OpenLibrary TRAP result: 0x100000
[exec-vectors] OpenLibrary TRAP: name="dos.library" version=0
[LibraryLoader] Loading dos.library (version >= 0)
[LibraryLoader] ✅ dos.library is ROM-resident (using Kickstart ROM)
[LibraryLoader]   ROM libraries are native code in ROM, not loaded from disk
[ExecLibrary] *** dos.library opened - base=0xb0000 *** Door should store this and use it for all DOS calls
[exec-vectors] OpenLibrary TRAP result: 0xb0000
[exec-vectors] FindName: "graphics.library" -> 0 (not found)
[AREXX] LibInit: success (D0=0x200000) after 178 cycles
[HunkLoader] Applying 0 relocations to 0 segments
[LibraryTraps] Synced 195 trap addresses to MOIRA for batch execution
[AREXX] LoadSeg("REXX:RXC") → 3 seg(s), bptr=0x1000 entry=0x4008
[AREXX] task-spawn fields populated: name=0x210118("rexx") pri=0 seg=0x1000 stack=8192
[AREXX] RexxMast service started, running until ready...
[ExecLibrary][Trap][WaitPort] port=0x3b5c name=Door Task Port
[exec-vectors] OpenLibrary TRAP: name="dos.library" version=0
[LibraryLoader] Loading dos.library (version >= 0)
[LibraryLoader] ✅ dos.library is ROM-resident (using Kickstart ROM)
[LibraryLoader]   ROM libraries are native code in ROM, not loaded from disk
[ExecLibrary] *** dos.library opened - base=0xb0000 *** Door should store this and use it for all DOS calls
[exec-vectors] OpenLibrary TRAP result: 0xb0000
[exec-vectors] OpenLibrary TRAP: name="mathieeedoubbas.library" version=0
[LibraryLoader] Loading mathieeedoubbas.library (version >= 0)
[LibraryLoader] ✅ mathieeedoubbas.library is ROM-resident (using Kickstart ROM)
[LibraryLoader]   ROM libraries are native code in ROM, not loaded from disk
[exec-vectors] OpenLibrary TRAP result: 0x100000
[exec-vectors] OpenLibrary TRAP: name="rexxsyslib.library" version=33
[LibraryLoader] Loading rexxsyslib.library (version >= 33)
[LibraryLoader] Library already loaded: rexxsyslib.library
[exec-vectors] OpenLibrary TRAP result: 0x200000
[ExecLibrary][Trap][WaitPort] port=0x3b5c name=Door Task Port
[exec-vectors] OpenLibrary TRAP: name="dos.library" version=0
[LibraryLoader] Loading dos.library (version >= 0)
[LibraryLoader] ✅ dos.library is ROM-resident (using Kickstart ROM)
[LibraryLoader]   ROM libraries are native code in ROM, not loaded from disk
[ExecLibrary] *** dos.library opened - base=0xb0000 *** Door should store this and use it for all DOS calls
[exec-vectors] OpenLibrary TRAP result: 0xb0000
[exec-vectors] OpenLibrary TRAP: name="rexxsyslib.library" version=0
[LibraryLoader] Loading rexxsyslib.library (version >= 0)
[LibraryLoader] Library already loaded: rexxsyslib.library
[exec-vectors] OpenLibrary TRAP result: 0x200000
[ExecLibrary] Forbid() - stub (no-op)
[AREXX] RexxMast READY — native dispatch active
[Operator Chat] Handler initialized
[OK] Operator chat handler initialized
[Web Push] Initialized with VAPID credentials
[OK] Web push notifications enabled
[Static] Serving SDK Preview at /sdk from /Users/spot/Code/amiexpress-web/sdk/tools/preview/frontend/dist
[Static] Serving Admin Config at /admin from /Users/spot/Code/amiexpress-web/web/config-app/dist
[Static] Project root: /Users/spot/Code/amiexpress-web
[Static] Process cwd: /Users/spot/Code/amiexpress-web/web/backend
[Static] Frontend path: /Users/spot/Code/amiexpress-web/web/frontend/dist
[Static] Frontend path exists: true
[Static] Assets path exists: true
[Static] Fonts path exists: true
[Static] Assets count: 5, first 5: index-B5a91sBF.js, index-BqfmPa6d.css, socket-BcxXcwBL.js, terminal-D0r5lDjn.js, vendor-BIF_SMrh.js
[Static] Fonts count: 12
[Static] Serving BBS Terminal at / from /Users/spot/Code/amiexpress-web/web/frontend/dist
[OK] HTTP routes registered
[OK] Database initialization complete
[SETUP] Found 1 sysop-level user(s)
[WS-Terminal] Endpoint ready at /ws/terminal
[Telnet Server] Listening on port 64128
[OK] HTTP/WebSocket Server running on 0.0.0.0:3001
[WEB] BBS accessible at http://localhost:3001/
[OK] Telnet Server ready on port 64128
[TELNET] Connect: telnet localhost 64128
[SSH Key] Loaded SSH host key from data/ssh/ssh_host_rsa_key
[SSH Server] Listening on port 31337
[OK] SSH Server ready on port 31337
[SSH] Connect: ssh -p 31337 user@localhost

━━━━━━━━━━━━━━━━━━━━━━━━━━━━━━━━━━━━━━━━
[READY] AmiExpress BBS is ready for connections!
━━━━━━━━━━━━━━━━━━━━━━━━━━━━━━━━━━━━━━━━

[Socket.IO Auth] New connection, has token: false, socket id: rWoIj58EdMdpu9GXAAAB
[Socket.IO Auth] No token provided, allowing anonymous connection
Client connected from 127.0.0.1
[Operator Chat] Anonymous socket connected (no session)
[BBSConfig] Loaded configuration from bbsConfig.info
[BBSConfig] Loaded configuration from bbsConfig.info.txt (newer than the icon)
[Connection] Starting welcome sequence for node 1
[Socket.IO Auth] New connection, has token: false, socket id: -bHUQlitTM_v_gM7AAAE
[Socket.IO Auth] No token provided, allowing anonymous connection
Client connected from 127.0.0.1
[Operator Chat] Anonymous socket connected (no session)
[BBSConfig] Loaded configuration from bbsConfig.info
[BBSConfig] Loaded configuration from bbsConfig.info.txt (newer than the icon)
[Connection] Starting welcome sequence for node 2
[Socket.IO Auth] New connection, has token: false, socket id: 3ov4dae5Mxw6PnXpAAAH
[Socket.IO Auth] No token provided, allowing anonymous connection
Client connected from 127.0.0.1
[Operator Chat] Anonymous socket connected (no session)
[BBSConfig] Loaded configuration from bbsConfig.info
[BBSConfig] Loaded configuration from bbsConfig.info.txt (newer than the icon)
[Connection] Starting welcome sequence for node 3
Client connected from 127.0.0.1
[SessionLogManager] Started tracking session: rWoIj58EdMdpu9GXAAAB (guest)
[BatchScheduler] Loaded 2 EXECUTE_ON_* tooltypes from bbsConfig.info
[socket-handlers] registerCommandHandler called, registering door:input listener
[SOCKET-DEBUG] Registering command handler for socket: rWoIj58EdMdpu9GXAAAB
[CHAT DEBUG] registerChatHandlers called for socket: rWoIj58EdMdpu9GXAAAB
[CHAT DEBUG] Registering chat-only-login-submit handler for socket: rWoIj58EdMdpu9GXAAAB
[Operator Chat] Setting up listeners for socket rWoIj58EdMdpu9GXAAAB, user=anonymous
Executing: FRONTEND
[SYSOP DEBUG] COMMAND: Executing TS door: Doors/telnet-front
{
  "type": "TS",
  "location": "Doors/telnet-front"
}
Executing door: FRONTEND
[loadDoorManifestForExecution] Loading manifest for door: FRONTEND, id: frontend, path: Doors/telnet-front
[loadDoorManifestForExecution] Trying door.path: /Users/spot/Code/amiexpress-web/Doors/telnet-front/package.json
[loadDoorManifestForExecution] Found manifest via door.path, runtime: not specified
[DoorDropFile] Created DOOR.SYS for Node1
[DoorDropFile] Created DORINFO1.DEF for Node1
[CallersLog] Node1: Door: FRONTEND
[BBSEventEmitter] Emitted door_activity: Guest (node 1)
[executeTypeScriptDoor] ===== EXEC ID: mtn330jaqo5x =====
[executeTypeScriptDoor] Starting TypeScript door: FRONTEND
[executeTypeScriptDoor] Door path: Doors/telnet-front
[executeTypeScriptDoor] Found root index.ts, using source instead of package.json main
[executeTypeScriptDoor] Resolved path: /Users/spot/Code/amiexpress-web/Doors/telnet-front/index.ts
[executeTypeScriptDoor] Actual filesystem path: /Users/spot/Code/amiexpress-web/Doors/telnet-front/index.ts
[executeTypeScriptDoor] Importing: file:///Users/spot/Code/amiexpress-web/Doors/telnet-front/index.ts?t=1788534199417 (cache-busting: enabled)
[executeTypeScriptDoor] doorModule keys: default, metadata
[executeTypeScriptDoor] doorModule.default: object
[executeTypeScriptDoor] SDK v2.0 Door detected, calling execute()
[executeTypeScriptDoor] Set inDoorManager=true
[executeTypeScriptDoor] Sent door:status: running, door-active: true
[createBBSApi] Created BBSApi, has enableMouseEvents: function
[executeTypeScriptDoor] Calling door.execute() with SDK context...
[TELNET-FRONT] Starting display
[TELNET-FRONT] Display complete
[Socket.IO Auth] New connection, has token: false, socket id: VszQel5ChWoNh7nHAAAK
[Socket.IO Auth] No token provided, allowing anonymous connection
Client connected from 127.0.0.1
[Operator Chat] Anonymous socket connected (no session)
[BBSConfig] Loaded configuration from bbsConfig.info
[BBSConfig] Loaded configuration from bbsConfig.info.txt (newer than the icon)
Client connected from 127.0.0.1
[SessionLogManager] Started tracking session: -bHUQlitTM_v_gM7AAAE (guest)
[socket-handlers] registerCommandHandler called, registering door:input listener
[SOCKET-DEBUG] Registering command handler for socket: -bHUQlitTM_v_gM7AAAE
[CHAT DEBUG] registerChatHandlers called for socket: -bHUQlitTM_v_gM7AAAE
[CHAT DEBUG] Registering chat-only-login-submit handler for socket: -bHUQlitTM_v_gM7AAAE
[Operator Chat] Setting up listeners for socket -bHUQlitTM_v_gM7AAAE, user=anonymous
Executing: FRONTEND
[SYSOP DEBUG] COMMAND: Executing TS door: Doors/telnet-front
{
  "type": "TS",
  "location": "Doors/telnet-front"
}
Executing door: FRONTEND
[loadDoorManifestForExecution] Loading manifest for door: FRONTEND, id: frontend, path: Doors/telnet-front
[loadDoorManifestForExecution] Trying door.path: /Users/spot/Code/amiexpress-web/Doors/telnet-front/package.json
[loadDoorManifestForExecution] Found manifest via door.path, runtime: not specified
[DoorDropFile] Created DOOR.SYS for Node2
[DoorDropFile] Created DORINFO2.DEF for Node2
[CallersLog] Node2: Door: FRONTEND
[BBSEventEmitter] Emitted door_activity: Guest (node 2)
[executeTypeScriptDoor] ===== EXEC ID: mtn331alk0qz =====
[executeTypeScriptDoor] Starting TypeScript door: FRONTEND
[executeTypeScriptDoor] Door path: Doors/telnet-front
[executeTypeScriptDoor] Found root index.ts, using source instead of package.json main
[executeTypeScriptDoor] Resolved path: /Users/spot/Code/amiexpress-web/Doors/telnet-front/index.ts
[executeTypeScriptDoor] Actual filesystem path: /Users/spot/Code/amiexpress-web/Doors/telnet-front/index.ts
[executeTypeScriptDoor] Importing: file:///Users/spot/Code/amiexpress-web/Doors/telnet-front/index.ts?t=1788534200397 (cache-busting: enabled)
[executeTypeScriptDoor] doorModule keys: default, metadata
[executeTypeScriptDoor] doorModule.default: object
[executeTypeScriptDoor] SDK v2.0 Door detected, calling execute()
[executeTypeScriptDoor] Set inDoorManager=true
[executeTypeScriptDoor] Sent door:status: running, door-active: true
[createBBSApi] Created BBSApi, has enableMouseEvents: function
[executeTypeScriptDoor] Calling door.execute() with SDK context...
[TELNET-FRONT] Starting display
[TELNET-FRONT] Display complete
[Connection] Starting welcome sequence for node 4
[executeTypeScriptDoor] Door.execute() returned
[executeTypeScriptDoor] Door completed successfully
[GameMode] Disabled
[executeTypeScriptDoor] Cleared inDoorManager, doorInputHandler, mouseEventsEnabled, clientDoorActive, subState
[executeTypeScriptDoor] Sent door:status: stopped, door-active: false
[DoorDropFile] Deleted DOOR.SYS for Node1
[DoorDropFile] Deleted DORINFO1.DEF for Node1
[CallersLog] Node1: Door exit: FRONTEND
[BBSEventEmitter] Emitted door_activity: Guest (node 1)
[Connection] Welcome sequence complete for node 1, waiting for ANSI response
[executeTypeScriptDoor] Door.execute() returned
[executeTypeScriptDoor] Door completed successfully
[GameMode] Disabled
[executeTypeScriptDoor] Cleared inDoorManager, doorInputHandler, mouseEventsEnabled, clientDoorActive, subState
[executeTypeScriptDoor] Sent door:status: stopped, door-active: false
[DoorDropFile] Deleted DOOR.SYS for Node2
[DoorDropFile] Deleted DORINFO2.DEF for Node2
[CallersLog] Node2: Door exit: FRONTEND
[BBSEventEmitter] Emitted door_activity: Guest (node 2)
[Connection] Welcome sequence complete for node 2, waiting for ANSI response
Client connected from 127.0.0.1
[SessionLogManager] Started tracking session: 3ov4dae5Mxw6PnXpAAAH (guest)
[socket-handlers] registerCommandHandler called, registering door:input listener
[SOCKET-DEBUG] Registering command handler for socket: 3ov4dae5Mxw6PnXpAAAH
[CHAT DEBUG] registerChatHandlers called for socket: 3ov4dae5Mxw6PnXpAAAH
[CHAT DEBUG] Registering chat-only-login-submit handler for socket: 3ov4dae5Mxw6PnXpAAAH
[Operator Chat] Setting up listeners for socket 3ov4dae5Mxw6PnXpAAAH, user=anonymous
Executing: FRONTEND
[SYSOP DEBUG] COMMAND: Executing TS door: Doors/telnet-front
{
  "type": "TS",
  "location": "Doors/telnet-front"
}
Executing door: FRONTEND
[loadDoorManifestForExecution] Loading manifest for door: FRONTEND, id: frontend, path: Doors/telnet-front
[loadDoorManifestForExecution] Trying door.path: /Users/spot/Code/amiexpress-web/Doors/telnet-front/package.json
[loadDoorManifestForExecution] Found manifest via door.path, runtime: not specified
[DoorDropFile] Created DOOR.SYS for Node3
[DoorDropFile] Created DORINFO3.DEF for Node3
[CallersLog] Node3: Door: FRONTEND
[BBSEventEmitter] Emitted door_activity: Guest (node 3)
[executeTypeScriptDoor] ===== EXEC ID: mtn332q4ndjv =====
[executeTypeScriptDoor] Starting TypeScript door: FRONTEND
[executeTypeScriptDoor] Door path: Doors/telnet-front
[executeTypeScriptDoor] Found root index.ts, using source instead of package.json main
[executeTypeScriptDoor] Resolved path: /Users/spot/Code/amiexpress-web/Doors/telnet-front/index.ts
[executeTypeScriptDoor] Actual filesystem path: /Users/spot/Code/amiexpress-web/Doors/telnet-front/index.ts
[executeTypeScriptDoor] Importing: file:///Users/spot/Code/amiexpress-web/Doors/telnet-front/index.ts?t=1788534202252 (cache-busting: enabled)
[executeTypeScriptDoor] doorModule keys: default, metadata
[executeTypeScriptDoor] doorModule.default: object
[executeTypeScriptDoor] SDK v2.0 Door detected, calling execute()
[executeTypeScriptDoor] Set inDoorManager=true
[executeTypeScriptDoor] Sent door:status: running, door-active: true
[createBBSApi] Created BBSApi, has enableMouseEvents: function
[executeTypeScriptDoor] Calling door.execute() with SDK context...
[TELNET-FRONT] Starting display
[TELNET-FRONT] Display complete
[executeTypeScriptDoor] Door.execute() returned
[executeTypeScriptDoor] Door completed successfully
[GameMode] Disabled
[executeTypeScriptDoor] Cleared inDoorManager, doorInputHandler, mouseEventsEnabled, clientDoorActive, subState
[executeTypeScriptDoor] Sent door:status: stopped, door-active: false
[DoorDropFile] Deleted DOOR.SYS for Node3
[DoorDropFile] Deleted DORINFO3.DEF for Node3
[CallersLog] Node3: Door exit: FRONTEND
[BBSEventEmitter] Emitted door_activity: Guest (node 3)
[Connection] Welcome sequence complete for node 3, waiting for ANSI response
Client connected from 127.0.0.1
[SessionLogManager] Started tracking session: VszQel5ChWoNh7nHAAAK (guest)
[socket-handlers] registerCommandHandler called, registering door:input listener
[SOCKET-DEBUG] Registering command handler for socket: VszQel5ChWoNh7nHAAAK
[CHAT DEBUG] registerChatHandlers called for socket: VszQel5ChWoNh7nHAAAK
[CHAT DEBUG] Registering chat-only-login-submit handler for socket: VszQel5ChWoNh7nHAAAK
[Operator Chat] Setting up listeners for socket VszQel5ChWoNh7nHAAAK, user=anonymous
Executing: FRONTEND
[SYSOP DEBUG] COMMAND: Executing TS door: Doors/telnet-front
{
  "type": "TS",
  "location": "Doors/telnet-front"
}
Executing door: FRONTEND
[loadDoorManifestForExecution] Loading manifest for door: FRONTEND, id: frontend, path: Doors/telnet-front
[loadDoorManifestForExecution] Trying door.path: /Users/spot/Code/amiexpress-web/Doors/telnet-front/package.json
[loadDoorManifestForExecution] Found manifest via door.path, runtime: not specified
[DoorDropFile] Created DOOR.SYS for Node4
[DoorDropFile] Created DORINFO4.DEF for Node4
[CallersLog] Node4: Door: FRONTEND
[BBSEventEmitter] Emitted door_activity: Guest (node 4)
[executeTypeScriptDoor] ===== EXEC ID: mtn333npdicj =====
[executeTypeScriptDoor] Starting TypeScript door: FRONTEND
[executeTypeScriptDoor] Door path: Doors/telnet-front
[executeTypeScriptDoor] Found root index.ts, using source instead of package.json main
[executeTypeScriptDoor] Resolved path: /Users/spot/Code/amiexpress-web/Doors/telnet-front/index.ts
[executeTypeScriptDoor] Actual filesystem path: /Users/spot/Code/amiexpress-web/Doors/telnet-front/index.ts
[executeTypeScriptDoor] Importing: file:///Users/spot/Code/amiexpress-web/Doors/telnet-front/index.ts?t=1788534203461 (cache-busting: enabled)
[executeTypeScriptDoor] doorModule keys: default, metadata
[executeTypeScriptDoor] doorModule.default: object
[executeTypeScriptDoor] SDK v2.0 Door detected, calling execute()
[executeTypeScriptDoor] Set inDoorManager=true
[executeTypeScriptDoor] Sent door:status: running, door-active: true
[createBBSApi] Created BBSApi, has enableMouseEvents: function
[executeTypeScriptDoor] Calling door.execute() with SDK context...
[TELNET-FRONT] Starting display
[TELNET-FRONT] Display complete
[executeTypeScriptDoor] Door.execute() returned
[executeTypeScriptDoor] Door completed successfully
[GameMode] Disabled
[executeTypeScriptDoor] Cleared inDoorManager, doorInputHandler, mouseEventsEnabled, clientDoorActive, subState
[executeTypeScriptDoor] Sent door:status: stopped, door-active: false
[DoorDropFile] Deleted DOOR.SYS for Node4
[DoorDropFile] Deleted DORINFO4.DEF for Node4
[CallersLog] Node4: Door exit: FRONTEND
[BBSEventEmitter] Emitted door_activity: Guest (node 4)
[Connection] Welcome sequence complete for node 4, waiting for ANSI response
[Socket.IO Auth] New connection, has token: false, socket id: rmL34ZRou4EYsXRjAAAN
[Socket.IO Auth] No token provided, allowing anonymous connection
Client connected from 127.0.0.1
[Operator Chat] Anonymous socket connected (no session)
[BBSConfig] Loaded configuration from bbsConfig.info
[BBSConfig] Loaded configuration from bbsConfig.info.txt (newer than the icon)
[Connection] Starting welcome sequence for node 5
Client connected from 127.0.0.1
[SessionLogManager] Started tracking session: rmL34ZRou4EYsXRjAAAN (guest)
[socket-handlers] registerCommandHandler called, registering door:input listener
[SOCKET-DEBUG] Registering command handler for socket: rmL34ZRou4EYsXRjAAAN
[CHAT DEBUG] registerChatHandlers called for socket: rmL34ZRou4EYsXRjAAAN
[CHAT DEBUG] Registering chat-only-login-submit handler for socket: rmL34ZRou4EYsXRjAAAN
[Operator Chat] Setting up listeners for socket rmL34ZRou4EYsXRjAAAN, user=anonymous
Executing: FRONTEND
[SYSOP DEBUG] COMMAND: Executing TS door: Doors/telnet-front
{
  "type": "TS",
  "location": "Doors/telnet-front"
}
Executing door: FRONTEND
[loadDoorManifestForExecution] Loading manifest for door: FRONTEND, id: frontend, path: Doors/telnet-front
[loadDoorManifestForExecution] Trying door.path: /Users/spot/Code/amiexpress-web/Doors/telnet-front/package.json
[loadDoorManifestForExecution] Found manifest via door.path, runtime: not specified
[DoorDropFile] Created DOOR.SYS for Node5
[DoorDropFile] Created DORINFO5.DEF for Node5
[CallersLog] Node5: Door: FRONTEND
[BBSEventEmitter] Emitted door_activity: Guest (node 5)
[executeTypeScriptDoor] ===== EXEC ID: mtn338xeoc0v =====
[executeTypeScriptDoor] Starting TypeScript door: FRONTEND
[executeTypeScriptDoor] Door path: Doors/telnet-front
[executeTypeScriptDoor] Found root index.ts, using source instead of package.json main
[executeTypeScriptDoor] Resolved path: /Users/spot/Code/amiexpress-web/Doors/telnet-front/index.ts
[executeTypeScriptDoor] Actual filesystem path: /Users/spot/Code/amiexpress-web/Doors/telnet-front/index.ts
[executeTypeScriptDoor] Importing: file:///Users/spot/Code/amiexpress-web/Doors/telnet-front/index.ts?t=1788534210295 (cache-busting: enabled)
[executeTypeScriptDoor] doorModule keys: default, metadata
[executeTypeScriptDoor] doorModule.default: object
[executeTypeScriptDoor] SDK v2.0 Door detected, calling execute()
[executeTypeScriptDoor] Set inDoorManager=true
[executeTypeScriptDoor] Sent door:status: running, door-active: true
[createBBSApi] Created BBSApi, has enableMouseEvents: function
[executeTypeScriptDoor] Calling door.execute() with SDK context...
[TELNET-FRONT] Starting display
[TELNET-FRONT] Display complete
[executeTypeScriptDoor] Door.execute() returned
[executeTypeScriptDoor] Door completed successfully
[GameMode] Disabled
[executeTypeScriptDoor] Cleared inDoorManager, doorInputHandler, mouseEventsEnabled, clientDoorActive, subState
[executeTypeScriptDoor] Sent door:status: stopped, door-active: false
[DoorDropFile] Deleted DOOR.SYS for Node5
[DoorDropFile] Deleted DORINFO5.DEF for Node5
[CallersLog] Node5: Door exit: FRONTEND
[BBSEventEmitter] Emitted door_activity: Guest (node 5)
[Connection] Welcome sequence complete for node 5, waiting for ANSI response
[UserFileManager] Serialized user struct: 232 bytes (expected 232)
[UserFileManager] Serialized userKeys struct: 56 bytes (expected 56)
[UserFileManager] Serialized userMisc struct: 248 bytes (expected 248)
[UserFileManager] Updated user files for sysop (slot 2)
[Database] Synced updated user sysop to disk files (slot 2)
[Socket.IO Auth] New connection, has token: false, socket id: BScffAmrPFpHLV_tAAAQ
[Socket.IO Auth] No token provided, allowing anonymous connection
Client connected from 127.0.0.1
[Operator Chat] Anonymous socket connected (no session)
[BBSConfig] Loaded configuration from bbsConfig.info
[BBSConfig] Loaded configuration from bbsConfig.info.txt (newer than the icon)
[Connection] Starting welcome sequence for node 6
[UserFileManager] File record count mismatch: data=2, keys=19, misc=1131
[UserFileManager] Read 1 users from disk files (2 total slots)
[API] Loaded 1 users from disk files
[API] Deduplicated to 1 unique users
[UserFileManager] File record count mismatch: data=2, keys=19, misc=1131
[UserFileManager] Read 1 users from disk files (2 total slots)
[API] Loaded 1 users from disk files
[API] Deduplicated to 1 unique users
[UserFileManager] File record count mismatch: data=2, keys=19, misc=1131
[UserFileManager] Read 1 users from disk files (2 total slots)
[API] Loaded 1 users from disk files
[API] Deduplicated to 1 unique users
Client connected from 127.0.0.1
[SessionLogManager] Started tracking session: BScffAmrPFpHLV_tAAAQ (guest)
[BatchScheduler] Loaded 2 EXECUTE_ON_* tooltypes from bbsConfig.info
[socket-handlers] registerCommandHandler called, registering door:input listener
[SOCKET-DEBUG] Registering command handler for socket: BScffAmrPFpHLV_tAAAQ
[CHAT DEBUG] registerChatHandlers called for socket: BScffAmrPFpHLV_tAAAQ
[CHAT DEBUG] Registering chat-only-login-submit handler for socket: BScffAmrPFpHLV_tAAAQ
[Operator Chat] Setting up listeners for socket BScffAmrPFpHLV_tAAAQ, user=anonymous
Executing: FRONTEND
[SYSOP DEBUG] COMMAND: Executing TS door: Doors/telnet-front
{
  "type": "TS",
  "location": "Doors/telnet-front"
}
Executing door: FRONTEND
[loadDoorManifestForExecution] Loading manifest for door: FRONTEND, id: frontend, path: Doors/telnet-front
[loadDoorManifestForExecution] Trying door.path: /Users/spot/Code/amiexpress-web/Doors/telnet-front/package.json
[loadDoorManifestForExecution] Found manifest via door.path, runtime: not specified
[DoorDropFile] Created DOOR.SYS for Node6
[DoorDropFile] Created DORINFO6.DEF for Node6
[CallersLog] Node6: Door: FRONTEND
[BBSEventEmitter] Emitted door_activity: Guest (node 6)
[executeTypeScriptDoor] ===== EXEC ID: mtn33tq0jzmy =====
[executeTypeScriptDoor] Starting TypeScript door: FRONTEND
[executeTypeScriptDoor] Door path: Doors/telnet-front
[executeTypeScriptDoor] Found root index.ts, using source instead of package.json main
[executeTypeScriptDoor] Resolved path: /Users/spot/Code/amiexpress-web/Doors/telnet-front/index.ts
[executeTypeScriptDoor] Actual filesystem path: /Users/spot/Code/amiexpress-web/Doors/telnet-front/index.ts
[executeTypeScriptDoor] Importing: file:///Users/spot/Code/amiexpress-web/Doors/telnet-front/index.ts?t=1788534237241 (cache-busting: enabled)
[executeTypeScriptDoor] doorModule keys: default, metadata
[executeTypeScriptDoor] doorModule.default: object
[executeTypeScriptDoor] SDK v2.0 Door detected, calling execute()
[executeTypeScriptDoor] Set inDoorManager=true
[executeTypeScriptDoor] Sent door:status: running, door-active: true
[createBBSApi] Created BBSApi, has enableMouseEvents: function
[executeTypeScriptDoor] Calling door.execute() with SDK context...
[TELNET-FRONT] Starting display
[TELNET-FRONT] Display complete
[DoorsAPI] getDoors() returned 119 doors
[DoorsAPI] Sending 119 doors to frontend
[DoorsAPI] getDoors() returned 119 doors
[DoorsAPI] Sending 119 doors to frontend
[executeTypeScriptDoor] Door.execute() returned
[executeTypeScriptDoor] Door completed successfully
[GameMode] Disabled
[executeTypeScriptDoor] Cleared inDoorManager, doorInputHandler, mouseEventsEnabled, clientDoorActive, subState
[executeTypeScriptDoor] Sent door:status: stopped, door-active: false
[DoorDropFile] Deleted DOOR.SYS for Node6
[DoorDropFile] Deleted DORINFO6.DEF for Node6
[CallersLog] Node6: Door exit: FRONTEND
[BBSEventEmitter] Emitted door_activity: Guest (node 6)
[Connection] Welcome sequence complete for node 6, waiting for ANSI response
[SCREEN] Found user screen type: /Users/spot/Code/amiexpress-web/Node0/AWAITSCREEN.TXT
[SCREEN] Found user screen type: /Users/spot/Code/amiexpress-web/Node1/AWAITSCREEN.TXT
[SCREEN] Found user screen type: /Users/spot/Code/amiexpress-web/Node2/AWAITSCREEN.TXT
[SCREEN] Found user screen type: /Users/spot/Code/amiexpress-web/Node3/AWAITSCREEN.TXT
[SCREEN] Found user screen type: /Users/spot/Code/amiexpress-web/Node4/AWAITSCREEN.TXT
[SCREEN] Found user screen type: /Users/spot/Code/amiexpress-web/Node5/AWAITSCREEN.TXT
[SCREEN] Found user screen type: /Users/spot/Code/amiexpress-web/Node6/AWAITSCREEN.TXT
[SCREEN] Found user screen type: /Users/spot/Code/amiexpress-web/Node7/AWAITSCREEN.TXT
[SCREEN] Found user screen type: /Users/spot/Code/amiexpress-web/Node8/AWAITSCREEN.TXT
[SCREEN] Found user screen type: /Users/spot/Code/amiexpress-web/Node9/AWAITSCREEN.TXT
[SCREEN] Found user screen type: /Users/spot/Code/amiexpress-web/Node10/AWAITSCREEN.TXT
[SCREEN] Found user screen type: /Users/spot/Code/amiexpress-web/Node11/AWAITSCREEN.TXT
[SCREEN] Found user screen type: /Users/spot/Code/amiexpress-web/Node12/AWAITSCREEN.TXT
[SCREEN] Found user screen type: /Users/spot/Code/amiexpress-web/Node13/AWAITSCREEN.TXT
[SCREEN] Found user screen type: /Users/spot/Code/amiexpress-web/Node14/AWAITSCREEN.TXT
[SCREEN] Found user screen type: /Users/spot/Code/amiexpress-web/Node15/AWAITSCREEN.TXT
[SCREEN] Found user screen type: /Users/spot/Code/amiexpress-web/Node16/AWAITSCREEN.TXT
[SCREEN] Found user screen type: /Users/spot/Code/amiexpress-web/Node17/AWAITSCREEN.TXT
[SCREEN] Found user screen type: /Users/spot/Code/amiexpress-web/Node18/AWAITSCREEN.TXT
[SCREEN] Found user screen type: /Users/spot/Code/amiexpress-web/Node19/AWAITSCREEN.TXT
[SCREEN] Found user screen type: /Users/spot/Code/amiexpress-web/Node20/AWAITSCREEN.TXT
[SCREEN] Found user screen type: /Users/spot/Code/amiexpress-web/Node21/AWAITSCREEN.TXT
[SCREEN] Found user screen type: /Users/spot/Code/amiexpress-web/Node22/AWAITSCREEN.TXT
[SCREEN] Found user screen type: /Users/spot/Code/amiexpress-web/Node23/AWAITSCREEN.TXT
[SCREEN] Found user screen type: /Users/spot/Code/amiexpress-web/Node24/AWAITSCREEN.TXT
[SCREEN] Found user screen type: /Users/spot/Code/amiexpress-web/Node25/AWAITSCREEN.TXT
[SCREEN] Found user screen type: /Users/spot/Code/amiexpress-web/Node26/AWAITSCREEN.TXT
[SCREEN] Found user screen type: /Users/spot/Code/amiexpress-web/Node27/AWAITSCREEN.TXT
[SCREEN] Found user screen type: /Users/spot/Code/amiexpress-web/Node28/AWAITSCREEN.TXT
[SCREEN] Found user screen type: /Users/spot/Code/amiexpress-web/Node29/AWAITSCREEN.TXT
[SCREEN] Found user screen type: /Users/spot/Code/amiexpress-web/Node30/AWAITSCREEN.TXT
[SCREEN] Found user screen type: /Users/spot/Code/amiexpress-web/Node31/AWAITSCREEN.TXT
[SCREEN] Found user screen type: /Users/spot/Code/amiexpress-web/Node32/AWAITSCREEN.TXT
[SCREEN] Found user screen type: /Users/spot/Code/amiexpress-web/Node33/AWAITSCREEN.TXT
[SCREEN] Found user screen type: /Users/spot/Code/amiexpress-web/Node34/AWAITSCREEN.TXT
[SCREEN] Found user screen type: /Users/spot/Code/amiexpress-web/Node35/AWAITSCREEN.TXT
[SCREEN] Found user screen type: /Users/spot/Code/amiexpress-web/Node36/AWAITSCREEN.TXT
[SCREEN] Found user screen type: /Users/spot/Code/amiexpress-web/Node37/AWAITSCREEN.TXT
[SCREEN] Found user screen type: /Users/spot/Code/amiexpress-web/Node38/AWAITSCREEN.TXT
[SCREEN] Found user screen type: /Users/spot/Code/amiexpress-web/Node39/AWAITSCREEN.TXT
[SCREEN] Found user screen type: /Users/spot/Code/amiexpress-web/Node40/AWAITSCREEN.TXT
[SCREEN] Not found: /Users/spot/Code/amiexpress-web/Node42/AWAITSCREEN (checked levels 255 down to 5)
[SCREEN] Not found: /Users/spot/Code/amiexpress-web/Node43/AWAITSCREEN (checked levels 255 down to 5)
[SCREEN] Not found: /Users/spot/Code/amiexpress-web/Node44/AWAITSCREEN (checked levels 255 down to 5)
[SCREEN] Not found: /Users/spot/Code/amiexpress-web/Node45/AWAITSCREEN (checked levels 255 down to 5)
[SCREEN] Not found: /Users/spot/Code/amiexpress-web/Node97/AWAITSCREEN (checked levels 255 down to 5)
[SCREEN] Not found: /Users/spot/Code/amiexpress-web/Node0/BULL (checked levels 255 down to 5)
[SCREEN] Not found: /Users/spot/Code/amiexpress-web/Node1/BULL (checked levels 255 down to 5)
[SCREEN] Not found: /Users/spot/Code/amiexpress-web/Node2/BULL (checked levels 255 down to 5)
[SCREEN] Not found: /Users/spot/Code/amiexpress-web/Node3/BULL (checked levels 255 down to 5)
[SCREEN] Not found: /Users/spot/Code/amiexpress-web/Node4/BULL (checked levels 255 down to 5)
[SCREEN] Not found: /Users/spot/Code/amiexpress-web/Node5/BULL (checked levels 255 down to 5)
[SCREEN] Not found: /Users/spot/Code/amiexpress-web/Node6/BULL (checked levels 255 down to 5)
[SCREEN] Not found: /Users/spot/Code/amiexpress-web/Node7/BULL (checked levels 255 down to 5)
[SCREEN] Not found: /Users/spot/Code/amiexpress-web/Node8/BULL (checked levels 255 down to 5)
[SCREEN] Not found: /Users/spot/Code/amiexpress-web/Node9/BULL (checked levels 255 down to 5)
[SCREEN] Not found: /Users/spot/Code/amiexpress-web/Node10/BULL (checked levels 255 down to 5)
[SCREEN] Not found: /Users/spot/Code/amiexpress-web/Node11/BULL (checked levels 255 down to 5)
[SCREEN] Not found: /Users/spot/Code/amiexpress-web/Node12/BULL (checked levels 255 down to 5)
[SCREEN] Not found: /Users/spot/Code/amiexpress-web/Node13/BULL (checked levels 255 down to 5)
[SCREEN] Not found: /Users/spot/Code/amiexpress-web/Node14/BULL (checked levels 255 down to 5)
[SCREEN] Not found: /Users/spot/Code/amiexpress-web/Node15/BULL (checked levels 255 down to 5)
[SCREEN] Not found: /Users/spot/Code/amiexpress-web/Node16/BULL (checked levels 255 down to 5)
[SCREEN] Not found: /Users/spot/Code/amiexpress-web/Node17/BULL (checked levels 255 down to 5)
[SCREEN] Not found: /Users/spot/Code/amiexpress-web/Node18/BULL (checked levels 255 down to 5)
[SCREEN] Not found: /Users/spot/Code/amiexpress-web/Node19/BULL (checked levels 255 down to 5)
[SCREEN] Not found: /Users/spot/Code/amiexpress-web/Node20/BULL (checked levels 255 down to 5)
[SCREEN] Not found: /Users/spot/Code/amiexpress-web/Node21/BULL (checked levels 255 down to 5)
[SCREEN] Not found: /Users/spot/Code/amiexpress-web/Node22/BULL (checked levels 255 down to 5)
[SCREEN] Not found: /Users/spot/Code/amiexpress-web/Node23/BULL (checked levels 255 down to 5)
[SCREEN] Not found: /Users/spot/Code/amiexpress-web/Node24/BULL (checked levels 255 down to 5)
[SCREEN] Not found: /Users/spot/Code/amiexpress-web/Node25/BULL (checked levels 255 down to 5)
[SCREEN] Not found: /Users/spot/Code/amiexpress-web/Node26/BULL (checked levels 255 down to 5)
[SCREEN] Not found: /Users/spot/Code/amiexpress-web/Node27/BULL (checked levels 255 down to 5)
[SCREEN] Not found: /Users/spot/Code/amiexpress-web/Node28/BULL (checked levels 255 down to 5)
[SCREEN] Not found: /Users/spot/Code/amiexpress-web/Node29/BULL (checked levels 255 down to 5)
[SCREEN] Not found: /Users/spot/Code/amiexpress-web/Node30/BULL (checked levels 255 down to 5)
[SCREEN] Not found: /Users/spot/Code/amiexpress-web/Node31/BULL (checked levels 255 down to 5)
[SCREEN] Not found: /Users/spot/Code/amiexpress-web/Node32/BULL (checked levels 255 down to 5)
[SCREEN] Not found: /Users/spot/Code/amiexpress-web/Node33/BULL (checked levels 255 down to 5)
[SCREEN] Not found: /Users/spot/Code/amiexpress-web/Node34/BULL (checked levels 255 down to 5)
[SCREEN] Not found: /Users/spot/Code/amiexpress-web/Node35/BULL (checked levels 255 down to 5)
[SCREEN] Not found: /Users/spot/Code/amiexpress-web/Node36/BULL (checked levels 255 down to 5)
[SCREEN] Not found: /Users/spot/Code/amiexpress-web/Node37/BULL (checked levels 255 down to 5)
[SCREEN] Not found: /Users/spot/Code/amiexpress-web/Node38/BULL (checked levels 255 down to 5)
[SCREEN] Not found: /Users/spot/Code/amiexpress-web/Node39/BULL (checked levels 255 down to 5)
[SCREEN] Not found: /Users/spot/Code/amiexpress-web/Node40/BULL (checked levels 255 down to 5)
[SCREEN] Not found: /Users/spot/Code/amiexpress-web/Node42/BULL (checked levels 255 down to 5)
[SCREEN] Not found: /Users/spot/Code/amiexpress-web/Node43/BULL (checked levels 255 down to 5)
[SCREEN] Not found: /Users/spot/Code/amiexpress-web/Node44/BULL (checked levels 255 down to 5)
[SCREEN] Not found: /Users/spot/Code/amiexpress-web/Node45/BULL (checked levels 255 down to 5)
[SCREEN] Not found: /Users/spot/Code/amiexpress-web/Node97/BULL (checked levels 255 down to 5)
[SCREEN] Found user screen type: /Users/spot/Code/amiexpress-web/Node0/LOGOFF.TXT
[SCREEN] Found user screen type: /Users/spot/Code/amiexpress-web/Node1/LOGOFF.TXT
[SCREEN] Found user screen type: /Users/spot/Code/amiexpress-web/Node2/LOGOFF.TXT
[SCREEN] Found user screen type: /Users/spot/Code/amiexpress-web/Node3/LOGOFF.TXT
[SCREEN] Found user screen type: /Users/spot/Code/amiexpress-web/Node4/LOGOFF.TXT
[SCREEN] Found user screen type: /Users/spot/Code/amiexpress-web/Node5/LOGOFF.TXT
[SCREEN] Found user screen type: /Users/spot/Code/amiexpress-web/Node6/LOGOFF.TXT
[SCREEN] Found user screen type: /Users/spot/Code/amiexpress-web/Node7/LOGOFF.TXT
[SCREEN] Found user screen type: /Users/spot/Code/amiexpress-web/Node8/LOGOFF.TXT
[SCREEN] Found user screen type: /Users/spot/Code/amiexpress-web/Node9/LOGOFF.TXT
[SCREEN] Found user screen type: /Users/spot/Code/amiexpress-web/Node10/LOGOFF.TXT
[SCREEN] Found user screen type: /Users/spot/Code/amiexpress-web/Node11/LOGOFF.TXT
[SCREEN] Found user screen type: /Users/spot/Code/amiexpress-web/Node12/LOGOFF.TXT
[SCREEN] Found user screen type: /Users/spot/Code/amiexpress-web/Node13/LOGOFF.TXT
[SCREEN] Found user screen type: /Users/spot/Code/amiexpress-web/Node14/LOGOFF.TXT
[SCREEN] Found user screen type: /Users/spot/Code/amiexpress-web/Node15/LOGOFF.TXT
[SCREEN] Found user screen type: /Users/spot/Code/amiexpress-web/Node16/LOGOFF.TXT
[SCREEN] Found user screen type: /Users/spot/Code/amiexpress-web/Node17/LOGOFF.TXT
[SCREEN] Found user screen type: /Users/spot/Code/amiexpress-web/Node18/LOGOFF.TXT
[SCREEN] Found user screen type: /Users/spot/Code/amiexpress-web/Node19/LOGOFF.TXT
[SCREEN] Found user screen type: /Users/spot/Code/amiexpress-web/Node20/LOGOFF.TXT
[SCREEN] Found user screen type: /Users/spot/Code/amiexpress-web/Node21/LOGOFF.TXT
[SCREEN] Found user screen type: /Users/spot/Code/amiexpress-web/Node22/LOGOFF.TXT
[SCREEN] Found user screen type: /Users/spot/Code/amiexpress-web/Node23/LOGOFF.TXT
[SCREEN] Found user screen type: /Users/spot/Code/amiexpress-web/Node24/LOGOFF.TXT
[SCREEN] Found user screen type: /Users/spot/Code/amiexpress-web/Node25/LOGOFF.TXT
[SCREEN] Found user screen type: /Users/spot/Code/amiexpress-web/Node26/LOGOFF.TXT
[SCREEN] Found user screen type: /Users/spot/Code/amiexpress-web/Node27/LOGOFF.TXT
[SCREEN] Found user screen type: /Users/spot/Code/amiexpress-web/Node28/LOGOFF.TXT
[SCREEN] Found user screen type: /Users/spot/Code/amiexpress-web/Node29/LOGOFF.TXT
[SCREEN] Found user screen type: /Users/spot/Code/amiexpress-web/Node30/LOGOFF.TXT
[SCREEN] Found user screen type: /Users/spot/Code/amiexpress-web/Node31/LOGOFF.TXT
[SCREEN] Found user screen type: /Users/spot/Code/amiexpress-web/Node32/LOGOFF.TXT
[SCREEN] Found user screen type: /Users/spot/Code/amiexpress-web/Node33/LOGOFF.TXT
[SCREEN] Found user screen type: /Users/spot/Code/amiexpress-web/Node34/LOGOFF.TXT
[SCREEN] Found user screen type: /Users/spot/Code/amiexpress-web/Node35/LOGOFF.TXT
[SCREEN] Found user screen type: /Users/spot/Code/amiexpress-web/Node36/LOGOFF.TXT
[SCREEN] Found user screen type: /Users/spot/Code/amiexpress-web/Node37/LOGOFF.TXT
[SCREEN] Found user screen type: /Users/spot/Code/amiexpress-web/Node38/LOGOFF.TXT
[SCREEN] Found user screen type: /Users/spot/Code/amiexpress-web/Node39/LOGOFF.TXT
[SCREEN] Found user screen type: /Users/spot/Code/amiexpress-web/Node40/LOGOFF.TXT
[SCREEN] Not found: /Users/spot/Code/amiexpress-web/Node42/LOGOFF (checked levels 255 down to 5)
[SCREEN] Not found: /Users/spot/Code/amiexpress-web/Node43/LOGOFF (checked levels 255 down to 5)
[SCREEN] Not found: /Users/spot/Code/amiexpress-web/Node44/LOGOFF (checked levels 255 down to 5)
[SCREEN] Not found: /Users/spot/Code/amiexpress-web/Node45/LOGOFF (checked levels 255 down to 5)
[SCREEN] Not found: /Users/spot/Code/amiexpress-web/Node97/LOGOFF (checked levels 255 down to 5)
[SCREEN] Found user screen type: /Users/spot/Code/amiexpress-web/Node0/LOGON100.TXT
[SCREEN] Found user screen type: /Users/spot/Code/amiexpress-web/Node1/LOGON100.TXT
[SCREEN] Found user screen type: /Users/spot/Code/amiexpress-web/Node2/LOGON100.TXT
[SCREEN] Found user screen type: /Users/spot/Code/amiexpress-web/Node3/LOGON20.TXT
[SCREEN] Found user screen type: /Users/spot/Code/amiexpress-web/Node4/LOGON20.TXT
[SCREEN] Found user screen type: /Users/spot/Code/amiexpress-web/Node5/LOGON20.TXT
[SCREEN] Found user screen type: /Users/spot/Code/amiexpress-web/Node6/LOGON20.TXT
[SCREEN] Found user screen type: /Users/spot/Code/amiexpress-web/Node7/LOGON100.TXT
[SCREEN] Found user screen type: /Users/spot/Code/amiexpress-web/Node8/LOGON100.TXT
[SCREEN] Found user screen type: /Users/spot/Code/amiexpress-web/Node9/LOGON100.TXT
[SCREEN] Found user screen type: /Users/spot/Code/amiexpress-web/Node10/LOGON100.TXT
[SCREEN] Found user screen type: /Users/spot/Code/amiexpress-web/Node11/LOGON100.TXT
[SCREEN] Found user screen type: /Users/spot/Code/amiexpress-web/Node12/LOGON100.TXT
[SCREEN] Found user screen type: /Users/spot/Code/amiexpress-web/Node13/LOGON100.TXT
[SCREEN] Found user screen type: /Users/spot/Code/amiexpress-web/Node14/LOGON100.TXT
[SCREEN] Found user screen type: /Users/spot/Code/amiexpress-web/Node15/LOGON100.TXT
[SCREEN] Found user screen type: /Users/spot/Code/amiexpress-web/Node16/LOGON100.TXT
[SCREEN] Found user screen type: /Users/spot/Code/amiexpress-web/Node17/LOGON100.TXT
[SCREEN] Found user screen type: /Users/spot/Code/amiexpress-web/Node18/LOGON100.TXT
[SCREEN] Found user screen type: /Users/spot/Code/amiexpress-web/Node19/LOGON100.TXT
[SCREEN] Found user screen type: /Users/spot/Code/amiexpress-web/Node20/LOGON100.TXT
[SCREEN] Found user screen type: /Users/spot/Code/amiexpress-web/Node21/LOGON100.TXT
[SCREEN] Found user screen type: /Users/spot/Code/amiexpress-web/Node22/LOGON100.TXT
[SCREEN] Found user screen type: /Users/spot/Code/amiexpress-web/Node23/LOGON100.TXT
[SCREEN] Found user screen type: /Users/spot/Code/amiexpress-web/Node24/LOGON100.TXT
[SCREEN] Found user screen type: /Users/spot/Code/amiexpress-web/Node25/LOGON100.TXT
[SCREEN] Found user screen type: /Users/spot/Code/amiexpress-web/Node26/LOGON100.TXT
[SCREEN] Found user screen type: /Users/spot/Code/amiexpress-web/Node27/LOGON100.TXT
[SCREEN] Found user screen type: /Users/spot/Code/amiexpress-web/Node28/LOGON100.TXT
[SCREEN] Found user screen type: /Users/spot/Code/amiexpress-web/Node29/LOGON100.TXT
[SCREEN] Found user screen type: /Users/spot/Code/amiexpress-web/Node30/LOGON100.TXT
[SCREEN] Found user screen type: /Users/spot/Code/amiexpress-web/Node31/LOGON100.TXT
[SCREEN] Found user screen type: /Users/spot/Code/amiexpress-web/Node32/LOGON100.TXT
[SCREEN] Found user screen type: /Users/spot/Code/amiexpress-web/Node33/LOGON100.TXT
[SCREEN] Found user screen type: /Users/spot/Code/amiexpress-web/Node34/LOGON100.TXT
[SCREEN] Found user screen type: /Users/spot/Code/amiexpress-web/Node35/LOGON100.TXT
[SCREEN] Found user screen type: /Users/spot/Code/amiexpress-web/Node36/LOGON100.TXT
[SCREEN] Found user screen type: /Users/spot/Code/amiexpress-web/Node37/LOGON100.TXT
[SCREEN] Found user screen type: /Users/spot/Code/amiexpress-web/Node38/LOGON100.TXT
[SCREEN] Found user screen type: /Users/spot/Code/amiexpress-web/Node39/LOGON100.TXT
[SCREEN] Found user screen type: /Users/spot/Code/amiexpress-web/Node40/LOGON100.TXT
[SCREEN] Not found: /Users/spot/Code/amiexpress-web/Node42/LOGON (checked levels 255 down to 5)
[SCREEN] Not found: /Users/spot/Code/amiexpress-web/Node43/LOGON (checked levels 255 down to 5)
[SCREEN] Not found: /Users/spot/Code/amiexpress-web/Node44/LOGON (checked levels 255 down to 5)
[SCREEN] Not found: /Users/spot/Code/amiexpress-web/Node45/LOGON (checked levels 255 down to 5)
[SCREEN] Not found: /Users/spot/Code/amiexpress-web/Node97/LOGON (checked levels 255 down to 5)
[SCREEN] Found user screen type: /Users/spot/Code/amiexpress-web/Node0/BBSTITLE.TXT
[SCREEN] Found user screen type: /Users/spot/Code/amiexpress-web/Node1/BBSTITLE.TXT
[SCREEN] Found user screen type: /Users/spot/Code/amiexpress-web/Node2/BBSTITLE.TXT
[SCREEN] Found user screen type: /Users/spot/Code/amiexpress-web/Node3/BBSTITLE.TXT
[SCREEN] Found user screen type: /Users/spot/Code/amiexpress-web/Node4/BBSTITLE.TXT
[SCREEN] Found user screen type: /Users/spot/Code/amiexpress-web/Node5/BBSTITLE.TXT
[SCREEN] Found user screen type: /Users/spot/Code/amiexpress-web/Node6/BBSTITLE.TXT
[SCREEN] Found user screen type: /Users/spot/Code/amiexpress-web/Node7/BBSTITLE.TXT
[SCREEN] Found user screen type: /Users/spot/Code/amiexpress-web/Node8/BBSTITLE.TXT
[SCREEN] Found user screen type: /Users/spot/Code/amiexpress-web/Node9/BBSTITLE.TXT
[SCREEN] Found user screen type: /Users/spot/Code/amiexpress-web/Node10/BBSTITLE.TXT
[SCREEN] Found user screen type: /Users/spot/Code/amiexpress-web/Node11/BBSTITLE.TXT
[SCREEN] Found user screen type: /Users/spot/Code/amiexpress-web/Node12/BBSTITLE.TXT
[SCREEN] Found user screen type: /Users/spot/Code/amiexpress-web/Node13/BBSTITLE.TXT
[SCREEN] Found user screen type: /Users/spot/Code/amiexpress-web/Node14/BBSTITLE.TXT
[SCREEN] Found user screen type: /Users/spot/Code/amiexpress-web/Node15/BBSTITLE.TXT
[SCREEN] Found user screen type: /Users/spot/Code/amiexpress-web/Node16/BBSTITLE.TXT
[SCREEN] Found user screen type: /Users/spot/Code/amiexpress-web/Node17/BBSTITLE.TXT
[SCREEN] Found user screen type: /Users/spot/Code/amiexpress-web/Node18/BBSTITLE.TXT
[SCREEN] Found user screen type: /Users/spot/Code/amiexpress-web/Node19/BBSTITLE.TXT
[SCREEN] Found user screen type: /Users/spot/Code/amiexpress-web/Node20/BBSTITLE.TXT
[SCREEN] Found user screen type: /Users/spot/Code/amiexpress-web/Node21/BBSTITLE.TXT
[SCREEN] Found user screen type: /Users/spot/Code/amiexpress-web/Node22/BBSTITLE.TXT
[SCREEN] Found user screen type: /Users/spot/Code/amiexpress-web/Node23/BBSTITLE.TXT
[SCREEN] Found user screen type: /Users/spot/Code/amiexpress-web/Node24/BBSTITLE.TXT
[SCREEN] Found user screen type: /Users/spot/Code/amiexpress-web/Node25/BBSTITLE.TXT
[SCREEN] Found user screen type: /Users/spot/Code/amiexpress-web/Node26/BBSTITLE.TXT
[SCREEN] Found user screen type: /Users/spot/Code/amiexpress-web/Node27/BBSTITLE.TXT
[SCREEN] Found user screen type: /Users/spot/Code/amiexpress-web/Node28/BBSTITLE.TXT
[SCREEN] Found user screen type: /Users/spot/Code/amiexpress-web/Node29/BBSTITLE.TXT
[SCREEN] Found user screen type: /Users/spot/Code/amiexpress-web/Node30/BBSTITLE.TXT
[SCREEN] Found user screen type: /Users/spot/Code/amiexpress-web/Node31/BBSTITLE.TXT
[SCREEN] Found user screen type: /Users/spot/Code/amiexpress-web/Node32/BBSTITLE.TXT
[SCREEN] Found user screen type: /Users/spot/Code/amiexpress-web/Node33/BBSTITLE.TXT
[SCREEN] Found user screen type: /Users/spot/Code/amiexpress-web/Node34/BBSTITLE.TXT
[SCREEN] Found user screen type: /Users/spot/Code/amiexpress-web/Node35/BBSTITLE.TXT
[SCREEN] Found user screen type: /Users/spot/Code/amiexpress-web/Node36/BBSTITLE.TXT
[SCREEN] Found user screen type: /Users/spot/Code/amiexpress-web/Node37/BBSTITLE.TXT
[SCREEN] Found user screen type: /Users/spot/Code/amiexpress-web/Node38/BBSTITLE.TXT
[SCREEN] Found user screen type: /Users/spot/Code/amiexpress-web/Node39/BBSTITLE.TXT
[SCREEN] Found user screen type: /Users/spot/Code/amiexpress-web/Node40/BBSTITLE.TXT
[SCREEN] Not found: /Users/spot/Code/amiexpress-web/Node42/BBSTITLE (checked levels 255 down to 5)
[SCREEN] Not found: /Users/spot/Code/amiexpress-web/Node43/BBSTITLE (checked levels 255 down to 5)
[SCREEN] Not found: /Users/spot/Code/amiexpress-web/Node44/BBSTITLE (checked levels 255 down to 5)
[SCREEN] Not found: /Users/spot/Code/amiexpress-web/Node45/BBSTITLE (checked levels 255 down to 5)
[SCREEN] Not found: /Users/spot/Code/amiexpress-web/Node97/BBSTITLE (checked levels 255 down to 5)
[SCREEN] Found user screen type: /Users/spot/Code/amiexpress-web/Node0/JOIN.TXT
[SCREEN] Found user screen type: /Users/spot/Code/amiexpress-web/Node1/JOIN.TXT
[SCREEN] Found user screen type: /Users/spot/Code/amiexpress-web/Node2/JOIN.TXT
[SCREEN] Found user screen type: /Users/spot/Code/amiexpress-web/Node3/JOIN.TXT
[SCREEN] Found user screen type: /Users/spot/Code/amiexpress-web/Node4/JOIN.TXT
[SCREEN] Found user screen type: /Users/spot/Code/amiexpress-web/Node5/JOIN.TXT
[SCREEN] Found user screen type: /Users/spot/Code/amiexpress-web/Node6/JOIN.TXT
[SCREEN] Found user screen type: /Users/spot/Code/amiexpress-web/Node7/JOIN.TXT
[SCREEN] Found user screen type: /Users/spot/Code/amiexpress-web/Node8/JOIN.TXT
[SCREEN] Found user screen type: /Users/spot/Code/amiexpress-web/Node9/JOIN.TXT
[SCREEN] Found user screen type: /Users/spot/Code/amiexpress-web/Node10/JOIN.TXT
[SCREEN] Found user screen type: /Users/spot/Code/amiexpress-web/Node11/JOIN.TXT
[SCREEN] Found user screen type: /Users/spot/Code/amiexpress-web/Node12/JOIN.TXT
[SCREEN] Found user screen type: /Users/spot/Code/amiexpress-web/Node13/JOIN.TXT
[SCREEN] Found user screen type: /Users/spot/Code/amiexpress-web/Node14/JOIN.TXT
[SCREEN] Found user screen type: /Users/spot/Code/amiexpress-web/Node15/JOIN.TXT
[SCREEN] Found user screen type: /Users/spot/Code/amiexpress-web/Node16/JOIN.TXT
[SCREEN] Found user screen type: /Users/spot/Code/amiexpress-web/Node17/JOIN.TXT
[SCREEN] Found user screen type: /Users/spot/Code/amiexpress-web/Node18/JOIN.TXT
[SCREEN] Found user screen type: /Users/spot/Code/amiexpress-web/Node19/JOIN.TXT
[SCREEN] Found user screen type: /Users/spot/Code/amiexpress-web/Node20/JOIN.TXT
[SCREEN] Found user screen type: /Users/spot/Code/amiexpress-web/Node21/JOIN.TXT
[SCREEN] Found user screen type: /Users/spot/Code/amiexpress-web/Node22/JOIN.TXT
[SCREEN] Found user screen type: /Users/spot/Code/amiexpress-web/Node23/JOIN.TXT
[SCREEN] Found user screen type: /Users/spot/Code/amiexpress-web/Node24/JOIN.TXT
[SCREEN] Found user screen type: /Users/spot/Code/amiexpress-web/Node25/JOIN.TXT
[SCREEN] Found user screen type: /Users/spot/Code/amiexpress-web/Node26/JOIN.TXT
[SCREEN] Found user screen type: /Users/spot/Code/amiexpress-web/Node27/JOIN.TXT
[SCREEN] Found user screen type: /Users/spot/Code/amiexpress-web/Node28/JOIN.TXT
[SCREEN] Found user screen type: /Users/spot/Code/amiexpress-web/Node29/JOIN.TXT
[SCREEN] Found user screen type: /Users/spot/Code/amiexpress-web/Node30/JOIN.TXT
[SCREEN] Found user screen type: /Users/spot/Code/amiexpress-web/Node31/JOIN.TXT
[SCREEN] Found user screen type: /Users/spot/Code/amiexpress-web/Node32/JOIN.TXT
[SCREEN] Found user screen type: /Users/spot/Code/amiexpress-web/Node33/JOIN.TXT
[SCREEN] Found user screen type: /Users/spot/Code/amiexpress-web/Node34/JOIN.TXT
[SCREEN] Found user screen type: /Users/spot/Code/amiexpress-web/Node35/JOIN.TXT
[SCREEN] Found user screen type: /Users/spot/Code/amiexpress-web/Node36/JOIN.TXT
[SCREEN] Found user screen type: /Users/spot/Code/amiexpress-web/Node37/JOIN.TXT
[SCREEN] Found user screen type: /Users/spot/Code/amiexpress-web/Node38/JOIN.TXT
[SCREEN] Found user screen type: /Users/spot/Code/amiexpress-web/Node39/JOIN.TXT
[SCREEN] Found user screen type: /Users/spot/Code/amiexpress-web/Node40/JOIN.TXT
[SCREEN] Not found: /Users/spot/Code/amiexpress-web/Node42/JOIN (checked levels 255 down to 5)
[SCREEN] Not found: /Users/spot/Code/amiexpress-web/Node43/JOIN (checked levels 255 down to 5)
[SCREEN] Not found: /Users/spot/Code/amiexpress-web/Node44/JOIN (checked levels 255 down to 5)
[SCREEN] Not found: /Users/spot/Code/amiexpress-web/Node45/JOIN (checked levels 255 down to 5)
[SCREEN] Not found: /Users/spot/Code/amiexpress-web/Node97/JOIN (checked levels 255 down to 5)
[SCREEN] Found user screen type: /Users/spot/Code/amiexpress-web/Node0/JOINED.TXT
[SCREEN] Found user screen type: /Users/spot/Code/amiexpress-web/Node1/JOINED.TXT
[SCREEN] Found user screen type: /Users/spot/Code/amiexpress-web/Node2/JOINED.TXT
[SCREEN] Found user screen type: /Users/spot/Code/amiexpress-web/Node3/JOINED.TXT
[SCREEN] Found user screen type: /Users/spot/Code/amiexpress-web/Node4/JOINED.TXT
[SCREEN] Found user screen type: /Users/spot/Code/amiexpress-web/Node5/JOINED.TXT
[SCREEN] Found user screen type: /Users/spot/Code/amiexpress-web/Node6/JOINED.TXT
[SCREEN] Found user screen type: /Users/spot/Code/amiexpress-web/Node7/JOINED.TXT
[SCREEN] Found user screen type: /Users/spot/Code/amiexpress-web/Node8/JOINED.TXT
[SCREEN] Found user screen type: /Users/spot/Code/amiexpress-web/Node9/JOINED.TXT
[SCREEN] Found user screen type: /Users/spot/Code/amiexpress-web/Node10/JOINED.TXT
[SCREEN] Found user screen type: /Users/spot/Code/amiexpress-web/Node11/JOINED.TXT
[SCREEN] Found user screen type: /Users/spot/Code/amiexpress-web/Node12/JOINED.TXT
[SCREEN] Found user screen type: /Users/spot/Code/amiexpress-web/Node13/JOINED.TXT
[SCREEN] Found user screen type: /Users/spot/Code/amiexpress-web/Node14/JOINED.TXT
[SCREEN] Found user screen type: /Users/spot/Code/amiexpress-web/Node15/JOINED.TXT
[SCREEN] Found user screen type: /Users/spot/Code/amiexpress-web/Node16/JOINED.TXT
[SCREEN] Found user screen type: /Users/spot/Code/amiexpress-web/Node17/JOINED.TXT
[SCREEN] Found user screen type: /Users/spot/Code/amiexpress-web/Node18/JOINED.TXT
[SCREEN] Found user screen type: /Users/spot/Code/amiexpress-web/Node19/JOINED.TXT
[SCREEN] Found user screen type: /Users/spot/Code/amiexpress-web/Node20/JOINED.TXT
[SCREEN] Found user screen type: /Users/spot/Code/amiexpress-web/Node21/JOINED.TXT
[SCREEN] Found user screen type: /Users/spot/Code/amiexpress-web/Node22/JOINED.TXT
[SCREEN] Found user screen type: /Users/spot/Code/amiexpress-web/Node23/JOINED.TXT
[SCREEN] Found user screen type: /Users/spot/Code/amiexpress-web/Node24/JOINED.TXT
[SCREEN] Found user screen type: /Users/spot/Code/amiexpress-web/Node25/JOINED.TXT
[SCREEN] Found user screen type: /Users/spot/Code/amiexpress-web/Node26/JOINED.TXT
[SCREEN] Found user screen type: /Users/spot/Code/amiexpress-web/Node27/JOINED.TXT
[SCREEN] Found user screen type: /Users/spot/Code/amiexpress-web/Node28/JOINED.TXT
[SCREEN] Found user screen type: /Users/spot/Code/amiexpress-web/Node29/JOINED.TXT
[SCREEN] Found user screen type: /Users/spot/Code/amiexpress-web/Node30/JOINED.TXT
[SCREEN] Found user screen type: /Users/spot/Code/amiexpress-web/Node31/JOINED.TXT
[SCREEN] Found user screen type: /Users/spot/Code/amiexpress-web/Node32/JOINED.TXT
[SCREEN] Found user screen type: /Users/spot/Code/amiexpress-web/Node33/JOINED.TXT
[SCREEN] Found user screen type: /Users/spot/Code/amiexpress-web/Node34/JOINED.TXT
[SCREEN] Found user screen type: /Users/spot/Code/amiexpress-web/Node35/JOINED.TXT
[SCREEN] Found user screen type: /Users/spot/Code/amiexpress-web/Node36/JOINED.TXT
[SCREEN] Found user screen type: /Users/spot/Code/amiexpress-web/Node37/JOINED.TXT
[SCREEN] Found user screen type: /Users/spot/Code/amiexpress-web/Node38/JOINED.TXT
[SCREEN] Found user screen type: /Users/spot/Code/amiexpress-web/Node39/JOINED.TXT
[SCREEN] Found user screen type: /Users/spot/Code/amiexpress-web/Node40/JOINED.TXT
[SCREEN] Not found: /Users/spot/Code/amiexpress-web/Node42/JOINED (checked levels 255 down to 5)
[SCREEN] Not found: /Users/spot/Code/amiexpress-web/Node43/JOINED (checked levels 255 down to 5)
[SCREEN] Not found: /Users/spot/Code/amiexpress-web/Node44/JOINED (checked levels 255 down to 5)
[SCREEN] Not found: /Users/spot/Code/amiexpress-web/Node45/JOINED (checked levels 255 down to 5)
[SCREEN] Not found: /Users/spot/Code/amiexpress-web/Node97/JOINED (checked levels 255 down to 5)
[SCREEN] Found user screen type: /Users/spot/Code/amiexpress-web/Node0/JOINCONF.TXT
[SCREEN] Found user screen type: /Users/spot/Code/amiexpress-web/Node1/JOINCONF.TXT
[SCREEN] Found user screen type: /Users/spot/Code/amiexpress-web/Node2/JOINCONF.TXT
[SCREEN] Found user screen type: /Users/spot/Code/amiexpress-web/Node3/JOINCONF.TXT
[SCREEN] Found user screen type: /Users/spot/Code/amiexpress-web/Node4/JOINCONF.TXT
[SCREEN] Found user screen type: /Users/spot/Code/amiexpress-web/Node5/JOINCONF.TXT
[SCREEN] Found user screen type: /Users/spot/Code/amiexpress-web/Node6/JOINCONF.TXT
[SCREEN] Found user screen type: /Users/spot/Code/amiexpress-web/Node7/JOINCONF.TXT
[SCREEN] Found user screen type: /Users/spot/Code/amiexpress-web/Node8/JOINCONF.TXT
[SCREEN] Found user screen type: /Users/spot/Code/amiexpress-web/Node9/JOINCONF.TXT
[SCREEN] Found user screen type: /Users/spot/Code/amiexpress-web/Node10/JOINCONF.TXT
[SCREEN] Found user screen type: /Users/spot/Code/amiexpress-web/Node11/JOINCONF.TXT
[SCREEN] Found user screen type: /Users/spot/Code/amiexpress-web/Node12/JOINCONF.TXT
[SCREEN] Found user screen type: /Users/spot/Code/amiexpress-web/Node13/JOINCONF.TXT
[SCREEN] Found user screen type: /Users/spot/Code/amiexpress-web/Node14/JOINCONF.TXT
[SCREEN] Found user screen type: /Users/spot/Code/amiexpress-web/Node15/JOINCONF.TXT
[SCREEN] Found user screen type: /Users/spot/Code/amiexpress-web/Node16/JOINCONF.TXT
[SCREEN] Found user screen type: /Users/spot/Code/amiexpress-web/Node17/JOINCONF.TXT
[SCREEN] Found user screen type: /Users/spot/Code/amiexpress-web/Node18/JOINCONF.TXT
[SCREEN] Found user screen type: /Users/spot/Code/amiexpress-web/Node19/JOINCONF.TXT
[SCREEN] Found user screen type: /Users/spot/Code/amiexpress-web/Node20/JOINCONF.TXT
[SCREEN] Found user screen type: /Users/spot/Code/amiexpress-web/Node21/JOINCONF.TXT
[SCREEN] Found user screen type: /Users/spot/Code/amiexpress-web/Node22/JOINCONF.TXT
[SCREEN] Found user screen type: /Users/spot/Code/amiexpress-web/Node23/JOINCONF.TXT
[SCREEN] Found user screen type: /Users/spot/Code/amiexpress-web/Node24/JOINCONF.TXT
[SCREEN] Found user screen type: /Users/spot/Code/amiexpress-web/Node25/JOINCONF.TXT
[SCREEN] Found user screen type: /Users/spot/Code/amiexpress-web/Node26/JOINCONF.TXT
[SCREEN] Found user screen type: /Users/spot/Code/amiexpress-web/Node27/JOINCONF.TXT
[SCREEN] Found user screen type: /Users/spot/Code/amiexpress-web/Node28/JOINCONF.TXT
[SCREEN] Found user screen type: /Users/spot/Code/amiexpress-web/Node29/JOINCONF.TXT
[SCREEN] Found user screen type: /Users/spot/Code/amiexpress-web/Node30/JOINCONF.TXT
[SCREEN] Found user screen type: /Users/spot/Code/amiexpress-web/Node31/JOINCONF.TXT
[SCREEN] Found user screen type: /Users/spot/Code/amiexpress-web/Node32/JOINCONF.TXT
[SCREEN] Found user screen type: /Users/spot/Code/amiexpress-web/Node33/JOINCONF.TXT
[SCREEN] Found user screen type: /Users/spot/Code/amiexpress-web/Node34/JOINCONF.TXT
[SCREEN] Found user screen type: /Users/spot/Code/amiexpress-web/Node35/JOINCONF.TXT
[SCREEN] Found user screen type: /Users/spot/Code/amiexpress-web/Node36/JOINCONF.TXT
[SCREEN] Found user screen type: /Users/spot/Code/amiexpress-web/Node37/JOINCONF.TXT
[SCREEN] Found user screen type: /Users/spot/Code/amiexpress-web/Node38/JOINCONF.TXT
[SCREEN] Found user screen type: /Users/spot/Code/amiexpress-web/Node39/JOINCONF.TXT
[SCREEN] Found user screen type: /Users/spot/Code/amiexpress-web/Node40/JOINCONF.TXT
[SCREEN] Not found: /Users/spot/Code/amiexpress-web/Node42/JOINCONF (checked levels 255 down to 5)
[SCREEN] Not found: /Users/spot/Code/amiexpress-web/Node43/JOINCONF (checked levels 255 down to 5)
[SCREEN] Not found: /Users/spot/Code/amiexpress-web/Node44/JOINCONF (checked levels 255 down to 5)
[SCREEN] Not found: /Users/spot/Code/amiexpress-web/Node45/JOINCONF (checked levels 255 down to 5)
[SCREEN] Not found: /Users/spot/Code/amiexpress-web/Node97/JOINCONF (checked levels 255 down to 5)
[SCREEN] Not found: /Users/spot/Code/amiexpress-web/Node0/JOINMSGBASE (checked levels 255 down to 5)
[SCREEN] Not found: /Users/spot/Code/amiexpress-web/Node1/JOINMSGBASE (checked levels 255 down to 5)
[SCREEN] Not found: /Users/spot/Code/amiexpress-web/Node2/JOINMSGBASE (checked levels 255 down to 5)
[SCREEN] Not found: /Users/spot/Code/amiexpress-web/Node3/JOINMSGBASE (checked levels 255 down to 5)
[SCREEN] Not found: /Users/spot/Code/amiexpress-web/Node4/JOINMSGBASE (checked levels 255 down to 5)
[SCREEN] Not found: /Users/spot/Code/amiexpress-web/Node5/JOINMSGBASE (checked levels 255 down to 5)
[SCREEN] Not found: /Users/spot/Code/amiexpress-web/Node6/JOINMSGBASE (checked levels 255 down to 5)
[SCREEN] Not found: /Users/spot/Code/amiexpress-web/Node7/JOINMSGBASE (checked levels 255 down to 5)
[SCREEN] Not found: /Users/spot/Code/amiexpress-web/Node8/JOINMSGBASE (checked levels 255 down to 5)
[SCREEN] Not found: /Users/spot/Code/amiexpress-web/Node9/JOINMSGBASE (checked levels 255 down to 5)
[SCREEN] Not found: /Users/spot/Code/amiexpress-web/Node10/JOINMSGBASE (checked levels 255 down to 5)
[SCREEN] Not found: /Users/spot/Code/amiexpress-web/Node11/JOINMSGBASE (checked levels 255 down to 5)
[SCREEN] Not found: /Users/spot/Code/amiexpress-web/Node12/JOINMSGBASE (checked levels 255 down to 5)
[SCREEN] Not found: /Users/spot/Code/amiexpress-web/Node13/JOINMSGBASE (checked levels 255 down to 5)
[SCREEN] Not found: /Users/spot/Code/amiexpress-web/Node14/JOINMSGBASE (checked levels 255 down to 5)
[SCREEN] Not found: /Users/spot/Code/amiexpress-web/Node15/JOINMSGBASE (checked levels 255 down to 5)
[SCREEN] Not found: /Users/spot/Code/amiexpress-web/Node16/JOINMSGBASE (checked levels 255 down to 5)
[SCREEN] Not found: /Users/spot/Code/amiexpress-web/Node17/JOINMSGBASE (checked levels 255 down to 5)
[SCREEN] Not found: /Users/spot/Code/amiexpress-web/Node18/JOINMSGBASE (checked levels 255 down to 5)
[SCREEN] Not found: /Users/spot/Code/amiexpress-web/Node19/JOINMSGBASE (checked levels 255 down to 5)
[SCREEN] Not found: /Users/spot/Code/amiexpress-web/Node20/JOINMSGBASE (checked levels 255 down to 5)
[SCREEN] Not found: /Users/spot/Code/amiexpress-web/Node21/JOINMSGBASE (checked levels 255 down to 5)
[SCREEN] Not found: /Users/spot/Code/amiexpress-web/Node22/JOINMSGBASE (checked levels 255 down to 5)
[SCREEN] Not found: /Users/spot/Code/amiexpress-web/Node23/JOINMSGBASE (checked levels 255 down to 5)
[SCREEN] Not found: /Users/spot/Code/amiexpress-web/Node24/JOINMSGBASE (checked levels 255 down to 5)
[SCREEN] Not found: /Users/spot/Code/amiexpress-web/Node25/JOINMSGBASE (checked levels 255 down to 5)
[SCREEN] Not found: /Users/spot/Code/amiexpress-web/Node26/JOINMSGBASE (checked levels 255 down to 5)
[SCREEN] Not found: /Users/spot/Code/amiexpress-web/Node27/JOINMSGBASE (checked levels 255 down to 5)
[SCREEN] Not found: /Users/spot/Code/amiexpress-web/Node28/JOINMSGBASE (checked levels 255 down to 5)
[SCREEN] Not found: /Users/spot/Code/amiexpress-web/Node29/JOINMSGBASE (checked levels 255 down to 5)
[SCREEN] Not found: /Users/spot/Code/amiexpress-web/Node30/JOINMSGBASE (checked levels 255 down to 5)
[SCREEN] Not found: /Users/spot/Code/amiexpress-web/Node31/JOINMSGBASE (checked levels 255 down to 5)
[SCREEN] Not found: /Users/spot/Code/amiexpress-web/Node32/JOINMSGBASE (checked levels 255 down to 5)
[SCREEN] Not found: /Users/spot/Code/amiexpress-web/Node33/JOINMSGBASE (checked levels 255 down to 5)
[SCREEN] Not found: /Users/spot/Code/amiexpress-web/Node34/JOINMSGBASE (checked levels 255 down to 5)
[SCREEN] Not found: /Users/spot/Code/amiexpress-web/Node35/JOINMSGBASE (checked levels 255 down to 5)
[SCREEN] Not found: /Users/spot/Code/amiexpress-web/Node36/JOINMSGBASE (checked levels 255 down to 5)
[SCREEN] Not found: /Users/spot/Code/amiexpress-web/Node37/JOINMSGBASE (checked levels 255 down to 5)
[SCREEN] Not found: /Users/spot/Code/amiexpress-web/Node38/JOINMSGBASE (checked levels 255 down to 5)
[SCREEN] Not found: /Users/spot/Code/amiexpress-web/Node39/JOINMSGBASE (checked levels 255 down to 5)
[SCREEN] Not found: /Users/spot/Code/amiexpress-web/Node40/JOINMSGBASE (checked levels 255 down to 5)
[SCREEN] Not found: /Users/spot/Code/amiexpress-web/Node42/JOINMSGBASE (checked levels 255 down to 5)
[SCREEN] Not found: /Users/spot/Code/amiexpress-web/Node43/JOINMSGBASE (checked levels 255 down to 5)
[SCREEN] Not found: /Users/spot/Code/amiexpress-web/Node44/JOINMSGBASE (checked levels 255 down to 5)
[SCREEN] Not found: /Users/spot/Code/amiexpress-web/Node45/JOINMSGBASE (checked levels 255 down to 5)
[SCREEN] Not found: /Users/spot/Code/amiexpress-web/Node97/JOINMSGBASE (checked levels 255 down to 5)
[SCREEN] Not found: /Users/spot/Code/amiexpress-web/Node0/NEWUSERPW (checked levels 255 down to 5)
[SCREEN] Not found: /Users/spot/Code/amiexpress-web/Node1/NEWUSERPW (checked levels 255 down to 5)
[SCREEN] Not found: /Users/spot/Code/amiexpress-web/Node2/NEWUSERPW (checked levels 255 down to 5)
[SCREEN] Not found: /Users/spot/Code/amiexpress-web/Node3/NEWUSERPW (checked levels 255 down to 5)
[SCREEN] Not found: /Users/spot/Code/amiexpress-web/Node4/NEWUSERPW (checked levels 255 down to 5)
[SCREEN] Not found: /Users/spot/Code/amiexpress-web/Node5/NEWUSERPW (checked levels 255 down to 5)
[SCREEN] Not found: /Users/spot/Code/amiexpress-web/Node6/NEWUSERPW (checked levels 255 down to 5)
[SCREEN] Not found: /Users/spot/Code/amiexpress-web/Node7/NEWUSERPW (checked levels 255 down to 5)
[SCREEN] Not found: /Users/spot/Code/amiexpress-web/Node8/NEWUSERPW (checked levels 255 down to 5)
[SCREEN] Not found: /Users/spot/Code/amiexpress-web/Node9/NEWUSERPW (checked levels 255 down to 5)
[SCREEN] Not found: /Users/spot/Code/amiexpress-web/Node10/NEWUSERPW (checked levels 255 down to 5)
[SCREEN] Not found: /Users/spot/Code/amiexpress-web/Node11/NEWUSERPW (checked levels 255 down to 5)
[SCREEN] Not found: /Users/spot/Code/amiexpress-web/Node12/NEWUSERPW (checked levels 255 down to 5)
[SCREEN] Not found: /Users/spot/Code/amiexpress-web/Node13/NEWUSERPW (checked levels 255 down to 5)
[SCREEN] Not found: /Users/spot/Code/amiexpress-web/Node14/NEWUSERPW (checked levels 255 down to 5)
[SCREEN] Not found: /Users/spot/Code/amiexpress-web/Node15/NEWUSERPW (checked levels 255 down to 5)
[SCREEN] Not found: /Users/spot/Code/amiexpress-web/Node16/NEWUSERPW (checked levels 255 down to 5)
[SCREEN] Not found: /Users/spot/Code/amiexpress-web/Node17/NEWUSERPW (checked levels 255 down to 5)
[SCREEN] Not found: /Users/spot/Code/amiexpress-web/Node18/NEWUSERPW (checked levels 255 down to 5)
[SCREEN] Not found: /Users/spot/Code/amiexpress-web/Node19/NEWUSERPW (checked levels 255 down to 5)
[SCREEN] Not found: /Users/spot/Code/amiexpress-web/Node20/NEWUSERPW (checked levels 255 down to 5)
[SCREEN] Not found: /Users/spot/Code/amiexpress-web/Node21/NEWUSERPW (checked levels 255 down to 5)
[SCREEN] Not found: /Users/spot/Code/amiexpress-web/Node22/NEWUSERPW (checked levels 255 down to 5)
[SCREEN] Not found: /Users/spot/Code/amiexpress-web/Node23/NEWUSERPW (checked levels 255 down to 5)
[SCREEN] Not found: /Users/spot/Code/amiexpress-web/Node24/NEWUSERPW (checked levels 255 down to 5)
[SCREEN] Not found: /Users/spot/Code/amiexpress-web/Node25/NEWUSERPW (checked levels 255 down to 5)
[SCREEN] Not found: /Users/spot/Code/amiexpress-web/Node26/NEWUSERPW (checked levels 255 down to 5)
[SCREEN] Not found: /Users/spot/Code/amiexpress-web/Node27/NEWUSERPW (checked levels 255 down to 5)
[SCREEN] Not found: /Users/spot/Code/amiexpress-web/Node28/NEWUSERPW (checked levels 255 down to 5)
[SCREEN] Not found: /Users/spot/Code/amiexpress-web/Node29/NEWUSERPW (checked levels 255 down to 5)
[SCREEN] Not found: /Users/spot/Code/amiexpress-web/Node30/NEWUSERPW (checked levels 255 down to 5)
[SCREEN] Not found: /Users/spot/Code/amiexpress-web/Node31/NEWUSERPW (checked levels 255 down to 5)
[SCREEN] Not found: /Users/spot/Code/amiexpress-web/Node32/NEWUSERPW (checked levels 255 down to 5)
[SCREEN] Not found: /Users/spot/Code/amiexpress-web/Node33/NEWUSERPW (checked levels 255 down to 5)
[SCREEN] Not found: /Users/spot/Code/amiexpress-web/Node34/NEWUSERPW (checked levels 255 down to 5)
[SCREEN] Not found: /Users/spot/Code/amiexpress-web/Node35/NEWUSERPW (checked levels 255 down to 5)
[SCREEN] Not found: /Users/spot/Code/amiexpress-web/Node36/NEWUSERPW (checked levels 255 down to 5)
[SCREEN] Not found: /Users/spot/Code/amiexpress-web/Node37/NEWUSERPW (checked levels 255 down to 5)
[SCREEN] Not found: /Users/spot/Code/amiexpress-web/Node38/NEWUSERPW (checked levels 255 down to 5)
[SCREEN] Not found: /Users/spot/Code/amiexpress-web/Node39/NEWUSERPW (checked levels 255 down to 5)
[SCREEN] Not found: /Users/spot/Code/amiexpress-web/Node40/NEWUSERPW (checked levels 255 down to 5)
[SCREEN] Not found: /Users/spot/Code/amiexpress-web/Node42/NEWUSERPW (checked levels 255 down to 5)
[SCREEN] Not found: /Users/spot/Code/amiexpress-web/Node43/NEWUSERPW (checked levels 255 down to 5)
[SCREEN] Not found: /Users/spot/Code/amiexpress-web/Node44/NEWUSERPW (checked levels 255 down to 5)
[SCREEN] Not found: /Users/spot/Code/amiexpress-web/Node45/NEWUSERPW (checked levels 255 down to 5)
[SCREEN] Not found: /Users/spot/Code/amiexpress-web/Node97/NEWUSERPW (checked levels 255 down to 5)
[SCREEN] Not found: /Users/spot/Code/amiexpress-web/Node0/NONEWUSERS (checked levels 255 down to 5)
[SCREEN] Not found: /Users/spot/Code/amiexpress-web/Node1/NONEWUSERS (checked levels 255 down to 5)
[SCREEN] Not found: /Users/spot/Code/amiexpress-web/Node2/NONEWUSERS (checked levels 255 down to 5)
[SCREEN] Not found: /Users/spot/Code/amiexpress-web/Node3/NONEWUSERS (checked levels 255 down to 5)
[SCREEN] Not found: /Users/spot/Code/amiexpress-web/Node4/NONEWUSERS (checked levels 255 down to 5)
[SCREEN] Not found: /Users/spot/Code/amiexpress-web/Node5/NONEWUSERS (checked levels 255 down to 5)
[SCREEN] Not found: /Users/spot/Code/amiexpress-web/Node6/NONEWUSERS (checked levels 255 down to 5)
[SCREEN] Not found: /Users/spot/Code/amiexpress-web/Node7/NONEWUSERS (checked levels 255 down to 5)
[SCREEN] Not found: /Users/spot/Code/amiexpress-web/Node8/NONEWUSERS (checked levels 255 down to 5)
[SCREEN] Not found: /Users/spot/Code/amiexpress-web/Node9/NONEWUSERS (checked levels 255 down to 5)
[SCREEN] Not found: /Users/spot/Code/amiexpress-web/Node10/NONEWUSERS (checked levels 255 down to 5)
[SCREEN] Not found: /Users/spot/Code/amiexpress-web/Node11/NONEWUSERS (checked levels 255 down to 5)
[SCREEN] Not found: /Users/spot/Code/amiexpress-web/Node12/NONEWUSERS (checked levels 255 down to 5)
[SCREEN] Not found: /Users/spot/Code/amiexpress-web/Node13/NONEWUSERS (checked levels 255 down to 5)
[SCREEN] Not found: /Users/spot/Code/amiexpress-web/Node14/NONEWUSERS (checked levels 255 down to 5)
[SCREEN] Not found: /Users/spot/Code/amiexpress-web/Node15/NONEWUSERS (checked levels 255 down to 5)
[SCREEN] Not found: /Users/spot/Code/amiexpress-web/Node16/NONEWUSERS (checked levels 255 down to 5)
[SCREEN] Not found: /Users/spot/Code/amiexpress-web/Node17/NONEWUSERS (checked levels 255 down to 5)
[SCREEN] Not found: /Users/spot/Code/amiexpress-web/Node18/NONEWUSERS (checked levels 255 down to 5)
[SCREEN] Not found: /Users/spot/Code/amiexpress-web/Node19/NONEWUSERS (checked levels 255 down to 5)
[SCREEN] Not found: /Users/spot/Code/amiexpress-web/Node20/NONEWUSERS (checked levels 255 down to 5)
[SCREEN] Not found: /Users/spot/Code/amiexpress-web/Node21/NONEWUSERS (checked levels 255 down to 5)
[SCREEN] Not found: /Users/spot/Code/amiexpress-web/Node22/NONEWUSERS (checked levels 255 down to 5)
[SCREEN] Not found: /Users/spot/Code/amiexpress-web/Node23/NONEWUSERS (checked levels 255 down to 5)
[SCREEN] Not found: /Users/spot/Code/amiexpress-web/Node24/NONEWUSERS (checked levels 255 down to 5)
[SCREEN] Not found: /Users/spot/Code/amiexpress-web/Node25/NONEWUSERS (checked levels 255 down to 5)
[SCREEN] Not found: /Users/spot/Code/amiexpress-web/Node26/NONEWUSERS (checked levels 255 down to 5)
[SCREEN] Not found: /Users/spot/Code/amiexpress-web/Node27/NONEWUSERS (checked levels 255 down to 5)
[SCREEN] Not found: /Users/spot/Code/amiexpress-web/Node28/NONEWUSERS (checked levels 255 down to 5)
[SCREEN] Not found: /Users/spot/Code/amiexpress-web/Node29/NONEWUSERS (checked levels 255 down to 5)
[SCREEN] Not found: /Users/spot/Code/amiexpress-web/Node30/NONEWUSERS (checked levels 255 down to 5)
[SCREEN] Not found: /Users/spot/Code/amiexpress-web/Node31/NONEWUSERS (checked levels 255 down to 5)
[SCREEN] Not found: /Users/spot/Code/amiexpress-web/Node32/NONEWUSERS (checked levels 255 down to 5)
[SCREEN] Not found: /Users/spot/Code/amiexpress-web/Node33/NONEWUSERS (checked levels 255 down to 5)
[SCREEN] Not found: /Users/spot/Code/amiexpress-web/Node34/NONEWUSERS (checked levels 255 down to 5)
[SCREEN] Not found: /Users/spot/Code/amiexpress-web/Node35/NONEWUSERS (checked levels 255 down to 5)
[SCREEN] Not found: /Users/spot/Code/amiexpress-web/Node36/NONEWUSERS (checked levels 255 down to 5)
[SCREEN] Not found: /Users/spot/Code/amiexpress-web/Node37/NONEWUSERS (checked levels 255 down to 5)
[SCREEN] Not found: /Users/spot/Code/amiexpress-web/Node38/NONEWUSERS (checked levels 255 down to 5)
[SCREEN] Not found: /Users/spot/Code/amiexpress-web/Node39/NONEWUSERS (checked levels 255 down to 5)
[SCREEN] Not found: /Users/spot/Code/amiexpress-web/Node40/NONEWUSERS (checked levels 255 down to 5)
[SCREEN] Not found: /Users/spot/Code/amiexpress-web/Node42/NONEWUSERS (checked levels 255 down to 5)
[SCREEN] Not found: /Users/spot/Code/amiexpress-web/Node43/NONEWUSERS (checked levels 255 down to 5)
[SCREEN] Not found: /Users/spot/Code/amiexpress-web/Node44/NONEWUSERS (checked levels 255 down to 5)
[SCREEN] Not found: /Users/spot/Code/amiexpress-web/Node45/NONEWUSERS (checked levels 255 down to 5)
[SCREEN] Not found: /Users/spot/Code/amiexpress-web/Node97/NONEWUSERS (checked levels 255 down to 5)
[SCREEN] Found user screen type: /Users/spot/Code/amiexpress-web/Node0/GUESTLOGON.TXT
[SCREEN] Found user screen type: /Users/spot/Code/amiexpress-web/Node1/GUESTLOGON.TXT
[SCREEN] Found user screen type: /Users/spot/Code/amiexpress-web/Node2/GUESTLOGON.TXT
[SCREEN] Found user screen type: /Users/spot/Code/amiexpress-web/Node3/GUESTLOGON.TXT
[SCREEN] Found user screen type: /Users/spot/Code/amiexpress-web/Node4/GUESTLOGON.TXT
[SCREEN] Found user screen type: /Users/spot/Code/amiexpress-web/Node5/GUESTLOGON.TXT
[SCREEN] Found user screen type: /Users/spot/Code/amiexpress-web/Node6/GUESTLOGON.TXT
[SCREEN] Found user screen type: /Users/spot/Code/amiexpress-web/Node7/GUESTLOGON.TXT
[SCREEN] Found user screen type: /Users/spot/Code/amiexpress-web/Node8/GUESTLOGON.TXT
[SCREEN] Found user screen type: /Users/spot/Code/amiexpress-web/Node9/GUESTLOGON.TXT
[SCREEN] Found user screen type: /Users/spot/Code/amiexpress-web/Node10/GUESTLOGON.TXT
[SCREEN] Found user screen type: /Users/spot/Code/amiexpress-web/Node11/GUESTLOGON.TXT
[SCREEN] Found user screen type: /Users/spot/Code/amiexpress-web/Node12/GUESTLOGON.TXT
[SCREEN] Found user screen type: /Users/spot/Code/amiexpress-web/Node13/GUESTLOGON.TXT
[SCREEN] Found user screen type: /Users/spot/Code/amiexpress-web/Node14/GUESTLOGON.TXT
[SCREEN] Found user screen type: /Users/spot/Code/amiexpress-web/Node15/GUESTLOGON.TXT
[SCREEN] Found user screen type: /Users/spot/Code/amiexpress-web/Node16/GUESTLOGON.TXT
[SCREEN] Found user screen type: /Users/spot/Code/amiexpress-web/Node17/GUESTLOGON.TXT
[SCREEN] Found user screen type: /Users/spot/Code/amiexpress-web/Node18/GUESTLOGON.TXT
[SCREEN] Found user screen type: /Users/spot/Code/amiexpress-web/Node19/GUESTLOGON.TXT
[SCREEN] Found user screen type: /Users/spot/Code/amiexpress-web/Node20/GUESTLOGON.TXT
[SCREEN] Found user screen type: /Users/spot/Code/amiexpress-web/Node21/GUESTLOGON.TXT
[SCREEN] Found user screen type: /Users/spot/Code/amiexpress-web/Node22/GUESTLOGON.TXT
[SCREEN] Found user screen type: /Users/spot/Code/amiexpress-web/Node23/GUESTLOGON.TXT
[SCREEN] Found user screen type: /Users/spot/Code/amiexpress-web/Node24/GUESTLOGON.TXT
[SCREEN] Found user screen type: /Users/spot/Code/amiexpress-web/Node25/GUESTLOGON.TXT
[SCREEN] Found user screen type: /Users/spot/Code/amiexpress-web/Node26/GUESTLOGON.TXT
[SCREEN] Found user screen type: /Users/spot/Code/amiexpress-web/Node27/GUESTLOGON.TXT
[SCREEN] Found user screen type: /Users/spot/Code/amiexpress-web/Node28/GUESTLOGON.TXT
[SCREEN] Found user screen type: /Users/spot/Code/amiexpress-web/Node29/GUESTLOGON.TXT
[SCREEN] Found user screen type: /Users/spot/Code/amiexpress-web/Node30/GUESTLOGON.TXT
[SCREEN] Found user screen type: /Users/spot/Code/amiexpress-web/Node31/GUESTLOGON.TXT
[SCREEN] Found user screen type: /Users/spot/Code/amiexpress-web/Node32/GUESTLOGON.TXT
[SCREEN] Found user screen type: /Users/spot/Code/amiexpress-web/Node33/GUESTLOGON.TXT
[SCREEN] Found user screen type: /Users/spot/Code/amiexpress-web/Node34/GUESTLOGON.TXT
[SCREEN] Found user screen type: /Users/spot/Code/amiexpress-web/Node35/GUESTLOGON.TXT
[SCREEN] Found user screen type: /Users/spot/Code/amiexpress-web/Node36/GUESTLOGON.TXT
[SCREEN] Found user screen type: /Users/spot/Code/amiexpress-web/Node37/GUESTLOGON.TXT
[SCREEN] Found user screen type: /Users/spot/Code/amiexpress-web/Node38/GUESTLOGON.TXT
[SCREEN] Found user screen type: /Users/spot/Code/amiexpress-web/Node39/GUESTLOGON.TXT
[SCREEN] Found user screen type: /Users/spot/Code/amiexpress-web/Node40/GUESTLOGON.TXT
[SCREEN] Not found: /Users/spot/Code/amiexpress-web/Node42/GUESTLOGON (checked levels 255 down to 5)
[SCREEN] Not found: /Users/spot/Code/amiexpress-web/Node43/GUESTLOGON (checked levels 255 down to 5)
[SCREEN] Not found: /Users/spot/Code/amiexpress-web/Node44/GUESTLOGON (checked levels 255 down to 5)
[SCREEN] Not found: /Users/spot/Code/amiexpress-web/Node45/GUESTLOGON (checked levels 255 down to 5)
[SCREEN] Not found: /Users/spot/Code/amiexpress-web/Node97/GUESTLOGON (checked levels 255 down to 5)
[SCREEN] Not found: /Users/spot/Code/amiexpress-web/Node0/LOCKOUT0 (checked levels 255 down to 5)
[SCREEN] Not found: /Users/spot/Code/amiexpress-web/Node1/LOCKOUT0 (checked levels 255 down to 5)
[SCREEN] Not found: /Users/spot/Code/amiexpress-web/Node2/LOCKOUT0 (checked levels 255 down to 5)
[SCREEN] Not found: /Users/spot/Code/amiexpress-web/Node3/LOCKOUT0 (checked levels 255 down to 5)
[SCREEN] Not found: /Users/spot/Code/amiexpress-web/Node4/LOCKOUT0 (checked levels 255 down to 5)
[SCREEN] Not found: /Users/spot/Code/amiexpress-web/Node5/LOCKOUT0 (checked levels 255 down to 5)
[SCREEN] Not found: /Users/spot/Code/amiexpress-web/Node6/LOCKOUT0 (checked levels 255 down to 5)
[SCREEN] Not found: /Users/spot/Code/amiexpress-web/Node7/LOCKOUT0 (checked levels 255 down to 5)
[SCREEN] Not found: /Users/spot/Code/amiexpress-web/Node8/LOCKOUT0 (checked levels 255 down to 5)
[SCREEN] Not found: /Users/spot/Code/amiexpress-web/Node9/LOCKOUT0 (checked levels 255 down to 5)
[SCREEN] Not found: /Users/spot/Code/amiexpress-web/Node10/LOCKOUT0 (checked levels 255 down to 5)
[SCREEN] Not found: /Users/spot/Code/amiexpress-web/Node11/LOCKOUT0 (checked levels 255 down to 5)
[SCREEN] Not found: /Users/spot/Code/amiexpress-web/Node12/LOCKOUT0 (checked levels 255 down to 5)
[SCREEN] Not found: /Users/spot/Code/amiexpress-web/Node13/LOCKOUT0 (checked levels 255 down to 5)
[SCREEN] Not found: /Users/spot/Code/amiexpress-web/Node14/LOCKOUT0 (checked levels 255 down to 5)
[SCREEN] Not found: /Users/spot/Code/amiexpress-web/Node15/LOCKOUT0 (checked levels 255 down to 5)
[SCREEN] Not found: /Users/spot/Code/amiexpress-web/Node16/LOCKOUT0 (checked levels 255 down to 5)
[SCREEN] Not found: /Users/spot/Code/amiexpress-web/Node17/LOCKOUT0 (checked levels 255 down to 5)
[SCREEN] Not found: /Users/spot/Code/amiexpress-web/Node18/LOCKOUT0 (checked levels 255 down to 5)
[SCREEN] Not found: /Users/spot/Code/amiexpress-web/Node19/LOCKOUT0 (checked levels 255 down to 5)
[SCREEN] Not found: /Users/spot/Code/amiexpress-web/Node20/LOCKOUT0 (checked levels 255 down to 5)
[SCREEN] Not found: /Users/spot/Code/amiexpress-web/Node21/LOCKOUT0 (checked levels 255 down to 5)
[SCREEN] Not found: /Users/spot/Code/amiexpress-web/Node22/LOCKOUT0 (checked levels 255 down to 5)
[SCREEN] Not found: /Users/spot/Code/amiexpress-web/Node23/LOCKOUT0 (checked levels 255 down to 5)
[SCREEN] Not found: /Users/spot/Code/amiexpress-web/Node24/LOCKOUT0 (checked levels 255 down to 5)
[SCREEN] Not found: /Users/spot/Code/amiexpress-web/Node25/LOCKOUT0 (checked levels 255 down to 5)
[SCREEN] Not found: /Users/spot/Code/amiexpress-web/Node26/LOCKOUT0 (checked levels 255 down to 5)
[SCREEN] Not found: /Users/spot/Code/amiexpress-web/Node27/LOCKOUT0 (checked levels 255 down to 5)
[SCREEN] Not found: /Users/spot/Code/amiexpress-web/Node28/LOCKOUT0 (checked levels 255 down to 5)
[SCREEN] Not found: /Users/spot/Code/amiexpress-web/Node29/LOCKOUT0 (checked levels 255 down to 5)
[SCREEN] Not found: /Users/spot/Code/amiexpress-web/Node30/LOCKOUT0 (checked levels 255 down to 5)
[SCREEN] Not found: /Users/spot/Code/amiexpress-web/Node31/LOCKOUT0 (checked levels 255 down to 5)
[SCREEN] Not found: /Users/spot/Code/amiexpress-web/Node32/LOCKOUT0 (checked levels 255 down to 5)
[SCREEN] Not found: /Users/spot/Code/amiexpress-web/Node33/LOCKOUT0 (checked levels 255 down to 5)
[SCREEN] Not found: /Users/spot/Code/amiexpress-web/Node34/LOCKOUT0 (checked levels 255 down to 5)
[SCREEN] Not found: /Users/spot/Code/amiexpress-web/Node35/LOCKOUT0 (checked levels 255 down to 5)
[SCREEN] Not found: /Users/spot/Code/amiexpress-web/Node36/LOCKOUT0 (checked levels 255 down to 5)
[SCREEN] Not found: /Users/spot/Code/amiexpress-web/Node37/LOCKOUT0 (checked levels 255 down to 5)
[SCREEN] Not found: /Users/spot/Code/amiexpress-web/Node38/LOCKOUT0 (checked levels 255 down to 5)
[SCREEN] Not found: /Users/spot/Code/amiexpress-web/Node39/LOCKOUT0 (checked levels 255 down to 5)
[SCREEN] Not found: /Users/spot/Code/amiexpress-web/Node40/LOCKOUT0 (checked levels 255 down to 5)
[SCREEN] Not found: /Users/spot/Code/amiexpress-web/Node42/LOCKOUT0 (checked levels 255 down to 5)
[SCREEN] Not found: /Users/spot/Code/amiexpress-web/Node43/LOCKOUT0 (checked levels 255 down to 5)
[SCREEN] Not found: /Users/spot/Code/amiexpress-web/Node44/LOCKOUT0 (checked levels 255 down to 5)
[SCREEN] Not found: /Users/spot/Code/amiexpress-web/Node45/LOCKOUT0 (checked levels 255 down to 5)
[SCREEN] Not found: /Users/spot/Code/amiexpress-web/Node97/LOCKOUT0 (checked levels 255 down to 5)
[SCREEN] Not found: /Users/spot/Code/amiexpress-web/Node0/LOCKOUT1 (checked levels 255 down to 5)
[SCREEN] Not found: /Users/spot/Code/amiexpress-web/Node1/LOCKOUT1 (checked levels 255 down to 5)
[SCREEN] Not found: /Users/spot/Code/amiexpress-web/Node2/LOCKOUT1 (checked levels 255 down to 5)
[SCREEN] Not found: /Users/spot/Code/amiexpress-web/Node3/LOCKOUT1 (checked levels 255 down to 5)
[SCREEN] Not found: /Users/spot/Code/amiexpress-web/Node4/LOCKOUT1 (checked levels 255 down to 5)
[SCREEN] Not found: /Users/spot/Code/amiexpress-web/Node5/LOCKOUT1 (checked levels 255 down to 5)
[SCREEN] Not found: /Users/spot/Code/amiexpress-web/Node6/LOCKOUT1 (checked levels 255 down to 5)
[SCREEN] Not found: /Users/spot/Code/amiexpress-web/Node7/LOCKOUT1 (checked levels 255 down to 5)
[SCREEN] Not found: /Users/spot/Code/amiexpress-web/Node8/LOCKOUT1 (checked levels 255 down to 5)
[SCREEN] Not found: /Users/spot/Code/amiexpress-web/Node9/LOCKOUT1 (checked levels 255 down to 5)
[SCREEN] Not found: /Users/spot/Code/amiexpress-web/Node10/LOCKOUT1 (checked levels 255 down to 5)
[SCREEN] Not found: /Users/spot/Code/amiexpress-web/Node11/LOCKOUT1 (checked levels 255 down to 5)
[SCREEN] Not found: /Users/spot/Code/amiexpress-web/Node12/LOCKOUT1 (checked levels 255 down to 5)
[SCREEN] Not found: /Users/spot/Code/amiexpress-web/Node13/LOCKOUT1 (checked levels 255 down to 5)
[SCREEN] Not found: /Users/spot/Code/amiexpress-web/Node14/LOCKOUT1 (checked levels 255 down to 5)
[SCREEN] Not found: /Users/spot/Code/amiexpress-web/Node15/LOCKOUT1 (checked levels 255 down to 5)
[SCREEN] Not found: /Users/spot/Code/amiexpress-web/Node16/LOCKOUT1 (checked levels 255 down to 5)
[SCREEN] Not found: /Users/spot/Code/amiexpress-web/Node17/LOCKOUT1 (checked levels 255 down to 5)
[SCREEN] Not found: /Users/spot/Code/amiexpress-web/Node18/LOCKOUT1 (checked levels 255 down to 5)
[SCREEN] Not found: /Users/spot/Code/amiexpress-web/Node19/LOCKOUT1 (checked levels 255 down to 5)
[SCREEN] Not found: /Users/spot/Code/amiexpress-web/Node20/LOCKOUT1 (checked levels 255 down to 5)
[SCREEN] Not found: /Users/spot/Code/amiexpress-web/Node21/LOCKOUT1 (checked levels 255 down to 5)
[SCREEN] Not found: /Users/spot/Code/amiexpress-web/Node22/LOCKOUT1 (checked levels 255 down to 5)
[SCREEN] Not found: /Users/spot/Code/amiexpress-web/Node23/LOCKOUT1 (checked levels 255 down to 5)
[SCREEN] Not found: /Users/spot/Code/amiexpress-web/Node24/LOCKOUT1 (checked levels 255 down to 5)
[SCREEN] Not found: /Users/spot/Code/amiexpress-web/Node25/LOCKOUT1 (checked levels 255 down to 5)
[SCREEN] Not found: /Users/spot/Code/amiexpress-web/Node26/LOCKOUT1 (checked levels 255 down to 5)
[SCREEN] Not found: /Users/spot/Code/amiexpress-web/Node27/LOCKOUT1 (checked levels 255 down to 5)
[SCREEN] Not found: /Users/spot/Code/amiexpress-web/Node28/LOCKOUT1 (checked levels 255 down to 5)
[SCREEN] Not found: /Users/spot/Code/amiexpress-web/Node29/LOCKOUT1 (checked levels 255 down to 5)
[SCREEN] Not found: /Users/spot/Code/amiexpress-web/Node30/LOCKOUT1 (checked levels 255 down to 5)
[SCREEN] Not found: /Users/spot/Code/amiexpress-web/Node31/LOCKOUT1 (checked levels 255 down to 5)
[SCREEN] Not found: /Users/spot/Code/amiexpress-web/Node32/LOCKOUT1 (checked levels 255 down to 5)
[SCREEN] Not found: /Users/spot/Code/amiexpress-web/Node33/LOCKOUT1 (checked levels 255 down to 5)
[SCREEN] Not found: /Users/spot/Code/amiexpress-web/Node34/LOCKOUT1 (checked levels 255 down to 5)
[SCREEN] Not found: /Users/spot/Code/amiexpress-web/Node35/LOCKOUT1 (checked levels 255 down to 5)
[SCREEN] Not found: /Users/spot/Code/amiexpress-web/Node36/LOCKOUT1 (checked levels 255 down to 5)
[SCREEN] Not found: /Users/spot/Code/amiexpress-web/Node37/LOCKOUT1 (checked levels 255 down to 5)
[SCREEN] Not found: /Users/spot/Code/amiexpress-web/Node38/LOCKOUT1 (checked levels 255 down to 5)
[SCREEN] Not found: /Users/spot/Code/amiexpress-web/Node39/LOCKOUT1 (checked levels 255 down to 5)
[SCREEN] Not found: /Users/spot/Code/amiexpress-web/Node40/LOCKOUT1 (checked levels 255 down to 5)
[SCREEN] Not found: /Users/spot/Code/amiexpress-web/Node42/LOCKOUT1 (checked levels 255 down to 5)
[SCREEN] Not found: /Users/spot/Code/amiexpress-web/Node43/LOCKOUT1 (checked levels 255 down to 5)
[SCREEN] Not found: /Users/spot/Code/amiexpress-web/Node44/LOCKOUT1 (checked levels 255 down to 5)
[SCREEN] Not found: /Users/spot/Code/amiexpress-web/Node45/LOCKOUT1 (checked levels 255 down to 5)
[SCREEN] Not found: /Users/spot/Code/amiexpress-web/Node97/LOCKOUT1 (checked levels 255 down to 5)
[SCREEN] Not found: /Users/spot/Code/amiexpress-web/Node0/PRIVATE (checked levels 255 down to 5)
[SCREEN] Not found: /Users/spot/Code/amiexpress-web/Node1/PRIVATE (checked levels 255 down to 5)
[SCREEN] Not found: /Users/spot/Code/amiexpress-web/Node2/PRIVATE (checked levels 255 down to 5)
[SCREEN] Not found: /Users/spot/Code/amiexpress-web/Node3/PRIVATE (checked levels 255 down to 5)
[SCREEN] Not found: /Users/spot/Code/amiexpress-web/Node4/PRIVATE (checked levels 255 down to 5)
[SCREEN] Not found: /Users/spot/Code/amiexpress-web/Node5/PRIVATE (checked levels 255 down to 5)
[SCREEN] Not found: /Users/spot/Code/amiexpress-web/Node6/PRIVATE (checked levels 255 down to 5)
[SCREEN] Not found: /Users/spot/Code/amiexpress-web/Node7/PRIVATE (checked levels 255 down to 5)
[SCREEN] Not found: /Users/spot/Code/amiexpress-web/Node8/PRIVATE (checked levels 255 down to 5)
[SCREEN] Not found: /Users/spot/Code/amiexpress-web/Node9/PRIVATE (checked levels 255 down to 5)
[SCREEN] Not found: /Users/spot/Code/amiexpress-web/Node10/PRIVATE (checked levels 255 down to 5)
[SCREEN] Not found: /Users/spot/Code/amiexpress-web/Node11/PRIVATE (checked levels 255 down to 5)
[SCREEN] Not found: /Users/spot/Code/amiexpress-web/Node12/PRIVATE (checked levels 255 down to 5)
[SCREEN] Not found: /Users/spot/Code/amiexpress-web/Node13/PRIVATE (checked levels 255 down to 5)
[SCREEN] Not found: /Users/spot/Code/amiexpress-web/Node14/PRIVATE (checked levels 255 down to 5)
[SCREEN] Not found: /Users/spot/Code/amiexpress-web/Node15/PRIVATE (checked levels 255 down to 5)
[SCREEN] Not found: /Users/spot/Code/amiexpress-web/Node16/PRIVATE (checked levels 255 down to 5)
[SCREEN] Not found: /Users/spot/Code/amiexpress-web/Node17/PRIVATE (checked levels 255 down to 5)
[SCREEN] Not found: /Users/spot/Code/amiexpress-web/Node18/PRIVATE (checked levels 255 down to 5)
[SCREEN] Not found: /Users/spot/Code/amiexpress-web/Node19/PRIVATE (checked levels 255 down to 5)
[SCREEN] Not found: /Users/spot/Code/amiexpress-web/Node20/PRIVATE (checked levels 255 down to 5)
[SCREEN] Not found: /Users/spot/Code/amiexpress-web/Node21/PRIVATE (checked levels 255 down to 5)
[SCREEN] Not found: /Users/spot/Code/amiexpress-web/Node22/PRIVATE (checked levels 255 down to 5)
[SCREEN] Not found: /Users/spot/Code/amiexpress-web/Node23/PRIVATE (checked levels 255 down to 5)
[SCREEN] Not found: /Users/spot/Code/amiexpress-web/Node24/PRIVATE (checked levels 255 down to 5)
[SCREEN] Not found: /Users/spot/Code/amiexpress-web/Node25/PRIVATE (checked levels 255 down to 5)
[SCREEN] Not found: /Users/spot/Code/amiexpress-web/Node26/PRIVATE (checked levels 255 down to 5)
[SCREEN] Not found: /Users/spot/Code/amiexpress-web/Node27/PRIVATE (checked levels 255 down to 5)
[SCREEN] Not found: /Users/spot/Code/amiexpress-web/Node28/PRIVATE (checked levels 255 down to 5)
[SCREEN] Not found: /Users/spot/Code/amiexpress-web/Node29/PRIVATE (checked levels 255 down to 5)
[SCREEN] Not found: /Users/spot/Code/amiexpress-web/Node30/PRIVATE (checked levels 255 down to 5)
[SCREEN] Not found: /Users/spot/Code/amiexpress-web/Node31/PRIVATE (checked levels 255 down to 5)
[SCREEN] Not found: /Users/spot/Code/amiexpress-web/Node32/PRIVATE (checked levels 255 down to 5)
[SCREEN] Not found: /Users/spot/Code/amiexpress-web/Node33/PRIVATE (checked levels 255 down to 5)
[SCREEN] Not found: /Users/spot/Code/amiexpress-web/Node34/PRIVATE (checked levels 255 down to 5)
[SCREEN] Not found: /Users/spot/Code/amiexpress-web/Node35/PRIVATE (checked levels 255 down to 5)
[SCREEN] Not found: /Users/spot/Code/amiexpress-web/Node36/PRIVATE (checked levels 255 down to 5)
[SCREEN] Not found: /Users/spot/Code/amiexpress-web/Node37/PRIVATE (checked levels 255 down to 5)
[SCREEN] Not found: /Users/spot/Code/amiexpress-web/Node38/PRIVATE (checked levels 255 down to 5)
[SCREEN] Not found: /Users/spot/Code/amiexpress-web/Node39/PRIVATE (checked levels 255 down to 5)
[SCREEN] Not found: /Users/spot/Code/amiexpress-web/Node40/PRIVATE (checked levels 255 down to 5)
[SCREEN] Not found: /Users/spot/Code/amiexpress-web/Node42/PRIVATE (checked levels 255 down to 5)
[SCREEN] Not found: /Users/spot/Code/amiexpress-web/Node43/PRIVATE (checked levels 255 down to 5)
[SCREEN] Not found: /Users/spot/Code/amiexpress-web/Node44/PRIVATE (checked levels 255 down to 5)
[SCREEN] Not found: /Users/spot/Code/amiexpress-web/Node45/PRIVATE (checked levels 255 down to 5)
[SCREEN] Not found: /Users/spot/Code/amiexpress-web/Node97/PRIVATE (checked levels 255 down to 5)
[SCREEN] Not found: /Users/spot/Code/amiexpress-web/Conf1/BULL (checked levels 255 down to 5)
[SCREEN] Not found: /Users/spot/Code/amiexpress-web/Conf1/Screens/BULL (checked levels 255 down to 5)
[SCREEN] Found user screen type: /Users/spot/Code/amiexpress-web/Conf2/BULL20.TXT
[SCREEN] Found user screen type: /Users/spot/Code/amiexpress-web/Conf3/BULL20.TXT
[SCREEN] Not found: /Users/spot/Code/amiexpress-web/Conf4/BULL (checked levels 255 down to 5)
[SCREEN] Found user screen type: /Users/spot/Code/amiexpress-web/Conf4/Screens/BULL.TXT
[SCREEN] Found user screen type: /Users/spot/Code/amiexpress-web/Conf5/BULL20.TXT
[SCREEN] Found user screen type: /Users/spot/Code/amiexpress-web/Conf6/BULL20.TXT
[SCREEN] Found user screen type: /Users/spot/Code/amiexpress-web/Conf7/BULL20.TXT
[SCREEN] Found user screen type: /Users/spot/Code/amiexpress-web/Conf8/BULL20.TXT
[SCREEN] Found user screen type: /Users/spot/Code/amiexpress-web/Conf9/BULL20.TXT
[SCREEN] Not found: /Users/spot/Code/amiexpress-web/Conf10/BULL (checked levels 255 down to 5)
[SCREEN] Not found: /Users/spot/Code/amiexpress-web/Conf10/Screens/BULL (checked levels 255 down to 5)
[SCREEN] Not found: /Users/spot/Code/amiexpress-web/Conf11/BULL (checked levels 255 down to 5)
[SCREEN] Not found: /Users/spot/Code/amiexpress-web/Conf11/Screens/BULL (checked levels 255 down to 5)
[SCREEN] Found user screen type: /Users/spot/Code/amiexpress-web/Conf12/BULL20.TXT
[SCREEN] Found user screen type: /Users/spot/Code/amiexpress-web/Conf13/BULL20.TXT
[SCREEN] Found user screen type: /Users/spot/Code/amiexpress-web/Conf14/BULL10.TXT
[SCREEN] Found user screen type: /Users/spot/Code/amiexpress-web/Conf1/MENU250.TXT
[SCREEN] Found user screen type: /Users/spot/Code/amiexpress-web/Conf2/MENU.TXT
[SCREEN] Found user screen type: /Users/spot/Code/amiexpress-web/Conf3/MENU.TXT
[SCREEN] Found user screen type: /Users/spot/Code/amiexpress-web/Conf4/MENU.TXT
[SCREEN] Found user screen type: /Users/spot/Code/amiexpress-web/Conf5/MENU.TXT
[SCREEN] Found user screen type: /Users/spot/Code/amiexpress-web/Conf6/MENU.TXT
[SCREEN] Found user screen type: /Users/spot/Code/amiexpress-web/Conf7/MENU.TXT
[SCREEN] Found user screen type: /Users/spot/Code/amiexpress-web/Conf8/MENU.TXT
[SCREEN] Found user screen type: /Users/spot/Code/amiexpress-web/Conf9/MENU.TXT
[SCREEN] Found user screen type: /Users/spot/Code/amiexpress-web/Conf10/MENU.TXT
[SCREEN] Found user screen type: /Users/spot/Code/amiexpress-web/Conf11/MENU.TXT
[SCREEN] Found user screen type: /Users/spot/Code/amiexpress-web/Conf12/MENU.TXT
[SCREEN] Found user screen type: /Users/spot/Code/amiexpress-web/Conf13/MENU.TXT
[SCREEN] Found user screen type: /Users/spot/Code/amiexpress-web/Conf14/MENU.TXT
[SCREEN] Not found: /Users/spot/Code/amiexpress-web/Conf1/CONF_JOINMSGBASE (checked levels 255 down to 5)
[SCREEN] Not found: /Users/spot/Code/amiexpress-web/Conf1/Screens/CONF_JOINMSGBASE (checked levels 255 down to 5)
[SCREEN] Not found: /Users/spot/Code/amiexpress-web/Conf2/CONF_JOINMSGBASE (checked levels 255 down to 5)
[SCREEN] Not found: /Users/spot/Code/amiexpress-web/Conf2/Screens/CONF_JOINMSGBASE (checked levels 255 down to 5)
[SCREEN] Not found: /Users/spot/Code/amiexpress-web/Conf3/CONF_JOINMSGBASE (checked levels 255 down to 5)
[SCREEN] Not found: /Users/spot/Code/amiexpress-web/Conf3/Screens/CONF_JOINMSGBASE (checked levels 255 down to 5)
[SCREEN] Not found: /Users/spot/Code/amiexpress-web/Conf4/CONF_JOINMSGBASE (checked levels 255 down to 5)
[SCREEN] Not found: /Users/spot/Code/amiexpress-web/Conf4/Screens/CONF_JOINMSGBASE (checked levels 255 down to 5)
[SCREEN] Not found: /Users/spot/Code/amiexpress-web/Conf5/CONF_JOINMSGBASE (checked levels 255 down to 5)
[SCREEN] Not found: /Users/spot/Code/amiexpress-web/Conf5/Screens/CONF_JOINMSGBASE (checked levels 255 down to 5)
[SCREEN] Not found: /Users/spot/Code/amiexpress-web/Conf6/CONF_JOINMSGBASE (checked levels 255 down to 5)
[SCREEN] Not found: /Users/spot/Code/amiexpress-web/Conf6/Screens/CONF_JOINMSGBASE (checked levels 255 down to 5)
[SCREEN] Not found: /Users/spot/Code/amiexpress-web/Conf7/CONF_JOINMSGBASE (checked levels 255 down to 5)
[SCREEN] Not found: /Users/spot/Code/amiexpress-web/Conf7/Screens/CONF_JOINMSGBASE (checked levels 255 down to 5)
[SCREEN] Not found: /Users/spot/Code/amiexpress-web/Conf8/CONF_JOINMSGBASE (checked levels 255 down to 5)
[SCREEN] Not found: /Users/spot/Code/amiexpress-web/Conf8/Screens/CONF_JOINMSGBASE (checked levels 255 down to 5)
[SCREEN] Not found: /Users/spot/Code/amiexpress-web/Conf9/CONF_JOINMSGBASE (checked levels 255 down to 5)
[SCREEN] Not found: /Users/spot/Code/amiexpress-web/Conf9/Screens/CONF_JOINMSGBASE (checked levels 255 down to 5)
[SCREEN] Not found: /Users/spot/Code/amiexpress-web/Conf10/CONF_JOINMSGBASE (checked levels 255 down to 5)
[SCREEN] Not found: /Users/spot/Code/amiexpress-web/Conf10/Screens/CONF_JOINMSGBASE (checked levels 255 down to 5)
[SCREEN] Not found: /Users/spot/Code/amiexpress-web/Conf11/CONF_JOINMSGBASE (checked levels 255 down to 5)
[SCREEN] Not found: /Users/spot/Code/amiexpress-web/Conf11/Screens/CONF_JOINMSGBASE (checked levels 255 down to 5)
[SCREEN] Not found: /Users/spot/Code/amiexpress-web/Conf12/CONF_JOINMSGBASE (checked levels 255 down to 5)
[SCREEN] Not found: /Users/spot/Code/amiexpress-web/Conf12/Screens/CONF_JOINMSGBASE (checked levels 255 down to 5)
[SCREEN] Not found: /Users/spot/Code/amiexpress-web/Conf13/CONF_JOINMSGBASE (checked levels 255 down to 5)
[SCREEN] Not found: /Users/spot/Code/amiexpress-web/Conf13/Screens/CONF_JOINMSGBASE (checked levels 255 down to 5)
[SCREEN] Not found: /Users/spot/Code/amiexpress-web/Conf14/CONF_JOINMSGBASE (checked levels 255 down to 5)
[SCREEN] Not found: /Users/spot/Code/amiexpress-web/Conf14/Screens/CONF_JOINMSGBASE (checked levels 255 down to 5)
[SCREEN] Not found: /Users/spot/Code/amiexpress-web/Conf1/DownloadMsg (checked levels 255 down to 5)
[SCREEN] Not found: /Users/spot/Code/amiexpress-web/Conf1/Screens/DownloadMsg (checked levels 255 down to 5)
[SCREEN] Found user screen type: /Users/spot/Code/amiexpress-web/Conf2/DownloadMsg.TXT
[SCREEN] Found user screen type: /Users/spot/Code/amiexpress-web/Conf3/DownloadMsg.TXT
[SCREEN] Found user screen type: /Users/spot/Code/amiexpress-web/Conf4/DownloadMsg.TXT
[SCREEN] Found user screen type: /Users/spot/Code/amiexpress-web/Conf5/DownloadMsg.TXT
[SCREEN] Found user screen type: /Users/spot/Code/amiexpress-web/Conf6/DownloadMsg.TXT
[SCREEN] Found user screen type: /Users/spot/Code/amiexpress-web/Conf7/DownloadMsg.TXT
[SCREEN] Found user screen type: /Users/spot/Code/amiexpress-web/Conf8/DownloadMsg.TXT
[SCREEN] Found user screen type: /Users/spot/Code/amiexpress-web/Conf9/DownloadMsg.TXT
[SCREEN] Not found: /Users/spot/Code/amiexpress-web/Conf10/DownloadMsg (checked levels 255 down to 5)
[SCREEN] Not found: /Users/spot/Code/amiexpress-web/Conf10/Screens/DownloadMsg (checked levels 255 down to 5)
[SCREEN] Not found: /Users/spot/Code/amiexpress-web/Conf11/DownloadMsg (checked levels 255 down to 5)
[SCREEN] Not found: /Users/spot/Code/amiexpress-web/Conf11/Screens/DownloadMsg (checked levels 255 down to 5)
[SCREEN] Found user screen type: /Users/spot/Code/amiexpress-web/Conf12/DownloadMsg.TXT
[SCREEN] Not found: /Users/spot/Code/amiexpress-web/Conf13/DownloadMsg (checked levels 255 down to 5)
[SCREEN] Not found: /Users/spot/Code/amiexpress-web/Conf13/Screens/DownloadMsg (checked levels 255 down to 5)
[SCREEN] Found user screen type: /Users/spot/Code/amiexpress-web/Conf14/DownloadMsg.TXT
[SCREEN] Not found: /Users/spot/Code/amiexpress-web/Conf1/FILEHELP (checked levels 255 down to 5)
[SCREEN] Not found: /Users/spot/Code/amiexpress-web/Conf1/Screens/FILEHELP (checked levels 255 down to 5)
[SCREEN] Not found: /Users/spot/Code/amiexpress-web/Conf2/FILEHELP (checked levels 255 down to 5)
[SCREEN] Not found: /Users/spot/Code/amiexpress-web/Conf2/Screens/FILEHELP (checked levels 255 down to 5)
[SCREEN] Not found: /Users/spot/Code/amiexpress-web/Conf3/FILEHELP (checked levels 255 down to 5)
[SCREEN] Not found: /Users/spot/Code/amiexpress-web/Conf3/Screens/FILEHELP (checked levels 255 down to 5)
[SCREEN] Not found: /Users/spot/Code/amiexpress-web/Conf4/FILEHELP (checked levels 255 down to 5)
[SCREEN] Not found: /Users/spot/Code/amiexpress-web/Conf4/Screens/FILEHELP (checked levels 255 down to 5)
[SCREEN] Not found: /Users/spot/Code/amiexpress-web/Conf5/FILEHELP (checked levels 255 down to 5)
[SCREEN] Not found: /Users/spot/Code/amiexpress-web/Conf5/Screens/FILEHELP (checked levels 255 down to 5)
[SCREEN] Not found: /Users/spot/Code/amiexpress-web/Conf6/FILEHELP (checked levels 255 down to 5)
[SCREEN] Not found: /Users/spot/Code/amiexpress-web/Conf6/Screens/FILEHELP (checked levels 255 down to 5)
[SCREEN] Not found: /Users/spot/Code/amiexpress-web/Conf7/FILEHELP (checked levels 255 down to 5)
[SCREEN] Not found: /Users/spot/Code/amiexpress-web/Conf7/Screens/FILEHELP (checked levels 255 down to 5)
[SCREEN] Not found: /Users/spot/Code/amiexpress-web/Conf8/FILEHELP (checked levels 255 down to 5)
[SCREEN] Not found: /Users/spot/Code/amiexpress-web/Conf8/Screens/FILEHELP (checked levels 255 down to 5)
[SCREEN] Not found: /Users/spot/Code/amiexpress-web/Conf9/FILEHELP (checked levels 255 down to 5)
[SCREEN] Not found: /Users/spot/Code/amiexpress-web/Conf9/Screens/FILEHELP (checked levels 255 down to 5)
[SCREEN] Not found: /Users/spot/Code/amiexpress-web/Conf10/FILEHELP (checked levels 255 down to 5)
[SCREEN] Not found: /Users/spot/Code/amiexpress-web/Conf10/Screens/FILEHELP (checked levels 255 down to 5)
[SCREEN] Not found: /Users/spot/Code/amiexpress-web/Conf11/FILEHELP (checked levels 255 down to 5)
[SCREEN] Not found: /Users/spot/Code/amiexpress-web/Conf11/Screens/FILEHELP (checked levels 255 down to 5)
[SCREEN] Found user screen type: /Users/spot/Code/amiexpress-web/Conf12/FILEHELP.TXT
[SCREEN] Found user screen type: /Users/spot/Code/amiexpress-web/Conf13/FILEHELP.TXT
[SCREEN] Not found: /Users/spot/Code/amiexpress-web/Conf14/FILEHELP (checked levels 255 down to 5)
[SCREEN] Not found: /Users/spot/Code/amiexpress-web/Conf14/Screens/FILEHELP (checked levels 255 down to 5)
[SCREEN] Found user screen type: /Users/spot/Code/amiexpress-web/Conf1/UploadMsg.TXT
[SCREEN] Found user screen type: /Users/spot/Code/amiexpress-web/Conf2/UploadMsg.TXT
[SCREEN] Found user screen type: /Users/spot/Code/amiexpress-web/Conf3/UploadMsg.TXT
[SCREEN] Found user screen type: /Users/spot/Code/amiexpress-web/Conf4/UploadMsg.TXT
[SCREEN] Found user screen type: /Users/spot/Code/amiexpress-web/Conf5/UploadMsg.TXT
[SCREEN] Found user screen type: /Users/spot/Code/amiexpress-web/Conf6/UploadMsg.TXT
[SCREEN] Found user screen type: /Users/spot/Code/amiexpress-web/Conf7/UploadMsg.TXT
[SCREEN] Found user screen type: /Users/spot/Code/amiexpress-web/Conf8/UploadMsg.TXT
[SCREEN] Found user screen type: /Users/spot/Code/amiexpress-web/Conf9/UploadMsg.TXT
[SCREEN] Not found: /Users/spot/Code/amiexpress-web/Conf10/UploadMsg (checked levels 255 down to 5)
[SCREEN] Not found: /Users/spot/Code/amiexpress-web/Conf10/Screens/UploadMsg (checked levels 255 down to 5)
[SCREEN] Not found: /Users/spot/Code/amiexpress-web/Conf11/UploadMsg (checked levels 255 down to 5)
[SCREEN] Not found: /Users/spot/Code/amiexpress-web/Conf11/Screens/UploadMsg (checked levels 255 down to 5)
[SCREEN] Found user screen type: /Users/spot/Code/amiexpress-web/Conf12/UploadMsg.TXT
[SCREEN] Found user screen type: /Users/spot/Code/amiexpress-web/Conf13/UploadMsg.TXT
[SCREEN] Found user screen type: /Users/spot/Code/amiexpress-web/Conf14/UploadMsg.TXT
[SCREEN] Not found: /Users/spot/Code/amiexpress-web/Conf1/NOUPLOADS (checked levels 255 down to 5)
[SCREEN] Not found: /Users/spot/Code/amiexpress-web/Conf1/Screens/NOUPLOADS (checked levels 255 down to 5)
[SCREEN] Not found: /Users/spot/Code/amiexpress-web/Conf2/NOUPLOADS (checked levels 255 down to 5)
[SCREEN] Not found: /Users/spot/Code/amiexpress-web/Conf2/Screens/NOUPLOADS (checked levels 255 down to 5)
[SCREEN] Not found: /Users/spot/Code/amiexpress-web/Conf3/NOUPLOADS (checked levels 255 down to 5)
[SCREEN] Not found: /Users/spot/Code/amiexpress-web/Conf3/Screens/NOUPLOADS (checked levels 255 down to 5)
[SCREEN] Not found: /Users/spot/Code/amiexpress-web/Conf4/NOUPLOADS (checked levels 255 down to 5)
[SCREEN] Not found: /Users/spot/Code/amiexpress-web/Conf4/Screens/NOUPLOADS (checked levels 255 down to 5)
[SCREEN] Not found: /Users/spot/Code/amiexpress-web/Conf5/NOUPLOADS (checked levels 255 down to 5)
[SCREEN] Not found: /Users/spot/Code/amiexpress-web/Conf5/Screens/NOUPLOADS (checked levels 255 down to 5)
[SCREEN] Not found: /Users/spot/Code/amiexpress-web/Conf6/NOUPLOADS (checked levels 255 down to 5)
[SCREEN] Not found: /Users/spot/Code/amiexpress-web/Conf6/Screens/NOUPLOADS (checked levels 255 down to 5)
[SCREEN] Not found: /Users/spot/Code/amiexpress-web/Conf7/NOUPLOADS (checked levels 255 down to 5)
[SCREEN] Not found: /Users/spot/Code/amiexpress-web/Conf7/Screens/NOUPLOADS (checked levels 255 down to 5)
[SCREEN] Not found: /Users/spot/Code/amiexpress-web/Conf8/NOUPLOADS (checked levels 255 down to 5)
[SCREEN] Not found: /Users/spot/Code/amiexpress-web/Conf8/Screens/NOUPLOADS (checked levels 255 down to 5)
[SCREEN] Not found: /Users/spot/Code/amiexpress-web/Conf9/NOUPLOADS (checked levels 255 down to 5)
[SCREEN] Not found: /Users/spot/Code/amiexpress-web/Conf9/Screens/NOUPLOADS (checked levels 255 down to 5)
[SCREEN] Not found: /Users/spot/Code/amiexpress-web/Conf10/NOUPLOADS (checked levels 255 down to 5)
[SCREEN] Not found: /Users/spot/Code/amiexpress-web/Conf10/Screens/NOUPLOADS (checked levels 255 down to 5)
[SCREEN] Not found: /Users/spot/Code/amiexpress-web/Conf11/NOUPLOADS (checked levels 255 down to 5)
[SCREEN] Not found: /Users/spot/Code/amiexpress-web/Conf11/Screens/NOUPLOADS (checked levels 255 down to 5)
[SCREEN] Not found: /Users/spot/Code/amiexpress-web/Conf12/NOUPLOADS (checked levels 255 down to 5)
[SCREEN] Not found: /Users/spot/Code/amiexpress-web/Conf12/Screens/NOUPLOADS (checked levels 255 down to 5)
[SCREEN] Not found: /Users/spot/Code/amiexpress-web/Conf13/NOUPLOADS (checked levels 255 down to 5)
[SCREEN] Not found: /Users/spot/Code/amiexpress-web/Conf13/Screens/NOUPLOADS (checked levels 255 down to 5)
[SCREEN] Not found: /Users/spot/Code/amiexpress-web/Conf14/NOUPLOADS (checked levels 255 down to 5)
[SCREEN] Not found: /Users/spot/Code/amiexpress-web/Conf14/Screens/NOUPLOADS (checked levels 255 down to 5)
[SCREEN] Not found: /Users/spot/Code/amiexpress-web/BULL (checked levels 255 down to 5)
[SCREEN] Not found: /Users/spot/Code/amiexpress-web/Screens/BULL (checked levels 255 down to 5)
[SCREEN] Not found: /Users/spot/Code/amiexpress-web/ONENODE (checked levels 255 down to 5)
[SCREEN] Not found: /Users/spot/Code/amiexpress-web/Screens/ONENODE (checked levels 255 down to 5)
[SCREEN] Not found: /Users/spot/Code/amiexpress-web/Logon24hrs (checked levels 255 down to 5)
[SCREEN] Found user screen type: /Users/spot/Code/amiexpress-web/Screens/Logon24hrs.TXT
[SCREEN] Not found: /Users/spot/Code/amiexpress-web/Node0/NONEWATBAUD (checked levels 255 down to 5)
[SCREEN] Not found: /Users/spot/Code/amiexpress-web/Node1/NONEWATBAUD (checked levels 255 down to 5)
[SCREEN] Not found: /Users/spot/Code/amiexpress-web/Node2/NONEWATBAUD (checked levels 255 down to 5)
[SCREEN] Not found: /Users/spot/Code/amiexpress-web/Node3/NONEWATBAUD (checked levels 255 down to 5)
[SCREEN] Not found: /Users/spot/Code/amiexpress-web/Node4/NONEWATBAUD (checked levels 255 down to 5)
[SCREEN] Not found: /Users/spot/Code/amiexpress-web/Node5/NONEWATBAUD (checked levels 255 down to 5)
[SCREEN] Not found: /Users/spot/Code/amiexpress-web/Node6/NONEWATBAUD (checked levels 255 down to 5)
[SCREEN] Not found: /Users/spot/Code/amiexpress-web/Node7/NONEWATBAUD (checked levels 255 down to 5)
[SCREEN] Not found: /Users/spot/Code/amiexpress-web/Node8/NONEWATBAUD (checked levels 255 down to 5)
[SCREEN] Not found: /Users/spot/Code/amiexpress-web/Node9/NONEWATBAUD (checked levels 255 down to 5)
[SCREEN] Not found: /Users/spot/Code/amiexpress-web/Node10/NONEWATBAUD (checked levels 255 down to 5)
[SCREEN] Not found: /Users/spot/Code/amiexpress-web/Node11/NONEWATBAUD (checked levels 255 down to 5)
[SCREEN] Not found: /Users/spot/Code/amiexpress-web/Node12/NONEWATBAUD (checked levels 255 down to 5)
[SCREEN] Not found: /Users/spot/Code/amiexpress-web/Node13/NONEWATBAUD (checked levels 255 down to 5)
[SCREEN] Not found: /Users/spot/Code/amiexpress-web/Node14/NONEWATBAUD (checked levels 255 down to 5)
[SCREEN] Not found: /Users/spot/Code/amiexpress-web/Node15/NONEWATBAUD (checked levels 255 down to 5)
[SCREEN] Not found: /Users/spot/Code/amiexpress-web/Node16/NONEWATBAUD (checked levels 255 down to 5)
[SCREEN] Not found: /Users/spot/Code/amiexpress-web/Node17/NONEWATBAUD (checked levels 255 down to 5)
[SCREEN] Not found: /Users/spot/Code/amiexpress-web/Node18/NONEWATBAUD (checked levels 255 down to 5)
[SCREEN] Not found: /Users/spot/Code/amiexpress-web/Node19/NONEWATBAUD (checked levels 255 down to 5)
[SCREEN] Not found: /Users/spot/Code/amiexpress-web/Node20/NONEWATBAUD (checked levels 255 down to 5)
[SCREEN] Not found: /Users/spot/Code/amiexpress-web/Node21/NONEWATBAUD (checked levels 255 down to 5)
[SCREEN] Not found: /Users/spot/Code/amiexpress-web/Node22/NONEWATBAUD (checked levels 255 down to 5)
[SCREEN] Not found: /Users/spot/Code/amiexpress-web/Node23/NONEWATBAUD (checked levels 255 down to 5)
[SCREEN] Not found: /Users/spot/Code/amiexpress-web/Node24/NONEWATBAUD (checked levels 255 down to 5)
[SCREEN] Not found: /Users/spot/Code/amiexpress-web/Node25/NONEWATBAUD (checked levels 255 down to 5)
[SCREEN] Not found: /Users/spot/Code/amiexpress-web/Node26/NONEWATBAUD (checked levels 255 down to 5)
[SCREEN] Not found: /Users/spot/Code/amiexpress-web/Node27/NONEWATBAUD (checked levels 255 down to 5)
[SCREEN] Not found: /Users/spot/Code/amiexpress-web/Node28/NONEWATBAUD (checked levels 255 down to 5)
[SCREEN] Not found: /Users/spot/Code/amiexpress-web/Node29/NONEWATBAUD (checked levels 255 down to 5)
[SCREEN] Not found: /Users/spot/Code/amiexpress-web/Node30/NONEWATBAUD (checked levels 255 down to 5)
[SCREEN] Not found: /Users/spot/Code/amiexpress-web/Node31/NONEWATBAUD (checked levels 255 down to 5)
[SCREEN] Not found: /Users/spot/Code/amiexpress-web/Node32/NONEWATBAUD (checked levels 255 down to 5)
[SCREEN] Not found: /Users/spot/Code/amiexpress-web/Node33/NONEWATBAUD (checked levels 255 down to 5)
[SCREEN] Not found: /Users/spot/Code/amiexpress-web/Node34/NONEWATBAUD (checked levels 255 down to 5)
[SCREEN] Not found: /Users/spot/Code/amiexpress-web/Node35/NONEWATBAUD (checked levels 255 down to 5)
[SCREEN] Not found: /Users/spot/Code/amiexpress-web/Node36/NONEWATBAUD (checked levels 255 down to 5)
[SCREEN] Not found: /Users/spot/Code/amiexpress-web/Node37/NONEWATBAUD (checked levels 255 down to 5)
[SCREEN] Not found: /Users/spot/Code/amiexpress-web/Node38/NONEWATBAUD (checked levels 255 down to 5)
[SCREEN] Not found: /Users/spot/Code/amiexpress-web/Node39/NONEWATBAUD (checked levels 255 down to 5)
[SCREEN] Not found: /Users/spot/Code/amiexpress-web/Node40/NONEWATBAUD (checked levels 255 down to 5)
[SCREEN] Not found: /Users/spot/Code/amiexpress-web/Node42/NONEWATBAUD (checked levels 255 down to 5)
[SCREEN] Not found: /Users/spot/Code/amiexpress-web/Node43/NONEWATBAUD (checked levels 255 down to 5)
[SCREEN] Not found: /Users/spot/Code/amiexpress-web/Node44/NONEWATBAUD (checked levels 255 down to 5)
[SCREEN] Not found: /Users/spot/Code/amiexpress-web/Node45/NONEWATBAUD (checked levels 255 down to 5)
[SCREEN] Not found: /Users/spot/Code/amiexpress-web/Node97/NONEWATBAUD (checked levels 255 down to 5)
[SCREEN] Not found: /Users/spot/Code/amiexpress-web/Node0/NOTTIME (checked levels 255 down to 5)
[SCREEN] Not found: /Users/spot/Code/amiexpress-web/Node1/NOTTIME (checked levels 255 down to 5)
[SCREEN] Not found: /Users/spot/Code/amiexpress-web/Node2/NOTTIME (checked levels 255 down to 5)
[SCREEN] Not found: /Users/spot/Code/amiexpress-web/Node3/NOTTIME (checked levels 255 down to 5)
[SCREEN] Not found: /Users/spot/Code/amiexpress-web/Node4/NOTTIME (checked levels 255 down to 5)
[SCREEN] Not found: /Users/spot/Code/amiexpress-web/Node5/NOTTIME (checked levels 255 down to 5)
[SCREEN] Not found: /Users/spot/Code/amiexpress-web/Node6/NOTTIME (checked levels 255 down to 5)
[SCREEN] Not found: /Users/spot/Code/amiexpress-web/Node7/NOTTIME (checked levels 255 down to 5)
[SCREEN] Not found: /Users/spot/Code/amiexpress-web/Node8/NOTTIME (checked levels 255 down to 5)
[SCREEN] Not found: /Users/spot/Code/amiexpress-web/Node9/NOTTIME (checked levels 255 down to 5)
[SCREEN] Not found: /Users/spot/Code/amiexpress-web/Node10/NOTTIME (checked levels 255 down to 5)
[SCREEN] Not found: /Users/spot/Code/amiexpress-web/Node11/NOTTIME (checked levels 255 down to 5)
[SCREEN] Not found: /Users/spot/Code/amiexpress-web/Node12/NOTTIME (checked levels 255 down to 5)
[SCREEN] Not found: /Users/spot/Code/amiexpress-web/Node13/NOTTIME (checked levels 255 down to 5)
[SCREEN] Not found: /Users/spot/Code/amiexpress-web/Node14/NOTTIME (checked levels 255 down to 5)
[SCREEN] Not found: /Users/spot/Code/amiexpress-web/Node15/NOTTIME (checked levels 255 down to 5)
[SCREEN] Not found: /Users/spot/Code/amiexpress-web/Node16/NOTTIME (checked levels 255 down to 5)
[SCREEN] Not found: /Users/spot/Code/amiexpress-web/Node17/NOTTIME (checked levels 255 down to 5)
[SCREEN] Not found: /Users/spot/Code/amiexpress-web/Node18/NOTTIME (checked levels 255 down to 5)
[SCREEN] Not found: /Users/spot/Code/amiexpress-web/Node19/NOTTIME (checked levels 255 down to 5)
[SCREEN] Not found: /Users/spot/Code/amiexpress-web/Node20/NOTTIME (checked levels 255 down to 5)
[SCREEN] Not found: /Users/spot/Code/amiexpress-web/Node21/NOTTIME (checked levels 255 down to 5)
[SCREEN] Not found: /Users/spot/Code/amiexpress-web/Node22/NOTTIME (checked levels 255 down to 5)
[SCREEN] Not found: /Users/spot/Code/amiexpress-web/Node23/NOTTIME (checked levels 255 down to 5)
[SCREEN] Not found: /Users/spot/Code/amiexpress-web/Node24/NOTTIME (checked levels 255 down to 5)
[SCREEN] Not found: /Users/spot/Code/amiexpress-web/Node25/NOTTIME (checked levels 255 down to 5)
[SCREEN] Not found: /Users/spot/Code/amiexpress-web/Node26/NOTTIME (checked levels 255 down to 5)
[SCREEN] Not found: /Users/spot/Code/amiexpress-web/Node27/NOTTIME (checked levels 255 down to 5)
[SCREEN] Not found: /Users/spot/Code/amiexpress-web/Node28/NOTTIME (checked levels 255 down to 5)
[SCREEN] Not found: /Users/spot/Code/amiexpress-web/Node29/NOTTIME (checked levels 255 down to 5)
[SCREEN] Not found: /Users/spot/Code/amiexpress-web/Node30/NOTTIME (checked levels 255 down to 5)
[SCREEN] Not found: /Users/spot/Code/amiexpress-web/Node31/NOTTIME (checked levels 255 down to 5)
[SCREEN] Not found: /Users/spot/Code/amiexpress-web/Node32/NOTTIME (checked levels 255 down to 5)
[SCREEN] Not found: /Users/spot/Code/amiexpress-web/Node33/NOTTIME (checked levels 255 down to 5)
[SCREEN] Not found: /Users/spot/Code/amiexpress-web/Node34/NOTTIME (checked levels 255 down to 5)
[SCREEN] Not found: /Users/spot/Code/amiexpress-web/Node35/NOTTIME (checked levels 255 down to 5)
[SCREEN] Not found: /Users/spot/Code/amiexpress-web/Node36/NOTTIME (checked levels 255 down to 5)
[SCREEN] Not found: /Users/spot/Code/amiexpress-web/Node37/NOTTIME (checked levels 255 down to 5)
[SCREEN] Not found: /Users/spot/Code/amiexpress-web/Node38/NOTTIME (checked levels 255 down to 5)
[SCREEN] Not found: /Users/spot/Code/amiexpress-web/Node39/NOTTIME (checked levels 255 down to 5)
[SCREEN] Not found: /Users/spot/Code/amiexpress-web/Node40/NOTTIME (checked levels 255 down to 5)
[SCREEN] Not found: /Users/spot/Code/amiexpress-web/Node42/NOTTIME (checked levels 255 down to 5)
[SCREEN] Not found: /Users/spot/Code/amiexpress-web/Node43/NOTTIME (checked levels 255 down to 5)
[SCREEN] Not found: /Users/spot/Code/amiexpress-web/Node44/NOTTIME (checked levels 255 down to 5)
[SCREEN] Not found: /Users/spot/Code/amiexpress-web/Node45/NOTTIME (checked levels 255 down to 5)
[SCREEN] Not found: /Users/spot/Code/amiexpress-web/Node97/NOTTIME (checked levels 255 down to 5)
[SCREEN] Not found: /Users/spot/Code/amiexpress-web/Node0/NOCALLERSAT (checked levels 255 down to 5)
[SCREEN] Not found: /Users/spot/Code/amiexpress-web/Node1/NOCALLERSAT (checked levels 255 down to 5)
[SCREEN] Not found: /Users/spot/Code/amiexpress-web/Node2/NOCALLERSAT (checked levels 255 down to 5)
[SCREEN] Not found: /Users/spot/Code/amiexpress-web/Node3/NOCALLERSAT (checked levels 255 down to 5)
[SCREEN] Not found: /Users/spot/Code/amiexpress-web/Node4/NOCALLERSAT (checked levels 255 down to 5)
[SCREEN] Not found: /Users/spot/Code/amiexpress-web/Node5/NOCALLERSAT (checked levels 255 down to 5)
[SCREEN] Not found: /Users/spot/Code/amiexpress-web/Node6/NOCALLERSAT (checked levels 255 down to 5)
[SCREEN] Not found: /Users/spot/Code/amiexpress-web/Node7/NOCALLERSAT (checked levels 255 down to 5)
[SCREEN] Not found: /Users/spot/Code/amiexpress-web/Node8/NOCALLERSAT (checked levels 255 down to 5)
[SCREEN] Not found: /Users/spot/Code/amiexpress-web/Node9/NOCALLERSAT (checked levels 255 down to 5)
[SCREEN] Not found: /Users/spot/Code/amiexpress-web/Node10/NOCALLERSAT (checked levels 255 down to 5)
[SCREEN] Not found: /Users/spot/Code/amiexpress-web/Node11/NOCALLERSAT (checked levels 255 down to 5)
[SCREEN] Not found: /Users/spot/Code/amiexpress-web/Node12/NOCALLERSAT (checked levels 255 down to 5)
[SCREEN] Not found: /Users/spot/Code/amiexpress-web/Node13/NOCALLERSAT (checked levels 255 down to 5)
[SCREEN] Not found: /Users/spot/Code/amiexpress-web/Node14/NOCALLERSAT (checked levels 255 down to 5)
[SCREEN] Not found: /Users/spot/Code/amiexpress-web/Node15/NOCALLERSAT (checked levels 255 down to 5)
[SCREEN] Not found: /Users/spot/Code/amiexpress-web/Node16/NOCALLERSAT (checked levels 255 down to 5)
[SCREEN] Not found: /Users/spot/Code/amiexpress-web/Node17/NOCALLERSAT (checked levels 255 down to 5)
[SCREEN] Not found: /Users/spot/Code/amiexpress-web/Node18/NOCALLERSAT (checked levels 255 down to 5)
[SCREEN] Not found: /Users/spot/Code/amiexpress-web/Node19/NOCALLERSAT (checked levels 255 down to 5)
[SCREEN] Not found: /Users/spot/Code/amiexpress-web/Node20/NOCALLERSAT (checked levels 255 down to 5)
[SCREEN] Not found: /Users/spot/Code/amiexpress-web/Node21/NOCALLERSAT (checked levels 255 down to 5)
[SCREEN] Not found: /Users/spot/Code/amiexpress-web/Node22/NOCALLERSAT (checked levels 255 down to 5)
[SCREEN] Not found: /Users/spot/Code/amiexpress-web/Node23/NOCALLERSAT (checked levels 255 down to 5)
[SCREEN] Not found: /Users/spot/Code/amiexpress-web/Node24/NOCALLERSAT (checked levels 255 down to 5)
[SCREEN] Not found: /Users/spot/Code/amiexpress-web/Node25/NOCALLERSAT (checked levels 255 down to 5)
[SCREEN] Not found: /Users/spot/Code/amiexpress-web/Node26/NOCALLERSAT (checked levels 255 down to 5)
[SCREEN] Not found: /Users/spot/Code/amiexpress-web/Node27/NOCALLERSAT (checked levels 255 down to 5)
[SCREEN] Not found: /Users/spot/Code/amiexpress-web/Node28/NOCALLERSAT (checked levels 255 down to 5)
[SCREEN] Not found: /Users/spot/Code/amiexpress-web/Node29/NOCALLERSAT (checked levels 255 down to 5)
[SCREEN] Not found: /Users/spot/Code/amiexpress-web/Node30/NOCALLERSAT (checked levels 255 down to 5)
[SCREEN] Not found: /Users/spot/Code/amiexpress-web/Node31/NOCALLERSAT (checked levels 255 down to 5)
[SCREEN] Not found: /Users/spot/Code/amiexpress-web/Node32/NOCALLERSAT (checked levels 255 down to 5)
[SCREEN] Not found: /Users/spot/Code/amiexpress-web/Node33/NOCALLERSAT (checked levels 255 down to 5)
[SCREEN] Not found: /Users/spot/Code/amiexpress-web/Node34/NOCALLERSAT (checked levels 255 down to 5)
[SCREEN] Not found: /Users/spot/Code/amiexpress-web/Node35/NOCALLERSAT (checked levels 255 down to 5)
[SCREEN] Not found: /Users/spot/Code/amiexpress-web/Node36/NOCALLERSAT (checked levels 255 down to 5)
[SCREEN] Not found: /Users/spot/Code/amiexpress-web/Node37/NOCALLERSAT (checked levels 255 down to 5)
[SCREEN] Not found: /Users/spot/Code/amiexpress-web/Node38/NOCALLERSAT (checked levels 255 down to 5)
[SCREEN] Not found: /Users/spot/Code/amiexpress-web/Node39/NOCALLERSAT (checked levels 255 down to 5)
[SCREEN] Not found: /Users/spot/Code/amiexpress-web/Node40/NOCALLERSAT (checked levels 255 down to 5)
[SCREEN] Not found: /Users/spot/Code/amiexpress-web/Node42/NOCALLERSAT (checked levels 255 down to 5)
[SCREEN] Not found: /Users/spot/Code/amiexpress-web/Node43/NOCALLERSAT (checked levels 255 down to 5)
[SCREEN] Not found: /Users/spot/Code/amiexpress-web/Node44/NOCALLERSAT (checked levels 255 down to 5)
[SCREEN] Not found: /Users/spot/Code/amiexpress-web/Node45/NOCALLERSAT (checked levels 255 down to 5)
[SCREEN] Not found: /Users/spot/Code/amiexpress-web/Node97/NOCALLERSAT (checked levels 255 down to 5)
[SCREEN] Not found: /Users/spot/Code/amiexpress-web/LANGUAGES (checked levels 255 down to 5)
[SCREEN] Not found: /Users/spot/Code/amiexpress-web/Screens/LANGUAGES (checked levels 255 down to 5)
[SCREEN] Not found: /Users/spot/Code/amiexpress-web/INTERNETNAMES (checked levels 255 down to 5)
[SCREEN] Not found: /Users/spot/Code/amiexpress-web/Screens/INTERNETNAMES (checked levels 255 down to 5)
[SCREEN] Not found: /Users/spot/Code/amiexpress-web/REALNAMES (checked levels 255 down to 5)
[SCREEN] Not found: /Users/spot/Code/amiexpress-web/Screens/REALNAMES (checked levels 255 down to 5)
[SCREEN] Not found: /Users/spot/Code/amiexpress-web/MAILSCAN (checked levels 255 down to 5)
[SCREEN] Found user screen type: /Users/spot/Code/amiexpress-web/Screens/MAILSCAN.TXT
[DoorsAPI] getDoors() returned 119 doors
[DoorsAPI] Sending 119 doors to frontend
[DoorsAPI] getDoors() returned 119 doors
[DoorsAPI] Sending 119 doors to frontend
[UserFileManager] File record count mismatch: data=2, keys=19, misc=1131
[UserFileManager] Read 1 users from disk files (2 total slots)
[API] Loaded 1 users from disk files
[API] Deduplicated to 1 unique users
[HEARTBEAT] Alive, heap: 132MB, rss: 351MB, interval: 60s
[DoorsAPI] getDoors() returned 119 doors
[DoorsAPI] Sending 119 doors to frontend
[DoorsAPI] getDoors() returned 119 doors
[DoorsAPI] Sending 119 doors to frontend
[DoorsAPI] getDoors() returned 119 doors
[DoorsAPI] Sending 119 doors to frontend
[DoorsAPI] getDoors() returned 119 doors
[DoorsAPI] Sending 119 doors to frontend
[Socket.IO Auth] New connection, has token: false, socket id: P66hqfq-Smtn-s3KAAAT
[Socket.IO Auth] No token provided, allowing anonymous connection
Client connected from 127.0.0.1
[Operator Chat] Anonymous socket connected (no session)
[BBSConfig] Loaded configuration from bbsConfig.info
[BBSConfig] Loaded configuration from bbsConfig.info.txt (newer than the icon)
[Connection] Starting welcome sequence for node 7
[DoorsAPI] getDoors() returned 119 doors
[DoorsAPI] Sending 119 doors to frontend
Client connected from 127.0.0.1
[SessionLogManager] Started tracking session: P66hqfq-Smtn-s3KAAAT (guest)
[BatchScheduler] Loaded 2 EXECUTE_ON_* tooltypes from bbsConfig.info
[socket-handlers] registerCommandHandler called, registering door:input listener
[SOCKET-DEBUG] Registering command handler for socket: P66hqfq-Smtn-s3KAAAT
[CHAT DEBUG] registerChatHandlers called for socket: P66hqfq-Smtn-s3KAAAT
[CHAT DEBUG] Registering chat-only-login-submit handler for socket: P66hqfq-Smtn-s3KAAAT
[Operator Chat] Setting up listeners for socket P66hqfq-Smtn-s3KAAAT, user=anonymous
Executing: FRONTEND
[SYSOP DEBUG] COMMAND: Executing TS door: Doors/telnet-front
{
  "type": "TS",
  "location": "Doors/telnet-front"
}
Executing door: FRONTEND
[loadDoorManifestForExecution] Loading manifest for door: FRONTEND, id: frontend, path: Doors/telnet-front
[loadDoorManifestForExecution] Trying door.path: /Users/spot/Code/amiexpress-web/Doors/telnet-front/package.json
[loadDoorManifestForExecution] Found manifest via door.path, runtime: not specified
[DoorDropFile] Created DOOR.SYS for Node7
[DoorDropFile] Created DORINFO7.DEF for Node7
[CallersLog] Node7: Door: FRONTEND
[BBSEventEmitter] Emitted door_activity: Guest (node 7)
[executeTypeScriptDoor] ===== EXEC ID: mtn34hx5b64g =====
[executeTypeScriptDoor] Starting TypeScript door: FRONTEND
[executeTypeScriptDoor] Door path: Doors/telnet-front
[executeTypeScriptDoor] Found root index.ts, using source instead of package.json main
[executeTypeScriptDoor] Resolved path: /Users/spot/Code/amiexpress-web/Doors/telnet-front/index.ts
[executeTypeScriptDoor] Actual filesystem path: /Users/spot/Code/amiexpress-web/Doors/telnet-front/index.ts
[executeTypeScriptDoor] Importing: file:///Users/spot/Code/amiexpress-web/Doors/telnet-front/index.ts?t=1788534268602 (cache-busting: enabled)
[executeTypeScriptDoor] doorModule keys: default, metadata
[executeTypeScriptDoor] doorModule.default: object
[executeTypeScriptDoor] SDK v2.0 Door detected, calling execute()
[executeTypeScriptDoor] Set inDoorManager=true
[executeTypeScriptDoor] Sent door:status: running, door-active: true
[createBBSApi] Created BBSApi, has enableMouseEvents: function
[executeTypeScriptDoor] Calling door.execute() with SDK context...
[TELNET-FRONT] Starting display
[TELNET-FRONT] Display complete
[executeTypeScriptDoor] Door.execute() returned
[executeTypeScriptDoor] Door completed successfully
[GameMode] Disabled
[executeTypeScriptDoor] Cleared inDoorManager, doorInputHandler, mouseEventsEnabled, clientDoorActive, subState
[executeTypeScriptDoor] Sent door:status: stopped, door-active: false
[DoorDropFile] Deleted DOOR.SYS for Node7
[DoorDropFile] Deleted DORINFO7.DEF for Node7
[CallersLog] Node7: Door exit: FRONTEND
[BBSEventEmitter] Emitted door_activity: Guest (node 7)
[Connection] Welcome sequence complete for node 7, waiting for ANSI response
[DoorsAPI] getDoors() returned 119 doors
[DoorsAPI] Sending 119 doors to frontend
[DoorsAPI] getDoors() returned 119 doors
[DoorsAPI] Sending 119 doors to frontend
[UserFileManager] File record count mismatch: data=2, keys=19, misc=1131
[UserFileManager] Read 1 users from disk files (2 total slots)
[API] Loaded 1 users from disk files
[API] Deduplicated to 1 unique users
[UserFileManager] File record count mismatch: data=2, keys=19, misc=1131
[UserFileManager] Read 1 users from disk files (2 total slots)
[API] Loaded 1 users from disk files
[API] Deduplicated to 1 unique users
[DoorsAPI] getDoors() returned 119 doors
[DoorsAPI] Sending 119 doors to frontend
[DoorsAPI] getDoors() returned 119 doors
[DoorsAPI] Sending 119 doors to frontend
[HEARTBEAT] Alive, heap: 93MB, rss: 79MB, interval: 60s
[HEARTBEAT] Alive, heap: 85MB, rss: 138MB, interval: 60s
[HEARTBEAT] Alive, heap: 85MB, rss: 67MB, interval: 60s
[HEARTBEAT] Alive, heap: 84MB, rss: 69MB, interval: 60s
[DISCONNECT] Client disconnected, reason: transport close, socket: rmL34ZRou4EYsXRjAAAN
[DISCONNECT] sessionBeforeDelay.sysopKicked=undefined, nodeId=5
[DISCONNECT] Waiting 3000ms for potential reconnection...
[Socket.IO Auth] New connection, has token: false, socket id: 7hXW7t9fMV9LaxhpAAAW
[Socket.IO Auth] No token provided, allowing anonymous connection
Client connected from 127.0.0.1
[Operator Chat] Anonymous socket connected (no session)
[BBSConfig] Loaded configuration from bbsConfig.info
[BBSConfig] Loaded configuration from bbsConfig.info.txt (newer than the icon)
[Connection] Starting welcome sequence for node 8
[DISCONNECT] User reconnected during grace period, skipping cleanup
Client connected from 127.0.0.1
[SessionLogManager] Started tracking session: 7hXW7t9fMV9LaxhpAAAW (guest)
[BatchScheduler] Loaded 2 EXECUTE_ON_* tooltypes from bbsConfig.info
[socket-handlers] registerCommandHandler called, registering door:input listener
[SOCKET-DEBUG] Registering command handler for socket: 7hXW7t9fMV9LaxhpAAAW
[CHAT DEBUG] registerChatHandlers called for socket: 7hXW7t9fMV9LaxhpAAAW
[CHAT DEBUG] Registering chat-only-login-submit handler for socket: 7hXW7t9fMV9LaxhpAAAW
[Operator Chat] Setting up listeners for socket 7hXW7t9fMV9LaxhpAAAW, user=anonymous
Executing: FRONTEND
[SYSOP DEBUG] COMMAND: Executing TS door: Doors/telnet-front
{
  "type": "TS",
  "location": "Doors/telnet-front"
}
Executing door: FRONTEND
[loadDoorManifestForExecution] Loading manifest for door: FRONTEND, id: frontend, path: Doors/telnet-front
[loadDoorManifestForExecution] Trying door.path: /Users/spot/Code/amiexpress-web/Doors/telnet-front/package.json
[loadDoorManifestForExecution] Found manifest via door.path, runtime: not specified
[DoorDropFile] Created DOOR.SYS for Node8
[DoorDropFile] Created DORINFO8.DEF for Node8
[CallersLog] Node8: Door: FRONTEND
[BBSEventEmitter] Emitted door_activity: Guest (node 8)
[executeTypeScriptDoor] ===== EXEC ID: mtn39havynz5 =====
[executeTypeScriptDoor] Starting TypeScript door: FRONTEND
[executeTypeScriptDoor] Door path: Doors/telnet-front
[executeTypeScriptDoor] Found root index.ts, using source instead of package.json main
[executeTypeScriptDoor] Resolved path: /Users/spot/Code/amiexpress-web/Doors/telnet-front/index.ts
[executeTypeScriptDoor] Actual filesystem path: /Users/spot/Code/amiexpress-web/Doors/telnet-front/index.ts
[executeTypeScriptDoor] Importing: file:///Users/spot/Code/amiexpress-web/Doors/telnet-front/index.ts?t=1788534501081 (cache-busting: enabled)
[executeTypeScriptDoor] doorModule keys: default, metadata
[executeTypeScriptDoor] doorModule.default: object
[executeTypeScriptDoor] SDK v2.0 Door detected, calling execute()
[executeTypeScriptDoor] Set inDoorManager=true
[executeTypeScriptDoor] Sent door:status: running, door-active: true
[createBBSApi] Created BBSApi, has enableMouseEvents: function
[executeTypeScriptDoor] Calling door.execute() with SDK context...
[TELNET-FRONT] Starting display
[TELNET-FRONT] Display complete
[executeTypeScriptDoor] Door.execute() returned
[executeTypeScriptDoor] Door completed successfully
[GameMode] Disabled
[executeTypeScriptDoor] Cleared inDoorManager, doorInputHandler, mouseEventsEnabled, clientDoorActive, subState
[executeTypeScriptDoor] Sent door:status: stopped, door-active: false
[DoorDropFile] Deleted DOOR.SYS for Node8
[DoorDropFile] Deleted DORINFO8.DEF for Node8
[CallersLog] Node8: Door exit: FRONTEND
[BBSEventEmitter] Emitted door_activity: Guest (node 8)
[Connection] Welcome sequence complete for node 8, waiting for ANSI response
[socket-handlers] checkPauseHandler active: false, flagPauseHandler active: false
Session state: await subState: ansi_prompt
Input buffer: ""
[socket-handlers] ✗ NOT in door or no handler - routing to BBS command handler
[socket-handlers]   inDoorManager: false
[socket-handlers]   handler exists: false
=== handleCommand called ===
data: "a"
session.state: await
session.subState: ansi_prompt
[handleCommand] ENTRY: data="a" subState=ansi_prompt paginatedScreen=false inDoorManager=false
=== COMMAND PROCESSED ===

[socket-handlers] checkPauseHandler active: false, flagPauseHandler active: false
Session state: await subState: ansi_prompt
Input buffer: ""
[socket-handlers] ✗ NOT in door or no handler - routing to BBS command handler
[socket-handlers]   inDoorManager: false
[socket-handlers]   handler exists: false
=== handleCommand called ===
data: "q"
session.state: await
session.subState: ansi_prompt
[handleCommand] ENTRY: data="q" subState=ansi_prompt paginatedScreen=false inDoorManager=false
=== COMMAND PROCESSED ===

[socket-handlers] checkPauseHandler active: false, flagPauseHandler active: false
Session state: await subState: ansi_prompt
Input buffer: ""
🎯 ENTER KEY DETECTED!
🎯 Current subState: ansi_prompt
🎯 Is POST_MESSAGE_SUBJECT? false
🎯 Input buffer contents: ""
[socket-handlers] ✗ NOT in door or no handler - routing to BBS command handler
[socket-handlers]   inDoorManager: false
[socket-handlers]   handler exists: false
=== handleCommand called ===
data: "\r"
session.state: await
session.subState: ansi_prompt
[handleCommand] ENTRY: data="" subState=ansi_prompt paginatedScreen=false inDoorManager=false
 Graphics prompt response: AQ
[QUICK] Quick logon enabled - will skip bulletins per express.e:29545
 Graphics mode set: ANSI
[BBSConfig] bbsConfig.info not found, using defaults
[SCREEN] [displayScreen] ========================================
[SCREEN] [displayScreen] REQUESTED SCREEN: BBSTITLE
[SCREEN] [displayScreen] Conference ID: 1
[SCREEN] [displayScreen] User: guest
[SCREEN] [displayScreen] ========================================
[SCREEN FLOW] Display request for BBSTITLE (runCommands=true) state=ansi_prompt node=8
[SCREEN] [loadScreenFile] Loading screen: BBSTITLE
[SCREEN] [loadScreenFile] Base directory: /Users/spot/Code/amiexpress-web
[SCREEN] [loadScreenFile] Conference ID: 1, Node ID: 8
[SCREEN] [loadScreenFile] Terminal type: unknown (80x24)
[SCREEN] [loadScreenFile] PETSCII mode: NO
[SCREEN] [loadScreenFile] Search locations for BBSTITLE: [ 'Node8' ]
[SCREEN] [loadScreenFile] Trying 1 location(s) with case-insensitive matching:
[SCREEN] Found text screen: /Users/spot/Code/amiexpress-web/Node8/BBSTITLE.TXT
[SCREEN] [loadScreenFile]  Found security screen for BBSTITLE at: /Users/spot/Code/amiexpress-web/Node8/BBSTITLE.TXT
[amiga-text-decode] /Users/spot/Code/amiexpress-web/Node8/BBSTITLE.TXT
[amiga-text-decode]   Encoding: iso-8859-1, iCE: false
[NEWLINE-DEBUG] RAW CONTENT (BBSTITLE): 13894 bytes, 68 \n, 0 \r\n
[SCREEN] [displayScreen]  Screen loaded successfully: BBSTITLE
[SCREEN] [displayScreen] Content length: 13894 bytes
[SCREEN] [displayScreen] PETSCII: NO
[SCREEN] [displayScreen] Render event: BBSTITLE (node 8)
[SCREEN FLOW] Loaded BBSTITLE file=/Users/spot/Code/amiexpress-web/Node8/BBSTITLE.TXT petscii=N bytes=13894
[DEBUG:SCREEN:INFO] Displaying screen: BBSTITLE {
  file: '/Users/spot/Code/amiexpress-web/Node8/BBSTITLE.TXT',
  size: '13894 bytes',
  isPetscii: false,
  conference: 1
}
[SCREEN] [MCI] ========== PROCESSING MCI CODES ==========
[SCREEN] [MCI] Content length: 13894
[SCREEN] [MCI] Looking for ~XC_ and ~XI codes...
[DEBUG:MCI:DEBUG] Parsing MCI codes (13894 bytes) 
[SCREEN] [MCI] Total commands to execute: 0
=== COMMAND PROCESSED ===

[NEWLINE-DEBUG] AFTER parseMciCodes NORMAL: 0 bytes, 0 \n, 0 \r\n
[NEWLINE-DEBUG] AFTER addAnsiEscapes: 0 bytes, 0 \n, 0 \r\n
[NEWLINE-DEBUG] AFTER NORMALIZE: 0 bytes, 0 \n, 0 \r\n
[WIPE-DEBUG] Screen: BBSTITLE, hasWipeAnimation: false, wipeType: null
[NEWLINE-DEBUG] SPLIT INTO LINES: 2 lines
[NEWLINE-DEBUG] FIRST 5 LINES:   [0] len=0: 
  [1] len=0: 
[SCREEN FLOW] Parsed BBSTITLE: event=ansi-output commands=0 pause=N pages=2
[WIPE-CHECK] hasWipeAnimation=false, wipeType=null, screenName=BBSTITLE
[SCREEN] [displayScreen] Content already emitted inline, skipping frame buffer
🔍 Checking if username exists: sysop
User exists, requesting password
Socket login attempt with username/password: sysop
[LOGIN] Authenticating user: sysop
[LOGIN] Authentication result: SUCCESS
[LOGIN] User authenticated successfully, proceeding with login flow
[UserFileManager] Serialized user struct: 232 bytes (expected 232)
[UserFileManager] Serialized userKeys struct: 56 bytes (expected 56)
[UserFileManager] Serialized userMisc struct: 248 bytes (expected 248)
[UserFileManager] Updated user files for sysop (slot 2)
[LOGIN] Synced user sysop to disk files (slot 2)
[Preference] Received get-font-preference request
[Preference] No session or user, sending default font
[UserFileManager] Serialized user struct: 232 bytes (expected 232)
[UserFileManager] Serialized userKeys struct: 56 bytes (expected 56)
[UserFileManager] Serialized userMisc struct: 248 bytes (expected 248)
[UserFileManager] Updated user files for sysop (slot 2)
[Database] Synced updated user sysop to disk files (slot 2)
[ModemEmulator] install() - wrapping socket.emit
[ModemEmulator] install() complete - _directEmit provided for screen-wipe/slowmo paths
[MulticomManager] updateNode called: nodeId=8, username="sysop", emulators.size=0
[MulticomManager] Node 8 updated in 0 emulator(s)
[CommandHistory] loadHistory called for userId=7ddd39a4-9a2b-485e-ba5a-8cfec20813dd
[CommandHistory] Database available, querying...
[SYSOP DEBUG] AUTH: Login successful
{
  "username": "sysop",
  "secLevel": 255
}
[BBSConfig] Loaded configuration from bbsConfig.info
[BBSConfig] Loaded configuration from bbsConfig.info.txt (newer than the icon)
[SessionLogManager] Updated session metadata: 7hXW7t9fMV9LaxhpAAAW -> sysop
[BatchScheduler] Running EXECUTE_ASYNC_ON_LOGON: bbs:utils/dannounce Sanctuary ~N
[BatchScheduler] Skipping disabled utility: dannounce
[BBSConfig] Loaded configuration from bbsConfig.info
[BBSConfig] Loaded configuration from bbsConfig.info.txt (newer than the icon)
[CommandHistory] Query result: 1 rows
[CommandHistory] Loaded 20 commands for user 7ddd39a4-9a2b-485e-ba5a-8cfec20813dd
[DoorDropFile] Created DOOR.SYS for Node8
[DoorDropFile] Created DORINFO8.DEF for Node8
[BatchScheduler] Running door ByteKillHandler as type SIM (overclock=5000x)
[BatchScheduler] spawn env DOOR_OVERCLOCK=5000 for ByteKillHandler
[SESSION-MIGRATION] User 7ddd39a4-9a2b-485e-ba5a-8cfec20813dd logged in on socket 7hXW7t9fMV9LaxhpAAAW
[BBSEventEmitter] Emitted user_login: sysop (node 8)
[NodeFileManager] Writing data/bbs/node8.user for user sysop
[LOGIN] Error writing node files: Error: ENOENT: no such file or directory, open 'data/bbs/node8.user.tmp'
    at Object.openSync (node:fs:560:18)
    at Object.writeFileSync (node:fs:2429:35)
    at NodeFileManager.writeNodeUserFile (/Users/spot/Code/amiexpress-web/web/backend/src/services/NodeFileManager.ts:125:8)
    at runPostAuthLogin (/Users/spot/Code/amiexpress-web/web/backend/src/services/login-post.service.ts:282:21)
    at async Socket.<anonymous> (/Users/spot/Code/amiexpress-web/web/backend/src/server/auth-socket-handlers.ts:611:30) {
  errno: -2,
  code: 'ENOENT',
  syscall: 'open',
  path: 'data/bbs/node8.user.tmp'
}
[ACS] Loaded ACS.10.info: 41 permissions
[ACS] Loaded ACS.20.info: 41 permissions
[ACS] Loaded ACS.255.info: 42 permissions
[ACS] Loaded ACS.50.info: 42 permissions
[ACS] Available ACS levels: 10, 20, 50, 255
[EnvStat] Writing /tmp/ram/ENV/STATS@8 (node 8, stat 0)
[EnvStat] Writing /tmp/ram/ENV/STATS@8 (node 8, stat 0)
[menu] displayMenuPrompt called subState=display_menu
[menu]   stack:     at displayMainMenu (/Users/spot/Code/amiexpress-web/web/backend/src/handlers/command-handler/menu.ts:163:3)
              at async runPostAuthLogin (/Users/spot/Code/amiexpress-web/web/backend/src/services/login-post.service.ts:508:7)
              at async Socket.<anonymous> (/Users/spot/Code/amiexpress-web/web/backend/src/server/auth-socket-handlers.ts:611:30)
  - bbsName: AmiExpress Web BBS
  - currentConf: 2
  - currentConfName: General
  - relConfNum: 0
  - currentMsgBase: 1
  - timeRemaining: 60
  - msgBasesInConf.length: 1
  - currentMsgBase found: true
[runner:ByteKillHandler] [DoorLogger] Creating logger for door: ByteKillHandler node: 8
[runner:ByteKillHandler] [DoorLogger] __dirname: /Users/spot/Code/amiexpress-web/web/backend/src/amiga-emulation, projectRoot: /Users/spot/Code/amiexpress-web, logs dir: /Users/spot/Code/amiexpress-web/logs
[runner:ByteKillHandler] [SOCKET:door:status] {"status":"initializing"}
[socket-handlers] checkPauseHandler active: false, flagPauseHandler active: false
Session state: loggedon subState: read_command
Input buffer: ""
[socket-handlers] ✗ NOT in door or no handler - routing to BBS command handler
[socket-handlers]   inDoorManager: false
[socket-handlers]   handler exists: false
=== handleCommand called ===
data: "g"
session.state: loggedon
session.subState: read_command
[handleCommand] ENTRY: data="g" subState=read_command paginatedScreen=false inDoorManager=false
 Checking if in POST_MESSAGE_SUBJECT state: false
 In READ_COMMAND state, reading line input
=== COMMAND PROCESSED ===

[runner:ByteKillHandler] [MOIRA WASM] Memory page table updated
[MOIRA WASM]   Chip RAM pages: 0x00-0x1f
[MOIRA WASM]   Fast RAM pages: 0x20-0x3f
[MOIRA WASM]   ROM pages: 0xF8-0xFF
[MOIRA WASM] MoiraCPU initialized with vAmiga-style memory architecture!
[MOIRA WASM]   Chip RAM: 2048 KB (mask: 0x1fffff)
[MOIRA WASM]   ROM: 512 KB (mask: 0x7ffff)
[MoiraEmulator] moira.js loaded from /Users/spot/Code/amiexpress-web/web/backend/src/amiga-emulation/cpu/build/moira.js
[ROM] Loading Kickstart ROM from: /Users/spot/Code/amiexpress-web/web/backend/data/amiga-roms/Kickstart v3.1 rev 40.63 (1993)(Commodore)(A500-A600-A2000).rom
[ROM] Kickstart 3.1 loaded successfully
[ROM] Mapped to memory range: 0xF80000 - 0xFFFFFF
[ROM] ===== Kickstart ROM Info =====
[ROM] Size: 524288 bytes (512KB)
[ROM] Mapped: 0xf80000 - 0xffffff
[ROM] Initial SSP: 0x11164ef9
[ROM] Initial PC:  0x002000d2
[ROM] Exception Vectors:
[ROM]   Vector 0 (Initial SSP): 0x11164ef9
[ROM]   Vector 1 (Initial PC): 0x002000d2
[ROM]   Vector 2 (Bus Error): 0x0000ffff
[ROM]   Vector 3 (Address Error): 0x00280044
[ROM]   Vector 4 (Illegal Instruction): 0x0028000a
[ROM]   Vector 5 (Division by Zero): 0x000000-1
[ROM]   Vector 6 (CHK Instruction): 0x00414d49
[ROM]   Vector 7 (TRAPV Instruction): 0x47412052
[ROM] Version: 
[ROM] ================================
[MOIRA WASM] Memory page table updated
[MOIRA WASM]   Chip RAM pages: 0x00-0x1f
[MOIRA WASM]   Fast RAM pages: 0x20-0x3f
[MOIRA WASM]   ROM pages: 0xF8-0xFF
[MOIRA WASM] ROM loaded: 524288 bytes
[MOIRA WASM]   ROM buffer size: 524288 bytes
[MOIRA WASM]   ROM mask: 0x7ffff
[MOIRA WASM]   Exception vectors copied to chip RAM: 1024 bytes
[MoiraEmulator] ROM loaded (524288 bytes)
[MoiraEmulator] ROM mapped to 0xF80000-0xFFFFFF
[MoiraEmulator] Exception vectors copied to 0x000000
[MOIRA WASM] Memory page table updated
[MOIRA WASM]   Chip RAM pages: 0x00-0x1f
[MOIRA WASM]   Fast RAM pages: 0x20-0x3f
[MOIRA WASM]   ROM pages: 0xF8-0xFF
[MOIRA WASM] ROM loaded: 524288 bytes
[MOIRA WASM]   ROM buffer size: 524288 bytes
[MOIRA WASM]   ROM mask: 0x7ffff
[MOIRA WASM]   Exception vectors copied to chip RAM: 1024 bytes
[MoiraEmulator] ROM loaded (524288 bytes)
[MoiraEmulator] ROM mapped to 0xF80000-0xFFFFFF
[MoiraEmulator] Exception vectors copied to 0x000000
[LibraryLoader] Added search path: /Users/spot/Code/amiexpress-web/web/backend/Libs
[LibraryLoader] Added search path: /Users/spot/Code/amiexpress-web/System/Libs
[LibraryLoader] Added search path: /Users/spot/Code/amiexpress-web/Libs
[socket-handlers] checkPauseHandler active: false, flagPauseHandler active: false
Session state: loggedon subState: read_command
Input buffer: "g"
[socket-handlers] ✗ NOT in door or no handler - routing to BBS command handler
[socket-handlers]   inDoorManager: false
[socket-handlers]   handler exists: false
=== handleCommand called ===
data: "m"
session.state: loggedon
session.subState: read_command
[handleCommand] ENTRY: data="m" subState=read_command paginatedScreen=false inDoorManager=false
 Checking if in POST_MESSAGE_SUBJECT state: false
 In READ_COMMAND state, reading line input
=== COMMAND PROCESSED ===

[socket-handlers] checkPauseHandler active: false, flagPauseHandler active: false
Session state: loggedon subState: read_command
Input buffer: "gm"
🎯 ENTER KEY DETECTED!
🎯 Current subState: read_command
🎯 Is POST_MESSAGE_SUBJECT? false
🎯 Input buffer contents: "gm"
[socket-handlers] ✗ NOT in door or no handler - routing to BBS command handler
[socket-handlers]   inDoorManager: false
[socket-handlers]   handler exists: false
=== handleCommand called ===
data: "\r"
session.state: loggedon
session.subState: read_command
[handleCommand] ENTRY: data="" subState=read_command paginatedScreen=false inDoorManager=false
 Checking if in POST_MESSAGE_SUBJECT state: false
 In READ_COMMAND state, reading line input
=== COMMAND PROCESSED ===

[CommandHistory] saveHistory called for userId=7ddd39a4-9a2b-485e-ba5a-8cfec20813dd, historyLen=20
[CommandHistory] Database available, saving...
[CommandHistory] Running upsert for user 7ddd39a4-9a2b-485e-ba5a-8cfec20813dd with 20 commands
 Command text stored: GMASTER
[CommandHistory] Saved 20 commands for user 7ddd39a4-9a2b-485e-ba5a-8cfec20813dd
=== handleCommand called ===
data: ""
session.state: loggedon
session.subState: process_command
[handleCommand] ENTRY: data="" subState=process_command paginatedScreen=false inDoorManager=false
 Checking if in POST_MESSAGE_SUBJECT state: false
 In PROCESS_COMMAND state, executing command: GMASTER
[CommandPriority] Processing command: GMASTER with params:  allowSyscmd: false
Executing: GMASTER
[SYSOP DEBUG] CMD: Executing: GMASTER
[SYSOP DEBUG] COMMAND: Executing TS door: Doors/grandmaster
{
  "type": "TS",
  "location": "Doors/grandmaster"
}
Executing door: GMASTER
[loadDoorManifestForExecution] Loading manifest for door: GMASTER, id: gmaster, path: Doors/grandmaster
[loadDoorManifestForExecution] Trying door.path: /Users/spot/Code/amiexpress-web/Doors/grandmaster/package.json
[loadDoorManifestForExecution] Found manifest via door.path, runtime: hybrid
[executeDoor] Hybrid door detected: GMASTER - loading client AND server
[executeClientDoor] Starting client door: GMASTER
[ClientDoorBridge] Starting session client-door-1-1788534509033 for door gmaster
[ClientDoorBridge] Registering 'command' listener for session client-door-1-1788534509033
[executeClientDoor] Set inDoorManager=true for session
[executeClientDoor] Set mouseEventsEnabled=true for session
[executeClientDoor] Emitted game-mode=true to frontend
[executeClientDoor] Set doorInputHandler (no-op)
[executeClientDoor] Client door session started: client-door-1-1788534509033
[CallersLog] Node8: Door: GMASTER
[CORS] Request origin: http://localhost:5174
[CORS] Development mode - allowing all origins
[DoorAPI] Serving bundle for door: gmaster
[DoorAPI] Entry point for gmaster: ./client.ts
[DoorAPI] Door base path: /Users/spot/Code/amiexpress-web/Doors/grandmaster
[DoorAPI] Serving pre-built bundle: /Users/spot/Code/amiexpress-web/Doors/grandmaster/dist/client.bundle.js
[DoorDropFile] Created DOOR.SYS for Node8
[DoorDropFile] Created DORINFO8.DEF for Node8
[CallersLog] Node8: Door: GMASTER
[BBSEventEmitter] Emitted door_activity: sysop (node 8)
[executeTypeScriptDoor] ===== EXEC ID: mtn39o7s8wwq =====
[executeTypeScriptDoor] Starting TypeScript door: GMASTER
[executeTypeScriptDoor] Door path: Doors/grandmaster
[executeTypeScriptDoor] Found root index.ts, using source instead of package.json main
[executeTypeScriptDoor] Resolved path: /Users/spot/Code/amiexpress-web/Doors/grandmaster/index.ts
[executeTypeScriptDoor] Actual filesystem path: /Users/spot/Code/amiexpress-web/Doors/grandmaster/index.ts
[executeTypeScriptDoor] Importing: file:///Users/spot/Code/amiexpress-web/Doors/grandmaster/index.ts?t=1788534510042 (cache-busting: enabled)
[executeTypeScriptDoor] doorModule keys: createApp, default, metadata
[executeTypeScriptDoor] doorModule.default: object
[executeTypeScriptDoor] SDK v2.0 Door detected, calling execute()
[executeTypeScriptDoor] Set inDoorManager=true
[executeTypeScriptDoor] Sent door:status: running, door-active: true
[createBBSApi] Created BBSApi, has enableMouseEvents: function
[executeTypeScriptDoor] Calling door.execute() with SDK context...
[GRANDMASTER] Loaded settings for sysop
[SoundEngine] Tone.js synthesis not available, using socket events
[DatabaseConnection] Reading schema from: /Users/spot/Code/amiexpress-web/Doors/grandmaster/server/database/schema.sql
[DatabaseConnection] Schema file loaded, size: 9118 bytes
[DatabaseConnection] Schema initialized successfully
[createScreen] connectionType=web, unicodeCapable=true, needsAmigaConversion=false
[Screen] Created: 80x24, responsive=true, options.width=80, options.height=24
[createScreen] Setting up screen:resize listener via bbs.on()
[BBSApi] setTerminalMode called with mode=fixed, socket.id=7hXW7t9fMV9LaxhpAAAW
[BBSApi] Emitted terminal-mode event with mode=fixed
[GrandmasterNetworkManager] local player 7ddd39a4-9a2b-485e-ba5a-8cfec20813dd@8 on node 8
(node:24513) MaxListenersExceededWarning: Possible EventEmitter memory leak detected. 11 SIGINT listeners added to [process]. MaxListeners is 10. Use emitter.setMaxListeners() to increase limit
(Use `node --trace-warnings ...` to show where the warning was created)
(node:24513) MaxListenersExceededWarning: Possible EventEmitter memory leak detected. 11 SIGTERM listeners added to [process]. MaxListeners is 10. Use emitter.setMaxListeners() to increase limit
[runner:ByteKillHandler] [LibraryManager] romtool split failed: 2026-09-04 17:08:32,837  ERROR       root        '/Users/spot/Code/amiexpress-web/web/backend/data/amiga-roms/Kickstart v3.1 rev 40.63 (1993)(Commodore)(A500-A600-A2000).rom' was not found in split database!

[LibraryLoader] Loading AEDoor.library (version >= 0)
[LibraryLoader] Found library: /Users/spot/Code/amiexpress-web/Libs/AEDoor.library
[LibraryLoader] Read 1128 bytes from /Users/spot/Code/amiexpress-web/Libs/AEDoor.library
[LibraryLoader] Parsed 1 segments
[LibraryLoader] Allocated base address: 0x200000
[LibraryLoader] Loading code segment (1036 bytes) at 0x200000
[LibraryLoader] Applying 1 relocation groups
[LibraryLoader] Stored ExecBase (0x80000) at library+0x22
[LibraryLoader] Parsed $VER: AEDoorLib 2.7 (18.5.1996)
✅ [LibraryLoader] Successfully loaded AEDoor.library at 0x200000
   Jump table entries: 0
[PathManager] Initialized assigns:
  doors: => /Users/spot/Code/amiexpress-web/Doors/
  bbs: => /Users/spot/Code/amiexpress-web/
  data: => /Users/spot/Code/amiexpress-web/data/
  screens: => /Users/spot/Code/amiexpress-web/Screens/
  bulletins: => /Users/spot/Code/amiexpress-web/Bulletins/
  s: => /Users/spot/Code/amiexpress-web/S/
  work: => /Users/spot/Code/amiexpress-web/
  sami: => /Users/spot/Code/amiexpress-web/S/
  env: => /tmp/ram/ENV/
  progdir: => /Users/spot/Code/amiexpress-web/
  sys: => /Users/spot/Code/amiexpress-web/System/
  c: => /Users/spot/Code/amiexpress-web/System/C/
  l: => /Users/spot/Code/amiexpress-web/System/L/
  libs: => /Users/spot/Code/amiexpress-web/System/Libs/
  devs: => /Users/spot/Code/amiexpress-web/System/Devs/
  fonts: => /Users/spot/Code/amiexpress-web/System/Fonts/
  locale: => /Users/spot/Code/amiexpress-web/System/Locale/
  prefs: => /Users/spot/Code/amiexpress-web/System/Prefs/
  classes: => /Users/spot/Code/amiexpress-web/System/Classes/
  ram: => /tmp/ram/
  t: => /tmp/
[PathManager] Added assign: bbs: => /Users/spot/Code/amiexpress-web
[PathManager] Added assign: bbs: => /Users/spot/Code/amiexpress-web
[PathManager] Added assign: doors: => /Users/spot/Code/amiexpress-web/Doors
[PathManager] Added assign: doors: => /Users/spot/Code/amiexpress-web/Doors
[PathManager] Added assign: node8: => /Users/spot/Code/amiexpress-web/Node8
[PathManager] Added assign: node8: => /Users/spot/Code/amiexpress-web/Node8
[PathManager] PROGDIR: assigned to /Users/spot/Code/amiexpress-web/doors/bytekiller/
[icon.library] PROGDIR: device set to /Users/spot/Code/amiexpress-web/doors/bytekiller
[icon.library] Door binary name set to: ByteKillHandler
[icon.library] Door command set to: B
[EnvironmentManager] Initialized LocalVars list at 0x120000
[EnvironmentManager] Populating standard environment variables
[EnvironmentManager] SetVar("PATH", "Work:,S:,C:,Doors:", flags=0)
[EnvironmentManager] Created LocalVar at 0x130000
[EnvironmentManager] SetVar("PROMPT", "%N.%S>", flags=0)
[EnvironmentManager] Created LocalVar at 0x130030
[EnvironmentManager] SetVar("RETURN", "0", flags=0)
[EnvironmentManager] Created LocalVar at 0x130056
[EnvironmentManager] SetVar("RC", "0", flags=0)
[EnvironmentManager] Created LocalVar at 0x130077
[EnvironmentManager] SetVar("Result2", "0", flags=0)
[EnvironmentManager] Created LocalVar at 0x130094
[EnvironmentManager] SetVar("DEVINFO", "CON:,NIL:,SER:", flags=0)
[EnvironmentManager] Created LocalVar at 0x1300b6
[EnvironmentManager] SetVar("Kickstart", "39.106", flags=0)
[EnvironmentManager] Created LocalVar at 0x1300e5
[EnvironmentManager] SetVar("Workbench", "39.29", flags=0)
[EnvironmentManager] Created LocalVar at 0x13010e
[EnvironmentManager] SetVar("BBS_ROOT", "/Users/spot/Code/amiexpress-web", flags=0)
[EnvironmentManager] Created LocalVar at 0x130136
[EnvironmentManager] SetVar("BBSPATH", "/Users/spot/Code/amiexpress-web", flags=0)
[EnvironmentManager] Created LocalVar at 0x130177
[EnvironmentManager] SetVar("BBS_PATH", "/Users/spot/Code/amiexpress-web", flags=0)
[EnvironmentManager] Created LocalVar at 0x1301b7
[EnvironmentManager] SetVar("BBSDATA", "/Users/spot/Code/amiexpress-web", flags=0)
[EnvironmentManager] Created LocalVar at 0x1301f8
[EnvironmentManager] SetVar("BBS_NAME", "AmiExpress Web BBS", flags=0)
[EnvironmentManager] Created LocalVar at 0x130238
[EnvironmentManager] SetVar("BBSNAME", "AmiExpress Web BBS", flags=0)
[EnvironmentManager] Created LocalVar at 0x13026c
[EnvironmentManager] SetVar("NODE_ID", "8", flags=0)
[EnvironmentManager] Created LocalVar at 0x13029f
[EnvironmentManager] SetVar("AXNODE", "8", flags=0)
[EnvironmentManager] Created LocalVar at 0x1302c1
[EnvironmentManager] SetVar("AMX_NODE", "8", flags=0)
[EnvironmentManager] Created LocalVar at 0x1302e2
[EnvironmentManager] SetVar("NODE", "8", flags=0)
[EnvironmentManager] Created LocalVar at 0x130305
[EnvironmentManager] SetVar("AXNODENUM", "8", flags=0)
[EnvironmentManager] Created LocalVar at 0x130324
[EnvironmentManager] SetVar("BBSNODE", "8", flags=0)
[EnvironmentManager] Created LocalVar at 0x130348
[EnvironmentManager] SetVar("NODE_NUMBER", "8", flags=0)
[EnvironmentManager] Created LocalVar at 0x13036a
[EnvironmentManager] SetVar("USERNAME", "Sysop", flags=0)
[EnvironmentManager] Created LocalVar at 0x130390
[EnvironmentManager] SetVar("USER_NAME", "Sysop", flags=0)
[EnvironmentManager] Created LocalVar at 0x1303b7
[EnvironmentManager] SetVar("HANDLE", "Sysop", flags=0)
[EnvironmentManager] Created LocalVar at 0x1303df
[EnvironmentManager] SetVar("USER_LEVEL", "1", flags=0)
[EnvironmentManager] Created LocalVar at 0x130404
[EnvironmentManager] SetVar("SYSOP", "sysop", flags=0)
[EnvironmentManager] Created LocalVar at 0x130429
[EnvironmentManager] SetVar("SYSOP_NAME", "sysop", flags=0)
[EnvironmentManager] Created LocalVar at 0x13044d
[EnvironmentManager] SetVar("CONF_ID", "1", flags=0)
[EnvironmentManager] Created LocalVar at 0x130476
[EnvironmentManager] SetVar("CONF", "1", flags=0)
[EnvironmentManager] Created LocalVar at 0x130498
[EnvironmentManager] SetVar("CONFNUM", "1", flags=0)
[EnvironmentManager] Created LocalVar at 0x1304b7
[EnvironmentManager] SetVar("BAUD", "115200", flags=0)
[EnvironmentManager] Created LocalVar at 0x1304d9
[EnvironmentManager] SetVar("SERIALRATE", "115200", flags=0)
[EnvironmentManager] Created LocalVar at 0x1304fd
[EnvironmentManager] SetVar("AE_HOST", "amiexpress-web", flags=0)
[EnvironmentManager] Created LocalVar at 0x130527
[EnvironmentManager] SetVar("AE_HOST_VERSION", "1.0.0", flags=0)
[EnvironmentManager] Created LocalVar at 0x130556
[EnvironmentManager] SetVar("AE_CONNECTION", "web", flags=0)
[EnvironmentManager] Created LocalVar at 0x130584
[EnvironmentManager] SetVar("AE_CLIENT", "ansi", flags=0)
[EnvironmentManager] Created LocalVar at 0x1305ae
[EnvironmentManager] SetVar("AE_CAPS", "ansi,wide,mouse", flags=0)
[EnvironmentManager] Created LocalVar at 0x1305d5
[EnvironmentManager] Populated 37 standard variables
[ENV Initializer] Creating ENV files for node 8
[ENV Initializer] Created ENV:PATH = "Work:,S:,C:,Doors:"
[ENV Initializer] Created ENV:PROMPT = "%N.%S>"
[ENV Initializer] Created ENV:RC = "0"
[ENV Initializer] Created ENV:Result2 = "0"
[ENV Initializer] Created ENV:Kickstart = "39.106"
[ENV Initializer] Created ENV:Workbench = "39.29"
[ENV Initializer] Created ENV:BBS_NAME = "AmiExpress Web BBS"
[ENV Initializer] Created ENV:BBSNAME = "AmiExpress Web BBS"
[ENV Initializer] Created ENV:SYSOP = "Sysop"
[ENV Initializer] Created ENV:SYSOP_NAME = "Sysop"
[ENV Initializer] Created ENV:NODE_NUMBER = "8"
[ENV Initializer] Created ENV:AXNODE = "8"
[ENV Initializer] Created ENV:AMX_NODE = "8"
[ENV Initializer] Created ENV:NODE = "8"
[ENV Initializer] Created ENV:AXNODENUM = "8"
[ENV Initializer] Created ENV:BBSNODE = "8"
[ENV Initializer] Created ENV:BAUD = "115200"
[ENV Initializer] Created ENV:SERIALRATE = "115200"
[ENV Initializer] Created ENV:AE_HOST = "amiexpress-web"
[ENV Initializer] Created ENV:AE_HOST_VERSION = "1.0.0"
[ENV Initializer] Created ENV:AE_CONNECTION.8 = "web"
[ENV Initializer] Created ENV:AE_CLIENT.8 = "ansi"
[ENV Initializer] Created ENV:AE_CAPS.8 = "ansi,wide,mouse"
[ENV Initializer] Created ENV:JC_PWFAIL.1 = "0"
[ENV Initializer] Created ENV:JC_PWFAIL.2 = "0"
[ENV Initializer] Created ENV:JC_PWFAIL.3 = "0"
[ENV Initializer] Created ENV:JC_PWFAIL.4 = "0"
[ENV Initializer] Created ENV:JC_PWFAIL.5 = "0"
[ENV Initializer] Created ENV:JC_PWFAIL.6 = "0"
[ENV Initializer] Created ENV:JC_PWFAIL.7 = "0"
[ENV Initializer] Created ENV:JC_PWFAIL.8 = "0"
[ENV Initializer] Created ENV:LAST_DOOR = ""
[ENV Initializer] Created ENV:DOOR_COUNT = "0"
[ENV Initializer] Created ENV files in /tmp/ram/ENV
[FileManager] Initialized standard handles:
  BPTR 1 (stdin):  [FH:'stdin'(ami='CONSOLE:',sys='/dev/stdin',nc=false)@0x0=B@0x1]
  BPTR 2 (stdout): [FH:'stdout'(ami='*',sys='/dev/stdout',nc=false)@0x0=B@0x2]
[PathManager] Mapped assign root: "doors:" => "/Users/spot/Code/amiexpress-web/Doors/"
[FileManager] stdin re-registered: BPTR 0x1 -> 0x50000
[FileManager] stdin BPTR set to 0x50000 (addr 0x140000)
[FileManager] stdout re-registered: BPTR 0x2 -> 0x5000b
[FileManager] stdout BPTR set to 0x5000b (addr 0x14002c)
[PathManager] PROGDIR: assigned to /Users/spot/Code/amiexpress-web/doors/bytekiller/
[PathManager] Mapped assign root: "progdir:" => "/Users/spot/Code/amiexpress-web/doors/bytekiller/"
[FileManager] Changed directory to: progdir: (/Users/spot/Code/amiexpress-web/doors/bytekiller/)
[LibraryTraps] LVOs.i not found; stub vectors disabled
[MoiraEmulator] Library trap handler registered
[LibraryTraps] Installing Exec.library vectors at base 0x80000
  [FreeSignal] Vector at 0x7feb0 (offset -336)
  [RemPort] Vector at 0x7fe98 (offset -360)
  [OpenDevice] Vector at 0x7fe44 (offset -444)
  [CloseDevice] Vector at 0x7fe3e (offset -450)
  [DoIO] Vector at 0x7fe38 (offset -456)
  [CheckIO] Vector at 0x7fe2c (offset -468)
  [WaitIO] Vector at 0x7fe26 (offset -474)
  [AbortIO] Vector at 0x7fe20 (offset -480)
  [CreateIORequest] Vector at 0x7fd72 (offset -654)
  [DeleteIORequest] Vector at 0x7fd6c (offset -660)
  [AllocEntry] Vector at 0x7ff22 (offset -222)
  [FreeEntry] Vector at 0x7ff1c (offset -228)
  [OpenResource] Vector at 0x7fe0e (offset -498)
  [SetFunction] Vector at 0x7fe5c (offset -420)
  [AddTask] Vector at 0x7fee6 (offset -282)
  [AddSemaphore] Vector at 0x7fda8 (offset -600)
  [AddIntServer] Vector at 0x7ff58 (offset -168)
  [CacheControl] Vector at 0x7fd78 (offset -648)
  [RemMemHandler] Vector at 0x7ff7c (offset -132)
  [SetIntVector] Vector at 0x7ff5e (offset -162)
  [AllocTrap] Vector at 0x7feaa (offset -342)
  [FreeTrap] Vector at 0x7fea4 (offset -348)
  [SendIO] Vector at 0x7fe32 (offset -462)
  [SumLibrary] Vector at 0x7fe56 (offset -426)
  [OpenLibrary] Vector at 0x7fdd8 (offset -552)
  [CloseLibrary] Vector at 0x7fe62 (offset -414)
  [RawDoFmt] Vector at 0x7fdf6 (offset -522)
  [InitStruct] Vector at 0x7ffb2 (offset -78)
  [MakeLibrary] Vector at 0x7ffac (offset -84)
  [MakeFunctions] Vector at 0x7ffa6 (offset -90)
  [FindResident] Vector at 0x7ffa0 (offset -96)
  [InitResident] Vector at 0x7ff9a (offset -102)
  [Alert] Vector at 0x7ff94 (offset -108)
  [Forbid] Vector at 0x7ff7c (offset -132)
  [Permit] Vector at 0x7ff76 (offset -138)
  [SuperState] Vector at 0x7ff6a (offset -150)
  [UserState] Vector at 0x7ff64 (offset -156)
  [Allocate] Vector at 0x7ff46 (offset -186)
  [Insert] Vector at 0x7ff16 (offset -234)
  [AddHead] Vector at 0x7ff10 (offset -240)
  [AddTail] Vector at 0x7ff0a (offset -246)
  [Remove] Vector at 0x7ff04 (offset -252)
  [RemHead] Vector at 0x7fefe (offset -258)
  [RemTail] Vector at 0x7fef8 (offset -264)
  [Enqueue] Vector at 0x7fef2 (offset -270)
  [InitSemaphore] Vector at 0x7fdd2 (offset -558)
  [ObtainSemaphore] Vector at 0x7fdcc (offset -564)
  [ReleaseSemaphore] Vector at 0x7fdc6 (offset -570)
  [AttemptSemaphore] Vector at 0x7fdc0 (offset -576)
  [FindSemaphore] Vector at 0x7fdae (offset -594)
  [OldOpenLibrary] Vector at 0x7fe68 (offset -408)
  [Disable] Vector at 0x7ff88 (offset -120)
  [Enable] Vector at 0x7ff82 (offset -126)
  [Deallocate] Vector at 0x7ff40 (offset -192)
  [AvailMem] Vector at 0x7ff28 (offset -216)
  [FindName] Vector at 0x7feec (offset -276)
  [TypeOfMem] Vector at 0x7fdea (offset -534)
  [CacheClearU] Vector at 0x7fd84 (offset -636)
  [CacheClearE] Vector at 0x7fd7e (offset -642)
  [ObtainSemaphoreShared] Vector at 0x7fd5a (offset -678)
  [AllocMem] Vector at 0x7ff3a (offset -198)
  [FreeMem] Vector at 0x7ff2e (offset -210)
  [FindTask] Vector at 0x7feda (offset -294)
  [SetTaskPri] Vector at 0x7fed4 (offset -300)
  [SetSignal] Vector at 0x7fece (offset -306)
  [FindPort] Vector at 0x7fe7a (offset -390)
  [PutMsg] Vector at 0x7fe92 (offset -366)
  [GetMsg] Vector at 0x7fe8c (offset -372)
  [Wait] Vector at 0x7fec2 (offset -318)
  [Signal] Vector at 0x7febc (offset -324)
  [Supervisor] Vector at 0x7ffe2 (offset -30)
  [AllocSignal] Vector at 0x7feb6 (offset -330)
  [AddPort] Vector at 0x7fe9e (offset -354)
  [ReplyMsg] Vector at 0x7fe86 (offset -378)
  [WaitPort] Vector at 0x7fe80 (offset -384)
  [CreatePort] Vector at 0x7ff8e (offset -114)
  [CreateMsgPort] Vector at 0x7fd66 (offset -666)
  [DeleteMsgPort] Vector at 0x7fd60 (offset -672)
  [AllocVec] Vector at 0x7fd54 (offset -684)
  [FreeVec] Vector at 0x7fd4e (offset -690)
  [CreatePool] Vector at 0x7fd48 (offset -696)
  [DeletePool] Vector at 0x7fd42 (offset -702)
  [AllocPooled] Vector at 0x7fd3c (offset -708)
  [FreePooled] Vector at 0x7fd36 (offset -714)
  [CopyMem] Vector at 0x7fd90 (offset -624)
  [CopyMemQuick] Vector at 0x7fd8a (offset -630)
  [StackSwap] Vector at 0x7fd24 (offset -732)
[LibraryTraps] Installed 87 Exec.library vectors
[LibraryTraps] Synced 86 trap addresses to MOIRA for batch execution
[LibraryLoader] Loading utility.library (version >= 37)
[LibraryLoader] ✅ utility.library is ROM-resident (using Kickstart ROM)
[LibraryLoader]   ROM libraries are native code in ROM, not loaded from disk
[LibraryTraps] Installing utility.library vectors at base 0xf0000
  [FindTagItem] Vector at 0xeffe2 (offset -30)
  [GetTagData] Vector at 0xeffdc (offset -36)
  [PackBoolTags] Vector at 0xeffd6 (offset -42)
  [NextTagItem] Vector at 0xeffd0 (offset -48)
  [FilterTagChanges] Vector at 0xeffca (offset -54)
  [Utility_-58_Stub] Vector at 0xeffc6 (offset -58)
  [MapTags] Vector at 0xeffc4 (offset -60)
  [AllocateTagItems] Vector at 0xeffbe (offset -66)
  [CloneTagItems] Vector at 0xeffb8 (offset -72)
  [FreeTagItems] Vector at 0xeffb2 (offset -78)
  [RefreshTagItemClones] Vector at 0xeffac (offset -84)
  [TagInArray] Vector at 0xeffa6 (offset -90)
  [FilterTagItems] Vector at 0xeffa0 (offset -96)
  [CallHookPkt] Vector at 0xeff9a (offset -102)
  [Amiga2Date] Vector at 0xeff88 (offset -120)
  [Date2Amiga] Vector at 0xeff82 (offset -126)
  [CheckDate] Vector at 0xeff7c (offset -132)
  [SMult32] Vector at 0xeff76 (offset -138)
  [UMult32] Vector at 0xeff70 (offset -144)
  [SDivMod32] Vector at 0xeff6a (offset -150)
  [UDivMod32] Vector at 0xeff64 (offset -156)
  [Stricmp] Vector at 0xeff5e (offset -162)
  [Strnicmp] Vector at 0xeff58 (offset -168)
  [ToUpper] Vector at 0xeff52 (offset -174)
  [ToLower] Vector at 0xeff4c (offset -180)
  [ApplyTagChanges] Vector at 0xeff46 (offset -186)
  [SMult64] Vector at 0xeff3a (offset -198)
  [UMult64] Vector at 0xeff34 (offset -204)
  [PackStructureTags] Vector at 0xeff2e (offset -210)
  [UnpackStructureTags] Vector at 0xeff28 (offset -216)
  [AddNamedObject] Vector at 0xeff22 (offset -222)
  [AllocNamedObjectA] Vector at 0xeff1c (offset -228)
  [AttemptRemNamedObject] Vector at 0xeff16 (offset -234)
  [FindNamedObject] Vector at 0xeff10 (offset -240)
  [FreeNamedObject] Vector at 0xeff0a (offset -246)
  [NamedObjectName] Vector at 0xeff04 (offset -252)
  [ReleaseNamedObject] Vector at 0xefefe (offset -258)
  [RemNamedObject] Vector at 0xefef8 (offset -264)
  [GetUniqueID] Vector at 0xefef2 (offset -270)
[LibraryTraps] Installed 39 utility.library vectors
[LibraryLoader] Loading icon.library (version >= 37)
[LibraryLoader] ✅ icon.library is ROM-resident (using Kickstart ROM)
[LibraryLoader]   ROM libraries are native code in ROM, not loaded from disk
[LibraryTraps] Installing icon.library vectors at base 0xd0000
  [FreeFreeList] Vector at 0xcffca (offset -54) [VERIFIED: 0x4afc]
  [AddFreeList] Vector at 0xcffb8 (offset -72) [VERIFIED: 0x4afc]
  [GetDiskObject] Vector at 0xcffb2 (offset -78) [VERIFIED: 0x4afc]
  [PutDiskObject] Vector at 0xcffac (offset -84) [VERIFIED: 0x4afc]
  [FreeDiskObject] Vector at 0xcffa6 (offset -90) [VERIFIED: 0x4afc]
  [FindToolType] Vector at 0xcffa0 (offset -96) [VERIFIED: 0x4afc]
  [MatchToolValue] Vector at 0xcff9a (offset -102) [VERIFIED: 0x4afc]
  [BumpRevision] Vector at 0xcff94 (offset -108) [VERIFIED: 0x4afc]
  [GetDefDiskObject] Vector at 0xcff88 (offset -120) [VERIFIED: 0x4afc]
  [PutDefDiskObject] Vector at 0xcff82 (offset -126) [VERIFIED: 0x4afc]
  [GetDiskObjectNew] Vector at 0xcff7c (offset -132) [VERIFIED: 0x4afc]
  [DeleteDiskObject] Vector at 0xcff76 (offset -138) [VERIFIED: 0x4afc]
[LibraryTraps] *** icon.library GetDiskObject at 0xcffe2 contains: 0x0 (should be 0x4AFC) ***
[LibraryTraps] *** icon.library FULLY OPERATIONAL - ALL traps installed and ready ***
[LibraryTraps] Installed 12 icon.library vectors
[LibraryLoader] Loading dos.library (version >= 37)
[LibraryLoader] ✅ dos.library is ROM-resident (using Kickstart ROM)
[LibraryLoader]   ROM libraries are native code in ROM, not loaded from disk
[LibraryTraps] Installing dos.library vectors at base 0xb0000
  [Open] Vector at 0xaffe2 (offset -30)
  [Close] Vector at 0xaffdc (offset -36)
  [Read] Vector at 0xaffd6 (offset -42)
  [Write] Vector at 0xaffd0 (offset -48)
  [Input] Vector at 0xaffca (offset -54)
  [Output] Vector at 0xaffc4 (offset -60)
  [Seek] Vector at 0xaffbe (offset -66)
  [DeleteFile] Vector at 0xaffb8 (offset -72)
  [Rename] Vector at 0xaffb2 (offset -78)
  [Lock] Vector at 0xaffac (offset -84)
  [UnLock] Vector at 0xaffa6 (offset -90)
  [DupLock] Vector at 0xaffa0 (offset -96)
  [Examine] Vector at 0xaff9a (offset -102)
  [ExNext] Vector at 0xaff94 (offset -108)
  [Info] Vector at 0xaff8e (offset -114)
  [CreateDir] Vector at 0xaff88 (offset -120)
  [CurrentDir] Vector at 0xaff82 (offset -126)
  [IoErr] Vector at 0xaff7c (offset -132)
  [CreateProc] Vector at 0xaff76 (offset -138)
  [Exit] Vector at 0xaff70 (offset -144)
  [LoadSeg] Vector at 0xaff6a (offset -150)
  [UnLoadSeg] Vector at 0xaff64 (offset -156)
  [DeviceProc] Vector at 0xaff52 (offset -174)
  [SetComment] Vector at 0xaff4c (offset -180)
  [SetProtection] Vector at 0xaff46 (offset -186)
  [DateStamp] Vector at 0xaff40 (offset -192)
  [Delay] Vector at 0xaff3a (offset -198)
  [WaitForChar] Vector at 0xaff34 (offset -204)
  [ParentDir] Vector at 0xaff2e (offset -210)
  [IsInteractive] Vector at 0xaff28 (offset -216)
  [Execute] Vector at 0xaff22 (offset -222)
  [AllocDosObject] Vector at 0xaff1c (offset -228)
  [FreeDosObject] Vector at 0xaff16 (offset -234)
  [SelectInput] Vector at 0xafeda (offset -294)
  [SelectOutput] Vector at 0xafed4 (offset -300)
  [FGetC] Vector at 0xafece (offset -306)
  [FPutC] Vector at 0xafec8 (offset -312)
  [UnGetC] Vector at 0xafec2 (offset -318)
  [FRead] Vector at 0xafebc (offset -324)
  [FWrite] Vector at 0xafeb6 (offset -330)
  [FGets] Vector at 0xafeb0 (offset -336)
  [FPuts] Vector at 0xafeaa (offset -342)
  [VFPrintf] Vector at 0xafe9e (offset -354)
  [Flush] Vector at 0xafe98 (offset -360)
  [DupLockFromFH] Vector at 0xafe8c (offset -372)
  [OpenFromLock] Vector at 0xafe86 (offset -378)
  [ParentOfFH] Vector at 0xafe80 (offset -384)
  [ExamineFH] Vector at 0xafe7a (offset -390)
  [NameFromLock] Vector at 0xafe6e (offset -402)
  [SplitName] Vector at 0xafe62 (offset -414)
  [SetIoErr] Vector at 0xafe32 (offset -462)
  [Fault] Vector at 0xafe2c (offset -468)
  [PrintFault] Vector at 0xafe26 (offset -474)
  [Cli] Vector at 0xafe14 (offset -492)
  [GetFileSysTask] Vector at 0xafdf6 (offset -522)
  [SetFileSysTask] Vector at 0xafdf0 (offset -528)
  [FindCliProc] Vector at 0xafdde (offset -546)
  [MaxCli] Vector at 0xafdd8 (offset -552)
  [GetCurrentDirName] Vector at 0xafdcc (offset -564)
  [GetProgramName] Vector at 0xafdc0 (offset -576)
  [SetProgramDir] Vector at 0xafdae (offset -594)
  [GetProgramDir] Vector at 0xafda8 (offset -600)
  [SystemTagList] Vector at 0xafda2 (offset -606)
  [DateToStr] Vector at 0xafd18 (offset -744)
  [StrToDate] Vector at 0xafd12 (offset -750)
  [CheckSignal] Vector at 0xafce8 (offset -792)
  [ReadArgs] Vector at 0xafce2 (offset -798)
  [ParsePattern] Vector at 0xafcb8 (offset -840)
  [MatchPattern] Vector at 0xafcb2 (offset -846)
  [FreeArgs] Vector at 0xafca6 (offset -858)
  [FilePart] Vector at 0xafc9a (offset -870)
  [PathPart] Vector at 0xafc94 (offset -876)
  [AddPart] Vector at 0xafc8e (offset -882)
  [SetVar] Vector at 0xafc7c (offset -900)
  [GetVar] Vector at 0xafc76 (offset -906)
  [DeleteVar] Vector at 0xafc70 (offset -912)
  [PutStr] Vector at 0xafc4c (offset -948)
  [VPrintf] Vector at 0xafc46 (offset -954)
  [ParsePatternNoCase] Vector at 0xafc3a (offset -966)
  [MatchPatternNoCase] Vector at 0xafc34 (offset -972)
  [LockDosList] Vector at 0xafd72 (offset -654)
  [UnLockDosList] Vector at 0xafd6c (offset -660)
  [AttemptLockDosList] Vector at 0xafd66 (offset -666)
  [FindDosEntry] Vector at 0xafd54 (offset -684)
  [NextDosEntry] Vector at 0xafd4e (offset -690)
  [MatchFirst] Vector at 0xafcca (offset -822)
  [MatchNext] Vector at 0xafcc4 (offset -828)
  [MatchEnd] Vector at 0xafcbe (offset -834)
  [IsFileSystem] Vector at 0xafe02 (offset -510)
  [SetProgramName] Vector at 0xafe0e (offset -498)
  [GetArgStr] Vector at 0xafdea (offset -534)
  [ReadItem] Vector at 0xafda2 (offset -606)
  [GetDeviceProc] Vector at 0xafd7e (offset -642)
  [VFWritef] Vector at 0xafea4 (offset -348)
  [SetMode] Vector at 0xafe56 (offset -426)
  [ExAll] Vector at 0xafe50 (offset -432)
  [StartNotify] Vector at 0xafc88 (offset -888)
  [DoPkt] Vector at 0xaff10 (offset -240)
  [StrToLong] Vector at 0xafcd0 (offset -816)
[LibraryTraps] Installed 99 dos.library vectors
[LibraryTraps] Installing dos.library vectors at base 0xb0000
  [Open] Vector at 0xaffe2 (offset -30)
  [Close] Vector at 0xaffdc (offset -36)
  [Read] Vector at 0xaffd6 (offset -42)
  [Write] Vector at 0xaffd0 (offset -48)
  [Input] Vector at 0xaffca (offset -54)
  [Output] Vector at 0xaffc4 (offset -60)
  [Seek] Vector at 0xaffbe (offset -66)
  [DeleteFile] Vector at 0xaffb8 (offset -72)
  [Rename] Vector at 0xaffb2 (offset -78)
  [Lock] Vector at 0xaffac (offset -84)
  [UnLock] Vector at 0xaffa6 (offset -90)
  [DupLock] Vector at 0xaffa0 (offset -96)
  [Examine] Vector at 0xaff9a (offset -102)
  [ExNext] Vector at 0xaff94 (offset -108)
  [Info] Vector at 0xaff8e (offset -114)
  [CreateDir] Vector at 0xaff88 (offset -120)
  [CurrentDir] Vector at 0xaff82 (offset -126)
  [IoErr] Vector at 0xaff7c (offset -132)
  [CreateProc] Vector at 0xaff76 (offset -138)
  [Exit] Vector at 0xaff70 (offset -144)
  [LoadSeg] Vector at 0xaff6a (offset -150)
  [UnLoadSeg] Vector at 0xaff64 (offset -156)
  [DeviceProc] Vector at 0xaff52 (offset -174)
  [SetComment] Vector at 0xaff4c (offset -180)
  [SetProtection] Vector at 0xaff46 (offset -186)
  [DateStamp] Vector at 0xaff40 (offset -192)
  [Delay] Vector at 0xaff3a (offset -198)
  [WaitForChar] Vector at 0xaff34 (offset -204)
  [ParentDir] Vector at 0xaff2e (offset -210)
  [IsInteractive] Vector at 0xaff28 (offset -216)
  [Execute] Vector at 0xaff22 (offset -222)
  [AllocDosObject] Vector at 0xaff1c (offset -228)
  [FreeDosObject] Vector at 0xaff16 (offset -234)
  [SelectInput] Vector at 0xafeda (offset -294)
  [SelectOutput] Vector at 0xafed4 (offset -300)
  [FGetC] Vector at 0xafece (offset -306)
  [FPutC] Vector at 0xafec8 (offset -312)
  [UnGetC] Vector at 0xafec2 (offset -318)
  [FRead] Vector at 0xafebc (offset -324)
  [FWrite] Vector at 0xafeb6 (offset -330)
  [FGets] Vector at 0xafeb0 (offset -336)
  [FPuts] Vector at 0xafeaa (offset -342)
  [VFPrintf] Vector at 0xafe9e (offset -354)
  [Flush] Vector at 0xafe98 (offset -360)
  [DupLockFromFH] Vector at 0xafe8c (offset -372)
  [OpenFromLock] Vector at 0xafe86 (offset -378)
  [ParentOfFH] Vector at 0xafe80 (offset -384)
  [ExamineFH] Vector at 0xafe7a (offset -390)
  [NameFromLock] Vector at 0xafe6e (offset -402)
  [SplitName] Vector at 0xafe62 (offset -414)
  [SetIoErr] Vector at 0xafe32 (offset -462)
  [Fault] Vector at 0xafe2c (offset -468)
  [PrintFault] Vector at 0xafe26 (offset -474)
  [Cli] Vector at 0xafe14 (offset -492)
  [GetFileSysTask] Vector at 0xafdf6 (offset -522)
  [SetFileSysTask] Vector at 0xafdf0 (offset -528)
  [FindCliProc] Vector at 0xafdde (offset -546)
  [MaxCli] Vector at 0xafdd8 (offset -552)
  [GetCurrentDirName] Vector at 0xafdcc (offset -564)
  [GetProgramName] Vector at 0xafdc0 (offset -576)
  [SetProgramDir] Vector at 0xafdae (offset -594)
  [GetProgramDir] Vector at 0xafda8 (offset -600)
  [SystemTagList] Vector at 0xafda2 (offset -606)
  [DateToStr] Vector at 0xafd18 (offset -744)
  [StrToDate] Vector at 0xafd12 (offset -750)
  [CheckSignal] Vector at 0xafce8 (offset -792)
  [ReadArgs] Vector at 0xafce2 (offset -798)
  [ParsePattern] Vector at 0xafcb8 (offset -840)
  [MatchPattern] Vector at 0xafcb2 (offset -846)
  [FreeArgs] Vector at 0xafca6 (offset -858)
  [FilePart] Vector at 0xafc9a (offset -870)
  [PathPart] Vector at 0xafc94 (offset -876)
  [AddPart] Vector at 0xafc8e (offset -882)
  [SetVar] Vector at 0xafc7c (offset -900)
  [GetVar] Vector at 0xafc76 (offset -906)
  [DeleteVar] Vector at 0xafc70 (offset -912)
  [PutStr] Vector at 0xafc4c (offset -948)
  [VPrintf] Vector at 0xafc46 (offset -954)
  [ParsePatternNoCase] Vector at 0xafc3a (offset -966)
  [MatchPatternNoCase] Vector at 0xafc34 (offset -972)
  [LockDosList] Vector at 0xafd72 (offset -654)
  [UnLockDosList] Vector at 0xafd6c (offset -660)
  [AttemptLockDosList] Vector at 0xafd66 (offset -666)
  [FindDosEntry] Vector at 0xafd54 (offset -684)
  [NextDosEntry] Vector at 0xafd4e (offset -690)
  [MatchFirst] Vector at 0xafcca (offset -822)
  [MatchNext] Vector at 0xafcc4 (offset -828)
  [MatchEnd] Vector at 0xafcbe (offset -834)
  [IsFileSystem] Vector at 0xafe02 (offset -510)
  [SetProgramName] Vector at 0xafe0e (offset -498)
  [GetArgStr] Vector at 0xafdea (offset -534)
  [ReadItem] Vector at 0xafda2 (offset -606)
  [GetDeviceProc] Vector at 0xafd7e (offset -642)
  [VFWritef] Vector at 0xafea4 (offset -348)
  [SetMode] Vector at 0xafe56 (offset -426)
  [ExAll] Vector at 0xafe50 (offset -432)
  [StartNotify] Vector at 0xafc88 (offset -888)
  [DoPkt] Vector at 0xaff10 (offset -240)
  [StrToLong] Vector at 0xafcd0 (offset -816)
[LibraryTraps] Installed 99 dos.library vectors
[LibraryTraps] ============================================
[LibraryTraps] AEDoor.library vectors: TRAP MODE (TypeScript handlers)
[LibraryTraps] Base address: 0x200000
[LibraryTraps] Installing 20 trap handlers...
[LibraryTraps] ============================================
  [CreateComm] 0x1fffe2 (offset -30): was JMP -> now ILLEGAL [OK]
  [DeleteComm] 0x1fffdc (offset -36): was JMP -> now ILLEGAL [OK]
  [SendCmd] 0x1fffd6 (offset -42): was JMP -> now ILLEGAL [OK]
  [SendStrCmd] 0x1fffd0 (offset -48): was JMP -> now ILLEGAL [OK]
  [SendDataCmd] 0x1fffca (offset -54): was JMP -> now ILLEGAL [OK]
  [SendStrDataCmd] 0x1fffc4 (offset -60): was JMP -> now ILLEGAL [OK]
  [GetData] 0x1fffbe (offset -66): was JMP -> now ILLEGAL [OK]
  [GetString] 0x1fffb8 (offset -72): was JMP -> now ILLEGAL [OK]
  [Prompt] 0x1fffb2 (offset -78): was JMP -> now ILLEGAL [OK]
  [WriteStr] 0x1fffac (offset -84): was JMP -> now ILLEGAL [OK]
  [ShowGFile] 0x1fffa6 (offset -90): was JMP -> now ILLEGAL [OK]
  [ShowFile] 0x1fffa0 (offset -96): was JMP -> now ILLEGAL [OK]
  [SetDT] 0x1fff9a (offset -102): was JMP -> now ILLEGAL [OK]
  [GetDT] 0x1fff94 (offset -108): was JMP -> now ILLEGAL [OK]
  [GetStr] 0x1fff8e (offset -114): was JMP -> now ILLEGAL [OK]
  [CopyStr] 0x1fff88 (offset -120): was JMP -> now ILLEGAL [OK]
  [HotKey] 0x1fff82 (offset -126): was JMP -> now ILLEGAL [OK]
  [PreCreateComm] 0x1fff7c (offset -132): was JMP -> now ILLEGAL [OK]
  [PostDeleteComm] 0x1fff76 (offset -138): was JMP -> now ILLEGAL [OK]
  [Stub_-24] 0x1fffe8 (offset -24): was JMP -> now ILLEGAL [OK]
[LibraryTraps] Installed 20 AEDoor.library vectors
[LibraryTraps] ============================================
[LibraryTraps] AEDoor.library vectors: TRAP MODE (TypeScript handlers)
[LibraryTraps] Base address: 0x200000
[LibraryTraps] Installing 20 trap handlers...
[LibraryTraps] ============================================
  [CreateComm] 0x1fffe2 (offset -30): was ILLEGAL -> now ILLEGAL [OK]
  [DeleteComm] 0x1fffdc (offset -36): was ILLEGAL -> now ILLEGAL [OK]
  [SendCmd] 0x1fffd6 (offset -42): was ILLEGAL -> now ILLEGAL [OK]
  [SendStrCmd] 0x1fffd0 (offset -48): was ILLEGAL -> now ILLEGAL [OK]
  [SendDataCmd] 0x1fffca (offset -54): was ILLEGAL -> now ILLEGAL [OK]
  [SendStrDataCmd] 0x1fffc4 (offset -60): was ILLEGAL -> now ILLEGAL [OK]
  [GetData] 0x1fffbe (offset -66): was ILLEGAL -> now ILLEGAL [OK]
  [GetString] 0x1fffb8 (offset -72): was ILLEGAL -> now ILLEGAL [OK]
  [Prompt] 0x1fffb2 (offset -78): was ILLEGAL -> now ILLEGAL [OK]
  [WriteStr] 0x1fffac (offset -84): was ILLEGAL -> now ILLEGAL [OK]
  [ShowGFile] 0x1fffa6 (offset -90): was ILLEGAL -> now ILLEGAL [OK]
  [ShowFile] 0x1fffa0 (offset -96): was ILLEGAL -> now ILLEGAL [OK]
  [SetDT] 0x1fff9a (offset -102): was ILLEGAL -> now ILLEGAL [OK]
  [GetDT] 0x1fff94 (offset -108): was ILLEGAL -> now ILLEGAL [OK]
  [GetStr] 0x1fff8e (offset -114): was ILLEGAL -> now ILLEGAL [OK]
  [CopyStr] 0x1fff88 (offset -120): was ILLEGAL -> now ILLEGAL [OK]
  [HotKey] 0x1fff82 (offset -126): was ILLEGAL -> now ILLEGAL [OK]
  [PreCreateComm] 0x1fff7c (offset -132): was ILLEGAL -> now ILLEGAL [OK]
  [PostDeleteComm] 0x1fff76 (offset -138): was ILLEGAL -> now ILLEGAL [OK]
  [Stub_-24] 0x1fffe8 (offset -24): was ILLEGAL -> now ILLEGAL [OK]
[LibraryTraps] Installed 20 AEDoor.library vectors
[BBS API] Setting up low-memory region 0x790-0x800
[BBS API] Low-memory setup complete
[LibraryTraps] Registered custom trap 'BBS_API_DISPATCHER' at 0x122310
[MulticomManager] initializeInEmulator: sessionId=session-8, nodeId=8, maxLinkedNodes=32
[MulticomManager] Initializing MULTICOM structures for session session-8
[MulticomManager] Linking myNode entries to singlePort structures (cap=32)
[MulticomManager]   myNode[0] at 0x1e003a -> singlePort at 0x1e1000
[MulticomManager]   myNode[1] at 0x1e00b6 -> singlePort at 0x1e1200
[MulticomManager]   myNode[2] at 0x1e0132 -> singlePort at 0x1e1400
[MulticomManager]   myNode[3] at 0x1e01ae -> singlePort at 0x1e1600
[MulticomManager]   myNode[4] at 0x1e022a -> singlePort at 0x1e1800
[MulticomManager]   myNode[5] at 0x1e02a6 -> singlePort at 0x1e1a00
[MulticomManager]   myNode[6] at 0x1e0322 -> singlePort at 0x1e1c00
[MulticomManager]   myNode[7] at 0x1e039e -> singlePort at 0x1e1e00
[MulticomManager]   myNode[8] at 0x1e041a -> singlePort at 0x1e2000
[MulticomManager]   myNode[9] at 0x1e0496 -> singlePort at 0x1e2200
[MulticomManager]   myNode[10] at 0x1e0512 -> singlePort at 0x1e2400
[MulticomManager]   myNode[11] at 0x1e058e -> singlePort at 0x1e2600
[MulticomManager]   myNode[12] at 0x1e060a -> singlePort at 0x1e2800
[MulticomManager]   myNode[13] at 0x1e0686 -> singlePort at 0x1e2a00
[MulticomManager]   myNode[14] at 0x1e0702 -> singlePort at 0x1e2c00
[MulticomManager]   myNode[15] at 0x1e077e -> singlePort at 0x1e2e00
[MulticomManager]   myNode[16] at 0x1e07fa -> singlePort at 0x1e3000
[MulticomManager]   myNode[17] at 0x1e0876 -> singlePort at 0x1e3200
[MulticomManager]   myNode[18] at 0x1e08f2 -> singlePort at 0x1e3400
[MulticomManager]   myNode[19] at 0x1e096e -> singlePort at 0x1e3600
[MulticomManager]   myNode[20] at 0x1e09ea -> singlePort at 0x1e3800
[MulticomManager]   myNode[21] at 0x1e0a66 -> singlePort at 0x1e3a00
[MulticomManager]   myNode[22] at 0x1e0ae2 -> singlePort at 0x1e3c00
[MulticomManager]   myNode[23] at 0x1e0b5e -> singlePort at 0x1e3e00
[MulticomManager]   myNode[24] at 0x1e0bda -> singlePort at 0x1e4000
[MulticomManager]   myNode[25] at 0x1e0c56 -> singlePort at 0x1e4200
[MulticomManager]   myNode[26] at 0x1e0cd2 -> singlePort at 0x1e4400
[MulticomManager]   myNode[27] at 0x1e0d4e -> singlePort at 0x1e4600
[MulticomManager]   myNode[28] at 0x1e0dca -> singlePort at 0x1e4800
[MulticomManager]   myNode[29] at 0x1e0e46 -> singlePort at 0x1e4a00
[MulticomManager]   myNode[30] at 0x1e0ec2 -> singlePort at 0x1e4c00
[MulticomManager]   myNode[31] at 0x1e0f3e -> singlePort at 0x1e4e00
[MulticomManager] Node structures linked
[MulticomManager] writeAllNodesToEmulator: Writing 0 tracked nodes
[MulticomManager] WARNING: No nodes tracked yet - emulator will have blank MULTICOM data
[MulticomManager] writeAllNodesToEmulator complete
[MulticomManager] Session session-8 initialized successfully, emulators.size now=1
[MulticomManager] updateNode called: nodeId=8, username="Sysop", emulators.size=1
[MulticomManager] Writing to emulator session session-8
[MulticomManager] Writing myNode[8] at 0x1e041a: username="Sysop"
[MulticomManager] Writing singlePort[8] at 0x1e2000: username="Sysop", location="Local Console", status=3
[MulticomManager]   -> handle at 0x1e2056: "Sysop"
[MulticomManager]   -> location at 0x1e2075: "Local Console"
[MulticomManager] VERIFY singlePort[8]: handle="Sysop", location="Local Console", status=3
[MulticomManager] Node 8 updated in 1 emulator(s)
[EnvStat] Writing /tmp/ram/ENV/STATS@8 (node 8, stat 3)
[DoorLoader] Writing random seed 0x25cf81c0 to 0x400
[DoorLoader] Read back: 0x25cf81c0
[Self-Mod Code] Registered CODE region: 0x2008-0x4e8b (11908 bytes)
[HunkLoader] Applying 21 relocations to 2 segments
[HunkLoader] Segment 0 (CODE) at 0x2008: 7 relocations
  [0] offset=0x2e7a addr=0x4e82 before=0x260 after=0x2268 target=seg0(0x2008)
  [1] offset=0x51a addr=0x2522 before=0x174 after=0x507c target=seg1(0x4f08)
  [2] offset=0x524 addr=0x252c before=0x168 after=0x5070 target=seg1(0x4f08)
  [3] offset=0x502 addr=0x250a before=0x168 after=0x5070 target=seg1(0x4f08)
  [4] offset=0x4f8 addr=0x2500 before=0x16c after=0x5074 target=seg1(0x4f08)
[HunkLoader] Segment 1 (DATA) at 0x4f08: 14 relocations
  [0] offset=0x3bc addr=0x52c4 before=0x1aec after=0x3af4 target=seg0(0x2008)
  [1] offset=0x3a8 addr=0x52b0 before=0x1ae2 after=0x3aea target=seg0(0x2008)
  [2] offset=0x380 addr=0x5288 before=0x1ac6 after=0x3ace target=seg0(0x2008)
  [3] offset=0x36c addr=0x5274 before=0x17b4 after=0x37bc target=seg0(0x2008)
  [4] offset=0x358 addr=0x5260 before=0x179e after=0x37a6 target=seg0(0x2008)
[SharedBBSData] Allocated shared BBS memory:
  cmds:       0xf00300 (1976 bytes)
  sopt:       0xf00ab8 (888 bytes)
  nodeState:  0xf00e30 (32 bytes)
[CommandsStructure] Writing commands at 0xf00300
[CommandsStructure] Wrote BBS config: "AmiExpress Web BBS"
[StartOptionStructure] Writing startOption at 0xf00ab8
[StartOptionStructure] Wrote node settings
[NodeStateGlobals] Wrote node state at 0xf00e30
  currentConf: 0
  node: 8
  timeLimit: 3600
[READ8] addr=0x0f0081 page=0x0f memSrc=1
[READ8] CHIP: addr=0x0f0081 offset=0x0f0081 value=0x00 ( )
[READ8] addr=0x0f0082 page=0x0f memSrc=1
[READ8] CHIP: addr=0x0f0082 offset=0x0f0082 value=0x00 ( )
[READ8] addr=0x0f0083 page=0x0f memSrc=1
[READ8] CHIP: addr=0x0f0083 offset=0x0f0083 value=0x00 ( )
[READ8] addr=0x0f0084 page=0x0f memSrc=1
[READ8] CHIP: addr=0x0f0084 offset=0x0f0084 value=0x00 ( )
[MEMORY-READ] readMemory32(0xf0081) = 0x00000000
[MOIRA] Overclocking set to 500x
[MoiraEmulator] Overclocking set to 500x
[SOCKET:door:status] {"status":"running"}
[MOIRA] Overclocking set to 5000x
[MoiraEmulator] Overclocking set to 5000x
[LibraryTraps] VERIFICATION: All 256 ILLEGAL instructions verified OK
[LibraryTraps] Synced 256 trap addresses to MOIRA for batch execution
[DoorLifecycleManager] FIRST INVALID PC DETECTED!
  Previous PC: 0x2008
  Instruction: movem.l D1-D6/A0-A6, -(A7)
  New PC: 0x7fece (OUT OF BOUNDS)
  Code region: 0x2008-0x4e8c
  D0=0x0 D1=0x3000 D2=0x15
  A0=0xa0000 A1=0x4e8c A2=0xf0100
  A3=0x6500 A4=0x4f08 A5=0x50020 SP=0x4ffdc
  This instruction caused the first jump outside code!
  Raw bytes: opcode=0x48e7 operand=0x7efe2448
[exec-vectors] OpenLibrary TRAP: name="dos.library" version=0
[LibraryLoader] Loading dos.library (version >= 0)
[LibraryLoader] ✅ dos.library is ROM-resident (using Kickstart ROM)
[LibraryLoader]   ROM libraries are native code in ROM, not loaded from disk
[LibraryTraps] Installing dos.library vectors at base 0xb0000
  [Open] Vector at 0xaffe2 (offset -30)
  [Close] Vector at 0xaffdc (offset -36)
  [Read] Vector at 0xaffd6 (offset -42)
  [Write] Vector at 0xaffd0 (offset -48)
  [Input] Vector at 0xaffca (offset -54)
  [Output] Vector at 0xaffc4 (offset -60)
  [Seek] Vector at 0xaffbe (offset -66)
  [DeleteFile] Vector at 0xaffb8 (offset -72)
  [Rename] Vector at 0xaffb2 (offset -78)
  [Lock] Vector at 0xaffac (offset -84)
  [UnLock] Vector at 0xaffa6 (offset -90)
  [DupLock] Vector at 0xaffa0 (offset -96)
  [Examine] Vector at 0xaff9a (offset -102)
  [ExNext] Vector at 0xaff94 (offset -108)
  [Info] Vector at 0xaff8e (offset -114)
  [CreateDir] Vector at 0xaff88 (offset -120)
  [CurrentDir] Vector at 0xaff82 (offset -126)
  [IoErr] Vector at 0xaff7c (offset -132)
  [CreateProc] Vector at 0xaff76 (offset -138)
  [Exit] Vector at 0xaff70 (offset -144)
  [LoadSeg] Vector at 0xaff6a (offset -150)
  [UnLoadSeg] Vector at 0xaff64 (offset -156)
  [DeviceProc] Vector at 0xaff52 (offset -174)
  [SetComment] Vector at 0xaff4c (offset -180)
  [SetProtection] Vector at 0xaff46 (offset -186)
  [DateStamp] Vector at 0xaff40 (offset -192)
  [Delay] Vector at 0xaff3a (offset -198)
  [WaitForChar] Vector at 0xaff34 (offset -204)
  [ParentDir] Vector at 0xaff2e (offset -210)
  [IsInteractive] Vector at 0xaff28 (offset -216)
  [Execute] Vector at 0xaff22 (offset -222)
  [AllocDosObject] Vector at 0xaff1c (offset -228)
  [FreeDosObject] Vector at 0xaff16 (offset -234)
  [SelectInput] Vector at 0xafeda (offset -294)
  [SelectOutput] Vector at 0xafed4 (offset -300)
  [FGetC] Vector at 0xafece (offset -306)
  [FPutC] Vector at 0xafec8 (offset -312)
  [UnGetC] Vector at 0xafec2 (offset -318)
  [FRead] Vector at 0xafebc (offset -324)
  [FWrite] Vector at 0xafeb6 (offset -330)
  [FGets] Vector at 0xafeb0 (offset -336)
  [FPuts] Vector at 0xafeaa (offset -342)
  [VFPrintf] Vector at 0xafe9e (offset -354)
  [Flush] Vector at 0xafe98 (offset -360)
  [DupLockFromFH] Vector at 0xafe8c (offset -372)
  [OpenFromLock] Vector at 0xafe86 (offset -378)
  [ParentOfFH] Vector at 0xafe80 (offset -384)
  [ExamineFH] Vector at 0xafe7a (offset -390)
  [NameFromLock] Vector at 0xafe6e (offset -402)
  [SplitName] Vector at 0xafe62 (offset -414)
  [SetIoErr] Vector at 0xafe32 (offset -462)
  [Fault] Vector at 0xafe2c (offset -468)
  [PrintFault] Vector at 0xafe26 (offset -474)
  [Cli] Vector at 0xafe14 (offset -492)
  [GetFileSysTask] Vector at 0xafdf6 (offset -522)
  [SetFileSysTask] Vector at 0xafdf0 (offset -528)
  [FindCliProc] Vector at 0xafdde (offset -546)
  [MaxCli] Vector at 0xafdd8 (offset -552)
  [GetCurrentDirName] Vector at 0xafdcc (offset -564)
  [GetProgramName] Vector at 0xafdc0 (offset -576)
  [SetProgramDir] Vector at 0xafdae (offset -594)
  [GetProgramDir] Vector at 0xafda8 (offset -600)
  [SystemTagList] Vector at 0xafda2 (offset -606)
  [DateToStr] Vector at 0xafd18 (offset -744)
  [StrToDate] Vector at 0xafd12 (offset -750)
  [CheckSignal] Vector at 0xafce8 (offset -792)
  [ReadArgs] Vector at 0xafce2 (offset -798)
  [ParsePattern] Vector at 0xafcb8 (offset -840)
  [MatchPattern] Vector at 0xafcb2 (offset -846)
  [FreeArgs] Vector at 0xafca6 (offset -858)
  [FilePart] Vector at 0xafc9a (offset -870)
  [PathPart] Vector at 0xafc94 (offset -876)
  [AddPart] Vector at 0xafc8e (offset -882)
  [SetVar] Vector at 0xafc7c (offset -900)
  [GetVar] Vector at 0xafc76 (offset -906)
  [DeleteVar] Vector at 0xafc70 (offset -912)
  [PutStr] Vector at 0xafc4c (offset -948)
  [VPrintf] Vector at 0xafc46 (offset -954)
  [ParsePatternNoCase] Vector at 0xafc3a (offset -966)
  [MatchPatternNoCase] Vector at 0xafc34 (offset -972)
  [LockDosList] Vector at 0xafd72 (offset -654)
  [UnLockDosList] Vector at 0xafd6c (offset -660)
  [AttemptLockDosList] Vector at 0xafd66 (offset -666)
  [FindDosEntry] Vector at 0xafd54 (offset -684)
  [NextDosEntry] Vector at 0xafd4e (offset -690)
  [MatchFirst] Vector at 0xafcca (offset -822)
  [MatchNext] Vector at 0xafcc4 (offset -828)
  [MatchEnd] Vector at 0xafcbe (offset -834)
  [IsFileSystem] Vector at 0xafe02 (offset -510)
  [SetProgramName] Vector at 0xafe0e (offset -498)
  [GetArgStr] Vector at 0xafdea (offset -534)
  [ReadItem] Vector at 0xafda2 (offset -606)
  [GetDeviceProc] Vector at 0xafd7e (offset -642)
  [VFWritef] Vector at 0xafea4 (offset -348)
  [SetMode] Vector at 0xafe56 (offset -426)
  [ExAll] Vector at 0xafe50 (offset -432)
  [StartNotify] Vector at 0xafc88 (offset -888)
  [DoPkt] Vector at 0xaff10 (offset -240)
  [StrToLong] Vector at 0xafcd0 (offset -816)
[LibraryTraps] Installed 99 dos.library vectors
[LibraryTraps] Installing dos.library vectors at base 0xb0000
  [Open] Vector at 0xaffe2 (offset -30)
  [Close] Vector at 0xaffdc (offset -36)
  [Read] Vector at 0xaffd6 (offset -42)
  [Write] Vector at 0xaffd0 (offset -48)
  [Input] Vector at 0xaffca (offset -54)
  [Output] Vector at 0xaffc4 (offset -60)
  [Seek] Vector at 0xaffbe (offset -66)
  [DeleteFile] Vector at 0xaffb8 (offset -72)
  [Rename] Vector at 0xaffb2 (offset -78)
  [Lock] Vector at 0xaffac (offset -84)
  [UnLock] Vector at 0xaffa6 (offset -90)
  [DupLock] Vector at 0xaffa0 (offset -96)
  [Examine] Vector at 0xaff9a (offset -102)
  [ExNext] Vector at 0xaff94 (offset -108)
  [Info] Vector at 0xaff8e (offset -114)
  [CreateDir] Vector at 0xaff88 (offset -120)
  [CurrentDir] Vector at 0xaff82 (offset -126)
  [IoErr] Vector at 0xaff7c (offset -132)
  [CreateProc] Vector at 0xaff76 (offset -138)
  [Exit] Vector at 0xaff70 (offset -144)
  [LoadSeg] Vector at 0xaff6a (offset -150)
  [UnLoadSeg] Vector at 0xaff64 (offset -156)
  [DeviceProc] Vector at 0xaff52 (offset -174)
  [SetComment] Vector at 0xaff4c (offset -180)
  [SetProtection] Vector at 0xaff46 (offset -186)
  [DateStamp] Vector at 0xaff40 (offset -192)
  [Delay] Vector at 0xaff3a (offset -198)
  [WaitForChar] Vector at 0xaff34 (offset -204)
  [ParentDir] Vector at 0xaff2e (offset -210)
  [IsInteractive] Vector at 0xaff28 (offset -216)
  [Execute] Vector at 0xaff22 (offset -222)
  [AllocDosObject] Vector at 0xaff1c (offset -228)
  [FreeDosObject] Vector at 0xaff16 (offset -234)
  [SelectInput] Vector at 0xafeda (offset -294)
  [SelectOutput] Vector at 0xafed4 (offset -300)
  [FGetC] Vector at 0xafece (offset -306)
  [FPutC] Vector at 0xafec8 (offset -312)
  [UnGetC] Vector at 0xafec2 (offset -318)
  [FRead] Vector at 0xafebc (offset -324)
  [FWrite] Vector at 0xafeb6 (offset -330)
  [FGets] Vector at 0xafeb0 (offset -336)
  [FPuts] Vector at 0xafeaa (offset -342)
  [VFPrintf] Vector at 0xafe9e (offset -354)
  [Flush] Vector at 0xafe98 (offset -360)
  [DupLockFromFH] Vector at 0xafe8c (offset -372)
  [OpenFromLock] Vector at 0xafe86 (offset -378)
  [ParentOfFH] Vector at 0xafe80 (offset -384)
  [ExamineFH] Vector at 0xafe7a (offset -390)
  [NameFromLock] Vector at 0xafe6e (offset -402)
  [SplitName] Vector at 0xafe62 (offset -414)
  [SetIoErr] Vector at 0xafe32 (offset -462)
  [Fault] Vector at 0xafe2c (offset -468)
  [PrintFault] Vector at 0xafe26 (offset -474)
  [Cli] Vector at 0xafe14 (offset -492)
  [GetFileSysTask] Vector at 0xafdf6 (offset -522)
  [SetFileSysTask] Vector at 0xafdf0 (offset -528)
  [FindCliProc] Vector at 0xafdde (offset -546)
  [MaxCli] Vector at 0xafdd8 (offset -552)
  [GetCurrentDirName] Vector at 0xafdcc (offset -564)
  [GetProgramName] Vector at 0xafdc0 (offset -576)
  [SetProgramDir] Vector at 0xafdae (offset -594)
  [GetProgramDir] Vector at 0xafda8 (offset -600)
  [SystemTagList] Vector at 0xafda2 (offset -606)
  [DateToStr] Vector at 0xafd18 (offset -744)
  [StrToDate] Vector at 0xafd12 (offset -750)
  [CheckSignal] Vector at 0xafce8 (offset -792)
  [ReadArgs] Vector at 0xafce2 (offset -798)
  [ParsePattern] Vector at 0xafcb8 (offset -840)
  [MatchPattern] Vector at 0xafcb2 (offset -846)
  [FreeArgs] Vector at 0xafca6 (offset -858)
  [FilePart] Vector at 0xafc9a (offset -870)
  [PathPart] Vector at 0xafc94 (offset -876)
  [AddPart] Vector at 0xafc8e (offset -882)
  [SetVar] Vector at 0xafc7c (offset -900)
  [GetVar] Vector at 0xafc76 (offset -906)
  [DeleteVar] Vector at 0xafc70 (offset -912)
  [PutStr] Vector at 0xafc4c (offset -948)
  [VPrintf] Vector at 0xafc46 (offset -954)
  [ParsePatternNoCase] Vector at 0xafc3a (offset -966)
  [MatchPatternNoCase] Vector at 0xafc34 (offset -972)
  [LockDosList] Vector at 0xafd72 (offset -654)
  [UnLockDosList] Vector at 0xafd6c (offset -660)
  [AttemptLockDosList] Vector at 0xafd66 (offset -666)
  [FindDosEntry] Vector at 0xafd54 (offset -684)
  [NextDosEntry] Vector at 0xafd4e (offset -690)
  [MatchFirst] Vector at 0xafcca (offset -822)
  [MatchNext] Vector at 0xafcc4 (offset -828)
  [MatchEnd] Vector at 0xafcbe (offset -834)
  [IsFileSystem] Vector at 0xafe02 (offset -510)
  [SetProgramName] Vector at 0xafe0e (offset -498)
  [GetArgStr] Vector at 0xafdea (offset -534)
  [ReadItem] Vector at 0xafda2 (offset -606)
  [GetDeviceProc] Vector at 0xafd7e (offset -642)
  [VFWritef] Vector at 0xafea4 (offset -348)
  [SetMode] Vector at 0xafe56 (offset -426)
  [ExAll] Vector at 0xafe50 (offset -432)
  [StartNotify] Vector at 0xafc88 (offset -888)
  [DoPkt] Vector at 0xaff10 (offset -240)
  [StrToLong] Vector at 0xafcd0 (offset -816)
[LibraryTraps] Installed 99 dos.library vectors
[ExecLibrary] *** dos.library opened - base=0xb0000 *** Door should store this and use it for all DOS calls
[exec-vectors] OpenLibrary TRAP result: 0xb0000
[exec-vectors] AllocMem TRAP: size=40 (0x28) flags=0x10001
[exec-vectors] AllocMem TRAP result: 0x122520
[FileManager] Open: "*" mode=1005
[FileManager] Console device, returning stdout BPTR=0x5000b
[exec-vectors] AllocMem TRAP: size=4116 (0x1014) flags=0x0
[exec-vectors] AllocMem TRAP result: 0x122548
[DebugMonitor] FLOW probe pc=0x3b70 instr=0x280 kind=PCWIN mode=0/0 target=<unk> ext=<none> extLong=<none> targetWords=<none> sp=0x4fd50 A0=0x12255c A1=0x12255c A2=0x5444 A4=0x4f08 A5=0x12255c A6=0x80000 [-0x58(A5)]=0x0 [target]=<err> [0x5cda]=0x0 [0x5cfa]=0x0 [0x4b90]=0x53856600 lastPCs=[0x3096,0xaffe2,0x30aa,0x4d86,0x7ff3a,0x3e94,0x7fece,0x3b70]
[DebugMonitor] FLOW probe pc=0x3b70 instr=0x280 kind=PCWIN mode=0/0 target=<unk> ext=<none> extLong=<none> targetWords=<none> sp=0x4fd50 A0=0x12255c A1=0x1225c0 A2=0x5444 A4=0x4f08 A5=0x12255c A6=0x80000 [-0x58(A5)]=0x0 [target]=<err> [0x5cda]=0x0 [0x5cfa]=0x0 [0x4b90]=0x53856600 lastPCs=[0x7ff3a,0x3e94,0x7fece,0x3b70,0xaffd0,0x32ce,0x7fece,0x3b70]
[DebugMonitor] FLOW probe pc=0x3b70 instr=0x280 kind=PCWIN mode=0/0 target=<unk> ext=<none> extLong=<none> targetWords=<none> sp=0x4fd50 A0=0x12255c A1=0x12255d A2=0x5444 A4=0x4f08 A5=0x12255c A6=0x80000 [-0x58(A5)]=0x0 [target]=<err> [0x5cda]=0x0 [0x5cfa]=0x0 [0x4b90]=0x53856600 lastPCs=[0xaffd0,0x32ce,0x7fece,0x3b70,0xaffd0,0x32ce,0x7fece,0x3b70]
[DebugMonitor] FLOW probe pc=0x3b70 instr=0x280 kind=PCWIN mode=0/0 target=<unk> ext=<none> extLong=<none> targetWords=<none> sp=0x4fdf0 A0=0x34e8 A1=0x4f98 A2=0x122868 A4=0x4f08 A5=0x122532 A6=0x80000 [-0x58(A5)]=0x0 [target]=<err> [0x5cda]=0x0 [0x5cfa]=0x0 [0x4b90]=0x53856600 lastPCs=[0xaffd0,0x32ce,0x7fece,0x3b70,0xaffd0,0x32ce,0x7fece,0x3b70]
[FileManager] Open: "bbs:node5/callerslog" mode=1005
[PathManager] Mapped (case-insensitive): "bbs:node5/callerslog" => "/Users/spot/Code/amiexpress-web/node5/callerslog"
[FileManager] Open: "bbs:node5/callerslog" -> "/Users/spot/Code/amiexpress-web/node5/callerslog" (EXISTS)
[FileManager] Opened file: [FH:'callerslog'(ami='bbs:node5/callerslog',sys='/Users/spot/Code/amiexpress-web/node5/callerslog',nc=true)@0x0=B@0x3]
[DebugMonitor] FLOW probe pc=0x3b70 instr=0x280 kind=PCWIN mode=0/0 target=<unk> ext=<none> extLong=<none> targetWords=<none> sp=0x4fe24 A0=0x122868 A1=0x1228b9 A2=0x5444 A4=0x4f08 A5=0x122868 A6=0x80000 [-0x58(A5)]=0x0 [target]=<err> [0x5cda]=0x0 [0x5cfa]=0x0 [0x4b90]=0x53856600 lastPCs=[0xaffd0,0x32ce,0x7fece,0x3b70,0xaffe2,0x36f6,0x7fece,0x3b70]
[DebugMonitor] FLOW probe pc=0x3b70 instr=0x280 kind=PCWIN mode=0/0 target=<unk> ext=<none> extLong=<none> targetWords=<none> sp=0x4fe08 A0=0x1228c0 A1=0x122548 A2=0x4fe80 A4=0x4f08 A5=0x122868 A6=0x80000 [-0x58(A5)]=0x0 [target]=<err> [0x5cda]=0x0 [0x5cfa]=0x0 [0x4b90]=0x53856600 lastPCs=[0x7fece,0x3b70,0xaffbe,0x349c,0xaffbe,0x34dc,0x7fece,0x3b70]
[DebugMonitor] FLOW probe pc=0x3b70 instr=0x280 kind=PCWIN mode=0/0 target=<unk> ext=<none> extLong=<none> targetWords=<none> sp=0x4fe08 A0=0x1228c0 A1=0x122868 A2=0x4fe94 A4=0x4f08 A5=0x122868 A6=0x80000 [-0x58(A5)]=0x0 [target]=<err> [0x5cda]=0x0 [0x5cfa]=0x0 [0x4b90]=0x53856600 lastPCs=[0x33bc,0x41f2,0x41f6,0x41d0,0x41d6,0x41f8,0x7fece,0x3b70]
[DebugMonitor] FLOW probe pc=0x3b70 instr=0x280 kind=PCWIN mode=0/0 target=<unk> ext=<none> extLong=<none> targetWords=<none> sp=0x4fe2c A0=0x122868 A1=0x122868 A2=0x5444 A4=0x4f08 A5=0x122868 A6=0x80000 [-0x58(A5)]=0x0 [target]=<err> [0x5cda]=0x0 [0x5cfa]=0x0 [0x4b90]=0x53856600 lastPCs=[0x7fece,0x3b70,0xaffd6,0x33bc,0x41d4,0x41f6,0x7fece,0x3b70]
[DebugMonitor] FLOW probe pc=0x3b70 instr=0x280 kind=PCWIN mode=0/0 target=<unk> ext=<none> extLong=<none> targetWords=<none> sp=0x4fe08 A0=0x1228c0 A1=0x122868 A2=0x4fe80 A4=0x4f08 A5=0x122868 A6=0x80000 [-0x58(A5)]=0x0 [target]=<err> [0x5cda]=0x0 [0x5cfa]=0x0 [0x4b90]=0x53856600 lastPCs=[0x3b70,0xaffbe,0x349c,0x41ca,0x41d0,0x41f4,0x7fece,0x3b70]
[DebugMonitor] FLOW probe pc=0x3b70 instr=0x280 kind=PCWIN mode=0/0 target=<unk> ext=<none> extLong=<none> targetWords=<none> sp=0x4fe10 A0=0x122868 A1=0x122868 A2=0x5444 A4=0x4f08 A5=0x122868 A6=0x80000 [-0x58(A5)]=0x0 [target]=<err> [0x5cda]=0x0 [0x5cfa]=0x0 [0x4b90]=0x53856600 lastPCs=[0x41d0,0x41f4,0x7fece,0x3b70,0xaffd6,0x33bc,0x7fece,0x3b70]
[DebugMonitor] FLOW probe pc=0x3b70 instr=0x280 kind=PCWIN mode=0/0 target=<unk> ext=<none> extLong=<none> targetWords=<none> sp=0x4fe24 A0=0x1227ad A1=0x122868 A2=0x5444 A4=0x4f08 A5=0x122868 A6=0x80000 [-0x58(A5)]=0x0 [target]=<err> [0x5cda]=0x0 [0x5cfa]=0x0 [0x4b90]=0x53856600 lastPCs=[0xaffd6,0x33bc,0x7fece,0x3b70,0xaffbe,0x349c,0x7fece,0x3b70]
[DebugMonitor] FLOW probe pc=0x3b70 instr=0x280 kind=PCWIN mode=0/0 target=<unk> ext=<none> extLong=<none> targetWords=<none> sp=0x4fe00 A0=0x1228c0 A1=0x122868 A2=0x4fe80 A4=0x4f08 A5=0x122868 A6=0x80000 [-0x58(A5)]=0x0 [target]=<err> [0x5cda]=0x0 [0x5cfa]=0x0 [0x4b90]=0x53856600 lastPCs=[0xaffbe,0x349c,0x7fece,0x3b70,0xaffbe,0x349c,0x7fece,0x3b70]
[DebugMonitor] FLOW probe pc=0x3b70 instr=0x280 kind=PCWIN mode=0/0 target=<unk> ext=<none> extLong=<none> targetWords=<none> sp=0x4fdf0 A0=0x12255c A1=0x4fe24 A2=0x5444 A4=0x4f08 A5=0x12255c A6=0x80000 [-0x58(A5)]=0x0 [target]=<err> [0x5cda]=0x0 [0x5cfa]=0x0 [0x4b90]=0x53856600 lastPCs=[0x349c,0x7fece,0x3b70,0xaffd6,0x33bc,0x4054,0x7fece,0x3b70]
[DebugMonitor] FLOW probe pc=0x3b70 instr=0x280 kind=PCWIN mode=0/0 target=<unk> ext=<none> extLong=<none> targetWords=<none> sp=0x4fe08 A0=0x1228c0 A1=0x122868 A2=0x4fe80 A4=0x4f08 A5=0x122868 A6=0x80000 [-0x58(A5)]=0x0 [target]=<err> [0x5cda]=0x0 [0x5cfa]=0x0 [0x4b90]=0x53856600 lastPCs=[0x7fece,0x3b70,0xaffd0,0x32ce,0x41ea,0x41ee,0x7fece,0x3b70]
[FileManager] Close BPTR=327691
[FileManager] Closed: [FH:'stdout'(ami='*',sys='/dev/stdout',nc=false)@0x0=B@0x5000b]
[DebugMonitor] FLOW probe pc=0x3b70 instr=0x280 kind=PCWIN mode=0/0 target=<unk> ext=<none> extLong=<none> targetWords=<none> sp=0x4ffa0 A0=0x34e8 A1=0x507c A2=0x4ffdc A4=0x4f08 A5=0x122890 A6=0x80000 [-0x58(A5)]=0x0 [target]=<err> [0x5cda]=0x0 [0x5cfa]=0x0 [0x4b90]=0x53856600 lastPCs=[0x7fece,0x3b70,0xaffd6,0x33bc,0xaffdc,0x3238,0x7fece,0x3b70]
[SOCKET:door:status] {"status":"terminated"}
[EnvStat] Writing /tmp/ram/ENV/STATS@8 (node 8, stat 0)
[BatchScheduler] Skipping missing program: doors:quicknew/quicknew
[DoorDropFile] Created DOOR.SYS for Node8
[DoorDropFile] Created DORINFO8.DEF for Node8
[BatchScheduler] Running door mtop as type SIM (overclock=5000x)
[BatchScheduler] spawn env DOOR_OVERCLOCK=5000 for mtop
[TERMINAL] Resize to 80x25 for socket 7hXW7t9fMV9LaxhpAAAW
[TERMINAL] Emitting screen:resize to door via bbsApi.emitInternal
[createScreen] Received screen:resize event: 80x25
[createScreen] Current screen size: 80x24
[createScreen] screen.resize is: function
[createScreen] After resize: 80x25
[DoorInputManager] Checking blessed mouse: enableMouse= true hasScreen= true hasProgram= true
[DoorInputManager] Calling screen.program.enableMouse()
[DoorInputManager] screen.program._mouseEnabled= true
[DoorInputManager] Checking BBS mouse: enableMouse= true hasSession= true
[DoorInputManager] Set bbsSession.mouseEventsEnabled = true
[InputHandler] Removing keypress handler
[SoundEngine] Tone.js audio context started
[InputHandler] Re-enabling keypress handler
[InputHandler] Removing keypress handler
[runner:mtop] [DoorLogger] Creating logger for door: mtop node: 8
[runner:mtop] [DoorLogger] __dirname: /Users/spot/Code/amiexpress-web/web/backend/src/amiga-emulation, projectRoot: /Users/spot/Code/amiexpress-web, logs dir: /Users/spot/Code/amiexpress-web/logs
[runner:mtop] [SOCKET:door:status] {"status":"initializing"}
[Music] menu (loop: true, volume: 0.8)
[runner:mtop] [MOIRA WASM] Memory page table updated
[MOIRA WASM]   Chip RAM pages: 0x00-0x1f
[MOIRA WASM]   Fast RAM pages: 0x20-0x3f
[MOIRA WASM]   ROM pages: 0xF8-0xFF
[runner:mtop] [MOIRA WASM] MoiraCPU initialized with vAmiga-style memory architecture!
[MOIRA WASM]   Chip RAM: 2048 KB (mask: 0x1fffff)
[MOIRA WASM]   ROM: 512 KB (mask: 0x7ffff)
[runner:mtop] [MoiraEmulator] moira.js loaded from /Users/spot/Code/amiexpress-web/web/backend/src/amiga-emulation/cpu/build/moira.js
[runner:mtop] [ROM] Loading Kickstart ROM from: /Users/spot/Code/amiexpress-web/web/backend/data/amiga-roms/Kickstart v3.1 rev 40.63 (1993)(Commodore)(A500-A600-A2000).rom
[runner:mtop] [ROM] Kickstart 3.1 loaded successfully
[ROM] Mapped to memory range: 0xF80000 - 0xFFFFFF
[runner:mtop] [ROM] ===== Kickstart ROM Info =====
[ROM] Size: 524288 bytes (512KB)
[ROM] Mapped: 0xf80000 - 0xffffff
[ROM] Initial SSP: 0x11164ef9
[ROM] Initial PC:  0x002000d2
[ROM] Exception Vectors:
[ROM]   Vector 0 (Initial SSP): 0x11164ef9
[ROM]   Vector 1 (Initial PC): 0x002000d2
[ROM]   Vector 2 (Bus Error): 0x0000ffff
[ROM]   Vector 3 (Address Error): 0x00280044
[ROM]   Vector 4 (Illegal Instruction): 0x0028000a
[ROM]   Vector 5 (Division by Zero): 0x000000-1
[ROM]   Vector 6 (CHK Instruction): 0x00414d49
[ROM]   Vector 7 (TRAPV Instruction): 0x47412052
[ROM] Version: 
[ROM] ================================
[runner:mtop] [MOIRA WASM] Memory page table updated
[MOIRA WASM]   Chip RAM pages: 0x00-0x1f
[MOIRA WASM]   Fast RAM pages: 0x20-0x3f
[MOIRA WASM]   ROM pages: 0xF8-0xFF
[runner:mtop] [MOIRA WASM] ROM loaded: 524288 bytes
[MOIRA WASM]   ROM buffer size: 524288 bytes
[MOIRA WASM]   ROM mask: 0x7ffff
[MOIRA WASM]   Exception vectors copied to chip RAM: 1024 bytes
[MoiraEmulator] ROM loaded (524288 bytes)
[MoiraEmulator] ROM mapped to 0xF80000-0xFFFFFF
[MoiraEmulator] Exception vectors copied to 0x000000
[runner:mtop] [MOIRA WASM] Memory page table updated
[MOIRA WASM]   Chip RAM pages: 0x00-0x1f
[MOIRA WASM]   Fast RAM pages: 0x20-0x3f
[MOIRA WASM]   ROM pages: 0xF8-0xFF
[MOIRA WASM] ROM loaded: 524288 bytes
[MOIRA WASM]   ROM buffer size: 524288 bytes
[MOIRA WASM]   ROM mask: 0x7ffff
[MOIRA WASM]   Exception vectors copied to chip RAM: 1024 bytes
[MoiraEmulator] ROM loaded (524288 bytes)
[MoiraEmulator] ROM mapped to 0xF80000-0xFFFFFF
[MoiraEmulator] Exception vectors copied to 0x000000
[runner:mtop] [LibraryLoader] Added search path: /Users/spot/Code/amiexpress-web/web/backend/Libs
[LibraryLoader] Added search path: /Users/spot/Code/amiexpress-web/System/Libs
[LibraryLoader] Added search path: /Users/spot/Code/amiexpress-web/Libs
[runner:mtop] [LibraryManager] romtool split failed: 2026-09-04 17:08:42,023  ERROR       root        '/Users/spot/Code/amiexpress-web/web/backend/data/amiga-roms/Kickstart v3.1 rev 40.63 (1993)(Commodore)(A500-A600-A2000).rom' was not found in split database!

[runner:mtop] [LibraryLoader] Loading AEDoor.library (version >= 0)
[LibraryLoader] Found library: /Users/spot/Code/amiexpress-web/Libs/AEDoor.library
[runner:mtop] [LibraryLoader] Read 1128 bytes from /Users/spot/Code/amiexpress-web/Libs/AEDoor.library
[runner:mtop] [LibraryLoader] Parsed 1 segments
[LibraryLoader] Allocated base address: 0x200000
[LibraryLoader] Loading code segment (1036 bytes) at 0x200000
[runner:mtop] [LibraryLoader] Applying 1 relocation groups
[LibraryLoader] Stored ExecBase (0x80000) at library+0x22
[runner:mtop] [LibraryLoader] Parsed $VER: AEDoorLib 2.7 (18.5.1996)
✅ [LibraryLoader] Successfully loaded AEDoor.library at 0x200000
   Jump table entries: 0
[runner:mtop] [PathManager] Initialized assigns:
  doors: => /Users/spot/Code/amiexpress-web/Doors/
  bbs: => /Users/spot/Code/amiexpress-web/
  data: => /Users/spot/Code/amiexpress-web/data/
[runner:mtop]   screens: => /Users/spot/Code/amiexpress-web/Screens/
  bulletins: => /Users/spot/Code/amiexpress-web/Bulletins/
  s: => /Users/spot/Code/amiexpress-web/S/
  work: => /Users/spot/Code/amiexpress-web/
  sami: => /Users/spot/Code/amiexpress-web/S/
  env: => /tmp/ram/ENV/
  progdir: => /Users/spot/Code/amiexpress-web/
  sys: => /Users/spot/Code/amiexpress-web/System/
  c: => /Users/spot/Code/amiexpress-web/System/C/
  l: => /Users/spot/Code/amiexpress-web/System/L/
  libs: => /Users/spot/Code/amiexpress-web/System/Libs/
  devs: => /Users/spot/Code/amiexpress-web/System/Devs/
  fonts: => /Users/spot/Code/amiexpress-web/System/Fonts/
  locale: => /Users/spot/Code/amiexpress-web/System/Locale/
  prefs: => /Users/spot/Code/amiexpress-web/System/Prefs/
  classes: => /Users/spot/Code/amiexpress-web/System/Classes/
  ram: => /tmp/ram/
  t: => /tmp/
[PathManager] Added assign: bbs: => /Users/spot/Code/amiexpress-web
[PathManager] Added assign: bbs: => /Users/spot/Code/amiexpress-web
[PathManager] Added assign: doors: => /Users/spot/Code/amiexpress-web/Doors
[PathManager] Added assign: doors: => /Users/spot/Code/amiexpress-web/Doors
[PathManager] Added assign: node8: => /Users/spot/Code/amiexpress-web/Node8
[PathManager] Added assign: node8: => /Users/spot/Code/amiexpress-web/Node8
[PathManager] PROGDIR: assigned to /Users/spot/Code/amiexpress-web/Doors/multitop/
[runner:mtop] [icon.library] PROGDIR: device set to /Users/spot/Code/amiexpress-web/Doors/multitop
[runner:mtop] [icon.library] Door binary name set to: mtop
[runner:mtop] [icon.library] Door command set to: M
[runner:mtop] [EnvironmentManager] Initialized LocalVars list at 0x120000
[runner:mtop] [EnvironmentManager] Populating standard environment variables
[runner:mtop] [EnvironmentManager] SetVar("PATH", "Work:,S:,C:,Doors:", flags=0)
[runner:mtop] [EnvironmentManager] Created LocalVar at 0x130000
[EnvironmentManager] SetVar("PROMPT", "%N.%S>", flags=0)
[EnvironmentManager] Created LocalVar at 0x130030
[EnvironmentManager] SetVar("RETURN", "0", flags=0)
[EnvironmentManager] Created LocalVar at 0x130056
[EnvironmentManager] SetVar("RC", "0", flags=0)
[EnvironmentManager] Created LocalVar at 0x130077
[runner:mtop] [EnvironmentManager] SetVar("Result2", "0", flags=0)
[EnvironmentManager] Created LocalVar at 0x130094
[EnvironmentManager] SetVar("DEVINFO", "CON:,NIL:,SER:", flags=0)
[EnvironmentManager] Created LocalVar at 0x1300b6
[EnvironmentManager] SetVar("Kickstart", "39.106", flags=0)
[runner:mtop] [EnvironmentManager] Created LocalVar at 0x1300e5
[EnvironmentManager] SetVar("Workbench", "39.29", flags=0)
[EnvironmentManager] Created LocalVar at 0x13010e
[EnvironmentManager] SetVar("BBS_ROOT", "/Users/spot/Code/amiexpress-web", flags=0)
[runner:mtop] [EnvironmentManager] Created LocalVar at 0x130136
[EnvironmentManager] SetVar("BBSPATH", "/Users/spot/Code/amiexpress-web", flags=0)
[runner:mtop] [EnvironmentManager] Created LocalVar at 0x130177
[EnvironmentManager] SetVar("BBS_PATH", "/Users/spot/Code/amiexpress-web", flags=0)
[EnvironmentManager] Created LocalVar at 0x1301b7
[runner:mtop] [EnvironmentManager] SetVar("BBSDATA", "/Users/spot/Code/amiexpress-web", flags=0)
[EnvironmentManager] Created LocalVar at 0x1301f8
[EnvironmentManager] SetVar("BBS_NAME", "AmiExpress Web BBS", flags=0)
[EnvironmentManager] Created LocalVar at 0x130238
[runner:mtop] [EnvironmentManager] SetVar("BBSNAME", "AmiExpress Web BBS", flags=0)
[EnvironmentManager] Created LocalVar at 0x13026c
[EnvironmentManager] SetVar("NODE_ID", "8", flags=0)
[EnvironmentManager] Created LocalVar at 0x13029f
[runner:mtop] [EnvironmentManager] SetVar("AXNODE", "8", flags=0)
[EnvironmentManager] Created LocalVar at 0x1302c1
[EnvironmentManager] SetVar("AMX_NODE", "8", flags=0)
[EnvironmentManager] Created LocalVar at 0x1302e2
[EnvironmentManager] SetVar("NODE", "8", flags=0)
[runner:mtop] [EnvironmentManager] Created LocalVar at 0x130305
[EnvironmentManager] SetVar("AXNODENUM", "8", flags=0)
[EnvironmentManager] Created LocalVar at 0x130324
[EnvironmentManager] SetVar("BBSNODE", "8", flags=0)
[runner:mtop] [EnvironmentManager] Created LocalVar at 0x130348
[EnvironmentManager] SetVar("NODE_NUMBER", "8", flags=0)
[EnvironmentManager] Created LocalVar at 0x13036a
[EnvironmentManager] SetVar("USERNAME", "Sysop", flags=0)
[runner:mtop] [EnvironmentManager] Created LocalVar at 0x130390
[EnvironmentManager] SetVar("USER_NAME", "Sysop", flags=0)
[EnvironmentManager] Created LocalVar at 0x1303b7
[EnvironmentManager] SetVar("HANDLE", "Sysop", flags=0)
[runner:mtop] [EnvironmentManager] Created LocalVar at 0x1303df
[EnvironmentManager] SetVar("USER_LEVEL", "1", flags=0)
[EnvironmentManager] Created LocalVar at 0x130404
[EnvironmentManager] SetVar("SYSOP", "sysop", flags=0)
[EnvironmentManager] Created LocalVar at 0x130429
[EnvironmentManager] SetVar("SYSOP_NAME", "sysop", flags=0)
[runner:mtop] [EnvironmentManager] Created LocalVar at 0x13044d
[EnvironmentManager] SetVar("CONF_ID", "1", flags=0)
[EnvironmentManager] Created LocalVar at 0x130476
[EnvironmentManager] SetVar("CONF", "1", flags=0)
[runner:mtop] [EnvironmentManager] Created LocalVar at 0x130498
[EnvironmentManager] SetVar("CONFNUM", "1", flags=0)
[EnvironmentManager] Created LocalVar at 0x1304b7
[EnvironmentManager] SetVar("BAUD", "115200", flags=0)
[runner:mtop] [EnvironmentManager] Created LocalVar at 0x1304d9
[EnvironmentManager] SetVar("SERIALRATE", "115200", flags=0)
[EnvironmentManager] Created LocalVar at 0x1304fd
[runner:mtop] [EnvironmentManager] SetVar("AE_HOST", "amiexpress-web", flags=0)
[EnvironmentManager] Created LocalVar at 0x130527
[EnvironmentManager] SetVar("AE_HOST_VERSION", "1.0.0", flags=0)
[EnvironmentManager] Created LocalVar at 0x130556
[EnvironmentManager] SetVar("AE_CONNECTION", "web", flags=0)
[EnvironmentManager] Created LocalVar at 0x130584
[EnvironmentManager] SetVar("AE_CLIENT", "ansi", flags=0)
[EnvironmentManager] Created LocalVar at 0x1305ae
[EnvironmentManager] SetVar("AE_CAPS", "ansi,wide,mouse", flags=0)
[EnvironmentManager] Created LocalVar at 0x1305d5
[EnvironmentManager] Populated 37 standard variables
[ENV Initializer] Creating ENV files for node 8
[runner:mtop] [ENV Initializer] Created ENV:PATH = "Work:,S:,C:,Doors:"
[runner:mtop] [ENV Initializer] Created ENV:PROMPT = "%N.%S>"
[runner:mtop] [ENV Initializer] Created ENV:RC = "0"
[runner:mtop] [ENV Initializer] Created ENV:Result2 = "0"
[runner:mtop] [ENV Initializer] Created ENV:Kickstart = "39.106"
[runner:mtop] [ENV Initializer] Created ENV:Workbench = "39.29"
[runner:mtop] [ENV Initializer] Created ENV:BBS_NAME = "AmiExpress Web BBS"
[runner:mtop] [ENV Initializer] Created ENV:BBSNAME = "AmiExpress Web BBS"
[runner:mtop] [ENV Initializer] Created ENV:SYSOP = "Sysop"
[runner:mtop] [ENV Initializer] Created ENV:SYSOP_NAME = "Sysop"
[runner:mtop] [ENV Initializer] Created ENV:NODE_NUMBER = "8"
[runner:mtop] [ENV Initializer] Created ENV:AXNODE = "8"
[runner:mtop] [ENV Initializer] Created ENV:AMX_NODE = "8"
[runner:mtop] [ENV Initializer] Created ENV:NODE = "8"
[runner:mtop] [ENV Initializer] Created ENV:AXNODENUM = "8"
[runner:mtop] [ENV Initializer] Created ENV:BBSNODE = "8"
[runner:mtop] [ENV Initializer] Created ENV:BAUD = "115200"
[runner:mtop] [ENV Initializer] Created ENV:SERIALRATE = "115200"
[runner:mtop] [ENV Initializer] Created ENV:AE_HOST = "amiexpress-web"
[runner:mtop] [ENV Initializer] Created ENV:AE_HOST_VERSION = "1.0.0"
[runner:mtop] [ENV Initializer] Created ENV:AE_CONNECTION.8 = "web"
[runner:mtop] [ENV Initializer] Created ENV:AE_CLIENT.8 = "ansi"
[runner:mtop] [ENV Initializer] Created ENV:AE_CAPS.8 = "ansi,wide,mouse"
[runner:mtop] [ENV Initializer] Created ENV:JC_PWFAIL.1 = "0"
[runner:mtop] [ENV Initializer] Created ENV:JC_PWFAIL.2 = "0"
[runner:mtop] [ENV Initializer] Created ENV:JC_PWFAIL.3 = "0"
[runner:mtop] [ENV Initializer] Created ENV:JC_PWFAIL.4 = "0"
[runner:mtop] [ENV Initializer] Created ENV:JC_PWFAIL.5 = "0"
[runner:mtop] [ENV Initializer] Created ENV:JC_PWFAIL.6 = "0"
[runner:mtop] [ENV Initializer] Created ENV:JC_PWFAIL.7 = "0"
[runner:mtop] [ENV Initializer] Created ENV:JC_PWFAIL.8 = "0"
[runner:mtop] [ENV Initializer] Created ENV:LAST_DOOR = ""
[runner:mtop] [ENV Initializer] Created ENV:DOOR_COUNT = "0"
[runner:mtop] [ENV Initializer] Created ENV files in /tmp/ram/ENV
[runner:mtop] [FileManager] Initialized standard handles:
[runner:mtop]   BPTR 1 (stdin):  [FH:'stdin'(ami='CONSOLE:',sys='/dev/stdin',nc=false)@0x0=B@0x1]
  BPTR 2 (stdout): [FH:'stdout'(ami='*',sys='/dev/stdout',nc=false)@0x0=B@0x2]
[runner:mtop] [PathManager] Mapped assign root: "doors:" => "/Users/spot/Code/amiexpress-web/Doors/"
[runner:mtop] [FileManager] stdin re-registered: BPTR 0x1 -> 0x50000
[FileManager] stdin BPTR set to 0x50000 (addr 0x140000)
[runner:mtop] [FileManager] stdout re-registered: BPTR 0x2 -> 0x5000b
[FileManager] stdout BPTR set to 0x5000b (addr 0x14002c)
[runner:mtop] [PathManager] PROGDIR: assigned to /Users/spot/Code/amiexpress-web/Doors/multitop/
[runner:mtop] [PathManager] Mapped assign root: "progdir:" => "/Users/spot/Code/amiexpress-web/Doors/multitop/"
[runner:mtop] [FileManager] Changed directory to: progdir: (/Users/spot/Code/amiexpress-web/Doors/multitop/)
[runner:mtop] [LibraryTraps] LVOs.i not found; stub vectors disabled
[runner:mtop] [MoiraEmulator] Library trap handler registered
[runner:mtop] [LibraryTraps] Installing Exec.library vectors at base 0x80000
[runner:mtop]   [FreeSignal] Vector at 0x7feb0 (offset -336)
  [RemPort] Vector at 0x7fe98 (offset -360)
  [OpenDevice] Vector at 0x7fe44 (offset -444)
[runner:mtop]   [CloseDevice] Vector at 0x7fe3e (offset -450)
  [DoIO] Vector at 0x7fe38 (offset -456)
  [CheckIO] Vector at 0x7fe2c (offset -468)
  [WaitIO] Vector at 0x7fe26 (offset -474)
  [AbortIO] Vector at 0x7fe20 (offset -480)
[runner:mtop]   [CreateIORequest] Vector at 0x7fd72 (offset -654)
  [DeleteIORequest] Vector at 0x7fd6c (offset -660)
  [AllocEntry] Vector at 0x7ff22 (offset -222)
  [FreeEntry] Vector at 0x7ff1c (offset -228)
[runner:mtop]   [OpenResource] Vector at 0x7fe0e (offset -498)
[runner:mtop]   [SetFunction] Vector at 0x7fe5c (offset -420)
[runner:mtop]   [AddTask] Vector at 0x7fee6 (offset -282)
  [AddSemaphore] Vector at 0x7fda8 (offset -600)
  [AddIntServer] Vector at 0x7ff58 (offset -168)
[runner:mtop]   [CacheControl] Vector at 0x7fd78 (offset -648)
  [RemMemHandler] Vector at 0x7ff7c (offset -132)
  [SetIntVector] Vector at 0x7ff5e (offset -162)
  [AllocTrap] Vector at 0x7feaa (offset -342)
  [FreeTrap] Vector at 0x7fea4 (offset -348)
  [SendIO] Vector at 0x7fe32 (offset -462)
[runner:mtop]   [SumLibrary] Vector at 0x7fe56 (offset -426)
  [OpenLibrary] Vector at 0x7fdd8 (offset -552)
  [CloseLibrary] Vector at 0x7fe62 (offset -414)
  [RawDoFmt] Vector at 0x7fdf6 (offset -522)
  [InitStruct] Vector at 0x7ffb2 (offset -78)
  [MakeLibrary] Vector at 0x7ffac (offset -84)
[runner:mtop]   [MakeFunctions] Vector at 0x7ffa6 (offset -90)
  [FindResident] Vector at 0x7ffa0 (offset -96)
  [InitResident] Vector at 0x7ff9a (offset -102)
[runner:mtop]   [Alert] Vector at 0x7ff94 (offset -108)
  [Forbid] Vector at 0x7ff7c (offset -132)
  [Permit] Vector at 0x7ff76 (offset -138)
  [SuperState] Vector at 0x7ff6a (offset -150)
[runner:mtop]   [UserState] Vector at 0x7ff64 (offset -156)
  [Allocate] Vector at 0x7ff46 (offset -186)
  [Insert] Vector at 0x7ff16 (offset -234)
  [AddHead] Vector at 0x7ff10 (offset -240)
[runner:mtop]   [AddTail] Vector at 0x7ff0a (offset -246)
  [Remove] Vector at 0x7ff04 (offset -252)
  [RemHead] Vector at 0x7fefe (offset -258)
  [RemTail] Vector at 0x7fef8 (offset -264)
  [Enqueue] Vector at 0x7fef2 (offset -270)
  [InitSemaphore] Vector at 0x7fdd2 (offset -558)
[runner:mtop]   [ObtainSemaphore] Vector at 0x7fdcc (offset -564)
  [ReleaseSemaphore] Vector at 0x7fdc6 (offset -570)
  [AttemptSemaphore] Vector at 0x7fdc0 (offset -576)
  [FindSemaphore] Vector at 0x7fdae (offset -594)
  [OldOpenLibrary] Vector at 0x7fe68 (offset -408)
  [Disable] Vector at 0x7ff88 (offset -120)
  [Enable] Vector at 0x7ff82 (offset -126)
[runner:mtop]   [Deallocate] Vector at 0x7ff40 (offset -192)
  [AvailMem] Vector at 0x7ff28 (offset -216)
  [FindName] Vector at 0x7feec (offset -276)
  [TypeOfMem] Vector at 0x7fdea (offset -534)
  [CacheClearU] Vector at 0x7fd84 (offset -636)
[runner:mtop]   [CacheClearE] Vector at 0x7fd7e (offset -642)
  [ObtainSemaphoreShared] Vector at 0x7fd5a (offset -678)
  [AllocMem] Vector at 0x7ff3a (offset -198)
  [FreeMem] Vector at 0x7ff2e (offset -210)
[runner:mtop]   [FindTask] Vector at 0x7feda (offset -294)
  [SetTaskPri] Vector at 0x7fed4 (offset -300)
  [SetSignal] Vector at 0x7fece (offset -306)
[runner:mtop]   [FindPort] Vector at 0x7fe7a (offset -390)
  [PutMsg] Vector at 0x7fe92 (offset -366)
  [GetMsg] Vector at 0x7fe8c (offset -372)
[runner:mtop]   [Wait] Vector at 0x7fec2 (offset -318)
  [Signal] Vector at 0x7febc (offset -324)
  [Supervisor] Vector at 0x7ffe2 (offset -30)
  [AllocSignal] Vector at 0x7feb6 (offset -330)
[runner:mtop]   [AddPort] Vector at 0x7fe9e (offset -354)
  [ReplyMsg] Vector at 0x7fe86 (offset -378)
  [WaitPort] Vector at 0x7fe80 (offset -384)
[runner:mtop]   [CreatePort] Vector at 0x7ff8e (offset -114)
  [CreateMsgPort] Vector at 0x7fd66 (offset -666)
  [DeleteMsgPort] Vector at 0x7fd60 (offset -672)
  [AllocVec] Vector at 0x7fd54 (offset -684)
  [FreeVec] Vector at 0x7fd4e (offset -690)
[runner:mtop]   [CreatePool] Vector at 0x7fd48 (offset -696)
  [DeletePool] Vector at 0x7fd42 (offset -702)
  [AllocPooled] Vector at 0x7fd3c (offset -708)
  [FreePooled] Vector at 0x7fd36 (offset -714)
  [CopyMem] Vector at 0x7fd90 (offset -624)
  [CopyMemQuick] Vector at 0x7fd8a (offset -630)
  [StackSwap] Vector at 0x7fd24 (offset -732)
[runner:mtop] [LibraryTraps] Installed 87 Exec.library vectors
[runner:mtop] [LibraryTraps] Synced 86 trap addresses to MOIRA for batch execution
[runner:mtop] [LibraryLoader] Loading utility.library (version >= 37)
[LibraryLoader] ✅ utility.library is ROM-resident (using Kickstart ROM)
[LibraryLoader]   ROM libraries are native code in ROM, not loaded from disk
[runner:mtop] [LibraryTraps] Installing utility.library vectors at base 0xf0000
  [FindTagItem] Vector at 0xeffe2 (offset -30)
  [GetTagData] Vector at 0xeffdc (offset -36)
  [PackBoolTags] Vector at 0xeffd6 (offset -42)
  [NextTagItem] Vector at 0xeffd0 (offset -48)
  [FilterTagChanges] Vector at 0xeffca (offset -54)
  [Utility_-58_Stub] Vector at 0xeffc6 (offset -58)
  [MapTags] Vector at 0xeffc4 (offset -60)
  [AllocateTagItems] Vector at 0xeffbe (offset -66)
  [CloneTagItems] Vector at 0xeffb8 (offset -72)
  [FreeTagItems] Vector at 0xeffb2 (offset -78)
  [RefreshTagItemClones] Vector at 0xeffac (offset -84)
  [TagInArray] Vector at 0xeffa6 (offset -90)
  [FilterTagItems] Vector at 0xeffa0 (offset -96)
  [CallHookPkt] Vector at 0xeff9a (offset -102)
  [Amiga2Date] Vector at 0xeff88 (offset -120)
  [Date2Amiga] Vector at 0xeff82 (offset -126)
  [CheckDate] Vector at 0xeff7c (offset -132)
  [SMult32] Vector at 0xeff76 (offset -138)
  [UMult32] Vector at 0xeff70 (offset -144)
  [SDivMod32] Vector at 0xeff6a (offset -150)
  [UDivMod32] Vector at 0xeff64 (offset -156)
  [Stricmp] Vector at 0xeff5e (offset -162)
  [Strnicmp] Vector at 0xeff58 (offset -168)
  [ToUpper] Vector at 0xeff52 (offset -174)
  [ToLower] Vector at 0xeff4c (offset -180)
  [ApplyTagChanges] Vector at 0xeff46 (offset -186)
  [SMult64] Vector at 0xeff3a (offset -198)
  [UMult64] Vector at 0xeff34 (offset -204)
  [PackStructureTags] Vector at 0xeff2e (offset -210)
  [UnpackStructureTags] Vector at 0xeff28 (offset -216)
  [AddNamedObject] Vector at 0xeff22 (offset -222)
  [AllocNamedObjectA] Vector at 0xeff1c (offset -228)
  [AttemptRemNamedObject] Vector at 0xeff16 (offset -234)
  [FindNamedObject] Vector at 0xeff10 (offset -240)
  [FreeNamedObject] Vector at 0xeff0a (offset -246)
  [NamedObjectName] Vector at 0xeff04 (offset -252)
  [ReleaseNamedObject] Vector at 0xefefe (offset -258)
  [RemNamedObject] Vector at 0xefef8 (offset -264)
  [GetUniqueID] Vector at 0xefef2 (offset -270)
[LibraryTraps] Installed 39 utility.library vectors
[LibraryLoader] Loading icon.library (version >= 37)
[LibraryLoader] ✅ icon.library is ROM-resident (using Kickstart ROM)
[LibraryLoader]   ROM libraries are native code in ROM, not loaded from disk
[LibraryTraps] Installing icon.library vectors at base 0xd0000
  [FreeFreeList] Vector at 0xcffca (offset -54) [VERIFIED: 0x4afc]
  [AddFreeList] Vector at 0xcffb8 (offset -72) [VERIFIED: 0x4afc]
  [GetDiskObject] Vector at 0xcffb2 (offset -78) [VERIFIED: 0x4afc]
  [PutDiskObject] Vector at 0xcffac (offset -84) [VERIFIED: 0x4afc]
  [FreeDiskObject] Vector at 0xcffa6 (offset -90) [VERIFIED: 0x4afc]
  [FindToolType] Vector at 0xcffa0 (offset -96) [VERIFIED: 0x4afc]
  [MatchToolValue] Vector at 0xcff9a (offset -102) [VERIFIED: 0x4afc]
  [BumpRevision] Vector at 0xcff94 (offset -108) [VERIFIED: 0x4afc]
  [GetDefDiskObject] Vector at 0xcff88 (offset -120) [VERIFIED: 0x4afc]
  [PutDefDiskObject] Vector at 0xcff82 (offset -126) [VERIFIED: 0x4afc]
  [GetDiskObjectNew] Vector at 0xcff7c (offset -132) [VERIFIED: 0x4afc]
  [DeleteDiskObject] Vector at 0xcff76 (offset -138) [VERIFIED: 0x4afc]
[LibraryTraps] *** icon.library GetDiskObject at 0xcffe2 contains: 0x0 (should be 0x4AFC) ***
[LibraryTraps] *** icon.library FULLY OPERATIONAL - ALL traps installed and ready ***
[LibraryTraps] Installed 12 icon.library vectors
[LibraryLoader] Loading dos.library (version >= 37)
[LibraryLoader] ✅ dos.library is ROM-resident (using Kickstart ROM)
[LibraryLoader]   ROM libraries are native code in ROM, not loaded from disk
[LibraryTraps] Installing dos.library vectors at base 0xb0000
  [Open] Vector at 0xaffe2 (offset -30)
  [Close] Vector at 0xaffdc (offset -36)
  [Read] Vector at 0xaffd6 (offset -42)
  [Write] Vector at 0xaffd0 (offset -48)
  [Input] Vector at 0xaffca (offset -54)
  [Output] Vector at 0xaffc4 (offset -60)
  [Seek] Vector at 0xaffbe (offset -66)
  [DeleteFile] Vector at 0xaffb8 (offset -72)
  [Rename] Vector at 0xaffb2 (offset -78)
  [Lock] Vector at 0xaffac (offset -84)
  [UnLock] Vector at 0xaffa6 (offset -90)
  [DupLock] Vector at 0xaffa0 (offset -96)
  [Examine] Vector at 0xaff9a (offset -102)
  [ExNext] Vector at 0xaff94 (offset -108)
  [Info] Vector at 0xaff8e (offset -114)
  [CreateDir] Vector at 0xaff88 (offset -120)
  [CurrentDir] Vector at 0xaff82 (offset -126)
  [IoErr] Vector at 0xaff7c (offset -132)
  [CreateProc] Vector at 0xaff76 (offset -138)
  [Exit] Vector at 0xaff70 (offset -144)
  [LoadSeg] Vector at 0xaff6a (offset -150)
  [UnLoadSeg] Vector at 0xaff64 (offset -156)
  [DeviceProc] Vector at 0xaff52 (offset -174)
  [SetComment] Vector at 0xaff4c (offset -180)
  [SetProtection] Vector at 0xaff46 (offset -186)
  [DateStamp] Vector at 0xaff40 (offset -192)
  [Delay] Vector at 0xaff3a (offset -198)
  [WaitForChar] Vector at 0xaff34 (offset -204)
  [ParentDir] Vector at 0xaff2e (offset -210)
  [IsInteractive] Vector at 0xaff28 (offset -216)
  [Execute] Vector at 0xaff22 (offset -222)
  [AllocDosObject] Vector at 0xaff1c (offset -228)
  [FreeDosObject] Vector at 0xaff16 (offset -234)
  [SelectInput] Vector at 0xafeda (offset -294)
  [SelectOutput] Vector at 0xafed4 (offset -300)
  [FGetC] Vector at 0xafece (offset -306)
  [FPutC] Vector at 0xafec8 (offset -312)
  [UnGetC] Vector at 0xafec2 (offset -318)
  [FRead] Vector at 0xafebc (offset -324)
  [FWrite] Vector at 0xafeb6 (offset -330)
  [FGets] Vector at 0xafeb0 (offset -336)
  [FPuts] Vector at 0xafeaa (offset -342)
  [VFPrintf] Vector at 0xafe9e (offset -354)
  [Flush] Vector at 0xafe98 (offset -360)
  [DupLockFromFH] Vector at 0xafe8c (offset -372)
  [OpenFromLock] Vector at 0xafe86 (offset -378)
  [ParentOfFH] Vector at 0xafe80 (offset -384)
  [ExamineFH] Vector at 0xafe7a (offset -390)
  [NameFromLock] Vector at 0xafe6e (offset -402)
  [SplitName] Vector at 0xafe62 (offset -414)
  [SetIoErr] Vector at 0xafe32 (offset -462)
  [Fault] Vector at 0xafe2c (offset -468)
  [PrintFault] Vector at 0xafe26 (offset -474)
  [Cli] Vector at 0xafe14 (offset -492)
  [GetFileSysTask] Vector at 0xafdf6 (offset -522)
  [SetFileSysTask] Vector at 0xafdf0 (offset -528)
  [FindCliProc] Vector at 0xafdde (offset -546)
  [MaxCli] Vector at 0xafdd8 (offset -552)
  [GetCurrentDirName] Vector at 0xafdcc (offset -564)
  [GetProgramName] Vector at 0xafdc0 (offset -576)
  [SetProgramDir] Vector at 0xafdae (offset -594)
  [GetProgramDir] Vector at 0xafda8 (offset -600)
  [SystemTagList] Vector at 0xafda2 (offset -606)
  [DateToStr] Vector at 0xafd18 (offset -744)
  [StrToDate] Vector at 0xafd12 (offset -750)
  [CheckSignal] Vector at 0xafce8 (offset -792)
  [ReadArgs] Vector at 0xafce2 (offset -798)
  [ParsePattern] Vector at 0xafcb8 (offset -840)
  [MatchPattern] Vector at 0xafcb2 (offset -846)
  [FreeArgs] Vector at 0xafca6 (offset -858)
  [FilePart] Vector at 0xafc9a (offset -870)
  [PathPart] Vector at 0xafc94 (offset -876)
  [AddPart] Vector at 0xafc8e (offset -882)
  [SetVar] Vector at 0xafc7c (offset -900)
  [GetVar] Vector at 0xafc76 (offset -906)
  [DeleteVar] Vector at 0xafc70 (offset -912)
  [PutStr] Vector at 0xafc4c (offset -948)
  [VPrintf] Vector at 0xafc46 (offset -954)
  [ParsePatternNoCase] Vector at 0xafc3a (offset -966)
  [MatchPatternNoCase] Vector at 0xafc34 (offset -972)
  [LockDosList] Vector at 0xafd72 (offset -654)
  [UnLockDosList] Vector at 0xafd6c (offset -660)
  [AttemptLockDosList] Vector at 0xafd66 (offset -666)
  [FindDosEntry] Vector at 0xafd54 (offset -684)
  [NextDosEntry] Vector at 0xafd4e (offset -690)
  [MatchFirst] Vector at 0xafcca (offset -822)
  [MatchNext] Vector at 0xafcc4 (offset -828)
  [MatchEnd] Vector at 0xafcbe (offset -834)
  [IsFileSystem] Vector at 0xafe02 (offset -510)
  [SetProgramName] Vector at 0xafe0e (offset -498)
  [GetArgStr] Vector at 0xafdea (offset -534)
  [ReadItem] Vector at 0xafda2 (offset -606)
  [GetDeviceProc] Vector at 0xafd7e (offset -642)
  [VFWritef] Vector at 0xafea4 (offset -348)
  [SetMode] Vector at 0xafe56 (offset -426)
  [ExAll] Vector at 0xafe50 (offset -432)
  [StartNotify] Vector at 0xafc88 (offset -888)
  [DoPkt] Vector at 0xaff10 (offset -240)
  [StrToLong] Vector at 0xafcd0 (offset -816)
[LibraryTraps] Installed 99 dos.library vectors
[LibraryTraps] Installing dos.library vectors at base 0xb0000
  [Open] Vector at 0xaffe2 (offset -30)
  [Close] Vector at 0xaffdc (offset -36)
  [Read] Vector at 0xaffd6 (offset -42)
  [Write] Vector at 0xaffd0 (offset -48)
  [Input] Vector at 0xaffca (offset -54)
  [Output] Vector at 0xaffc4 (offset -60)
  [Seek] Vector at 0xaffbe (offset -66)
  [DeleteFile] Vector at 0xaffb8 (offset -72)
  [Rename] Vector at 0xaffb2 (offset -78)
  [Lock] Vector at 0xaffac (offset -84)
  [UnLock] Vector at 0xaffa6 (offset -90)
  [DupLock] Vector at 0xaffa0 (offset -96)
  [Examine] Vector at 0xaff9a (offset -102)
  [ExNext] Vector at 0xaff94 (offset -108)
  [Info] Vector at 0xaff8e (offset -114)
  [CreateDir] Vector at 0xaff88 (offset -120)
  [CurrentDir] Vector at 0xaff82 (offset -126)
  [IoErr] Vector at 0xaff7c (offset -132)
  [CreateProc] Vector at 0xaff76 (offset -138)
  [Exit] Vector at 0xaff70 (offset -144)
  [LoadSeg] Vector at 0xaff6a (offset -150)
  [UnLoadSeg] Vector at 0xaff64 (offset -156)
  [DeviceProc] Vector at 0xaff52 (offset -174)
  [SetComment] Vector at 0xaff4c (offset -180)
  [SetProtection] Vector at 0xaff46 (offset -186)
  [DateStamp] Vector at 0xaff40 (offset -192)
  [Delay] Vector at 0xaff3a (offset -198)
  [WaitForChar] Vector at 0xaff34 (offset -204)
  [ParentDir] Vector at 0xaff2e (offset -210)
  [IsInteractive] Vector at 0xaff28 (offset -216)
  [Execute] Vector at 0xaff22 (offset -222)
  [AllocDosObject] Vector at 0xaff1c (offset -228)
  [FreeDosObject] Vector at 0xaff16 (offset -234)
  [SelectInput] Vector at 0xafeda (offset -294)
  [SelectOutput] Vector at 0xafed4 (offset -300)
  [FGetC] Vector at 0xafece (offset -306)
  [FPutC] Vector at 0xafec8 (offset -312)
  [UnGetC] Vector at 0xafec2 (offset -318)
  [FRead] Vector at 0xafebc (offset -324)
  [FWrite] Vector at 0xafeb6 (offset -330)
  [FGets] Vector at 0xafeb0 (offset -336)
  [FPuts] Vector at 0xafeaa (offset -342)
  [VFPrintf] Vector at 0xafe9e (offset -354)
  [Flush] Vector at 0xafe98 (offset -360)
  [DupLockFromFH] Vector at 0xafe8c (offset -372)
  [OpenFromLock] Vector at 0xafe86 (offset -378)
  [ParentOfFH] Vector at 0xafe80 (offset -384)
  [ExamineFH] Vector at 0xafe7a (offset -390)
  [NameFromLock] Vector at 0xafe6e (offset -402)
  [SplitName] Vector at 0xafe62 (offset -414)
  [SetIoErr] Vector at 0xafe32 (offset -462)
  [Fault] Vector at 0xafe2c (offset -468)
  [PrintFault] Vector at 0xafe26 (offset -474)
  [Cli] Vector at 0xafe14 (offset -492)
  [GetFileSysTask] Vector at 0xafdf6 (offset -522)
  [SetFileSysTask] Vector at 0xafdf0 (offset -528)
  [FindCliProc] Vector at 0xafdde (offset -546)
  [MaxCli] Vector at 0xafdd8 (offset -552)
  [GetCurrentDirName] Vector at 0xafdcc (offset -564)
  [GetProgramName] Vector at 0xafdc0 (offset -576)
  [SetProgramDir] Vector at 0xafdae (offset -594)
  [GetProgramDir] Vector at 0xafda8 (offset -600)
  [SystemTagList] Vector at 0xafda2 (offset -606)
  [DateToStr] Vector at 0xafd18 (offset -744)
  [StrToDate] Vector at 0xafd12 (offset -750)
  [CheckSignal] Vector at 0xafce8 (offset -792)
  [ReadArgs] Vector at 0xafce2 (offset -798)
  [ParsePattern] Vector at 0xafcb8 (offset -840)
  [MatchPattern] Vector at 0xafcb2 (offset -846)
  [FreeArgs] Vector at 0xafca6 (offset -858)
  [FilePart] Vector at 0xafc9a (offset -870)
  [PathPart] Vector at 0xafc94 (offset -876)
  [AddPart] Vector at 0xafc8e (offset -882)
  [SetVar] Vector at 0xafc7c (offset -900)
  [GetVar] Vector at 0xafc76 (offset -906)
  [DeleteVar] Vector at 0xafc70 (offset -912)
  [PutStr] Vector at 0xafc4c (offset -948)
  [VPrintf] Vector at 0xafc46 (offset -954)
  [ParsePatternNoCase] Vector at 0xafc3a (offset -966)
  [MatchPatternNoCase] Vector at 0xafc34 (offset -972)
  [LockDosList] Vector at 0xafd72 (offset -654)
  [UnLockDosList] Vector at 0xafd6c (offset -660)
  [AttemptLockDosList] Vector at 0xafd66 (offset -666)
  [FindDosEntry] Vector at 0xafd54 (offset -684)
  [NextDosEntry] Vector at 0xafd4e (offset -690)
  [MatchFirst] Vector at 0xafcca (offset -822)
  [MatchNext] Vector at 0xafcc4 (offset -828)
  [MatchEnd] Vector at 0xafcbe (offset -834)
  [IsFileSystem] Vector at 0xafe02 (offset -510)
  [SetProgramName] Vector at 0xafe0e (offset -498)
  [GetArgStr] Vector at 0xafdea (offset -534)
  [ReadItem] Vector at 0xafda2 (offset -606)
  [GetDeviceProc] Vector at 0xafd7e (offset -642)
  [VFWritef] Vector at 0xafea4 (offset -348)
  [SetMode] Vector at 0xafe56 (offset -426)
  [ExAll] Vector at 0xafe50 (offset -432)
  [StartNotify] Vector at 0xafc88 (offset -888)
  [DoPkt] Vector at 0xaff10 (offset -240)
  [StrToLong] Vector at 0xafcd0 (offset -816)
[LibraryTraps] Installed 99 dos.library vectors
[LibraryTraps] ============================================
[LibraryTraps] AEDoor.library vectors: TRAP MODE (TypeScript handlers)
[LibraryTraps] Base address: 0x200000
[LibraryTraps] Installing 20 trap handlers...
[LibraryTraps] ============================================
  [CreateComm] 0x1fffe2 (offset -30): was JMP -> now ILLEGAL [OK]
  [DeleteComm] 0x1fffdc (offset -36): was JMP -> now ILLEGAL [OK]
  [SendCmd] 0x1fffd6 (offset -42): was JMP -> now ILLEGAL [OK]
  [SendStrCmd] 0x1fffd0 (offset -48): was JMP -> now ILLEGAL [OK]
  [SendDataCmd] 0x1fffca (offset -54): was JMP -> now ILLEGAL [OK]
  [SendStrDataCmd] 0x1fffc4 (offset -60): was JMP -> now ILLEGAL [OK]
  [GetData] 0x1fffbe (offset -66): was JMP -> now ILLEGAL [OK]
  [GetString] 0x1fffb8 (offset -72): was JMP -> now ILLEGAL [OK]
  [Prompt] 0x1fffb2 (offset -78): was JMP -> now ILLEGAL [OK]
  [WriteStr] 0x1fffac (offset -84): was JMP -> now ILLEGAL [OK]
  [ShowGFile] 0x1fffa6 (offset -90): was JMP -> now ILLEGAL [OK]
  [ShowFile] 0x1fffa0 (offset -96): was JMP -> now ILLEGAL [OK]
  [SetDT] 0x1fff9a (offset -102): was JMP -> now ILLEGAL [OK]
  [GetDT] 0x1fff94 (offset -108): was JMP -> now ILLEGAL [OK]
  [GetStr] 0x1fff8e (offset -114): was JMP -> now ILLEGAL [OK]
  [CopyStr] 0x1fff88 (offset -120): was JMP -> now ILLEGAL [OK]
  [HotKey] 0x1fff82 (offset -126): was JMP -> now ILLEGAL [OK]
  [PreCreateComm] 0x1fff7c (offset -132): was JMP -> now ILLEGAL [OK]
  [PostDeleteComm] 0x1fff76 (offset -138): was JMP -> now ILLEGAL [OK]
  [Stub_-24] 0x1fffe8 (offset -24): was JMP -> now ILLEGAL [OK]
[LibraryTraps] Installed 20 AEDoor.library vectors
[runner:mtop] [LibraryTraps] ============================================
[LibraryTraps] AEDoor.library vectors: TRAP MODE (TypeScript handlers)
[LibraryTraps] Base address: 0x200000
[LibraryTraps] Installing 20 trap handlers...
[LibraryTraps] ============================================
  [CreateComm] 0x1fffe2 (offset -30): was ILLEGAL -> now ILLEGAL [OK]
  [DeleteComm] 0x1fffdc (offset -36): was ILLEGAL -> now ILLEGAL [OK]
  [SendCmd] 0x1fffd6 (offset -42): was ILLEGAL -> now ILLEGAL [OK]
  [SendStrCmd] 0x1fffd0 (offset -48): was ILLEGAL -> now ILLEGAL [OK]
  [SendDataCmd] 0x1fffca (offset -54): was ILLEGAL -> now ILLEGAL [OK]
  [SendStrDataCmd] 0x1fffc4 (offset -60): was ILLEGAL -> now ILLEGAL [OK]
  [GetData] 0x1fffbe (offset -66): was ILLEGAL -> now ILLEGAL [OK]
  [GetString] 0x1fffb8 (offset -72): was ILLEGAL -> now ILLEGAL [OK]
  [Prompt] 0x1fffb2 (offset -78): was ILLEGAL -> now ILLEGAL [OK]
  [WriteStr] 0x1fffac (offset -84): was ILLEGAL -> now ILLEGAL [OK]
  [ShowGFile] 0x1fffa6 (offset -90): was ILLEGAL -> now ILLEGAL [OK]
  [ShowFile] 0x1fffa0 (offset -96): was ILLEGAL -> now ILLEGAL [OK]
  [SetDT] 0x1fff9a (offset -102): was ILLEGAL -> now ILLEGAL [OK]
  [GetDT] 0x1fff94 (offset -108): was ILLEGAL -> now ILLEGAL [OK]
  [GetStr] 0x1fff8e (offset -114): was ILLEGAL -> now ILLEGAL [OK]
  [CopyStr] 0x1fff88 (offset -120): was ILLEGAL -> now ILLEGAL [OK]
  [HotKey] 0x1fff82 (offset -126): was ILLEGAL -> now ILLEGAL [OK]
  [PreCreateComm] 0x1fff7c (offset -132): was ILLEGAL -> now ILLEGAL [OK]
  [PostDeleteComm] 0x1fff76 (offset -138): was ILLEGAL -> now ILLEGAL [OK]
  [Stub_-24] 0x1fffe8 (offset -24): was ILLEGAL -> now ILLEGAL [OK]
[LibraryTraps] Installed 20 AEDoor.library vectors
[runner:mtop] [BBS API] Setting up low-memory region 0x790-0x800
[BBS API] Low-memory setup complete
[runner:mtop] [LibraryTraps] Registered custom trap 'BBS_API_DISPATCHER' at 0x122310
[runner:mtop] [MulticomManager] initializeInEmulator: sessionId=session-8, nodeId=8, maxLinkedNodes=32
[MulticomManager] Initializing MULTICOM structures for session session-8
[runner:mtop] [MulticomManager] Linking myNode entries to singlePort structures (cap=32)
[MulticomManager]   myNode[0] at 0x1e003a -> singlePort at 0x1e1000
[MulticomManager]   myNode[1] at 0x1e00b6 -> singlePort at 0x1e1200
[MulticomManager]   myNode[2] at 0x1e0132 -> singlePort at 0x1e1400
[runner:mtop] [MulticomManager]   myNode[3] at 0x1e01ae -> singlePort at 0x1e1600
[MulticomManager]   myNode[4] at 0x1e022a -> singlePort at 0x1e1800
[MulticomManager]   myNode[5] at 0x1e02a6 -> singlePort at 0x1e1a00
[MulticomManager]   myNode[6] at 0x1e0322 -> singlePort at 0x1e1c00
[MulticomManager]   myNode[7] at 0x1e039e -> singlePort at 0x1e1e00
[MulticomManager]   myNode[8] at 0x1e041a -> singlePort at 0x1e2000
[MulticomManager]   myNode[9] at 0x1e0496 -> singlePort at 0x1e2200
[MulticomManager]   myNode[10] at 0x1e0512 -> singlePort at 0x1e2400
[MulticomManager]   myNode[11] at 0x1e058e -> singlePort at 0x1e2600
[MulticomManager]   myNode[12] at 0x1e060a -> singlePort at 0x1e2800
[MulticomManager]   myNode[13] at 0x1e0686 -> singlePort at 0x1e2a00
[MulticomManager]   myNode[14] at 0x1e0702 -> singlePort at 0x1e2c00
[MulticomManager]   myNode[15] at 0x1e077e -> singlePort at 0x1e2e00
[MulticomManager]   myNode[16] at 0x1e07fa -> singlePort at 0x1e3000
[MulticomManager]   myNode[17] at 0x1e0876 -> singlePort at 0x1e3200
[MulticomManager]   myNode[18] at 0x1e08f2 -> singlePort at 0x1e3400
[MulticomManager]   myNode[19] at 0x1e096e -> singlePort at 0x1e3600
[MulticomManager]   myNode[20] at 0x1e09ea -> singlePort at 0x1e3800
[MulticomManager]   myNode[21] at 0x1e0a66 -> singlePort at 0x1e3a00
[MulticomManager]   myNode[22] at 0x1e0ae2 -> singlePort at 0x1e3c00
[MulticomManager]   myNode[23] at 0x1e0b5e -> singlePort at 0x1e3e00
[MulticomManager]   myNode[24] at 0x1e0bda -> singlePort at 0x1e4000
[MulticomManager]   myNode[25] at 0x1e0c56 -> singlePort at 0x1e4200
[MulticomManager]   myNode[26] at 0x1e0cd2 -> singlePort at 0x1e4400
[MulticomManager]   myNode[27] at 0x1e0d4e -> singlePort at 0x1e4600
[MulticomManager]   myNode[28] at 0x1e0dca -> singlePort at 0x1e4800
[MulticomManager]   myNode[29] at 0x1e0e46 -> singlePort at 0x1e4a00
[MulticomManager]   myNode[30] at 0x1e0ec2 -> singlePort at 0x1e4c00
[MulticomManager]   myNode[31] at 0x1e0f3e -> singlePort at 0x1e4e00
[MulticomManager] Node structures linked
[MulticomManager] writeAllNodesToEmulator: Writing 0 tracked nodes
[MulticomManager] WARNING: No nodes tracked yet - emulator will have blank MULTICOM data
[MulticomManager] writeAllNodesToEmulator complete
[MulticomManager] Session session-8 initialized successfully, emulators.size now=1
[runner:mtop] [MulticomManager] updateNode called: nodeId=8, username="Sysop", emulators.size=1
[runner:mtop] [MulticomManager] Writing to emulator session session-8
[runner:mtop] [MulticomManager] Writing myNode[8] at 0x1e041a: username="Sysop"
[MulticomManager] Writing singlePort[8] at 0x1e2000: username="Sysop", location="Local Console", status=3
[MulticomManager]   -> handle at 0x1e2056: "Sysop"
[MulticomManager]   -> location at 0x1e2075: "Local Console"
[MulticomManager] VERIFY singlePort[8]: handle="Sysop", location="Local Console", status=3
[MulticomManager] Node 8 updated in 1 emulator(s)
[runner:mtop] [EnvStat] Writing /tmp/ram/ENV/STATS@8 (node 8, stat 3)
[runner:mtop] [DoorLoader] Writing random seed 0x-604a747a to 0x400
[DoorLoader] Read back: 0x9fb58b86
[runner:mtop] [Self-Mod Code] Registered CODE region: 0x2008-0x6d5b (19796 bytes)
[runner:mtop] [HunkLoader] Applying 61 relocations to 1 segments
[HunkLoader] Segment 0 (CODE) at 0x2008: 61 relocations
[runner:mtop]   [0] offset=0x1b6 addr=0x21be before=0x4b9e after=0x6ba6 target=seg0(0x2008)
  [1] offset=0x1f2 addr=0x21fa before=0x4adc after=0x6ae4 target=seg0(0x2008)
  [2] offset=0x240 addr=0x2248 before=0x4b6e after=0x6b76 target=seg0(0x2008)
  [3] offset=0x268 addr=0x2270 before=0x4b9e after=0x6ba6 target=seg0(0x2008)
  [4] offset=0x284 addr=0x228c before=0x4b7a after=0x6b82 target=seg0(0x2008)
[runner:mtop] [SharedBBSData] Allocated shared BBS memory:
  cmds:       0xf00300 (1976 bytes)
  sopt:       0xf00ab8 (888 bytes)
  nodeState:  0xf00e30 (32 bytes)
[runner:mtop] [CommandsStructure] Writing commands at 0xf00300
[runner:mtop] [CommandsStructure] Wrote BBS config: "AmiExpress Web BBS"
[StartOptionStructure] Writing startOption at 0xf00ab8
[StartOptionStructure] Wrote node settings
[NodeStateGlobals] Wrote node state at 0xf00e30
  currentConf: 0
  node: 8
  timeLimit: 3600
[runner:mtop] [READ8] addr=0x0f0081 page=0x0f memSrc=1
[runner:mtop] [READ8] CHIP: addr=0x0f0081 offset=0x0f0081 value=0x00 ( )
[READ8] addr=0x0f0082 page=0x0f memSrc=1
[READ8] CHIP: addr=0x0f0082 offset=0x0f0082 value=0x00 ( )
[READ8] addr=0x0f0083 page=0x0f memSrc=1
[READ8] CHIP: addr=0x0f0083 offset=0x0f0083 value=0x00 ( )
[READ8] addr=0x0f0084 page=0x0f memSrc=1
[READ8] CHIP: addr=0x0f0084 offset=0x0f0084 value=0x00 ( )
[MEMORY-READ] readMemory32(0xf0081) = 0x00000000
[DoorLoader] No DATA segment found - allocating synthetic BSS for single-hunk executable
[DoorLoader] Segment types: code
[runner:mtop] [MOIRA] Overclocking set to 500x
[MoiraEmulator] Overclocking set to 500x
[runner:mtop] [SOCKET:door:status] {"status":"running"}
[runner:mtop] [MOIRA] Overclocking set to 5000x
[MoiraEmulator] Overclocking set to 5000x
[runner:mtop] [LibraryTraps] VERIFICATION: All 256 ILLEGAL instructions verified OK
[LibraryTraps] Synced 256 trap addresses to MOIRA for batch execution
[runner:mtop] [DoorLifecycleManager] FIRST INVALID PC DETECTED!
  Previous PC: 0x2008
  Instruction: movea.l $4.w, A6
  New PC: 0x7ff3a (OUT OF BOUNDS)
  Code region: 0x2008-0x6d5c
  D0=0x3978 D1=0x10000 D2=0x3978
  A0=0xf0100 A1=0x6d5c A2=0x0
  A3=0x0 A4=0xa006 A5=0xf0100 SP=0x50010
  This instruction caused the first jump outside code!
  Raw bytes: opcode=0x2c78 operand=0x42a48
[runner:mtop] [exec-vectors] AllocMem TRAP: size=14712 (0x3978) flags=0x10000
[runner:mtop] [exec-vectors] AllocMem TRAP result: 0x122520
[runner:mtop] [ExecLibrary] Forbid() - stub (no-op)
[runner:mtop] [ExecLibrary] Permit() - stub (no-op)
[runner:mtop] [exec-vectors] FindTask TRAP: name="(null - current task)"
[exec-vectors] FindTask TRAP result: 0x7e00
[runner:mtop] [exec-vectors] OpenLibrary TRAP: name="intuition.library" version=37
[runner:mtop] [LibraryLoader] Loading intuition.library (version >= 37)
[LibraryLoader] ✅ intuition.library is ROM-resident (using Kickstart ROM)
[LibraryLoader]   ROM libraries are native code in ROM, not loaded from disk
[runner:mtop] [LibraryTraps] Installing intuition.library vectors at base 0xe0000
  [CloseWindow] Vector at 0xdffb8 (offset -72)
  [CloseScreen] Vector at 0xdffbe (offset -66)
  [OpenScreen] Vector at 0xdff3a (offset -198)
  [OpenWindow] Vector at 0xdff34 (offset -204)
  [SetWindowTitles] Vector at 0xdfeec (offset -276)
  [RefreshGadgets] Vector at 0xdff22 (offset -222)
  [AutoRequest] Vector at 0xdfea4 (offset -348)
  [OpenWorkBench] Vector at 0xdff2e (offset -210)
[LibraryTraps] Installed 8 intuition.library vectors
[LibraryTraps] Installing intuition.library vectors at base 0xe0000
  [CloseWindow] Vector at 0xdffb8 (offset -72)
  [CloseScreen] Vector at 0xdffbe (offset -66)
  [OpenScreen] Vector at 0xdff3a (offset -198)
  [OpenWindow] Vector at 0xdff34 (offset -204)
  [SetWindowTitles] Vector at 0xdfeec (offset -276)
  [RefreshGadgets] Vector at 0xdff22 (offset -222)
  [AutoRequest] Vector at 0xdfea4 (offset -348)
  [OpenWorkBench] Vector at 0xdff2e (offset -210)
[LibraryTraps] Installed 8 intuition.library vectors
[runner:mtop] [LibraryTraps] Synced 264 trap addresses to MOIRA for batch execution
[exec-vectors] OpenLibrary TRAP result: 0xe0000
[exec-vectors] OpenLibrary TRAP: name="graphics.library" version=33
[LibraryLoader] Loading graphics.library (version >= 33)
[LibraryLoader] ✅ graphics.library is ROM-resident (using Kickstart ROM)
[LibraryLoader]   ROM libraries are native code in ROM, not loaded from disk
[exec-vectors] OpenLibrary TRAP result: 0xe8000
[exec-vectors] OpenLibrary TRAP: name="dos.library" version=33
[LibraryLoader] Loading dos.library (version >= 33)
[LibraryLoader] ✅ dos.library is ROM-resident (using Kickstart ROM)
[LibraryLoader]   ROM libraries are native code in ROM, not loaded from disk
[LibraryTraps] Installing dos.library vectors at base 0xb0000
  [Open] Vector at 0xaffe2 (offset -30)
  [Close] Vector at 0xaffdc (offset -36)
  [Read] Vector at 0xaffd6 (offset -42)
  [Write] Vector at 0xaffd0 (offset -48)
  [Input] Vector at 0xaffca (offset -54)
  [Output] Vector at 0xaffc4 (offset -60)
  [Seek] Vector at 0xaffbe (offset -66)
  [DeleteFile] Vector at 0xaffb8 (offset -72)
  [Rename] Vector at 0xaffb2 (offset -78)
  [Lock] Vector at 0xaffac (offset -84)
  [UnLock] Vector at 0xaffa6 (offset -90)
  [DupLock] Vector at 0xaffa0 (offset -96)
  [Examine] Vector at 0xaff9a (offset -102)
  [ExNext] Vector at 0xaff94 (offset -108)
  [Info] Vector at 0xaff8e (offset -114)
  [CreateDir] Vector at 0xaff88 (offset -120)
  [CurrentDir] Vector at 0xaff82 (offset -126)
  [IoErr] Vector at 0xaff7c (offset -132)
  [CreateProc] Vector at 0xaff76 (offset -138)
  [Exit] Vector at 0xaff70 (offset -144)
  [LoadSeg] Vector at 0xaff6a (offset -150)
  [UnLoadSeg] Vector at 0xaff64 (offset -156)
  [DeviceProc] Vector at 0xaff52 (offset -174)
  [SetComment] Vector at 0xaff4c (offset -180)
  [SetProtection] Vector at 0xaff46 (offset -186)
  [DateStamp] Vector at 0xaff40 (offset -192)
  [Delay] Vector at 0xaff3a (offset -198)
  [WaitForChar] Vector at 0xaff34 (offset -204)
  [ParentDir] Vector at 0xaff2e (offset -210)
  [IsInteractive] Vector at 0xaff28 (offset -216)
  [Execute] Vector at 0xaff22 (offset -222)
  [AllocDosObject] Vector at 0xaff1c (offset -228)
  [FreeDosObject] Vector at 0xaff16 (offset -234)
  [SelectInput] Vector at 0xafeda (offset -294)
  [SelectOutput] Vector at 0xafed4 (offset -300)
  [FGetC] Vector at 0xafece (offset -306)
  [FPutC] Vector at 0xafec8 (offset -312)
  [UnGetC] Vector at 0xafec2 (offset -318)
  [FRead] Vector at 0xafebc (offset -324)
  [FWrite] Vector at 0xafeb6 (offset -330)
  [FGets] Vector at 0xafeb0 (offset -336)
  [FPuts] Vector at 0xafeaa (offset -342)
  [VFPrintf] Vector at 0xafe9e (offset -354)
  [Flush] Vector at 0xafe98 (offset -360)
  [DupLockFromFH] Vector at 0xafe8c (offset -372)
  [OpenFromLock] Vector at 0xafe86 (offset -378)
  [ParentOfFH] Vector at 0xafe80 (offset -384)
  [ExamineFH] Vector at 0xafe7a (offset -390)
  [NameFromLock] Vector at 0xafe6e (offset -402)
  [SplitName] Vector at 0xafe62 (offset -414)
  [SetIoErr] Vector at 0xafe32 (offset -462)
  [Fault] Vector at 0xafe2c (offset -468)
  [PrintFault] Vector at 0xafe26 (offset -474)
  [Cli] Vector at 0xafe14 (offset -492)
  [GetFileSysTask] Vector at 0xafdf6 (offset -522)
  [SetFileSysTask] Vector at 0xafdf0 (offset -528)
  [FindCliProc] Vector at 0xafdde (offset -546)
  [MaxCli] Vector at 0xafdd8 (offset -552)
  [GetCurrentDirName] Vector at 0xafdcc (offset -564)
  [GetProgramName] Vector at 0xafdc0 (offset -576)
  [SetProgramDir] Vector at 0xafdae (offset -594)
  [GetProgramDir] Vector at 0xafda8 (offset -600)
  [SystemTagList] Vector at 0xafda2 (offset -606)
  [DateToStr] Vector at 0xafd18 (offset -744)
  [StrToDate] Vector at 0xafd12 (offset -750)
  [CheckSignal] Vector at 0xafce8 (offset -792)
  [ReadArgs] Vector at 0xafce2 (offset -798)
  [ParsePattern] Vector at 0xafcb8 (offset -840)
  [MatchPattern] Vector at 0xafcb2 (offset -846)
  [FreeArgs] Vector at 0xafca6 (offset -858)
  [FilePart] Vector at 0xafc9a (offset -870)
  [PathPart] Vector at 0xafc94 (offset -876)
  [AddPart] Vector at 0xafc8e (offset -882)
  [SetVar] Vector at 0xafc7c (offset -900)
  [GetVar] Vector at 0xafc76 (offset -906)
  [DeleteVar] Vector at 0xafc70 (offset -912)
  [PutStr] Vector at 0xafc4c (offset -948)
  [VPrintf] Vector at 0xafc46 (offset -954)
  [ParsePatternNoCase] Vector at 0xafc3a (offset -966)
  [MatchPatternNoCase] Vector at 0xafc34 (offset -972)
  [LockDosList] Vector at 0xafd72 (offset -654)
  [UnLockDosList] Vector at 0xafd6c (offset -660)
  [AttemptLockDosList] Vector at 0xafd66 (offset -666)
  [FindDosEntry] Vector at 0xafd54 (offset -684)
  [NextDosEntry] Vector at 0xafd4e (offset -690)
  [MatchFirst] Vector at 0xafcca (offset -822)
  [MatchNext] Vector at 0xafcc4 (offset -828)
  [MatchEnd] Vector at 0xafcbe (offset -834)
  [IsFileSystem] Vector at 0xafe02 (offset -510)
  [SetProgramName] Vector at 0xafe0e (offset -498)
  [GetArgStr] Vector at 0xafdea (offset -534)
  [ReadItem] Vector at 0xafda2 (offset -606)
  [GetDeviceProc] Vector at 0xafd7e (offset -642)
  [VFWritef] Vector at 0xafea4 (offset -348)
  [SetMode] Vector at 0xafe56 (offset -426)
  [ExAll] Vector at 0xafe50 (offset -432)
  [StartNotify] Vector at 0xafc88 (offset -888)
  [DoPkt] Vector at 0xaff10 (offset -240)
  [StrToLong] Vector at 0xafcd0 (offset -816)
[LibraryTraps] Installed 99 dos.library vectors
[LibraryTraps] Installing dos.library vectors at base 0xb0000
  [Open] Vector at 0xaffe2 (offset -30)
  [Close] Vector at 0xaffdc (offset -36)
  [Read] Vector at 0xaffd6 (offset -42)
  [Write] Vector at 0xaffd0 (offset -48)
  [Input] Vector at 0xaffca (offset -54)
  [Output] Vector at 0xaffc4 (offset -60)
  [Seek] Vector at 0xaffbe (offset -66)
  [DeleteFile] Vector at 0xaffb8 (offset -72)
  [Rename] Vector at 0xaffb2 (offset -78)
  [Lock] Vector at 0xaffac (offset -84)
  [UnLock] Vector at 0xaffa6 (offset -90)
  [DupLock] Vector at 0xaffa0 (offset -96)
  [Examine] Vector at 0xaff9a (offset -102)
  [ExNext] Vector at 0xaff94 (offset -108)
  [Info] Vector at 0xaff8e (offset -114)
  [CreateDir] Vector at 0xaff88 (offset -120)
  [CurrentDir] Vector at 0xaff82 (offset -126)
  [IoErr] Vector at 0xaff7c (offset -132)
  [CreateProc] Vector at 0xaff76 (offset -138)
  [Exit] Vector at 0xaff70 (offset -144)
  [LoadSeg] Vector at 0xaff6a (offset -150)
  [UnLoadSeg] Vector at 0xaff64 (offset -156)
  [DeviceProc] Vector at 0xaff52 (offset -174)
  [SetComment] Vector at 0xaff4c (offset -180)
  [SetProtection] Vector at 0xaff46 (offset -186)
  [DateStamp] Vector at 0xaff40 (offset -192)
  [Delay] Vector at 0xaff3a (offset -198)
  [WaitForChar] Vector at 0xaff34 (offset -204)
  [ParentDir] Vector at 0xaff2e (offset -210)
  [IsInteractive] Vector at 0xaff28 (offset -216)
  [Execute] Vector at 0xaff22 (offset -222)
  [AllocDosObject] Vector at 0xaff1c (offset -228)
  [FreeDosObject] Vector at 0xaff16 (offset -234)
  [SelectInput] Vector at 0xafeda (offset -294)
  [SelectOutput] Vector at 0xafed4 (offset -300)
  [FGetC] Vector at 0xafece (offset -306)
  [FPutC] Vector at 0xafec8 (offset -312)
  [UnGetC] Vector at 0xafec2 (offset -318)
  [FRead] Vector at 0xafebc (offset -324)
  [FWrite] Vector at 0xafeb6 (offset -330)
  [FGets] Vector at 0xafeb0 (offset -336)
  [FPuts] Vector at 0xafeaa (offset -342)
  [VFPrintf] Vector at 0xafe9e (offset -354)
  [Flush] Vector at 0xafe98 (offset -360)
  [DupLockFromFH] Vector at 0xafe8c (offset -372)
  [OpenFromLock] Vector at 0xafe86 (offset -378)
  [ParentOfFH] Vector at 0xafe80 (offset -384)
  [ExamineFH] Vector at 0xafe7a (offset -390)
  [NameFromLock] Vector at 0xafe6e (offset -402)
  [SplitName] Vector at 0xafe62 (offset -414)
  [SetIoErr] Vector at 0xafe32 (offset -462)
  [Fault] Vector at 0xafe2c (offset -468)
  [PrintFault] Vector at 0xafe26 (offset -474)
  [Cli] Vector at 0xafe14 (offset -492)
  [GetFileSysTask] Vector at 0xafdf6 (offset -522)
  [SetFileSysTask] Vector at 0xafdf0 (offset -528)
  [FindCliProc] Vector at 0xafdde (offset -546)
  [MaxCli] Vector at 0xafdd8 (offset -552)
  [GetCurrentDirName] Vector at 0xafdcc (offset -564)
  [GetProgramName] Vector at 0xafdc0 (offset -576)
  [SetProgramDir] Vector at 0xafdae (offset -594)
  [GetProgramDir] Vector at 0xafda8 (offset -600)
  [SystemTagList] Vector at 0xafda2 (offset -606)
  [DateToStr] Vector at 0xafd18 (offset -744)
  [StrToDate] Vector at 0xafd12 (offset -750)
  [CheckSignal] Vector at 0xafce8 (offset -792)
  [ReadArgs] Vector at 0xafce2 (offset -798)
  [ParsePattern] Vector at 0xafcb8 (offset -840)
  [MatchPattern] Vector at 0xafcb2 (offset -846)
  [FreeArgs] Vector at 0xafca6 (offset -858)
  [FilePart] Vector at 0xafc9a (offset -870)
  [PathPart] Vector at 0xafc94 (offset -876)
  [AddPart] Vector at 0xafc8e (offset -882)
  [SetVar] Vector at 0xafc7c (offset -900)
  [GetVar] Vector at 0xafc76 (offset -906)
  [DeleteVar] Vector at 0xafc70 (offset -912)
  [PutStr] Vector at 0xafc4c (offset -948)
  [VPrintf] Vector at 0xafc46 (offset -954)
  [ParsePatternNoCase] Vector at 0xafc3a (offset -966)
  [MatchPatternNoCase] Vector at 0xafc34 (offset -972)
  [LockDosList] Vector at 0xafd72 (offset -654)
  [UnLockDosList] Vector at 0xafd6c (offset -660)
  [AttemptLockDosList] Vector at 0xafd66 (offset -666)
  [FindDosEntry] Vector at 0xafd54 (offset -684)
  [NextDosEntry] Vector at 0xafd4e (offset -690)
  [MatchFirst] Vector at 0xafcca (offset -822)
  [MatchNext] Vector at 0xafcc4 (offset -828)
  [MatchEnd] Vector at 0xafcbe (offset -834)
  [IsFileSystem] Vector at 0xafe02 (offset -510)
  [SetProgramName] Vector at 0xafe0e (offset -498)
  [GetArgStr] Vector at 0xafdea (offset -534)
  [ReadItem] Vector at 0xafda2 (offset -606)
  [GetDeviceProc] Vector at 0xafd7e (offset -642)
  [VFWritef] Vector at 0xafea4 (offset -348)
  [SetMode] Vector at 0xafe56 (offset -426)
  [ExAll] Vector at 0xafe50 (offset -432)
  [StartNotify] Vector at 0xafc88 (offset -888)
  [DoPkt] Vector at 0xaff10 (offset -240)
  [StrToLong] Vector at 0xafcd0 (offset -816)
[LibraryTraps] Installed 99 dos.library vectors
[ExecLibrary] *** dos.library opened - base=0xb0000 *** Door should store this and use it for all DOS calls
[exec-vectors] OpenLibrary TRAP result: 0xb0000
[runner:mtop] [exec-vectors] AllocMem TRAP: size=5008 (0x1390) flags=0x10000
[runner:mtop] [exec-vectors] AllocMem TRAP result: 0x125e98
[runner:mtop] [exec-vectors] AllocMem TRAP: size=4016 (0xfb0) flags=0x10000
[runner:mtop] [exec-vectors] AllocMem TRAP result: 0x127228
[FileManager] Open: "bbs:user.data" mode=1005
[PathManager] Mapped (case-insensitive): "bbs:user.data" => "/Users/spot/Code/amiexpress-web/user.data"
[FileManager] Open: "bbs:user.data" -> "/Users/spot/Code/amiexpress-web/user.data" (EXISTS)
[runner:mtop] [FileManager] Opened file: [FH:'user.data'(ami='bbs:user.data',sys='/Users/spot/Code/amiexpress-web/user.data',nc=true)@0x0=B@0x3]
[runner:mtop] [FileManager] Open: "bbs:user.keys" mode=1005
[runner:mtop] [PathManager] Mapped (case-insensitive): "bbs:user.keys" => "/Users/spot/Code/amiexpress-web/user.keys"
[runner:mtop] [FileManager] Open: "bbs:user.keys" -> "/Users/spot/Code/amiexpress-web/user.keys" (EXISTS)
[runner:mtop] [FileManager] Opened file: [FH:'user.keys'(ami='bbs:user.keys',sys='/Users/spot/Code/amiexpress-web/user.keys',nc=true)@0x0=B@0x4]
[runner:mtop] [FileManager] Open: "bbs:user.misc" mode=1005
[PathManager] Mapped (case-insensitive): "bbs:user.misc" => "/Users/spot/Code/amiexpress-web/user.misc"
[FileManager] Open: "bbs:user.misc" -> "/Users/spot/Code/amiexpress-web/user.misc" (EXISTS)
[runner:mtop] [FileManager] Opened file: [FH:'user.misc'(ami='bbs:user.misc',sys='/Users/spot/Code/amiexpress-web/user.misc',nc=true)@0x0=B@0x5]
[runner:mtop] [FileManager] Open: "doors:multitop/designs/mtopulbytes1.dsg" mode=1005
[PathManager] Mapped (case-insensitive): "doors:multitop/designs/mtopulbytes1.dsg" => "/Users/spot/Code/amiexpress-web/Doors/multitop/designs/mtopulbytes1.dsg"
[FileManager] Open: "doors:multitop/designs/mtopulbytes1.dsg" -> "/Users/spot/Code/amiexpress-web/Doors/multitop/designs/mtopulbytes1.dsg" (EXISTS)
[runner:mtop] [FileManager] Opened file: [FH:'mtopulbytes1.dsg'(ami='doors:multitop/designs/mtopulbytes1.dsg',sys='/Users/spot/Code/amiexpress-web/Doors/multitop/designs/mtopulbytes1.dsg',nc=true)@0x0=B@0x6]
[InputHandler] Re-enabling keypress handler
[runner:mtop] [FileManager] Open: "bbs:bulletins/bull1.txt" mode=1006
[runner:mtop] [PathManager] Mapped (case-insensitive): "bbs:bulletins/bull1.txt" => "/Users/spot/Code/amiexpress-web/bulletins/bull1.txt"
[runner:mtop] [FileManager] Open: "bbs:bulletins/bull1.txt" -> "/Users/spot/Code/amiexpress-web/bulletins/bull1.txt" (EXISTS)
[runner:mtop] [FileHandle] After open: "bbs:bulletins/bull1.txt" size=0 bytes (write mode)
[FileManager] Opened file: [FH:'bull1.txt'(ami='bbs:bulletins/bull1.txt',sys='/Users/spot/Code/amiexpress-web/bulletins/bull1.txt',nc=true)@0x0=B@0x7]
[runner:mtop] [FileHandle] write 90 bytes to /Users/spot/Code/amiexpress-web/bulletins/bull1.txt
[runner:mtop] [FileHandle] write 92 bytes to /Users/spot/Code/amiexpress-web/bulletins/bull1.txt
[runner:mtop] [FileHandle] write 1 bytes to /Users/spot/Code/amiexpress-web/bulletins/bull1.txt
[runner:mtop] [FileHandle] write 87 bytes to /Users/spot/Code/amiexpress-web/bulletins/bull1.txt
[runner:mtop] [FileHandle] write 87 bytes to /Users/spot/Code/amiexpress-web/bulletins/bull1.txt
[runner:mtop] [FileHandle] write 96 bytes to /Users/spot/Code/amiexpress-web/bulletins/bull1.txt
[runner:mtop] [FileHandle] write 96 bytes to /Users/spot/Code/amiexpress-web/bulletins/bull1.txt
[runner:mtop] [FileHandle] write 96 bytes to /Users/spot/Code/amiexpress-web/bulletins/bull1.txt
[runner:mtop] [FileHandle] write 96 bytes to /Users/spot/Code/amiexpress-web/bulletins/bull1.txt
[runner:mtop] [FileHandle] write 96 bytes to /Users/spot/Code/amiexpress-web/bulletins/bull1.txt
[runner:mtop] [FileHandle] write 96 bytes to /Users/spot/Code/amiexpress-web/bulletins/bull1.txt
[runner:mtop] [FileHandle] write 96 bytes to /Users/spot/Code/amiexpress-web/bulletins/bull1.txt
[runner:mtop] [FileHandle] write 96 bytes to /Users/spot/Code/amiexpress-web/bulletins/bull1.txt
[runner:mtop] [FileHandle] write 96 bytes to /Users/spot/Code/amiexpress-web/bulletins/bull1.txt
[runner:mtop] [FileHandle] write 96 bytes to /Users/spot/Code/amiexpress-web/bulletins/bull1.txt
[runner:mtop] [FileHandle] write 96 bytes to /Users/spot/Code/amiexpress-web/bulletins/bull1.txt
[runner:mtop] [FileHandle] write 96 bytes to /Users/spot/Code/amiexpress-web/bulletins/bull1.txt
[runner:mtop] [FileHandle] write 96 bytes to /Users/spot/Code/amiexpress-web/bulletins/bull1.txt
[runner:mtop] [FileHandle] write 96 bytes to /Users/spot/Code/amiexpress-web/bulletins/bull1.txt
[runner:mtop] [FileHandle] write 96 bytes to /Users/spot/Code/amiexpress-web/bulletins/bull1.txt
[runner:mtop] [FileHandle] write 87 bytes to /Users/spot/Code/amiexpress-web/bulletins/bull1.txt
[runner:mtop] [FileHandle] write 120 bytes to /Users/spot/Code/amiexpress-web/bulletins/bull1.txt
[runner:mtop] [FileHandle] write 120 bytes to /Users/spot/Code/amiexpress-web/bulletins/bull1.txt
[runner:mtop] [FileManager] Close BPTR=4
[runner:mtop] [FileManager] Closed: [FH:'user.keys'(ami='bbs:user.keys',sys='/Users/spot/Code/amiexpress-web/user.keys',nc=true)@0x0=B@0x4]
[runner:mtop] [FileManager] Close BPTR=5
[FileManager] Closed: [FH:'user.misc'(ami='bbs:user.misc',sys='/Users/spot/Code/amiexpress-web/user.misc',nc=true)@0x0=B@0x5]
[runner:mtop] [FileManager] Close BPTR=6
[runner:mtop] [FileManager] Closed: [FH:'mtopulbytes1.dsg'(ami='doors:multitop/designs/mtopulbytes1.dsg',sys='/Users/spot/Code/amiexpress-web/Doors/multitop/designs/mtopulbytes1.dsg',nc=true)@0x0=B@0x6]
[runner:mtop] [FileManager] Close BPTR=7
[runner:mtop] [FileManager] Closed: [FH:'bull1.txt'(ami='bbs:bulletins/bull1.txt',sys='/Users/spot/Code/amiexpress-web/bulletins/bull1.txt',nc=true)@0x0=B@0x7]
[runner:mtop] [SOCKET:door:status] {"status":"terminated"}
[runner:mtop] [EnvStat] Writing /tmp/ram/ENV/STATS@8 (node 8, stat 0)
[DoorDropFile] Created DOOR.SYS for Node8
[DoorDropFile] Created DORINFO8.DEF for Node8
[BatchScheduler] Running door mtop as type SIM (overclock=5000x)
[BatchScheduler] spawn env DOOR_OVERCLOCK=5000 for mtop
[runner:mtop] [DoorLogger] Creating logger for door: mtop node: 8
[runner:mtop] [DoorLogger] __dirname: /Users/spot/Code/amiexpress-web/web/backend/src/amiga-emulation, projectRoot: /Users/spot/Code/amiexpress-web, logs dir: /Users/spot/Code/amiexpress-web/logs
[runner:mtop] [SOCKET:door:status] {"status":"initializing"}
[runner:mtop] [MOIRA WASM] Memory page table updated
[MOIRA WASM]   Chip RAM pages: 0x00-0x1f
[MOIRA WASM]   Fast RAM pages: 0x20-0x3f
[MOIRA WASM]   ROM pages: 0xF8-0xFF
[runner:mtop] [MOIRA WASM] MoiraCPU initialized with vAmiga-style memory architecture!
[MOIRA WASM]   Chip RAM: 2048 KB (mask: 0x1fffff)
[MOIRA WASM]   ROM: 512 KB (mask: 0x7ffff)
[runner:mtop] [MoiraEmulator] moira.js loaded from /Users/spot/Code/amiexpress-web/web/backend/src/amiga-emulation/cpu/build/moira.js
[runner:mtop] [ROM] Loading Kickstart ROM from: /Users/spot/Code/amiexpress-web/web/backend/data/amiga-roms/Kickstart v3.1 rev 40.63 (1993)(Commodore)(A500-A600-A2000).rom
[runner:mtop] [ROM] Kickstart 3.1 loaded successfully
[ROM] Mapped to memory range: 0xF80000 - 0xFFFFFF
[runner:mtop] [ROM] ===== Kickstart ROM Info =====
[ROM] Size: 524288 bytes (512KB)
[runner:mtop] [ROM] Mapped: 0xf80000 - 0xffffff
[runner:mtop] [ROM] Initial SSP: 0x11164ef9
[ROM] Initial PC:  0x002000d2
[ROM] Exception Vectors:
[ROM]   Vector 0 (Initial SSP): 0x11164ef9
[ROM]   Vector 1 (Initial PC): 0x002000d2
[runner:mtop] [ROM]   Vector 2 (Bus Error): 0x0000ffff
[ROM]   Vector 3 (Address Error): 0x00280044
[ROM]   Vector 4 (Illegal Instruction): 0x0028000a
[ROM]   Vector 5 (Division by Zero): 0x000000-1
[ROM]   Vector 6 (CHK Instruction): 0x00414d49
[ROM]   Vector 7 (TRAPV Instruction): 0x47412052
[ROM] Version: 
[ROM] ================================
[runner:mtop] [MOIRA WASM] Memory page table updated
[MOIRA WASM]   Chip RAM pages: 0x00-0x1f
[MOIRA WASM]   Fast RAM pages: 0x20-0x3f
[MOIRA WASM]   ROM pages: 0xF8-0xFF
[MOIRA WASM] ROM loaded: 524288 bytes
[MOIRA WASM]   ROM buffer size: 524288 bytes
[MOIRA WASM]   ROM mask: 0x7ffff
[MOIRA WASM]   Exception vectors copied to chip RAM: 1024 bytes
[runner:mtop] [MoiraEmulator] ROM loaded (524288 bytes)
[MoiraEmulator] ROM mapped to 0xF80000-0xFFFFFF
[MoiraEmulator] Exception vectors copied to 0x000000
[runner:mtop] [MOIRA WASM] Memory page table updated
[MOIRA WASM]   Chip RAM pages: 0x00-0x1f
[MOIRA WASM]   Fast RAM pages: 0x20-0x3f
[MOIRA WASM]   ROM pages: 0xF8-0xFF
[MOIRA WASM] ROM loaded: 524288 bytes
[MOIRA WASM]   ROM buffer size: 524288 bytes
[MOIRA WASM]   ROM mask: 0x7ffff
[runner:mtop] [MOIRA WASM]   Exception vectors copied to chip RAM: 1024 bytes
[MoiraEmulator] ROM loaded (524288 bytes)
[MoiraEmulator] ROM mapped to 0xF80000-0xFFFFFF
[MoiraEmulator] Exception vectors copied to 0x000000
[runner:mtop] [LibraryLoader] Added search path: /Users/spot/Code/amiexpress-web/web/backend/Libs
[LibraryLoader] Added search path: /Users/spot/Code/amiexpress-web/System/Libs
[LibraryLoader] Added search path: /Users/spot/Code/amiexpress-web/Libs
[runner:mtop] [LibraryManager] romtool split failed: 2026-09-04 17:09:04,188  ERROR       root        '/Users/spot/Code/amiexpress-web/web/backend/data/amiga-roms/Kickstart v3.1 rev 40.63 (1993)(Commodore)(A500-A600-A2000).rom' was not found in split database!

[runner:mtop] [LibraryLoader] Loading AEDoor.library (version >= 0)
[runner:mtop] [LibraryLoader] Found library: /Users/spot/Code/amiexpress-web/Libs/AEDoor.library
[runner:mtop] [LibraryLoader] Read 1128 bytes from /Users/spot/Code/amiexpress-web/Libs/AEDoor.library
[runner:mtop] [LibraryLoader] Parsed 1 segments
[LibraryLoader] Allocated base address: 0x200000
[LibraryLoader] Loading code segment (1036 bytes) at 0x200000
[runner:mtop] [LibraryLoader] Applying 1 relocation groups
[runner:mtop] [LibraryLoader] Stored ExecBase (0x80000) at library+0x22
[runner:mtop] [LibraryLoader] Parsed $VER: AEDoorLib 2.7 (18.5.1996)
✅ [LibraryLoader] Successfully loaded AEDoor.library at 0x200000
   Jump table entries: 0
[runner:mtop] [PathManager] Initialized assigns:
  doors: => /Users/spot/Code/amiexpress-web/Doors/
  bbs: => /Users/spot/Code/amiexpress-web/
  data: => /Users/spot/Code/amiexpress-web/data/
  screens: => /Users/spot/Code/amiexpress-web/Screens/
[runner:mtop]   bulletins: => /Users/spot/Code/amiexpress-web/Bulletins/
  s: => /Users/spot/Code/amiexpress-web/S/
  work: => /Users/spot/Code/amiexpress-web/
  sami: => /Users/spot/Code/amiexpress-web/S/
  env: => /tmp/ram/ENV/
  progdir: => /Users/spot/Code/amiexpress-web/
  sys: => /Users/spot/Code/amiexpress-web/System/
  c: => /Users/spot/Code/amiexpress-web/System/C/
  l: => /Users/spot/Code/amiexpress-web/System/L/
  libs: => /Users/spot/Code/amiexpress-web/System/Libs/
  devs: => /Users/spot/Code/amiexpress-web/System/Devs/
  fonts: => /Users/spot/Code/amiexpress-web/System/Fonts/
  locale: => /Users/spot/Code/amiexpress-web/System/Locale/
  prefs: => /Users/spot/Code/amiexpress-web/System/Prefs/
  classes: => /Users/spot/Code/amiexpress-web/System/Classes/
  ram: => /tmp/ram/
  t: => /tmp/
[PathManager] Added assign: bbs: => /Users/spot/Code/amiexpress-web
[PathManager] Added assign: bbs: => /Users/spot/Code/amiexpress-web
[PathManager] Added assign: doors: => /Users/spot/Code/amiexpress-web/Doors
[PathManager] Added assign: doors: => /Users/spot/Code/amiexpress-web/Doors
[PathManager] Added assign: node8: => /Users/spot/Code/amiexpress-web/Node8
[PathManager] Added assign: node8: => /Users/spot/Code/amiexpress-web/Node8
[PathManager] PROGDIR: assigned to /Users/spot/Code/amiexpress-web/Doors/multitop/
[runner:mtop] [icon.library] PROGDIR: device set to /Users/spot/Code/amiexpress-web/Doors/multitop
[icon.library] Door binary name set to: mtop
[runner:mtop] [icon.library] Door command set to: M
[runner:mtop] [EnvironmentManager] Initialized LocalVars list at 0x120000
[runner:mtop] [EnvironmentManager] Populating standard environment variables
[runner:mtop] [EnvironmentManager] SetVar("PATH", "Work:,S:,C:,Doors:", flags=0)
[runner:mtop] [EnvironmentManager] Created LocalVar at 0x130000
[EnvironmentManager] SetVar("PROMPT", "%N.%S>", flags=0)
[runner:mtop] [EnvironmentManager] Created LocalVar at 0x130030
[EnvironmentManager] SetVar("RETURN", "0", flags=0)
[EnvironmentManager] Created LocalVar at 0x130056
[EnvironmentManager] SetVar("RC", "0", flags=0)
[EnvironmentManager] Created LocalVar at 0x130077
[EnvironmentManager] SetVar("Result2", "0", flags=0)
[runner:mtop] [EnvironmentManager] Created LocalVar at 0x130094
[EnvironmentManager] SetVar("DEVINFO", "CON:,NIL:,SER:", flags=0)
[EnvironmentManager] Created LocalVar at 0x1300b6
[runner:mtop] [EnvironmentManager] SetVar("Kickstart", "39.106", flags=0)
[EnvironmentManager] Created LocalVar at 0x1300e5
[EnvironmentManager] SetVar("Workbench", "39.29", flags=0)
[runner:mtop] [EnvironmentManager] Created LocalVar at 0x13010e
[EnvironmentManager] SetVar("BBS_ROOT", "/Users/spot/Code/amiexpress-web", flags=0)
[runner:mtop] [EnvironmentManager] Created LocalVar at 0x130136
[EnvironmentManager] SetVar("BBSPATH", "/Users/spot/Code/amiexpress-web", flags=0)
[runner:mtop] [EnvironmentManager] Created LocalVar at 0x130177
[EnvironmentManager] SetVar("BBS_PATH", "/Users/spot/Code/amiexpress-web", flags=0)
[runner:mtop] [EnvironmentManager] Created LocalVar at 0x1301b7
[EnvironmentManager] SetVar("BBSDATA", "/Users/spot/Code/amiexpress-web", flags=0)
[runner:mtop] [EnvironmentManager] Created LocalVar at 0x1301f8
[EnvironmentManager] SetVar("BBS_NAME", "AmiExpress Web BBS", flags=0)
[EnvironmentManager] Created LocalVar at 0x130238
[runner:mtop] [EnvironmentManager] SetVar("BBSNAME", "AmiExpress Web BBS", flags=0)
[EnvironmentManager] Created LocalVar at 0x13026c
[EnvironmentManager] SetVar("NODE_ID", "8", flags=0)
[runner:mtop] [EnvironmentManager] Created LocalVar at 0x13029f
[EnvironmentManager] SetVar("AXNODE", "8", flags=0)
[EnvironmentManager] Created LocalVar at 0x1302c1
[runner:mtop] [EnvironmentManager] SetVar("AMX_NODE", "8", flags=0)
[EnvironmentManager] Created LocalVar at 0x1302e2
[EnvironmentManager] SetVar("NODE", "8", flags=0)
[EnvironmentManager] Created LocalVar at 0x130305
[runner:mtop] [EnvironmentManager] SetVar("AXNODENUM", "8", flags=0)
[EnvironmentManager] Created LocalVar at 0x130324
[EnvironmentManager] SetVar("BBSNODE", "8", flags=0)
[EnvironmentManager] Created LocalVar at 0x130348
[EnvironmentManager] SetVar("NODE_NUMBER", "8", flags=0)
[runner:mtop] [EnvironmentManager] Created LocalVar at 0x13036a
[EnvironmentManager] SetVar("USERNAME", "Sysop", flags=0)
[EnvironmentManager] Created LocalVar at 0x130390
[runner:mtop] [EnvironmentManager] SetVar("USER_NAME", "Sysop", flags=0)
[EnvironmentManager] Created LocalVar at 0x1303b7
[EnvironmentManager] SetVar("HANDLE", "Sysop", flags=0)
[EnvironmentManager] Created LocalVar at 0x1303df
[runner:mtop] [EnvironmentManager] SetVar("USER_LEVEL", "1", flags=0)
[EnvironmentManager] Created LocalVar at 0x130404
[EnvironmentManager] SetVar("SYSOP", "sysop", flags=0)
[EnvironmentManager] Created LocalVar at 0x130429
[EnvironmentManager] SetVar("SYSOP_NAME", "sysop", flags=0)
[EnvironmentManager] Created LocalVar at 0x13044d
[runner:mtop] [EnvironmentManager] SetVar("CONF_ID", "1", flags=0)
[runner:mtop] [EnvironmentManager] Created LocalVar at 0x130476
[EnvironmentManager] SetVar("CONF", "1", flags=0)
[runner:mtop] [EnvironmentManager] Created LocalVar at 0x130498
[EnvironmentManager] SetVar("CONFNUM", "1", flags=0)
[EnvironmentManager] Created LocalVar at 0x1304b7
[EnvironmentManager] SetVar("BAUD", "115200", flags=0)
[runner:mtop] [EnvironmentManager] Created LocalVar at 0x1304d9
[EnvironmentManager] SetVar("SERIALRATE", "115200", flags=0)
[EnvironmentManager] Created LocalVar at 0x1304fd
[runner:mtop] [EnvironmentManager] SetVar("AE_HOST", "amiexpress-web", flags=0)
[EnvironmentManager] Created LocalVar at 0x130527
[EnvironmentManager] SetVar("AE_HOST_VERSION", "1.0.0", flags=0)
[runner:mtop] [EnvironmentManager] Created LocalVar at 0x130556
[EnvironmentManager] SetVar("AE_CONNECTION", "web", flags=0)
[runner:mtop] [EnvironmentManager] Created LocalVar at 0x130584
[EnvironmentManager] SetVar("AE_CLIENT", "ansi", flags=0)
[runner:mtop] [EnvironmentManager] Created LocalVar at 0x1305ae
[EnvironmentManager] SetVar("AE_CAPS", "ansi,wide,mouse", flags=0)
[EnvironmentManager] Created LocalVar at 0x1305d5
[runner:mtop] [EnvironmentManager] Populated 37 standard variables
[runner:mtop] [ENV Initializer] Creating ENV files for node 8
[runner:mtop] [ENV Initializer] Created ENV:PATH = "Work:,S:,C:,Doors:"
[runner:mtop] [ENV Initializer] Created ENV:PROMPT = "%N.%S>"
[runner:mtop] [ENV Initializer] Created ENV:RC = "0"
[runner:mtop] [ENV Initializer] Created ENV:Result2 = "0"
[runner:mtop] [ENV Initializer] Created ENV:Kickstart = "39.106"
[runner:mtop] [ENV Initializer] Created ENV:Workbench = "39.29"
[runner:mtop] [ENV Initializer] Created ENV:BBS_NAME = "AmiExpress Web BBS"
[runner:mtop] [ENV Initializer] Created ENV:BBSNAME = "AmiExpress Web BBS"
[runner:mtop] [ENV Initializer] Created ENV:SYSOP = "Sysop"
[runner:mtop] [ENV Initializer] Created ENV:SYSOP_NAME = "Sysop"
[runner:mtop] [ENV Initializer] Created ENV:NODE_NUMBER = "8"
[runner:mtop] [ENV Initializer] Created ENV:AXNODE = "8"
[runner:mtop] [ENV Initializer] Created ENV:AMX_NODE = "8"
[runner:mtop] [ENV Initializer] Created ENV:NODE = "8"
[runner:mtop] [ENV Initializer] Created ENV:AXNODENUM = "8"
[runner:mtop] [ENV Initializer] Created ENV:BBSNODE = "8"
[runner:mtop] [ENV Initializer] Created ENV:BAUD = "115200"
[runner:mtop] [ENV Initializer] Created ENV:SERIALRATE = "115200"
[runner:mtop] [ENV Initializer] Created ENV:AE_HOST = "amiexpress-web"
[runner:mtop] [ENV Initializer] Created ENV:AE_HOST_VERSION = "1.0.0"
[runner:mtop] [ENV Initializer] Created ENV:AE_CONNECTION.8 = "web"
[runner:mtop] [ENV Initializer] Created ENV:AE_CLIENT.8 = "ansi"
[runner:mtop] [ENV Initializer] Created ENV:AE_CAPS.8 = "ansi,wide,mouse"
[runner:mtop] [ENV Initializer] Created ENV:JC_PWFAIL.1 = "0"
[runner:mtop] [ENV Initializer] Created ENV:JC_PWFAIL.2 = "0"
[runner:mtop] [ENV Initializer] Created ENV:JC_PWFAIL.3 = "0"
[runner:mtop] [ENV Initializer] Created ENV:JC_PWFAIL.4 = "0"
[runner:mtop] [ENV Initializer] Created ENV:JC_PWFAIL.5 = "0"
[runner:mtop] [ENV Initializer] Created ENV:JC_PWFAIL.6 = "0"
[runner:mtop] [ENV Initializer] Created ENV:JC_PWFAIL.7 = "0"
[runner:mtop] [ENV Initializer] Created ENV:JC_PWFAIL.8 = "0"
[runner:mtop] [ENV Initializer] Created ENV:LAST_DOOR = ""
[runner:mtop] [ENV Initializer] Created ENV:DOOR_COUNT = "0"
[ENV Initializer] Created ENV files in /tmp/ram/ENV
[runner:mtop] [FileManager] Initialized standard handles:
[runner:mtop]   BPTR 1 (stdin):  [FH:'stdin'(ami='CONSOLE:',sys='/dev/stdin',nc=false)@0x0=B@0x1]
  BPTR 2 (stdout): [FH:'stdout'(ami='*',sys='/dev/stdout',nc=false)@0x0=B@0x2]
[runner:mtop] [PathManager] Mapped assign root: "doors:" => "/Users/spot/Code/amiexpress-web/Doors/"
[runner:mtop] [FileManager] stdin re-registered: BPTR 0x1 -> 0x50000
[runner:mtop] [FileManager] stdin BPTR set to 0x50000 (addr 0x140000)
[runner:mtop] [FileManager] stdout re-registered: BPTR 0x2 -> 0x5000b
[runner:mtop] [FileManager] stdout BPTR set to 0x5000b (addr 0x14002c)
[runner:mtop] [PathManager] PROGDIR: assigned to /Users/spot/Code/amiexpress-web/Doors/multitop/
[runner:mtop] [PathManager] Mapped assign root: "progdir:" => "/Users/spot/Code/amiexpress-web/Doors/multitop/"
[runner:mtop] [FileManager] Changed directory to: progdir: (/Users/spot/Code/amiexpress-web/Doors/multitop/)
[runner:mtop] [LibraryTraps] LVOs.i not found; stub vectors disabled
[runner:mtop] [MoiraEmulator] Library trap handler registered
[LibraryTraps] Installing Exec.library vectors at base 0x80000
  [FreeSignal] Vector at 0x7feb0 (offset -336)
[runner:mtop]   [RemPort] Vector at 0x7fe98 (offset -360)
  [OpenDevice] Vector at 0x7fe44 (offset -444)
  [CloseDevice] Vector at 0x7fe3e (offset -450)
  [DoIO] Vector at 0x7fe38 (offset -456)
  [CheckIO] Vector at 0x7fe2c (offset -468)
[runner:mtop]   [WaitIO] Vector at 0x7fe26 (offset -474)
  [AbortIO] Vector at 0x7fe20 (offset -480)
  [CreateIORequest] Vector at 0x7fd72 (offset -654)
  [DeleteIORequest] Vector at 0x7fd6c (offset -660)
  [AllocEntry] Vector at 0x7ff22 (offset -222)
  [FreeEntry] Vector at 0x7ff1c (offset -228)
  [OpenResource] Vector at 0x7fe0e (offset -498)
[runner:mtop]   [SetFunction] Vector at 0x7fe5c (offset -420)
[runner:mtop]   [AddTask] Vector at 0x7fee6 (offset -282)
  [AddSemaphore] Vector at 0x7fda8 (offset -600)
  [AddIntServer] Vector at 0x7ff58 (offset -168)
  [CacheControl] Vector at 0x7fd78 (offset -648)
[runner:mtop]   [RemMemHandler] Vector at 0x7ff7c (offset -132)
  [SetIntVector] Vector at 0x7ff5e (offset -162)
  [AllocTrap] Vector at 0x7feaa (offset -342)
  [FreeTrap] Vector at 0x7fea4 (offset -348)
  [SendIO] Vector at 0x7fe32 (offset -462)
[runner:mtop]   [SumLibrary] Vector at 0x7fe56 (offset -426)
  [OpenLibrary] Vector at 0x7fdd8 (offset -552)
  [CloseLibrary] Vector at 0x7fe62 (offset -414)
  [RawDoFmt] Vector at 0x7fdf6 (offset -522)
  [InitStruct] Vector at 0x7ffb2 (offset -78)
[runner:mtop]   [MakeLibrary] Vector at 0x7ffac (offset -84)
  [MakeFunctions] Vector at 0x7ffa6 (offset -90)
  [FindResident] Vector at 0x7ffa0 (offset -96)
  [InitResident] Vector at 0x7ff9a (offset -102)
[runner:mtop]   [Alert] Vector at 0x7ff94 (offset -108)
  [Forbid] Vector at 0x7ff7c (offset -132)
  [Permit] Vector at 0x7ff76 (offset -138)
  [SuperState] Vector at 0x7ff6a (offset -150)
  [UserState] Vector at 0x7ff64 (offset -156)
  [Allocate] Vector at 0x7ff46 (offset -186)
  [Insert] Vector at 0x7ff16 (offset -234)
[runner:mtop]   [AddHead] Vector at 0x7ff10 (offset -240)
  [AddTail] Vector at 0x7ff0a (offset -246)
  [Remove] Vector at 0x7ff04 (offset -252)
  [RemHead] Vector at 0x7fefe (offset -258)
  [RemTail] Vector at 0x7fef8 (offset -264)
  [Enqueue] Vector at 0x7fef2 (offset -270)
[runner:mtop]   [InitSemaphore] Vector at 0x7fdd2 (offset -558)
  [ObtainSemaphore] Vector at 0x7fdcc (offset -564)
  [ReleaseSemaphore] Vector at 0x7fdc6 (offset -570)
  [AttemptSemaphore] Vector at 0x7fdc0 (offset -576)
  [FindSemaphore] Vector at 0x7fdae (offset -594)
[runner:mtop]   [OldOpenLibrary] Vector at 0x7fe68 (offset -408)
  [Disable] Vector at 0x7ff88 (offset -120)
  [Enable] Vector at 0x7ff82 (offset -126)
  [Deallocate] Vector at 0x7ff40 (offset -192)
  [AvailMem] Vector at 0x7ff28 (offset -216)
  [FindName] Vector at 0x7feec (offset -276)
[runner:mtop]   [TypeOfMem] Vector at 0x7fdea (offset -534)
  [CacheClearU] Vector at 0x7fd84 (offset -636)
  [CacheClearE] Vector at 0x7fd7e (offset -642)
  [ObtainSemaphoreShared] Vector at 0x7fd5a (offset -678)
  [AllocMem] Vector at 0x7ff3a (offset -198)
[runner:mtop]   [FreeMem] Vector at 0x7ff2e (offset -210)
  [FindTask] Vector at 0x7feda (offset -294)
  [SetTaskPri] Vector at 0x7fed4 (offset -300)
  [SetSignal] Vector at 0x7fece (offset -306)
[runner:mtop]   [FindPort] Vector at 0x7fe7a (offset -390)
  [PutMsg] Vector at 0x7fe92 (offset -366)
  [GetMsg] Vector at 0x7fe8c (offset -372)
  [Wait] Vector at 0x7fec2 (offset -318)
  [Signal] Vector at 0x7febc (offset -324)
  [Supervisor] Vector at 0x7ffe2 (offset -30)
[runner:mtop]   [AllocSignal] Vector at 0x7feb6 (offset -330)
  [AddPort] Vector at 0x7fe9e (offset -354)
  [ReplyMsg] Vector at 0x7fe86 (offset -378)
  [WaitPort] Vector at 0x7fe80 (offset -384)
  [CreatePort] Vector at 0x7ff8e (offset -114)
[runner:mtop]   [CreateMsgPort] Vector at 0x7fd66 (offset -666)
  [DeleteMsgPort] Vector at 0x7fd60 (offset -672)
  [AllocVec] Vector at 0x7fd54 (offset -684)
  [FreeVec] Vector at 0x7fd4e (offset -690)
  [CreatePool] Vector at 0x7fd48 (offset -696)
[runner:mtop]   [DeletePool] Vector at 0x7fd42 (offset -702)
  [AllocPooled] Vector at 0x7fd3c (offset -708)
  [FreePooled] Vector at 0x7fd36 (offset -714)
  [CopyMem] Vector at 0x7fd90 (offset -624)
  [CopyMemQuick] Vector at 0x7fd8a (offset -630)
[runner:mtop]   [StackSwap] Vector at 0x7fd24 (offset -732)
[LibraryTraps] Installed 87 Exec.library vectors
[runner:mtop] [LibraryTraps] Synced 86 trap addresses to MOIRA for batch execution
[runner:mtop] [LibraryLoader] Loading utility.library (version >= 37)
[LibraryLoader] ✅ utility.library is ROM-resident (using Kickstart ROM)
[LibraryLoader]   ROM libraries are native code in ROM, not loaded from disk
[runner:mtop] [LibraryTraps] Installing utility.library vectors at base 0xf0000
[runner:mtop]   [FindTagItem] Vector at 0xeffe2 (offset -30)
  [GetTagData] Vector at 0xeffdc (offset -36)
  [PackBoolTags] Vector at 0xeffd6 (offset -42)
  [NextTagItem] Vector at 0xeffd0 (offset -48)
  [FilterTagChanges] Vector at 0xeffca (offset -54)
  [Utility_-58_Stub] Vector at 0xeffc6 (offset -58)
  [MapTags] Vector at 0xeffc4 (offset -60)
  [AllocateTagItems] Vector at 0xeffbe (offset -66)
  [CloneTagItems] Vector at 0xeffb8 (offset -72)
  [FreeTagItems] Vector at 0xeffb2 (offset -78)
  [RefreshTagItemClones] Vector at 0xeffac (offset -84)
  [TagInArray] Vector at 0xeffa6 (offset -90)
  [FilterTagItems] Vector at 0xeffa0 (offset -96)
  [CallHookPkt] Vector at 0xeff9a (offset -102)
  [Amiga2Date] Vector at 0xeff88 (offset -120)
  [Date2Amiga] Vector at 0xeff82 (offset -126)
  [CheckDate] Vector at 0xeff7c (offset -132)
  [SMult32] Vector at 0xeff76 (offset -138)
[runner:mtop]   [UMult32] Vector at 0xeff70 (offset -144)
  [SDivMod32] Vector at 0xeff6a (offset -150)
  [UDivMod32] Vector at 0xeff64 (offset -156)
  [Stricmp] Vector at 0xeff5e (offset -162)
  [Strnicmp] Vector at 0xeff58 (offset -168)
  [ToUpper] Vector at 0xeff52 (offset -174)
  [ToLower] Vector at 0xeff4c (offset -180)
  [ApplyTagChanges] Vector at 0xeff46 (offset -186)
  [SMult64] Vector at 0xeff3a (offset -198)
  [UMult64] Vector at 0xeff34 (offset -204)
[runner:mtop]   [PackStructureTags] Vector at 0xeff2e (offset -210)
  [UnpackStructureTags] Vector at 0xeff28 (offset -216)
  [AddNamedObject] Vector at 0xeff22 (offset -222)
  [AllocNamedObjectA] Vector at 0xeff1c (offset -228)
  [AttemptRemNamedObject] Vector at 0xeff16 (offset -234)
  [FindNamedObject] Vector at 0xeff10 (offset -240)
  [FreeNamedObject] Vector at 0xeff0a (offset -246)
[runner:mtop]   [NamedObjectName] Vector at 0xeff04 (offset -252)
  [ReleaseNamedObject] Vector at 0xefefe (offset -258)
  [RemNamedObject] Vector at 0xefef8 (offset -264)
  [GetUniqueID] Vector at 0xefef2 (offset -270)
[LibraryTraps] Installed 39 utility.library vectors
[runner:mtop] [LibraryLoader] Loading icon.library (version >= 37)
[LibraryLoader] ✅ icon.library is ROM-resident (using Kickstart ROM)
[LibraryLoader]   ROM libraries are native code in ROM, not loaded from disk
[runner:mtop] [LibraryTraps] Installing icon.library vectors at base 0xd0000
  [FreeFreeList] Vector at 0xcffca (offset -54) [VERIFIED: 0x4afc]
  [AddFreeList] Vector at 0xcffb8 (offset -72) [VERIFIED: 0x4afc]
  [GetDiskObject] Vector at 0xcffb2 (offset -78) [VERIFIED: 0x4afc]
[runner:mtop]   [PutDiskObject] Vector at 0xcffac (offset -84) [VERIFIED: 0x4afc]
  [FreeDiskObject] Vector at 0xcffa6 (offset -90) [VERIFIED: 0x4afc]
  [FindToolType] Vector at 0xcffa0 (offset -96) [VERIFIED: 0x4afc]
  [MatchToolValue] Vector at 0xcff9a (offset -102) [VERIFIED: 0x4afc]
  [BumpRevision] Vector at 0xcff94 (offset -108) [VERIFIED: 0x4afc]
  [GetDefDiskObject] Vector at 0xcff88 (offset -120) [VERIFIED: 0x4afc]
  [PutDefDiskObject] Vector at 0xcff82 (offset -126) [VERIFIED: 0x4afc]
  [GetDiskObjectNew] Vector at 0xcff7c (offset -132) [VERIFIED: 0x4afc]
  [DeleteDiskObject] Vector at 0xcff76 (offset -138) [VERIFIED: 0x4afc]
[LibraryTraps] *** icon.library GetDiskObject at 0xcffe2 contains: 0x0 (should be 0x4AFC) ***
[LibraryTraps] *** icon.library FULLY OPERATIONAL - ALL traps installed and ready ***
[LibraryTraps] Installed 12 icon.library vectors
[runner:mtop] [LibraryLoader] Loading dos.library (version >= 37)
[LibraryLoader] ✅ dos.library is ROM-resident (using Kickstart ROM)
[LibraryLoader]   ROM libraries are native code in ROM, not loaded from disk
[runner:mtop] [LibraryTraps] Installing dos.library vectors at base 0xb0000
[runner:mtop]   [Open] Vector at 0xaffe2 (offset -30)
  [Close] Vector at 0xaffdc (offset -36)
[runner:mtop]   [Read] Vector at 0xaffd6 (offset -42)
  [Write] Vector at 0xaffd0 (offset -48)
  [Input] Vector at 0xaffca (offset -54)
  [Output] Vector at 0xaffc4 (offset -60)
  [Seek] Vector at 0xaffbe (offset -66)
[runner:mtop]   [DeleteFile] Vector at 0xaffb8 (offset -72)
  [Rename] Vector at 0xaffb2 (offset -78)
  [Lock] Vector at 0xaffac (offset -84)
  [UnLock] Vector at 0xaffa6 (offset -90)
[runner:mtop]   [DupLock] Vector at 0xaffa0 (offset -96)
  [Examine] Vector at 0xaff9a (offset -102)
  [ExNext] Vector at 0xaff94 (offset -108)
[runner:mtop]   [Info] Vector at 0xaff8e (offset -114)
[runner:mtop]   [CreateDir] Vector at 0xaff88 (offset -120)
  [CurrentDir] Vector at 0xaff82 (offset -126)
  [IoErr] Vector at 0xaff7c (offset -132)
  [CreateProc] Vector at 0xaff76 (offset -138)
  [Exit] Vector at 0xaff70 (offset -144)
[runner:mtop]   [LoadSeg] Vector at 0xaff6a (offset -150)
  [UnLoadSeg] Vector at 0xaff64 (offset -156)
  [DeviceProc] Vector at 0xaff52 (offset -174)
  [SetComment] Vector at 0xaff4c (offset -180)
  [SetProtection] Vector at 0xaff46 (offset -186)
  [DateStamp] Vector at 0xaff40 (offset -192)
[runner:mtop]   [Delay] Vector at 0xaff3a (offset -198)
  [WaitForChar] Vector at 0xaff34 (offset -204)
  [ParentDir] Vector at 0xaff2e (offset -210)
  [IsInteractive] Vector at 0xaff28 (offset -216)
  [Execute] Vector at 0xaff22 (offset -222)
[runner:mtop]   [AllocDosObject] Vector at 0xaff1c (offset -228)
  [FreeDosObject] Vector at 0xaff16 (offset -234)
  [SelectInput] Vector at 0xafeda (offset -294)
  [SelectOutput] Vector at 0xafed4 (offset -300)
  [FGetC] Vector at 0xafece (offset -306)
[runner:mtop]   [FPutC] Vector at 0xafec8 (offset -312)
  [UnGetC] Vector at 0xafec2 (offset -318)
  [FRead] Vector at 0xafebc (offset -324)
  [FWrite] Vector at 0xafeb6 (offset -330)
  [FGets] Vector at 0xafeb0 (offset -336)
  [FPuts] Vector at 0xafeaa (offset -342)
  [VFPrintf] Vector at 0xafe9e (offset -354)
  [Flush] Vector at 0xafe98 (offset -360)
  [DupLockFromFH] Vector at 0xafe8c (offset -372)
  [OpenFromLock] Vector at 0xafe86 (offset -378)
[runner:mtop]   [ParentOfFH] Vector at 0xafe80 (offset -384)
  [ExamineFH] Vector at 0xafe7a (offset -390)
  [NameFromLock] Vector at 0xafe6e (offset -402)
  [SplitName] Vector at 0xafe62 (offset -414)
  [SetIoErr] Vector at 0xafe32 (offset -462)
  [Fault] Vector at 0xafe2c (offset -468)
[runner:mtop]   [PrintFault] Vector at 0xafe26 (offset -474)
  [Cli] Vector at 0xafe14 (offset -492)
  [GetFileSysTask] Vector at 0xafdf6 (offset -522)
  [SetFileSysTask] Vector at 0xafdf0 (offset -528)
[runner:mtop]   [FindCliProc] Vector at 0xafdde (offset -546)
  [MaxCli] Vector at 0xafdd8 (offset -552)
  [GetCurrentDirName] Vector at 0xafdcc (offset -564)
  [GetProgramName] Vector at 0xafdc0 (offset -576)
  [SetProgramDir] Vector at 0xafdae (offset -594)
[runner:mtop]   [GetProgramDir] Vector at 0xafda8 (offset -600)
  [SystemTagList] Vector at 0xafda2 (offset -606)
  [DateToStr] Vector at 0xafd18 (offset -744)
  [StrToDate] Vector at 0xafd12 (offset -750)
  [CheckSignal] Vector at 0xafce8 (offset -792)
  [ReadArgs] Vector at 0xafce2 (offset -798)
[runner:mtop]   [ParsePattern] Vector at 0xafcb8 (offset -840)
  [MatchPattern] Vector at 0xafcb2 (offset -846)
  [FreeArgs] Vector at 0xafca6 (offset -858)
  [FilePart] Vector at 0xafc9a (offset -870)
  [PathPart] Vector at 0xafc94 (offset -876)
  [AddPart] Vector at 0xafc8e (offset -882)
  [SetVar] Vector at 0xafc7c (offset -900)
[runner:mtop]   [GetVar] Vector at 0xafc76 (offset -906)
  [DeleteVar] Vector at 0xafc70 (offset -912)
  [PutStr] Vector at 0xafc4c (offset -948)
  [VPrintf] Vector at 0xafc46 (offset -954)
  [ParsePatternNoCase] Vector at 0xafc3a (offset -966)
  [MatchPatternNoCase] Vector at 0xafc34 (offset -972)
  [LockDosList] Vector at 0xafd72 (offset -654)
[runner:mtop]   [UnLockDosList] Vector at 0xafd6c (offset -660)
  [AttemptLockDosList] Vector at 0xafd66 (offset -666)
  [FindDosEntry] Vector at 0xafd54 (offset -684)
  [NextDosEntry] Vector at 0xafd4e (offset -690)
  [MatchFirst] Vector at 0xafcca (offset -822)
  [MatchNext] Vector at 0xafcc4 (offset -828)
  [MatchEnd] Vector at 0xafcbe (offset -834)
[runner:mtop]   [IsFileSystem] Vector at 0xafe02 (offset -510)
  [SetProgramName] Vector at 0xafe0e (offset -498)
  [GetArgStr] Vector at 0xafdea (offset -534)
  [ReadItem] Vector at 0xafda2 (offset -606)
  [GetDeviceProc] Vector at 0xafd7e (offset -642)
  [VFWritef] Vector at 0xafea4 (offset -348)
  [SetMode] Vector at 0xafe56 (offset -426)
  [ExAll] Vector at 0xafe50 (offset -432)
  [StartNotify] Vector at 0xafc88 (offset -888)
  [DoPkt] Vector at 0xaff10 (offset -240)
  [StrToLong] Vector at 0xafcd0 (offset -816)
[LibraryTraps] Installed 99 dos.library vectors
[runner:mtop] [LibraryTraps] Installing dos.library vectors at base 0xb0000
[runner:mtop]   [Open] Vector at 0xaffe2 (offset -30)
  [Close] Vector at 0xaffdc (offset -36)
[runner:mtop]   [Read] Vector at 0xaffd6 (offset -42)
  [Write] Vector at 0xaffd0 (offset -48)
  [Input] Vector at 0xaffca (offset -54)
  [Output] Vector at 0xaffc4 (offset -60)
[runner:mtop]   [Seek] Vector at 0xaffbe (offset -66)
  [DeleteFile] Vector at 0xaffb8 (offset -72)
  [Rename] Vector at 0xaffb2 (offset -78)
  [Lock] Vector at 0xaffac (offset -84)
  [UnLock] Vector at 0xaffa6 (offset -90)
[runner:mtop]   [DupLock] Vector at 0xaffa0 (offset -96)
  [Examine] Vector at 0xaff9a (offset -102)
  [ExNext] Vector at 0xaff94 (offset -108)
  [Info] Vector at 0xaff8e (offset -114)
  [CreateDir] Vector at 0xaff88 (offset -120)
[runner:mtop]   [CurrentDir] Vector at 0xaff82 (offset -126)
[runner:mtop]   [IoErr] Vector at 0xaff7c (offset -132)
[runner:mtop]   [CreateProc] Vector at 0xaff76 (offset -138)
  [Exit] Vector at 0xaff70 (offset -144)
  [LoadSeg] Vector at 0xaff6a (offset -150)
  [UnLoadSeg] Vector at 0xaff64 (offset -156)
  [DeviceProc] Vector at 0xaff52 (offset -174)
  [SetComment] Vector at 0xaff4c (offset -180)
  [SetProtection] Vector at 0xaff46 (offset -186)
  [DateStamp] Vector at 0xaff40 (offset -192)
  [Delay] Vector at 0xaff3a (offset -198)
  [WaitForChar] Vector at 0xaff34 (offset -204)
  [ParentDir] Vector at 0xaff2e (offset -210)
  [IsInteractive] Vector at 0xaff28 (offset -216)
  [Execute] Vector at 0xaff22 (offset -222)
  [AllocDosObject] Vector at 0xaff1c (offset -228)
[runner:mtop]   [FreeDosObject] Vector at 0xaff16 (offset -234)
  [SelectInput] Vector at 0xafeda (offset -294)
[runner:mtop]   [SelectOutput] Vector at 0xafed4 (offset -300)
  [FGetC] Vector at 0xafece (offset -306)
  [FPutC] Vector at 0xafec8 (offset -312)
  [UnGetC] Vector at 0xafec2 (offset -318)
[runner:mtop]   [FRead] Vector at 0xafebc (offset -324)
  [FWrite] Vector at 0xafeb6 (offset -330)
  [FGets] Vector at 0xafeb0 (offset -336)
  [FPuts] Vector at 0xafeaa (offset -342)
  [VFPrintf] Vector at 0xafe9e (offset -354)
  [Flush] Vector at 0xafe98 (offset -360)
  [DupLockFromFH] Vector at 0xafe8c (offset -372)
  [OpenFromLock] Vector at 0xafe86 (offset -378)
  [ParentOfFH] Vector at 0xafe80 (offset -384)
  [ExamineFH] Vector at 0xafe7a (offset -390)
  [NameFromLock] Vector at 0xafe6e (offset -402)
  [SplitName] Vector at 0xafe62 (offset -414)
  [SetIoErr] Vector at 0xafe32 (offset -462)
  [Fault] Vector at 0xafe2c (offset -468)
  [PrintFault] Vector at 0xafe26 (offset -474)
  [Cli] Vector at 0xafe14 (offset -492)
  [GetFileSysTask] Vector at 0xafdf6 (offset -522)
  [SetFileSysTask] Vector at 0xafdf0 (offset -528)
  [FindCliProc] Vector at 0xafdde (offset -546)
  [MaxCli] Vector at 0xafdd8 (offset -552)
  [GetCurrentDirName] Vector at 0xafdcc (offset -564)
  [GetProgramName] Vector at 0xafdc0 (offset -576)
  [SetProgramDir] Vector at 0xafdae (offset -594)
  [GetProgramDir] Vector at 0xafda8 (offset -600)
  [SystemTagList] Vector at 0xafda2 (offset -606)
  [DateToStr] Vector at 0xafd18 (offset -744)
[runner:mtop]   [StrToDate] Vector at 0xafd12 (offset -750)
  [CheckSignal] Vector at 0xafce8 (offset -792)
  [ReadArgs] Vector at 0xafce2 (offset -798)
  [ParsePattern] Vector at 0xafcb8 (offset -840)
  [MatchPattern] Vector at 0xafcb2 (offset -846)
  [FreeArgs] Vector at 0xafca6 (offset -858)
  [FilePart] Vector at 0xafc9a (offset -870)
  [PathPart] Vector at 0xafc94 (offset -876)
  [AddPart] Vector at 0xafc8e (offset -882)
  [SetVar] Vector at 0xafc7c (offset -900)
  [GetVar] Vector at 0xafc76 (offset -906)
[runner:mtop]   [DeleteVar] Vector at 0xafc70 (offset -912)
  [PutStr] Vector at 0xafc4c (offset -948)
  [VPrintf] Vector at 0xafc46 (offset -954)
  [ParsePatternNoCase] Vector at 0xafc3a (offset -966)
  [MatchPatternNoCase] Vector at 0xafc34 (offset -972)
  [LockDosList] Vector at 0xafd72 (offset -654)
  [UnLockDosList] Vector at 0xafd6c (offset -660)
  [AttemptLockDosList] Vector at 0xafd66 (offset -666)
[runner:mtop]   [FindDosEntry] Vector at 0xafd54 (offset -684)
  [NextDosEntry] Vector at 0xafd4e (offset -690)
[runner:mtop]   [MatchFirst] Vector at 0xafcca (offset -822)
  [MatchNext] Vector at 0xafcc4 (offset -828)
  [MatchEnd] Vector at 0xafcbe (offset -834)
  [IsFileSystem] Vector at 0xafe02 (offset -510)
  [SetProgramName] Vector at 0xafe0e (offset -498)
  [GetArgStr] Vector at 0xafdea (offset -534)
[runner:mtop]   [ReadItem] Vector at 0xafda2 (offset -606)
  [GetDeviceProc] Vector at 0xafd7e (offset -642)
  [VFWritef] Vector at 0xafea4 (offset -348)
[runner:mtop]   [SetMode] Vector at 0xafe56 (offset -426)
  [ExAll] Vector at 0xafe50 (offset -432)
  [StartNotify] Vector at 0xafc88 (offset -888)
  [DoPkt] Vector at 0xaff10 (offset -240)
  [StrToLong] Vector at 0xafcd0 (offset -816)
[LibraryTraps] Installed 99 dos.library vectors
[runner:mtop] [LibraryTraps] ============================================
[LibraryTraps] AEDoor.library vectors: TRAP MODE (TypeScript handlers)
[LibraryTraps] Base address: 0x200000
[runner:mtop] [LibraryTraps] Installing 20 trap handlers...
[LibraryTraps] ============================================
[runner:mtop]   [CreateComm] 0x1fffe2 (offset -30): was JMP -> now ILLEGAL [OK]
  [DeleteComm] 0x1fffdc (offset -36): was JMP -> now ILLEGAL [OK]
  [SendCmd] 0x1fffd6 (offset -42): was JMP -> now ILLEGAL [OK]
  [SendStrCmd] 0x1fffd0 (offset -48): was JMP -> now ILLEGAL [OK]
  [SendDataCmd] 0x1fffca (offset -54): was JMP -> now ILLEGAL [OK]
  [SendStrDataCmd] 0x1fffc4 (offset -60): was JMP -> now ILLEGAL [OK]
  [GetData] 0x1fffbe (offset -66): was JMP -> now ILLEGAL [OK]
[runner:mtop]   [GetString] 0x1fffb8 (offset -72): was JMP -> now ILLEGAL [OK]
  [Prompt] 0x1fffb2 (offset -78): was JMP -> now ILLEGAL [OK]
  [WriteStr] 0x1fffac (offset -84): was JMP -> now ILLEGAL [OK]
  [ShowGFile] 0x1fffa6 (offset -90): was JMP -> now ILLEGAL [OK]
  [ShowFile] 0x1fffa0 (offset -96): was JMP -> now ILLEGAL [OK]
[runner:mtop]   [SetDT] 0x1fff9a (offset -102): was JMP -> now ILLEGAL [OK]
  [GetDT] 0x1fff94 (offset -108): was JMP -> now ILLEGAL [OK]
[runner:mtop]   [GetStr] 0x1fff8e (offset -114): was JMP -> now ILLEGAL [OK]
  [CopyStr] 0x1fff88 (offset -120): was JMP -> now ILLEGAL [OK]
[runner:mtop]   [HotKey] 0x1fff82 (offset -126): was JMP -> now ILLEGAL [OK]
  [PreCreateComm] 0x1fff7c (offset -132): was JMP -> now ILLEGAL [OK]
  [PostDeleteComm] 0x1fff76 (offset -138): was JMP -> now ILLEGAL [OK]
  [Stub_-24] 0x1fffe8 (offset -24): was JMP -> now ILLEGAL [OK]
[runner:mtop] [LibraryTraps] Installed 20 AEDoor.library vectors
[runner:mtop] [LibraryTraps] ============================================
[LibraryTraps] AEDoor.library vectors: TRAP MODE (TypeScript handlers)
[LibraryTraps] Base address: 0x200000
[LibraryTraps] Installing 20 trap handlers...
[LibraryTraps] ============================================
  [CreateComm] 0x1fffe2 (offset -30): was ILLEGAL -> now ILLEGAL [OK]
[runner:mtop]   [DeleteComm] 0x1fffdc (offset -36): was ILLEGAL -> now ILLEGAL [OK]
  [SendCmd] 0x1fffd6 (offset -42): was ILLEGAL -> now ILLEGAL [OK]
  [SendStrCmd] 0x1fffd0 (offset -48): was ILLEGAL -> now ILLEGAL [OK]
  [SendDataCmd] 0x1fffca (offset -54): was ILLEGAL -> now ILLEGAL [OK]
  [SendStrDataCmd] 0x1fffc4 (offset -60): was ILLEGAL -> now ILLEGAL [OK]
  [GetData] 0x1fffbe (offset -66): was ILLEGAL -> now ILLEGAL [OK]
  [GetString] 0x1fffb8 (offset -72): was ILLEGAL -> now ILLEGAL [OK]
  [Prompt] 0x1fffb2 (offset -78): was ILLEGAL -> now ILLEGAL [OK]
  [WriteStr] 0x1fffac (offset -84): was ILLEGAL -> now ILLEGAL [OK]
  [ShowGFile] 0x1fffa6 (offset -90): was ILLEGAL -> now ILLEGAL [OK]
  [ShowFile] 0x1fffa0 (offset -96): was ILLEGAL -> now ILLEGAL [OK]
  [SetDT] 0x1fff9a (offset -102): was ILLEGAL -> now ILLEGAL [OK]
  [GetDT] 0x1fff94 (offset -108): was ILLEGAL -> now ILLEGAL [OK]
  [GetStr] 0x1fff8e (offset -114): was ILLEGAL -> now ILLEGAL [OK]
  [CopyStr] 0x1fff88 (offset -120): was ILLEGAL -> now ILLEGAL [OK]
  [HotKey] 0x1fff82 (offset -126): was ILLEGAL -> now ILLEGAL [OK]
  [PreCreateComm] 0x1fff7c (offset -132): was ILLEGAL -> now ILLEGAL [OK]
  [PostDeleteComm] 0x1fff76 (offset -138): was ILLEGAL -> now ILLEGAL [OK]
  [Stub_-24] 0x1fffe8 (offset -24): was ILLEGAL -> now ILLEGAL [OK]
[LibraryTraps] Installed 20 AEDoor.library vectors
[BBS API] Setting up low-memory region 0x790-0x800
[BBS API] Low-memory setup complete
[runner:mtop] [LibraryTraps] Registered custom trap 'BBS_API_DISPATCHER' at 0x122310
[runner:mtop] [MulticomManager] initializeInEmulator: sessionId=session-8, nodeId=8, maxLinkedNodes=32
[MulticomManager] Initializing MULTICOM structures for session session-8
[runner:mtop] [MulticomManager] Linking myNode entries to singlePort structures (cap=32)
[MulticomManager]   myNode[0] at 0x1e003a -> singlePort at 0x1e1000
[MulticomManager]   myNode[1] at 0x1e00b6 -> singlePort at 0x1e1200
[MulticomManager]   myNode[2] at 0x1e0132 -> singlePort at 0x1e1400
[runner:mtop] [MulticomManager]   myNode[3] at 0x1e01ae -> singlePort at 0x1e1600
[MulticomManager]   myNode[4] at 0x1e022a -> singlePort at 0x1e1800
[MulticomManager]   myNode[5] at 0x1e02a6 -> singlePort at 0x1e1a00
[MulticomManager]   myNode[6] at 0x1e0322 -> singlePort at 0x1e1c00
[MulticomManager]   myNode[7] at 0x1e039e -> singlePort at 0x1e1e00
[MulticomManager]   myNode[8] at 0x1e041a -> singlePort at 0x1e2000
[MulticomManager]   myNode[9] at 0x1e0496 -> singlePort at 0x1e2200
[MulticomManager]   myNode[10] at 0x1e0512 -> singlePort at 0x1e2400
[MulticomManager]   myNode[11] at 0x1e058e -> singlePort at 0x1e2600
[MulticomManager]   myNode[12] at 0x1e060a -> singlePort at 0x1e2800
[MulticomManager]   myNode[13] at 0x1e0686 -> singlePort at 0x1e2a00
[MulticomManager]   myNode[14] at 0x1e0702 -> singlePort at 0x1e2c00
[MulticomManager]   myNode[15] at 0x1e077e -> singlePort at 0x1e2e00
[MulticomManager]   myNode[16] at 0x1e07fa -> singlePort at 0x1e3000
[MulticomManager]   myNode[17] at 0x1e0876 -> singlePort at 0x1e3200
[MulticomManager]   myNode[18] at 0x1e08f2 -> singlePort at 0x1e3400
[MulticomManager]   myNode[19] at 0x1e096e -> singlePort at 0x1e3600
[MulticomManager]   myNode[20] at 0x1e09ea -> singlePort at 0x1e3800
[MulticomManager]   myNode[21] at 0x1e0a66 -> singlePort at 0x1e3a00
[MulticomManager]   myNode[22] at 0x1e0ae2 -> singlePort at 0x1e3c00
[MulticomManager]   myNode[23] at 0x1e0b5e -> singlePort at 0x1e3e00
[MulticomManager]   myNode[24] at 0x1e0bda -> singlePort at 0x1e4000
[MulticomManager]   myNode[25] at 0x1e0c56 -> singlePort at 0x1e4200
[MulticomManager]   myNode[26] at 0x1e0cd2 -> singlePort at 0x1e4400
[MulticomManager]   myNode[27] at 0x1e0d4e -> singlePort at 0x1e4600
[MulticomManager]   myNode[28] at 0x1e0dca -> singlePort at 0x1e4800
[MulticomManager]   myNode[29] at 0x1e0e46 -> singlePort at 0x1e4a00
[MulticomManager]   myNode[30] at 0x1e0ec2 -> singlePort at 0x1e4c00
[MulticomManager]   myNode[31] at 0x1e0f3e -> singlePort at 0x1e4e00
[MulticomManager] Node structures linked
[MulticomManager] writeAllNodesToEmulator: Writing 0 tracked nodes
[MulticomManager] WARNING: No nodes tracked yet - emulator will have blank MULTICOM data
[MulticomManager] writeAllNodesToEmulator complete
[MulticomManager] Session session-8 initialized successfully, emulators.size now=1
[runner:mtop] [MulticomManager] updateNode called: nodeId=8, username="Sysop", emulators.size=1
[runner:mtop] [MulticomManager] Writing to emulator session session-8
[runner:mtop] [MulticomManager] Writing myNode[8] at 0x1e041a: username="Sysop"
[runner:mtop] [MulticomManager] Writing singlePort[8] at 0x1e2000: username="Sysop", location="Local Console", status=3
[MulticomManager]   -> handle at 0x1e2056: "Sysop"
[MulticomManager]   -> location at 0x1e2075: "Local Console"
[runner:mtop] [MulticomManager] VERIFY singlePort[8]: handle="Sysop", location="Local Console", status=3
[runner:mtop] [MulticomManager] Node 8 updated in 1 emulator(s)
[runner:mtop] [EnvStat] Writing /tmp/ram/ENV/STATS@8 (node 8, stat 3)
[runner:mtop] [DoorLoader] Writing random seed 0x-56c1bd3b to 0x400
[DoorLoader] Read back: 0xa93e42c5
[runner:mtop] [Self-Mod Code] Registered CODE region: 0x2008-0x6d5b (19796 bytes)
[runner:mtop] [HunkLoader] Applying 61 relocations to 1 segments
[HunkLoader] Segment 0 (CODE) at 0x2008: 61 relocations
[runner:mtop]   [0] offset=0x1b6 addr=0x21be before=0x4b9e after=0x6ba6 target=seg0(0x2008)
  [1] offset=0x1f2 addr=0x21fa before=0x4adc after=0x6ae4 target=seg0(0x2008)
  [2] offset=0x240 addr=0x2248 before=0x4b6e after=0x6b76 target=seg0(0x2008)
  [3] offset=0x268 addr=0x2270 before=0x4b9e after=0x6ba6 target=seg0(0x2008)
  [4] offset=0x284 addr=0x228c before=0x4b7a after=0x6b82 target=seg0(0x2008)
[runner:mtop] [SharedBBSData] Allocated shared BBS memory:
  cmds:       0xf00300 (1976 bytes)
[runner:mtop]   sopt:       0xf00ab8 (888 bytes)
  nodeState:  0xf00e30 (32 bytes)
[runner:mtop] [CommandsStructure] Writing commands at 0xf00300
[runner:mtop] [CommandsStructure] Wrote BBS config: "AmiExpress Web BBS"
[runner:mtop] [StartOptionStructure] Writing startOption at 0xf00ab8
[runner:mtop] [StartOptionStructure] Wrote node settings
[runner:mtop] [NodeStateGlobals] Wrote node state at 0xf00e30
  currentConf: 0
[runner:mtop]   node: 8
  timeLimit: 3600
[runner:mtop] [READ8] addr=0x0f0081 page=0x0f memSrc=1
[runner:mtop] [READ8] CHIP: addr=0x0f0081 offset=0x0f0081 value=0x00 ( )
[READ8] addr=0x0f0082 page=0x0f memSrc=1
[runner:mtop] [READ8] CHIP: addr=0x0f0082 offset=0x0f0082 value=0x00 ( )
[READ8] addr=0x0f0083 page=0x0f memSrc=1
[READ8] CHIP: addr=0x0f0083 offset=0x0f0083 value=0x00 ( )
[READ8] addr=0x0f0084 page=0x0f memSrc=1
[READ8] CHIP: addr=0x0f0084 offset=0x0f0084 value=0x00 ( )
[runner:mtop] [MEMORY-READ] readMemory32(0xf0081) = 0x00000000
[runner:mtop] [DoorLoader] No DATA segment found - allocating synthetic BSS for single-hunk executable
[runner:mtop] [DoorLoader] Segment types: code
[runner:mtop] [MOIRA] Overclocking set to 500x
[MoiraEmulator] Overclocking set to 500x
[runner:mtop] [SOCKET:door:status] {"status":"running"}
[runner:mtop] [MOIRA] Overclocking set to 5000x
[MoiraEmulator] Overclocking set to 5000x
[runner:mtop] [LibraryTraps] VERIFICATION: All 256 ILLEGAL instructions verified OK
[runner:mtop] [LibraryTraps] Synced 256 trap addresses to MOIRA for batch execution
[runner:mtop] [DoorLifecycleManager] FIRST INVALID PC DETECTED!
  Previous PC: 0x2008
  Instruction: movea.l $4.w, A6
  New PC: 0x7ff3a (OUT OF BOUNDS)
  Code region: 0x2008-0x6d5c
  D0=0x3978 D1=0x10000 D2=0x3978
  A0=0xf0100 A1=0x6d5c A2=0x0
  A3=0x0 A4=0xa006 A5=0xf0100 SP=0x50010
  This instruction caused the first jump outside code!
  Raw bytes: opcode=0x2c78 operand=0x42a48
[runner:mtop] [exec-vectors] AllocMem TRAP: size=14712 (0x3978) flags=0x10000
[runner:mtop] [exec-vectors] AllocMem TRAP result: 0x122520
[runner:mtop] [ExecLibrary] Forbid() - stub (no-op)
[runner:mtop] [ExecLibrary] Permit() - stub (no-op)
[runner:mtop] [exec-vectors] FindTask TRAP: name="(null - current task)"
[runner:mtop] [exec-vectors] FindTask TRAP result: 0x7e00
[runner:mtop] [exec-vectors] OpenLibrary TRAP: name="intuition.library" version=37
[runner:mtop] [LibraryLoader] Loading intuition.library (version >= 37)
[runner:mtop] [LibraryLoader] ✅ intuition.library is ROM-resident (using Kickstart ROM)
[LibraryLoader]   ROM libraries are native code in ROM, not loaded from disk
[runner:mtop] [LibraryTraps] Installing intuition.library vectors at base 0xe0000
[runner:mtop]   [CloseWindow] Vector at 0xdffb8 (offset -72)
[runner:mtop]   [CloseScreen] Vector at 0xdffbe (offset -66)
  [OpenScreen] Vector at 0xdff3a (offset -198)
  [OpenWindow] Vector at 0xdff34 (offset -204)
  [SetWindowTitles] Vector at 0xdfeec (offset -276)
  [RefreshGadgets] Vector at 0xdff22 (offset -222)
[runner:mtop]   [AutoRequest] Vector at 0xdfea4 (offset -348)
  [OpenWorkBench] Vector at 0xdff2e (offset -210)
[LibraryTraps] Installed 8 intuition.library vectors
[runner:mtop] [LibraryTraps] Installing intuition.library vectors at base 0xe0000
[runner:mtop]   [CloseWindow] Vector at 0xdffb8 (offset -72)
  [CloseScreen] Vector at 0xdffbe (offset -66)
  [OpenScreen] Vector at 0xdff3a (offset -198)
  [OpenWindow] Vector at 0xdff34 (offset -204)
  [SetWindowTitles] Vector at 0xdfeec (offset -276)
  [RefreshGadgets] Vector at 0xdff22 (offset -222)
[runner:mtop]   [AutoRequest] Vector at 0xdfea4 (offset -348)
  [OpenWorkBench] Vector at 0xdff2e (offset -210)
[LibraryTraps] Installed 8 intuition.library vectors
[runner:mtop] [LibraryTraps] Synced 264 trap addresses to MOIRA for batch execution
[exec-vectors] OpenLibrary TRAP result: 0xe0000
[runner:mtop] [exec-vectors] OpenLibrary TRAP: name="graphics.library" version=33
[LibraryLoader] Loading graphics.library (version >= 33)
[LibraryLoader] ✅ graphics.library is ROM-resident (using Kickstart ROM)
[LibraryLoader]   ROM libraries are native code in ROM, not loaded from disk
[runner:mtop] [exec-vectors] OpenLibrary TRAP result: 0xe8000
[runner:mtop] [exec-vectors] OpenLibrary TRAP: name="dos.library" version=33
[runner:mtop] [LibraryLoader] Loading dos.library (version >= 33)
[LibraryLoader] ✅ dos.library is ROM-resident (using Kickstart ROM)
[LibraryLoader]   ROM libraries are native code in ROM, not loaded from disk
[LibraryTraps] Installing dos.library vectors at base 0xb0000
[runner:mtop]   [Open] Vector at 0xaffe2 (offset -30)
[runner:mtop]   [Close] Vector at 0xaffdc (offset -36)
  [Read] Vector at 0xaffd6 (offset -42)
  [Write] Vector at 0xaffd0 (offset -48)
  [Input] Vector at 0xaffca (offset -54)
  [Output] Vector at 0xaffc4 (offset -60)
  [Seek] Vector at 0xaffbe (offset -66)
  [DeleteFile] Vector at 0xaffb8 (offset -72)
[runner:mtop]   [Rename] Vector at 0xaffb2 (offset -78)
  [Lock] Vector at 0xaffac (offset -84)
  [UnLock] Vector at 0xaffa6 (offset -90)
  [DupLock] Vector at 0xaffa0 (offset -96)
  [Examine] Vector at 0xaff9a (offset -102)
  [ExNext] Vector at 0xaff94 (offset -108)
[runner:mtop]   [Info] Vector at 0xaff8e (offset -114)
  [CreateDir] Vector at 0xaff88 (offset -120)
  [CurrentDir] Vector at 0xaff82 (offset -126)
  [IoErr] Vector at 0xaff7c (offset -132)
  [CreateProc] Vector at 0xaff76 (offset -138)
  [Exit] Vector at 0xaff70 (offset -144)
[runner:mtop]   [LoadSeg] Vector at 0xaff6a (offset -150)
  [UnLoadSeg] Vector at 0xaff64 (offset -156)
  [DeviceProc] Vector at 0xaff52 (offset -174)
  [SetComment] Vector at 0xaff4c (offset -180)
  [SetProtection] Vector at 0xaff46 (offset -186)
  [DateStamp] Vector at 0xaff40 (offset -192)
  [Delay] Vector at 0xaff3a (offset -198)
  [WaitForChar] Vector at 0xaff34 (offset -204)
  [ParentDir] Vector at 0xaff2e (offset -210)
[runner:mtop]   [IsInteractive] Vector at 0xaff28 (offset -216)
  [Execute] Vector at 0xaff22 (offset -222)
  [AllocDosObject] Vector at 0xaff1c (offset -228)
  [FreeDosObject] Vector at 0xaff16 (offset -234)
  [SelectInput] Vector at 0xafeda (offset -294)
  [SelectOutput] Vector at 0xafed4 (offset -300)
[runner:mtop]   [FGetC] Vector at 0xafece (offset -306)
  [FPutC] Vector at 0xafec8 (offset -312)
  [UnGetC] Vector at 0xafec2 (offset -318)
[runner:mtop]   [FRead] Vector at 0xafebc (offset -324)
  [FWrite] Vector at 0xafeb6 (offset -330)
  [FGets] Vector at 0xafeb0 (offset -336)
  [FPuts] Vector at 0xafeaa (offset -342)
  [VFPrintf] Vector at 0xafe9e (offset -354)
  [Flush] Vector at 0xafe98 (offset -360)
[runner:mtop]   [DupLockFromFH] Vector at 0xafe8c (offset -372)
  [OpenFromLock] Vector at 0xafe86 (offset -378)
  [ParentOfFH] Vector at 0xafe80 (offset -384)
  [ExamineFH] Vector at 0xafe7a (offset -390)
  [NameFromLock] Vector at 0xafe6e (offset -402)
  [SplitName] Vector at 0xafe62 (offset -414)
  [SetIoErr] Vector at 0xafe32 (offset -462)
[runner:mtop]   [Fault] Vector at 0xafe2c (offset -468)
  [PrintFault] Vector at 0xafe26 (offset -474)
  [Cli] Vector at 0xafe14 (offset -492)
  [GetFileSysTask] Vector at 0xafdf6 (offset -522)
  [SetFileSysTask] Vector at 0xafdf0 (offset -528)
  [FindCliProc] Vector at 0xafdde (offset -546)
  [MaxCli] Vector at 0xafdd8 (offset -552)
  [GetCurrentDirName] Vector at 0xafdcc (offset -564)
  [GetProgramName] Vector at 0xafdc0 (offset -576)
  [SetProgramDir] Vector at 0xafdae (offset -594)
  [GetProgramDir] Vector at 0xafda8 (offset -600)
[runner:mtop]   [SystemTagList] Vector at 0xafda2 (offset -606)
  [DateToStr] Vector at 0xafd18 (offset -744)
  [StrToDate] Vector at 0xafd12 (offset -750)
  [CheckSignal] Vector at 0xafce8 (offset -792)
  [ReadArgs] Vector at 0xafce2 (offset -798)
  [ParsePattern] Vector at 0xafcb8 (offset -840)
[runner:mtop]   [MatchPattern] Vector at 0xafcb2 (offset -846)
  [FreeArgs] Vector at 0xafca6 (offset -858)
  [FilePart] Vector at 0xafc9a (offset -870)
  [PathPart] Vector at 0xafc94 (offset -876)
  [AddPart] Vector at 0xafc8e (offset -882)
  [SetVar] Vector at 0xafc7c (offset -900)
  [GetVar] Vector at 0xafc76 (offset -906)
[runner:mtop]   [DeleteVar] Vector at 0xafc70 (offset -912)
  [PutStr] Vector at 0xafc4c (offset -948)
  [VPrintf] Vector at 0xafc46 (offset -954)
  [ParsePatternNoCase] Vector at 0xafc3a (offset -966)
  [MatchPatternNoCase] Vector at 0xafc34 (offset -972)
  [LockDosList] Vector at 0xafd72 (offset -654)
[runner:mtop]   [UnLockDosList] Vector at 0xafd6c (offset -660)
  [AttemptLockDosList] Vector at 0xafd66 (offset -666)
  [FindDosEntry] Vector at 0xafd54 (offset -684)
  [NextDosEntry] Vector at 0xafd4e (offset -690)
  [MatchFirst] Vector at 0xafcca (offset -822)
  [MatchNext] Vector at 0xafcc4 (offset -828)
  [MatchEnd] Vector at 0xafcbe (offset -834)
[runner:mtop]   [IsFileSystem] Vector at 0xafe02 (offset -510)
  [SetProgramName] Vector at 0xafe0e (offset -498)
  [GetArgStr] Vector at 0xafdea (offset -534)
  [ReadItem] Vector at 0xafda2 (offset -606)
  [GetDeviceProc] Vector at 0xafd7e (offset -642)
  [VFWritef] Vector at 0xafea4 (offset -348)
[runner:mtop]   [SetMode] Vector at 0xafe56 (offset -426)
  [ExAll] Vector at 0xafe50 (offset -432)
  [StartNotify] Vector at 0xafc88 (offset -888)
  [DoPkt] Vector at 0xaff10 (offset -240)
  [StrToLong] Vector at 0xafcd0 (offset -816)
[runner:mtop] [LibraryTraps] Installed 99 dos.library vectors
[runner:mtop] [LibraryTraps] Installing dos.library vectors at base 0xb0000
  [Open] Vector at 0xaffe2 (offset -30)
  [Close] Vector at 0xaffdc (offset -36)
  [Read] Vector at 0xaffd6 (offset -42)
  [Write] Vector at 0xaffd0 (offset -48)
[runner:mtop]   [Input] Vector at 0xaffca (offset -54)
  [Output] Vector at 0xaffc4 (offset -60)
  [Seek] Vector at 0xaffbe (offset -66)
  [DeleteFile] Vector at 0xaffb8 (offset -72)
  [Rename] Vector at 0xaffb2 (offset -78)
  [Lock] Vector at 0xaffac (offset -84)
[runner:mtop]   [UnLock] Vector at 0xaffa6 (offset -90)
  [DupLock] Vector at 0xaffa0 (offset -96)
  [Examine] Vector at 0xaff9a (offset -102)
  [ExNext] Vector at 0xaff94 (offset -108)
  [Info] Vector at 0xaff8e (offset -114)
  [CreateDir] Vector at 0xaff88 (offset -120)
[runner:mtop]   [CurrentDir] Vector at 0xaff82 (offset -126)
  [IoErr] Vector at 0xaff7c (offset -132)
  [CreateProc] Vector at 0xaff76 (offset -138)
  [Exit] Vector at 0xaff70 (offset -144)
  [LoadSeg] Vector at 0xaff6a (offset -150)
  [UnLoadSeg] Vector at 0xaff64 (offset -156)
  [DeviceProc] Vector at 0xaff52 (offset -174)
[runner:mtop]   [SetComment] Vector at 0xaff4c (offset -180)
  [SetProtection] Vector at 0xaff46 (offset -186)
  [DateStamp] Vector at 0xaff40 (offset -192)
  [Delay] Vector at 0xaff3a (offset -198)
  [WaitForChar] Vector at 0xaff34 (offset -204)
  [ParentDir] Vector at 0xaff2e (offset -210)
  [IsInteractive] Vector at 0xaff28 (offset -216)
[runner:mtop]   [Execute] Vector at 0xaff22 (offset -222)
  [AllocDosObject] Vector at 0xaff1c (offset -228)
  [FreeDosObject] Vector at 0xaff16 (offset -234)
  [SelectInput] Vector at 0xafeda (offset -294)
  [SelectOutput] Vector at 0xafed4 (offset -300)
  [FGetC] Vector at 0xafece (offset -306)
  [FPutC] Vector at 0xafec8 (offset -312)
[runner:mtop]   [UnGetC] Vector at 0xafec2 (offset -318)
  [FRead] Vector at 0xafebc (offset -324)
  [FWrite] Vector at 0xafeb6 (offset -330)
  [FGets] Vector at 0xafeb0 (offset -336)
  [FPuts] Vector at 0xafeaa (offset -342)
  [VFPrintf] Vector at 0xafe9e (offset -354)
  [Flush] Vector at 0xafe98 (offset -360)
[runner:mtop]   [DupLockFromFH] Vector at 0xafe8c (offset -372)
  [OpenFromLock] Vector at 0xafe86 (offset -378)
  [ParentOfFH] Vector at 0xafe80 (offset -384)
  [ExamineFH] Vector at 0xafe7a (offset -390)
  [NameFromLock] Vector at 0xafe6e (offset -402)
  [SplitName] Vector at 0xafe62 (offset -414)
  [SetIoErr] Vector at 0xafe32 (offset -462)
[runner:mtop]   [Fault] Vector at 0xafe2c (offset -468)
  [PrintFault] Vector at 0xafe26 (offset -474)
  [Cli] Vector at 0xafe14 (offset -492)
  [GetFileSysTask] Vector at 0xafdf6 (offset -522)
  [SetFileSysTask] Vector at 0xafdf0 (offset -528)
  [FindCliProc] Vector at 0xafdde (offset -546)
  [MaxCli] Vector at 0xafdd8 (offset -552)
  [GetCurrentDirName] Vector at 0xafdcc (offset -564)
[runner:mtop]   [GetProgramName] Vector at 0xafdc0 (offset -576)
  [SetProgramDir] Vector at 0xafdae (offset -594)
  [GetProgramDir] Vector at 0xafda8 (offset -600)
  [SystemTagList] Vector at 0xafda2 (offset -606)
  [DateToStr] Vector at 0xafd18 (offset -744)
  [StrToDate] Vector at 0xafd12 (offset -750)
[runner:mtop]   [CheckSignal] Vector at 0xafce8 (offset -792)
  [ReadArgs] Vector at 0xafce2 (offset -798)
  [ParsePattern] Vector at 0xafcb8 (offset -840)
  [MatchPattern] Vector at 0xafcb2 (offset -846)
  [FreeArgs] Vector at 0xafca6 (offset -858)
  [FilePart] Vector at 0xafc9a (offset -870)
  [PathPart] Vector at 0xafc94 (offset -876)
  [AddPart] Vector at 0xafc8e (offset -882)
[runner:mtop]   [SetVar] Vector at 0xafc7c (offset -900)
  [GetVar] Vector at 0xafc76 (offset -906)
  [DeleteVar] Vector at 0xafc70 (offset -912)
  [PutStr] Vector at 0xafc4c (offset -948)
  [VPrintf] Vector at 0xafc46 (offset -954)
  [ParsePatternNoCase] Vector at 0xafc3a (offset -966)
  [MatchPatternNoCase] Vector at 0xafc34 (offset -972)
  [LockDosList] Vector at 0xafd72 (offset -654)
[runner:mtop]   [UnLockDosList] Vector at 0xafd6c (offset -660)
  [AttemptLockDosList] Vector at 0xafd66 (offset -666)
  [FindDosEntry] Vector at 0xafd54 (offset -684)
  [NextDosEntry] Vector at 0xafd4e (offset -690)
  [MatchFirst] Vector at 0xafcca (offset -822)
  [MatchNext] Vector at 0xafcc4 (offset -828)
  [MatchEnd] Vector at 0xafcbe (offset -834)
[runner:mtop]   [IsFileSystem] Vector at 0xafe02 (offset -510)
  [SetProgramName] Vector at 0xafe0e (offset -498)
  [GetArgStr] Vector at 0xafdea (offset -534)
  [ReadItem] Vector at 0xafda2 (offset -606)
  [GetDeviceProc] Vector at 0xafd7e (offset -642)
  [VFWritef] Vector at 0xafea4 (offset -348)
[runner:mtop]   [SetMode] Vector at 0xafe56 (offset -426)
  [ExAll] Vector at 0xafe50 (offset -432)
  [StartNotify] Vector at 0xafc88 (offset -888)
  [DoPkt] Vector at 0xaff10 (offset -240)
  [StrToLong] Vector at 0xafcd0 (offset -816)
[LibraryTraps] Installed 99 dos.library vectors
[runner:mtop] [ExecLibrary] *** dos.library opened - base=0xb0000 *** Door should store this and use it for all DOS calls
[exec-vectors] OpenLibrary TRAP result: 0xb0000
[runner:mtop] [exec-vectors] AllocMem TRAP: size=5008 (0x1390) flags=0x10000
[runner:mtop] [exec-vectors] AllocMem TRAP result: 0x125e98
[runner:mtop] [exec-vectors] AllocMem TRAP: size=4016 (0xfb0) flags=0x10000
[runner:mtop] [exec-vectors] AllocMem TRAP result: 0x127228
[runner:mtop] [FileManager] Open: "bbs:user.data" mode=1005
[runner:mtop] [PathManager] Mapped (case-insensitive): "bbs:user.data" => "/Users/spot/Code/amiexpress-web/user.data"
[FileManager] Open: "bbs:user.data" -> "/Users/spot/Code/amiexpress-web/user.data" (EXISTS)
[runner:mtop] [FileManager] Opened file: [FH:'user.data'(ami='bbs:user.data',sys='/Users/spot/Code/amiexpress-web/user.data',nc=true)@0x0=B@0x3]
[runner:mtop] [FileManager] Open: "bbs:user.keys" mode=1005
[runner:mtop] [PathManager] Mapped (case-insensitive): "bbs:user.keys" => "/Users/spot/Code/amiexpress-web/user.keys"
[FileManager] Open: "bbs:user.keys" -> "/Users/spot/Code/amiexpress-web/user.keys" (EXISTS)
[runner:mtop] [FileManager] Opened file: [FH:'user.keys'(ami='bbs:user.keys',sys='/Users/spot/Code/amiexpress-web/user.keys',nc=true)@0x0=B@0x4]
[runner:mtop] [FileManager] Open: "bbs:user.misc" mode=1005
[runner:mtop] [PathManager] Mapped (case-insensitive): "bbs:user.misc" => "/Users/spot/Code/amiexpress-web/user.misc"
[runner:mtop] [FileManager] Open: "bbs:user.misc" -> "/Users/spot/Code/amiexpress-web/user.misc" (EXISTS)
[runner:mtop] [FileManager] Opened file: [FH:'user.misc'(ami='bbs:user.misc',sys='/Users/spot/Code/amiexpress-web/user.misc',nc=true)@0x0=B@0x5]
[runner:mtop] [FileManager] Open: "doors:multitop/designs/mtopdlbytes1.dsg" mode=1005
[runner:mtop] [PathManager] Mapped (case-insensitive): "doors:multitop/designs/mtopdlbytes1.dsg" => "/Users/spot/Code/amiexpress-web/Doors/multitop/designs/mtopdlbytes1.dsg"
[runner:mtop] [FileManager] Open: "doors:multitop/designs/mtopdlbytes1.dsg" -> "/Users/spot/Code/amiexpress-web/Doors/multitop/designs/mtopdlbytes1.dsg" (EXISTS)
[runner:mtop] [FileManager] Opened file: [FH:'mtopdlbytes1.dsg'(ami='doors:multitop/designs/mtopdlbytes1.dsg',sys='/Users/spot/Code/amiexpress-web/Doors/multitop/designs/mtopdlbytes1.dsg',nc=true)@0x0=B@0x6]
[HEARTBEAT] Alive, heap: 110MB, rss: 184MB, interval: 60s
[runner:mtop] [FileManager] Open: "bbs:bulletins/bull2.txt" mode=1006
[runner:mtop] [PathManager] Mapped (case-insensitive): "bbs:bulletins/bull2.txt" => "/Users/spot/Code/amiexpress-web/bulletins/bull2.txt"
[FileManager] Open: "bbs:bulletins/bull2.txt" -> "/Users/spot/Code/amiexpress-web/bulletins/bull2.txt" (EXISTS)
[runner:mtop] [FileHandle] After open: "bbs:bulletins/bull2.txt" size=0 bytes (write mode)
[FileManager] Opened file: [FH:'bull2.txt'(ami='bbs:bulletins/bull2.txt',sys='/Users/spot/Code/amiexpress-web/bulletins/bull2.txt',nc=true)@0x0=B@0x7]
[runner:mtop] [FileHandle] write 90 bytes to /Users/spot/Code/amiexpress-web/bulletins/bull2.txt
[runner:mtop] [FileHandle] write 92 bytes to /Users/spot/Code/amiexpress-web/bulletins/bull2.txt
[runner:mtop] [FileHandle] write 1 bytes to /Users/spot/Code/amiexpress-web/bulletins/bull2.txt
[runner:mtop] [FileHandle] write 87 bytes to /Users/spot/Code/amiexpress-web/bulletins/bull2.txt
[runner:mtop] [FileHandle] write 87 bytes to /Users/spot/Code/amiexpress-web/bulletins/bull2.txt
[runner:mtop] [FileHandle] write 96 bytes to /Users/spot/Code/amiexpress-web/bulletins/bull2.txt
[runner:mtop] [FileHandle] write 96 bytes to /Users/spot/Code/amiexpress-web/bulletins/bull2.txt
[runner:mtop] [FileHandle] write 96 bytes to /Users/spot/Code/amiexpress-web/bulletins/bull2.txt
[runner:mtop] [FileHandle] write 96 bytes to /Users/spot/Code/amiexpress-web/bulletins/bull2.txt
[runner:mtop] [FileHandle] write 96 bytes to /Users/spot/Code/amiexpress-web/bulletins/bull2.txt
[runner:mtop] [FileHandle] write 96 bytes to /Users/spot/Code/amiexpress-web/bulletins/bull2.txt
[runner:mtop] [FileHandle] write 96 bytes to /Users/spot/Code/amiexpress-web/bulletins/bull2.txt
[runner:mtop] [FileHandle] write 96 bytes to /Users/spot/Code/amiexpress-web/bulletins/bull2.txt
[runner:mtop] [FileHandle] write 96 bytes to /Users/spot/Code/amiexpress-web/bulletins/bull2.txt
[runner:mtop] [FileHandle] write 96 bytes to /Users/spot/Code/amiexpress-web/bulletins/bull2.txt
[runner:mtop] [FileHandle] write 96 bytes to /Users/spot/Code/amiexpress-web/bulletins/bull2.txt
[runner:mtop] [FileHandle] write 96 bytes to /Users/spot/Code/amiexpress-web/bulletins/bull2.txt
[runner:mtop] [FileHandle] write 96 bytes to /Users/spot/Code/amiexpress-web/bulletins/bull2.txt
[runner:mtop] [FileHandle] write 96 bytes to /Users/spot/Code/amiexpress-web/bulletins/bull2.txt
[runner:mtop] [FileHandle] write 96 bytes to /Users/spot/Code/amiexpress-web/bulletins/bull2.txt
[runner:mtop] [FileHandle] write 87 bytes to /Users/spot/Code/amiexpress-web/bulletins/bull2.txt
[runner:mtop] [FileHandle] write 120 bytes to /Users/spot/Code/amiexpress-web/bulletins/bull2.txt
[runner:mtop] [FileHandle] write 120 bytes to /Users/spot/Code/amiexpress-web/bulletins/bull2.txt
[runner:mtop] [FileManager] Close BPTR=4
[runner:mtop] [FileManager] Closed: [FH:'user.keys'(ami='bbs:user.keys',sys='/Users/spot/Code/amiexpress-web/user.keys',nc=true)@0x0=B@0x4]
[runner:mtop] [FileManager] Close BPTR=5
[FileManager] Closed: [FH:'user.misc'(ami='bbs:user.misc',sys='/Users/spot/Code/amiexpress-web/user.misc',nc=true)@0x0=B@0x5]
[runner:mtop] [FileManager] Close BPTR=6
[runner:mtop] [FileManager] Closed: [FH:'mtopdlbytes1.dsg'(ami='doors:multitop/designs/mtopdlbytes1.dsg',sys='/Users/spot/Code/amiexpress-web/Doors/multitop/designs/mtopdlbytes1.dsg',nc=true)@0x0=B@0x6]
[runner:mtop] [FileManager] Close BPTR=7
[runner:mtop] [FileManager] Closed: [FH:'bull2.txt'(ami='bbs:bulletins/bull2.txt',sys='/Users/spot/Code/amiexpress-web/bulletins/bull2.txt',nc=true)@0x0=B@0x7]
[runner:mtop] [SOCKET:door:status] {"status":"terminated"}
[runner:mtop] [EnvStat] Writing /tmp/ram/ENV/STATS@8 (node 8, stat 0)
[DoorDropFile] Created DOOR.SYS for Node8
[DoorDropFile] Created DORINFO8.DEF for Node8
[BatchScheduler] Running door mtop as type SIM (overclock=5000x)
[BatchScheduler] spawn env DOOR_OVERCLOCK=5000 for mtop
[runner:mtop] [DoorLogger] Creating logger for door: mtop node: 8
[runner:mtop] [DoorLogger] __dirname: /Users/spot/Code/amiexpress-web/web/backend/src/amiga-emulation, projectRoot: /Users/spot/Code/amiexpress-web, logs dir: /Users/spot/Code/amiexpress-web/logs
[runner:mtop] [SOCKET:door:status] {"status":"initializing"}
[runner:mtop] [MOIRA WASM] Memory page table updated
[MOIRA WASM]   Chip RAM pages: 0x00-0x1f
[MOIRA WASM]   Fast RAM pages: 0x20-0x3f
[MOIRA WASM]   ROM pages: 0xF8-0xFF
[runner:mtop] [MOIRA WASM] MoiraCPU initialized with vAmiga-style memory architecture!
[MOIRA WASM]   Chip RAM: 2048 KB (mask: 0x1fffff)
[MOIRA WASM]   ROM: 512 KB (mask: 0x7ffff)
[runner:mtop] [MoiraEmulator] moira.js loaded from /Users/spot/Code/amiexpress-web/web/backend/src/amiga-emulation/cpu/build/moira.js
[runner:mtop] [ROM] Loading Kickstart ROM from: /Users/spot/Code/amiexpress-web/web/backend/data/amiga-roms/Kickstart v3.1 rev 40.63 (1993)(Commodore)(A500-A600-A2000).rom
[runner:mtop] [ROM] Kickstart 3.1 loaded successfully
[ROM] Mapped to memory range: 0xF80000 - 0xFFFFFF
[runner:mtop] [ROM] ===== Kickstart ROM Info =====
[ROM] Size: 524288 bytes (512KB)
[ROM] Mapped: 0xf80000 - 0xffffff
[runner:mtop] [ROM] Initial SSP: 0x11164ef9
[ROM] Initial PC:  0x002000d2
[ROM] Exception Vectors:
[ROM]   Vector 0 (Initial SSP): 0x11164ef9
[ROM]   Vector 1 (Initial PC): 0x002000d2
[ROM]   Vector 2 (Bus Error): 0x0000ffff
[ROM]   Vector 3 (Address Error): 0x00280044
[ROM]   Vector 4 (Illegal Instruction): 0x0028000a
[ROM]   Vector 5 (Division by Zero): 0x000000-1
[ROM]   Vector 6 (CHK Instruction): 0x00414d49
[ROM]   Vector 7 (TRAPV Instruction): 0x47412052
[ROM] Version: 
[ROM] ================================
[runner:mtop] [MOIRA WASM] Memory page table updated
[MOIRA WASM]   Chip RAM pages: 0x00-0x1f
[MOIRA WASM]   Fast RAM pages: 0x20-0x3f
[MOIRA WASM]   ROM pages: 0xF8-0xFF
[runner:mtop] [MOIRA WASM] ROM loaded: 524288 bytes
[MOIRA WASM]   ROM buffer size: 524288 bytes
[MOIRA WASM]   ROM mask: 0x7ffff
[MOIRA WASM]   Exception vectors copied to chip RAM: 1024 bytes
[MoiraEmulator] ROM loaded (524288 bytes)
[MoiraEmulator] ROM mapped to 0xF80000-0xFFFFFF
[MoiraEmulator] Exception vectors copied to 0x000000
[runner:mtop] [MOIRA WASM] Memory page table updated
[MOIRA WASM]   Chip RAM pages: 0x00-0x1f
[MOIRA WASM]   Fast RAM pages: 0x20-0x3f
[MOIRA WASM]   ROM pages: 0xF8-0xFF
[runner:mtop] [MOIRA WASM] ROM loaded: 524288 bytes
[MOIRA WASM]   ROM buffer size: 524288 bytes
[MOIRA WASM]   ROM mask: 0x7ffff
[MOIRA WASM]   Exception vectors copied to chip RAM: 1024 bytes
[MoiraEmulator] ROM loaded (524288 bytes)
[MoiraEmulator] ROM mapped to 0xF80000-0xFFFFFF
[MoiraEmulator] Exception vectors copied to 0x000000
[runner:mtop] [LibraryLoader] Added search path: /Users/spot/Code/amiexpress-web/web/backend/Libs
[LibraryLoader] Added search path: /Users/spot/Code/amiexpress-web/System/Libs
[LibraryLoader] Added search path: /Users/spot/Code/amiexpress-web/Libs
[runner:mtop] [LibraryManager] romtool split failed: 2026-09-04 17:09:27,049  ERROR       root        '/Users/spot/Code/amiexpress-web/web/backend/data/amiga-roms/Kickstart v3.1 rev 40.63 (1993)(Commodore)(A500-A600-A2000).rom' was not found in split database!

[runner:mtop] [LibraryLoader] Loading AEDoor.library (version >= 0)
[runner:mtop] [LibraryLoader] Found library: /Users/spot/Code/amiexpress-web/Libs/AEDoor.library
[runner:mtop] [LibraryLoader] Read 1128 bytes from /Users/spot/Code/amiexpress-web/Libs/AEDoor.library
[runner:mtop] [LibraryLoader] Parsed 1 segments
[LibraryLoader] Allocated base address: 0x200000
[runner:mtop] [LibraryLoader] Loading code segment (1036 bytes) at 0x200000
[runner:mtop] [LibraryLoader] Applying 1 relocation groups
[runner:mtop] [LibraryLoader] Stored ExecBase (0x80000) at library+0x22
[runner:mtop] [LibraryLoader] Parsed $VER: AEDoorLib 2.7 (18.5.1996)
✅ [LibraryLoader] Successfully loaded AEDoor.library at 0x200000
   Jump table entries: 0
[runner:mtop] [PathManager] Initialized assigns:
  doors: => /Users/spot/Code/amiexpress-web/Doors/
  bbs: => /Users/spot/Code/amiexpress-web/
  data: => /Users/spot/Code/amiexpress-web/data/
  screens: => /Users/spot/Code/amiexpress-web/Screens/
  bulletins: => /Users/spot/Code/amiexpress-web/Bulletins/
[runner:mtop]   s: => /Users/spot/Code/amiexpress-web/S/
  work: => /Users/spot/Code/amiexpress-web/
  sami: => /Users/spot/Code/amiexpress-web/S/
  env: => /tmp/ram/ENV/
  progdir: => /Users/spot/Code/amiexpress-web/
  sys: => /Users/spot/Code/amiexpress-web/System/
  c: => /Users/spot/Code/amiexpress-web/System/C/
  l: => /Users/spot/Code/amiexpress-web/System/L/
  libs: => /Users/spot/Code/amiexpress-web/System/Libs/
  devs: => /Users/spot/Code/amiexpress-web/System/Devs/
  fonts: => /Users/spot/Code/amiexpress-web/System/Fonts/
  locale: => /Users/spot/Code/amiexpress-web/System/Locale/
  prefs: => /Users/spot/Code/amiexpress-web/System/Prefs/
  classes: => /Users/spot/Code/amiexpress-web/System/Classes/
  ram: => /tmp/ram/
  t: => /tmp/
[PathManager] Added assign: bbs: => /Users/spot/Code/amiexpress-web
[PathManager] Added assign: bbs: => /Users/spot/Code/amiexpress-web
[PathManager] Added assign: doors: => /Users/spot/Code/amiexpress-web/Doors
[PathManager] Added assign: doors: => /Users/spot/Code/amiexpress-web/Doors
[PathManager] Added assign: node8: => /Users/spot/Code/amiexpress-web/Node8
[PathManager] Added assign: node8: => /Users/spot/Code/amiexpress-web/Node8
[PathManager] PROGDIR: assigned to /Users/spot/Code/amiexpress-web/Doors/multitop/
[runner:mtop] [icon.library] PROGDIR: device set to /Users/spot/Code/amiexpress-web/Doors/multitop
[icon.library] Door binary name set to: mtop
[runner:mtop] [icon.library] Door command set to: M
[runner:mtop] [EnvironmentManager] Initialized LocalVars list at 0x120000
[runner:mtop] [EnvironmentManager] Populating standard environment variables
[runner:mtop] [EnvironmentManager] SetVar("PATH", "Work:,S:,C:,Doors:", flags=0)
[runner:mtop] [EnvironmentManager] Created LocalVar at 0x130000
[EnvironmentManager] SetVar("PROMPT", "%N.%S>", flags=0)
[EnvironmentManager] Created LocalVar at 0x130030
[EnvironmentManager] SetVar("RETURN", "0", flags=0)
[EnvironmentManager] Created LocalVar at 0x130056
[EnvironmentManager] SetVar("RC", "0", flags=0)
[EnvironmentManager] Created LocalVar at 0x130077
[EnvironmentManager] SetVar("Result2", "0", flags=0)
[runner:mtop] [EnvironmentManager] Created LocalVar at 0x130094
[EnvironmentManager] SetVar("DEVINFO", "CON:,NIL:,SER:", flags=0)
[EnvironmentManager] Created LocalVar at 0x1300b6
[EnvironmentManager] SetVar("Kickstart", "39.106", flags=0)
[EnvironmentManager] Created LocalVar at 0x1300e5
[EnvironmentManager] SetVar("Workbench", "39.29", flags=0)
[EnvironmentManager] Created LocalVar at 0x13010e
[EnvironmentManager] SetVar("BBS_ROOT", "/Users/spot/Code/amiexpress-web", flags=0)
[EnvironmentManager] Created LocalVar at 0x130136
[EnvironmentManager] SetVar("BBSPATH", "/Users/spot/Code/amiexpress-web", flags=0)
[runner:mtop] [EnvironmentManager] Created LocalVar at 0x130177
[EnvironmentManager] SetVar("BBS_PATH", "/Users/spot/Code/amiexpress-web", flags=0)
[runner:mtop] [EnvironmentManager] Created LocalVar at 0x1301b7
[EnvironmentManager] SetVar("BBSDATA", "/Users/spot/Code/amiexpress-web", flags=0)
[EnvironmentManager] Created LocalVar at 0x1301f8
[EnvironmentManager] SetVar("BBS_NAME", "AmiExpress Web BBS", flags=0)
[EnvironmentManager] Created LocalVar at 0x130238
[EnvironmentManager] SetVar("BBSNAME", "AmiExpress Web BBS", flags=0)
[runner:mtop] [EnvironmentManager] Created LocalVar at 0x13026c
[EnvironmentManager] SetVar("NODE_ID", "8", flags=0)
[EnvironmentManager] Created LocalVar at 0x13029f
[EnvironmentManager] SetVar("AXNODE", "8", flags=0)
[EnvironmentManager] Created LocalVar at 0x1302c1
[EnvironmentManager] SetVar("AMX_NODE", "8", flags=0)
[EnvironmentManager] Created LocalVar at 0x1302e2
[EnvironmentManager] SetVar("NODE", "8", flags=0)
[EnvironmentManager] Created LocalVar at 0x130305
[EnvironmentManager] SetVar("AXNODENUM", "8", flags=0)
[EnvironmentManager] Created LocalVar at 0x130324
[runner:mtop] [EnvironmentManager] SetVar("BBSNODE", "8", flags=0)
[EnvironmentManager] Created LocalVar at 0x130348
[EnvironmentManager] SetVar("NODE_NUMBER", "8", flags=0)
[EnvironmentManager] Created LocalVar at 0x13036a
[EnvironmentManager] SetVar("USERNAME", "Sysop", flags=0)
[EnvironmentManager] Created LocalVar at 0x130390
[EnvironmentManager] SetVar("USER_NAME", "Sysop", flags=0)
[runner:mtop] [EnvironmentManager] Created LocalVar at 0x1303b7
[EnvironmentManager] SetVar("HANDLE", "Sysop", flags=0)
[EnvironmentManager] Created LocalVar at 0x1303df
[EnvironmentManager] SetVar("USER_LEVEL", "1", flags=0)
[runner:mtop] [EnvironmentManager] Created LocalVar at 0x130404
[EnvironmentManager] SetVar("SYSOP", "sysop", flags=0)
[EnvironmentManager] Created LocalVar at 0x130429
[EnvironmentManager] SetVar("SYSOP_NAME", "sysop", flags=0)
[EnvironmentManager] Created LocalVar at 0x13044d
[EnvironmentManager] SetVar("CONF_ID", "1", flags=0)
[EnvironmentManager] Created LocalVar at 0x130476
[EnvironmentManager] SetVar("CONF", "1", flags=0)
[runner:mtop] [EnvironmentManager] Created LocalVar at 0x130498
[EnvironmentManager] SetVar("CONFNUM", "1", flags=0)
[EnvironmentManager] Created LocalVar at 0x1304b7
[EnvironmentManager] SetVar("BAUD", "115200", flags=0)
[runner:mtop] [EnvironmentManager] Created LocalVar at 0x1304d9
[EnvironmentManager] SetVar("SERIALRATE", "115200", flags=0)
[EnvironmentManager] Created LocalVar at 0x1304fd
[runner:mtop] [EnvironmentManager] SetVar("AE_HOST", "amiexpress-web", flags=0)
[EnvironmentManager] Created LocalVar at 0x130527
[EnvironmentManager] SetVar("AE_HOST_VERSION", "1.0.0", flags=0)
[EnvironmentManager] Created LocalVar at 0x130556
[EnvironmentManager] SetVar("AE_CONNECTION", "web", flags=0)
[EnvironmentManager] Created LocalVar at 0x130584
[EnvironmentManager] SetVar("AE_CLIENT", "ansi", flags=0)
[EnvironmentManager] Created LocalVar at 0x1305ae
[EnvironmentManager] SetVar("AE_CAPS", "ansi,wide,mouse", flags=0)
[EnvironmentManager] Created LocalVar at 0x1305d5
[EnvironmentManager] Populated 37 standard variables
[runner:mtop] [ENV Initializer] Creating ENV files for node 8
[runner:mtop] [ENV Initializer] Created ENV:PATH = "Work:,S:,C:,Doors:"
[runner:mtop] [ENV Initializer] Created ENV:PROMPT = "%N.%S>"
[runner:mtop] [ENV Initializer] Created ENV:RC = "0"
[runner:mtop] [ENV Initializer] Created ENV:Result2 = "0"
[runner:mtop] [ENV Initializer] Created ENV:Kickstart = "39.106"
[runner:mtop] [ENV Initializer] Created ENV:Workbench = "39.29"
[runner:mtop] [ENV Initializer] Created ENV:BBS_NAME = "AmiExpress Web BBS"
[runner:mtop] [ENV Initializer] Created ENV:BBSNAME = "AmiExpress Web BBS"
[runner:mtop] [ENV Initializer] Created ENV:SYSOP = "Sysop"
[runner:mtop] [ENV Initializer] Created ENV:SYSOP_NAME = "Sysop"
[runner:mtop] [ENV Initializer] Created ENV:NODE_NUMBER = "8"
[runner:mtop] [ENV Initializer] Created ENV:AXNODE = "8"
[runner:mtop] [ENV Initializer] Created ENV:AMX_NODE = "8"
[runner:mtop] [ENV Initializer] Created ENV:NODE = "8"
[runner:mtop] [ENV Initializer] Created ENV:AXNODENUM = "8"
[runner:mtop] [ENV Initializer] Created ENV:BBSNODE = "8"
[runner:mtop] [ENV Initializer] Created ENV:BAUD = "115200"
[runner:mtop] [ENV Initializer] Created ENV:SERIALRATE = "115200"
[runner:mtop] [ENV Initializer] Created ENV:AE_HOST = "amiexpress-web"
[runner:mtop] [ENV Initializer] Created ENV:AE_HOST_VERSION = "1.0.0"
[runner:mtop] [ENV Initializer] Created ENV:AE_CONNECTION.8 = "web"
[runner:mtop] [ENV Initializer] Created ENV:AE_CLIENT.8 = "ansi"
[runner:mtop] [ENV Initializer] Created ENV:AE_CAPS.8 = "ansi,wide,mouse"
[runner:mtop] [ENV Initializer] Created ENV:JC_PWFAIL.1 = "0"
[runner:mtop] [ENV Initializer] Created ENV:JC_PWFAIL.2 = "0"
[runner:mtop] [ENV Initializer] Created ENV:JC_PWFAIL.3 = "0"
[runner:mtop] [ENV Initializer] Created ENV:JC_PWFAIL.4 = "0"
[runner:mtop] [ENV Initializer] Created ENV:JC_PWFAIL.5 = "0"
[runner:mtop] [ENV Initializer] Created ENV:JC_PWFAIL.6 = "0"
[runner:mtop] [ENV Initializer] Created ENV:JC_PWFAIL.7 = "0"
[runner:mtop] [ENV Initializer] Created ENV:JC_PWFAIL.8 = "0"
[runner:mtop] [ENV Initializer] Created ENV:LAST_DOOR = ""
[runner:mtop] [ENV Initializer] Created ENV:DOOR_COUNT = "0"
[ENV Initializer] Created ENV files in /tmp/ram/ENV
[runner:mtop] [FileManager] Initialized standard handles:
  BPTR 1 (stdin):  [FH:'stdin'(ami='CONSOLE:',sys='/dev/stdin',nc=false)@0x0=B@0x1]
  BPTR 2 (stdout): [FH:'stdout'(ami='*',sys='/dev/stdout',nc=false)@0x0=B@0x2]
[runner:mtop] [PathManager] Mapped assign root: "doors:" => "/Users/spot/Code/amiexpress-web/Doors/"
[runner:mtop] [FileManager] stdin re-registered: BPTR 0x1 -> 0x50000
[runner:mtop] [FileManager] stdin BPTR set to 0x50000 (addr 0x140000)
[runner:mtop] [FileManager] stdout re-registered: BPTR 0x2 -> 0x5000b
[FileManager] stdout BPTR set to 0x5000b (addr 0x14002c)
[runner:mtop] [PathManager] PROGDIR: assigned to /Users/spot/Code/amiexpress-web/Doors/multitop/
[runner:mtop] [PathManager] Mapped assign root: "progdir:" => "/Users/spot/Code/amiexpress-web/Doors/multitop/"
[runner:mtop] [FileManager] Changed directory to: progdir: (/Users/spot/Code/amiexpress-web/Doors/multitop/)
[runner:mtop] [LibraryTraps] LVOs.i not found; stub vectors disabled
[runner:mtop] [MoiraEmulator] Library trap handler registered
[runner:mtop] [LibraryTraps] Installing Exec.library vectors at base 0x80000
[runner:mtop]   [FreeSignal] Vector at 0x7feb0 (offset -336)
  [RemPort] Vector at 0x7fe98 (offset -360)
[runner:mtop]   [OpenDevice] Vector at 0x7fe44 (offset -444)
  [CloseDevice] Vector at 0x7fe3e (offset -450)
  [DoIO] Vector at 0x7fe38 (offset -456)
  [CheckIO] Vector at 0x7fe2c (offset -468)
  [WaitIO] Vector at 0x7fe26 (offset -474)
  [AbortIO] Vector at 0x7fe20 (offset -480)
  [CreateIORequest] Vector at 0x7fd72 (offset -654)
  [DeleteIORequest] Vector at 0x7fd6c (offset -660)
  [AllocEntry] Vector at 0x7ff22 (offset -222)
  [FreeEntry] Vector at 0x7ff1c (offset -228)
  [OpenResource] Vector at 0x7fe0e (offset -498)
  [SetFunction] Vector at 0x7fe5c (offset -420)
  [AddTask] Vector at 0x7fee6 (offset -282)
  [AddSemaphore] Vector at 0x7fda8 (offset -600)
  [AddIntServer] Vector at 0x7ff58 (offset -168)
  [CacheControl] Vector at 0x7fd78 (offset -648)
[runner:mtop]   [RemMemHandler] Vector at 0x7ff7c (offset -132)
  [SetIntVector] Vector at 0x7ff5e (offset -162)
  [AllocTrap] Vector at 0x7feaa (offset -342)
  [FreeTrap] Vector at 0x7fea4 (offset -348)
  [SendIO] Vector at 0x7fe32 (offset -462)
  [SumLibrary] Vector at 0x7fe56 (offset -426)
  [OpenLibrary] Vector at 0x7fdd8 (offset -552)
  [CloseLibrary] Vector at 0x7fe62 (offset -414)
[runner:mtop]   [RawDoFmt] Vector at 0x7fdf6 (offset -522)
  [InitStruct] Vector at 0x7ffb2 (offset -78)
  [MakeLibrary] Vector at 0x7ffac (offset -84)
  [MakeFunctions] Vector at 0x7ffa6 (offset -90)
  [FindResident] Vector at 0x7ffa0 (offset -96)
  [InitResident] Vector at 0x7ff9a (offset -102)
[runner:mtop]   [Alert] Vector at 0x7ff94 (offset -108)
  [Forbid] Vector at 0x7ff7c (offset -132)
  [Permit] Vector at 0x7ff76 (offset -138)
  [SuperState] Vector at 0x7ff6a (offset -150)
  [UserState] Vector at 0x7ff64 (offset -156)
[runner:mtop]   [Allocate] Vector at 0x7ff46 (offset -186)
  [Insert] Vector at 0x7ff16 (offset -234)
  [AddHead] Vector at 0x7ff10 (offset -240)
[runner:mtop]   [AddTail] Vector at 0x7ff0a (offset -246)
  [Remove] Vector at 0x7ff04 (offset -252)
  [RemHead] Vector at 0x7fefe (offset -258)
  [RemTail] Vector at 0x7fef8 (offset -264)
  [Enqueue] Vector at 0x7fef2 (offset -270)
[runner:mtop]   [InitSemaphore] Vector at 0x7fdd2 (offset -558)
  [ObtainSemaphore] Vector at 0x7fdcc (offset -564)
  [ReleaseSemaphore] Vector at 0x7fdc6 (offset -570)
  [AttemptSemaphore] Vector at 0x7fdc0 (offset -576)
  [FindSemaphore] Vector at 0x7fdae (offset -594)
[runner:mtop]   [OldOpenLibrary] Vector at 0x7fe68 (offset -408)
  [Disable] Vector at 0x7ff88 (offset -120)
  [Enable] Vector at 0x7ff82 (offset -126)
  [Deallocate] Vector at 0x7ff40 (offset -192)
[runner:mtop]   [AvailMem] Vector at 0x7ff28 (offset -216)
  [FindName] Vector at 0x7feec (offset -276)
  [TypeOfMem] Vector at 0x7fdea (offset -534)
  [CacheClearU] Vector at 0x7fd84 (offset -636)
  [CacheClearE] Vector at 0x7fd7e (offset -642)
  [ObtainSemaphoreShared] Vector at 0x7fd5a (offset -678)
[runner:mtop]   [AllocMem] Vector at 0x7ff3a (offset -198)
  [FreeMem] Vector at 0x7ff2e (offset -210)
  [FindTask] Vector at 0x7feda (offset -294)
  [SetTaskPri] Vector at 0x7fed4 (offset -300)
  [SetSignal] Vector at 0x7fece (offset -306)
  [FindPort] Vector at 0x7fe7a (offset -390)
  [PutMsg] Vector at 0x7fe92 (offset -366)
  [GetMsg] Vector at 0x7fe8c (offset -372)
  [Wait] Vector at 0x7fec2 (offset -318)
  [Signal] Vector at 0x7febc (offset -324)
  [Supervisor] Vector at 0x7ffe2 (offset -30)
  [AllocSignal] Vector at 0x7feb6 (offset -330)
[runner:mtop]   [AddPort] Vector at 0x7fe9e (offset -354)
  [ReplyMsg] Vector at 0x7fe86 (offset -378)
  [WaitPort] Vector at 0x7fe80 (offset -384)
  [CreatePort] Vector at 0x7ff8e (offset -114)
  [CreateMsgPort] Vector at 0x7fd66 (offset -666)
  [DeleteMsgPort] Vector at 0x7fd60 (offset -672)
  [AllocVec] Vector at 0x7fd54 (offset -684)
  [FreeVec] Vector at 0x7fd4e (offset -690)
[runner:mtop]   [CreatePool] Vector at 0x7fd48 (offset -696)
  [DeletePool] Vector at 0x7fd42 (offset -702)
  [AllocPooled] Vector at 0x7fd3c (offset -708)
  [FreePooled] Vector at 0x7fd36 (offset -714)
  [CopyMem] Vector at 0x7fd90 (offset -624)
[runner:mtop]   [CopyMemQuick] Vector at 0x7fd8a (offset -630)
  [StackSwap] Vector at 0x7fd24 (offset -732)
[LibraryTraps] Installed 87 Exec.library vectors
[runner:mtop] [LibraryTraps] Synced 86 trap addresses to MOIRA for batch execution
[runner:mtop] [LibraryLoader] Loading utility.library (version >= 37)
[LibraryLoader] ✅ utility.library is ROM-resident (using Kickstart ROM)
[LibraryLoader]   ROM libraries are native code in ROM, not loaded from disk
[runner:mtop] [LibraryTraps] Installing utility.library vectors at base 0xf0000
  [FindTagItem] Vector at 0xeffe2 (offset -30)
[runner:mtop]   [GetTagData] Vector at 0xeffdc (offset -36)
  [PackBoolTags] Vector at 0xeffd6 (offset -42)
  [NextTagItem] Vector at 0xeffd0 (offset -48)
  [FilterTagChanges] Vector at 0xeffca (offset -54)
  [Utility_-58_Stub] Vector at 0xeffc6 (offset -58)
  [MapTags] Vector at 0xeffc4 (offset -60)
  [AllocateTagItems] Vector at 0xeffbe (offset -66)
  [CloneTagItems] Vector at 0xeffb8 (offset -72)
  [FreeTagItems] Vector at 0xeffb2 (offset -78)
  [RefreshTagItemClones] Vector at 0xeffac (offset -84)
  [TagInArray] Vector at 0xeffa6 (offset -90)
  [FilterTagItems] Vector at 0xeffa0 (offset -96)
  [CallHookPkt] Vector at 0xeff9a (offset -102)
  [Amiga2Date] Vector at 0xeff88 (offset -120)
  [Date2Amiga] Vector at 0xeff82 (offset -126)
  [CheckDate] Vector at 0xeff7c (offset -132)
  [SMult32] Vector at 0xeff76 (offset -138)
  [UMult32] Vector at 0xeff70 (offset -144)
  [SDivMod32] Vector at 0xeff6a (offset -150)
  [UDivMod32] Vector at 0xeff64 (offset -156)
  [Stricmp] Vector at 0xeff5e (offset -162)
  [Strnicmp] Vector at 0xeff58 (offset -168)
  [ToUpper] Vector at 0xeff52 (offset -174)
  [ToLower] Vector at 0xeff4c (offset -180)
  [ApplyTagChanges] Vector at 0xeff46 (offset -186)
  [SMult64] Vector at 0xeff3a (offset -198)
  [UMult64] Vector at 0xeff34 (offset -204)
  [PackStructureTags] Vector at 0xeff2e (offset -210)
  [UnpackStructureTags] Vector at 0xeff28 (offset -216)
  [AddNamedObject] Vector at 0xeff22 (offset -222)
  [AllocNamedObjectA] Vector at 0xeff1c (offset -228)
  [AttemptRemNamedObject] Vector at 0xeff16 (offset -234)
  [FindNamedObject] Vector at 0xeff10 (offset -240)
  [FreeNamedObject] Vector at 0xeff0a (offset -246)
  [NamedObjectName] Vector at 0xeff04 (offset -252)
  [ReleaseNamedObject] Vector at 0xefefe (offset -258)
  [RemNamedObject] Vector at 0xefef8 (offset -264)
  [GetUniqueID] Vector at 0xefef2 (offset -270)
[LibraryTraps] Installed 39 utility.library vectors
[LibraryLoader] Loading icon.library (version >= 37)
[LibraryLoader] ✅ icon.library is ROM-resident (using Kickstart ROM)
[LibraryLoader]   ROM libraries are native code in ROM, not loaded from disk
[runner:mtop] [LibraryTraps] Installing icon.library vectors at base 0xd0000
  [FreeFreeList] Vector at 0xcffca (offset -54) [VERIFIED: 0x4afc]
  [AddFreeList] Vector at 0xcffb8 (offset -72) [VERIFIED: 0x4afc]
[runner:mtop]   [GetDiskObject] Vector at 0xcffb2 (offset -78) [VERIFIED: 0x4afc]
  [PutDiskObject] Vector at 0xcffac (offset -84) [VERIFIED: 0x4afc]
  [FreeDiskObject] Vector at 0xcffa6 (offset -90) [VERIFIED: 0x4afc]
  [FindToolType] Vector at 0xcffa0 (offset -96) [VERIFIED: 0x4afc]
  [MatchToolValue] Vector at 0xcff9a (offset -102) [VERIFIED: 0x4afc]
  [BumpRevision] Vector at 0xcff94 (offset -108) [VERIFIED: 0x4afc]
  [GetDefDiskObject] Vector at 0xcff88 (offset -120) [VERIFIED: 0x4afc]
  [PutDefDiskObject] Vector at 0xcff82 (offset -126) [VERIFIED: 0x4afc]
  [GetDiskObjectNew] Vector at 0xcff7c (offset -132) [VERIFIED: 0x4afc]
  [DeleteDiskObject] Vector at 0xcff76 (offset -138) [VERIFIED: 0x4afc]
[LibraryTraps] *** icon.library GetDiskObject at 0xcffe2 contains: 0x0 (should be 0x4AFC) ***
[LibraryTraps] *** icon.library FULLY OPERATIONAL - ALL traps installed and ready ***
[LibraryTraps] Installed 12 icon.library vectors
[runner:mtop] [LibraryLoader] Loading dos.library (version >= 37)
[LibraryLoader] ✅ dos.library is ROM-resident (using Kickstart ROM)
[LibraryLoader]   ROM libraries are native code in ROM, not loaded from disk
[runner:mtop] [LibraryTraps] Installing dos.library vectors at base 0xb0000
  [Open] Vector at 0xaffe2 (offset -30)
  [Close] Vector at 0xaffdc (offset -36)
  [Read] Vector at 0xaffd6 (offset -42)
  [Write] Vector at 0xaffd0 (offset -48)
  [Input] Vector at 0xaffca (offset -54)
  [Output] Vector at 0xaffc4 (offset -60)
  [Seek] Vector at 0xaffbe (offset -66)
  [DeleteFile] Vector at 0xaffb8 (offset -72)
  [Rename] Vector at 0xaffb2 (offset -78)
  [Lock] Vector at 0xaffac (offset -84)
  [UnLock] Vector at 0xaffa6 (offset -90)
  [DupLock] Vector at 0xaffa0 (offset -96)
  [Examine] Vector at 0xaff9a (offset -102)
  [ExNext] Vector at 0xaff94 (offset -108)
  [Info] Vector at 0xaff8e (offset -114)
  [CreateDir] Vector at 0xaff88 (offset -120)
  [CurrentDir] Vector at 0xaff82 (offset -126)
  [IoErr] Vector at 0xaff7c (offset -132)
  [CreateProc] Vector at 0xaff76 (offset -138)
  [Exit] Vector at 0xaff70 (offset -144)
  [LoadSeg] Vector at 0xaff6a (offset -150)
  [UnLoadSeg] Vector at 0xaff64 (offset -156)
  [DeviceProc] Vector at 0xaff52 (offset -174)
  [SetComment] Vector at 0xaff4c (offset -180)
  [SetProtection] Vector at 0xaff46 (offset -186)
  [DateStamp] Vector at 0xaff40 (offset -192)
  [Delay] Vector at 0xaff3a (offset -198)
  [WaitForChar] Vector at 0xaff34 (offset -204)
  [ParentDir] Vector at 0xaff2e (offset -210)
  [IsInteractive] Vector at 0xaff28 (offset -216)
  [Execute] Vector at 0xaff22 (offset -222)
  [AllocDosObject] Vector at 0xaff1c (offset -228)
  [FreeDosObject] Vector at 0xaff16 (offset -234)
  [SelectInput] Vector at 0xafeda (offset -294)
  [SelectOutput] Vector at 0xafed4 (offset -300)
  [FGetC] Vector at 0xafece (offset -306)
  [FPutC] Vector at 0xafec8 (offset -312)
  [UnGetC] Vector at 0xafec2 (offset -318)
  [FRead] Vector at 0xafebc (offset -324)
  [FWrite] Vector at 0xafeb6 (offset -330)
  [FGets] Vector at 0xafeb0 (offset -336)
  [FPuts] Vector at 0xafeaa (offset -342)
  [VFPrintf] Vector at 0xafe9e (offset -354)
  [Flush] Vector at 0xafe98 (offset -360)
  [DupLockFromFH] Vector at 0xafe8c (offset -372)
  [OpenFromLock] Vector at 0xafe86 (offset -378)
  [ParentOfFH] Vector at 0xafe80 (offset -384)
  [ExamineFH] Vector at 0xafe7a (offset -390)
  [NameFromLock] Vector at 0xafe6e (offset -402)
  [SplitName] Vector at 0xafe62 (offset -414)
  [SetIoErr] Vector at 0xafe32 (offset -462)
  [Fault] Vector at 0xafe2c (offset -468)
  [PrintFault] Vector at 0xafe26 (offset -474)
  [Cli] Vector at 0xafe14 (offset -492)
  [GetFileSysTask] Vector at 0xafdf6 (offset -522)
  [SetFileSysTask] Vector at 0xafdf0 (offset -528)
  [FindCliProc] Vector at 0xafdde (offset -546)
  [MaxCli] Vector at 0xafdd8 (offset -552)
  [GetCurrentDirName] Vector at 0xafdcc (offset -564)
  [GetProgramName] Vector at 0xafdc0 (offset -576)
  [SetProgramDir] Vector at 0xafdae (offset -594)
  [GetProgramDir] Vector at 0xafda8 (offset -600)
  [SystemTagList] Vector at 0xafda2 (offset -606)
  [DateToStr] Vector at 0xafd18 (offset -744)
  [StrToDate] Vector at 0xafd12 (offset -750)
  [CheckSignal] Vector at 0xafce8 (offset -792)
  [ReadArgs] Vector at 0xafce2 (offset -798)
  [ParsePattern] Vector at 0xafcb8 (offset -840)
  [MatchPattern] Vector at 0xafcb2 (offset -846)
  [FreeArgs] Vector at 0xafca6 (offset -858)
  [FilePart] Vector at 0xafc9a (offset -870)
  [PathPart] Vector at 0xafc94 (offset -876)
  [AddPart] Vector at 0xafc8e (offset -882)
  [SetVar] Vector at 0xafc7c (offset -900)
  [GetVar] Vector at 0xafc76 (offset -906)
  [DeleteVar] Vector at 0xafc70 (offset -912)
  [PutStr] Vector at 0xafc4c (offset -948)
  [VPrintf] Vector at 0xafc46 (offset -954)
  [ParsePatternNoCase] Vector at 0xafc3a (offset -966)
  [MatchPatternNoCase] Vector at 0xafc34 (offset -972)
  [LockDosList] Vector at 0xafd72 (offset -654)
  [UnLockDosList] Vector at 0xafd6c (offset -660)
  [AttemptLockDosList] Vector at 0xafd66 (offset -666)
  [FindDosEntry] Vector at 0xafd54 (offset -684)
  [NextDosEntry] Vector at 0xafd4e (offset -690)
  [MatchFirst] Vector at 0xafcca (offset -822)
  [MatchNext] Vector at 0xafcc4 (offset -828)
  [MatchEnd] Vector at 0xafcbe (offset -834)
  [IsFileSystem] Vector at 0xafe02 (offset -510)
  [SetProgramName] Vector at 0xafe0e (offset -498)
  [GetArgStr] Vector at 0xafdea (offset -534)
  [ReadItem] Vector at 0xafda2 (offset -606)
  [GetDeviceProc] Vector at 0xafd7e (offset -642)
  [VFWritef] Vector at 0xafea4 (offset -348)
  [SetMode] Vector at 0xafe56 (offset -426)
  [ExAll] Vector at 0xafe50 (offset -432)
  [StartNotify] Vector at 0xafc88 (offset -888)
  [DoPkt] Vector at 0xaff10 (offset -240)
  [StrToLong] Vector at 0xafcd0 (offset -816)
[LibraryTraps] Installed 99 dos.library vectors
[runner:mtop] [LibraryTraps] Installing dos.library vectors at base 0xb0000
  [Open] Vector at 0xaffe2 (offset -30)
  [Close] Vector at 0xaffdc (offset -36)
  [Read] Vector at 0xaffd6 (offset -42)
  [Write] Vector at 0xaffd0 (offset -48)
  [Input] Vector at 0xaffca (offset -54)
  [Output] Vector at 0xaffc4 (offset -60)
  [Seek] Vector at 0xaffbe (offset -66)
  [DeleteFile] Vector at 0xaffb8 (offset -72)
  [Rename] Vector at 0xaffb2 (offset -78)
  [Lock] Vector at 0xaffac (offset -84)
  [UnLock] Vector at 0xaffa6 (offset -90)
  [DupLock] Vector at 0xaffa0 (offset -96)
  [Examine] Vector at 0xaff9a (offset -102)
  [ExNext] Vector at 0xaff94 (offset -108)
  [Info] Vector at 0xaff8e (offset -114)
  [CreateDir] Vector at 0xaff88 (offset -120)
  [CurrentDir] Vector at 0xaff82 (offset -126)
  [IoErr] Vector at 0xaff7c (offset -132)
  [CreateProc] Vector at 0xaff76 (offset -138)
  [Exit] Vector at 0xaff70 (offset -144)
  [LoadSeg] Vector at 0xaff6a (offset -150)
  [UnLoadSeg] Vector at 0xaff64 (offset -156)
  [DeviceProc] Vector at 0xaff52 (offset -174)
  [SetComment] Vector at 0xaff4c (offset -180)
  [SetProtection] Vector at 0xaff46 (offset -186)
  [DateStamp] Vector at 0xaff40 (offset -192)
  [Delay] Vector at 0xaff3a (offset -198)
  [WaitForChar] Vector at 0xaff34 (offset -204)
  [ParentDir] Vector at 0xaff2e (offset -210)
  [IsInteractive] Vector at 0xaff28 (offset -216)
  [Execute] Vector at 0xaff22 (offset -222)
  [AllocDosObject] Vector at 0xaff1c (offset -228)
  [FreeDosObject] Vector at 0xaff16 (offset -234)
  [SelectInput] Vector at 0xafeda (offset -294)
  [SelectOutput] Vector at 0xafed4 (offset -300)
  [FGetC] Vector at 0xafece (offset -306)
  [FPutC] Vector at 0xafec8 (offset -312)
  [UnGetC] Vector at 0xafec2 (offset -318)
  [FRead] Vector at 0xafebc (offset -324)
  [FWrite] Vector at 0xafeb6 (offset -330)
  [FGets] Vector at 0xafeb0 (offset -336)
  [FPuts] Vector at 0xafeaa (offset -342)
  [VFPrintf] Vector at 0xafe9e (offset -354)
  [Flush] Vector at 0xafe98 (offset -360)
  [DupLockFromFH] Vector at 0xafe8c (offset -372)
  [OpenFromLock] Vector at 0xafe86 (offset -378)
  [ParentOfFH] Vector at 0xafe80 (offset -384)
  [ExamineFH] Vector at 0xafe7a (offset -390)
  [NameFromLock] Vector at 0xafe6e (offset -402)
  [SplitName] Vector at 0xafe62 (offset -414)
  [SetIoErr] Vector at 0xafe32 (offset -462)
  [Fault] Vector at 0xafe2c (offset -468)
  [PrintFault] Vector at 0xafe26 (offset -474)
  [Cli] Vector at 0xafe14 (offset -492)
  [GetFileSysTask] Vector at 0xafdf6 (offset -522)
[runner:mtop]   [SetFileSysTask] Vector at 0xafdf0 (offset -528)
  [FindCliProc] Vector at 0xafdde (offset -546)
  [MaxCli] Vector at 0xafdd8 (offset -552)
  [GetCurrentDirName] Vector at 0xafdcc (offset -564)
  [GetProgramName] Vector at 0xafdc0 (offset -576)
  [SetProgramDir] Vector at 0xafdae (offset -594)
  [GetProgramDir] Vector at 0xafda8 (offset -600)
  [SystemTagList] Vector at 0xafda2 (offset -606)
  [DateToStr] Vector at 0xafd18 (offset -744)
  [StrToDate] Vector at 0xafd12 (offset -750)
  [CheckSignal] Vector at 0xafce8 (offset -792)
  [ReadArgs] Vector at 0xafce2 (offset -798)
  [ParsePattern] Vector at 0xafcb8 (offset -840)
  [MatchPattern] Vector at 0xafcb2 (offset -846)
  [FreeArgs] Vector at 0xafca6 (offset -858)
  [FilePart] Vector at 0xafc9a (offset -870)
  [PathPart] Vector at 0xafc94 (offset -876)
  [AddPart] Vector at 0xafc8e (offset -882)
  [SetVar] Vector at 0xafc7c (offset -900)
  [GetVar] Vector at 0xafc76 (offset -906)
  [DeleteVar] Vector at 0xafc70 (offset -912)
  [PutStr] Vector at 0xafc4c (offset -948)
  [VPrintf] Vector at 0xafc46 (offset -954)
  [ParsePatternNoCase] Vector at 0xafc3a (offset -966)
  [MatchPatternNoCase] Vector at 0xafc34 (offset -972)
  [LockDosList] Vector at 0xafd72 (offset -654)
  [UnLockDosList] Vector at 0xafd6c (offset -660)
  [AttemptLockDosList] Vector at 0xafd66 (offset -666)
  [FindDosEntry] Vector at 0xafd54 (offset -684)
[runner:mtop]   [NextDosEntry] Vector at 0xafd4e (offset -690)
  [MatchFirst] Vector at 0xafcca (offset -822)
  [MatchNext] Vector at 0xafcc4 (offset -828)
  [MatchEnd] Vector at 0xafcbe (offset -834)
  [IsFileSystem] Vector at 0xafe02 (offset -510)
  [SetProgramName] Vector at 0xafe0e (offset -498)
  [GetArgStr] Vector at 0xafdea (offset -534)
  [ReadItem] Vector at 0xafda2 (offset -606)
  [GetDeviceProc] Vector at 0xafd7e (offset -642)
  [VFWritef] Vector at 0xafea4 (offset -348)
  [SetMode] Vector at 0xafe56 (offset -426)
  [ExAll] Vector at 0xafe50 (offset -432)
  [StartNotify] Vector at 0xafc88 (offset -888)
  [DoPkt] Vector at 0xaff10 (offset -240)
  [StrToLong] Vector at 0xafcd0 (offset -816)
[LibraryTraps] Installed 99 dos.library vectors
[runner:mtop] [LibraryTraps] ============================================
[LibraryTraps] AEDoor.library vectors: TRAP MODE (TypeScript handlers)
[LibraryTraps] Base address: 0x200000
[LibraryTraps] Installing 20 trap handlers...
[LibraryTraps] ============================================
  [CreateComm] 0x1fffe2 (offset -30): was JMP -> now ILLEGAL [OK]
  [DeleteComm] 0x1fffdc (offset -36): was JMP -> now ILLEGAL [OK]
  [SendCmd] 0x1fffd6 (offset -42): was JMP -> now ILLEGAL [OK]
  [SendStrCmd] 0x1fffd0 (offset -48): was JMP -> now ILLEGAL [OK]
  [SendDataCmd] 0x1fffca (offset -54): was JMP -> now ILLEGAL [OK]
  [SendStrDataCmd] 0x1fffc4 (offset -60): was JMP -> now ILLEGAL [OK]
  [GetData] 0x1fffbe (offset -66): was JMP -> now ILLEGAL [OK]
  [GetString] 0x1fffb8 (offset -72): was JMP -> now ILLEGAL [OK]
  [Prompt] 0x1fffb2 (offset -78): was JMP -> now ILLEGAL [OK]
  [WriteStr] 0x1fffac (offset -84): was JMP -> now ILLEGAL [OK]
  [ShowGFile] 0x1fffa6 (offset -90): was JMP -> now ILLEGAL [OK]
  [ShowFile] 0x1fffa0 (offset -96): was JMP -> now ILLEGAL [OK]
  [SetDT] 0x1fff9a (offset -102): was JMP -> now ILLEGAL [OK]
  [GetDT] 0x1fff94 (offset -108): was JMP -> now ILLEGAL [OK]
  [GetStr] 0x1fff8e (offset -114): was JMP -> now ILLEGAL [OK]
  [CopyStr] 0x1fff88 (offset -120): was JMP -> now ILLEGAL [OK]
  [HotKey] 0x1fff82 (offset -126): was JMP -> now ILLEGAL [OK]
  [PreCreateComm] 0x1fff7c (offset -132): was JMP -> now ILLEGAL [OK]
  [PostDeleteComm] 0x1fff76 (offset -138): was JMP -> now ILLEGAL [OK]
  [Stub_-24] 0x1fffe8 (offset -24): was JMP -> now ILLEGAL [OK]
[LibraryTraps] Installed 20 AEDoor.library vectors
[LibraryTraps] ============================================
[LibraryTraps] AEDoor.library vectors: TRAP MODE (TypeScript handlers)
[LibraryTraps] Base address: 0x200000
[LibraryTraps] Installing 20 trap handlers...
[LibraryTraps] ============================================
  [CreateComm] 0x1fffe2 (offset -30): was ILLEGAL -> now ILLEGAL [OK]
  [DeleteComm] 0x1fffdc (offset -36): was ILLEGAL -> now ILLEGAL [OK]
  [SendCmd] 0x1fffd6 (offset -42): was ILLEGAL -> now ILLEGAL [OK]
  [SendStrCmd] 0x1fffd0 (offset -48): was ILLEGAL -> now ILLEGAL [OK]
  [SendDataCmd] 0x1fffca (offset -54): was ILLEGAL -> now ILLEGAL [OK]
  [SendStrDataCmd] 0x1fffc4 (offset -60): was ILLEGAL -> now ILLEGAL [OK]
  [GetData] 0x1fffbe (offset -66): was ILLEGAL -> now ILLEGAL [OK]
  [GetString] 0x1fffb8 (offset -72): was ILLEGAL -> now ILLEGAL [OK]
  [Prompt] 0x1fffb2 (offset -78): was ILLEGAL -> now ILLEGAL [OK]
  [WriteStr] 0x1fffac (offset -84): was ILLEGAL -> now ILLEGAL [OK]
  [ShowGFile] 0x1fffa6 (offset -90): was ILLEGAL -> now ILLEGAL [OK]
  [ShowFile] 0x1fffa0 (offset -96): was ILLEGAL -> now ILLEGAL [OK]
  [SetDT] 0x1fff9a (offset -102): was ILLEGAL -> now ILLEGAL [OK]
  [GetDT] 0x1fff94 (offset -108): was ILLEGAL -> now ILLEGAL [OK]
  [GetStr] 0x1fff8e (offset -114): was ILLEGAL -> now ILLEGAL [OK]
  [CopyStr] 0x1fff88 (offset -120): was ILLEGAL -> now ILLEGAL [OK]
  [HotKey] 0x1fff82 (offset -126): was ILLEGAL -> now ILLEGAL [OK]
  [PreCreateComm] 0x1fff7c (offset -132): was ILLEGAL -> now ILLEGAL [OK]
  [PostDeleteComm] 0x1fff76 (offset -138): was ILLEGAL -> now ILLEGAL [OK]
  [Stub_-24] 0x1fffe8 (offset -24): was ILLEGAL -> now ILLEGAL [OK]
[LibraryTraps] Installed 20 AEDoor.library vectors
[BBS API] Setting up low-memory region 0x790-0x800
[BBS API] Low-memory setup complete
[LibraryTraps] Registered custom trap 'BBS_API_DISPATCHER' at 0x122310
[runner:mtop] [MulticomManager] initializeInEmulator: sessionId=session-8, nodeId=8, maxLinkedNodes=32
[MulticomManager] Initializing MULTICOM structures for session session-8
[runner:mtop] [MulticomManager] Linking myNode entries to singlePort structures (cap=32)
[MulticomManager]   myNode[0] at 0x1e003a -> singlePort at 0x1e1000
[MulticomManager]   myNode[1] at 0x1e00b6 -> singlePort at 0x1e1200
[MulticomManager]   myNode[2] at 0x1e0132 -> singlePort at 0x1e1400
[runner:mtop] [MulticomManager]   myNode[3] at 0x1e01ae -> singlePort at 0x1e1600
[MulticomManager]   myNode[4] at 0x1e022a -> singlePort at 0x1e1800
[MulticomManager]   myNode[5] at 0x1e02a6 -> singlePort at 0x1e1a00
[MulticomManager]   myNode[6] at 0x1e0322 -> singlePort at 0x1e1c00
[MulticomManager]   myNode[7] at 0x1e039e -> singlePort at 0x1e1e00
[MulticomManager]   myNode[8] at 0x1e041a -> singlePort at 0x1e2000
[MulticomManager]   myNode[9] at 0x1e0496 -> singlePort at 0x1e2200
[MulticomManager]   myNode[10] at 0x1e0512 -> singlePort at 0x1e2400
[MulticomManager]   myNode[11] at 0x1e058e -> singlePort at 0x1e2600
[MulticomManager]   myNode[12] at 0x1e060a -> singlePort at 0x1e2800
[MulticomManager]   myNode[13] at 0x1e0686 -> singlePort at 0x1e2a00
[MulticomManager]   myNode[14] at 0x1e0702 -> singlePort at 0x1e2c00
[MulticomManager]   myNode[15] at 0x1e077e -> singlePort at 0x1e2e00
[MulticomManager]   myNode[16] at 0x1e07fa -> singlePort at 0x1e3000
[MulticomManager]   myNode[17] at 0x1e0876 -> singlePort at 0x1e3200
[MulticomManager]   myNode[18] at 0x1e08f2 -> singlePort at 0x1e3400
[MulticomManager]   myNode[19] at 0x1e096e -> singlePort at 0x1e3600
[MulticomManager]   myNode[20] at 0x1e09ea -> singlePort at 0x1e3800
[MulticomManager]   myNode[21] at 0x1e0a66 -> singlePort at 0x1e3a00
[MulticomManager]   myNode[22] at 0x1e0ae2 -> singlePort at 0x1e3c00
[MulticomManager]   myNode[23] at 0x1e0b5e -> singlePort at 0x1e3e00
[MulticomManager]   myNode[24] at 0x1e0bda -> singlePort at 0x1e4000
[MulticomManager]   myNode[25] at 0x1e0c56 -> singlePort at 0x1e4200
[MulticomManager]   myNode[26] at 0x1e0cd2 -> singlePort at 0x1e4400
[MulticomManager]   myNode[27] at 0x1e0d4e -> singlePort at 0x1e4600
[MulticomManager]   myNode[28] at 0x1e0dca -> singlePort at 0x1e4800
[MulticomManager]   myNode[29] at 0x1e0e46 -> singlePort at 0x1e4a00
[MulticomManager]   myNode[30] at 0x1e0ec2 -> singlePort at 0x1e4c00
[MulticomManager]   myNode[31] at 0x1e0f3e -> singlePort at 0x1e4e00
[MulticomManager] Node structures linked
[MulticomManager] writeAllNodesToEmulator: Writing 0 tracked nodes
[MulticomManager] WARNING: No nodes tracked yet - emulator will have blank MULTICOM data
[runner:mtop] [MulticomManager] writeAllNodesToEmulator complete
[MulticomManager] Session session-8 initialized successfully, emulators.size now=1
[runner:mtop] [MulticomManager] updateNode called: nodeId=8, username="Sysop", emulators.size=1
[runner:mtop] [MulticomManager] Writing to emulator session session-8
[runner:mtop] [MulticomManager] Writing myNode[8] at 0x1e041a: username="Sysop"
[runner:mtop] [MulticomManager] Writing singlePort[8] at 0x1e2000: username="Sysop", location="Local Console", status=3
[runner:mtop] [MulticomManager]   -> handle at 0x1e2056: "Sysop"
[runner:mtop] [MulticomManager]   -> location at 0x1e2075: "Local Console"
[runner:mtop] [MulticomManager] VERIFY singlePort[8]: handle="Sysop", location="Local Console", status=3
[runner:mtop] [MulticomManager] Node 8 updated in 1 emulator(s)
[runner:mtop] [EnvStat] Writing /tmp/ram/ENV/STATS@8 (node 8, stat 3)
[runner:mtop] [DoorLoader] Writing random seed 0x280f50db to 0x400
[DoorLoader] Read back: 0x280f50db
[runner:mtop] [Self-Mod Code] Registered CODE region: 0x2008-0x6d5b (19796 bytes)
[runner:mtop] [HunkLoader] Applying 61 relocations to 1 segments
[runner:mtop] [HunkLoader] Segment 0 (CODE) at 0x2008: 61 relocations
  [0] offset=0x1b6 addr=0x21be before=0x4b9e after=0x6ba6 target=seg0(0x2008)
  [1] offset=0x1f2 addr=0x21fa before=0x4adc after=0x6ae4 target=seg0(0x2008)
  [2] offset=0x240 addr=0x2248 before=0x4b6e after=0x6b76 target=seg0(0x2008)
  [3] offset=0x268 addr=0x2270 before=0x4b9e after=0x6ba6 target=seg0(0x2008)
  [4] offset=0x284 addr=0x228c before=0x4b7a after=0x6b82 target=seg0(0x2008)
[runner:mtop] [SharedBBSData] Allocated shared BBS memory:
  cmds:       0xf00300 (1976 bytes)
  sopt:       0xf00ab8 (888 bytes)
  nodeState:  0xf00e30 (32 bytes)
[runner:mtop] [CommandsStructure] Writing commands at 0xf00300
[runner:mtop] [CommandsStructure] Wrote BBS config: "AmiExpress Web BBS"
[StartOptionStructure] Writing startOption at 0xf00ab8
[runner:mtop] [StartOptionStructure] Wrote node settings
[runner:mtop] [NodeStateGlobals] Wrote node state at 0xf00e30
  currentConf: 0
  node: 8
  timeLimit: 3600
[runner:mtop] [READ8] addr=0x0f0081 page=0x0f memSrc=1
[runner:mtop] [READ8] CHIP: addr=0x0f0081 offset=0x0f0081 value=0x00 ( )
[READ8] addr=0x0f0082 page=0x0f memSrc=1
[READ8] CHIP: addr=0x0f0082 offset=0x0f0082 value=0x00 ( )
[READ8] addr=0x0f0083 page=0x0f memSrc=1
[READ8] CHIP: addr=0x0f0083 offset=0x0f0083 value=0x00 ( )
[READ8] addr=0x0f0084 page=0x0f memSrc=1
[READ8] CHIP: addr=0x0f0084 offset=0x0f0084 value=0x00 ( )
[MEMORY-READ] readMemory32(0xf0081) = 0x00000000
[DoorLoader] No DATA segment found - allocating synthetic BSS for single-hunk executable
[DoorLoader] Segment types: code
[runner:mtop] [MOIRA] Overclocking set to 500x
[MoiraEmulator] Overclocking set to 500x
[runner:mtop] [SOCKET:door:status] {"status":"running"}
[runner:mtop] [MOIRA] Overclocking set to 5000x
[MoiraEmulator] Overclocking set to 5000x
[runner:mtop] [LibraryTraps] VERIFICATION: All 256 ILLEGAL instructions verified OK
[LibraryTraps] Synced 256 trap addresses to MOIRA for batch execution
[runner:mtop] [DoorLifecycleManager] FIRST INVALID PC DETECTED!
  Previous PC: 0x2008
  Instruction: movea.l $4.w, A6
  New PC: 0x7ff3a (OUT OF BOUNDS)
  Code region: 0x2008-0x6d5c
  D0=0x3978 D1=0x10000 D2=0x3978
  A0=0xf0100 A1=0x6d5c A2=0x0
  A3=0x0 A4=0xa006 A5=0xf0100 SP=0x50010
  This instruction caused the first jump outside code!
  Raw bytes: opcode=0x2c78 operand=0x42a48
[runner:mtop] [exec-vectors] AllocMem TRAP: size=14712 (0x3978) flags=0x10000
[runner:mtop] [exec-vectors] AllocMem TRAP result: 0x122520
[runner:mtop] [ExecLibrary] Forbid() - stub (no-op)
[runner:mtop] [ExecLibrary] Permit() - stub (no-op)
[runner:mtop] [exec-vectors] FindTask TRAP: name="(null - current task)"
[runner:mtop] [exec-vectors] FindTask TRAP result: 0x7e00
[runner:mtop] [exec-vectors] OpenLibrary TRAP: name="intuition.library" version=37
[runner:mtop] [LibraryLoader] Loading intuition.library (version >= 37)
[LibraryLoader] ✅ intuition.library is ROM-resident (using Kickstart ROM)
[LibraryLoader]   ROM libraries are native code in ROM, not loaded from disk
[runner:mtop] [LibraryTraps] Installing intuition.library vectors at base 0xe0000
[runner:mtop]   [CloseWindow] Vector at 0xdffb8 (offset -72)
  [CloseScreen] Vector at 0xdffbe (offset -66)
[runner:mtop]   [OpenScreen] Vector at 0xdff3a (offset -198)
  [OpenWindow] Vector at 0xdff34 (offset -204)
  [SetWindowTitles] Vector at 0xdfeec (offset -276)
  [RefreshGadgets] Vector at 0xdff22 (offset -222)
[runner:mtop]   [AutoRequest] Vector at 0xdfea4 (offset -348)
  [OpenWorkBench] Vector at 0xdff2e (offset -210)
[LibraryTraps] Installed 8 intuition.library vectors
[runner:mtop] [LibraryTraps] Installing intuition.library vectors at base 0xe0000
  [CloseWindow] Vector at 0xdffb8 (offset -72)
[runner:mtop]   [CloseScreen] Vector at 0xdffbe (offset -66)
  [OpenScreen] Vector at 0xdff3a (offset -198)
  [OpenWindow] Vector at 0xdff34 (offset -204)
  [SetWindowTitles] Vector at 0xdfeec (offset -276)
[runner:mtop]   [RefreshGadgets] Vector at 0xdff22 (offset -222)
  [AutoRequest] Vector at 0xdfea4 (offset -348)
  [OpenWorkBench] Vector at 0xdff2e (offset -210)
[runner:mtop] [LibraryTraps] Installed 8 intuition.library vectors
[runner:mtop] [LibraryTraps] Synced 264 trap addresses to MOIRA for batch execution
[exec-vectors] OpenLibrary TRAP result: 0xe0000
[runner:mtop] [exec-vectors] OpenLibrary TRAP: name="graphics.library" version=33
[runner:mtop] [LibraryLoader] Loading graphics.library (version >= 33)
[LibraryLoader] ✅ graphics.library is ROM-resident (using Kickstart ROM)
[LibraryLoader]   ROM libraries are native code in ROM, not loaded from disk
[runner:mtop] [exec-vectors] OpenLibrary TRAP result: 0xe8000
[runner:mtop] [exec-vectors] OpenLibrary TRAP: name="dos.library" version=33
[runner:mtop] [LibraryLoader] Loading dos.library (version >= 33)
[LibraryLoader] ✅ dos.library is ROM-resident (using Kickstart ROM)
[LibraryLoader]   ROM libraries are native code in ROM, not loaded from disk
[runner:mtop] [LibraryTraps] Installing dos.library vectors at base 0xb0000
  [Open] Vector at 0xaffe2 (offset -30)
[runner:mtop]   [Close] Vector at 0xaffdc (offset -36)
  [Read] Vector at 0xaffd6 (offset -42)
[runner:mtop]   [Write] Vector at 0xaffd0 (offset -48)
  [Input] Vector at 0xaffca (offset -54)
  [Output] Vector at 0xaffc4 (offset -60)
  [Seek] Vector at 0xaffbe (offset -66)
  [DeleteFile] Vector at 0xaffb8 (offset -72)
  [Rename] Vector at 0xaffb2 (offset -78)
  [Lock] Vector at 0xaffac (offset -84)
[runner:mtop]   [UnLock] Vector at 0xaffa6 (offset -90)
  [DupLock] Vector at 0xaffa0 (offset -96)
  [Examine] Vector at 0xaff9a (offset -102)
  [ExNext] Vector at 0xaff94 (offset -108)
  [Info] Vector at 0xaff8e (offset -114)
  [CreateDir] Vector at 0xaff88 (offset -120)
  [CurrentDir] Vector at 0xaff82 (offset -126)
[runner:mtop]   [IoErr] Vector at 0xaff7c (offset -132)
  [CreateProc] Vector at 0xaff76 (offset -138)
  [Exit] Vector at 0xaff70 (offset -144)
  [LoadSeg] Vector at 0xaff6a (offset -150)
  [UnLoadSeg] Vector at 0xaff64 (offset -156)
  [DeviceProc] Vector at 0xaff52 (offset -174)
[runner:mtop]   [SetComment] Vector at 0xaff4c (offset -180)
  [SetProtection] Vector at 0xaff46 (offset -186)
  [DateStamp] Vector at 0xaff40 (offset -192)
  [Delay] Vector at 0xaff3a (offset -198)
  [WaitForChar] Vector at 0xaff34 (offset -204)
  [ParentDir] Vector at 0xaff2e (offset -210)
  [IsInteractive] Vector at 0xaff28 (offset -216)
[runner:mtop]   [Execute] Vector at 0xaff22 (offset -222)
  [AllocDosObject] Vector at 0xaff1c (offset -228)
  [FreeDosObject] Vector at 0xaff16 (offset -234)
  [SelectInput] Vector at 0xafeda (offset -294)
  [SelectOutput] Vector at 0xafed4 (offset -300)
  [FGetC] Vector at 0xafece (offset -306)
[runner:mtop]   [FPutC] Vector at 0xafec8 (offset -312)
  [UnGetC] Vector at 0xafec2 (offset -318)
  [FRead] Vector at 0xafebc (offset -324)
  [FWrite] Vector at 0xafeb6 (offset -330)
  [FGets] Vector at 0xafeb0 (offset -336)
  [FPuts] Vector at 0xafeaa (offset -342)
  [VFPrintf] Vector at 0xafe9e (offset -354)
[runner:mtop]   [Flush] Vector at 0xafe98 (offset -360)
  [DupLockFromFH] Vector at 0xafe8c (offset -372)
  [OpenFromLock] Vector at 0xafe86 (offset -378)
  [ParentOfFH] Vector at 0xafe80 (offset -384)
  [ExamineFH] Vector at 0xafe7a (offset -390)
  [NameFromLock] Vector at 0xafe6e (offset -402)
  [SplitName] Vector at 0xafe62 (offset -414)
  [SetIoErr] Vector at 0xafe32 (offset -462)
  [Fault] Vector at 0xafe2c (offset -468)
  [PrintFault] Vector at 0xafe26 (offset -474)
  [Cli] Vector at 0xafe14 (offset -492)
  [GetFileSysTask] Vector at 0xafdf6 (offset -522)
  [SetFileSysTask] Vector at 0xafdf0 (offset -528)
  [FindCliProc] Vector at 0xafdde (offset -546)
  [MaxCli] Vector at 0xafdd8 (offset -552)
  [GetCurrentDirName] Vector at 0xafdcc (offset -564)
  [GetProgramName] Vector at 0xafdc0 (offset -576)
  [SetProgramDir] Vector at 0xafdae (offset -594)
  [GetProgramDir] Vector at 0xafda8 (offset -600)
  [SystemTagList] Vector at 0xafda2 (offset -606)
  [DateToStr] Vector at 0xafd18 (offset -744)
  [StrToDate] Vector at 0xafd12 (offset -750)
  [CheckSignal] Vector at 0xafce8 (offset -792)
  [ReadArgs] Vector at 0xafce2 (offset -798)
  [ParsePattern] Vector at 0xafcb8 (offset -840)
  [MatchPattern] Vector at 0xafcb2 (offset -846)
  [FreeArgs] Vector at 0xafca6 (offset -858)
  [FilePart] Vector at 0xafc9a (offset -870)
  [PathPart] Vector at 0xafc94 (offset -876)
  [AddPart] Vector at 0xafc8e (offset -882)
  [SetVar] Vector at 0xafc7c (offset -900)
  [GetVar] Vector at 0xafc76 (offset -906)
  [DeleteVar] Vector at 0xafc70 (offset -912)
  [PutStr] Vector at 0xafc4c (offset -948)
  [VPrintf] Vector at 0xafc46 (offset -954)
  [ParsePatternNoCase] Vector at 0xafc3a (offset -966)
[runner:mtop]   [MatchPatternNoCase] Vector at 0xafc34 (offset -972)
  [LockDosList] Vector at 0xafd72 (offset -654)
  [UnLockDosList] Vector at 0xafd6c (offset -660)
  [AttemptLockDosList] Vector at 0xafd66 (offset -666)
[runner:mtop]   [FindDosEntry] Vector at 0xafd54 (offset -684)
  [NextDosEntry] Vector at 0xafd4e (offset -690)
  [MatchFirst] Vector at 0xafcca (offset -822)
  [MatchNext] Vector at 0xafcc4 (offset -828)
  [MatchEnd] Vector at 0xafcbe (offset -834)
  [IsFileSystem] Vector at 0xafe02 (offset -510)
  [SetProgramName] Vector at 0xafe0e (offset -498)
[runner:mtop]   [GetArgStr] Vector at 0xafdea (offset -534)
  [ReadItem] Vector at 0xafda2 (offset -606)
  [GetDeviceProc] Vector at 0xafd7e (offset -642)
  [VFWritef] Vector at 0xafea4 (offset -348)
  [SetMode] Vector at 0xafe56 (offset -426)
  [ExAll] Vector at 0xafe50 (offset -432)
  [StartNotify] Vector at 0xafc88 (offset -888)
[runner:mtop]   [DoPkt] Vector at 0xaff10 (offset -240)
  [StrToLong] Vector at 0xafcd0 (offset -816)
[LibraryTraps] Installed 99 dos.library vectors
[LibraryTraps] Installing dos.library vectors at base 0xb0000
[runner:mtop]   [Open] Vector at 0xaffe2 (offset -30)
  [Close] Vector at 0xaffdc (offset -36)
  [Read] Vector at 0xaffd6 (offset -42)
  [Write] Vector at 0xaffd0 (offset -48)
  [Input] Vector at 0xaffca (offset -54)
  [Output] Vector at 0xaffc4 (offset -60)
  [Seek] Vector at 0xaffbe (offset -66)
[runner:mtop]   [DeleteFile] Vector at 0xaffb8 (offset -72)
  [Rename] Vector at 0xaffb2 (offset -78)
  [Lock] Vector at 0xaffac (offset -84)
  [UnLock] Vector at 0xaffa6 (offset -90)
  [DupLock] Vector at 0xaffa0 (offset -96)
  [Examine] Vector at 0xaff9a (offset -102)
[runner:mtop]   [ExNext] Vector at 0xaff94 (offset -108)
  [Info] Vector at 0xaff8e (offset -114)
  [CreateDir] Vector at 0xaff88 (offset -120)
  [CurrentDir] Vector at 0xaff82 (offset -126)
  [IoErr] Vector at 0xaff7c (offset -132)
  [CreateProc] Vector at 0xaff76 (offset -138)
  [Exit] Vector at 0xaff70 (offset -144)
[runner:mtop]   [LoadSeg] Vector at 0xaff6a (offset -150)
  [UnLoadSeg] Vector at 0xaff64 (offset -156)
  [DeviceProc] Vector at 0xaff52 (offset -174)
  [SetComment] Vector at 0xaff4c (offset -180)
  [SetProtection] Vector at 0xaff46 (offset -186)
  [DateStamp] Vector at 0xaff40 (offset -192)
  [Delay] Vector at 0xaff3a (offset -198)
  [WaitForChar] Vector at 0xaff34 (offset -204)
[runner:mtop]   [ParentDir] Vector at 0xaff2e (offset -210)
  [IsInteractive] Vector at 0xaff28 (offset -216)
  [Execute] Vector at 0xaff22 (offset -222)
  [AllocDosObject] Vector at 0xaff1c (offset -228)
  [FreeDosObject] Vector at 0xaff16 (offset -234)
  [SelectInput] Vector at 0xafeda (offset -294)
  [SelectOutput] Vector at 0xafed4 (offset -300)
[runner:mtop]   [FGetC] Vector at 0xafece (offset -306)
  [FPutC] Vector at 0xafec8 (offset -312)
  [UnGetC] Vector at 0xafec2 (offset -318)
  [FRead] Vector at 0xafebc (offset -324)
  [FWrite] Vector at 0xafeb6 (offset -330)
  [FGets] Vector at 0xafeb0 (offset -336)
  [FPuts] Vector at 0xafeaa (offset -342)
  [VFPrintf] Vector at 0xafe9e (offset -354)
[runner:mtop]   [Flush] Vector at 0xafe98 (offset -360)
  [DupLockFromFH] Vector at 0xafe8c (offset -372)
  [OpenFromLock] Vector at 0xafe86 (offset -378)
  [ParentOfFH] Vector at 0xafe80 (offset -384)
  [ExamineFH] Vector at 0xafe7a (offset -390)
  [NameFromLock] Vector at 0xafe6e (offset -402)
  [SplitName] Vector at 0xafe62 (offset -414)
  [SetIoErr] Vector at 0xafe32 (offset -462)
[runner:mtop]   [Fault] Vector at 0xafe2c (offset -468)
  [PrintFault] Vector at 0xafe26 (offset -474)
  [Cli] Vector at 0xafe14 (offset -492)
  [GetFileSysTask] Vector at 0xafdf6 (offset -522)
  [SetFileSysTask] Vector at 0xafdf0 (offset -528)
  [FindCliProc] Vector at 0xafdde (offset -546)
  [MaxCli] Vector at 0xafdd8 (offset -552)
[runner:mtop]   [GetCurrentDirName] Vector at 0xafdcc (offset -564)
  [GetProgramName] Vector at 0xafdc0 (offset -576)
  [SetProgramDir] Vector at 0xafdae (offset -594)
  [GetProgramDir] Vector at 0xafda8 (offset -600)
  [SystemTagList] Vector at 0xafda2 (offset -606)
  [DateToStr] Vector at 0xafd18 (offset -744)
  [StrToDate] Vector at 0xafd12 (offset -750)
  [CheckSignal] Vector at 0xafce8 (offset -792)
  [ReadArgs] Vector at 0xafce2 (offset -798)
  [ParsePattern] Vector at 0xafcb8 (offset -840)
  [MatchPattern] Vector at 0xafcb2 (offset -846)
  [FreeArgs] Vector at 0xafca6 (offset -858)
  [FilePart] Vector at 0xafc9a (offset -870)
  [PathPart] Vector at 0xafc94 (offset -876)
  [AddPart] Vector at 0xafc8e (offset -882)
  [SetVar] Vector at 0xafc7c (offset -900)
  [GetVar] Vector at 0xafc76 (offset -906)
  [DeleteVar] Vector at 0xafc70 (offset -912)
  [PutStr] Vector at 0xafc4c (offset -948)
[runner:mtop]   [VPrintf] Vector at 0xafc46 (offset -954)
  [ParsePatternNoCase] Vector at 0xafc3a (offset -966)
  [MatchPatternNoCase] Vector at 0xafc34 (offset -972)
  [LockDosList] Vector at 0xafd72 (offset -654)
  [UnLockDosList] Vector at 0xafd6c (offset -660)
  [AttemptLockDosList] Vector at 0xafd66 (offset -666)
  [FindDosEntry] Vector at 0xafd54 (offset -684)
[runner:mtop]   [NextDosEntry] Vector at 0xafd4e (offset -690)
  [MatchFirst] Vector at 0xafcca (offset -822)
  [MatchNext] Vector at 0xafcc4 (offset -828)
  [MatchEnd] Vector at 0xafcbe (offset -834)
  [IsFileSystem] Vector at 0xafe02 (offset -510)
  [SetProgramName] Vector at 0xafe0e (offset -498)
  [GetArgStr] Vector at 0xafdea (offset -534)
[runner:mtop]   [ReadItem] Vector at 0xafda2 (offset -606)
  [GetDeviceProc] Vector at 0xafd7e (offset -642)
  [VFWritef] Vector at 0xafea4 (offset -348)
  [SetMode] Vector at 0xafe56 (offset -426)
  [ExAll] Vector at 0xafe50 (offset -432)
  [StartNotify] Vector at 0xafc88 (offset -888)
  [DoPkt] Vector at 0xaff10 (offset -240)
[runner:mtop]   [StrToLong] Vector at 0xafcd0 (offset -816)
[LibraryTraps] Installed 99 dos.library vectors
[ExecLibrary] *** dos.library opened - base=0xb0000 *** Door should store this and use it for all DOS calls
[runner:mtop] [exec-vectors] OpenLibrary TRAP result: 0xb0000
[runner:mtop] [exec-vectors] AllocMem TRAP: size=5008 (0x1390) flags=0x10000
[runner:mtop] [exec-vectors] AllocMem TRAP result: 0x125e98
[runner:mtop] [exec-vectors] AllocMem TRAP: size=4016 (0xfb0) flags=0x10000
[runner:mtop] [exec-vectors] AllocMem TRAP result: 0x127228
[runner:mtop] [FileManager] Open: "bbs:user.data" mode=1005
[runner:mtop] [PathManager] Mapped (case-insensitive): "bbs:user.data" => "/Users/spot/Code/amiexpress-web/user.data"
[FileManager] Open: "bbs:user.data" -> "/Users/spot/Code/amiexpress-web/user.data" (EXISTS)
[runner:mtop] [FileManager] Opened file: [FH:'user.data'(ami='bbs:user.data',sys='/Users/spot/Code/amiexpress-web/user.data',nc=true)@0x0=B@0x3]
[runner:mtop] [FileManager] Open: "bbs:user.keys" mode=1005
[runner:mtop] [PathManager] Mapped (case-insensitive): "bbs:user.keys" => "/Users/spot/Code/amiexpress-web/user.keys"
[FileManager] Open: "bbs:user.keys" -> "/Users/spot/Code/amiexpress-web/user.keys" (EXISTS)
[runner:mtop] [FileManager] Opened file: [FH:'user.keys'(ami='bbs:user.keys',sys='/Users/spot/Code/amiexpress-web/user.keys',nc=true)@0x0=B@0x4]
[runner:mtop] [FileManager] Open: "bbs:user.misc" mode=1005
[runner:mtop] [PathManager] Mapped (case-insensitive): "bbs:user.misc" => "/Users/spot/Code/amiexpress-web/user.misc"
[FileManager] Open: "bbs:user.misc" -> "/Users/spot/Code/amiexpress-web/user.misc" (EXISTS)
[runner:mtop] [FileManager] Opened file: [FH:'user.misc'(ami='bbs:user.misc',sys='/Users/spot/Code/amiexpress-web/user.misc',nc=true)@0x0=B@0x5]
[runner:mtop] [FileManager] Open: "doors:multitop/designs/mtopmsgs1.dsg" mode=1005
[runner:mtop] [PathManager] Mapped (case-insensitive): "doors:multitop/designs/mtopmsgs1.dsg" => "/Users/spot/Code/amiexpress-web/Doors/multitop/designs/mtopmsgs1.dsg"
[FileManager] Open: "doors:multitop/designs/mtopmsgs1.dsg" -> "/Users/spot/Code/amiexpress-web/Doors/multitop/designs/mtopmsgs1.dsg" (EXISTS)
[runner:mtop] [FileManager] Opened file: [FH:'mtopmsgs1.dsg'(ami='doors:multitop/designs/mtopmsgs1.dsg',sys='/Users/spot/Code/amiexpress-web/Doors/multitop/designs/mtopmsgs1.dsg',nc=true)@0x0=B@0x6]
[runner:mtop] [FileManager] Open: "bbs:bulletins/bull3.txt" mode=1006
[runner:mtop] [PathManager] Mapped (case-insensitive): "bbs:bulletins/bull3.txt" => "/Users/spot/Code/amiexpress-web/bulletins/bull3.txt"
[FileManager] Open: "bbs:bulletins/bull3.txt" -> "/Users/spot/Code/amiexpress-web/bulletins/bull3.txt" (EXISTS)
[runner:mtop] [FileHandle] After open: "bbs:bulletins/bull3.txt" size=0 bytes (write mode)
[runner:mtop] [FileManager] Opened file: [FH:'bull3.txt'(ami='bbs:bulletins/bull3.txt',sys='/Users/spot/Code/amiexpress-web/bulletins/bull3.txt',nc=true)@0x0=B@0x7]
[runner:mtop] [FileHandle] write 90 bytes to /Users/spot/Code/amiexpress-web/bulletins/bull3.txt
[runner:mtop] [FileHandle] write 92 bytes to /Users/spot/Code/amiexpress-web/bulletins/bull3.txt
[runner:mtop] [FileHandle] write 1 bytes to /Users/spot/Code/amiexpress-web/bulletins/bull3.txt
[runner:mtop] [FileHandle] write 87 bytes to /Users/spot/Code/amiexpress-web/bulletins/bull3.txt
[runner:mtop] [FileHandle] write 87 bytes to /Users/spot/Code/amiexpress-web/bulletins/bull3.txt
[runner:mtop] [FileHandle] write 96 bytes to /Users/spot/Code/amiexpress-web/bulletins/bull3.txt
[runner:mtop] [FileHandle] write 96 bytes to /Users/spot/Code/amiexpress-web/bulletins/bull3.txt
[runner:mtop] [FileHandle] write 96 bytes to /Users/spot/Code/amiexpress-web/bulletins/bull3.txt
[runner:mtop] [FileHandle] write 96 bytes to /Users/spot/Code/amiexpress-web/bulletins/bull3.txt
[runner:mtop] [FileHandle] write 96 bytes to /Users/spot/Code/amiexpress-web/bulletins/bull3.txt
[runner:mtop] [FileHandle] write 96 bytes to /Users/spot/Code/amiexpress-web/bulletins/bull3.txt
[runner:mtop] [FileHandle] write 96 bytes to /Users/spot/Code/amiexpress-web/bulletins/bull3.txt
[runner:mtop] [FileHandle] write 96 bytes to /Users/spot/Code/amiexpress-web/bulletins/bull3.txt
[runner:mtop] [FileHandle] write 96 bytes to /Users/spot/Code/amiexpress-web/bulletins/bull3.txt
[runner:mtop] [FileHandle] write 96 bytes to /Users/spot/Code/amiexpress-web/bulletins/bull3.txt
[runner:mtop] [FileHandle] write 96 bytes to /Users/spot/Code/amiexpress-web/bulletins/bull3.txt
[runner:mtop] [FileHandle] write 96 bytes to /Users/spot/Code/amiexpress-web/bulletins/bull3.txt
[runner:mtop] [FileHandle] write 96 bytes to /Users/spot/Code/amiexpress-web/bulletins/bull3.txt
[runner:mtop] [FileHandle] write 96 bytes to /Users/spot/Code/amiexpress-web/bulletins/bull3.txt
[runner:mtop] [FileHandle] write 96 bytes to /Users/spot/Code/amiexpress-web/bulletins/bull3.txt
[runner:mtop] [FileHandle] write 87 bytes to /Users/spot/Code/amiexpress-web/bulletins/bull3.txt
[runner:mtop] [FileHandle] write 120 bytes to /Users/spot/Code/amiexpress-web/bulletins/bull3.txt
[runner:mtop] [FileHandle] write 120 bytes to /Users/spot/Code/amiexpress-web/bulletins/bull3.txt
[runner:mtop] [FileManager] Close BPTR=4
[runner:mtop] [FileManager] Closed: [FH:'user.keys'(ami='bbs:user.keys',sys='/Users/spot/Code/amiexpress-web/user.keys',nc=true)@0x0=B@0x4]
[runner:mtop] [FileManager] Close BPTR=5
[runner:mtop] [FileManager] Closed: [FH:'user.misc'(ami='bbs:user.misc',sys='/Users/spot/Code/amiexpress-web/user.misc',nc=true)@0x0=B@0x5]
[runner:mtop] [FileManager] Close BPTR=6
[runner:mtop] [FileManager] Closed: [FH:'mtopmsgs1.dsg'(ami='doors:multitop/designs/mtopmsgs1.dsg',sys='/Users/spot/Code/amiexpress-web/Doors/multitop/designs/mtopmsgs1.dsg',nc=true)@0x0=B@0x6]
[runner:mtop] [FileManager] Close BPTR=7
[runner:mtop] [FileManager] Closed: [FH:'bull3.txt'(ami='bbs:bulletins/bull3.txt',sys='/Users/spot/Code/amiexpress-web/bulletins/bull3.txt',nc=true)@0x0=B@0x7]
[runner:mtop] [SOCKET:door:status] {"status":"terminated"}
[runner:mtop] [EnvStat] Writing /tmp/ram/ENV/STATS@8 (node 8, stat 0)
[DoorDropFile] Created DOOR.SYS for Node8
[DoorDropFile] Created DORINFO8.DEF for Node8
[BatchScheduler] Running door mtop as type SIM (overclock=5000x)
[BatchScheduler] spawn env DOOR_OVERCLOCK=5000 for mtop
[runner:mtop] [DoorLogger] Creating logger for door: mtop node: 8
[runner:mtop] [DoorLogger] __dirname: /Users/spot/Code/amiexpress-web/web/backend/src/amiga-emulation, projectRoot: /Users/spot/Code/amiexpress-web, logs dir: /Users/spot/Code/amiexpress-web/logs
[runner:mtop] [SOCKET:door:status] {"status":"initializing"}
[runner:mtop] [MOIRA WASM] Memory page table updated
[MOIRA WASM]   Chip RAM pages: 0x00-0x1f
[MOIRA WASM]   Fast RAM pages: 0x20-0x3f
[MOIRA WASM]   ROM pages: 0xF8-0xFF
[MOIRA WASM] MoiraCPU initialized with vAmiga-style memory architecture!
[MOIRA WASM]   Chip RAM: 2048 KB (mask: 0x1fffff)
[MOIRA WASM]   ROM: 512 KB (mask: 0x7ffff)
[MoiraEmulator] moira.js loaded from /Users/spot/Code/amiexpress-web/web/backend/src/amiga-emulation/cpu/build/moira.js
[runner:mtop] [ROM] Loading Kickstart ROM from: /Users/spot/Code/amiexpress-web/web/backend/data/amiga-roms/Kickstart v3.1 rev 40.63 (1993)(Commodore)(A500-A600-A2000).rom
[runner:mtop] [ROM] Kickstart 3.1 loaded successfully
[ROM] Mapped to memory range: 0xF80000 - 0xFFFFFF
[runner:mtop] [ROM] ===== Kickstart ROM Info =====
[runner:mtop] [ROM] Size: 524288 bytes (512KB)
[ROM] Mapped: 0xf80000 - 0xffffff
[runner:mtop] [ROM] Initial SSP: 0x11164ef9
[ROM] Initial PC:  0x002000d2
[ROM] Exception Vectors:
[ROM]   Vector 0 (Initial SSP): 0x11164ef9
[runner:mtop] [ROM]   Vector 1 (Initial PC): 0x002000d2
[ROM]   Vector 2 (Bus Error): 0x0000ffff
[ROM]   Vector 3 (Address Error): 0x00280044
[ROM]   Vector 4 (Illegal Instruction): 0x0028000a
[ROM]   Vector 5 (Division by Zero): 0x000000-1
[ROM]   Vector 6 (CHK Instruction): 0x00414d49
[runner:mtop] [ROM]   Vector 7 (TRAPV Instruction): 0x47412052
[ROM] Version: 
[ROM] ================================
[runner:mtop] [MOIRA WASM] Memory page table updated
[MOIRA WASM]   Chip RAM pages: 0x00-0x1f
[MOIRA WASM]   Fast RAM pages: 0x20-0x3f
[MOIRA WASM]   ROM pages: 0xF8-0xFF
[MOIRA WASM] ROM loaded: 524288 bytes
[MOIRA WASM]   ROM buffer size: 524288 bytes
[MOIRA WASM]   ROM mask: 0x7ffff
[MOIRA WASM]   Exception vectors copied to chip RAM: 1024 bytes
[MoiraEmulator] ROM loaded (524288 bytes)
[MoiraEmulator] ROM mapped to 0xF80000-0xFFFFFF
[MoiraEmulator] Exception vectors copied to 0x000000
[runner:mtop] [MOIRA WASM] Memory page table updated
[MOIRA WASM]   Chip RAM pages: 0x00-0x1f
[MOIRA WASM]   Fast RAM pages: 0x20-0x3f
[MOIRA WASM]   ROM pages: 0xF8-0xFF
[MOIRA WASM] ROM loaded: 524288 bytes
[MOIRA WASM]   ROM buffer size: 524288 bytes
[MOIRA WASM]   ROM mask: 0x7ffff
[MOIRA WASM]   Exception vectors copied to chip RAM: 1024 bytes
[MoiraEmulator] ROM loaded (524288 bytes)
[MoiraEmulator] ROM mapped to 0xF80000-0xFFFFFF
[MoiraEmulator] Exception vectors copied to 0x000000
[runner:mtop] [LibraryLoader] Added search path: /Users/spot/Code/amiexpress-web/web/backend/Libs
[LibraryLoader] Added search path: /Users/spot/Code/amiexpress-web/System/Libs
[LibraryLoader] Added search path: /Users/spot/Code/amiexpress-web/Libs
[runner:mtop] [LibraryManager] romtool split failed: 2026-09-04 17:09:49,508  ERROR       root        '/Users/spot/Code/amiexpress-web/web/backend/data/amiga-roms/Kickstart v3.1 rev 40.63 (1993)(Commodore)(A500-A600-A2000).rom' was not found in split database!

[runner:mtop] [LibraryLoader] Loading AEDoor.library (version >= 0)
[runner:mtop] [LibraryLoader] Found library: /Users/spot/Code/amiexpress-web/Libs/AEDoor.library
[runner:mtop] [LibraryLoader] Read 1128 bytes from /Users/spot/Code/amiexpress-web/Libs/AEDoor.library
[runner:mtop] [LibraryLoader] Parsed 1 segments
[LibraryLoader] Allocated base address: 0x200000
[runner:mtop] [LibraryLoader] Loading code segment (1036 bytes) at 0x200000
[runner:mtop] [LibraryLoader] Applying 1 relocation groups
[runner:mtop] [LibraryLoader] Stored ExecBase (0x80000) at library+0x22
[runner:mtop] [LibraryLoader] Parsed $VER: AEDoorLib 2.7 (18.5.1996)
[runner:mtop] ✅ [LibraryLoader] Successfully loaded AEDoor.library at 0x200000
   Jump table entries: 0
[runner:mtop] [PathManager] Initialized assigns:
  doors: => /Users/spot/Code/amiexpress-web/Doors/
[runner:mtop]   bbs: => /Users/spot/Code/amiexpress-web/
  data: => /Users/spot/Code/amiexpress-web/data/
  screens: => /Users/spot/Code/amiexpress-web/Screens/
  bulletins: => /Users/spot/Code/amiexpress-web/Bulletins/
  s: => /Users/spot/Code/amiexpress-web/S/
  work: => /Users/spot/Code/amiexpress-web/
  sami: => /Users/spot/Code/amiexpress-web/S/
  env: => /tmp/ram/ENV/
  progdir: => /Users/spot/Code/amiexpress-web/
  sys: => /Users/spot/Code/amiexpress-web/System/
  c: => /Users/spot/Code/amiexpress-web/System/C/
  l: => /Users/spot/Code/amiexpress-web/System/L/
  libs: => /Users/spot/Code/amiexpress-web/System/Libs/
  devs: => /Users/spot/Code/amiexpress-web/System/Devs/
  fonts: => /Users/spot/Code/amiexpress-web/System/Fonts/
  locale: => /Users/spot/Code/amiexpress-web/System/Locale/
  prefs: => /Users/spot/Code/amiexpress-web/System/Prefs/
  classes: => /Users/spot/Code/amiexpress-web/System/Classes/
  ram: => /tmp/ram/
  t: => /tmp/
[runner:mtop] [PathManager] Added assign: bbs: => /Users/spot/Code/amiexpress-web
[PathManager] Added assign: bbs: => /Users/spot/Code/amiexpress-web
[PathManager] Added assign: doors: => /Users/spot/Code/amiexpress-web/Doors
[PathManager] Added assign: doors: => /Users/spot/Code/amiexpress-web/Doors
[PathManager] Added assign: node8: => /Users/spot/Code/amiexpress-web/Node8
[PathManager] Added assign: node8: => /Users/spot/Code/amiexpress-web/Node8
[PathManager] PROGDIR: assigned to /Users/spot/Code/amiexpress-web/Doors/multitop/
[icon.library] PROGDIR: device set to /Users/spot/Code/amiexpress-web/Doors/multitop
[icon.library] Door binary name set to: mtop
[icon.library] Door command set to: M
[runner:mtop] [EnvironmentManager] Initialized LocalVars list at 0x120000
[runner:mtop] [EnvironmentManager] Populating standard environment variables
[runner:mtop] [EnvironmentManager] SetVar("PATH", "Work:,S:,C:,Doors:", flags=0)
[runner:mtop] [EnvironmentManager] Created LocalVar at 0x130000
[EnvironmentManager] SetVar("PROMPT", "%N.%S>", flags=0)
[runner:mtop] [EnvironmentManager] Created LocalVar at 0x130030
[EnvironmentManager] SetVar("RETURN", "0", flags=0)
[EnvironmentManager] Created LocalVar at 0x130056
[EnvironmentManager] SetVar("RC", "0", flags=0)
[EnvironmentManager] Created LocalVar at 0x130077
[EnvironmentManager] SetVar("Result2", "0", flags=0)
[EnvironmentManager] Created LocalVar at 0x130094
[EnvironmentManager] SetVar("DEVINFO", "CON:,NIL:,SER:", flags=0)
[runner:mtop] [EnvironmentManager] Created LocalVar at 0x1300b6
[EnvironmentManager] SetVar("Kickstart", "39.106", flags=0)
[EnvironmentManager] Created LocalVar at 0x1300e5
[EnvironmentManager] SetVar("Workbench", "39.29", flags=0)
[runner:mtop] [EnvironmentManager] Created LocalVar at 0x13010e
[EnvironmentManager] SetVar("BBS_ROOT", "/Users/spot/Code/amiexpress-web", flags=0)
[runner:mtop] [EnvironmentManager] Created LocalVar at 0x130136
[EnvironmentManager] SetVar("BBSPATH", "/Users/spot/Code/amiexpress-web", flags=0)
[runner:mtop] [EnvironmentManager] Created LocalVar at 0x130177
[EnvironmentManager] SetVar("BBS_PATH", "/Users/spot/Code/amiexpress-web", flags=0)
[EnvironmentManager] Created LocalVar at 0x1301b7
[EnvironmentManager] SetVar("BBSDATA", "/Users/spot/Code/amiexpress-web", flags=0)
[EnvironmentManager] Created LocalVar at 0x1301f8
[EnvironmentManager] SetVar("BBS_NAME", "AmiExpress Web BBS", flags=0)
[EnvironmentManager] Created LocalVar at 0x130238
[EnvironmentManager] SetVar("BBSNAME", "AmiExpress Web BBS", flags=0)
[EnvironmentManager] Created LocalVar at 0x13026c
[EnvironmentManager] SetVar("NODE_ID", "8", flags=0)
[EnvironmentManager] Created LocalVar at 0x13029f
[EnvironmentManager] SetVar("AXNODE", "8", flags=0)
[EnvironmentManager] Created LocalVar at 0x1302c1
[EnvironmentManager] SetVar("AMX_NODE", "8", flags=0)
[EnvironmentManager] Created LocalVar at 0x1302e2
[EnvironmentManager] SetVar("NODE", "8", flags=0)
[runner:mtop] [EnvironmentManager] Created LocalVar at 0x130305
[EnvironmentManager] SetVar("AXNODENUM", "8", flags=0)
[EnvironmentManager] Created LocalVar at 0x130324
[EnvironmentManager] SetVar("BBSNODE", "8", flags=0)
[EnvironmentManager] Created LocalVar at 0x130348
[EnvironmentManager] SetVar("NODE_NUMBER", "8", flags=0)
[runner:mtop] [EnvironmentManager] Created LocalVar at 0x13036a
[EnvironmentManager] SetVar("USERNAME", "Sysop", flags=0)
[EnvironmentManager] Created LocalVar at 0x130390
[EnvironmentManager] SetVar("USER_NAME", "Sysop", flags=0)
[EnvironmentManager] Created LocalVar at 0x1303b7
[runner:mtop] [EnvironmentManager] SetVar("HANDLE", "Sysop", flags=0)
[EnvironmentManager] Created LocalVar at 0x1303df
[EnvironmentManager] SetVar("USER_LEVEL", "1", flags=0)
[EnvironmentManager] Created LocalVar at 0x130404
[runner:mtop] [EnvironmentManager] SetVar("SYSOP", "sysop", flags=0)
[EnvironmentManager] Created LocalVar at 0x130429
[EnvironmentManager] SetVar("SYSOP_NAME", "sysop", flags=0)
[EnvironmentManager] Created LocalVar at 0x13044d
[EnvironmentManager] SetVar("CONF_ID", "1", flags=0)
[runner:mtop] [EnvironmentManager] Created LocalVar at 0x130476
[EnvironmentManager] SetVar("CONF", "1", flags=0)
[EnvironmentManager] Created LocalVar at 0x130498
[EnvironmentManager] SetVar("CONFNUM", "1", flags=0)
[runner:mtop] [EnvironmentManager] Created LocalVar at 0x1304b7
[EnvironmentManager] SetVar("BAUD", "115200", flags=0)
[EnvironmentManager] Created LocalVar at 0x1304d9
[EnvironmentManager] SetVar("SERIALRATE", "115200", flags=0)
[runner:mtop] [EnvironmentManager] Created LocalVar at 0x1304fd
[runner:mtop] [EnvironmentManager] SetVar("AE_HOST", "amiexpress-web", flags=0)
[EnvironmentManager] Created LocalVar at 0x130527
[runner:mtop] [EnvironmentManager] SetVar("AE_HOST_VERSION", "1.0.0", flags=0)
[EnvironmentManager] Created LocalVar at 0x130556
[EnvironmentManager] SetVar("AE_CONNECTION", "web", flags=0)
[EnvironmentManager] Created LocalVar at 0x130584
[EnvironmentManager] SetVar("AE_CLIENT", "ansi", flags=0)
[runner:mtop] [EnvironmentManager] Created LocalVar at 0x1305ae
[EnvironmentManager] SetVar("AE_CAPS", "ansi,wide,mouse", flags=0)
[EnvironmentManager] Created LocalVar at 0x1305d5
[EnvironmentManager] Populated 37 standard variables
[runner:mtop] [ENV Initializer] Creating ENV files for node 8
[runner:mtop] [ENV Initializer] Created ENV:PATH = "Work:,S:,C:,Doors:"
[runner:mtop] [ENV Initializer] Created ENV:PROMPT = "%N.%S>"
[runner:mtop] [ENV Initializer] Created ENV:RC = "0"
[runner:mtop] [ENV Initializer] Created ENV:Result2 = "0"
[runner:mtop] [ENV Initializer] Created ENV:Kickstart = "39.106"
[runner:mtop] [ENV Initializer] Created ENV:Workbench = "39.29"
[runner:mtop] [ENV Initializer] Created ENV:BBS_NAME = "AmiExpress Web BBS"
[runner:mtop] [ENV Initializer] Created ENV:BBSNAME = "AmiExpress Web BBS"
[runner:mtop] [ENV Initializer] Created ENV:SYSOP = "Sysop"
[runner:mtop] [ENV Initializer] Created ENV:SYSOP_NAME = "Sysop"
[runner:mtop] [ENV Initializer] Created ENV:NODE_NUMBER = "8"
[runner:mtop] [ENV Initializer] Created ENV:AXNODE = "8"
[runner:mtop] [ENV Initializer] Created ENV:AMX_NODE = "8"
[runner:mtop] [ENV Initializer] Created ENV:NODE = "8"
[runner:mtop] [ENV Initializer] Created ENV:AXNODENUM = "8"
[runner:mtop] [ENV Initializer] Created ENV:BBSNODE = "8"
[runner:mtop] [ENV Initializer] Created ENV:BAUD = "115200"
[runner:mtop] [ENV Initializer] Created ENV:SERIALRATE = "115200"
[runner:mtop] [ENV Initializer] Created ENV:AE_HOST = "amiexpress-web"
[runner:mtop] [ENV Initializer] Created ENV:AE_HOST_VERSION = "1.0.0"
[runner:mtop] [ENV Initializer] Created ENV:AE_CONNECTION.8 = "web"
[runner:mtop] [ENV Initializer] Created ENV:AE_CLIENT.8 = "ansi"
[runner:mtop] [ENV Initializer] Created ENV:AE_CAPS.8 = "ansi,wide,mouse"
[runner:mtop] [ENV Initializer] Created ENV:JC_PWFAIL.1 = "0"
[runner:mtop] [ENV Initializer] Created ENV:JC_PWFAIL.2 = "0"
[runner:mtop] [ENV Initializer] Created ENV:JC_PWFAIL.3 = "0"
[runner:mtop] [ENV Initializer] Created ENV:JC_PWFAIL.4 = "0"
[runner:mtop] [ENV Initializer] Created ENV:JC_PWFAIL.5 = "0"
[runner:mtop] [ENV Initializer] Created ENV:JC_PWFAIL.6 = "0"
[runner:mtop] [ENV Initializer] Created ENV:JC_PWFAIL.7 = "0"
[runner:mtop] [ENV Initializer] Created ENV:JC_PWFAIL.8 = "0"
[runner:mtop] [ENV Initializer] Created ENV:LAST_DOOR = ""
[runner:mtop] [ENV Initializer] Created ENV:DOOR_COUNT = "0"
[ENV Initializer] Created ENV files in /tmp/ram/ENV
[runner:mtop] [FileManager] Initialized standard handles:
[runner:mtop]   BPTR 1 (stdin):  [FH:'stdin'(ami='CONSOLE:',sys='/dev/stdin',nc=false)@0x0=B@0x1]
  BPTR 2 (stdout): [FH:'stdout'(ami='*',sys='/dev/stdout',nc=false)@0x0=B@0x2]
[runner:mtop] [PathManager] Mapped assign root: "doors:" => "/Users/spot/Code/amiexpress-web/Doors/"
[runner:mtop] [FileManager] stdin re-registered: BPTR 0x1 -> 0x50000
[runner:mtop] [FileManager] stdin BPTR set to 0x50000 (addr 0x140000)
[runner:mtop] [FileManager] stdout re-registered: BPTR 0x2 -> 0x5000b
[FileManager] stdout BPTR set to 0x5000b (addr 0x14002c)
[runner:mtop] [PathManager] PROGDIR: assigned to /Users/spot/Code/amiexpress-web/Doors/multitop/
[runner:mtop] [PathManager] Mapped assign root: "progdir:" => "/Users/spot/Code/amiexpress-web/Doors/multitop/"
[runner:mtop] [FileManager] Changed directory to: progdir: (/Users/spot/Code/amiexpress-web/Doors/multitop/)
[runner:mtop] [LibraryTraps] LVOs.i not found; stub vectors disabled
[runner:mtop] [MoiraEmulator] Library trap handler registered
[runner:mtop] [LibraryTraps] Installing Exec.library vectors at base 0x80000
[runner:mtop]   [FreeSignal] Vector at 0x7feb0 (offset -336)
  [RemPort] Vector at 0x7fe98 (offset -360)
  [OpenDevice] Vector at 0x7fe44 (offset -444)
  [CloseDevice] Vector at 0x7fe3e (offset -450)
  [DoIO] Vector at 0x7fe38 (offset -456)
  [CheckIO] Vector at 0x7fe2c (offset -468)
  [WaitIO] Vector at 0x7fe26 (offset -474)
  [AbortIO] Vector at 0x7fe20 (offset -480)
  [CreateIORequest] Vector at 0x7fd72 (offset -654)
  [DeleteIORequest] Vector at 0x7fd6c (offset -660)
  [AllocEntry] Vector at 0x7ff22 (offset -222)
  [FreeEntry] Vector at 0x7ff1c (offset -228)
  [OpenResource] Vector at 0x7fe0e (offset -498)
  [SetFunction] Vector at 0x7fe5c (offset -420)
  [AddTask] Vector at 0x7fee6 (offset -282)
  [AddSemaphore] Vector at 0x7fda8 (offset -600)
  [AddIntServer] Vector at 0x7ff58 (offset -168)
  [CacheControl] Vector at 0x7fd78 (offset -648)
  [RemMemHandler] Vector at 0x7ff7c (offset -132)
  [SetIntVector] Vector at 0x7ff5e (offset -162)
  [AllocTrap] Vector at 0x7feaa (offset -342)
  [FreeTrap] Vector at 0x7fea4 (offset -348)
  [SendIO] Vector at 0x7fe32 (offset -462)
  [SumLibrary] Vector at 0x7fe56 (offset -426)
  [OpenLibrary] Vector at 0x7fdd8 (offset -552)
  [CloseLibrary] Vector at 0x7fe62 (offset -414)
  [RawDoFmt] Vector at 0x7fdf6 (offset -522)
  [InitStruct] Vector at 0x7ffb2 (offset -78)
  [MakeLibrary] Vector at 0x7ffac (offset -84)
  [MakeFunctions] Vector at 0x7ffa6 (offset -90)
  [FindResident] Vector at 0x7ffa0 (offset -96)
  [InitResident] Vector at 0x7ff9a (offset -102)
  [Alert] Vector at 0x7ff94 (offset -108)
  [Forbid] Vector at 0x7ff7c (offset -132)
  [Permit] Vector at 0x7ff76 (offset -138)
  [SuperState] Vector at 0x7ff6a (offset -150)
  [UserState] Vector at 0x7ff64 (offset -156)
  [Allocate] Vector at 0x7ff46 (offset -186)
  [Insert] Vector at 0x7ff16 (offset -234)
  [AddHead] Vector at 0x7ff10 (offset -240)
  [AddTail] Vector at 0x7ff0a (offset -246)
  [Remove] Vector at 0x7ff04 (offset -252)
  [RemHead] Vector at 0x7fefe (offset -258)
  [RemTail] Vector at 0x7fef8 (offset -264)
  [Enqueue] Vector at 0x7fef2 (offset -270)
  [InitSemaphore] Vector at 0x7fdd2 (offset -558)
  [ObtainSemaphore] Vector at 0x7fdcc (offset -564)
  [ReleaseSemaphore] Vector at 0x7fdc6 (offset -570)
  [AttemptSemaphore] Vector at 0x7fdc0 (offset -576)
  [FindSemaphore] Vector at 0x7fdae (offset -594)
  [OldOpenLibrary] Vector at 0x7fe68 (offset -408)
  [Disable] Vector at 0x7ff88 (offset -120)
  [Enable] Vector at 0x7ff82 (offset -126)
  [Deallocate] Vector at 0x7ff40 (offset -192)
  [AvailMem] Vector at 0x7ff28 (offset -216)
  [FindName] Vector at 0x7feec (offset -276)
  [TypeOfMem] Vector at 0x7fdea (offset -534)
  [CacheClearU] Vector at 0x7fd84 (offset -636)
  [CacheClearE] Vector at 0x7fd7e (offset -642)
  [ObtainSemaphoreShared] Vector at 0x7fd5a (offset -678)
  [AllocMem] Vector at 0x7ff3a (offset -198)
  [FreeMem] Vector at 0x7ff2e (offset -210)
  [FindTask] Vector at 0x7feda (offset -294)
  [SetTaskPri] Vector at 0x7fed4 (offset -300)
  [SetSignal] Vector at 0x7fece (offset -306)
  [FindPort] Vector at 0x7fe7a (offset -390)
  [PutMsg] Vector at 0x7fe92 (offset -366)
  [GetMsg] Vector at 0x7fe8c (offset -372)
  [Wait] Vector at 0x7fec2 (offset -318)
  [Signal] Vector at 0x7febc (offset -324)
  [Supervisor] Vector at 0x7ffe2 (offset -30)
  [AllocSignal] Vector at 0x7feb6 (offset -330)
  [AddPort] Vector at 0x7fe9e (offset -354)
  [ReplyMsg] Vector at 0x7fe86 (offset -378)
  [WaitPort] Vector at 0x7fe80 (offset -384)
  [CreatePort] Vector at 0x7ff8e (offset -114)
  [CreateMsgPort] Vector at 0x7fd66 (offset -666)
  [DeleteMsgPort] Vector at 0x7fd60 (offset -672)
  [AllocVec] Vector at 0x7fd54 (offset -684)
  [FreeVec] Vector at 0x7fd4e (offset -690)
  [CreatePool] Vector at 0x7fd48 (offset -696)
  [DeletePool] Vector at 0x7fd42 (offset -702)
  [AllocPooled] Vector at 0x7fd3c (offset -708)
  [FreePooled] Vector at 0x7fd36 (offset -714)
  [CopyMem] Vector at 0x7fd90 (offset -624)
  [CopyMemQuick] Vector at 0x7fd8a (offset -630)
  [StackSwap] Vector at 0x7fd24 (offset -732)
[LibraryTraps] Installed 87 Exec.library vectors
[LibraryTraps] Synced 86 trap addresses to MOIRA for batch execution
[runner:mtop] [LibraryLoader] Loading utility.library (version >= 37)
[LibraryLoader] ✅ utility.library is ROM-resident (using Kickstart ROM)
[LibraryLoader]   ROM libraries are native code in ROM, not loaded from disk
[runner:mtop] [LibraryTraps] Installing utility.library vectors at base 0xf0000
[runner:mtop]   [FindTagItem] Vector at 0xeffe2 (offset -30)
  [GetTagData] Vector at 0xeffdc (offset -36)
  [PackBoolTags] Vector at 0xeffd6 (offset -42)
  [NextTagItem] Vector at 0xeffd0 (offset -48)
  [FilterTagChanges] Vector at 0xeffca (offset -54)
  [Utility_-58_Stub] Vector at 0xeffc6 (offset -58)
  [MapTags] Vector at 0xeffc4 (offset -60)
  [AllocateTagItems] Vector at 0xeffbe (offset -66)
  [CloneTagItems] Vector at 0xeffb8 (offset -72)
  [FreeTagItems] Vector at 0xeffb2 (offset -78)
  [RefreshTagItemClones] Vector at 0xeffac (offset -84)
  [TagInArray] Vector at 0xeffa6 (offset -90)
  [FilterTagItems] Vector at 0xeffa0 (offset -96)
  [CallHookPkt] Vector at 0xeff9a (offset -102)
  [Amiga2Date] Vector at 0xeff88 (offset -120)
  [Date2Amiga] Vector at 0xeff82 (offset -126)
  [CheckDate] Vector at 0xeff7c (offset -132)
  [SMult32] Vector at 0xeff76 (offset -138)
  [UMult32] Vector at 0xeff70 (offset -144)
  [SDivMod32] Vector at 0xeff6a (offset -150)
[runner:mtop]   [UDivMod32] Vector at 0xeff64 (offset -156)
  [Stricmp] Vector at 0xeff5e (offset -162)
  [Strnicmp] Vector at 0xeff58 (offset -168)
  [ToUpper] Vector at 0xeff52 (offset -174)
  [ToLower] Vector at 0xeff4c (offset -180)
  [ApplyTagChanges] Vector at 0xeff46 (offset -186)
  [SMult64] Vector at 0xeff3a (offset -198)
  [UMult64] Vector at 0xeff34 (offset -204)
  [PackStructureTags] Vector at 0xeff2e (offset -210)
[runner:mtop]   [UnpackStructureTags] Vector at 0xeff28 (offset -216)
  [AddNamedObject] Vector at 0xeff22 (offset -222)
  [AllocNamedObjectA] Vector at 0xeff1c (offset -228)
  [AttemptRemNamedObject] Vector at 0xeff16 (offset -234)
  [FindNamedObject] Vector at 0xeff10 (offset -240)
  [FreeNamedObject] Vector at 0xeff0a (offset -246)
[runner:mtop]   [NamedObjectName] Vector at 0xeff04 (offset -252)
  [ReleaseNamedObject] Vector at 0xefefe (offset -258)
  [RemNamedObject] Vector at 0xefef8 (offset -264)
  [GetUniqueID] Vector at 0xefef2 (offset -270)
[LibraryTraps] Installed 39 utility.library vectors
[runner:mtop] [LibraryLoader] Loading icon.library (version >= 37)
[LibraryLoader] ✅ icon.library is ROM-resident (using Kickstart ROM)
[LibraryLoader]   ROM libraries are native code in ROM, not loaded from disk
[runner:mtop] [LibraryTraps] Installing icon.library vectors at base 0xd0000
[runner:mtop]   [FreeFreeList] Vector at 0xcffca (offset -54) [VERIFIED: 0x4afc]
  [AddFreeList] Vector at 0xcffb8 (offset -72) [VERIFIED: 0x4afc]
  [GetDiskObject] Vector at 0xcffb2 (offset -78) [VERIFIED: 0x4afc]
[runner:mtop]   [PutDiskObject] Vector at 0xcffac (offset -84) [VERIFIED: 0x4afc]
  [FreeDiskObject] Vector at 0xcffa6 (offset -90) [VERIFIED: 0x4afc]
  [FindToolType] Vector at 0xcffa0 (offset -96) [VERIFIED: 0x4afc]
  [MatchToolValue] Vector at 0xcff9a (offset -102) [VERIFIED: 0x4afc]
[runner:mtop]   [BumpRevision] Vector at 0xcff94 (offset -108) [VERIFIED: 0x4afc]
  [GetDefDiskObject] Vector at 0xcff88 (offset -120) [VERIFIED: 0x4afc]
  [PutDefDiskObject] Vector at 0xcff82 (offset -126) [VERIFIED: 0x4afc]
  [GetDiskObjectNew] Vector at 0xcff7c (offset -132) [VERIFIED: 0x4afc]
  [DeleteDiskObject] Vector at 0xcff76 (offset -138) [VERIFIED: 0x4afc]
[runner:mtop] [LibraryTraps] *** icon.library GetDiskObject at 0xcffe2 contains: 0x0 (should be 0x4AFC) ***
[LibraryTraps] *** icon.library FULLY OPERATIONAL - ALL traps installed and ready ***
[LibraryTraps] Installed 12 icon.library vectors
[runner:mtop] [LibraryLoader] Loading dos.library (version >= 37)
[LibraryLoader] ✅ dos.library is ROM-resident (using Kickstart ROM)
[LibraryLoader]   ROM libraries are native code in ROM, not loaded from disk
[runner:mtop] [LibraryTraps] Installing dos.library vectors at base 0xb0000
  [Open] Vector at 0xaffe2 (offset -30)
  [Close] Vector at 0xaffdc (offset -36)
  [Read] Vector at 0xaffd6 (offset -42)
  [Write] Vector at 0xaffd0 (offset -48)
[runner:mtop]   [Input] Vector at 0xaffca (offset -54)
  [Output] Vector at 0xaffc4 (offset -60)
  [Seek] Vector at 0xaffbe (offset -66)
  [DeleteFile] Vector at 0xaffb8 (offset -72)
  [Rename] Vector at 0xaffb2 (offset -78)
  [Lock] Vector at 0xaffac (offset -84)
  [UnLock] Vector at 0xaffa6 (offset -90)
  [DupLock] Vector at 0xaffa0 (offset -96)
[runner:mtop]   [Examine] Vector at 0xaff9a (offset -102)
  [ExNext] Vector at 0xaff94 (offset -108)
[runner:mtop]   [Info] Vector at 0xaff8e (offset -114)
[runner:mtop]   [CreateDir] Vector at 0xaff88 (offset -120)
  [CurrentDir] Vector at 0xaff82 (offset -126)
  [IoErr] Vector at 0xaff7c (offset -132)
  [CreateProc] Vector at 0xaff76 (offset -138)
[runner:mtop]   [Exit] Vector at 0xaff70 (offset -144)
  [LoadSeg] Vector at 0xaff6a (offset -150)
  [UnLoadSeg] Vector at 0xaff64 (offset -156)
  [DeviceProc] Vector at 0xaff52 (offset -174)
  [SetComment] Vector at 0xaff4c (offset -180)
  [SetProtection] Vector at 0xaff46 (offset -186)
[runner:mtop]   [DateStamp] Vector at 0xaff40 (offset -192)
  [Delay] Vector at 0xaff3a (offset -198)
  [WaitForChar] Vector at 0xaff34 (offset -204)
  [ParentDir] Vector at 0xaff2e (offset -210)
  [IsInteractive] Vector at 0xaff28 (offset -216)
  [Execute] Vector at 0xaff22 (offset -222)
  [AllocDosObject] Vector at 0xaff1c (offset -228)
  [FreeDosObject] Vector at 0xaff16 (offset -234)
  [SelectInput] Vector at 0xafeda (offset -294)
[runner:mtop]   [SelectOutput] Vector at 0xafed4 (offset -300)
  [FGetC] Vector at 0xafece (offset -306)
  [FPutC] Vector at 0xafec8 (offset -312)
  [UnGetC] Vector at 0xafec2 (offset -318)
  [FRead] Vector at 0xafebc (offset -324)
  [FWrite] Vector at 0xafeb6 (offset -330)
[runner:mtop]   [FGets] Vector at 0xafeb0 (offset -336)
  [FPuts] Vector at 0xafeaa (offset -342)
  [VFPrintf] Vector at 0xafe9e (offset -354)
[runner:mtop]   [Flush] Vector at 0xafe98 (offset -360)
  [DupLockFromFH] Vector at 0xafe8c (offset -372)
  [OpenFromLock] Vector at 0xafe86 (offset -378)
  [ParentOfFH] Vector at 0xafe80 (offset -384)
  [ExamineFH] Vector at 0xafe7a (offset -390)
[runner:mtop]   [NameFromLock] Vector at 0xafe6e (offset -402)
  [SplitName] Vector at 0xafe62 (offset -414)
  [SetIoErr] Vector at 0xafe32 (offset -462)
  [Fault] Vector at 0xafe2c (offset -468)
  [PrintFault] Vector at 0xafe26 (offset -474)
[runner:mtop]   [Cli] Vector at 0xafe14 (offset -492)
  [GetFileSysTask] Vector at 0xafdf6 (offset -522)
  [SetFileSysTask] Vector at 0xafdf0 (offset -528)
  [FindCliProc] Vector at 0xafdde (offset -546)
  [MaxCli] Vector at 0xafdd8 (offset -552)
  [GetCurrentDirName] Vector at 0xafdcc (offset -564)
[runner:mtop]   [GetProgramName] Vector at 0xafdc0 (offset -576)
  [SetProgramDir] Vector at 0xafdae (offset -594)
  [GetProgramDir] Vector at 0xafda8 (offset -600)
  [SystemTagList] Vector at 0xafda2 (offset -606)
  [DateToStr] Vector at 0xafd18 (offset -744)
  [StrToDate] Vector at 0xafd12 (offset -750)
[runner:mtop]   [CheckSignal] Vector at 0xafce8 (offset -792)
  [ReadArgs] Vector at 0xafce2 (offset -798)
  [ParsePattern] Vector at 0xafcb8 (offset -840)
  [MatchPattern] Vector at 0xafcb2 (offset -846)
  [FreeArgs] Vector at 0xafca6 (offset -858)
[runner:mtop]   [FilePart] Vector at 0xafc9a (offset -870)
  [PathPart] Vector at 0xafc94 (offset -876)
  [AddPart] Vector at 0xafc8e (offset -882)
  [SetVar] Vector at 0xafc7c (offset -900)
  [GetVar] Vector at 0xafc76 (offset -906)
  [DeleteVar] Vector at 0xafc70 (offset -912)
[runner:mtop]   [PutStr] Vector at 0xafc4c (offset -948)
  [VPrintf] Vector at 0xafc46 (offset -954)
  [ParsePatternNoCase] Vector at 0xafc3a (offset -966)
  [MatchPatternNoCase] Vector at 0xafc34 (offset -972)
  [LockDosList] Vector at 0xafd72 (offset -654)
[runner:mtop]   [UnLockDosList] Vector at 0xafd6c (offset -660)
  [AttemptLockDosList] Vector at 0xafd66 (offset -666)
  [FindDosEntry] Vector at 0xafd54 (offset -684)
  [NextDosEntry] Vector at 0xafd4e (offset -690)
  [MatchFirst] Vector at 0xafcca (offset -822)
[runner:mtop]   [MatchNext] Vector at 0xafcc4 (offset -828)
  [MatchEnd] Vector at 0xafcbe (offset -834)
  [IsFileSystem] Vector at 0xafe02 (offset -510)
  [SetProgramName] Vector at 0xafe0e (offset -498)
  [GetArgStr] Vector at 0xafdea (offset -534)
  [ReadItem] Vector at 0xafda2 (offset -606)
[runner:mtop]   [GetDeviceProc] Vector at 0xafd7e (offset -642)
  [VFWritef] Vector at 0xafea4 (offset -348)
  [SetMode] Vector at 0xafe56 (offset -426)
  [ExAll] Vector at 0xafe50 (offset -432)
[runner:mtop]   [StartNotify] Vector at 0xafc88 (offset -888)
[runner:mtop]   [DoPkt] Vector at 0xaff10 (offset -240)
  [StrToLong] Vector at 0xafcd0 (offset -816)
[runner:mtop] [LibraryTraps] Installed 99 dos.library vectors
[runner:mtop] [LibraryTraps] Installing dos.library vectors at base 0xb0000
  [Open] Vector at 0xaffe2 (offset -30)
  [Close] Vector at 0xaffdc (offset -36)
  [Read] Vector at 0xaffd6 (offset -42)
[runner:mtop]   [Write] Vector at 0xaffd0 (offset -48)
  [Input] Vector at 0xaffca (offset -54)
  [Output] Vector at 0xaffc4 (offset -60)
  [Seek] Vector at 0xaffbe (offset -66)
  [DeleteFile] Vector at 0xaffb8 (offset -72)
  [Rename] Vector at 0xaffb2 (offset -78)
[runner:mtop]   [Lock] Vector at 0xaffac (offset -84)
  [UnLock] Vector at 0xaffa6 (offset -90)
  [DupLock] Vector at 0xaffa0 (offset -96)
  [Examine] Vector at 0xaff9a (offset -102)
  [ExNext] Vector at 0xaff94 (offset -108)
  [Info] Vector at 0xaff8e (offset -114)
[runner:mtop]   [CreateDir] Vector at 0xaff88 (offset -120)
  [CurrentDir] Vector at 0xaff82 (offset -126)
[runner:mtop]   [IoErr] Vector at 0xaff7c (offset -132)
[runner:mtop]   [CreateProc] Vector at 0xaff76 (offset -138)
  [Exit] Vector at 0xaff70 (offset -144)
  [LoadSeg] Vector at 0xaff6a (offset -150)
  [UnLoadSeg] Vector at 0xaff64 (offset -156)
  [DeviceProc] Vector at 0xaff52 (offset -174)
  [SetComment] Vector at 0xaff4c (offset -180)
  [SetProtection] Vector at 0xaff46 (offset -186)
  [DateStamp] Vector at 0xaff40 (offset -192)
  [Delay] Vector at 0xaff3a (offset -198)
  [WaitForChar] Vector at 0xaff34 (offset -204)
  [ParentDir] Vector at 0xaff2e (offset -210)
  [IsInteractive] Vector at 0xaff28 (offset -216)
  [Execute] Vector at 0xaff22 (offset -222)
  [AllocDosObject] Vector at 0xaff1c (offset -228)
  [FreeDosObject] Vector at 0xaff16 (offset -234)
[runner:mtop]   [SelectInput] Vector at 0xafeda (offset -294)
  [SelectOutput] Vector at 0xafed4 (offset -300)
  [FGetC] Vector at 0xafece (offset -306)
[runner:mtop]   [FPutC] Vector at 0xafec8 (offset -312)
  [UnGetC] Vector at 0xafec2 (offset -318)
  [FRead] Vector at 0xafebc (offset -324)
  [FWrite] Vector at 0xafeb6 (offset -330)
  [FGets] Vector at 0xafeb0 (offset -336)
  [FPuts] Vector at 0xafeaa (offset -342)
[runner:mtop]   [VFPrintf] Vector at 0xafe9e (offset -354)
  [Flush] Vector at 0xafe98 (offset -360)
  [DupLockFromFH] Vector at 0xafe8c (offset -372)
  [OpenFromLock] Vector at 0xafe86 (offset -378)
  [ParentOfFH] Vector at 0xafe80 (offset -384)
  [ExamineFH] Vector at 0xafe7a (offset -390)
  [NameFromLock] Vector at 0xafe6e (offset -402)
[runner:mtop]   [SplitName] Vector at 0xafe62 (offset -414)
  [SetIoErr] Vector at 0xafe32 (offset -462)
  [Fault] Vector at 0xafe2c (offset -468)
  [PrintFault] Vector at 0xafe26 (offset -474)
  [Cli] Vector at 0xafe14 (offset -492)
  [GetFileSysTask] Vector at 0xafdf6 (offset -522)
[runner:mtop]   [SetFileSysTask] Vector at 0xafdf0 (offset -528)
  [FindCliProc] Vector at 0xafdde (offset -546)
  [MaxCli] Vector at 0xafdd8 (offset -552)
  [GetCurrentDirName] Vector at 0xafdcc (offset -564)
  [GetProgramName] Vector at 0xafdc0 (offset -576)
  [SetProgramDir] Vector at 0xafdae (offset -594)
[runner:mtop]   [GetProgramDir] Vector at 0xafda8 (offset -600)
  [SystemTagList] Vector at 0xafda2 (offset -606)
  [DateToStr] Vector at 0xafd18 (offset -744)
  [StrToDate] Vector at 0xafd12 (offset -750)
  [CheckSignal] Vector at 0xafce8 (offset -792)
  [ReadArgs] Vector at 0xafce2 (offset -798)
  [ParsePattern] Vector at 0xafcb8 (offset -840)
[runner:mtop]   [MatchPattern] Vector at 0xafcb2 (offset -846)
  [FreeArgs] Vector at 0xafca6 (offset -858)
  [FilePart] Vector at 0xafc9a (offset -870)
  [PathPart] Vector at 0xafc94 (offset -876)
  [AddPart] Vector at 0xafc8e (offset -882)
  [SetVar] Vector at 0xafc7c (offset -900)
  [GetVar] Vector at 0xafc76 (offset -906)
  [DeleteVar] Vector at 0xafc70 (offset -912)
[runner:mtop]   [PutStr] Vector at 0xafc4c (offset -948)
  [VPrintf] Vector at 0xafc46 (offset -954)
  [ParsePatternNoCase] Vector at 0xafc3a (offset -966)
  [MatchPatternNoCase] Vector at 0xafc34 (offset -972)
  [LockDosList] Vector at 0xafd72 (offset -654)
  [UnLockDosList] Vector at 0xafd6c (offset -660)
  [AttemptLockDosList] Vector at 0xafd66 (offset -666)
[runner:mtop]   [FindDosEntry] Vector at 0xafd54 (offset -684)
  [NextDosEntry] Vector at 0xafd4e (offset -690)
  [MatchFirst] Vector at 0xafcca (offset -822)
[runner:mtop]   [MatchNext] Vector at 0xafcc4 (offset -828)
  [MatchEnd] Vector at 0xafcbe (offset -834)
  [IsFileSystem] Vector at 0xafe02 (offset -510)
  [SetProgramName] Vector at 0xafe0e (offset -498)
  [GetArgStr] Vector at 0xafdea (offset -534)
[runner:mtop]   [ReadItem] Vector at 0xafda2 (offset -606)
  [GetDeviceProc] Vector at 0xafd7e (offset -642)
  [VFWritef] Vector at 0xafea4 (offset -348)
  [SetMode] Vector at 0xafe56 (offset -426)
  [ExAll] Vector at 0xafe50 (offset -432)
  [StartNotify] Vector at 0xafc88 (offset -888)
  [DoPkt] Vector at 0xaff10 (offset -240)
  [StrToLong] Vector at 0xafcd0 (offset -816)
[LibraryTraps] Installed 99 dos.library vectors
[runner:mtop] [LibraryTraps] ============================================
[LibraryTraps] AEDoor.library vectors: TRAP MODE (TypeScript handlers)
[LibraryTraps] Base address: 0x200000
[runner:mtop] [LibraryTraps] Installing 20 trap handlers...
[LibraryTraps] ============================================
[runner:mtop]   [CreateComm] 0x1fffe2 (offset -30): was JMP -> now ILLEGAL [OK]
  [DeleteComm] 0x1fffdc (offset -36): was JMP -> now ILLEGAL [OK]
  [SendCmd] 0x1fffd6 (offset -42): was JMP -> now ILLEGAL [OK]
[runner:mtop]   [SendStrCmd] 0x1fffd0 (offset -48): was JMP -> now ILLEGAL [OK]
  [SendDataCmd] 0x1fffca (offset -54): was JMP -> now ILLEGAL [OK]
  [SendStrDataCmd] 0x1fffc4 (offset -60): was JMP -> now ILLEGAL [OK]
  [GetData] 0x1fffbe (offset -66): was JMP -> now ILLEGAL [OK]
[runner:mtop]   [GetString] 0x1fffb8 (offset -72): was JMP -> now ILLEGAL [OK]
  [Prompt] 0x1fffb2 (offset -78): was JMP -> now ILLEGAL [OK]
  [WriteStr] 0x1fffac (offset -84): was JMP -> now ILLEGAL [OK]
[runner:mtop]   [ShowGFile] 0x1fffa6 (offset -90): was JMP -> now ILLEGAL [OK]
  [ShowFile] 0x1fffa0 (offset -96): was JMP -> now ILLEGAL [OK]
  [SetDT] 0x1fff9a (offset -102): was JMP -> now ILLEGAL [OK]
[runner:mtop]   [GetDT] 0x1fff94 (offset -108): was JMP -> now ILLEGAL [OK]
[runner:mtop]   [GetStr] 0x1fff8e (offset -114): was JMP -> now ILLEGAL [OK]
  [CopyStr] 0x1fff88 (offset -120): was JMP -> now ILLEGAL [OK]
[runner:mtop]   [HotKey] 0x1fff82 (offset -126): was JMP -> now ILLEGAL [OK]
  [PreCreateComm] 0x1fff7c (offset -132): was JMP -> now ILLEGAL [OK]
  [PostDeleteComm] 0x1fff76 (offset -138): was JMP -> now ILLEGAL [OK]
[runner:mtop]   [Stub_-24] 0x1fffe8 (offset -24): was JMP -> now ILLEGAL [OK]
[LibraryTraps] Installed 20 AEDoor.library vectors
[runner:mtop] [LibraryTraps] ============================================
[LibraryTraps] AEDoor.library vectors: TRAP MODE (TypeScript handlers)
[LibraryTraps] Base address: 0x200000
[LibraryTraps] Installing 20 trap handlers...
[LibraryTraps] ============================================
  [CreateComm] 0x1fffe2 (offset -30): was ILLEGAL -> now ILLEGAL [OK]
  [DeleteComm] 0x1fffdc (offset -36): was ILLEGAL -> now ILLEGAL [OK]
  [SendCmd] 0x1fffd6 (offset -42): was ILLEGAL -> now ILLEGAL [OK]
  [SendStrCmd] 0x1fffd0 (offset -48): was ILLEGAL -> now ILLEGAL [OK]
  [SendDataCmd] 0x1fffca (offset -54): was ILLEGAL -> now ILLEGAL [OK]
  [SendStrDataCmd] 0x1fffc4 (offset -60): was ILLEGAL -> now ILLEGAL [OK]
  [GetData] 0x1fffbe (offset -66): was ILLEGAL -> now ILLEGAL [OK]
  [GetString] 0x1fffb8 (offset -72): was ILLEGAL -> now ILLEGAL [OK]
  [Prompt] 0x1fffb2 (offset -78): was ILLEGAL -> now ILLEGAL [OK]
  [WriteStr] 0x1fffac (offset -84): was ILLEGAL -> now ILLEGAL [OK]
  [ShowGFile] 0x1fffa6 (offset -90): was ILLEGAL -> now ILLEGAL [OK]
  [ShowFile] 0x1fffa0 (offset -96): was ILLEGAL -> now ILLEGAL [OK]
  [SetDT] 0x1fff9a (offset -102): was ILLEGAL -> now ILLEGAL [OK]
  [GetDT] 0x1fff94 (offset -108): was ILLEGAL -> now ILLEGAL [OK]
  [GetStr] 0x1fff8e (offset -114): was ILLEGAL -> now ILLEGAL [OK]
  [CopyStr] 0x1fff88 (offset -120): was ILLEGAL -> now ILLEGAL [OK]
  [HotKey] 0x1fff82 (offset -126): was ILLEGAL -> now ILLEGAL [OK]
  [PreCreateComm] 0x1fff7c (offset -132): was ILLEGAL -> now ILLEGAL [OK]
  [PostDeleteComm] 0x1fff76 (offset -138): was ILLEGAL -> now ILLEGAL [OK]
  [Stub_-24] 0x1fffe8 (offset -24): was ILLEGAL -> now ILLEGAL [OK]
[LibraryTraps] Installed 20 AEDoor.library vectors
[BBS API] Setting up low-memory region 0x790-0x800
[BBS API] Low-memory setup complete
[runner:mtop] [LibraryTraps] Registered custom trap 'BBS_API_DISPATCHER' at 0x122310
[runner:mtop] [MulticomManager] initializeInEmulator: sessionId=session-8, nodeId=8, maxLinkedNodes=32
[MulticomManager] Initializing MULTICOM structures for session session-8
[runner:mtop] [MulticomManager] Linking myNode entries to singlePort structures (cap=32)
[MulticomManager]   myNode[0] at 0x1e003a -> singlePort at 0x1e1000
[MulticomManager]   myNode[1] at 0x1e00b6 -> singlePort at 0x1e1200
[runner:mtop] [MulticomManager]   myNode[2] at 0x1e0132 -> singlePort at 0x1e1400
[MulticomManager]   myNode[3] at 0x1e01ae -> singlePort at 0x1e1600
[MulticomManager]   myNode[4] at 0x1e022a -> singlePort at 0x1e1800
[MulticomManager]   myNode[5] at 0x1e02a6 -> singlePort at 0x1e1a00
[MulticomManager]   myNode[6] at 0x1e0322 -> singlePort at 0x1e1c00
[MulticomManager]   myNode[7] at 0x1e039e -> singlePort at 0x1e1e00
[MulticomManager]   myNode[8] at 0x1e041a -> singlePort at 0x1e2000
[MulticomManager]   myNode[9] at 0x1e0496 -> singlePort at 0x1e2200
[MulticomManager]   myNode[10] at 0x1e0512 -> singlePort at 0x1e2400
[MulticomManager]   myNode[11] at 0x1e058e -> singlePort at 0x1e2600
[MulticomManager]   myNode[12] at 0x1e060a -> singlePort at 0x1e2800
[MulticomManager]   myNode[13] at 0x1e0686 -> singlePort at 0x1e2a00
[MulticomManager]   myNode[14] at 0x1e0702 -> singlePort at 0x1e2c00
[MulticomManager]   myNode[15] at 0x1e077e -> singlePort at 0x1e2e00
[MulticomManager]   myNode[16] at 0x1e07fa -> singlePort at 0x1e3000
[MulticomManager]   myNode[17] at 0x1e0876 -> singlePort at 0x1e3200
[MulticomManager]   myNode[18] at 0x1e08f2 -> singlePort at 0x1e3400
[MulticomManager]   myNode[19] at 0x1e096e -> singlePort at 0x1e3600
[MulticomManager]   myNode[20] at 0x1e09ea -> singlePort at 0x1e3800
[MulticomManager]   myNode[21] at 0x1e0a66 -> singlePort at 0x1e3a00
[MulticomManager]   myNode[22] at 0x1e0ae2 -> singlePort at 0x1e3c00
[MulticomManager]   myNode[23] at 0x1e0b5e -> singlePort at 0x1e3e00
[MulticomManager]   myNode[24] at 0x1e0bda -> singlePort at 0x1e4000
[MulticomManager]   myNode[25] at 0x1e0c56 -> singlePort at 0x1e4200
[MulticomManager]   myNode[26] at 0x1e0cd2 -> singlePort at 0x1e4400
[MulticomManager]   myNode[27] at 0x1e0d4e -> singlePort at 0x1e4600
[MulticomManager]   myNode[28] at 0x1e0dca -> singlePort at 0x1e4800
[MulticomManager]   myNode[29] at 0x1e0e46 -> singlePort at 0x1e4a00
[MulticomManager]   myNode[30] at 0x1e0ec2 -> singlePort at 0x1e4c00
[MulticomManager]   myNode[31] at 0x1e0f3e -> singlePort at 0x1e4e00
[MulticomManager] Node structures linked
[runner:mtop] [MulticomManager] writeAllNodesToEmulator: Writing 0 tracked nodes
[MulticomManager] WARNING: No nodes tracked yet - emulator will have blank MULTICOM data
[MulticomManager] writeAllNodesToEmulator complete
[runner:mtop] [MulticomManager] Session session-8 initialized successfully, emulators.size now=1
[runner:mtop] [MulticomManager] updateNode called: nodeId=8, username="Sysop", emulators.size=1
[runner:mtop] [MulticomManager] Writing to emulator session session-8
[runner:mtop] [MulticomManager] Writing myNode[8] at 0x1e041a: username="Sysop"
[MulticomManager] Writing singlePort[8] at 0x1e2000: username="Sysop", location="Local Console", status=3
[MulticomManager]   -> handle at 0x1e2056: "Sysop"
[MulticomManager]   -> location at 0x1e2075: "Local Console"
[MulticomManager] VERIFY singlePort[8]: handle="Sysop", location="Local Console", status=3
[MulticomManager] Node 8 updated in 1 emulator(s)
[runner:mtop] [EnvStat] Writing /tmp/ram/ENV/STATS@8 (node 8, stat 3)
[runner:mtop] [DoorLoader] Writing random seed 0x-3fea92d9 to 0x400
[DoorLoader] Read back: 0xc0156d27
[runner:mtop] [Self-Mod Code] Registered CODE region: 0x2008-0x6d5b (19796 bytes)
[runner:mtop] [HunkLoader] Applying 61 relocations to 1 segments
[HunkLoader] Segment 0 (CODE) at 0x2008: 61 relocations
  [0] offset=0x1b6 addr=0x21be before=0x4b9e after=0x6ba6 target=seg0(0x2008)
  [1] offset=0x1f2 addr=0x21fa before=0x4adc after=0x6ae4 target=seg0(0x2008)
  [2] offset=0x240 addr=0x2248 before=0x4b6e after=0x6b76 target=seg0(0x2008)
  [3] offset=0x268 addr=0x2270 before=0x4b9e after=0x6ba6 target=seg0(0x2008)
  [4] offset=0x284 addr=0x228c before=0x4b7a after=0x6b82 target=seg0(0x2008)
[runner:mtop] [SharedBBSData] Allocated shared BBS memory:
  cmds:       0xf00300 (1976 bytes)
  sopt:       0xf00ab8 (888 bytes)
  nodeState:  0xf00e30 (32 bytes)
[CommandsStructure] Writing commands at 0xf00300
[CommandsStructure] Wrote BBS config: "AmiExpress Web BBS"
[StartOptionStructure] Writing startOption at 0xf00ab8
[StartOptionStructure] Wrote node settings
[NodeStateGlobals] Wrote node state at 0xf00e30
  currentConf: 0
  node: 8
  timeLimit: 3600
[READ8] addr=0x0f0081 page=0x0f memSrc=1
[runner:mtop] [READ8] CHIP: addr=0x0f0081 offset=0x0f0081 value=0x00 ( )
[READ8] addr=0x0f0082 page=0x0f memSrc=1
[READ8] CHIP: addr=0x0f0082 offset=0x0f0082 value=0x00 ( )
[READ8] addr=0x0f0083 page=0x0f memSrc=1
[READ8] CHIP: addr=0x0f0083 offset=0x0f0083 value=0x00 ( )
[READ8] addr=0x0f0084 page=0x0f memSrc=1
[READ8] CHIP: addr=0x0f0084 offset=0x0f0084 value=0x00 ( )
[MEMORY-READ] readMemory32(0xf0081) = 0x00000000
[DoorLoader] No DATA segment found - allocating synthetic BSS for single-hunk executable
[DoorLoader] Segment types: code
[runner:mtop] [MOIRA] Overclocking set to 500x
[MoiraEmulator] Overclocking set to 500x
[runner:mtop] [SOCKET:door:status] {"status":"running"}
[runner:mtop] [MOIRA] Overclocking set to 5000x
[MoiraEmulator] Overclocking set to 5000x
[runner:mtop] [LibraryTraps] VERIFICATION: All 256 ILLEGAL instructions verified OK
[LibraryTraps] Synced 256 trap addresses to MOIRA for batch execution
[runner:mtop] [DoorLifecycleManager] FIRST INVALID PC DETECTED!
  Previous PC: 0x2008
  Instruction: movea.l $4.w, A6
  New PC: 0x7ff3a (OUT OF BOUNDS)
  Code region: 0x2008-0x6d5c
  D0=0x3978 D1=0x10000 D2=0x3978
  A0=0xf0100 A1=0x6d5c A2=0x0
  A3=0x0 A4=0xa006 A5=0xf0100 SP=0x50010
  This instruction caused the first jump outside code!
  Raw bytes: opcode=0x2c78 operand=0x42a48
[runner:mtop] [exec-vectors] AllocMem TRAP: size=14712 (0x3978) flags=0x10000
[runner:mtop] [exec-vectors] AllocMem TRAP result: 0x122520
[runner:mtop] [ExecLibrary] Forbid() - stub (no-op)
[runner:mtop] [ExecLibrary] Permit() - stub (no-op)
[runner:mtop] [exec-vectors] FindTask TRAP: name="(null - current task)"
[runner:mtop] [exec-vectors] FindTask TRAP result: 0x7e00
[runner:mtop] [exec-vectors] OpenLibrary TRAP: name="intuition.library" version=37
[LibraryLoader] Loading intuition.library (version >= 37)
[LibraryLoader] ✅ intuition.library is ROM-resident (using Kickstart ROM)
[LibraryLoader]   ROM libraries are native code in ROM, not loaded from disk
[LibraryTraps] Installing intuition.library vectors at base 0xe0000
  [CloseWindow] Vector at 0xdffb8 (offset -72)
  [CloseScreen] Vector at 0xdffbe (offset -66)
  [OpenScreen] Vector at 0xdff3a (offset -198)
  [OpenWindow] Vector at 0xdff34 (offset -204)
  [SetWindowTitles] Vector at 0xdfeec (offset -276)
  [RefreshGadgets] Vector at 0xdff22 (offset -222)
  [AutoRequest] Vector at 0xdfea4 (offset -348)
  [OpenWorkBench] Vector at 0xdff2e (offset -210)
[LibraryTraps] Installed 8 intuition.library vectors
[LibraryTraps] Installing intuition.library vectors at base 0xe0000
  [CloseWindow] Vector at 0xdffb8 (offset -72)
  [CloseScreen] Vector at 0xdffbe (offset -66)
  [OpenScreen] Vector at 0xdff3a (offset -198)
  [OpenWindow] Vector at 0xdff34 (offset -204)
  [SetWindowTitles] Vector at 0xdfeec (offset -276)
  [RefreshGadgets] Vector at 0xdff22 (offset -222)
  [AutoRequest] Vector at 0xdfea4 (offset -348)
  [OpenWorkBench] Vector at 0xdff2e (offset -210)
[LibraryTraps] Installed 8 intuition.library vectors
[runner:mtop] [LibraryTraps] Synced 264 trap addresses to MOIRA for batch execution
[exec-vectors] OpenLibrary TRAP result: 0xe0000
[runner:mtop] [exec-vectors] OpenLibrary TRAP: name="graphics.library" version=33
[LibraryLoader] Loading graphics.library (version >= 33)
[runner:mtop] [LibraryLoader] ✅ graphics.library is ROM-resident (using Kickstart ROM)
[LibraryLoader]   ROM libraries are native code in ROM, not loaded from disk
[exec-vectors] OpenLibrary TRAP result: 0xe8000
[exec-vectors] OpenLibrary TRAP: name="dos.library" version=33
[LibraryLoader] Loading dos.library (version >= 33)
[LibraryLoader] ✅ dos.library is ROM-resident (using Kickstart ROM)
[LibraryLoader]   ROM libraries are native code in ROM, not loaded from disk
[LibraryTraps] Installing dos.library vectors at base 0xb0000
  [Open] Vector at 0xaffe2 (offset -30)
  [Close] Vector at 0xaffdc (offset -36)
  [Read] Vector at 0xaffd6 (offset -42)
  [Write] Vector at 0xaffd0 (offset -48)
  [Input] Vector at 0xaffca (offset -54)
  [Output] Vector at 0xaffc4 (offset -60)
  [Seek] Vector at 0xaffbe (offset -66)
  [DeleteFile] Vector at 0xaffb8 (offset -72)
  [Rename] Vector at 0xaffb2 (offset -78)
  [Lock] Vector at 0xaffac (offset -84)
  [UnLock] Vector at 0xaffa6 (offset -90)
  [DupLock] Vector at 0xaffa0 (offset -96)
  [Examine] Vector at 0xaff9a (offset -102)
  [ExNext] Vector at 0xaff94 (offset -108)
  [Info] Vector at 0xaff8e (offset -114)
  [CreateDir] Vector at 0xaff88 (offset -120)
  [CurrentDir] Vector at 0xaff82 (offset -126)
  [IoErr] Vector at 0xaff7c (offset -132)
  [CreateProc] Vector at 0xaff76 (offset -138)
  [Exit] Vector at 0xaff70 (offset -144)
  [LoadSeg] Vector at 0xaff6a (offset -150)
  [UnLoadSeg] Vector at 0xaff64 (offset -156)
  [DeviceProc] Vector at 0xaff52 (offset -174)
  [SetComment] Vector at 0xaff4c (offset -180)
  [SetProtection] Vector at 0xaff46 (offset -186)
  [DateStamp] Vector at 0xaff40 (offset -192)
  [Delay] Vector at 0xaff3a (offset -198)
  [WaitForChar] Vector at 0xaff34 (offset -204)
  [ParentDir] Vector at 0xaff2e (offset -210)
  [IsInteractive] Vector at 0xaff28 (offset -216)
  [Execute] Vector at 0xaff22 (offset -222)
  [AllocDosObject] Vector at 0xaff1c (offset -228)
  [FreeDosObject] Vector at 0xaff16 (offset -234)
  [SelectInput] Vector at 0xafeda (offset -294)
  [SelectOutput] Vector at 0xafed4 (offset -300)
  [FGetC] Vector at 0xafece (offset -306)
  [FPutC] Vector at 0xafec8 (offset -312)
  [UnGetC] Vector at 0xafec2 (offset -318)
  [FRead] Vector at 0xafebc (offset -324)
  [FWrite] Vector at 0xafeb6 (offset -330)
  [FGets] Vector at 0xafeb0 (offset -336)
[runner:mtop]   [FPuts] Vector at 0xafeaa (offset -342)
  [VFPrintf] Vector at 0xafe9e (offset -354)
  [Flush] Vector at 0xafe98 (offset -360)
  [DupLockFromFH] Vector at 0xafe8c (offset -372)
  [OpenFromLock] Vector at 0xafe86 (offset -378)
  [ParentOfFH] Vector at 0xafe80 (offset -384)
  [ExamineFH] Vector at 0xafe7a (offset -390)
  [NameFromLock] Vector at 0xafe6e (offset -402)
  [SplitName] Vector at 0xafe62 (offset -414)
  [SetIoErr] Vector at 0xafe32 (offset -462)
  [Fault] Vector at 0xafe2c (offset -468)
  [PrintFault] Vector at 0xafe26 (offset -474)
  [Cli] Vector at 0xafe14 (offset -492)
  [GetFileSysTask] Vector at 0xafdf6 (offset -522)
  [SetFileSysTask] Vector at 0xafdf0 (offset -528)
  [FindCliProc] Vector at 0xafdde (offset -546)
  [MaxCli] Vector at 0xafdd8 (offset -552)
  [GetCurrentDirName] Vector at 0xafdcc (offset -564)
  [GetProgramName] Vector at 0xafdc0 (offset -576)
  [SetProgramDir] Vector at 0xafdae (offset -594)
  [GetProgramDir] Vector at 0xafda8 (offset -600)
  [SystemTagList] Vector at 0xafda2 (offset -606)
  [DateToStr] Vector at 0xafd18 (offset -744)
  [StrToDate] Vector at 0xafd12 (offset -750)
  [CheckSignal] Vector at 0xafce8 (offset -792)
  [ReadArgs] Vector at 0xafce2 (offset -798)
  [ParsePattern] Vector at 0xafcb8 (offset -840)
  [MatchPattern] Vector at 0xafcb2 (offset -846)
  [FreeArgs] Vector at 0xafca6 (offset -858)
  [FilePart] Vector at 0xafc9a (offset -870)
  [PathPart] Vector at 0xafc94 (offset -876)
  [AddPart] Vector at 0xafc8e (offset -882)
  [SetVar] Vector at 0xafc7c (offset -900)
  [GetVar] Vector at 0xafc76 (offset -906)
  [DeleteVar] Vector at 0xafc70 (offset -912)
  [PutStr] Vector at 0xafc4c (offset -948)
  [VPrintf] Vector at 0xafc46 (offset -954)
  [ParsePatternNoCase] Vector at 0xafc3a (offset -966)
  [MatchPatternNoCase] Vector at 0xafc34 (offset -972)
  [LockDosList] Vector at 0xafd72 (offset -654)
  [UnLockDosList] Vector at 0xafd6c (offset -660)
  [AttemptLockDosList] Vector at 0xafd66 (offset -666)
  [FindDosEntry] Vector at 0xafd54 (offset -684)
  [NextDosEntry] Vector at 0xafd4e (offset -690)
  [MatchFirst] Vector at 0xafcca (offset -822)
  [MatchNext] Vector at 0xafcc4 (offset -828)
  [MatchEnd] Vector at 0xafcbe (offset -834)
  [IsFileSystem] Vector at 0xafe02 (offset -510)
  [SetProgramName] Vector at 0xafe0e (offset -498)
  [GetArgStr] Vector at 0xafdea (offset -534)
  [ReadItem] Vector at 0xafda2 (offset -606)
  [GetDeviceProc] Vector at 0xafd7e (offset -642)
  [VFWritef] Vector at 0xafea4 (offset -348)
  [SetMode] Vector at 0xafe56 (offset -426)
  [ExAll] Vector at 0xafe50 (offset -432)
  [StartNotify] Vector at 0xafc88 (offset -888)
  [DoPkt] Vector at 0xaff10 (offset -240)
  [StrToLong] Vector at 0xafcd0 (offset -816)
[LibraryTraps] Installed 99 dos.library vectors
[LibraryTraps] Installing dos.library vectors at base 0xb0000
  [Open] Vector at 0xaffe2 (offset -30)
  [Close] Vector at 0xaffdc (offset -36)
  [Read] Vector at 0xaffd6 (offset -42)
  [Write] Vector at 0xaffd0 (offset -48)
  [Input] Vector at 0xaffca (offset -54)
  [Output] Vector at 0xaffc4 (offset -60)
  [Seek] Vector at 0xaffbe (offset -66)
  [DeleteFile] Vector at 0xaffb8 (offset -72)
  [Rename] Vector at 0xaffb2 (offset -78)
  [Lock] Vector at 0xaffac (offset -84)
  [UnLock] Vector at 0xaffa6 (offset -90)
  [DupLock] Vector at 0xaffa0 (offset -96)
  [Examine] Vector at 0xaff9a (offset -102)
  [ExNext] Vector at 0xaff94 (offset -108)
  [Info] Vector at 0xaff8e (offset -114)
  [CreateDir] Vector at 0xaff88 (offset -120)
  [CurrentDir] Vector at 0xaff82 (offset -126)
  [IoErr] Vector at 0xaff7c (offset -132)
[runner:mtop]   [CreateProc] Vector at 0xaff76 (offset -138)
  [Exit] Vector at 0xaff70 (offset -144)
  [LoadSeg] Vector at 0xaff6a (offset -150)
  [UnLoadSeg] Vector at 0xaff64 (offset -156)
  [DeviceProc] Vector at 0xaff52 (offset -174)
  [SetComment] Vector at 0xaff4c (offset -180)
  [SetProtection] Vector at 0xaff46 (offset -186)
  [DateStamp] Vector at 0xaff40 (offset -192)
  [Delay] Vector at 0xaff3a (offset -198)
  [WaitForChar] Vector at 0xaff34 (offset -204)
  [ParentDir] Vector at 0xaff2e (offset -210)
  [IsInteractive] Vector at 0xaff28 (offset -216)
  [Execute] Vector at 0xaff22 (offset -222)
  [AllocDosObject] Vector at 0xaff1c (offset -228)
  [FreeDosObject] Vector at 0xaff16 (offset -234)
  [SelectInput] Vector at 0xafeda (offset -294)
  [SelectOutput] Vector at 0xafed4 (offset -300)
  [FGetC] Vector at 0xafece (offset -306)
  [FPutC] Vector at 0xafec8 (offset -312)
  [UnGetC] Vector at 0xafec2 (offset -318)
  [FRead] Vector at 0xafebc (offset -324)
  [FWrite] Vector at 0xafeb6 (offset -330)
  [FGets] Vector at 0xafeb0 (offset -336)
  [FPuts] Vector at 0xafeaa (offset -342)
  [VFPrintf] Vector at 0xafe9e (offset -354)
  [Flush] Vector at 0xafe98 (offset -360)
  [DupLockFromFH] Vector at 0xafe8c (offset -372)
  [OpenFromLock] Vector at 0xafe86 (offset -378)
  [ParentOfFH] Vector at 0xafe80 (offset -384)
  [ExamineFH] Vector at 0xafe7a (offset -390)
  [NameFromLock] Vector at 0xafe6e (offset -402)
  [SplitName] Vector at 0xafe62 (offset -414)
  [SetIoErr] Vector at 0xafe32 (offset -462)
  [Fault] Vector at 0xafe2c (offset -468)
  [PrintFault] Vector at 0xafe26 (offset -474)
  [Cli] Vector at 0xafe14 (offset -492)
  [GetFileSysTask] Vector at 0xafdf6 (offset -522)
  [SetFileSysTask] Vector at 0xafdf0 (offset -528)
  [FindCliProc] Vector at 0xafdde (offset -546)
  [MaxCli] Vector at 0xafdd8 (offset -552)
  [GetCurrentDirName] Vector at 0xafdcc (offset -564)
  [GetProgramName] Vector at 0xafdc0 (offset -576)
  [SetProgramDir] Vector at 0xafdae (offset -594)
  [GetProgramDir] Vector at 0xafda8 (offset -600)
  [SystemTagList] Vector at 0xafda2 (offset -606)
[runner:mtop]   [DateToStr] Vector at 0xafd18 (offset -744)
  [StrToDate] Vector at 0xafd12 (offset -750)
  [CheckSignal] Vector at 0xafce8 (offset -792)
  [ReadArgs] Vector at 0xafce2 (offset -798)
  [ParsePattern] Vector at 0xafcb8 (offset -840)
  [MatchPattern] Vector at 0xafcb2 (offset -846)
  [FreeArgs] Vector at 0xafca6 (offset -858)
  [FilePart] Vector at 0xafc9a (offset -870)
  [PathPart] Vector at 0xafc94 (offset -876)
  [AddPart] Vector at 0xafc8e (offset -882)
  [SetVar] Vector at 0xafc7c (offset -900)
  [GetVar] Vector at 0xafc76 (offset -906)
  [DeleteVar] Vector at 0xafc70 (offset -912)
  [PutStr] Vector at 0xafc4c (offset -948)
  [VPrintf] Vector at 0xafc46 (offset -954)
  [ParsePatternNoCase] Vector at 0xafc3a (offset -966)
  [MatchPatternNoCase] Vector at 0xafc34 (offset -972)
  [LockDosList] Vector at 0xafd72 (offset -654)
  [UnLockDosList] Vector at 0xafd6c (offset -660)
  [AttemptLockDosList] Vector at 0xafd66 (offset -666)
  [FindDosEntry] Vector at 0xafd54 (offset -684)
  [NextDosEntry] Vector at 0xafd4e (offset -690)
  [MatchFirst] Vector at 0xafcca (offset -822)
  [MatchNext] Vector at 0xafcc4 (offset -828)
  [MatchEnd] Vector at 0xafcbe (offset -834)
  [IsFileSystem] Vector at 0xafe02 (offset -510)
  [SetProgramName] Vector at 0xafe0e (offset -498)
  [GetArgStr] Vector at 0xafdea (offset -534)
  [ReadItem] Vector at 0xafda2 (offset -606)
  [GetDeviceProc] Vector at 0xafd7e (offset -642)
  [VFWritef] Vector at 0xafea4 (offset -348)
  [SetMode] Vector at 0xafe56 (offset -426)
  [ExAll] Vector at 0xafe50 (offset -432)
[runner:mtop]   [StartNotify] Vector at 0xafc88 (offset -888)
  [DoPkt] Vector at 0xaff10 (offset -240)
  [StrToLong] Vector at 0xafcd0 (offset -816)
[LibraryTraps] Installed 99 dos.library vectors
[ExecLibrary] *** dos.library opened - base=0xb0000 *** Door should store this and use it for all DOS calls
[exec-vectors] OpenLibrary TRAP result: 0xb0000
[runner:mtop] [exec-vectors] AllocMem TRAP: size=5008 (0x1390) flags=0x10000
[runner:mtop] [exec-vectors] AllocMem TRAP result: 0x125e98
[exec-vectors] AllocMem TRAP: size=4016 (0xfb0) flags=0x10000
[exec-vectors] AllocMem TRAP result: 0x127228
[runner:mtop] [FileManager] Open: "bbs:user.data" mode=1005
[PathManager] Mapped (case-insensitive): "bbs:user.data" => "/Users/spot/Code/amiexpress-web/user.data"
[FileManager] Open: "bbs:user.data" -> "/Users/spot/Code/amiexpress-web/user.data" (EXISTS)
[runner:mtop] [FileManager] Opened file: [FH:'user.data'(ami='bbs:user.data',sys='/Users/spot/Code/amiexpress-web/user.data',nc=true)@0x0=B@0x3]
[runner:mtop] [FileManager] Open: "bbs:user.keys" mode=1005
[PathManager] Mapped (case-insensitive): "bbs:user.keys" => "/Users/spot/Code/amiexpress-web/user.keys"
[FileManager] Open: "bbs:user.keys" -> "/Users/spot/Code/amiexpress-web/user.keys" (EXISTS)
[runner:mtop] [FileManager] Opened file: [FH:'user.keys'(ami='bbs:user.keys',sys='/Users/spot/Code/amiexpress-web/user.keys',nc=true)@0x0=B@0x4]
[FileManager] Open: "bbs:user.misc" mode=1005
[PathManager] Mapped (case-insensitive): "bbs:user.misc" => "/Users/spot/Code/amiexpress-web/user.misc"
[FileManager] Open: "bbs:user.misc" -> "/Users/spot/Code/amiexpress-web/user.misc" (EXISTS)
[runner:mtop] [FileManager] Opened file: [FH:'user.misc'(ami='bbs:user.misc',sys='/Users/spot/Code/amiexpress-web/user.misc',nc=true)@0x0=B@0x5]
[runner:mtop] [FileManager] Open: "doors:multitop/designs/mtopulcps1.dsg" mode=1005
[runner:mtop] [PathManager] Mapped (case-insensitive): "doors:multitop/designs/mtopulcps1.dsg" => "/Users/spot/Code/amiexpress-web/Doors/multitop/designs/mtopulcps1.dsg"
[runner:mtop] [FileManager] Open: "doors:multitop/designs/mtopulcps1.dsg" -> "/Users/spot/Code/amiexpress-web/Doors/multitop/designs/mtopulcps1.dsg" (EXISTS)
[runner:mtop] [FileManager] Opened file: [FH:'mtopulcps1.dsg'(ami='doors:multitop/designs/mtopulcps1.dsg',sys='/Users/spot/Code/amiexpress-web/Doors/multitop/designs/mtopulcps1.dsg',nc=true)@0x0=B@0x6]
[runner:mtop] [FileManager] Open: "bbs:bulletins/bull4.txt" mode=1006
[runner:mtop] [PathManager] Mapped (case-insensitive): "bbs:bulletins/bull4.txt" => "/Users/spot/Code/amiexpress-web/bulletins/bull4.txt"
[FileManager] Open: "bbs:bulletins/bull4.txt" -> "/Users/spot/Code/amiexpress-web/bulletins/bull4.txt" (EXISTS)
[runner:mtop] [FileHandle] After open: "bbs:bulletins/bull4.txt" size=0 bytes (write mode)
[runner:mtop] [FileManager] Opened file: [FH:'bull4.txt'(ami='bbs:bulletins/bull4.txt',sys='/Users/spot/Code/amiexpress-web/bulletins/bull4.txt',nc=true)@0x0=B@0x7]
[runner:mtop] [FileHandle] write 90 bytes to /Users/spot/Code/amiexpress-web/bulletins/bull4.txt
[runner:mtop] [FileHandle] write 92 bytes to /Users/spot/Code/amiexpress-web/bulletins/bull4.txt
[runner:mtop] [FileHandle] write 1 bytes to /Users/spot/Code/amiexpress-web/bulletins/bull4.txt
[runner:mtop] [FileHandle] write 87 bytes to /Users/spot/Code/amiexpress-web/bulletins/bull4.txt
[runner:mtop] [FileHandle] write 87 bytes to /Users/spot/Code/amiexpress-web/bulletins/bull4.txt
[runner:mtop] [FileHandle] write 96 bytes to /Users/spot/Code/amiexpress-web/bulletins/bull4.txt
[runner:mtop] [FileHandle] write 96 bytes to /Users/spot/Code/amiexpress-web/bulletins/bull4.txt
[runner:mtop] [FileHandle] write 96 bytes to /Users/spot/Code/amiexpress-web/bulletins/bull4.txt
[runner:mtop] [FileHandle] write 96 bytes to /Users/spot/Code/amiexpress-web/bulletins/bull4.txt
[runner:mtop] [FileHandle] write 96 bytes to /Users/spot/Code/amiexpress-web/bulletins/bull4.txt
[runner:mtop] [FileHandle] write 96 bytes to /Users/spot/Code/amiexpress-web/bulletins/bull4.txt
[runner:mtop] [FileHandle] write 96 bytes to /Users/spot/Code/amiexpress-web/bulletins/bull4.txt
[runner:mtop] [FileHandle] write 96 bytes to /Users/spot/Code/amiexpress-web/bulletins/bull4.txt
[runner:mtop] [FileHandle] write 96 bytes to /Users/spot/Code/amiexpress-web/bulletins/bull4.txt
[runner:mtop] [FileHandle] write 96 bytes to /Users/spot/Code/amiexpress-web/bulletins/bull4.txt
[runner:mtop] [FileHandle] write 96 bytes to /Users/spot/Code/amiexpress-web/bulletins/bull4.txt
[runner:mtop] [FileHandle] write 96 bytes to /Users/spot/Code/amiexpress-web/bulletins/bull4.txt
[runner:mtop] [FileHandle] write 96 bytes to /Users/spot/Code/amiexpress-web/bulletins/bull4.txt
[runner:mtop] [FileHandle] write 96 bytes to /Users/spot/Code/amiexpress-web/bulletins/bull4.txt
[runner:mtop] [FileHandle] write 96 bytes to /Users/spot/Code/amiexpress-web/bulletins/bull4.txt
[runner:mtop] [FileHandle] write 87 bytes to /Users/spot/Code/amiexpress-web/bulletins/bull4.txt
[runner:mtop] [FileHandle] write 120 bytes to /Users/spot/Code/amiexpress-web/bulletins/bull4.txt
[runner:mtop] [FileHandle] write 120 bytes to /Users/spot/Code/amiexpress-web/bulletins/bull4.txt
[runner:mtop] [FileManager] Close BPTR=4
[runner:mtop] [FileManager] Closed: [FH:'user.keys'(ami='bbs:user.keys',sys='/Users/spot/Code/amiexpress-web/user.keys',nc=true)@0x0=B@0x4]
[runner:mtop] [FileManager] Close BPTR=5
[runner:mtop] [FileManager] Closed: [FH:'user.misc'(ami='bbs:user.misc',sys='/Users/spot/Code/amiexpress-web/user.misc',nc=true)@0x0=B@0x5]
[runner:mtop] [FileManager] Close BPTR=6
[runner:mtop] [FileManager] Closed: [FH:'mtopulcps1.dsg'(ami='doors:multitop/designs/mtopulcps1.dsg',sys='/Users/spot/Code/amiexpress-web/Doors/multitop/designs/mtopulcps1.dsg',nc=true)@0x0=B@0x6]
[runner:mtop] [FileManager] Close BPTR=7
[runner:mtop] [FileManager] Closed: [FH:'bull4.txt'(ami='bbs:bulletins/bull4.txt',sys='/Users/spot/Code/amiexpress-web/bulletins/bull4.txt',nc=true)@0x0=B@0x7]
[runner:mtop] [SOCKET:door:status] {"status":"terminated"}
[runner:mtop] [EnvStat] Writing /tmp/ram/ENV/STATS@8 (node 8, stat 0)
[DoorDropFile] Created DOOR.SYS for Node8
[DoorDropFile] Created DORINFO8.DEF for Node8
[BatchScheduler] Running door mtop as type SIM (overclock=5000x)
[BatchScheduler] spawn env DOOR_OVERCLOCK=5000 for mtop
[runner:mtop] [DoorLogger] Creating logger for door: mtop node: 8
[runner:mtop] [DoorLogger] __dirname: /Users/spot/Code/amiexpress-web/web/backend/src/amiga-emulation, projectRoot: /Users/spot/Code/amiexpress-web, logs dir: /Users/spot/Code/amiexpress-web/logs
[runner:mtop] [SOCKET:door:status] {"status":"initializing"}
[runner:mtop] [MOIRA WASM] Memory page table updated
[MOIRA WASM]   Chip RAM pages: 0x00-0x1f
[MOIRA WASM]   Fast RAM pages: 0x20-0x3f
[MOIRA WASM]   ROM pages: 0xF8-0xFF
[runner:mtop] [MOIRA WASM] MoiraCPU initialized with vAmiga-style memory architecture!
[MOIRA WASM]   Chip RAM: 2048 KB (mask: 0x1fffff)
[MOIRA WASM]   ROM: 512 KB (mask: 0x7ffff)
[MoiraEmulator] moira.js loaded from /Users/spot/Code/amiexpress-web/web/backend/src/amiga-emulation/cpu/build/moira.js
[runner:mtop] [ROM] Loading Kickstart ROM from: /Users/spot/Code/amiexpress-web/web/backend/data/amiga-roms/Kickstart v3.1 rev 40.63 (1993)(Commodore)(A500-A600-A2000).rom
[runner:mtop] [ROM] Kickstart 3.1 loaded successfully
[ROM] Mapped to memory range: 0xF80000 - 0xFFFFFF
[runner:mtop] [ROM] ===== Kickstart ROM Info =====
[ROM] Size: 524288 bytes (512KB)
[ROM] Mapped: 0xf80000 - 0xffffff
[runner:mtop] [ROM] Initial SSP: 0x11164ef9
[runner:mtop] [ROM] Initial PC:  0x002000d2
[ROM] Exception Vectors:
[runner:mtop] [ROM]   Vector 0 (Initial SSP): 0x11164ef9
[ROM]   Vector 1 (Initial PC): 0x002000d2
[runner:mtop] [ROM]   Vector 2 (Bus Error): 0x0000ffff
[ROM]   Vector 3 (Address Error): 0x00280044
[ROM]   Vector 4 (Illegal Instruction): 0x0028000a
[ROM]   Vector 5 (Division by Zero): 0x000000-1
[ROM]   Vector 6 (CHK Instruction): 0x00414d49
[ROM]   Vector 7 (TRAPV Instruction): 0x47412052
[ROM] Version: 
[runner:mtop] [ROM] ================================
[runner:mtop] [MOIRA WASM] Memory page table updated
[MOIRA WASM]   Chip RAM pages: 0x00-0x1f
[MOIRA WASM]   Fast RAM pages: 0x20-0x3f
[MOIRA WASM]   ROM pages: 0xF8-0xFF
[runner:mtop] [MOIRA WASM] ROM loaded: 524288 bytes
[MOIRA WASM]   ROM buffer size: 524288 bytes
[MOIRA WASM]   ROM mask: 0x7ffff
[MOIRA WASM]   Exception vectors copied to chip RAM: 1024 bytes
[runner:mtop] [MoiraEmulator] ROM loaded (524288 bytes)
[MoiraEmulator] ROM mapped to 0xF80000-0xFFFFFF
[MoiraEmulator] Exception vectors copied to 0x000000
[runner:mtop] [MOIRA WASM] Memory page table updated
[MOIRA WASM]   Chip RAM pages: 0x00-0x1f
[MOIRA WASM]   Fast RAM pages: 0x20-0x3f
[MOIRA WASM]   ROM pages: 0xF8-0xFF
[MOIRA WASM] ROM loaded: 524288 bytes
[MOIRA WASM]   ROM buffer size: 524288 bytes
[MOIRA WASM]   ROM mask: 0x7ffff
[MOIRA WASM]   Exception vectors copied to chip RAM: 1024 bytes
[runner:mtop] [MoiraEmulator] ROM loaded (524288 bytes)
[MoiraEmulator] ROM mapped to 0xF80000-0xFFFFFF
[MoiraEmulator] Exception vectors copied to 0x000000
[runner:mtop] [LibraryLoader] Added search path: /Users/spot/Code/amiexpress-web/web/backend/Libs
[runner:mtop] [LibraryLoader] Added search path: /Users/spot/Code/amiexpress-web/System/Libs
[LibraryLoader] Added search path: /Users/spot/Code/amiexpress-web/Libs
[runner:mtop] [LibraryManager] romtool split failed: 2026-09-04 17:10:11,874  ERROR       root        '/Users/spot/Code/amiexpress-web/web/backend/data/amiga-roms/Kickstart v3.1 rev 40.63 (1993)(Commodore)(A500-A600-A2000).rom' was not found in split database!

[runner:mtop] [LibraryLoader] Loading AEDoor.library (version >= 0)
[runner:mtop] [LibraryLoader] Found library: /Users/spot/Code/amiexpress-web/Libs/AEDoor.library
[runner:mtop] [LibraryLoader] Read 1128 bytes from /Users/spot/Code/amiexpress-web/Libs/AEDoor.library
[runner:mtop] [LibraryLoader] Parsed 1 segments
[LibraryLoader] Allocated base address: 0x200000
[runner:mtop] [LibraryLoader] Loading code segment (1036 bytes) at 0x200000
[runner:mtop] [LibraryLoader] Applying 1 relocation groups
[runner:mtop] [LibraryLoader] Stored ExecBase (0x80000) at library+0x22
[runner:mtop] [LibraryLoader] Parsed $VER: AEDoorLib 2.7 (18.5.1996)
[runner:mtop] ✅ [LibraryLoader] Successfully loaded AEDoor.library at 0x200000
   Jump table entries: 0
[runner:mtop] [PathManager] Initialized assigns:
  doors: => /Users/spot/Code/amiexpress-web/Doors/
  bbs: => /Users/spot/Code/amiexpress-web/
  data: => /Users/spot/Code/amiexpress-web/data/
[runner:mtop]   screens: => /Users/spot/Code/amiexpress-web/Screens/
  bulletins: => /Users/spot/Code/amiexpress-web/Bulletins/
  s: => /Users/spot/Code/amiexpress-web/S/
  work: => /Users/spot/Code/amiexpress-web/
  sami: => /Users/spot/Code/amiexpress-web/S/
  env: => /tmp/ram/ENV/
  progdir: => /Users/spot/Code/amiexpress-web/
  sys: => /Users/spot/Code/amiexpress-web/System/
  c: => /Users/spot/Code/amiexpress-web/System/C/
  l: => /Users/spot/Code/amiexpress-web/System/L/
  libs: => /Users/spot/Code/amiexpress-web/System/Libs/
  devs: => /Users/spot/Code/amiexpress-web/System/Devs/
  fonts: => /Users/spot/Code/amiexpress-web/System/Fonts/
  locale: => /Users/spot/Code/amiexpress-web/System/Locale/
  prefs: => /Users/spot/Code/amiexpress-web/System/Prefs/
  classes: => /Users/spot/Code/amiexpress-web/System/Classes/
  ram: => /tmp/ram/
  t: => /tmp/
[PathManager] Added assign: bbs: => /Users/spot/Code/amiexpress-web
[PathManager] Added assign: bbs: => /Users/spot/Code/amiexpress-web
[PathManager] Added assign: doors: => /Users/spot/Code/amiexpress-web/Doors
[PathManager] Added assign: doors: => /Users/spot/Code/amiexpress-web/Doors
[runner:mtop] [PathManager] Added assign: node8: => /Users/spot/Code/amiexpress-web/Node8
[PathManager] Added assign: node8: => /Users/spot/Code/amiexpress-web/Node8
[runner:mtop] [PathManager] PROGDIR: assigned to /Users/spot/Code/amiexpress-web/Doors/multitop/
[runner:mtop] [icon.library] PROGDIR: device set to /Users/spot/Code/amiexpress-web/Doors/multitop
[icon.library] Door binary name set to: mtop
[runner:mtop] [icon.library] Door command set to: M
[runner:mtop] [EnvironmentManager] Initialized LocalVars list at 0x120000
[runner:mtop] [EnvironmentManager] Populating standard environment variables
[runner:mtop] [EnvironmentManager] SetVar("PATH", "Work:,S:,C:,Doors:", flags=0)
[runner:mtop] [EnvironmentManager] Created LocalVar at 0x130000
[EnvironmentManager] SetVar("PROMPT", "%N.%S>", flags=0)
[runner:mtop] [EnvironmentManager] Created LocalVar at 0x130030
[EnvironmentManager] SetVar("RETURN", "0", flags=0)
[EnvironmentManager] Created LocalVar at 0x130056
[runner:mtop] [EnvironmentManager] SetVar("RC", "0", flags=0)
[EnvironmentManager] Created LocalVar at 0x130077
[EnvironmentManager] SetVar("Result2", "0", flags=0)
[runner:mtop] [EnvironmentManager] Created LocalVar at 0x130094
[EnvironmentManager] SetVar("DEVINFO", "CON:,NIL:,SER:", flags=0)
[runner:mtop] [EnvironmentManager] Created LocalVar at 0x1300b6
[EnvironmentManager] SetVar("Kickstart", "39.106", flags=0)
[runner:mtop] [EnvironmentManager] Created LocalVar at 0x1300e5
[EnvironmentManager] SetVar("Workbench", "39.29", flags=0)
[EnvironmentManager] Created LocalVar at 0x13010e
[runner:mtop] [EnvironmentManager] SetVar("BBS_ROOT", "/Users/spot/Code/amiexpress-web", flags=0)
[runner:mtop] [EnvironmentManager] Created LocalVar at 0x130136
[EnvironmentManager] SetVar("BBSPATH", "/Users/spot/Code/amiexpress-web", flags=0)
[runner:mtop] [EnvironmentManager] Created LocalVar at 0x130177
[EnvironmentManager] SetVar("BBS_PATH", "/Users/spot/Code/amiexpress-web", flags=0)
[runner:mtop] [EnvironmentManager] Created LocalVar at 0x1301b7
[EnvironmentManager] SetVar("BBSDATA", "/Users/spot/Code/amiexpress-web", flags=0)
[EnvironmentManager] Created LocalVar at 0x1301f8
[EnvironmentManager] SetVar("BBS_NAME", "AmiExpress Web BBS", flags=0)
[runner:mtop] [EnvironmentManager] Created LocalVar at 0x130238
[EnvironmentManager] SetVar("BBSNAME", "AmiExpress Web BBS", flags=0)
[EnvironmentManager] Created LocalVar at 0x13026c
[EnvironmentManager] SetVar("NODE_ID", "8", flags=0)
[EnvironmentManager] Created LocalVar at 0x13029f
[EnvironmentManager] SetVar("AXNODE", "8", flags=0)
[EnvironmentManager] Created LocalVar at 0x1302c1
[EnvironmentManager] SetVar("AMX_NODE", "8", flags=0)
[EnvironmentManager] Created LocalVar at 0x1302e2
[EnvironmentManager] SetVar("NODE", "8", flags=0)
[EnvironmentManager] Created LocalVar at 0x130305
[EnvironmentManager] SetVar("AXNODENUM", "8", flags=0)
[EnvironmentManager] Created LocalVar at 0x130324
[EnvironmentManager] SetVar("BBSNODE", "8", flags=0)
[EnvironmentManager] Created LocalVar at 0x130348
[EnvironmentManager] SetVar("NODE_NUMBER", "8", flags=0)
[EnvironmentManager] Created LocalVar at 0x13036a
[EnvironmentManager] SetVar("USERNAME", "Sysop", flags=0)
[EnvironmentManager] Created LocalVar at 0x130390
[EnvironmentManager] SetVar("USER_NAME", "Sysop", flags=0)
[EnvironmentManager] Created LocalVar at 0x1303b7
[EnvironmentManager] SetVar("HANDLE", "Sysop", flags=0)
[EnvironmentManager] Created LocalVar at 0x1303df
[EnvironmentManager] SetVar("USER_LEVEL", "1", flags=0)
[EnvironmentManager] Created LocalVar at 0x130404
[EnvironmentManager] SetVar("SYSOP", "sysop", flags=0)
[runner:mtop] [EnvironmentManager] Created LocalVar at 0x130429
[EnvironmentManager] SetVar("SYSOP_NAME", "sysop", flags=0)
[EnvironmentManager] Created LocalVar at 0x13044d
[EnvironmentManager] SetVar("CONF_ID", "1", flags=0)
[EnvironmentManager] Created LocalVar at 0x130476
[EnvironmentManager] SetVar("CONF", "1", flags=0)
[EnvironmentManager] Created LocalVar at 0x130498
[runner:mtop] [EnvironmentManager] SetVar("CONFNUM", "1", flags=0)
[EnvironmentManager] Created LocalVar at 0x1304b7
[EnvironmentManager] SetVar("BAUD", "115200", flags=0)
[EnvironmentManager] Created LocalVar at 0x1304d9
[EnvironmentManager] SetVar("SERIALRATE", "115200", flags=0)
[EnvironmentManager] Created LocalVar at 0x1304fd
[runner:mtop] [EnvironmentManager] SetVar("AE_HOST", "amiexpress-web", flags=0)
[EnvironmentManager] Created LocalVar at 0x130527
[EnvironmentManager] SetVar("AE_HOST_VERSION", "1.0.0", flags=0)
[EnvironmentManager] Created LocalVar at 0x130556
[runner:mtop] [EnvironmentManager] SetVar("AE_CONNECTION", "web", flags=0)
[EnvironmentManager] Created LocalVar at 0x130584
[EnvironmentManager] SetVar("AE_CLIENT", "ansi", flags=0)
[EnvironmentManager] Created LocalVar at 0x1305ae
[EnvironmentManager] SetVar("AE_CAPS", "ansi,wide,mouse", flags=0)
[EnvironmentManager] Created LocalVar at 0x1305d5
[runner:mtop] [EnvironmentManager] Populated 37 standard variables
[runner:mtop] [ENV Initializer] Creating ENV files for node 8
[runner:mtop] [ENV Initializer] Created ENV:PATH = "Work:,S:,C:,Doors:"
[runner:mtop] [ENV Initializer] Created ENV:PROMPT = "%N.%S>"
[runner:mtop] [ENV Initializer] Created ENV:RC = "0"
[runner:mtop] [ENV Initializer] Created ENV:Result2 = "0"
[runner:mtop] [ENV Initializer] Created ENV:Kickstart = "39.106"
[runner:mtop] [ENV Initializer] Created ENV:Workbench = "39.29"
[runner:mtop] [ENV Initializer] Created ENV:BBS_NAME = "AmiExpress Web BBS"
[runner:mtop] [ENV Initializer] Created ENV:BBSNAME = "AmiExpress Web BBS"
[runner:mtop] [ENV Initializer] Created ENV:SYSOP = "Sysop"
[runner:mtop] [ENV Initializer] Created ENV:SYSOP_NAME = "Sysop"
[runner:mtop] [ENV Initializer] Created ENV:NODE_NUMBER = "8"
[runner:mtop] [ENV Initializer] Created ENV:AXNODE = "8"
[runner:mtop] [ENV Initializer] Created ENV:AMX_NODE = "8"
[runner:mtop] [ENV Initializer] Created ENV:NODE = "8"
[runner:mtop] [ENV Initializer] Created ENV:AXNODENUM = "8"
[runner:mtop] [ENV Initializer] Created ENV:BBSNODE = "8"
[runner:mtop] [ENV Initializer] Created ENV:BAUD = "115200"
[runner:mtop] [ENV Initializer] Created ENV:SERIALRATE = "115200"
[runner:mtop] [ENV Initializer] Created ENV:AE_HOST = "amiexpress-web"
[runner:mtop] [ENV Initializer] Created ENV:AE_HOST_VERSION = "1.0.0"
[runner:mtop] [ENV Initializer] Created ENV:AE_CONNECTION.8 = "web"
[runner:mtop] [ENV Initializer] Created ENV:AE_CLIENT.8 = "ansi"
[runner:mtop] [ENV Initializer] Created ENV:AE_CAPS.8 = "ansi,wide,mouse"
[runner:mtop] [ENV Initializer] Created ENV:JC_PWFAIL.1 = "0"
[runner:mtop] [ENV Initializer] Created ENV:JC_PWFAIL.2 = "0"
[runner:mtop] [ENV Initializer] Created ENV:JC_PWFAIL.3 = "0"
[runner:mtop] [ENV Initializer] Created ENV:JC_PWFAIL.4 = "0"
[runner:mtop] [ENV Initializer] Created ENV:JC_PWFAIL.5 = "0"
[runner:mtop] [ENV Initializer] Created ENV:JC_PWFAIL.6 = "0"
[runner:mtop] [ENV Initializer] Created ENV:JC_PWFAIL.7 = "0"
[runner:mtop] [ENV Initializer] Created ENV:JC_PWFAIL.8 = "0"
[runner:mtop] [ENV Initializer] Created ENV:LAST_DOOR = ""
[runner:mtop] [ENV Initializer] Created ENV:DOOR_COUNT = "0"
[ENV Initializer] Created ENV files in /tmp/ram/ENV
[runner:mtop] [FileManager] Initialized standard handles:
[runner:mtop]   BPTR 1 (stdin):  [FH:'stdin'(ami='CONSOLE:',sys='/dev/stdin',nc=false)@0x0=B@0x1]
  BPTR 2 (stdout): [FH:'stdout'(ami='*',sys='/dev/stdout',nc=false)@0x0=B@0x2]
[runner:mtop] [PathManager] Mapped assign root: "doors:" => "/Users/spot/Code/amiexpress-web/Doors/"
[runner:mtop] [FileManager] stdin re-registered: BPTR 0x1 -> 0x50000
[runner:mtop] [FileManager] stdin BPTR set to 0x50000 (addr 0x140000)
[runner:mtop] [FileManager] stdout re-registered: BPTR 0x2 -> 0x5000b
[FileManager] stdout BPTR set to 0x5000b (addr 0x14002c)
[runner:mtop] [PathManager] PROGDIR: assigned to /Users/spot/Code/amiexpress-web/Doors/multitop/
[runner:mtop] [PathManager] Mapped assign root: "progdir:" => "/Users/spot/Code/amiexpress-web/Doors/multitop/"
[runner:mtop] [FileManager] Changed directory to: progdir: (/Users/spot/Code/amiexpress-web/Doors/multitop/)
[runner:mtop] [LibraryTraps] LVOs.i not found; stub vectors disabled
[runner:mtop] [MoiraEmulator] Library trap handler registered
[runner:mtop] [LibraryTraps] Installing Exec.library vectors at base 0x80000
[runner:mtop]   [FreeSignal] Vector at 0x7feb0 (offset -336)
  [RemPort] Vector at 0x7fe98 (offset -360)
  [OpenDevice] Vector at 0x7fe44 (offset -444)
  [CloseDevice] Vector at 0x7fe3e (offset -450)
[runner:mtop]   [DoIO] Vector at 0x7fe38 (offset -456)
  [CheckIO] Vector at 0x7fe2c (offset -468)
  [WaitIO] Vector at 0x7fe26 (offset -474)
  [AbortIO] Vector at 0x7fe20 (offset -480)
  [CreateIORequest] Vector at 0x7fd72 (offset -654)
  [DeleteIORequest] Vector at 0x7fd6c (offset -660)
  [AllocEntry] Vector at 0x7ff22 (offset -222)
  [FreeEntry] Vector at 0x7ff1c (offset -228)
  [OpenResource] Vector at 0x7fe0e (offset -498)
  [SetFunction] Vector at 0x7fe5c (offset -420)
  [AddTask] Vector at 0x7fee6 (offset -282)
  [AddSemaphore] Vector at 0x7fda8 (offset -600)
[runner:mtop]   [AddIntServer] Vector at 0x7ff58 (offset -168)
  [CacheControl] Vector at 0x7fd78 (offset -648)
  [RemMemHandler] Vector at 0x7ff7c (offset -132)
  [SetIntVector] Vector at 0x7ff5e (offset -162)
  [AllocTrap] Vector at 0x7feaa (offset -342)
  [FreeTrap] Vector at 0x7fea4 (offset -348)
[runner:mtop]   [SendIO] Vector at 0x7fe32 (offset -462)
  [SumLibrary] Vector at 0x7fe56 (offset -426)
  [OpenLibrary] Vector at 0x7fdd8 (offset -552)
  [CloseLibrary] Vector at 0x7fe62 (offset -414)
[runner:mtop]   [RawDoFmt] Vector at 0x7fdf6 (offset -522)
  [InitStruct] Vector at 0x7ffb2 (offset -78)
  [MakeLibrary] Vector at 0x7ffac (offset -84)
  [MakeFunctions] Vector at 0x7ffa6 (offset -90)
  [FindResident] Vector at 0x7ffa0 (offset -96)
[runner:mtop]   [InitResident] Vector at 0x7ff9a (offset -102)
  [Alert] Vector at 0x7ff94 (offset -108)
  [Forbid] Vector at 0x7ff7c (offset -132)
  [Permit] Vector at 0x7ff76 (offset -138)
  [SuperState] Vector at 0x7ff6a (offset -150)
  [UserState] Vector at 0x7ff64 (offset -156)
  [Allocate] Vector at 0x7ff46 (offset -186)
  [Insert] Vector at 0x7ff16 (offset -234)
  [AddHead] Vector at 0x7ff10 (offset -240)
  [AddTail] Vector at 0x7ff0a (offset -246)
[runner:mtop]   [Remove] Vector at 0x7ff04 (offset -252)
  [RemHead] Vector at 0x7fefe (offset -258)
  [RemTail] Vector at 0x7fef8 (offset -264)
  [Enqueue] Vector at 0x7fef2 (offset -270)
  [InitSemaphore] Vector at 0x7fdd2 (offset -558)
  [ObtainSemaphore] Vector at 0x7fdcc (offset -564)
  [ReleaseSemaphore] Vector at 0x7fdc6 (offset -570)
[runner:mtop]   [AttemptSemaphore] Vector at 0x7fdc0 (offset -576)
  [FindSemaphore] Vector at 0x7fdae (offset -594)
  [OldOpenLibrary] Vector at 0x7fe68 (offset -408)
  [Disable] Vector at 0x7ff88 (offset -120)
[runner:mtop]   [Enable] Vector at 0x7ff82 (offset -126)
  [Deallocate] Vector at 0x7ff40 (offset -192)
  [AvailMem] Vector at 0x7ff28 (offset -216)
  [FindName] Vector at 0x7feec (offset -276)
  [TypeOfMem] Vector at 0x7fdea (offset -534)
  [CacheClearU] Vector at 0x7fd84 (offset -636)
[runner:mtop]   [CacheClearE] Vector at 0x7fd7e (offset -642)
  [ObtainSemaphoreShared] Vector at 0x7fd5a (offset -678)
  [AllocMem] Vector at 0x7ff3a (offset -198)
  [FreeMem] Vector at 0x7ff2e (offset -210)
[runner:mtop]   [FindTask] Vector at 0x7feda (offset -294)
  [SetTaskPri] Vector at 0x7fed4 (offset -300)
  [SetSignal] Vector at 0x7fece (offset -306)
[runner:mtop]   [FindPort] Vector at 0x7fe7a (offset -390)
  [PutMsg] Vector at 0x7fe92 (offset -366)
  [GetMsg] Vector at 0x7fe8c (offset -372)
  [Wait] Vector at 0x7fec2 (offset -318)
  [Signal] Vector at 0x7febc (offset -324)
  [Supervisor] Vector at 0x7ffe2 (offset -30)
[runner:mtop]   [AllocSignal] Vector at 0x7feb6 (offset -330)
  [AddPort] Vector at 0x7fe9e (offset -354)
  [ReplyMsg] Vector at 0x7fe86 (offset -378)
  [WaitPort] Vector at 0x7fe80 (offset -384)
[runner:mtop]   [CreatePort] Vector at 0x7ff8e (offset -114)
  [CreateMsgPort] Vector at 0x7fd66 (offset -666)
  [DeleteMsgPort] Vector at 0x7fd60 (offset -672)
  [AllocVec] Vector at 0x7fd54 (offset -684)
  [FreeVec] Vector at 0x7fd4e (offset -690)
[runner:mtop]   [CreatePool] Vector at 0x7fd48 (offset -696)
  [DeletePool] Vector at 0x7fd42 (offset -702)
  [AllocPooled] Vector at 0x7fd3c (offset -708)
  [FreePooled] Vector at 0x7fd36 (offset -714)
[runner:mtop]   [CopyMem] Vector at 0x7fd90 (offset -624)
  [CopyMemQuick] Vector at 0x7fd8a (offset -630)
  [StackSwap] Vector at 0x7fd24 (offset -732)
[runner:mtop] [LibraryTraps] Installed 87 Exec.library vectors
[runner:mtop] [LibraryTraps] Synced 86 trap addresses to MOIRA for batch execution
[runner:mtop] [LibraryLoader] Loading utility.library (version >= 37)
[LibraryLoader] ✅ utility.library is ROM-resident (using Kickstart ROM)
[LibraryLoader]   ROM libraries are native code in ROM, not loaded from disk
[runner:mtop] [LibraryTraps] Installing utility.library vectors at base 0xf0000
[runner:mtop]   [FindTagItem] Vector at 0xeffe2 (offset -30)
  [GetTagData] Vector at 0xeffdc (offset -36)
  [PackBoolTags] Vector at 0xeffd6 (offset -42)
[runner:mtop]   [NextTagItem] Vector at 0xeffd0 (offset -48)
  [FilterTagChanges] Vector at 0xeffca (offset -54)
  [Utility_-58_Stub] Vector at 0xeffc6 (offset -58)
  [MapTags] Vector at 0xeffc4 (offset -60)
  [AllocateTagItems] Vector at 0xeffbe (offset -66)
[runner:mtop]   [CloneTagItems] Vector at 0xeffb8 (offset -72)
  [FreeTagItems] Vector at 0xeffb2 (offset -78)
  [RefreshTagItemClones] Vector at 0xeffac (offset -84)
  [TagInArray] Vector at 0xeffa6 (offset -90)
  [FilterTagItems] Vector at 0xeffa0 (offset -96)
[runner:mtop]   [CallHookPkt] Vector at 0xeff9a (offset -102)
  [Amiga2Date] Vector at 0xeff88 (offset -120)
[runner:mtop]   [Date2Amiga] Vector at 0xeff82 (offset -126)
[runner:mtop]   [CheckDate] Vector at 0xeff7c (offset -132)
  [SMult32] Vector at 0xeff76 (offset -138)
[runner:mtop]   [UMult32] Vector at 0xeff70 (offset -144)
  [SDivMod32] Vector at 0xeff6a (offset -150)
[runner:mtop]   [UDivMod32] Vector at 0xeff64 (offset -156)
  [Stricmp] Vector at 0xeff5e (offset -162)
  [Strnicmp] Vector at 0xeff58 (offset -168)
  [ToUpper] Vector at 0xeff52 (offset -174)
[runner:mtop]   [ToLower] Vector at 0xeff4c (offset -180)
  [ApplyTagChanges] Vector at 0xeff46 (offset -186)
  [SMult64] Vector at 0xeff3a (offset -198)
  [UMult64] Vector at 0xeff34 (offset -204)
  [PackStructureTags] Vector at 0xeff2e (offset -210)
[runner:mtop]   [UnpackStructureTags] Vector at 0xeff28 (offset -216)
  [AddNamedObject] Vector at 0xeff22 (offset -222)
  [AllocNamedObjectA] Vector at 0xeff1c (offset -228)
  [AttemptRemNamedObject] Vector at 0xeff16 (offset -234)
  [FindNamedObject] Vector at 0xeff10 (offset -240)
[runner:mtop]   [FreeNamedObject] Vector at 0xeff0a (offset -246)
  [NamedObjectName] Vector at 0xeff04 (offset -252)
  [ReleaseNamedObject] Vector at 0xefefe (offset -258)
  [RemNamedObject] Vector at 0xefef8 (offset -264)
[runner:mtop]   [GetUniqueID] Vector at 0xefef2 (offset -270)
[LibraryTraps] Installed 39 utility.library vectors
[runner:mtop] [LibraryLoader] Loading icon.library (version >= 37)
[runner:mtop] [LibraryLoader] ✅ icon.library is ROM-resident (using Kickstart ROM)
[LibraryLoader]   ROM libraries are native code in ROM, not loaded from disk
[runner:mtop] [LibraryTraps] Installing icon.library vectors at base 0xd0000
[runner:mtop]   [FreeFreeList] Vector at 0xcffca (offset -54) [VERIFIED: 0x4afc]
  [AddFreeList] Vector at 0xcffb8 (offset -72) [VERIFIED: 0x4afc]
  [GetDiskObject] Vector at 0xcffb2 (offset -78) [VERIFIED: 0x4afc]
[runner:mtop]   [PutDiskObject] Vector at 0xcffac (offset -84) [VERIFIED: 0x4afc]
  [FreeDiskObject] Vector at 0xcffa6 (offset -90) [VERIFIED: 0x4afc]
  [FindToolType] Vector at 0xcffa0 (offset -96) [VERIFIED: 0x4afc]
  [MatchToolValue] Vector at 0xcff9a (offset -102) [VERIFIED: 0x4afc]
  [BumpRevision] Vector at 0xcff94 (offset -108) [VERIFIED: 0x4afc]
[runner:mtop]   [GetDefDiskObject] Vector at 0xcff88 (offset -120) [VERIFIED: 0x4afc]
  [PutDefDiskObject] Vector at 0xcff82 (offset -126) [VERIFIED: 0x4afc]
  [GetDiskObjectNew] Vector at 0xcff7c (offset -132) [VERIFIED: 0x4afc]
  [DeleteDiskObject] Vector at 0xcff76 (offset -138) [VERIFIED: 0x4afc]
[LibraryTraps] *** icon.library GetDiskObject at 0xcffe2 contains: 0x0 (should be 0x4AFC) ***
[runner:mtop] [LibraryTraps] *** icon.library FULLY OPERATIONAL - ALL traps installed and ready ***
[LibraryTraps] Installed 12 icon.library vectors
[runner:mtop] [LibraryLoader] Loading dos.library (version >= 37)
[LibraryLoader] ✅ dos.library is ROM-resident (using Kickstart ROM)
[LibraryLoader]   ROM libraries are native code in ROM, not loaded from disk
[runner:mtop] [LibraryTraps] Installing dos.library vectors at base 0xb0000
[runner:mtop]   [Open] Vector at 0xaffe2 (offset -30)
  [Close] Vector at 0xaffdc (offset -36)
[runner:mtop]   [Read] Vector at 0xaffd6 (offset -42)
  [Write] Vector at 0xaffd0 (offset -48)
  [Input] Vector at 0xaffca (offset -54)
  [Output] Vector at 0xaffc4 (offset -60)
[runner:mtop]   [Seek] Vector at 0xaffbe (offset -66)
  [DeleteFile] Vector at 0xaffb8 (offset -72)
  [Rename] Vector at 0xaffb2 (offset -78)
  [Lock] Vector at 0xaffac (offset -84)
  [UnLock] Vector at 0xaffa6 (offset -90)
[runner:mtop]   [DupLock] Vector at 0xaffa0 (offset -96)
  [Examine] Vector at 0xaff9a (offset -102)
  [ExNext] Vector at 0xaff94 (offset -108)
  [Info] Vector at 0xaff8e (offset -114)
[runner:mtop]   [CreateDir] Vector at 0xaff88 (offset -120)
  [CurrentDir] Vector at 0xaff82 (offset -126)
  [IoErr] Vector at 0xaff7c (offset -132)
  [CreateProc] Vector at 0xaff76 (offset -138)
[runner:mtop]   [Exit] Vector at 0xaff70 (offset -144)
  [LoadSeg] Vector at 0xaff6a (offset -150)
  [UnLoadSeg] Vector at 0xaff64 (offset -156)
  [DeviceProc] Vector at 0xaff52 (offset -174)
  [SetComment] Vector at 0xaff4c (offset -180)
[runner:mtop]   [SetProtection] Vector at 0xaff46 (offset -186)
  [DateStamp] Vector at 0xaff40 (offset -192)
  [Delay] Vector at 0xaff3a (offset -198)
  [WaitForChar] Vector at 0xaff34 (offset -204)
  [ParentDir] Vector at 0xaff2e (offset -210)
  [IsInteractive] Vector at 0xaff28 (offset -216)
  [Execute] Vector at 0xaff22 (offset -222)
  [AllocDosObject] Vector at 0xaff1c (offset -228)
  [FreeDosObject] Vector at 0xaff16 (offset -234)
[runner:mtop]   [SelectInput] Vector at 0xafeda (offset -294)
  [SelectOutput] Vector at 0xafed4 (offset -300)
  [FGetC] Vector at 0xafece (offset -306)
[runner:mtop]   [FPutC] Vector at 0xafec8 (offset -312)
  [UnGetC] Vector at 0xafec2 (offset -318)
  [FRead] Vector at 0xafebc (offset -324)
  [FWrite] Vector at 0xafeb6 (offset -330)
[runner:mtop]   [FGets] Vector at 0xafeb0 (offset -336)
  [FPuts] Vector at 0xafeaa (offset -342)
  [VFPrintf] Vector at 0xafe9e (offset -354)
[runner:mtop]   [Flush] Vector at 0xafe98 (offset -360)
  [DupLockFromFH] Vector at 0xafe8c (offset -372)
  [OpenFromLock] Vector at 0xafe86 (offset -378)
  [ParentOfFH] Vector at 0xafe80 (offset -384)
[runner:mtop]   [ExamineFH] Vector at 0xafe7a (offset -390)
  [NameFromLock] Vector at 0xafe6e (offset -402)
  [SplitName] Vector at 0xafe62 (offset -414)
  [SetIoErr] Vector at 0xafe32 (offset -462)
[runner:mtop]   [Fault] Vector at 0xafe2c (offset -468)
  [PrintFault] Vector at 0xafe26 (offset -474)
  [Cli] Vector at 0xafe14 (offset -492)
  [GetFileSysTask] Vector at 0xafdf6 (offset -522)
[runner:mtop]   [SetFileSysTask] Vector at 0xafdf0 (offset -528)
  [FindCliProc] Vector at 0xafdde (offset -546)
  [MaxCli] Vector at 0xafdd8 (offset -552)
  [GetCurrentDirName] Vector at 0xafdcc (offset -564)
[runner:mtop]   [GetProgramName] Vector at 0xafdc0 (offset -576)
  [SetProgramDir] Vector at 0xafdae (offset -594)
  [GetProgramDir] Vector at 0xafda8 (offset -600)
  [SystemTagList] Vector at 0xafda2 (offset -606)
[runner:mtop]   [DateToStr] Vector at 0xafd18 (offset -744)
  [StrToDate] Vector at 0xafd12 (offset -750)
  [CheckSignal] Vector at 0xafce8 (offset -792)
  [ReadArgs] Vector at 0xafce2 (offset -798)
  [ParsePattern] Vector at 0xafcb8 (offset -840)
[runner:mtop]   [MatchPattern] Vector at 0xafcb2 (offset -846)
  [FreeArgs] Vector at 0xafca6 (offset -858)
  [FilePart] Vector at 0xafc9a (offset -870)
  [PathPart] Vector at 0xafc94 (offset -876)
[runner:mtop]   [AddPart] Vector at 0xafc8e (offset -882)
  [SetVar] Vector at 0xafc7c (offset -900)
  [GetVar] Vector at 0xafc76 (offset -906)
  [DeleteVar] Vector at 0xafc70 (offset -912)
[runner:mtop]   [PutStr] Vector at 0xafc4c (offset -948)
  [VPrintf] Vector at 0xafc46 (offset -954)
  [ParsePatternNoCase] Vector at 0xafc3a (offset -966)
  [MatchPatternNoCase] Vector at 0xafc34 (offset -972)
[runner:mtop]   [LockDosList] Vector at 0xafd72 (offset -654)
  [UnLockDosList] Vector at 0xafd6c (offset -660)
  [AttemptLockDosList] Vector at 0xafd66 (offset -666)
  [FindDosEntry] Vector at 0xafd54 (offset -684)
  [NextDosEntry] Vector at 0xafd4e (offset -690)
[runner:mtop]   [MatchFirst] Vector at 0xafcca (offset -822)
  [MatchNext] Vector at 0xafcc4 (offset -828)
  [MatchEnd] Vector at 0xafcbe (offset -834)
  [IsFileSystem] Vector at 0xafe02 (offset -510)
[runner:mtop]   [SetProgramName] Vector at 0xafe0e (offset -498)
  [GetArgStr] Vector at 0xafdea (offset -534)
  [ReadItem] Vector at 0xafda2 (offset -606)
  [GetDeviceProc] Vector at 0xafd7e (offset -642)
  [VFWritef] Vector at 0xafea4 (offset -348)
  [SetMode] Vector at 0xafe56 (offset -426)
  [ExAll] Vector at 0xafe50 (offset -432)
[runner:mtop]   [StartNotify] Vector at 0xafc88 (offset -888)
[runner:mtop]   [DoPkt] Vector at 0xaff10 (offset -240)
  [StrToLong] Vector at 0xafcd0 (offset -816)
[LibraryTraps] Installed 99 dos.library vectors
[runner:mtop] [LibraryTraps] Installing dos.library vectors at base 0xb0000
  [Open] Vector at 0xaffe2 (offset -30)
  [Close] Vector at 0xaffdc (offset -36)
  [Read] Vector at 0xaffd6 (offset -42)
  [Write] Vector at 0xaffd0 (offset -48)
  [Input] Vector at 0xaffca (offset -54)
  [Output] Vector at 0xaffc4 (offset -60)
[runner:mtop]   [Seek] Vector at 0xaffbe (offset -66)
  [DeleteFile] Vector at 0xaffb8 (offset -72)
  [Rename] Vector at 0xaffb2 (offset -78)
  [Lock] Vector at 0xaffac (offset -84)
  [UnLock] Vector at 0xaffa6 (offset -90)
  [DupLock] Vector at 0xaffa0 (offset -96)
[runner:mtop]   [Examine] Vector at 0xaff9a (offset -102)
  [ExNext] Vector at 0xaff94 (offset -108)
  [Info] Vector at 0xaff8e (offset -114)
  [CreateDir] Vector at 0xaff88 (offset -120)
[runner:mtop]   [CurrentDir] Vector at 0xaff82 (offset -126)
[runner:mtop]   [IoErr] Vector at 0xaff7c (offset -132)
[runner:mtop]   [CreateProc] Vector at 0xaff76 (offset -138)
  [Exit] Vector at 0xaff70 (offset -144)
  [LoadSeg] Vector at 0xaff6a (offset -150)
[runner:mtop]   [UnLoadSeg] Vector at 0xaff64 (offset -156)
[runner:mtop]   [DeviceProc] Vector at 0xaff52 (offset -174)
  [SetComment] Vector at 0xaff4c (offset -180)
  [SetProtection] Vector at 0xaff46 (offset -186)
  [DateStamp] Vector at 0xaff40 (offset -192)
  [Delay] Vector at 0xaff3a (offset -198)
[runner:mtop]   [WaitForChar] Vector at 0xaff34 (offset -204)
  [ParentDir] Vector at 0xaff2e (offset -210)
  [IsInteractive] Vector at 0xaff28 (offset -216)
  [Execute] Vector at 0xaff22 (offset -222)
[runner:mtop]   [AllocDosObject] Vector at 0xaff1c (offset -228)
  [FreeDosObject] Vector at 0xaff16 (offset -234)
[runner:mtop]   [SelectInput] Vector at 0xafeda (offset -294)
[runner:mtop]   [SelectOutput] Vector at 0xafed4 (offset -300)
  [FGetC] Vector at 0xafece (offset -306)
  [FPutC] Vector at 0xafec8 (offset -312)
  [UnGetC] Vector at 0xafec2 (offset -318)
  [FRead] Vector at 0xafebc (offset -324)
[runner:mtop]   [FWrite] Vector at 0xafeb6 (offset -330)
  [FGets] Vector at 0xafeb0 (offset -336)
  [FPuts] Vector at 0xafeaa (offset -342)
  [VFPrintf] Vector at 0xafe9e (offset -354)
  [Flush] Vector at 0xafe98 (offset -360)
[runner:mtop]   [DupLockFromFH] Vector at 0xafe8c (offset -372)
  [OpenFromLock] Vector at 0xafe86 (offset -378)
  [ParentOfFH] Vector at 0xafe80 (offset -384)
  [ExamineFH] Vector at 0xafe7a (offset -390)
  [NameFromLock] Vector at 0xafe6e (offset -402)
[runner:mtop]   [SplitName] Vector at 0xafe62 (offset -414)
  [SetIoErr] Vector at 0xafe32 (offset -462)
  [Fault] Vector at 0xafe2c (offset -468)
  [PrintFault] Vector at 0xafe26 (offset -474)
  [Cli] Vector at 0xafe14 (offset -492)
[runner:mtop]   [GetFileSysTask] Vector at 0xafdf6 (offset -522)
  [SetFileSysTask] Vector at 0xafdf0 (offset -528)
  [FindCliProc] Vector at 0xafdde (offset -546)
  [MaxCli] Vector at 0xafdd8 (offset -552)
  [GetCurrentDirName] Vector at 0xafdcc (offset -564)
[runner:mtop]   [GetProgramName] Vector at 0xafdc0 (offset -576)
  [SetProgramDir] Vector at 0xafdae (offset -594)
  [GetProgramDir] Vector at 0xafda8 (offset -600)
  [SystemTagList] Vector at 0xafda2 (offset -606)
  [DateToStr] Vector at 0xafd18 (offset -744)
  [StrToDate] Vector at 0xafd12 (offset -750)
  [CheckSignal] Vector at 0xafce8 (offset -792)
[runner:mtop]   [ReadArgs] Vector at 0xafce2 (offset -798)
  [ParsePattern] Vector at 0xafcb8 (offset -840)
  [MatchPattern] Vector at 0xafcb2 (offset -846)
  [FreeArgs] Vector at 0xafca6 (offset -858)
  [FilePart] Vector at 0xafc9a (offset -870)
[runner:mtop]   [PathPart] Vector at 0xafc94 (offset -876)
  [AddPart] Vector at 0xafc8e (offset -882)
  [SetVar] Vector at 0xafc7c (offset -900)
  [GetVar] Vector at 0xafc76 (offset -906)
  [DeleteVar] Vector at 0xafc70 (offset -912)
[runner:mtop]   [PutStr] Vector at 0xafc4c (offset -948)
  [VPrintf] Vector at 0xafc46 (offset -954)
  [ParsePatternNoCase] Vector at 0xafc3a (offset -966)
  [MatchPatternNoCase] Vector at 0xafc34 (offset -972)
[runner:mtop]   [LockDosList] Vector at 0xafd72 (offset -654)
  [UnLockDosList] Vector at 0xafd6c (offset -660)
  [AttemptLockDosList] Vector at 0xafd66 (offset -666)
  [FindDosEntry] Vector at 0xafd54 (offset -684)
[runner:mtop]   [NextDosEntry] Vector at 0xafd4e (offset -690)
  [MatchFirst] Vector at 0xafcca (offset -822)
  [MatchNext] Vector at 0xafcc4 (offset -828)
  [MatchEnd] Vector at 0xafcbe (offset -834)
  [IsFileSystem] Vector at 0xafe02 (offset -510)
[runner:mtop]   [SetProgramName] Vector at 0xafe0e (offset -498)
  [GetArgStr] Vector at 0xafdea (offset -534)
  [ReadItem] Vector at 0xafda2 (offset -606)
  [GetDeviceProc] Vector at 0xafd7e (offset -642)
  [VFWritef] Vector at 0xafea4 (offset -348)
  [SetMode] Vector at 0xafe56 (offset -426)
[runner:mtop]   [ExAll] Vector at 0xafe50 (offset -432)
  [StartNotify] Vector at 0xafc88 (offset -888)
  [DoPkt] Vector at 0xaff10 (offset -240)
  [StrToLong] Vector at 0xafcd0 (offset -816)
[runner:mtop] [LibraryTraps] Installed 99 dos.library vectors
[runner:mtop] [LibraryTraps] ============================================
[LibraryTraps] AEDoor.library vectors: TRAP MODE (TypeScript handlers)
[LibraryTraps] Base address: 0x200000
[runner:mtop] [LibraryTraps] Installing 20 trap handlers...
[LibraryTraps] ============================================
[runner:mtop]   [CreateComm] 0x1fffe2 (offset -30): was JMP -> now ILLEGAL [OK]
  [DeleteComm] 0x1fffdc (offset -36): was JMP -> now ILLEGAL [OK]
  [SendCmd] 0x1fffd6 (offset -42): was JMP -> now ILLEGAL [OK]
  [SendStrCmd] 0x1fffd0 (offset -48): was JMP -> now ILLEGAL [OK]
  [SendDataCmd] 0x1fffca (offset -54): was JMP -> now ILLEGAL [OK]
  [SendStrDataCmd] 0x1fffc4 (offset -60): was JMP -> now ILLEGAL [OK]
  [GetData] 0x1fffbe (offset -66): was JMP -> now ILLEGAL [OK]
[runner:mtop]   [GetString] 0x1fffb8 (offset -72): was JMP -> now ILLEGAL [OK]
[runner:mtop]   [Prompt] 0x1fffb2 (offset -78): was JMP -> now ILLEGAL [OK]
  [WriteStr] 0x1fffac (offset -84): was JMP -> now ILLEGAL [OK]
  [ShowGFile] 0x1fffa6 (offset -90): was JMP -> now ILLEGAL [OK]
  [ShowFile] 0x1fffa0 (offset -96): was JMP -> now ILLEGAL [OK]
[runner:mtop]   [SetDT] 0x1fff9a (offset -102): was JMP -> now ILLEGAL [OK]
  [GetDT] 0x1fff94 (offset -108): was JMP -> now ILLEGAL [OK]
[runner:mtop]   [GetStr] 0x1fff8e (offset -114): was JMP -> now ILLEGAL [OK]
  [CopyStr] 0x1fff88 (offset -120): was JMP -> now ILLEGAL [OK]
[runner:mtop]   [HotKey] 0x1fff82 (offset -126): was JMP -> now ILLEGAL [OK]
  [PreCreateComm] 0x1fff7c (offset -132): was JMP -> now ILLEGAL [OK]
  [PostDeleteComm] 0x1fff76 (offset -138): was JMP -> now ILLEGAL [OK]
[runner:mtop]   [Stub_-24] 0x1fffe8 (offset -24): was JMP -> now ILLEGAL [OK]
[LibraryTraps] Installed 20 AEDoor.library vectors
[runner:mtop] [LibraryTraps] ============================================
[LibraryTraps] AEDoor.library vectors: TRAP MODE (TypeScript handlers)
[runner:mtop] [LibraryTraps] Base address: 0x200000
[LibraryTraps] Installing 20 trap handlers...
[LibraryTraps] ============================================
  [CreateComm] 0x1fffe2 (offset -30): was ILLEGAL -> now ILLEGAL [OK]
[runner:mtop]   [DeleteComm] 0x1fffdc (offset -36): was ILLEGAL -> now ILLEGAL [OK]
  [SendCmd] 0x1fffd6 (offset -42): was ILLEGAL -> now ILLEGAL [OK]
  [SendStrCmd] 0x1fffd0 (offset -48): was ILLEGAL -> now ILLEGAL [OK]
[runner:mtop]   [SendDataCmd] 0x1fffca (offset -54): was ILLEGAL -> now ILLEGAL [OK]
  [SendStrDataCmd] 0x1fffc4 (offset -60): was ILLEGAL -> now ILLEGAL [OK]
  [GetData] 0x1fffbe (offset -66): was ILLEGAL -> now ILLEGAL [OK]
  [GetString] 0x1fffb8 (offset -72): was ILLEGAL -> now ILLEGAL [OK]
[runner:mtop]   [Prompt] 0x1fffb2 (offset -78): was ILLEGAL -> now ILLEGAL [OK]
[runner:mtop]   [WriteStr] 0x1fffac (offset -84): was ILLEGAL -> now ILLEGAL [OK]
  [ShowGFile] 0x1fffa6 (offset -90): was ILLEGAL -> now ILLEGAL [OK]
  [ShowFile] 0x1fffa0 (offset -96): was ILLEGAL -> now ILLEGAL [OK]
  [SetDT] 0x1fff9a (offset -102): was ILLEGAL -> now ILLEGAL [OK]
[runner:mtop]   [GetDT] 0x1fff94 (offset -108): was ILLEGAL -> now ILLEGAL [OK]
  [GetStr] 0x1fff8e (offset -114): was ILLEGAL -> now ILLEGAL [OK]
  [CopyStr] 0x1fff88 (offset -120): was ILLEGAL -> now ILLEGAL [OK]
  [HotKey] 0x1fff82 (offset -126): was ILLEGAL -> now ILLEGAL [OK]
[runner:mtop]   [PreCreateComm] 0x1fff7c (offset -132): was ILLEGAL -> now ILLEGAL [OK]
  [PostDeleteComm] 0x1fff76 (offset -138): was ILLEGAL -> now ILLEGAL [OK]
  [Stub_-24] 0x1fffe8 (offset -24): was ILLEGAL -> now ILLEGAL [OK]
[LibraryTraps] Installed 20 AEDoor.library vectors
[runner:mtop] [BBS API] Setting up low-memory region 0x790-0x800
[BBS API] Low-memory setup complete
[runner:mtop] [LibraryTraps] Registered custom trap 'BBS_API_DISPATCHER' at 0x122310
[runner:mtop] [MulticomManager] initializeInEmulator: sessionId=session-8, nodeId=8, maxLinkedNodes=32
[MulticomManager] Initializing MULTICOM structures for session session-8
[runner:mtop] [MulticomManager] Linking myNode entries to singlePort structures (cap=32)
[MulticomManager]   myNode[0] at 0x1e003a -> singlePort at 0x1e1000
[MulticomManager]   myNode[1] at 0x1e00b6 -> singlePort at 0x1e1200
[runner:mtop] [MulticomManager]   myNode[2] at 0x1e0132 -> singlePort at 0x1e1400
[MulticomManager]   myNode[3] at 0x1e01ae -> singlePort at 0x1e1600
[MulticomManager]   myNode[4] at 0x1e022a -> singlePort at 0x1e1800
[MulticomManager]   myNode[5] at 0x1e02a6 -> singlePort at 0x1e1a00
[MulticomManager]   myNode[6] at 0x1e0322 -> singlePort at 0x1e1c00
[MulticomManager]   myNode[7] at 0x1e039e -> singlePort at 0x1e1e00
[MulticomManager]   myNode[8] at 0x1e041a -> singlePort at 0x1e2000
[MulticomManager]   myNode[9] at 0x1e0496 -> singlePort at 0x1e2200
[MulticomManager]   myNode[10] at 0x1e0512 -> singlePort at 0x1e2400
[MulticomManager]   myNode[11] at 0x1e058e -> singlePort at 0x1e2600
[MulticomManager]   myNode[12] at 0x1e060a -> singlePort at 0x1e2800
[MulticomManager]   myNode[13] at 0x1e0686 -> singlePort at 0x1e2a00
[MulticomManager]   myNode[14] at 0x1e0702 -> singlePort at 0x1e2c00
[MulticomManager]   myNode[15] at 0x1e077e -> singlePort at 0x1e2e00
[MulticomManager]   myNode[16] at 0x1e07fa -> singlePort at 0x1e3000
[MulticomManager]   myNode[17] at 0x1e0876 -> singlePort at 0x1e3200
[MulticomManager]   myNode[18] at 0x1e08f2 -> singlePort at 0x1e3400
[MulticomManager]   myNode[19] at 0x1e096e -> singlePort at 0x1e3600
[MulticomManager]   myNode[20] at 0x1e09ea -> singlePort at 0x1e3800
[MulticomManager]   myNode[21] at 0x1e0a66 -> singlePort at 0x1e3a00
[MulticomManager]   myNode[22] at 0x1e0ae2 -> singlePort at 0x1e3c00
[MulticomManager]   myNode[23] at 0x1e0b5e -> singlePort at 0x1e3e00
[MulticomManager]   myNode[24] at 0x1e0bda -> singlePort at 0x1e4000
[MulticomManager]   myNode[25] at 0x1e0c56 -> singlePort at 0x1e4200
[MulticomManager]   myNode[26] at 0x1e0cd2 -> singlePort at 0x1e4400
[MulticomManager]   myNode[27] at 0x1e0d4e -> singlePort at 0x1e4600
[MulticomManager]   myNode[28] at 0x1e0dca -> singlePort at 0x1e4800
[MulticomManager]   myNode[29] at 0x1e0e46 -> singlePort at 0x1e4a00
[MulticomManager]   myNode[30] at 0x1e0ec2 -> singlePort at 0x1e4c00
[MulticomManager]   myNode[31] at 0x1e0f3e -> singlePort at 0x1e4e00
[MulticomManager] Node structures linked
[runner:mtop] [MulticomManager] writeAllNodesToEmulator: Writing 0 tracked nodes
[MulticomManager] WARNING: No nodes tracked yet - emulator will have blank MULTICOM data
[runner:mtop] [MulticomManager] writeAllNodesToEmulator complete
[runner:mtop] [MulticomManager] Session session-8 initialized successfully, emulators.size now=1
[runner:mtop] [MulticomManager] updateNode called: nodeId=8, username="Sysop", emulators.size=1
[runner:mtop] [MulticomManager] Writing to emulator session session-8
[runner:mtop] [MulticomManager] Writing myNode[8] at 0x1e041a: username="Sysop"
[runner:mtop] [MulticomManager] Writing singlePort[8] at 0x1e2000: username="Sysop", location="Local Console", status=3
[runner:mtop] [MulticomManager]   -> handle at 0x1e2056: "Sysop"
[runner:mtop] [MulticomManager]   -> location at 0x1e2075: "Local Console"
[runner:mtop] [MulticomManager] VERIFY singlePort[8]: handle="Sysop", location="Local Console", status=3
[runner:mtop] [MulticomManager] Node 8 updated in 1 emulator(s)
[runner:mtop] [EnvStat] Writing /tmp/ram/ENV/STATS@8 (node 8, stat 3)
[runner:mtop] [DoorLoader] Writing random seed 0x798b7986 to 0x400
[DoorLoader] Read back: 0x798b7986
[runner:mtop] [Self-Mod Code] Registered CODE region: 0x2008-0x6d5b (19796 bytes)
[runner:mtop] [HunkLoader] Applying 61 relocations to 1 segments
[HunkLoader] Segment 0 (CODE) at 0x2008: 61 relocations
[runner:mtop]   [0] offset=0x1b6 addr=0x21be before=0x4b9e after=0x6ba6 target=seg0(0x2008)
  [1] offset=0x1f2 addr=0x21fa before=0x4adc after=0x6ae4 target=seg0(0x2008)
  [2] offset=0x240 addr=0x2248 before=0x4b6e after=0x6b76 target=seg0(0x2008)
  [3] offset=0x268 addr=0x2270 before=0x4b9e after=0x6ba6 target=seg0(0x2008)
  [4] offset=0x284 addr=0x228c before=0x4b7a after=0x6b82 target=seg0(0x2008)
[runner:mtop] [SharedBBSData] Allocated shared BBS memory:
  cmds:       0xf00300 (1976 bytes)
  sopt:       0xf00ab8 (888 bytes)
  nodeState:  0xf00e30 (32 bytes)
[runner:mtop] [CommandsStructure] Writing commands at 0xf00300
[runner:mtop] [CommandsStructure] Wrote BBS config: "AmiExpress Web BBS"
[runner:mtop] [StartOptionStructure] Writing startOption at 0xf00ab8
[runner:mtop] [StartOptionStructure] Wrote node settings
[runner:mtop] [NodeStateGlobals] Wrote node state at 0xf00e30
  currentConf: 0
[runner:mtop]   node: 8
[runner:mtop]   timeLimit: 3600
[runner:mtop] [READ8] addr=0x0f0081 page=0x0f memSrc=1
[runner:mtop] [READ8] CHIP: addr=0x0f0081 offset=0x0f0081 value=0x00 ( )
[READ8] addr=0x0f0082 page=0x0f memSrc=1
[READ8] CHIP: addr=0x0f0082 offset=0x0f0082 value=0x00 ( )
[READ8] addr=0x0f0083 page=0x0f memSrc=1
[READ8] CHIP: addr=0x0f0083 offset=0x0f0083 value=0x00 ( )
[runner:mtop] [READ8] addr=0x0f0084 page=0x0f memSrc=1
[READ8] CHIP: addr=0x0f0084 offset=0x0f0084 value=0x00 ( )
[runner:mtop] [MEMORY-READ] readMemory32(0xf0081) = 0x00000000
[runner:mtop] [DoorLoader] No DATA segment found - allocating synthetic BSS for single-hunk executable
[DoorLoader] Segment types: code
[runner:mtop] [MOIRA] Overclocking set to 500x
[MoiraEmulator] Overclocking set to 500x
[runner:mtop] [SOCKET:door:status] {"status":"running"}
[runner:mtop] [MOIRA] Overclocking set to 5000x
[MoiraEmulator] Overclocking set to 5000x
[runner:mtop] [LibraryTraps] VERIFICATION: All 256 ILLEGAL instructions verified OK
[runner:mtop] [LibraryTraps] Synced 256 trap addresses to MOIRA for batch execution
[runner:mtop] [DoorLifecycleManager] FIRST INVALID PC DETECTED!
  Previous PC: 0x2008
  Instruction: movea.l $4.w, A6
  New PC: 0x7ff3a (OUT OF BOUNDS)
  Code region: 0x2008-0x6d5c
  D0=0x3978 D1=0x10000 D2=0x3978
  A0=0xf0100 A1=0x6d5c A2=0x0
  A3=0x0 A4=0xa006 A5=0xf0100 SP=0x50010
  This instruction caused the first jump outside code!
  Raw bytes: opcode=0x2c78 operand=0x42a48
[runner:mtop] [exec-vectors] AllocMem TRAP: size=14712 (0x3978) flags=0x10000
[runner:mtop] [exec-vectors] AllocMem TRAP result: 0x122520
[runner:mtop] [ExecLibrary] Forbid() - stub (no-op)
[runner:mtop] [ExecLibrary] Permit() - stub (no-op)
[runner:mtop] [exec-vectors] FindTask TRAP: name="(null - current task)"
[runner:mtop] [exec-vectors] FindTask TRAP result: 0x7e00
[runner:mtop] [exec-vectors] OpenLibrary TRAP: name="intuition.library" version=37
[runner:mtop] [LibraryLoader] Loading intuition.library (version >= 37)
[LibraryLoader] ✅ intuition.library is ROM-resident (using Kickstart ROM)
[LibraryLoader]   ROM libraries are native code in ROM, not loaded from disk
[runner:mtop] [LibraryTraps] Installing intuition.library vectors at base 0xe0000
[runner:mtop]   [CloseWindow] Vector at 0xdffb8 (offset -72)
  [CloseScreen] Vector at 0xdffbe (offset -66)
  [OpenScreen] Vector at 0xdff3a (offset -198)
[runner:mtop]   [OpenWindow] Vector at 0xdff34 (offset -204)
  [SetWindowTitles] Vector at 0xdfeec (offset -276)
  [RefreshGadgets] Vector at 0xdff22 (offset -222)
  [AutoRequest] Vector at 0xdfea4 (offset -348)
  [OpenWorkBench] Vector at 0xdff2e (offset -210)
[LibraryTraps] Installed 8 intuition.library vectors
[runner:mtop] [LibraryTraps] Installing intuition.library vectors at base 0xe0000
  [CloseWindow] Vector at 0xdffb8 (offset -72)
  [CloseScreen] Vector at 0xdffbe (offset -66)
  [OpenScreen] Vector at 0xdff3a (offset -198)
  [OpenWindow] Vector at 0xdff34 (offset -204)
  [SetWindowTitles] Vector at 0xdfeec (offset -276)
  [RefreshGadgets] Vector at 0xdff22 (offset -222)
  [AutoRequest] Vector at 0xdfea4 (offset -348)
  [OpenWorkBench] Vector at 0xdff2e (offset -210)
[LibraryTraps] Installed 8 intuition.library vectors
[LibraryTraps] Synced 264 trap addresses to MOIRA for batch execution
[runner:mtop] [exec-vectors] OpenLibrary TRAP result: 0xe0000
[runner:mtop] [exec-vectors] OpenLibrary TRAP: name="graphics.library" version=33
[LibraryLoader] Loading graphics.library (version >= 33)
[LibraryLoader] ✅ graphics.library is ROM-resident (using Kickstart ROM)
[LibraryLoader]   ROM libraries are native code in ROM, not loaded from disk
[exec-vectors] OpenLibrary TRAP result: 0xe8000
[runner:mtop] [exec-vectors] OpenLibrary TRAP: name="dos.library" version=33
[LibraryLoader] Loading dos.library (version >= 33)
[LibraryLoader] ✅ dos.library is ROM-resident (using Kickstart ROM)
[LibraryLoader]   ROM libraries are native code in ROM, not loaded from disk
[runner:mtop] [LibraryTraps] Installing dos.library vectors at base 0xb0000
  [Open] Vector at 0xaffe2 (offset -30)
[runner:mtop]   [Close] Vector at 0xaffdc (offset -36)
  [Read] Vector at 0xaffd6 (offset -42)
[runner:mtop]   [Write] Vector at 0xaffd0 (offset -48)
  [Input] Vector at 0xaffca (offset -54)
  [Output] Vector at 0xaffc4 (offset -60)
  [Seek] Vector at 0xaffbe (offset -66)
  [DeleteFile] Vector at 0xaffb8 (offset -72)
[runner:mtop]   [Rename] Vector at 0xaffb2 (offset -78)
  [Lock] Vector at 0xaffac (offset -84)
  [UnLock] Vector at 0xaffa6 (offset -90)
  [DupLock] Vector at 0xaffa0 (offset -96)
  [Examine] Vector at 0xaff9a (offset -102)
  [ExNext] Vector at 0xaff94 (offset -108)
  [Info] Vector at 0xaff8e (offset -114)
  [CreateDir] Vector at 0xaff88 (offset -120)
  [CurrentDir] Vector at 0xaff82 (offset -126)
  [IoErr] Vector at 0xaff7c (offset -132)
  [CreateProc] Vector at 0xaff76 (offset -138)
  [Exit] Vector at 0xaff70 (offset -144)
[runner:mtop]   [LoadSeg] Vector at 0xaff6a (offset -150)
  [UnLoadSeg] Vector at 0xaff64 (offset -156)
  [DeviceProc] Vector at 0xaff52 (offset -174)
  [SetComment] Vector at 0xaff4c (offset -180)
  [SetProtection] Vector at 0xaff46 (offset -186)
  [DateStamp] Vector at 0xaff40 (offset -192)
  [Delay] Vector at 0xaff3a (offset -198)
  [WaitForChar] Vector at 0xaff34 (offset -204)
[runner:mtop]   [ParentDir] Vector at 0xaff2e (offset -210)
  [IsInteractive] Vector at 0xaff28 (offset -216)
  [Execute] Vector at 0xaff22 (offset -222)
  [AllocDosObject] Vector at 0xaff1c (offset -228)
  [FreeDosObject] Vector at 0xaff16 (offset -234)
  [SelectInput] Vector at 0xafeda (offset -294)
[runner:mtop]   [SelectOutput] Vector at 0xafed4 (offset -300)
  [FGetC] Vector at 0xafece (offset -306)
  [FPutC] Vector at 0xafec8 (offset -312)
  [UnGetC] Vector at 0xafec2 (offset -318)
  [FRead] Vector at 0xafebc (offset -324)
  [FWrite] Vector at 0xafeb6 (offset -330)
[runner:mtop]   [FGets] Vector at 0xafeb0 (offset -336)
  [FPuts] Vector at 0xafeaa (offset -342)
  [VFPrintf] Vector at 0xafe9e (offset -354)
  [Flush] Vector at 0xafe98 (offset -360)
  [DupLockFromFH] Vector at 0xafe8c (offset -372)
  [OpenFromLock] Vector at 0xafe86 (offset -378)
  [ParentOfFH] Vector at 0xafe80 (offset -384)
[runner:mtop]   [ExamineFH] Vector at 0xafe7a (offset -390)
  [NameFromLock] Vector at 0xafe6e (offset -402)
  [SplitName] Vector at 0xafe62 (offset -414)
  [SetIoErr] Vector at 0xafe32 (offset -462)
  [Fault] Vector at 0xafe2c (offset -468)
[runner:mtop]   [PrintFault] Vector at 0xafe26 (offset -474)
  [Cli] Vector at 0xafe14 (offset -492)
  [GetFileSysTask] Vector at 0xafdf6 (offset -522)
  [SetFileSysTask] Vector at 0xafdf0 (offset -528)
  [FindCliProc] Vector at 0xafdde (offset -546)
[runner:mtop]   [MaxCli] Vector at 0xafdd8 (offset -552)
  [GetCurrentDirName] Vector at 0xafdcc (offset -564)
  [GetProgramName] Vector at 0xafdc0 (offset -576)
  [SetProgramDir] Vector at 0xafdae (offset -594)
  [GetProgramDir] Vector at 0xafda8 (offset -600)
  [SystemTagList] Vector at 0xafda2 (offset -606)
[runner:mtop]   [DateToStr] Vector at 0xafd18 (offset -744)
  [StrToDate] Vector at 0xafd12 (offset -750)
  [CheckSignal] Vector at 0xafce8 (offset -792)
  [ReadArgs] Vector at 0xafce2 (offset -798)
  [ParsePattern] Vector at 0xafcb8 (offset -840)
  [MatchPattern] Vector at 0xafcb2 (offset -846)
  [FreeArgs] Vector at 0xafca6 (offset -858)
[runner:mtop]   [FilePart] Vector at 0xafc9a (offset -870)
  [PathPart] Vector at 0xafc94 (offset -876)
[runner:mtop]   [AddPart] Vector at 0xafc8e (offset -882)
  [SetVar] Vector at 0xafc7c (offset -900)
  [GetVar] Vector at 0xafc76 (offset -906)
  [DeleteVar] Vector at 0xafc70 (offset -912)
  [PutStr] Vector at 0xafc4c (offset -948)
  [VPrintf] Vector at 0xafc46 (offset -954)
[runner:mtop]   [ParsePatternNoCase] Vector at 0xafc3a (offset -966)
  [MatchPatternNoCase] Vector at 0xafc34 (offset -972)
  [LockDosList] Vector at 0xafd72 (offset -654)
  [UnLockDosList] Vector at 0xafd6c (offset -660)
  [AttemptLockDosList] Vector at 0xafd66 (offset -666)
[runner:mtop]   [FindDosEntry] Vector at 0xafd54 (offset -684)
  [NextDosEntry] Vector at 0xafd4e (offset -690)
  [MatchFirst] Vector at 0xafcca (offset -822)
  [MatchNext] Vector at 0xafcc4 (offset -828)
  [MatchEnd] Vector at 0xafcbe (offset -834)
  [IsFileSystem] Vector at 0xafe02 (offset -510)
[runner:mtop]   [SetProgramName] Vector at 0xafe0e (offset -498)
  [GetArgStr] Vector at 0xafdea (offset -534)
  [ReadItem] Vector at 0xafda2 (offset -606)
  [GetDeviceProc] Vector at 0xafd7e (offset -642)
  [VFWritef] Vector at 0xafea4 (offset -348)
[runner:mtop]   [SetMode] Vector at 0xafe56 (offset -426)
  [ExAll] Vector at 0xafe50 (offset -432)
  [StartNotify] Vector at 0xafc88 (offset -888)
  [DoPkt] Vector at 0xaff10 (offset -240)
  [StrToLong] Vector at 0xafcd0 (offset -816)
[runner:mtop] [LibraryTraps] Installed 99 dos.library vectors
[LibraryTraps] Installing dos.library vectors at base 0xb0000
[runner:mtop]   [Open] Vector at 0xaffe2 (offset -30)
  [Close] Vector at 0xaffdc (offset -36)
  [Read] Vector at 0xaffd6 (offset -42)
  [Write] Vector at 0xaffd0 (offset -48)
  [Input] Vector at 0xaffca (offset -54)
[runner:mtop]   [Output] Vector at 0xaffc4 (offset -60)
  [Seek] Vector at 0xaffbe (offset -66)
  [DeleteFile] Vector at 0xaffb8 (offset -72)
  [Rename] Vector at 0xaffb2 (offset -78)
  [Lock] Vector at 0xaffac (offset -84)
  [UnLock] Vector at 0xaffa6 (offset -90)
[runner:mtop]   [DupLock] Vector at 0xaffa0 (offset -96)
  [Examine] Vector at 0xaff9a (offset -102)
  [ExNext] Vector at 0xaff94 (offset -108)
  [Info] Vector at 0xaff8e (offset -114)
  [CreateDir] Vector at 0xaff88 (offset -120)
  [CurrentDir] Vector at 0xaff82 (offset -126)
[runner:mtop]   [IoErr] Vector at 0xaff7c (offset -132)
  [CreateProc] Vector at 0xaff76 (offset -138)
  [Exit] Vector at 0xaff70 (offset -144)
  [LoadSeg] Vector at 0xaff6a (offset -150)
  [UnLoadSeg] Vector at 0xaff64 (offset -156)
  [DeviceProc] Vector at 0xaff52 (offset -174)
  [SetComment] Vector at 0xaff4c (offset -180)
  [SetProtection] Vector at 0xaff46 (offset -186)
  [DateStamp] Vector at 0xaff40 (offset -192)
  [Delay] Vector at 0xaff3a (offset -198)
  [WaitForChar] Vector at 0xaff34 (offset -204)
  [ParentDir] Vector at 0xaff2e (offset -210)
  [IsInteractive] Vector at 0xaff28 (offset -216)
  [Execute] Vector at 0xaff22 (offset -222)
  [AllocDosObject] Vector at 0xaff1c (offset -228)
  [FreeDosObject] Vector at 0xaff16 (offset -234)
  [SelectInput] Vector at 0xafeda (offset -294)
  [SelectOutput] Vector at 0xafed4 (offset -300)
  [FGetC] Vector at 0xafece (offset -306)
  [FPutC] Vector at 0xafec8 (offset -312)
  [UnGetC] Vector at 0xafec2 (offset -318)
  [FRead] Vector at 0xafebc (offset -324)
  [FWrite] Vector at 0xafeb6 (offset -330)
  [FGets] Vector at 0xafeb0 (offset -336)
  [FPuts] Vector at 0xafeaa (offset -342)
  [VFPrintf] Vector at 0xafe9e (offset -354)
  [Flush] Vector at 0xafe98 (offset -360)
  [DupLockFromFH] Vector at 0xafe8c (offset -372)
  [OpenFromLock] Vector at 0xafe86 (offset -378)
  [ParentOfFH] Vector at 0xafe80 (offset -384)
  [ExamineFH] Vector at 0xafe7a (offset -390)
  [NameFromLock] Vector at 0xafe6e (offset -402)
  [SplitName] Vector at 0xafe62 (offset -414)
  [SetIoErr] Vector at 0xafe32 (offset -462)
  [Fault] Vector at 0xafe2c (offset -468)
  [PrintFault] Vector at 0xafe26 (offset -474)
  [Cli] Vector at 0xafe14 (offset -492)
  [GetFileSysTask] Vector at 0xafdf6 (offset -522)
  [SetFileSysTask] Vector at 0xafdf0 (offset -528)
  [FindCliProc] Vector at 0xafdde (offset -546)
  [MaxCli] Vector at 0xafdd8 (offset -552)
  [GetCurrentDirName] Vector at 0xafdcc (offset -564)
[runner:mtop]   [GetProgramName] Vector at 0xafdc0 (offset -576)
  [SetProgramDir] Vector at 0xafdae (offset -594)
  [GetProgramDir] Vector at 0xafda8 (offset -600)
  [SystemTagList] Vector at 0xafda2 (offset -606)
  [DateToStr] Vector at 0xafd18 (offset -744)
  [StrToDate] Vector at 0xafd12 (offset -750)
  [CheckSignal] Vector at 0xafce8 (offset -792)
  [ReadArgs] Vector at 0xafce2 (offset -798)
  [ParsePattern] Vector at 0xafcb8 (offset -840)
  [MatchPattern] Vector at 0xafcb2 (offset -846)
  [FreeArgs] Vector at 0xafca6 (offset -858)
  [FilePart] Vector at 0xafc9a (offset -870)
  [PathPart] Vector at 0xafc94 (offset -876)
  [AddPart] Vector at 0xafc8e (offset -882)
  [SetVar] Vector at 0xafc7c (offset -900)
[runner:mtop]   [GetVar] Vector at 0xafc76 (offset -906)
  [DeleteVar] Vector at 0xafc70 (offset -912)
  [PutStr] Vector at 0xafc4c (offset -948)
  [VPrintf] Vector at 0xafc46 (offset -954)
  [ParsePatternNoCase] Vector at 0xafc3a (offset -966)
  [MatchPatternNoCase] Vector at 0xafc34 (offset -972)
  [LockDosList] Vector at 0xafd72 (offset -654)
  [UnLockDosList] Vector at 0xafd6c (offset -660)
[runner:mtop]   [AttemptLockDosList] Vector at 0xafd66 (offset -666)
  [FindDosEntry] Vector at 0xafd54 (offset -684)
  [NextDosEntry] Vector at 0xafd4e (offset -690)
  [MatchFirst] Vector at 0xafcca (offset -822)
  [MatchNext] Vector at 0xafcc4 (offset -828)
  [MatchEnd] Vector at 0xafcbe (offset -834)
[runner:mtop]   [IsFileSystem] Vector at 0xafe02 (offset -510)
  [SetProgramName] Vector at 0xafe0e (offset -498)
  [GetArgStr] Vector at 0xafdea (offset -534)
  [ReadItem] Vector at 0xafda2 (offset -606)
  [GetDeviceProc] Vector at 0xafd7e (offset -642)
  [VFWritef] Vector at 0xafea4 (offset -348)
[runner:mtop]   [SetMode] Vector at 0xafe56 (offset -426)
  [ExAll] Vector at 0xafe50 (offset -432)
  [StartNotify] Vector at 0xafc88 (offset -888)
  [DoPkt] Vector at 0xaff10 (offset -240)
  [StrToLong] Vector at 0xafcd0 (offset -816)
[LibraryTraps] Installed 99 dos.library vectors
[runner:mtop] [ExecLibrary] *** dos.library opened - base=0xb0000 *** Door should store this and use it for all DOS calls
[exec-vectors] OpenLibrary TRAP result: 0xb0000
[runner:mtop] [exec-vectors] AllocMem TRAP: size=5008 (0x1390) flags=0x10000
[runner:mtop] [exec-vectors] AllocMem TRAP result: 0x125e98
[runner:mtop] [exec-vectors] AllocMem TRAP: size=4016 (0xfb0) flags=0x10000
[runner:mtop] [exec-vectors] AllocMem TRAP result: 0x127228
[runner:mtop] [FileManager] Open: "bbs:user.data" mode=1005
[PathManager] Mapped (case-insensitive): "bbs:user.data" => "/Users/spot/Code/amiexpress-web/user.data"
[FileManager] Open: "bbs:user.data" -> "/Users/spot/Code/amiexpress-web/user.data" (EXISTS)
[runner:mtop] [FileManager] Opened file: [FH:'user.data'(ami='bbs:user.data',sys='/Users/spot/Code/amiexpress-web/user.data',nc=true)@0x0=B@0x3]
[runner:mtop] [FileManager] Open: "bbs:user.keys" mode=1005
[runner:mtop] [PathManager] Mapped (case-insensitive): "bbs:user.keys" => "/Users/spot/Code/amiexpress-web/user.keys"
[runner:mtop] [FileManager] Open: "bbs:user.keys" -> "/Users/spot/Code/amiexpress-web/user.keys" (EXISTS)
[runner:mtop] [FileManager] Opened file: [FH:'user.keys'(ami='bbs:user.keys',sys='/Users/spot/Code/amiexpress-web/user.keys',nc=true)@0x0=B@0x4]
[runner:mtop] [FileManager] Open: "bbs:user.misc" mode=1005
[runner:mtop] [PathManager] Mapped (case-insensitive): "bbs:user.misc" => "/Users/spot/Code/amiexpress-web/user.misc"
[runner:mtop] [FileManager] Open: "bbs:user.misc" -> "/Users/spot/Code/amiexpress-web/user.misc" (EXISTS)
[runner:mtop] [FileManager] Opened file: [FH:'user.misc'(ami='bbs:user.misc',sys='/Users/spot/Code/amiexpress-web/user.misc',nc=true)@0x0=B@0x5]
[runner:mtop] [FileManager] Open: "doors:multitop/designs/mtopdlcps1.dsg" mode=1005
[runner:mtop] [PathManager] Mapped (case-insensitive): "doors:multitop/designs/mtopdlcps1.dsg" => "/Users/spot/Code/amiexpress-web/Doors/multitop/designs/mtopdlcps1.dsg"
[runner:mtop] [FileManager] Open: "doors:multitop/designs/mtopdlcps1.dsg" -> "/Users/spot/Code/amiexpress-web/Doors/multitop/designs/mtopdlcps1.dsg" (EXISTS)
[runner:mtop] [FileManager] Opened file: [FH:'mtopdlcps1.dsg'(ami='doors:multitop/designs/mtopdlcps1.dsg',sys='/Users/spot/Code/amiexpress-web/Doors/multitop/designs/mtopdlcps1.dsg',nc=true)@0x0=B@0x6]
[HEARTBEAT] Alive, heap: 102MB, rss: 178MB, interval: 60s
[runner:mtop] [FileManager] Open: "bbs:bulletins/bull5.txt" mode=1006
[runner:mtop] [PathManager] Mapped (case-insensitive): "bbs:bulletins/bull5.txt" => "/Users/spot/Code/amiexpress-web/bulletins/bull5.txt"
[FileManager] Open: "bbs:bulletins/bull5.txt" -> "/Users/spot/Code/amiexpress-web/bulletins/bull5.txt" (EXISTS)
[runner:mtop] [FileHandle] After open: "bbs:bulletins/bull5.txt" size=0 bytes (write mode)
[runner:mtop] [FileManager] Opened file: [FH:'bull5.txt'(ami='bbs:bulletins/bull5.txt',sys='/Users/spot/Code/amiexpress-web/bulletins/bull5.txt',nc=true)@0x0=B@0x7]
[runner:mtop] [FileHandle] write 90 bytes to /Users/spot/Code/amiexpress-web/bulletins/bull5.txt
[runner:mtop] [FileHandle] write 92 bytes to /Users/spot/Code/amiexpress-web/bulletins/bull5.txt
[runner:mtop] [FileHandle] write 87 bytes to /Users/spot/Code/amiexpress-web/bulletins/bull5.txt
[runner:mtop] [FileHandle] write 87 bytes to /Users/spot/Code/amiexpress-web/bulletins/bull5.txt
[runner:mtop] [FileHandle] write 96 bytes to /Users/spot/Code/amiexpress-web/bulletins/bull5.txt
[runner:mtop] [FileHandle] write 96 bytes to /Users/spot/Code/amiexpress-web/bulletins/bull5.txt
[runner:mtop] [FileHandle] write 96 bytes to /Users/spot/Code/amiexpress-web/bulletins/bull5.txt
[runner:mtop] [FileHandle] write 96 bytes to /Users/spot/Code/amiexpress-web/bulletins/bull5.txt
[runner:mtop] [FileHandle] write 96 bytes to /Users/spot/Code/amiexpress-web/bulletins/bull5.txt
[runner:mtop] [FileHandle] write 96 bytes to /Users/spot/Code/amiexpress-web/bulletins/bull5.txt
[runner:mtop] [FileHandle] write 96 bytes to /Users/spot/Code/amiexpress-web/bulletins/bull5.txt
[runner:mtop] [FileHandle] write 96 bytes to /Users/spot/Code/amiexpress-web/bulletins/bull5.txt
[runner:mtop] [FileHandle] write 96 bytes to /Users/spot/Code/amiexpress-web/bulletins/bull5.txt
[runner:mtop] [FileHandle] write 96 bytes to /Users/spot/Code/amiexpress-web/bulletins/bull5.txt
[runner:mtop] [FileHandle] write 96 bytes to /Users/spot/Code/amiexpress-web/bulletins/bull5.txt
[runner:mtop] [FileHandle] write 96 bytes to /Users/spot/Code/amiexpress-web/bulletins/bull5.txt
[runner:mtop] [FileHandle] write 96 bytes to /Users/spot/Code/amiexpress-web/bulletins/bull5.txt
[runner:mtop] [FileHandle] write 96 bytes to /Users/spot/Code/amiexpress-web/bulletins/bull5.txt
[runner:mtop] [FileHandle] write 96 bytes to /Users/spot/Code/amiexpress-web/bulletins/bull5.txt
[runner:mtop] [FileHandle] write 87 bytes to /Users/spot/Code/amiexpress-web/bulletins/bull5.txt
[runner:mtop] [FileHandle] write 120 bytes to /Users/spot/Code/amiexpress-web/bulletins/bull5.txt
[runner:mtop] [FileHandle] write 120 bytes to /Users/spot/Code/amiexpress-web/bulletins/bull5.txt
[runner:mtop] [FileManager] Close BPTR=4
[runner:mtop] [FileManager] Closed: [FH:'user.keys'(ami='bbs:user.keys',sys='/Users/spot/Code/amiexpress-web/user.keys',nc=true)@0x0=B@0x4]
[runner:mtop] [FileManager] Close BPTR=5
[runner:mtop] [FileManager] Closed: [FH:'user.misc'(ami='bbs:user.misc',sys='/Users/spot/Code/amiexpress-web/user.misc',nc=true)@0x0=B@0x5]
[runner:mtop] [FileManager] Close BPTR=6
[runner:mtop] [FileManager] Closed: [FH:'mtopdlcps1.dsg'(ami='doors:multitop/designs/mtopdlcps1.dsg',sys='/Users/spot/Code/amiexpress-web/Doors/multitop/designs/mtopdlcps1.dsg',nc=true)@0x0=B@0x6]
[runner:mtop] [FileManager] Close BPTR=7
[runner:mtop] [FileManager] Closed: [FH:'bull5.txt'(ami='bbs:bulletins/bull5.txt',sys='/Users/spot/Code/amiexpress-web/bulletins/bull5.txt',nc=true)@0x0=B@0x7]
[runner:mtop] [SOCKET:door:status] {"status":"terminated"}
[runner:mtop] [EnvStat] Writing /tmp/ram/ENV/STATS@8 (node 8, stat 0)
[BatchScheduler] Running GLCUpdater for Sanctuary, log: /Users/spot/Code/amiexpress-web/Node5/CallersLog
[GLCUpdater] Processed 0 entries, sent 0 to server
[BatchScheduler] GLCUpdater completed
[BatchScheduler] Running TypeScript SAmiLog
[BatchScheduler] SAmiLog bulletin written to BBS:Bulletins/bull6.txt
[BatchScheduler] Skipping missing program: doors:quicknew/quicknew
[HEARTBEAT] Alive, heap: 117MB, rss: 187MB, interval: 60s
[HEARTBEAT] Alive, heap: 103MB, rss: 195MB, interval: 60s
[HEARTBEAT] Alive, heap: 107MB, rss: 188MB, interval: 60s
[executeTypeScriptDoor] Door.execute() returned
[executeTypeScriptDoor] Door completed successfully
[GameMode] Disabled
[executeTypeScriptDoor] Cleared inDoorManager, doorInputHandler, mouseEventsEnabled, clientDoorActive, subState
[executeTypeScriptDoor] Sent door:status: stopped, door-active: false
[EnvStat] Writing /tmp/ram/ENV/STATS@8 (node 8, stat 0)
[menu] displayMenuPrompt called subState=display_menu
[menu]   stack:     at displayMainMenu (/Users/spot/Code/amiexpress-web/web/backend/src/handlers/command-handler/menu.ts:163:3)
              at process.processTicksAndRejections (node:internal/process/task_queues:105:5)
              at async executeTypeScriptDoor (/Users/spot/Code/amiexpress-web/web/backend/src/handlers/door.handler.ts:2541:7)
              at async executeDoor (/Users/spot/Code/amiexpress-web/web/backend/src/handlers/door.handler.ts:1929:9)
              at async runCommand (/Users/spot/Code/amiexpress-web/web/backend/src/handlers/command-execution.handler.ts:512:7)
              at async runBbsCommand (/Users/spot/Code/amiexpress-web/web/backend/src/handlers/command.handler.ts:4297:18)
              at async processCommand (/Users/spot/Code/amiexpress-web/web/backend/src/handlers/command.handler.ts:4376:21)
              at async handleCommand (/Users/spot/Code/amiexpress-web/web/backend/src/handlers/command.handler.ts:4147:24)
  - bbsName: AmiExpress Web BBS
  - currentConf: 2
  - currentConfName: General
  - relConfNum: 0
  - currentMsgBase: 1
  - timeRemaining: 60
  - msgBasesInConf.length: 1
  - currentMsgBase found: true
[DoorDropFile] Deleted DOOR.SYS for Node8
[DoorDropFile] Deleted DORINFO8.DEF for Node8
[CallersLog] Node8: Door exit: GMASTER
[BBSEventEmitter] Emitted door_activity: sysop (node 8)
[CommandPriority] Executed as BbsCommand
[SHUTDOWN] SIGTERM received - container is being stopped
[SHUTDOWN] This is normal for deployments, but unexpected during operation
[SHUTDOWN] Memory at exit: heap=107MB rss=88MB
