[0;36m
-> Starting backend...[0m
[0;32m[OK] Backend started (PID: 25994)[0m
[0;36m
+---------------------------------------------------------------+[0m
[0;36m|           Door File Watcher - Auto Restart Mode              |[0m
[0;36m+---------------------------------------------------------------+[0m
[0;36m
-> Watcher PID: 25985[0m
[0;36m-> Watching for door changes...[0m
[0;37m   Doors/**/*.{ts,js}[0m
[0;37m   sdk/doors/**/*.{ts,js}[0m
[0;36m
-> Backend will auto-restart when door files change[0m
[0;36m-> Press Ctrl+C to stop
[0m
[UserFileManager] Initialized
  BBS root: /Users/spot/Code/amiexpress-web
  user.data: /Users/spot/Code/amiexpress-web/user.data
  user.keys: /Users/spot/Code/amiexpress-web/user.keys
  user.misc: /Users/spot/Code/amiexpress-web/user.misc
Configuration loaded from: amiexpress.conf
[ConfigManager] Initialized with dataDir: /Users/spot/Code/amiexpress-web
[ConfigManager] process.cwd(): /Users/spot/Code/amiexpress-web/web/backend
[ConfigManager] BBS_DATA_DIR env: /Users/spot/Code/amiexpress-web
[CONFIG_DEBUG] dataDir=/Users/spot/Code/amiexpress-web
[dotenv@17.2.3] injecting env (6) from .env -- tip: ✅ audit secrets and track compliance: https://dotenvx.com/ops
Initializing SQLite database connection...
Database directory: /Users/spot/Code/amiexpress-web/web/backend/data
Database file: amiexpress.db
Full path: /Users/spot/Code/amiexpress-web/web/backend/data/amiexpress.db
✓ Directory exists: /Users/spot/Code/amiexpress-web/web/backend/data
Opening SQLite database...
✓ Database opened
Setting WAL mode...
✓ WAL mode set
Enabling foreign keys...
✓ Foreign keys enabled
✅ Connected to SQLite database
[BBSConfig] Loaded configuration from bbsConfig.info
[BBSConfig] Loaded configuration overrides from bbsConfig.info.txt
[DoorDropFile] Initialized
  BBS root: /Users/spot/Code/amiexpress-web
  BBS name: Uptown (from bbsConfig.info)
  Sysop: Spot (from bbsConfig.info)
[CallersLogManager] Initialized
  BBS root: /Users/spot/Code/amiexpress-web
[command.handler] displayFlowStates: [
  'display_bull',
  'display_node_bull',
  'exec_quicknew',
  'conf_scan',
  'display_conf_bull',
  'auto_rejoin',
  'display_menu'
]
[CORS] NODE_ENV: development
[CORS] Configured origins: [
  'http://localhost:5173',
  'http://localhost:5174',
  'http://localhost:5175',
  'http://localhost:5176',
  'http://localhost:5177',
  'http://localhost:5178',
  'http://localhost:5179',
  'http://localhost:5180',
  'http://localhost:5181',
  'http://localhost:5182',
  'http://localhost:5183',
  'http://localhost:5184',
  'http://localhost:3000',
  'http://localhost:8080',
  'https://bbs.uprough.net'
]
[BBSEventEmitter] Initialized with Socket.IO server
Initializing database and loading data...
Creating database tables...
Loaded 0 AREXX scripts
Database tables created successfully
Running database migrations...
Checking for missing columns in users table...
Checking for missing columns in system_config table...
Checking for missing columns in conferences table...
All migrations completed successfully
Database migrations completed
[DB Init] Creating default data...
[DB Init] Default data already exists, skipping initialization
Default data initialized
Initializing user disk files...
User disk files initialized
Initializing message directories...
[MessageFileManager] Initializing message directories...
[MessageFileManager] Message directories initialized
Message directories initialized
Initializing conference database...
Conference database initialized
Initializing file area directories...
[FileAreaManager] Initializing file area directories...
[FileAreaManager] File area directories initialized
File area directories initialized
Initializing message index files (HeaderFile, MailStats, MailLock)...
Message index files initialized
Initializing user database files (user.data, user.keys, user.misc)...
User database files initialized
[ClientDoorBundler] Cache cleared
[Server] Cleared door bundle cache (development mode)
[INIT] bbsRoot=/Users/spot/Code/amiexpress-web
[INIT] Found 14 conferences in ConfConfig.info
[MessageBaseLoader] Loaded 14 message bases from disk
[FileAreas] Loaded 19 file areas from 14 conferences
  Scanning BBSCMD directory: /Users/spot/Code/amiexpress-web/Conf1/Commands/BBSCmd
    Directory does not exist, skipping
  Scanning BBSCMD directory: /Users/spot/Code/amiexpress-web/Commands/BBSCmd
  Scanning SYSCMD directory: /Users/spot/Code/amiexpress-web/Conf1/Commands/SysCmd
    Directory does not exist, skipping
  Scanning SYSCMD directory: /Users/spot/Code/amiexpress-web/Commands/SysCmd
[loadCommands] 144 commands loaded
[initializeDoors] Registered door: ADVTEST  Doors/ADVANCED-TEST (type: SIM)
[initializeDoors] Registered door: AMIGA68K  doors/SDKTEST/AMIGA68K (type: XIM)
[initializeDoors] Registered door: AMIGAGCC  doors/AMIGAGCC/amiga-gcc-hunk (type: XIM)
[initializeDoors] Registered door: ANSI-EDIT  Doors/ansi-editor (type: typescript)
[initializeDoors] Registered door: ARKANOID  Doors/arkanoid (type: typescript)
[initializeDoors] Registered door: B  doors/EmP_Tools/Bulls (type: XIM)
[initializeDoors] Registered door: BUBBLEBOBBLE  Doors/bubble-bobble (type: typescript)
[initializeDoors] Registered door: BESTCONF  doors/BestConf/BestConf.XIM (type: XIM)
[initializeDoors] Registered door: CARDLOBBY  Doors/card-lobby (type: typescript)
[initializeDoors] Registered door: CDEMO  Doors/INTERACTIVE-DEMO/interactive-demo (type: XIM)
[initializeDoors] Registered door: COMPTEST  Doors/COMPREHENSIVE-TEST (type: SIM)
[initializeDoors] Registered door: CP  Doors/CPLISTAN/cplistan (type: SIM)
[initializeDoors] Registered door: DASHBOARD  Doors/bbs-dashboard (type: typescript)
[initializeDoors] Registered door: DD  doors/TurboLister/TurboLister.XiM (type: XIM)
[initializeDoors] Registered door: DEL  doors/-mgs!-MgzListMan/MGZLISTMAN (type: XIM)
[initializeDoors] Registered door: DIAGNOSTIC  Doors/DIAGNOSTIC (type: SIM)
[initializeDoors] Registered door: DONKEYKONG  Doors/donkey-kong (type: typescript)
[initializeDoors] Registered door: DOORMAN  Doors/door-manager (type: typescript)
[initializeDoors] Registered door: DOORS  Doors/doors-menu (type: typescript)
[initializeDoors] Registered door: DUPESTART1  doors/CONFTOP/CONFTOP020.X (type: XIM)
[initializeDoors] Registered door: E  Doors/mail-composer (type: typescript)
[initializeDoors] Registered door: ED  doors/5D-Edit/5D-Edit (type: XIM)
[initializeDoors] Registered door: FILETEST  Doors/FILE-OPS-TEST (type: SIM)
[initializeDoors] Registered door: FIREEMBLEM  Doors/fire-emblem-v2 (type: typescript)
[initializeDoors] Registered door: FIREEMBLEMV2  Doors/fire-emblem-v2 (type: typescript)
[initializeDoors] Registered door: FROGGER  Doors/frogger (type: typescript)
[initializeDoors] Registered door: GALAGA  Doors/galaga (type: typescript)
[initializeDoors] Registered door: GLC  doors/glc/glcviewer (type: XIM)
[initializeDoors] Registered door: GMASTER  Doors/grandmaster (type: typescript)
[initializeDoors] Registered door: GWALL  Doors/gwall (type: typescript)
[initializeDoors] Registered door: GWWALL  Doors/bbslinkwall (type: typescript)
[initializeDoors] Registered door: HDRDROP  Doors/header-dropdown-demo (type: typescript)
[initializeDoors] Registered door: I  doors/EPUtils/SysInfo/SysInfo (type: XIM)
[initializeDoors] Registered door: INTDEMO  Doors/INTERACTIVE-DEMO (type: SIM)
[initializeDoors] Registered door: IRC  Doors/livechat (type: typescript)
[initializeDoors] Registered door: J  doors/emp_tools/joincnf (type: XIM)
[initializeDoors] Registered door: JOUST  Doors/joust (type: typescript)
[initializeDoors] Registered door: KICK  doors/!!!War!!!/WarKick'Em/WarKick'Em (type: XIM)
[initializeDoors] Registered door: LIVECHAT  Doors/livechat (type: typescript)
[initializeDoors] Registered door: MINIMAL  doors/SDKTEST/MINIMAL (type: XIM)
[initializeDoors] Registered door: MRC  doors/mrc/mrc_door (type: XIM)
[initializeDoors] Registered door: MRCSTAT1  doors/mrc/mrcstat1 (type: XIM)
[initializeDoors] Registered door: MTOP  doors/multitop/mtop (type: SIM)
[initializeDoors] Registered door: N  doors/AquaScan/AquaScan.000 (type: XIM)
[initializeDoors] Registered door: NEOBLESSEDSHOWCASE  Doors/neo-blessed-showcase (type: typescript)
[initializeDoors] Registered door: NEOSHOWCASE  Doors/neo-blessed-showcase (type: typescript)
[initializeDoors] Registered door: OLM  doors/!!!WAR!!!/WAROLM/WAROLM (type: XIM)
[initializeDoors] Registered door: PENGO  Doors/pengo (type: typescript)
[initializeDoors] Registered door: PHREAKWARS  Doors/phreakwars (type: typescript)
[initializeDoors] Registered door: PIPEDREAM  Doors/pipe-dream (type: typescript)
[initializeDoors] Registered door: PONG  Doors/ncurses-pong (type: typescript)
[initializeDoors] Registered door: PUZZLEBOBBLE  Doors/puzzle-bobble (type: typescript)
[initializeDoors] Registered door: RIP  /Users/spot/Code/amiexpress-web/Doors/rip-browser (type: typescript)
[initializeDoors] Registered door: RQ  doors/Sceptic/F!-Request/Request.rexx (type: AIM)
[initializeDoors] Registered door: RTW  doors/RTW/RTW (type: XIM)
[initializeDoors] Registered door: S  doors/ustats/stats (type: XIM)
[initializeDoors] Registered door: SCROLLWARS  Doors/scrollwars (type: typescript)
[initializeDoors] Registered door: SDKTEST  doors/SDKTEST/SIMPLETEST (type: XIM)
[initializeDoors] Registered door: SHADOWDEMO  Doors/widget-shadow-demo (type: typescript)
[initializeDoors] Registered door: SIZE  doors/SizeCheck/SizeCheck (type: XIM)
[initializeDoors] Registered door: SUPERQIX  Doors/super-qix (type: typescript)
[initializeDoors] Registered door: TC  Doors/telnet (type: typescript)
[initializeDoors] Registered door: TCONNECT  Doors/telnet (type: typescript)
[initializeDoors] Registered door: TICTACTOE  Doors/tic-tac-toe (type: typescript)
[initializeDoors] Registered door: TLIST  doors/SRH/TList/TLP2 (type: XIM)
[initializeDoors] Registered door: TELNET-FRONT  Doors/telnet-front (type: typescript)
[initializeDoors] Registered door: VOICECHAT  Doors/voice-chat (type: typescript)
[initializeDoors] Registered door: WHAT  doors/What/What (type: XIM)
[initializeDoors] Registered door: WHIP  Doors/whip (type: typescript)
[initializeDoors] Registered door: Z  doors/5D-ZippySearch/5D-ZippySearch (type: XIM)
[initializeDoors] Registered door: ZOOKEEPER  Doors/zoo-keeper (type: typescript)
[initializeDoors] Registered door: ARCL  doors/bbslink/bbslink (type: XIM)
[initializeDoors] Registered door: ASSN  doors/bbslink/bbslink (type: XIM)
[initializeDoors] Registered door: BBSC  doors/bbslink/bbslink (type: XIM)
[initializeDoors] Registered door: BCR  doors/bbslink/bbslink (type: XIM)
[initializeDoors] Registered door: BK  doors/bytekiller/bytekiller (type: XIM)
[initializeDoors] Registered door: BORD  doors/bbslink/bbslink (type: XIM)
[initializeDoors] Registered door: BRE  Doors/bbslink (type: typescript)
[initializeDoors] Registered door: CHAT  Doors/livechat (type: typescript)
[initializeDoors] Registered door: CONFTOP  doors/CONFTOP/CONFTOP020.X (type: XIM)
[initializeDoors] Registered door: CS  doors/AquaScan/AquaScan.020 (type: XIM)
[initializeDoors] Registered door: CTOP  doors/CONFTOP/ctop (type: XIM)
[initializeDoors] Registered door: DARK  doors/bbslink/bbslink (type: XIM)
[initializeDoors] Registered door: DKNS  doors/bbslink/bbslink (type: XIM)
[initializeDoors] Registered door: DMAS  doors/bbslink/bbslink (type: XIM)
[initializeDoors] Registered door: DMUD  doors/bbslink/bbslink (type: XIM)
[initializeDoors] Registered door: F  doors/AquaScan/AquaScan.020 (type: XIM)
[initializeDoors] Registered door: FAKE  doors/bytekiller/byteComment (type: XIM)
[initializeDoors] Registered door: FALC  doors/bbslink/bbslink (type: XIM)
[initializeDoors] Registered door: FHON  doors/bbslink/bbslink (type: XIM)
[initializeDoors] Registered door: FISH  doors/bbslink/bbslink (type: XIM)
[initializeDoors] Registered door: FR  doors/AquaScan/AquaScan.020 (type: XIM)
[initializeDoors] Registered door: GA  doors/GetAnswer/GetAnswer (type: XIM)
[initializeDoors] Registered door: GAMES  doors/5D-AdiMenu/5D-AdiMenu (type: XIM)
[initializeDoors] Registered door: GGAM  Doors/bbslink (type: typescript)
[initializeDoors] Registered door: GL  Doors/glc-viewer (type: typescript)
[initializeDoors] Registered door: GWAR  Doors/bbslink (type: typescript)
[initializeDoors] Registered door: HACK  doors/bbslink/bbslink (type: XIM)
[initializeDoors] Registered door: JUNK  doors/bbslink/bbslink (type: XIM)
[initializeDoors] Registered door: LEGN  doors/bbslink/bbslink (type: XIM)
[initializeDoors] Registered door: LINKMENU  Doors/bbslink (type: typescript)
[initializeDoors] Registered door: LINKWALL  Doors/bbslinkwall (type: typescript)
[initializeDoors] Registered door: LMON  doors/bbslink/bbslink (type: XIM)
[initializeDoors] Registered door: LORD  Doors/bbslink (type: typescript)
[initializeDoors] Registered door: LORD2  doors/bbslink/bbslink (type: XIM)
[initializeDoors] Registered door: LUNA  Doors/bbslink (type: typescript)
[initializeDoors] Registered door: MEGA  doors/bbslink/bbslink (type: XIM)
[initializeDoors] Registered door: MMOT  doors/bbslink/bbslink (type: XIM)
[initializeDoors] Registered door: MRCSTAT2  doors/mrc/mrcstat2 (type: XIM)
[initializeDoors] Registered door: MZKL  doors/bbslink/bbslink (type: XIM)
[initializeDoors] Registered door: NETR  doors/bbslink/bbslink (type: XIM)
[initializeDoors] Registered door: NSU  doors/AquaScan/AquaScan.020 (type: XIM)
[initializeDoors] Registered door: NUKE  Bossnuke (type: XIM)
[initializeDoors] Registered door: OOII  doors/bbslink/bbslink (type: XIM)
[initializeDoors] Registered door: REQ  Doors/Request/Request (type: XIM)
[initializeDoors] Registered door: SCAN  doors/AquaScan/AquaScan.020 (type: XIM)
[initializeDoors] Registered door: TEOS  doors/bbslink/bbslink (type: XIM)
[initializeDoors] Registered door: TTT  Doors/tic-tac-toe (type: typescript)
[initializeDoors] Registered door: TW2002  Doors/bbslink (type: typescript)
[initializeDoors] Registered door: ULIST  doors/5D-User/5D-User (type: XIM)
[initializeDoors] Registered door: USRP  Doors/bbslink (type: typescript)
[initializeDoors] Registered door: VSYS  doors/bbslink/bbslink (type: XIM)
[initializeDoors] Registered door: WALL  doors/dRE/dRE!WAll/dRE!WAll (type: XIM)
[initializeDoors] Total doors registered: 125
[AmigaDoorManager] Scanned 125 door definitions, 121 active
[DEPRECATED] setChatState called - state now managed by ChatSessionUseCase
[DEPRECATED] setConstants called - constants now imported directly
[DI Container] Initialized with all dependencies
[DI] setProcessOlmMessageQueue called, fn type: function
[DI] processOlmMessageQueue registered in container
[initializeData] Loaded 14 conferences, 14 bases, 19 areas, 125 doors
[Operator Chat] Handler initialized
[OK] Operator chat handler initialized
[Web Push] Initialized with VAPID credentials
[OK] Web push notifications enabled
[UserFileManager] Initialized
  BBS root: /Users/spot/Code/amiexpress-web
  user.data: /Users/spot/Code/amiexpress-web/user.data
  user.keys: /Users/spot/Code/amiexpress-web/user.keys
  user.misc: /Users/spot/Code/amiexpress-web/user.misc
[Static] Serving SDK Preview at /sdk from /Users/spot/Code/amiexpress-web/sdk/tools/preview/frontend/dist
[Static] Serving Admin Config at /admin from /Users/spot/Code/amiexpress-web/web/config-app/dist
[Static] Project root: /Users/spot/Code/amiexpress-web
[Static] Process cwd: /Users/spot/Code/amiexpress-web/web/backend
[Static] Frontend path: /Users/spot/Code/amiexpress-web/web/frontend/dist
[Static] Frontend path exists: true
[Static] Assets path exists: true
[Static] Fonts path exists: true
[Static] Assets count: 5, first 5: index-B0JZ_FSy.css, index-BHStx_gB.js, socket-BlgWwLEk.js, terminal-D0r5lDjn.js, vendor-BIF_SMrh.js
[Static] Fonts count: 12
[Static] Serving BBS Terminal at / from /Users/spot/Code/amiexpress-web/web/frontend/dist
[OK] HTTP routes registered
[OK] Database initialization complete
[SETUP] Found 1 sysop-level user(s)
[Telnet Server] Listening on port 64128
[OK] HTTP/WebSocket Server running on 0.0.0.0:3001
[WEB] BBS accessible at http://localhost:3001/
[OK] Telnet Server ready on port 64128
[TELNET] Connect: telnet localhost 64128
[SSH Key] Loaded SSH host key from /Users/spot/Code/amiexpress-web/web/backend/data/ssh/ssh_host_rsa_key
[SSH Server] Listening on port 31337
[OK] SSH Server ready on port 31337
[SSH] Connect: ssh -p 31337 user@localhost

━━━━━━━━━━━━━━━━━━━━━━━━━━━━━━━━━━━━━━━━
[READY] AmiExpress BBS is ready for connections!
━━━━━━━━━━━━━━━━━━━━━━━━━━━━━━━━━━━━━━━━

[CORS] Request origin: undefined
[CORS] No origin header - allowing (same-origin or non-browser request)
[CORS] Request origin: http://localhost:3001
[CORS] Development mode - allowing all origins
[CORS] Request origin: http://localhost:3001
[CORS] Development mode - allowing all origins
[CORS] Request origin: http://localhost:3001
[CORS] Development mode - allowing all origins
[CORS] Request origin: http://localhost:3001
[CORS] Development mode - allowing all origins
[CORS] Request origin: http://localhost:3001
[CORS] Development mode - allowing all origins
[CORS] Request origin: http://localhost:3001
[CORS] Development mode - allowing all origins
[CORS] Request origin: http://localhost:3001
[CORS] Development mode - allowing all origins
[CORS] Request origin: http://localhost:3001
[CORS] Development mode - allowing all origins
[CORS] Request origin: http://localhost:3001
[CORS] Development mode - allowing all origins
[CORS] Request origin: http://localhost:3001
[CORS] Development mode - allowing all origins
[CORS] Request origin: http://localhost:3001
[CORS] Development mode - allowing all origins
[CORS] Request origin: http://localhost:3001
[CORS] Development mode - allowing all origins
[CORS] Request origin: http://localhost:3001
[CORS] Development mode - allowing all origins
[CORS] Request origin: http://localhost:3001
[CORS] Development mode - allowing all origins
[Socket.IO Auth] New connection, has token: false, socket id: DWtVnknAc9ZxeTv3AAAB
[Socket.IO Auth] No token provided, allowing anonymous connection
Client connected from 127.0.0.1
[Operator Chat] Anonymous socket connected (no session)
[BBSConfig] Loaded configuration from bbsConfig.info
[BBSConfig] Loaded configuration overrides from bbsConfig.info.txt
[Connection] Starting welcome sequence for node 1
Client connected from 127.0.0.1
[SessionLogManager] Started tracking session: DWtVnknAc9ZxeTv3AAAB (guest)
[BatchScheduler] Loaded 2 EXECUTE_ON_* tooltypes from bbsConfig.info
[socket-handlers] registerCommandHandler called, registering door:input listener
[SOCKET-DEBUG] Registering command handler for socket: DWtVnknAc9ZxeTv3AAAB
[Operator Chat] Setting up listeners for socket DWtVnknAc9ZxeTv3AAAB, user=anonymous
Executing: FRONTEND
[SYSOP DEBUG] COMMAND: Executing TS door: Doors/telnet-front
{
  "type": "TS",
  "location": "Doors/telnet-front"
}
Executing door: FRONTEND
[loadDoorManifestForExecution] Loading manifest for door: FRONTEND, id: frontend, path: Doors/telnet-front
[loadDoorManifestForExecution] Trying door.path: /Users/spot/Code/amiexpress-web/Doors/telnet-front/package.json
[loadDoorManifestForExecution] Found manifest via door.path, runtime: not specified
[DoorDropFile] Created DOOR.SYS for Node1
[DoorDropFile] Created DORINFO1.DEF for Node1
[CallersLog] Node1: Door: FRONTEND
[BBSEventEmitter] Emitted door_activity: Guest (node 1)
[executeTypeScriptDoor] ===== EXEC ID: mkojyjgbsvis =====
[executeTypeScriptDoor] Starting TypeScript door: FRONTEND
[executeTypeScriptDoor] Door path: Doors/telnet-front
[executeTypeScriptDoor] Found root index.ts, using source instead of package.json main
[executeTypeScriptDoor] Resolved path: /Users/spot/Code/amiexpress-web/Doors/telnet-front/index.ts
[executeTypeScriptDoor] Actual filesystem path: /Users/spot/Code/amiexpress-web/Doors/telnet-front/index.ts
[executeTypeScriptDoor] Importing: file:///Users/spot/Code/amiexpress-web/Doors/telnet-front/index.ts
[CHAT DEBUG] registerChatHandlers called for socket: DWtVnknAc9ZxeTv3AAAB
[CHAT DEBUG] Registering chat-only-login-submit handler for socket: DWtVnknAc9ZxeTv3AAAB
[executeTypeScriptDoor] SDK v2.0 Door detected, calling execute()
[executeTypeScriptDoor] Set inDoorManager=true
[executeTypeScriptDoor] Sent door:status: running, door-active: true
[createBBSApi] Created BBSApi, has enableMouseEvents: function
[executeTypeScriptDoor] Calling door.execute() with SDK context...
[TELNET-FRONT] Starting display
[telnet-front] Timeout waiting for active-users, using defaults
[TELNET-FRONT] Display complete
[executeTypeScriptDoor] Door.execute() returned
[executeTypeScriptDoor] Door completed successfully
[GameMode] Disabled
[executeTypeScriptDoor] Cleared inDoorManager and doorInputHandler
[executeTypeScriptDoor] Sent door:status: stopped, door-active: false
[DoorDropFile] Deleted DOOR.SYS for Node1
[DoorDropFile] Deleted DORINFO1.DEF for Node1
[CallersLog] Node1: Door exit: FRONTEND
[BBSEventEmitter] Emitted door_activity: Guest (node 1)
[Connection] Welcome sequence complete for node 1, waiting for ANSI response
[COMMAND-HANDLER-ENTRY] COMMAND EVENT FIRED! DWtVnknAc9ZxeTv3AAAB
=== COMMAND RECEIVED [v2024-FIXED] ===
Raw data: "\r" length: 1 charCode: 13
[socket-handlers] checkPauseHandler active: false, flagPauseHandler active: false
Session state: await subState: ansi_prompt
Input buffer: ""
🎯 ENTER KEY DETECTED!
🎯 Current subState: ansi_prompt
🎯 Is POST_MESSAGE_SUBJECT? false
🎯 Input buffer contents: ""
[socket-handlers] About to check door - data="" (len=1), inDoor=undefined, subState=ansi_prompt
[socket-handlers] ✗ NOT in door or no handler - routing to BBS command handler
[socket-handlers]   inDoorManager: undefined
[socket-handlers]   handler exists: false
=== handleCommand called ===
data: "\r"
session.state: await
session.subState: ansi_prompt
[handleCommand] ENTRY: data="" subState=ansi_prompt paginatedScreen=false inDoorManager=undefined
 Graphics prompt response: (empty = ANSI)
 Graphics mode set: ANSI/RIP
[SCREEN] [displayScreen] ========================================
[SCREEN] [displayScreen] REQUESTED SCREEN: BBSTITLE
[SCREEN] [displayScreen] Conference ID: 1
[SCREEN] [displayScreen] User: guest
[SCREEN] [displayScreen] ========================================
[SCREEN FLOW] Display request for BBSTITLE (runCommands=true) state=ansi_prompt node=1
[SCREEN] [loadScreenFile] Loading screen: BBSTITLE
[SCREEN] [loadScreenFile] Base directory: /Users/spot/Code/amiexpress-web
[SCREEN] [loadScreenFile] Conference ID: 1, Node ID: 1
[SCREEN] [loadScreenFile] Terminal type: unknown (80x24)
[SCREEN] [loadScreenFile] PETSCII mode: NO
[SCREEN] [loadScreenFile] Search locations for BBSTITLE: [ 'Node1', 'Node1/Screens', 'Screens (Fallback)' ]
[SCREEN] [loadScreenFile] Trying 3 location(s) with case-insensitive matching:
[SCREEN] Not found: /Users/spot/Code/amiexpress-web/Node1/BBSTITLE (checked levels 0 down to 5)
[SCREEN] [loadScreenFile]   [1/9] /Users/spot/Code/amiexpress-web/Node1/BBSTITLE.TXT
[SCREEN] [loadScreenFile]     (not found)
[SCREEN] [loadScreenFile]   [2/9] /Users/spot/Code/amiexpress-web/Node1/BBSTITLE.txt
[SCREEN] [loadScreenFile]     (not found)
[SCREEN] [loadScreenFile]   [3/9] /Users/spot/Code/amiexpress-web/Node1/BBSTITLE
[SCREEN] [loadScreenFile]     (not found)
[SCREEN] Not found: /Users/spot/Code/amiexpress-web/Node1/Screens/BBSTITLE (checked levels 0 down to 5)
[SCREEN] [loadScreenFile]   [4/9] /Users/spot/Code/amiexpress-web/Node1/Screens/BBSTITLE.TXT
[SCREEN] [loadScreenFile]     (not found)
[SCREEN] [loadScreenFile]   [5/9] /Users/spot/Code/amiexpress-web/Node1/Screens/BBSTITLE.txt
[SCREEN] [loadScreenFile]     (not found)
[SCREEN] [loadScreenFile]   [6/9] /Users/spot/Code/amiexpress-web/Node1/Screens/BBSTITLE
[SCREEN] [loadScreenFile]     (not found)
[SCREEN] Found text screen: /Users/spot/Code/amiexpress-web/Screens/BBSTITLE.TXT
[SCREEN] [loadScreenFile]  Found security screen for BBSTITLE at: /Users/spot/Code/amiexpress-web/Screens/BBSTITLE.TXT
[SCREEN] readScreenWithTransforms: /Users/spot/Code/amiexpress-web/Screens/BBSTITLE.TXT
[SCREEN]   Encoding: iso-8859-1, iCE: false
[NEWLINE-DEBUG] RAW CONTENT (BBSTITLE): 13888 bytes, 68 \n, 0 \r\n
[SCREEN] [displayScreen]  Screen loaded successfully: BBSTITLE
[SCREEN] [displayScreen] Content length: 13888 bytes
[SCREEN] [displayScreen] PETSCII: NO
[SCREEN] [displayScreen] Render event: BBSTITLE (node 1)
[SCREEN FLOW] Loaded BBSTITLE file=/Users/spot/Code/amiexpress-web/Screens/BBSTITLE.TXT petscii=N bytes=13888
[DEBUG:SCREEN:INFO] Displaying screen: BBSTITLE {
  file: '/Users/spot/Code/amiexpress-web/Screens/BBSTITLE.TXT',
  size: '13888 bytes',
  isPetscii: false,
  conference: 1
}
[SCREEN] [MCI] ========== PROCESSING MCI CODES ==========
[SCREEN] [MCI] Content length: 13888
[SCREEN] [MCI] Looking for ~XC_ and ~XI codes...
[DEBUG:MCI:DEBUG] Parsing MCI codes (13888 bytes) 
[SCREEN] [MCI] Total commands to execute: 0
=== COMMAND PROCESSED ===

[SCREEN] [MCI] Sequential: emitted remaining text
[SCREEN] [MCI DEBUG] Looking for ~SS_ codes in: 
[NEWLINE-DEBUG] AFTER parseMciCodes NORMAL: 0 bytes, 0 \n, 0 \r\n
[NEWLINE-DEBUG] AFTER addAnsiEscapes: 0 bytes, 0 \n, 0 \r\n
[NEWLINE-DEBUG] AFTER NORMALIZE: 0 bytes, 0 \n, 0 \r\n
[WIPE-DEBUG] Screen: BBSTITLE, hasWipeAnimation: false, wipeType: null
[NEWLINE-DEBUG] SPLIT INTO LINES: 2 lines
[NEWLINE-DEBUG] FIRST 5 LINES:   [0] len=0: 
  [1] len=0: 
[SCREEN FLOW] Parsed BBSTITLE: event=ansi-output commands=0 pause=N pages=2
[WIPE-CHECK] hasWipeAnimation=false, wipeType=null, screenName=BBSTITLE
[SCREEN] [displayScreen] Content already emitted inline, skipping frame buffer
🔍 Checking if username exists: sysop
User exists, requesting password
Socket login attempt with username/password: sysop
[LOGIN] Authenticating user: sysop
[LOGIN] Authentication result: SUCCESS
[LOGIN] User authenticated successfully, proceeding with login flow
[UserFileManager] Serialized user struct: 232 bytes (expected 232)
[UserFileManager] Serialized userKeys struct: 56 bytes (expected 56)
[UserFileManager] Serialized userMisc struct: 248 bytes (expected 248)
[UserFileManager] Updated user files for sysop (slot 2)
[LOGIN] Synced user sysop to disk files (slot 2)
[UserFileManager] Serialized user struct: 232 bytes (expected 232)
[UserFileManager] Serialized userKeys struct: 56 bytes (expected 56)
[UserFileManager] Serialized userMisc struct: 248 bytes (expected 248)
[UserFileManager] Updated user files for sysop (slot 2)
[Database] Synced updated user sysop to disk files (slot 2)
[ModemEmulator] install() - wrapping socket.emit
[ModemEmulator] install() complete - _directEmit provided for XIM bypass
[WEB LOGIN] Emitting modem-speed event with userBaud=0
[WEB LOGIN] modem-speed event emitted
[CommandHistory] loadHistory called for userId=7ddd39a4-9a2b-485e-ba5a-8cfec20813dd
[CommandHistory] Database available, querying...
[SYSOP DEBUG] AUTH: Login successful - sysop debug system active
{
  "username": "sysop",
  "secLevel": 255
}
[BBSConfig] Loaded configuration from bbsConfig.info
[BBSConfig] Loaded configuration overrides from bbsConfig.info.txt
[SessionLogManager] Updated session metadata: DWtVnknAc9ZxeTv3AAAB -> sysop
[BatchScheduler] Loaded 2 EXECUTE_ON_* tooltypes from bbsConfig.info
[BatchScheduler] Running EXECUTE_ASYNC_ON_LOGON: bbs:utils/dannounce Sanctuary ~N
[DoorDropFile] Created DOOR.SYS for Node1
[DoorDropFile] Created DORINFO1.DEF for Node1
[BatchScheduler] Running door dannounce as type XIM
[SESSION-MIGRATION] User 7ddd39a4-9a2b-485e-ba5a-8cfec20813dd logged in on socket DWtVnknAc9ZxeTv3AAAB
[SESSION-MIGRATION] Migrating session from socket-based to user-based storage
[SESSION-MIGRATION] Session now keyed by user ID: 7ddd39a4-9a2b-485e-ba5a-8cfec20813dd
[BBSEventEmitter] Emitted user_login: sysop (node 1)
[NodeFileManager] Writing /Users/spot/Code/amiexpress-web/node1.user for user sysop
[NodeFileManager] Wrote node1.user (239 bytes)
[NodeFileManager] Writing /Users/spot/Code/amiexpress-web/node1.userkeys for user sysop
[NodeFileManager] Wrote node1.userkeys (54 bytes)
[LOGIN] Node files created for node 1: sysop
[CallersLog] Node1: Login sysop
[EnvStat] Writing /tmp/ram/ENV/STATS@1 (node 1, stat 0)
[CommandHistory] Query result: 1 rows
[CommandHistory] Loaded 20 commands for user 7ddd39a4-9a2b-485e-ba5a-8cfec20813dd
[DoorDropFile] Created DOOR.SYS for Node1
[DoorDropFile] Created DORINFO1.DEF for Node1
[BatchScheduler] Running door ByteKillHandler as type SIM
[Preference] Received get-font-preference request
[Preference] Sending saved font preference: TopazPlus_a500 for user: sysop
[SCREEN] [displayScreen] ========================================
[SCREEN] [displayScreen] REQUESTED SCREEN: LOGON
[SCREEN] [displayScreen] Conference ID: 2
[SCREEN] [displayScreen] User: guest
[SCREEN] [displayScreen] ========================================
[SCREEN FLOW] Display request for LOGON (runCommands=false) state=exec_quicknew node=1
[SCREEN] [loadScreenFile] Loading screen: LOGON
[SCREEN] [loadScreenFile] Base directory: /Users/spot/Code/amiexpress-web
[SCREEN] [loadScreenFile] Conference ID: 2, Node ID: 1
[SCREEN] [loadScreenFile] Terminal type: unknown (80x24)
[SCREEN] [loadScreenFile] PETSCII mode: NO
[SCREEN] [loadScreenFile] Search locations for LOGON: [ 'Node1', 'Node1/Screens', 'Screens (Fallback)' ]
[SCREEN] [loadScreenFile] Trying 3 location(s) with case-insensitive matching:
[SCREEN] Found text screen: /Users/spot/Code/amiexpress-web/Node1/LOGON20.TXT
[SCREEN] [loadScreenFile]  Found security screen for LOGON at: /Users/spot/Code/amiexpress-web/Node1/LOGON20.TXT
[SCREEN] readScreenWithTransforms: /Users/spot/Code/amiexpress-web/Node1/LOGON20.TXT
[SCREEN]   Encoding: iso-8859-1, iCE: false
[NEWLINE-DEBUG] RAW CONTENT (LOGON): 172 bytes, 12 \n, 0 \r\n
[SCREEN] [displayScreen]  Screen loaded successfully: LOGON
[SCREEN] [displayScreen] Content length: 172 bytes
[SCREEN] [displayScreen] PETSCII: NO
[SCREEN] [displayScreen] Render event: LOGON (node 1)
[SCREEN FLOW] Loaded LOGON file=/Users/spot/Code/amiexpress-web/Node1/LOGON20.TXT petscii=N bytes=172
[DEBUG:SCREEN:INFO] Displaying screen: LOGON {
  file: '/Users/spot/Code/amiexpress-web/Node1/LOGON20.TXT',
  size: '172 bytes',
  isPetscii: false,
  conference: 2
}
[SEGMENT] SETUP: 5 segments for LOGON
[SEGMENT]   0: "~\n~SS_BBS:bulletins/bull6.txt|..."
[SEGMENT]   1: "~f\n~CC_gl..."
[SEGMENT]   2: "~CC_wall\n~CC_gwall\n~f\n~5SR_WORK:bbs/Screens/flt/flt..."
[SEGMENT]   3: "~f\n~SS_BBS:screens/uprough.txt..."
[SEGMENT]   4: "~f\n~SS_BBS:screens/quicknew.txt..."
[SCREEN] [displayScreen] ~SP segment processing: 5 segments for LOGON
[SCREEN] [displayScreen] Processing segment 0/5: ~
~SS_BBS:bulletins/bull6.txt|...
[SCREEN] [MCI] ========== PROCESSING MCI CODES ==========
[SCREEN] [MCI] Content length: 30
[SCREEN] [MCI] Looking for ~XC_ and ~XI codes...
[DEBUG:MCI:DEBUG] Parsing MCI codes (30 bytes) 
[SCREEN] [MCI] Total commands to execute: 0
[SCREEN] [MCI] Sequential: emitted text before ~SS_BBS:bul
[SCREEN] [MCI] Sequential: ~SS_ displayFile: BBS:bulletins/bull6.txt
[SCREEN] [displayScreen] ========================================
[SCREEN] [displayScreen] REQUESTED SCREEN: BBS:bulletins/bull6.txt
[SCREEN] [displayScreen] Conference ID: 2
[SCREEN] [displayScreen] User: guest
[SCREEN] [displayScreen] ========================================
[SCREEN] [loadScreenFile] Loading screen: BBS:bulletins/bull6.txt
[SCREEN] [loadScreenFile] Base directory: /Users/spot/Code/amiexpress-web
[SCREEN] [loadScreenFile] Conference ID: 2, Node ID: 1
[SCREEN] [loadScreenFile] Terminal type: unknown (80x24)
[SCREEN] [loadScreenFile] PETSCII mode: NO
[SCREEN] [MCI] ~SS_ resolving Amiga path: BBS:bulletins/bull6.txt -> /Users/spot/Code/amiexpress-web/bulletins/bull6.txt
[SCREEN] [loadScreenFile] Trying 0 location(s) with case-insensitive matching:
[SCREEN] [loadScreenFile]   [1] /Users/spot/Code/amiexpress-web/bulletins/bull6.txt
[SCREEN] Found text screen: /Users/spot/Code/amiexpress-web/bulletins/bull6.TXT
[SCREEN] [loadScreenFile]  Found security screen for assign path: /Users/spot/Code/amiexpress-web/bulletins/bull6.TXT
[SCREEN] readScreenWithTransforms: /Users/spot/Code/amiexpress-web/bulletins/bull6.TXT
[SCREEN]   Encoding: iso-8859-1, iCE: false
[NEWLINE-DEBUG] RAW CONTENT (BBS:bulletins/bull6.txt): 3877 bytes, 37 \n, 9 \r\n
[SCREEN] [displayScreen]  Screen loaded successfully: BBS:bulletins/bull6.txt
[SCREEN] [displayScreen] Content length: 3877 bytes
[SCREEN] [displayScreen] PETSCII: NO
[SCREEN] [displayScreen] Render event: BBS:bulletins/bull6.txt (node 1)
[DEBUG:SCREEN:INFO] Displaying screen: BBS:bulletins/bull6.txt {
  file: '/Users/spot/Code/amiexpress-web/bulletins/bull6.TXT',
  size: '3877 bytes',
  isPetscii: false,
  conference: 2
}
[SCREEN] [MCI] ========== PROCESSING MCI CODES ==========
[SCREEN] [MCI] Content length: 3877
[SCREEN] [MCI] Looking for ~XC_ and ~XI codes...
[DEBUG:MCI:DEBUG] Parsing MCI codes (3877 bytes) 
[SCREEN] [MCI] Total commands to execute: 0
[SCREEN] [MCI] Sequential: emitted remaining text
[SCREEN] [MCI DEBUG] Looking for ~SS_ codes in: 
[NEWLINE-DEBUG] AFTER parseMciCodes NORMAL: 0 bytes, 0 \n, 0 \r\n
[NEWLINE-DEBUG] AFTER addAnsiEscapes: 0 bytes, 0 \n, 0 \r\n
[NEWLINE-DEBUG] AFTER NORMALIZE: 0 bytes, 0 \n, 0 \r\n
[WIPE-DEBUG] Screen: BBS:bulletins/bull6.txt, hasWipeAnimation: false, wipeType: null
[NEWLINE-DEBUG] SPLIT INTO LINES: 1 lines
[NEWLINE-DEBUG] FIRST 5 LINES:   [0] len=0: 
[WIPE-CHECK] hasWipeAnimation=false, wipeType=null, screenName=BBS:bulletins/bull6.txt
[SCREEN] [displayScreen] Content already emitted inline, skipping frame buffer
[SCREEN] [MCI DEBUG] Looking for ~SS_ codes in: 
[NEWLINE-DEBUG] AFTER parseMciCodes SEGMENT 0: 0 bytes, 0 \n, 0 \r\n
[NEWLINE-DEBUG] AFTER addAnsiEscapes: 0 bytes, 0 \n, 0 \r\n
[NEWLINE-DEBUG] AFTER NORMALIZE: 0 bytes, 0 \n, 0 \r\n
[WIPE-DEBUG] Screen: LOGON, hasWipeAnimation: false, wipeType: null
[NEWLINE-DEBUG] SPLIT INTO LINES: 2 lines
[NEWLINE-DEBUG] FIRST 5 LINES:   [0] len=0: 
  [1] len=0: 
[SCREEN FLOW] Parsed LOGON: event=ansi-output commands=0 pause=N pages=2
[WIPE-CHECK] hasWipeAnimation=false, wipeType=null, screenName=LOGON
[SCREEN] [displayScreen] Content already emitted inline, skipping frame buffer
[LOGIN] LOGON displayed, adding pause per express.e:29854
[doPause] CALLED - setting up paginatedScreen (subState=display_bull)
[LOGIN] Pause set up, waiting for user input to continue
[COMMAND-HANDLER-ENTRY] COMMAND EVENT FIRED! DWtVnknAc9ZxeTv3AAAB
=== COMMAND RECEIVED [v2024-FIXED] ===
Raw data: "\r" length: 1 charCode: 13
[socket-handlers] checkPauseHandler active: false, flagPauseHandler active: false
Session state: loggedon subState: display_bull
Input buffer: ""
🎯 ENTER KEY DETECTED!
🎯 Current subState: display_bull
🎯 Is POST_MESSAGE_SUBJECT? false
🎯 Input buffer contents: ""
[socket-handlers] About to check door - data="" (len=1), inDoor=false, subState=display_bull
[socket-handlers] ✗ NOT in door or no handler - routing to BBS command handler
[socket-handlers]   inDoorManager: false
[socket-handlers]   handler exists: false
=== handleCommand called ===
data: "\r"
session.state: loggedon
session.subState: display_bull
[handleCommand] ENTRY: data="" subState=display_bull paginatedScreen=true inDoorManager=false
[handleCommand] Has paginatedScreen - calling handlePaginatedScreenInput
[handlePaginatedScreenInput] ENTRY: data="" lines=1 nextIndex=1 pageSize=1
[SEGMENT] Processing segment 1/4: "~f
~CC_gl..."
[SCREEN] [processNextScreenSegment] Processing segment 1: ~f
~CC_gl...
[SCREEN] [MCI] ========== PROCESSING MCI CODES ==========
[SCREEN] [MCI] Content length: 9
[SCREEN] [MCI] Looking for ~XC_ and ~XI codes...
[DEBUG:MCI:DEBUG] Parsing MCI codes (9 bytes) 
[SCREEN] [MCI] Total commands to execute: 0
=== COMMAND PROCESSED ===

[SCREEN] [MCI] Sequential: emitted text before ~CC_gl
[MCI][CC_] EXECUTING INLINE COMMAND: gl state: loggedon subState: display_bull
[SCREEN] [MCI] Sequential: ~CC_ processSysCommand: gl
[CommandPriority] Processing command: gl with params: 
[InternalRouter] Overriding internal command 'GL' with external BBSCMD door.
Executing: GL
[SYSOP DEBUG] CMD: Executing: GL
[SYSOP DEBUG] COMMAND: Executing TS door: Doors/glc-viewer
{
  "type": "TS",
  "location": "Doors/glc-viewer"
}
Executing door: GL
[loadDoorManifestForExecution] Loading manifest for door: GL, id: gl, path: Doors/glc-viewer
[loadDoorManifestForExecution] Trying door.path: /Users/spot/Code/amiexpress-web/Doors/glc-viewer/package.json
[loadDoorManifestForExecution] Extracted doorId: glc-viewer
[loadDoorManifestForExecution] Trying legacy doors path: /Users/spot/Code/amiexpress-web/doors/glc-viewer/package.json
[loadDoorManifestForExecution] No manifest found for GL (id: gl, doorId: glc-viewer)
[DoorDropFile] Created DOOR.SYS for Node1
[DoorDropFile] Created DORINFO1.DEF for Node1
[CallersLog] Node1: Door: GL
[BBSEventEmitter] Emitted door_activity: sysop (node 1)
[executeTypeScriptDoor] ===== EXEC ID: mkojzfmts5ll =====
[executeTypeScriptDoor] Starting TypeScript door: GL
[executeTypeScriptDoor] Door path: Doors/glc-viewer
[executeTypeScriptDoor] Resolved path: /Users/spot/Code/amiexpress-web/Doors/glc-viewer
[DoorDropFile] Deleted DOOR.SYS for Node1
[DoorDropFile] Deleted DORINFO1.DEF for Node1
[CallersLog] Node1: Door exit: GL
[BBSEventEmitter] Emitted door_activity: sysop (node 1)
[executeDoor] Door GL completed during segment processing - continuing segments
[CommandPriority] Executed as SysCommand
[MCI][CC_] COMMAND RESULT: gl → SUCCESS
[SCREEN] [MCI DEBUG] Looking for ~SS_ codes in: 
[SCREEN] [processNextScreenSegment] Content already emitted inline
[handleCommand] handlePaginatedScreenInput returned: handled=true paginatedScreen=true
[COMMAND-HANDLER-ENTRY] COMMAND EVENT FIRED! DWtVnknAc9ZxeTv3AAAB
=== COMMAND RECEIVED [v2024-FIXED] ===
Raw data: "\r" length: 1 charCode: 13
[socket-handlers] checkPauseHandler active: false, flagPauseHandler active: false
Session state: loggedon subState: display_menu
Input buffer: ""
🎯 ENTER KEY DETECTED!
🎯 Current subState: display_menu
🎯 Is POST_MESSAGE_SUBJECT? false
🎯 Input buffer contents: ""
[socket-handlers] About to check door - data="" (len=1), inDoor=false, subState=display_menu
[socket-handlers] ✗ NOT in door or no handler - routing to BBS command handler
[socket-handlers]   inDoorManager: false
[socket-handlers]   handler exists: false
=== handleCommand called ===
data: "\r"
session.state: loggedon
session.subState: display_menu
[handleCommand] ENTRY: data="" subState=read_command paginatedScreen=true inDoorManager=false
[handleCommand] Has paginatedScreen - calling handlePaginatedScreenInput
[handlePaginatedScreenInput] ENTRY: data="" lines=1 nextIndex=1 pageSize=1
[SEGMENT] Processing segment 2/4: "~CC_wall
~CC_gwall
~f
~5SR_WORK:bbs/Screens/flt/flt..."
[SCREEN] [processNextScreenSegment] Processing segment 2: ~CC_wall
~CC_gwall
~f
~5SR_WORK:bbs/Screens/flt/fl...
[SCREEN] [MCI] ========== PROCESSING MCI CODES ==========
[SCREEN] [MCI] Content length: 51
[SCREEN] [MCI] Looking for ~XC_ and ~XI codes...
[DEBUG:MCI:DEBUG] Parsing MCI codes (51 bytes) 
[SCREEN] [MCI] Total commands to execute: 0
=== COMMAND PROCESSED ===

[MCI][CC_] EXECUTING INLINE COMMAND: wall state: loggedon subState: read_command
[SCREEN] [MCI] Sequential: ~CC_ processSysCommand: wall
[CommandPriority] Processing command: wall with params: 
[InternalRouter] Overriding internal command 'WALL' with external BBSCMD door.
Executing: WALL
[SYSOP DEBUG] CMD: Executing: WALL
[SYSOP DEBUG] COMMAND: Executing XIM door: doors/dRE/dRE!WAll/dRE!WAll
{
  "type": "XIM",
  "location": "doors/dRE/dRE!WAll/dRE!WAll"
}
Executing door: WALL
[loadDoorManifestForExecution] Loading manifest for door: WALL, id: wall, path: doors/dRE/dRE!WAll/dRE!WAll
[loadDoorManifestForExecution] Trying door.path: /Users/spot/Code/amiexpress-web/doors/dRE/dRE!WAll/dRE!WAll/package.json
[loadDoorManifestForExecution] Extracted doorId: dRE
[loadDoorManifestForExecution] Trying legacy doors path: /Users/spot/Code/amiexpress-web/doors/dRE/package.json
[loadDoorManifestForExecution] No manifest found for WALL (id: wall, doorId: dRE)
[DoorDropFile] Created DOOR.SYS for Node1
[DoorDropFile] Created DORINFO1.DEF for Node1
[CallersLog] Node1: Door: WALL
[BBSEventEmitter] Emitted door_activity: sysop (node 1)
[executeAmigaDoor] Starting Amiga door: WALL (XIM)
[executeAmigaDoor] Path: doors/dRE/dRE!WAll/dRE!WAll
[executeAmigaDoor] BBS root: /Users/spot/Code/amiexpress-web
[executeAmigaDoor] Initial door path: /Users/spot/Code/amiexpress-web/doors/dRE/dRE!WAll/dRE!WAll
[executeAmigaDoor] Starting 68k emulation for: /Users/spot/Code/amiexpress-web/doors/dRE/dRE!WAll/dRE!WAll
[executeAmigaDoor] door.type="XIM" door.doorType="undefined"
[executeAmigaDoor] Resolved doorType="XIM"
[executeAmigaDoor] door.args=undefined door.parameters=[]
[executeAmigaDoor] Setting doorCommand="WALL" on session
[executeAmigaDoor] Verified session.doorCommand="WALL"
[executeAmigaDoor] BEFORE currentConf init: session.currentConf=2 user.confRJoin=2
[executeAmigaDoor] Set doorParams="WALL" for EXPRESS_VERSION
[executeAmigaDoor] Set session.bbsRoot="/Users/spot/Code/amiexpress-web" for XIMProtocol
[executeAmigaDoor] Read from disk: slotIndex=1 slotNumber=2 confAccess="XXXXXXXXX_XXXXXXXXXXXXXXX" stats={"messagesPosted":0,"uploads":50,"downloads":25,"timesCalled":1879,"timeUsed":0,"timeLimit":0,"timeTotal":0,"bytesDownload":2560000,"bytesUpload":5120000}
[BBSConfig] Loaded configuration from bbsConfig.info
[BBSConfig] Loaded configuration overrides from bbsConfig.info.txt
[executeAmigaDoor] File /Users/spot/Code/amiexpress-web/doors/dRE/dRE!WAll/dRE!WAll magic bytes: 0 0 3 f3, isGccExecutable: false
[DoorLogger] Creating logger for door: dRE!WAll node: 1
[DoorLogger] __dirname: /Users/spot/Code/amiexpress-web/web/backend/src/amiga-emulation, projectRoot: /Users/spot/Code/amiexpress-web, logs dir: /Users/spot/Code/amiexpress-web/logs
[executeAmigaDoor] Set session.inDoorManager=true, door-active: true, nodeId=1, socketId=DWtVnknAc9ZxeTv3AAAB
[executeAmigaDoor] Before setSession: inDoorManager=true, handler=true
[executeAmigaDoor] After setSession: verify inDoorManager=true, handler=true
[MOIRA WASM] Memory page table updated
[MOIRA WASM]   Chip RAM pages: 0x00-0x1f
[MOIRA WASM]   Fast RAM pages: 0x20-0xf7
[MOIRA WASM]   ROM pages: 0xF8-0xFF
[MOIRA WASM] MoiraCPU initialized with vAmiga-style memory architecture!
[MOIRA WASM]   Chip RAM: 2048 KB (mask: 0x1fffff)
[MOIRA WASM]   ROM: 512 KB (mask: 0x7ffff)
[MoiraEmulator] moira.js loaded from /Users/spot/Code/amiexpress-web/web/backend/src/amiga-emulation/cpu/build/moira.js
[ROM] Loading Kickstart ROM from: /Users/spot/Code/amiexpress-web/web/backend/data/amiga-roms/Kickstart v3.1 rev 40.63 (1993)(Commodore)(A500-A600-A2000).rom
[ROM] Kickstart 3.1 loaded successfully
[ROM] Mapped to memory range: 0xF80000 - 0xFFFFFF
[ROM] ===== Kickstart ROM Info =====
[ROM] Size: 524288 bytes (512KB)
[ROM] Mapped: 0xf80000 - 0xffffff
[ROM] Initial SSP: 0x11164ef9
[ROM] Initial PC:  0x002000d2
[ROM] Exception Vectors:
[ROM]   Vector 0 (Initial SSP): 0x11164ef9
[ROM]   Vector 1 (Initial PC): 0x002000d2
[ROM]   Vector 2 (Bus Error): 0x0000ffff
[ROM]   Vector 3 (Address Error): 0x00280044
[ROM]   Vector 4 (Illegal Instruction): 0x0028000a
[ROM]   Vector 5 (Division by Zero): 0x000000-1
[ROM]   Vector 6 (CHK Instruction): 0x00414d49
[ROM]   Vector 7 (TRAPV Instruction): 0x47412052
[ROM] Version: 
[ROM] ================================
[MOIRA WASM] Memory page table updated
[MOIRA WASM]   Chip RAM pages: 0x00-0x1f
[MOIRA WASM]   Fast RAM pages: 0x20-0xf7
[MOIRA WASM]   ROM pages: 0xF8-0xFF
[MOIRA WASM] ROM loaded: 524288 bytes
[MOIRA WASM]   ROM buffer size: 524288 bytes
[MOIRA WASM]   ROM mask: 0x7ffff
[MOIRA WASM]   Exception vectors copied to chip RAM: 1024 bytes
[MoiraEmulator] ROM loaded (524288 bytes)
[MoiraEmulator] ROM mapped to 0xF80000-0xFFFFFF
[MoiraEmulator] Exception vectors copied to 0x000000
[MOIRA WASM] Memory page table updated
[MOIRA WASM]   Chip RAM pages: 0x00-0x1f
[MOIRA WASM]   Fast RAM pages: 0x20-0xf7
[MOIRA WASM]   ROM pages: 0xF8-0xFF
[MOIRA WASM] ROM loaded: 524288 bytes
[MOIRA WASM]   ROM buffer size: 524288 bytes
[MOIRA WASM]   ROM mask: 0x7ffff
[MOIRA WASM]   Exception vectors copied to chip RAM: 1024 bytes
[MoiraEmulator] ROM loaded (524288 bytes)
[MoiraEmulator] ROM mapped to 0xF80000-0xFFFFFF
[MoiraEmulator] Exception vectors copied to 0x000000
[LibraryLoader] Added search path: /Users/spot/Code/amiexpress-web/web/backend/Libs
[LibraryLoader] Added search path: /Users/spot/Code/amiexpress-web/System/Libs
[LibraryLoader] Added search path: /Users/spot/Code/amiexpress-web/Libs
[LibraryManager] romtool split failed: 2026-01-21 22:46:51,803  ERROR       root        '/Users/spot/Code/amiexpress-web/web/backend/data/amiga-roms/Kickstart v3.1 rev 40.63 (1993)(Commodore)(A500-A600-A2000).rom' was not found in split database!

[LibraryLoader] Loading AEDoor.library (version >= 0)
[LibraryLoader] Found library: /Users/spot/Code/amiexpress-web/Libs/AEDoor.library
[LibraryLoader] Read 1128 bytes from /Users/spot/Code/amiexpress-web/Libs/AEDoor.library
[LibraryLoader] Parsed 1 segments
[LibraryLoader] Allocated base address: 0x200000
[LibraryLoader] Loading code segment (1036 bytes) at 0x200000
[LibraryLoader] Applying 1 relocation groups
[LibraryLoader] Stored ExecBase (0x80000) at library+0x22
[LibraryLoader] Parsed $VER: AEDoorLib 2.7 (18.5.1996)
✅ [LibraryLoader] Successfully loaded AEDoor.library at 0x200000
   Jump table entries: 0
[PathManager] Initialized assigns:
  doors: => /Users/spot/Code/amiexpress-web/Doors/
  bbs: => /Users/spot/Code/amiexpress-web/
  data: => /Users/spot/Code/amiexpress-web/data/
  screens: => /Users/spot/Code/amiexpress-web/Screens/
  bulletins: => /Users/spot/Code/amiexpress-web/Bulletins/
  s: => /Users/spot/Code/amiexpress-web/S/
  work: => /Users/spot/Code/amiexpress-web/
  sami: => /Users/spot/Code/amiexpress-web/S/
  env: => /tmp/ram/ENV/
  progdir: => /Users/spot/Code/amiexpress-web/
  sys: => /Users/spot/Code/amiexpress-web/System/
  c: => /Users/spot/Code/amiexpress-web/System/C/
  l: => /Users/spot/Code/amiexpress-web/System/L/
  libs: => /Users/spot/Code/amiexpress-web/System/Libs/
  devs: => /Users/spot/Code/amiexpress-web/System/Devs/
  fonts: => /Users/spot/Code/amiexpress-web/System/Fonts/
  locale: => /Users/spot/Code/amiexpress-web/System/Locale/
  prefs: => /Users/spot/Code/amiexpress-web/System/Prefs/
  classes: => /Users/spot/Code/amiexpress-web/System/Classes/
  ram: => /tmp/ram/
  t: => /tmp/
[PathManager] Added assign: node1: => /Users/spot/Code/amiexpress-web/Node1
[PathManager] Added assign: node: => /Users/spot/Code/amiexpress-web/Node1
[PathManager] Added assign: nodedata: => /Users/spot/Code/amiexpress-web/Node1
[PathManager] Added assign: playpen: => /Users/spot/Code/amiexpress-web/Node1/Playpen
[PathManager] Added assign: work: => /Users/spot/Code/amiexpress-web
[PathManager] PROGDIR: assigned to /Users/spot/Code/amiexpress-web/doors/dRE/dRE!WAll/
[icon.library] PROGDIR: device set to /Users/spot/Code/amiexpress-web/doors/dRE/dRE!WAll
[icon.library] Door command set to: WALL
[XIMProtocol] New XIM state created with usedXimInput=false doorPort=0x100000
[DoorLogger] Creating logger for door: WALL node: 1
[DoorLogger] __dirname: /Users/spot/Code/amiexpress-web/web/backend/src/amiga-emulation, projectRoot: /Users/spot/Code/amiexpress-web, logs dir: /Users/spot/Code/amiexpress-web/logs
[EnvironmentManager] Initialized LocalVars list at 0x120000
[EnvironmentManager] Populating standard environment variables
[EnvironmentManager] SetVar("PATH", "Work:,S:,C:,Doors:", flags=0)
[EnvironmentManager] Created LocalVar at 0x130000
[EnvironmentManager] SetVar("PROMPT", "%N.%S>", flags=0)
[EnvironmentManager] Created LocalVar at 0x130030
[EnvironmentManager] SetVar("RETURN", "0", flags=0)
[EnvironmentManager] Created LocalVar at 0x130056
[EnvironmentManager] SetVar("RC", "0", flags=0)
[EnvironmentManager] Created LocalVar at 0x130077
[EnvironmentManager] SetVar("Result2", "0", flags=0)
[EnvironmentManager] Created LocalVar at 0x130094
[EnvironmentManager] SetVar("DEVINFO", "CON:,NIL:,SER:", flags=0)
[EnvironmentManager] Created LocalVar at 0x1300b6
[EnvironmentManager] SetVar("BBS_ROOT", "/Users/spot/Code/amiexpress-web", flags=0)
[EnvironmentManager] Created LocalVar at 0x1300e5
[EnvironmentManager] SetVar("NODE_ID", "1", flags=0)
[EnvironmentManager] Created LocalVar at 0x130126
[EnvironmentManager] SetVar("CONF_ID", "2", flags=0)
[EnvironmentManager] Created LocalVar at 0x130148
[EnvironmentManager] SetVar("USER_NAME", "sysop", flags=0)
[EnvironmentManager] Created LocalVar at 0x13016a
[EnvironmentManager] SetVar("USER_LEVEL", "1", flags=0)
[EnvironmentManager] Created LocalVar at 0x130192
[EnvironmentManager] Populated 11 standard variables
[ENV Initializer] Creating ENV files for node 1
[ENV Initializer] Created ENV:PATH = "Work:,S:,C:,Doors:"
[ENV Initializer] Created ENV:PROMPT = "%N.%S>"
[ENV Initializer] Created ENV:RC = "0"
[ENV Initializer] Created ENV:Result2 = "0"
[ENV Initializer] Created ENV:Kickstart = "39.106"
[ENV Initializer] Created ENV:Workbench = "39.29"
[ENV Initializer] Created ENV:BBS_NAME = "AmiExpress Web BBS"
[ENV Initializer] Created ENV:SYSOP_NAME = "Sysop"
[ENV Initializer] Created ENV:NODE_NUMBER = "1"
[ENV Initializer] Created ENV:JC_PWFAIL.1 = "0"
[ENV Initializer] Created ENV:JC_PWFAIL.2 = "0"
[ENV Initializer] Created ENV:JC_PWFAIL.3 = "0"
[ENV Initializer] Created ENV:JC_PWFAIL.4 = "0"
[ENV Initializer] Created ENV:JC_PWFAIL.5 = "0"
[ENV Initializer] Created ENV:JC_PWFAIL.6 = "0"
[ENV Initializer] Created ENV:JC_PWFAIL.7 = "0"
[ENV Initializer] Created ENV:JC_PWFAIL.8 = "0"
[ENV Initializer] Created ENV:STATS@1 = "                                   -22"
[ENV Initializer] Created ENV:STATS@2 = "                                   -22"
[ENV Initializer] Created ENV:STATS@3 = "                                   -22"
[ENV Initializer] Created ENV:STATS@4 = "                                   -22"
[ENV Initializer] Created ENV:STATS@5 = "                                   -22"
[ENV Initializer] Created ENV:STATS@6 = "                                   -22"
[ENV Initializer] Created ENV:STATS@7 = "                                   -22"
[ENV Initializer] Created ENV:STATS@8 = "                                   -22"
[ENV Initializer] Created ENV:LAST_DOOR = ""
[ENV Initializer] Created ENV:DOOR_COUNT = "0"
[ENV Initializer] Created ENV files in /tmp/ram/ENV
[FileManager] Initialized standard handles:
  BPTR 1 (stdin):  [FH:'stdin'(ami='CONSOLE:',sys='/dev/stdin',nc=false)@0x0=B@0x1]
  BPTR 2 (stdout): [FH:'stdout'(ami='*',sys='/dev/stdout',nc=false)@0x0=B@0x2]
[PathManager] Mapped assign root: "doors:" => "/Users/spot/Code/amiexpress-web/Doors/"
[FileManager] stdin re-registered: BPTR 0x1 -> 0x50000
[FileManager] stdin BPTR set to 0x50000 (addr 0x140000)
[FileManager] stdout re-registered: BPTR 0x2 -> 0x5000b
[FileManager] stdout BPTR set to 0x5000b (addr 0x14002c)
[PathManager] PROGDIR: assigned to /Users/spot/Code/amiexpress-web/doors/dRE/dRE!WAll/
[PathManager] Mapped assign root: "progdir:" => "/Users/spot/Code/amiexpress-web/doors/dRE/dRE!WAll/"
[FileManager] Changed directory to: progdir: (/Users/spot/Code/amiexpress-web/doors/dRE/dRE!WAll/)
[LibraryTraps] LVOs.i not found; stub vectors disabled
[MoiraEmulator] Library trap handler registered
[LibraryTraps] Installing Exec.library vectors at base 0x80000
  [OpenLibrary] Vector at 0x7fdd8 (offset -552)
  [CloseLibrary] Vector at 0x7fe62 (offset -414)
  [RawDoFmt] Vector at 0x7fdf6 (offset -522)
  [InitStruct] Vector at 0x7ffb2 (offset -78)
  [MakeLibrary] Vector at 0x7ffac (offset -84)
  [MakeFunctions] Vector at 0x7ffa6 (offset -90)
  [FindResident] Vector at 0x7ffa0 (offset -96)
  [InitResident] Vector at 0x7ff9a (offset -102)
  [Alert] Vector at 0x7ff94 (offset -108)
  [Forbid] Vector at 0x7ff7c (offset -132)
  [Permit] Vector at 0x7ff76 (offset -138)
  [AllocMem] Vector at 0x7ff3a (offset -198)
  [FreeMem] Vector at 0x7ff2e (offset -210)
  [FindTask] Vector at 0x7feda (offset -294)
  [SetTaskPri] Vector at 0x7fed4 (offset -300)
  [SetSignal] Vector at 0x7fece (offset -306)
  [FindPort] Vector at 0x7fe7a (offset -390)
  [PutMsg] Vector at 0x7fe92 (offset -366)
  [GetMsg] Vector at 0x7fe8c (offset -372)
  [Wait] Vector at 0x7fec2 (offset -318)
  [Signal] Vector at 0x7febc (offset -324)
  [Supervisor] Vector at 0x7ffe2 (offset -30)
  [AllocSignal] Vector at 0x7feb6 (offset -330)
  [AddPort] Vector at 0x7fe9e (offset -354)
  [ReplyMsg] Vector at 0x7fe86 (offset -378)
  [WaitPort] Vector at 0x7fe80 (offset -384)
  [CreatePort] Vector at 0x7ff8e (offset -114)
  [CreateMsgPort] Vector at 0x7fd66 (offset -666)
  [DeleteMsgPort] Vector at 0x7fd60 (offset -672)
  [AllocVec] Vector at 0x7fd54 (offset -684)
  [FreeVec] Vector at 0x7fd4e (offset -690)
  [CreatePool] Vector at 0x7fd48 (offset -696)
  [DeletePool] Vector at 0x7fd42 (offset -702)
  [AllocPooled] Vector at 0x7fd3c (offset -708)
  [FreePooled] Vector at 0x7fd36 (offset -714)
  [StackSwap] Vector at 0x7fd24 (offset -732)
[LibraryTraps] Installed 36 Exec.library vectors
[LibraryLoader] Loading utility.library (version >= 37)
[LibraryLoader] ✅ utility.library is ROM-resident (using Kickstart ROM)
[LibraryLoader]   ROM libraries are native code in ROM, not loaded from disk
[LibraryTraps] Installing utility.library vectors at base 0xf0000
  [FindTagItem] Vector at 0xeffe2 (offset -30)
  [GetTagData] Vector at 0xeffdc (offset -36)
  [PackBoolTags] Vector at 0xeffd6 (offset -42)
  [NextTagItem] Vector at 0xeffd0 (offset -48)
  [FilterTagChanges] Vector at 0xeffca (offset -54)
  [Utility_-58_Stub] Vector at 0xeffc6 (offset -58)
  [MapTags] Vector at 0xeffc4 (offset -60)
  [AllocateTagItems] Vector at 0xeffbe (offset -66)
  [CloneTagItems] Vector at 0xeffb8 (offset -72)
  [FreeTagItems] Vector at 0xeffb2 (offset -78)
  [RefreshTagItemClones] Vector at 0xeffac (offset -84)
  [TagInArray] Vector at 0xeffa6 (offset -90)
  [FilterTagItems] Vector at 0xeffa0 (offset -96)
  [CallHookPkt] Vector at 0xeff9a (offset -102)
  [Amiga2Date] Vector at 0xeff88 (offset -120)
  [Date2Amiga] Vector at 0xeff82 (offset -126)
  [CheckDate] Vector at 0xeff7c (offset -132)
  [SMult32] Vector at 0xeff76 (offset -138)
  [UMult32] Vector at 0xeff70 (offset -144)
  [SDivMod32] Vector at 0xeff6a (offset -150)
  [UDivMod32] Vector at 0xeff64 (offset -156)
  [Stricmp] Vector at 0xeff5e (offset -162)
  [Strnicmp] Vector at 0xeff58 (offset -168)
  [ToUpper] Vector at 0xeff52 (offset -174)
  [ToLower] Vector at 0xeff4c (offset -180)
  [ApplyTagChanges] Vector at 0xeff46 (offset -186)
  [SMult64] Vector at 0xeff3a (offset -198)
  [UMult64] Vector at 0xeff34 (offset -204)
  [PackStructureTags] Vector at 0xeff2e (offset -210)
  [UnpackStructureTags] Vector at 0xeff28 (offset -216)
  [AddNamedObject] Vector at 0xeff22 (offset -222)
  [AllocNamedObjectA] Vector at 0xeff1c (offset -228)
  [AttemptRemNamedObject] Vector at 0xeff16 (offset -234)
  [FindNamedObject] Vector at 0xeff10 (offset -240)
  [FreeNamedObject] Vector at 0xeff0a (offset -246)
  [NamedObjectName] Vector at 0xeff04 (offset -252)
  [ReleaseNamedObject] Vector at 0xefefe (offset -258)
  [RemNamedObject] Vector at 0xefef8 (offset -264)
  [GetUniqueID] Vector at 0xefef2 (offset -270)
[LibraryTraps] Installed 39 utility.library vectors
[LibraryLoader] Loading icon.library (version >= 36)
[LibraryLoader] ✅ icon.library is ROM-resident (using Kickstart ROM)
[LibraryLoader]   ROM libraries are native code in ROM, not loaded from disk
[LibraryTraps] Installing icon.library vectors at base 0xd0000
  [GetDiskObject] Vector at 0xcffe2 (offset -30) [VERIFIED: 0x4afc]
  [PutDiskObject] Vector at 0xcffdc (offset -36) [VERIFIED: 0x4afc]
  [FreeDiskObject] Vector at 0xcffd6 (offset -42) [VERIFIED: 0x4afc]
  [FindToolType] Vector at 0xcffd0 (offset -48) [VERIFIED: 0x4afc]
  [MatchToolValue] Vector at 0xcffca (offset -54) [VERIFIED: 0x4afc]
[LibraryTraps] *** icon.library GetDiskObject at 0xcffe2 contains: 0x4afc (should be 0x4AFC) ***
[LibraryTraps] *** icon.library FULLY OPERATIONAL - ALL traps installed and ready ***
[LibraryTraps] Installed 5 icon.library vectors
[LibraryLoader] Loading dos.library (version >= 37)
[LibraryLoader] ✅ dos.library is ROM-resident (using Kickstart ROM)
[LibraryLoader]   ROM libraries are native code in ROM, not loaded from disk
[LibraryTraps] Installing dos.library vectors at base 0xb0000
  [Open] Vector at 0xaffe2 (offset -30)
  [Close] Vector at 0xaffdc (offset -36)
  [Read] Vector at 0xaffd6 (offset -42)
  [Write] Vector at 0xaffd0 (offset -48)
  [Input] Vector at 0xaffca (offset -54)
  [Output] Vector at 0xaffc4 (offset -60)
  [Seek] Vector at 0xaffbe (offset -66)
  [FGetC] Vector at 0xafece (offset -306)
  [FPutC] Vector at 0xafec8 (offset -312)
  [UnGetC] Vector at 0xafec2 (offset -318)
  [FRead] Vector at 0xafebc (offset -324)
  [FWrite] Vector at 0xafeb6 (offset -330)
  [FGets] Vector at 0xafeb0 (offset -336)
  [FPuts] Vector at 0xafeaa (offset -342)
  [Flush] Vector at 0xafe98 (offset -360)
  [Lock] Vector at 0xaffac (offset -84)
  [UnLock] Vector at 0xaffa6 (offset -90)
  [DupLock] Vector at 0xaffa0 (offset -96)
  [Examine] Vector at 0xaff9a (offset -102)
  [ExNext] Vector at 0xaff94 (offset -108)
  [CreateDir] Vector at 0xaff88 (offset -120)
  [CurrentDir] Vector at 0xaff82 (offset -126)
  [IoErr] Vector at 0xaff7c (offset -132)
  [DateStamp] Vector at 0xaff40 (offset -192)
  [Delay] Vector at 0xaff3a (offset -198)
  [WaitForChar] Vector at 0xaff34 (offset -204)
  [Exit] Vector at 0xaff70 (offset -144)
  [NameFromLock] Vector at 0xafe6e (offset -402)
  [ReadArgs] Vector at 0xafce2 (offset -798)
  [FreeArgs] Vector at 0xafca6 (offset -858)
  [DosStub_-298] Vector at 0xafed6 (offset -298)
  [DateToStr] Vector at 0xafd18 (offset -744)
  [StrToDate] Vector at 0xafd12 (offset -750)
  [SelectInput] Vector at 0xaff28 (offset -216)
  [SelectOutput] Vector at 0xaff22 (offset -222)
  [AllocDosObject] Vector at 0xaff1c (offset -228)
  [FreeDosObject] Vector at 0xaff16 (offset -234)
  [OpenFromLock] Vector at 0xafe86 (offset -378)
  [DeleteFile] Vector at 0xaffb8 (offset -72)
  [Rename] Vector at 0xaffb2 (offset -78)
  [Info] Vector at 0xaff8e (offset -114)
  [SetComment] Vector at 0xaff58 (offset -168)
  [SetProtection] Vector at 0xaff52 (offset -174)
  [AddPart] Vector at 0xafed4 (offset -300)
  [FilePart] Vector at 0xafee0 (offset -288)
  [PathPart] Vector at 0xafeda (offset -294)
  [CreateProc] Vector at 0xaff76 (offset -138)
  [LoadSeg] Vector at 0xaff6a (offset -150)
  [UnLoadSeg] Vector at 0xaff64 (offset -156)
  [DeviceProc] Vector at 0xaff5e (offset -162)
  [WaitForChar_180] Vector at 0xaff4c (offset -180)
  [VPrintf] Vector at 0xafef8 (offset -264)
  [Fault] Vector at 0xafe7a (offset -390)
  [PrintFault] Vector at 0xafe74 (offset -396)
  [Cli] Vector at 0xafe14 (offset -492)
  [FGetC_516] Vector at 0xafdfc (offset -516)
  [FPutC_522] Vector at 0xafdf6 (offset -522)
  [FRead_534] Vector at 0xafdea (offset -534)
  [FWrite_540] Vector at 0xafde4 (offset -540)
  [FGets_546] Vector at 0xafdde (offset -546)
  [FPuts_552] Vector at 0xafdd8 (offset -552)
  [VFPrintf] Vector at 0xafdcc (offset -564)
  [ReadArgs_804] Vector at 0xafcdc (offset -804)
  [FreeArgs_810] Vector at 0xafcd6 (offset -810)
[LibraryTraps] Installed 64 dos.library vectors
[LibraryTraps] Installing dos.library vectors at base 0xb0000
  [Open] Vector at 0xaffe2 (offset -30)
  [Close] Vector at 0xaffdc (offset -36)
  [Read] Vector at 0xaffd6 (offset -42)
  [Write] Vector at 0xaffd0 (offset -48)
  [Input] Vector at 0xaffca (offset -54)
  [Output] Vector at 0xaffc4 (offset -60)
  [Seek] Vector at 0xaffbe (offset -66)
  [FGetC] Vector at 0xafece (offset -306)
  [FPutC] Vector at 0xafec8 (offset -312)
  [UnGetC] Vector at 0xafec2 (offset -318)
  [FRead] Vector at 0xafebc (offset -324)
  [FWrite] Vector at 0xafeb6 (offset -330)
  [FGets] Vector at 0xafeb0 (offset -336)
  [FPuts] Vector at 0xafeaa (offset -342)
  [Flush] Vector at 0xafe98 (offset -360)
  [Lock] Vector at 0xaffac (offset -84)
  [UnLock] Vector at 0xaffa6 (offset -90)
  [DupLock] Vector at 0xaffa0 (offset -96)
  [Examine] Vector at 0xaff9a (offset -102)
  [ExNext] Vector at 0xaff94 (offset -108)
  [CreateDir] Vector at 0xaff88 (offset -120)
  [CurrentDir] Vector at 0xaff82 (offset -126)
  [IoErr] Vector at 0xaff7c (offset -132)
  [DateStamp] Vector at 0xaff40 (offset -192)
  [Delay] Vector at 0xaff3a (offset -198)
  [WaitForChar] Vector at 0xaff34 (offset -204)
  [Exit] Vector at 0xaff70 (offset -144)
  [NameFromLock] Vector at 0xafe6e (offset -402)
  [ReadArgs] Vector at 0xafce2 (offset -798)
  [FreeArgs] Vector at 0xafca6 (offset -858)
  [DosStub_-298] Vector at 0xafed6 (offset -298)
  [DateToStr] Vector at 0xafd18 (offset -744)
  [StrToDate] Vector at 0xafd12 (offset -750)
  [SelectInput] Vector at 0xaff28 (offset -216)
  [SelectOutput] Vector at 0xaff22 (offset -222)
  [AllocDosObject] Vector at 0xaff1c (offset -228)
  [FreeDosObject] Vector at 0xaff16 (offset -234)
  [OpenFromLock] Vector at 0xafe86 (offset -378)
  [DeleteFile] Vector at 0xaffb8 (offset -72)
  [Rename] Vector at 0xaffb2 (offset -78)
  [Info] Vector at 0xaff8e (offset -114)
  [SetComment] Vector at 0xaff58 (offset -168)
  [SetProtection] Vector at 0xaff52 (offset -174)
  [AddPart] Vector at 0xafed4 (offset -300)
  [FilePart] Vector at 0xafee0 (offset -288)
  [PathPart] Vector at 0xafeda (offset -294)
  [CreateProc] Vector at 0xaff76 (offset -138)
  [LoadSeg] Vector at 0xaff6a (offset -150)
  [UnLoadSeg] Vector at 0xaff64 (offset -156)
  [DeviceProc] Vector at 0xaff5e (offset -162)
  [WaitForChar_180] Vector at 0xaff4c (offset -180)
  [VPrintf] Vector at 0xafef8 (offset -264)
  [Fault] Vector at 0xafe7a (offset -390)
  [PrintFault] Vector at 0xafe74 (offset -396)
  [Cli] Vector at 0xafe14 (offset -492)
  [FGetC_516] Vector at 0xafdfc (offset -516)
  [FPutC_522] Vector at 0xafdf6 (offset -522)
  [FRead_534] Vector at 0xafdea (offset -534)
  [FWrite_540] Vector at 0xafde4 (offset -540)
  [FGets_546] Vector at 0xafdde (offset -546)
  [FPuts_552] Vector at 0xafdd8 (offset -552)
  [VFPrintf] Vector at 0xafdcc (offset -564)
  [ReadArgs_804] Vector at 0xafcdc (offset -804)
  [FreeArgs_810] Vector at 0xafcd6 (offset -810)
[LibraryTraps] Installed 64 dos.library vectors
[LibraryTraps] ============================================
[LibraryTraps] AEDoor.library vectors: TRAP MODE (TypeScript handlers)
[LibraryTraps] Base address: 0x200000
[LibraryTraps] Installing 20 trap handlers...
[LibraryTraps] ============================================
  [CreateComm] Vector at 0x1fffe2 (offset -30)
  [DeleteComm] Vector at 0x1fffdc (offset -36)
  [SendCmd] Vector at 0x1fffd6 (offset -42)
  [SendStrCmd] Vector at 0x1fffd0 (offset -48)
  [SendDataCmd] Vector at 0x1fffca (offset -54)
  [SendStrDataCmd] Vector at 0x1fffc4 (offset -60)
  [GetData] Vector at 0x1fffbe (offset -66)
  [GetString] Vector at 0x1fffb8 (offset -72)
  [Prompt] Vector at 0x1fffb2 (offset -78)
  [WriteStr] Vector at 0x1fffac (offset -84)
  [ShowGFile] Vector at 0x1fffa6 (offset -90)
  [ShowFile] Vector at 0x1fffa0 (offset -96)
  [SetDT] Vector at 0x1fff9a (offset -102)
  [GetDT] Vector at 0x1fff94 (offset -108)
  [GetStr] Vector at 0x1fff8e (offset -114)
  [CopyStr] Vector at 0x1fff88 (offset -120)
  [HotKey] Vector at 0x1fff82 (offset -126)
  [PreCreateComm] Vector at 0x1fff7c (offset -132)
  [PostDeleteComm] Vector at 0x1fff76 (offset -138)
  [Stub_-24] Vector at 0x1fffe8 (offset -24)
[LibraryTraps] Installed 20 AEDoor.library vectors
[LibraryTraps] ============================================
[LibraryTraps] AEDoor.library vectors: TRAP MODE (TypeScript handlers)
[LibraryTraps] Base address: 0x200000
[LibraryTraps] Installing 20 trap handlers...
[LibraryTraps] ============================================
  [CreateComm] Vector at 0x1fffe2 (offset -30)
  [DeleteComm] Vector at 0x1fffdc (offset -36)
  [SendCmd] Vector at 0x1fffd6 (offset -42)
  [SendStrCmd] Vector at 0x1fffd0 (offset -48)
  [SendDataCmd] Vector at 0x1fffca (offset -54)
  [SendStrDataCmd] Vector at 0x1fffc4 (offset -60)
  [GetData] Vector at 0x1fffbe (offset -66)
  [GetString] Vector at 0x1fffb8 (offset -72)
  [Prompt] Vector at 0x1fffb2 (offset -78)
  [WriteStr] Vector at 0x1fffac (offset -84)
  [ShowGFile] Vector at 0x1fffa6 (offset -90)
  [ShowFile] Vector at 0x1fffa0 (offset -96)
  [SetDT] Vector at 0x1fff9a (offset -102)
  [GetDT] Vector at 0x1fff94 (offset -108)
  [GetStr] Vector at 0x1fff8e (offset -114)
  [CopyStr] Vector at 0x1fff88 (offset -120)
  [HotKey] Vector at 0x1fff82 (offset -126)
  [PreCreateComm] Vector at 0x1fff7c (offset -132)
  [PostDeleteComm] Vector at 0x1fff76 (offset -138)
  [Stub_-24] Vector at 0x1fffe8 (offset -24)
[LibraryTraps] Installed 20 AEDoor.library vectors
[DoorLoader] Writing random seed 0x15704d92 to 0x400
[DoorLoader] Read back: 0x15704d92
[Self-Mod Code] Registered CODE region: 0x2008-0x45ab (9636 bytes)
[HunkLoader] Applying 17 relocations to 2 segments
[HunkLoader] Segment 0 (CODE) at 0x2008: 6 relocations
  [0] offset=0x676 addr=0x267e before=0x44 after=0x464c target=seg1(0x4608)
  [1] offset=0x680 addr=0x2688 before=0x38 after=0x4640 target=seg1(0x4608)
  [2] offset=0x65e addr=0x2666 before=0x38 after=0x4640 target=seg1(0x4608)
  [3] offset=0x654 addr=0x265c before=0x3c after=0x4644 target=seg1(0x4608)
  [4] offset=0x14 addr=0x201c before=0x654 after=0x4c5c target=seg1(0x4608)
[HunkLoader] Segment 1 (DATA) at 0x4608: 11 relocations
  [0] offset=0x2a8 addr=0x48b0 before=0xf44 after=0x2f4c target=seg0(0x2008)
  [1] offset=0x294 addr=0x489c before=0xf3a after=0x2f42 target=seg0(0x2008)
  [2] offset=0x26c addr=0x4874 before=0xf1e after=0x2f26 target=seg0(0x2008)
  [3] offset=0x48 addr=0x4650 before=0x6bc after=0x26c4 target=seg0(0x2008)
  [4] offset=0x44 addr=0x464c before=0xa48 after=0x2a50 target=seg0(0x2008)
[SharedBBSData] Allocated shared BBS memory:
  cmds:       0xf00300 (1976 bytes)
  sopt:       0xf00ab8 (888 bytes)
  nodeState:  0xf00e30 (32 bytes)
[CommandsStructure] Writing commands at 0xf00300
[CommandsStructure] Wrote BBS config: "AmiExpress Web BBS"
[StartOptionStructure] Writing startOption at 0xf00ab8
[StartOptionStructure] Wrote node settings
[NodeStateGlobals] Wrote node state at 0xf00e30
  currentConf: 2
  node: 1
  timeLimit: 3600
[READ8] addr=0x0f0081 page=0x0f memSrc=1
[READ8] CHIP: addr=0x0f0081 offset=0x0f0081 value=0x00 ( )
[READ8] addr=0x0f0082 page=0x0f memSrc=1
[READ8] CHIP: addr=0x0f0082 offset=0x0f0082 value=0x00 ( )
[READ8] addr=0x0f0083 page=0x0f memSrc=1
[READ8] CHIP: addr=0x0f0083 offset=0x0f0083 value=0x00 ( )
[READ8] addr=0x0f0084 page=0x0f memSrc=1
[READ8] CHIP: addr=0x0f0084 offset=0x0f0084 value=0x00 ( )
[MEMORY-READ] readMemory32(0xf0081) = 0x00000000
[MOIRA] Overclocking set to 100x
[MoiraEmulator] Overclocking set to 100x
[NodeStatusManager] Initializing multiPort semaphore structure...
[NodeStatusManager] Node 0 singlePort at 0xb1000: (inactive)
[NodeStatusManager] Node 1 singlePort at 0xb1200: (inactive)
[NodeStatusManager] Node 2 singlePort at 0xb1400: (inactive)
[NodeStatusManager] Node 3 singlePort at 0xb1600: (inactive)
[NodeStatusManager] Node 4 singlePort at 0xb1800: (inactive)
[NodeStatusManager] Node 5 singlePort at 0xb1a00: (inactive)
[NodeStatusManager] Node 6 singlePort at 0xb1c00: (inactive)
[NodeStatusManager] Node 7 singlePort at 0xb1e00: (inactive)
[NodeStatusManager] Node 8 singlePort at 0xb2000: (inactive)
[NodeStatusManager] Node 9 singlePort at 0xb2200: (inactive)
[NodeStatusManager] Node 10 singlePort at 0xb2400: (inactive)
[NodeStatusManager] Node 11 singlePort at 0xb2600: (inactive)
[NodeStatusManager] Node 12 singlePort at 0xb2800: (inactive)
[NodeStatusManager] Node 13 singlePort at 0xb2a00: (inactive)
[NodeStatusManager] Node 14 singlePort at 0xb2c00: (inactive)
[NodeStatusManager] Node 15 singlePort at 0xb2e00: (inactive)
[NodeStatusManager] Node 16 singlePort at 0xb3000: (inactive)
[NodeStatusManager] Node 17 singlePort at 0xb3200: (inactive)
[NodeStatusManager] Node 18 singlePort at 0xb3400: (inactive)
[NodeStatusManager] Node 19 singlePort at 0xb3600: (inactive)
[NodeStatusManager] Node 20 singlePort at 0xb3800: (inactive)
[NodeStatusManager] Node 21 singlePort at 0xb3a00: (inactive)
[NodeStatusManager] Node 22 singlePort at 0xb3c00: (inactive)
[NodeStatusManager] Node 23 singlePort at 0xb3e00: (inactive)
[NodeStatusManager] Node 24 singlePort at 0xb4000: (inactive)
[NodeStatusManager] Node 25 singlePort at 0xb4200: (inactive)
[NodeStatusManager] Node 26 singlePort at 0xb4400: (inactive)
[NodeStatusManager] Node 27 singlePort at 0xb4600: (inactive)
[NodeStatusManager] Node 28 singlePort at 0xb4800: (inactive)
[NodeStatusManager] Node 29 singlePort at 0xb4a00: (inactive)
[NodeStatusManager] Node 30 singlePort at 0xb4c00: (inactive)
[NodeStatusManager] Node 31 singlePort at 0xb4e00: (inactive)
[NodeStatusManager] Node 32 singlePort at 0xb5000: (inactive)
[NodeStatusManager] Node 33 singlePort at 0xb5200: (inactive)
[NodeStatusManager] Node 34 singlePort at 0xb5400: (inactive)
[NodeStatusManager] Node 35 singlePort at 0xb5600: (inactive)
[NodeStatusManager] Node 36 singlePort at 0xb5800: (inactive)
[NodeStatusManager] Node 37 singlePort at 0xb5a00: (inactive)
[NodeStatusManager] Node 38 singlePort at 0xb5c00: (inactive)
[NodeStatusManager] Node 39 singlePort at 0xb5e00: (inactive)
[NodeStatusManager] Node 40 singlePort at 0xb6000: (inactive)
[NodeStatusManager] Node 41 singlePort at 0xb6200: (inactive)
[NodeStatusManager] Node 42 singlePort at 0xb6400: (inactive)
[NodeStatusManager] Node 43 singlePort at 0xb6600: (inactive)
[NodeStatusManager] Node 44 singlePort at 0xb6800: (inactive)
[NodeStatusManager] Node 45 singlePort at 0xb6a00: (inactive)
[NodeStatusManager] Node 46 singlePort at 0xb6c00: (inactive)
[NodeStatusManager] Node 47 singlePort at 0xb6e00: (inactive)
[NodeStatusManager] Node 48 singlePort at 0xb7000: (inactive)
[NodeStatusManager] Node 49 singlePort at 0xb7200: (inactive)
[NodeStatusManager] Node 50 singlePort at 0xb7400: (inactive)
[NodeStatusManager] Node 51 singlePort at 0xb7600: (inactive)
[NodeStatusManager] Node 52 singlePort at 0xb7800: (inactive)
[NodeStatusManager] Node 53 singlePort at 0xb7a00: (inactive)
[NodeStatusManager] Node 54 singlePort at 0xb7c00: (inactive)
[NodeStatusManager] Node 55 singlePort at 0xb7e00: (inactive)
[NodeStatusManager] Node 56 singlePort at 0xb8000: (inactive)
[NodeStatusManager] Node 57 singlePort at 0xb8200: (inactive)
[NodeStatusManager] Node 58 singlePort at 0xb8400: (inactive)
[NodeStatusManager] Node 59 singlePort at 0xb8600: (inactive)
[NodeStatusManager] Node 60 singlePort at 0xb8800: (inactive)
[NodeStatusManager] Node 61 singlePort at 0xb8a00: (inactive)
[NodeStatusManager] Node 62 singlePort at 0xb8c00: (inactive)
[NodeStatusManager] Node 63 singlePort at 0xb8e00: (inactive)
[NodeStatusManager] Node 64 singlePort at 0xb9000: (inactive)
[NodeStatusManager] Node 65 singlePort at 0xb9200: (inactive)
[NodeStatusManager] Node 66 singlePort at 0xb9400: (inactive)
[NodeStatusManager] Node 67 singlePort at 0xb9600: (inactive)
[NodeStatusManager] Node 68 singlePort at 0xb9800: (inactive)
[NodeStatusManager] Node 69 singlePort at 0xb9a00: (inactive)
[NodeStatusManager] Node 70 singlePort at 0xb9c00: (inactive)
[NodeStatusManager] Node 71 singlePort at 0xb9e00: (inactive)
[NodeStatusManager] Node 72 singlePort at 0xba000: (inactive)
[NodeStatusManager] Node 73 singlePort at 0xba200: (inactive)
[NodeStatusManager] Node 74 singlePort at 0xba400: (inactive)
[NodeStatusManager] Node 75 singlePort at 0xba600: (inactive)
[NodeStatusManager] Node 76 singlePort at 0xba800: (inactive)
[NodeStatusManager] Node 77 singlePort at 0xbaa00: (inactive)
[NodeStatusManager] Node 78 singlePort at 0xbac00: (inactive)
[NodeStatusManager] Node 79 singlePort at 0xbae00: (inactive)
[NodeStatusManager] Node 80 singlePort at 0xbb000: (inactive)
[NodeStatusManager] Node 81 singlePort at 0xbb200: (inactive)
[NodeStatusManager] Node 82 singlePort at 0xbb400: (inactive)
[NodeStatusManager] Node 83 singlePort at 0xbb600: (inactive)
[NodeStatusManager] Node 84 singlePort at 0xbb800: (inactive)
[NodeStatusManager] Node 85 singlePort at 0xbba00: (inactive)
[NodeStatusManager] Node 86 singlePort at 0xbbc00: (inactive)
[NodeStatusManager] Node 87 singlePort at 0xbbe00: (inactive)
[NodeStatusManager] Node 88 singlePort at 0xbc000: (inactive)
[NodeStatusManager] Node 89 singlePort at 0xbc200: (inactive)
[NodeStatusManager] Node 90 singlePort at 0xbc400: (inactive)
[NodeStatusManager] Node 91 singlePort at 0xbc600: (inactive)
[NodeStatusManager] Node 92 singlePort at 0xbc800: (inactive)
[NodeStatusManager] Node 93 singlePort at 0xbca00: (inactive)
[NodeStatusManager] Node 94 singlePort at 0xbcc00: (inactive)
[NodeStatusManager] Node 95 singlePort at 0xbce00: (inactive)
[NodeStatusManager] Node 96 singlePort at 0xbd000: (inactive)
[NodeStatusManager] Node 97 singlePort at 0xbd200: (inactive)
[NodeStatusManager] Node 98 singlePort at 0xbd400: (inactive)
[NodeStatusManager] Node 99 singlePort at 0xbd600: (inactive)
[NodeStatusManager] Node 100 singlePort at 0xbd800: (inactive)
[NodeStatusManager] Node 101 singlePort at 0xbda00: (inactive)
[NodeStatusManager] Node 102 singlePort at 0xbdc00: (inactive)
[NodeStatusManager] Node 103 singlePort at 0xbde00: (inactive)
[NodeStatusManager] Node 104 singlePort at 0xbe000: (inactive)
[NodeStatusManager] Node 105 singlePort at 0xbe200: (inactive)
[NodeStatusManager] Node 106 singlePort at 0xbe400: (inactive)
[NodeStatusManager] Node 107 singlePort at 0xbe600: (inactive)
[NodeStatusManager] Node 108 singlePort at 0xbe800: (inactive)
[NodeStatusManager] Node 109 singlePort at 0xbea00: (inactive)
[NodeStatusManager] Node 110 singlePort at 0xbec00: (inactive)
[NodeStatusManager] Node 111 singlePort at 0xbee00: (inactive)
[NodeStatusManager] Node 112 singlePort at 0xbf000: (inactive)
[NodeStatusManager] Node 113 singlePort at 0xbf200: (inactive)
[NodeStatusManager] Node 114 singlePort at 0xbf400: (inactive)
[NodeStatusManager] Node 115 singlePort at 0xbf600: (inactive)
[NodeStatusManager] Node 116 singlePort at 0xbf800: (inactive)
[NodeStatusManager] Node 117 singlePort at 0xbfa00: (inactive)
[NodeStatusManager] Node 118 singlePort at 0xbfc00: (inactive)
[NodeStatusManager] Node 119 singlePort at 0xbfe00: (inactive)
[NodeStatusManager] Node 120 singlePort at 0xc0000: (inactive)
[NodeStatusManager] Node 121 singlePort at 0xc0200: (inactive)
[NodeStatusManager] Node 122 singlePort at 0xc0400: (inactive)
[NodeStatusManager] Node 123 singlePort at 0xc0600: (inactive)
[NodeStatusManager] Node 124 singlePort at 0xc0800: (inactive)
[NodeStatusManager] Node 125 singlePort at 0xc0a00: (inactive)
[NodeStatusManager] Node 126 singlePort at 0xc0c00: (inactive)
[NodeStatusManager] Node 127 singlePort at 0xc0e00: (inactive)
[NodeStatusManager] Node 128 singlePort at 0xc1000: (inactive)
[NodeStatusManager] Node 129 singlePort at 0xc1200: (inactive)
[NodeStatusManager] Node 130 singlePort at 0xc1400: (inactive)
[NodeStatusManager] Node 131 singlePort at 0xc1600: (inactive)
[NodeStatusManager] Node 132 singlePort at 0xc1800: (inactive)
[NodeStatusManager] Node 133 singlePort at 0xc1a00: (inactive)
[NodeStatusManager] Node 134 singlePort at 0xc1c00: (inactive)
[NodeStatusManager] Node 135 singlePort at 0xc1e00: (inactive)
[NodeStatusManager] Node 136 singlePort at 0xc2000: (inactive)
[NodeStatusManager] Node 137 singlePort at 0xc2200: (inactive)
[NodeStatusManager] Node 138 singlePort at 0xc2400: (inactive)
[NodeStatusManager] Node 139 singlePort at 0xc2600: (inactive)
[NodeStatusManager] Node 140 singlePort at 0xc2800: (inactive)
[NodeStatusManager] Node 141 singlePort at 0xc2a00: (inactive)
[NodeStatusManager] Node 142 singlePort at 0xc2c00: (inactive)
[NodeStatusManager] Node 143 singlePort at 0xc2e00: (inactive)
[NodeStatusManager] Node 144 singlePort at 0xc3000: (inactive)
[NodeStatusManager] Node 145 singlePort at 0xc3200: (inactive)
[NodeStatusManager] Node 146 singlePort at 0xc3400: (inactive)
[NodeStatusManager] Node 147 singlePort at 0xc3600: (inactive)
[NodeStatusManager] Node 148 singlePort at 0xc3800: (inactive)
[NodeStatusManager] Node 149 singlePort at 0xc3a00: (inactive)
[NodeStatusManager] Node 150 singlePort at 0xc3c00: (inactive)
[NodeStatusManager] Node 151 singlePort at 0xc3e00: (inactive)
[NodeStatusManager] Node 152 singlePort at 0xc4000: (inactive)
[NodeStatusManager] Node 153 singlePort at 0xc4200: (inactive)
[NodeStatusManager] Node 154 singlePort at 0xc4400: (inactive)
[NodeStatusManager] Node 155 singlePort at 0xc4600: (inactive)
[NodeStatusManager] Node 156 singlePort at 0xc4800: (inactive)
[NodeStatusManager] Node 157 singlePort at 0xc4a00: (inactive)
[NodeStatusManager] Node 158 singlePort at 0xc4c00: (inactive)
[NodeStatusManager] Node 159 singlePort at 0xc4e00: (inactive)
[NodeStatusManager] Node 160 singlePort at 0xc5000: (inactive)
[NodeStatusManager] Node 161 singlePort at 0xc5200: (inactive)
[NodeStatusManager] Node 162 singlePort at 0xc5400: (inactive)
[NodeStatusManager] Node 163 singlePort at 0xc5600: (inactive)
[NodeStatusManager] Node 164 singlePort at 0xc5800: (inactive)
[NodeStatusManager] Node 165 singlePort at 0xc5a00: (inactive)
[NodeStatusManager] Node 166 singlePort at 0xc5c00: (inactive)
[NodeStatusManager] Node 167 singlePort at 0xc5e00: (inactive)
[NodeStatusManager] Node 168 singlePort at 0xc6000: (inactive)
[NodeStatusManager] Node 169 singlePort at 0xc6200: (inactive)
[NodeStatusManager] Node 170 singlePort at 0xc6400: (inactive)
[NodeStatusManager] Node 171 singlePort at 0xc6600: (inactive)
[NodeStatusManager] Node 172 singlePort at 0xc6800: (inactive)
[NodeStatusManager] Node 173 singlePort at 0xc6a00: (inactive)
[NodeStatusManager] Node 174 singlePort at 0xc6c00: (inactive)
[NodeStatusManager] Node 175 singlePort at 0xc6e00: (inactive)
[NodeStatusManager] Node 176 singlePort at 0xc7000: (inactive)
[NodeStatusManager] Node 177 singlePort at 0xc7200: (inactive)
[NodeStatusManager] Node 178 singlePort at 0xc7400: (inactive)
[NodeStatusManager] Node 179 singlePort at 0xc7600: (inactive)
[NodeStatusManager] Node 180 singlePort at 0xc7800: (inactive)
[NodeStatusManager] Node 181 singlePort at 0xc7a00: (inactive)
[NodeStatusManager] Node 182 singlePort at 0xc7c00: (inactive)
[NodeStatusManager] Node 183 singlePort at 0xc7e00: (inactive)
[NodeStatusManager] Node 184 singlePort at 0xc8000: (inactive)
[NodeStatusManager] Node 185 singlePort at 0xc8200: (inactive)
[NodeStatusManager] Node 186 singlePort at 0xc8400: (inactive)
[NodeStatusManager] Node 187 singlePort at 0xc8600: (inactive)
[NodeStatusManager] Node 188 singlePort at 0xc8800: (inactive)
[NodeStatusManager] Node 189 singlePort at 0xc8a00: (inactive)
[NodeStatusManager] Node 190 singlePort at 0xc8c00: (inactive)
[NodeStatusManager] Node 191 singlePort at 0xc8e00: (inactive)
[NodeStatusManager] Node 192 singlePort at 0xc9000: (inactive)
[NodeStatusManager] Node 193 singlePort at 0xc9200: (inactive)
[NodeStatusManager] Node 194 singlePort at 0xc9400: (inactive)
[NodeStatusManager] Node 195 singlePort at 0xc9600: (inactive)
[NodeStatusManager] Node 196 singlePort at 0xc9800: (inactive)
[NodeStatusManager] Node 197 singlePort at 0xc9a00: (inactive)
[NodeStatusManager] Node 198 singlePort at 0xc9c00: (inactive)
[NodeStatusManager] Node 199 singlePort at 0xc9e00: (inactive)
[NodeStatusManager] Node 200 singlePort at 0xca000: (inactive)
[NodeStatusManager] Node 201 singlePort at 0xca200: (inactive)
[NodeStatusManager] Node 202 singlePort at 0xca400: (inactive)
[NodeStatusManager] Node 203 singlePort at 0xca600: (inactive)
[NodeStatusManager] Node 204 singlePort at 0xca800: (inactive)
[NodeStatusManager] Node 205 singlePort at 0xcaa00: (inactive)
[NodeStatusManager] Node 206 singlePort at 0xcac00: (inactive)
[NodeStatusManager] Node 207 singlePort at 0xcae00: (inactive)
[NodeStatusManager] Node 208 singlePort at 0xcb000: (inactive)
[NodeStatusManager] Node 209 singlePort at 0xcb200: (inactive)
[NodeStatusManager] Node 210 singlePort at 0xcb400: (inactive)
[NodeStatusManager] Node 211 singlePort at 0xcb600: (inactive)
[NodeStatusManager] Node 212 singlePort at 0xcb800: (inactive)
[NodeStatusManager] Node 213 singlePort at 0xcba00: (inactive)
[NodeStatusManager] Node 214 singlePort at 0xcbc00: (inactive)
[NodeStatusManager] Node 215 singlePort at 0xcbe00: (inactive)
[NodeStatusManager] Node 216 singlePort at 0xcc000: (inactive)
[NodeStatusManager] Node 217 singlePort at 0xcc200: (inactive)
[NodeStatusManager] Node 218 singlePort at 0xcc400: (inactive)
[NodeStatusManager] Node 219 singlePort at 0xcc600: (inactive)
[NodeStatusManager] Node 220 singlePort at 0xcc800: (inactive)
[NodeStatusManager] Node 221 singlePort at 0xcca00: (inactive)
[NodeStatusManager] Node 222 singlePort at 0xccc00: (inactive)
[NodeStatusManager] Node 223 singlePort at 0xcce00: (inactive)
[NodeStatusManager] Node 224 singlePort at 0xcd000: (inactive)
[NodeStatusManager] Node 225 singlePort at 0xcd200: (inactive)
[NodeStatusManager] Node 226 singlePort at 0xcd400: (inactive)
[NodeStatusManager] Node 227 singlePort at 0xcd600: (inactive)
[NodeStatusManager] Node 228 singlePort at 0xcd800: (inactive)
[NodeStatusManager] Node 229 singlePort at 0xcda00: (inactive)
[NodeStatusManager] Node 230 singlePort at 0xcdc00: (inactive)
[NodeStatusManager] Node 231 singlePort at 0xcde00: (inactive)
[NodeStatusManager] Node 232 singlePort at 0xce000: (inactive)
[NodeStatusManager] Node 233 singlePort at 0xce200: (inactive)
[NodeStatusManager] Node 234 singlePort at 0xce400: (inactive)
[NodeStatusManager] Node 235 singlePort at 0xce600: (inactive)
[NodeStatusManager] Node 236 singlePort at 0xce800: (inactive)
[NodeStatusManager] Node 237 singlePort at 0xcea00: (inactive)
[NodeStatusManager] Node 238 singlePort at 0xcec00: (inactive)
[NodeStatusManager] Node 239 singlePort at 0xcee00: (inactive)
[NodeStatusManager] Node 240 singlePort at 0xcf000: (inactive)
[NodeStatusManager] Node 241 singlePort at 0xcf200: (inactive)
[NodeStatusManager] Node 242 singlePort at 0xcf400: (inactive)
[NodeStatusManager] Node 243 singlePort at 0xcf600: (inactive)
[NodeStatusManager] Node 244 singlePort at 0xcf800: (inactive)
[NodeStatusManager] Node 245 singlePort at 0xcfa00: (inactive)
[NodeStatusManager] Node 246 singlePort at 0xcfc00: (inactive)
[NodeStatusManager] Node 247 singlePort at 0xcfe00: (inactive)
[NodeStatusManager] Node 248 singlePort at 0xd0000: (inactive)
[NodeStatusManager] Node 249 singlePort at 0xd0200: (inactive)
[NodeStatusManager] Node 250 singlePort at 0xd0400: (inactive)
[NodeStatusManager] Node 251 singlePort at 0xd0600: (inactive)
[NodeStatusManager] Node 252 singlePort at 0xd0800: (inactive)
[NodeStatusManager] Node 253 singlePort at 0xd0a00: (inactive)
[NodeStatusManager] Node 254 singlePort at 0xd0c00: (inactive)
[NodeStatusManager] Registering AEServer semaphores...
[NodeStatusManager] MultiPort at 0xb0000
[NodeStatusManager] Node status structures initialized and registered
[DoorLifecycleManager] NodeStatusManager initialized for WHO doors
[NodeStatusManager] Node 1 singlePort at 0xb1200: sysop
[NodeStatusManager] Updated node 1: sysop - ENV_DOORS
[DoorLifecycleManager] Node 1 updated: sysop from Server Room
[ExecLibrary] PutMsg: Calling Signal(task=0x5f00, mask=0x40000) sigBit=18 portName=Door Task Port
[ExecLibrary] Signal APPLIED: sigRecvd 0x0 -> 0x40000, sigWait=0x0, isWaiting=false
[MOIRA] Overclocking set to 100x
[MoiraEmulator] Overclocking set to 100x
[LibraryTraps] VERIFICATION: All 164 ILLEGAL instructions verified OK
[LibraryTraps] Synced 164 trap addresses to MOIRA for batch execution
[DoorLifecycleManager] FIRST INVALID PC DETECTED!
  Previous PC: 0x2008
  Instruction: movem.l D1-D6/A0-A6, -(A7)
  New PC: 0x7fece (OUT OF BOUNDS)
  Code region: 0x2008-0x45ac
  D0=0x0 D1=0x3000 D2=0x2
  A0=0xa0000 A1=0x45ac A2=0xf0100
  A3=0x5f00 A4=0x4608 A5=0x5e60 SP=0x5e1c
  This instruction caused the first jump outside code!
  Raw bytes: opcode=0x48e7 operand=0x7efe2448
[DoorLifecycleManager] DETECTED AEDoorPort via findPort at 0x103474 - updating XIMProtocol (hasXIM=true)
[XIMProtocol] setXimPortAddress: UPDATING port from 0x100000 to 0x103474
[ExecLibrary] CAPTURED actual AEDoorPort address: 0x103474 (port="AEDoorPort1")
[exec-vectors] OpenLibrary TRAP: name="dos.library" version=0
[LibraryLoader] Loading dos.library (version >= 0)
[LibraryLoader] ✅ dos.library is ROM-resident (using Kickstart ROM)
[LibraryLoader]   ROM libraries are native code in ROM, not loaded from disk
[LibraryTraps] Installing dos.library vectors at base 0xb0000
  [Open] Vector at 0xaffe2 (offset -30)
  [Close] Vector at 0xaffdc (offset -36)
  [Read] Vector at 0xaffd6 (offset -42)
  [Write] Vector at 0xaffd0 (offset -48)
  [Input] Vector at 0xaffca (offset -54)
  [Output] Vector at 0xaffc4 (offset -60)
  [Seek] Vector at 0xaffbe (offset -66)
  [FGetC] Vector at 0xafece (offset -306)
  [FPutC] Vector at 0xafec8 (offset -312)
  [UnGetC] Vector at 0xafec2 (offset -318)
  [FRead] Vector at 0xafebc (offset -324)
  [FWrite] Vector at 0xafeb6 (offset -330)
  [FGets] Vector at 0xafeb0 (offset -336)
  [FPuts] Vector at 0xafeaa (offset -342)
  [Flush] Vector at 0xafe98 (offset -360)
  [Lock] Vector at 0xaffac (offset -84)
  [UnLock] Vector at 0xaffa6 (offset -90)
  [DupLock] Vector at 0xaffa0 (offset -96)
  [Examine] Vector at 0xaff9a (offset -102)
  [ExNext] Vector at 0xaff94 (offset -108)
  [CreateDir] Vector at 0xaff88 (offset -120)
  [CurrentDir] Vector at 0xaff82 (offset -126)
  [IoErr] Vector at 0xaff7c (offset -132)
  [DateStamp] Vector at 0xaff40 (offset -192)
  [Delay] Vector at 0xaff3a (offset -198)
  [WaitForChar] Vector at 0xaff34 (offset -204)
  [Exit] Vector at 0xaff70 (offset -144)
  [NameFromLock] Vector at 0xafe6e (offset -402)
  [ReadArgs] Vector at 0xafce2 (offset -798)
  [FreeArgs] Vector at 0xafca6 (offset -858)
  [DosStub_-298] Vector at 0xafed6 (offset -298)
  [DateToStr] Vector at 0xafd18 (offset -744)
  [StrToDate] Vector at 0xafd12 (offset -750)
  [SelectInput] Vector at 0xaff28 (offset -216)
  [SelectOutput] Vector at 0xaff22 (offset -222)
  [AllocDosObject] Vector at 0xaff1c (offset -228)
  [FreeDosObject] Vector at 0xaff16 (offset -234)
  [OpenFromLock] Vector at 0xafe86 (offset -378)
  [DeleteFile] Vector at 0xaffb8 (offset -72)
  [Rename] Vector at 0xaffb2 (offset -78)
  [Info] Vector at 0xaff8e (offset -114)
  [SetComment] Vector at 0xaff58 (offset -168)
  [SetProtection] Vector at 0xaff52 (offset -174)
  [AddPart] Vector at 0xafed4 (offset -300)
  [FilePart] Vector at 0xafee0 (offset -288)
  [PathPart] Vector at 0xafeda (offset -294)
  [CreateProc] Vector at 0xaff76 (offset -138)
  [LoadSeg] Vector at 0xaff6a (offset -150)
  [UnLoadSeg] Vector at 0xaff64 (offset -156)
  [DeviceProc] Vector at 0xaff5e (offset -162)
  [WaitForChar_180] Vector at 0xaff4c (offset -180)
  [VPrintf] Vector at 0xafef8 (offset -264)
  [Fault] Vector at 0xafe7a (offset -390)
  [PrintFault] Vector at 0xafe74 (offset -396)
  [Cli] Vector at 0xafe14 (offset -492)
  [FGetC_516] Vector at 0xafdfc (offset -516)
  [FPutC_522] Vector at 0xafdf6 (offset -522)
  [FRead_534] Vector at 0xafdea (offset -534)
  [FWrite_540] Vector at 0xafde4 (offset -540)
  [FGets_546] Vector at 0xafdde (offset -546)
  [FPuts_552] Vector at 0xafdd8 (offset -552)
  [VFPrintf] Vector at 0xafdcc (offset -564)
  [ReadArgs_804] Vector at 0xafcdc (offset -804)
  [FreeArgs_810] Vector at 0xafcd6 (offset -810)
[LibraryTraps] Installed 64 dos.library vectors
[exec-vectors] OpenLibrary TRAP result: 0xb0000
[COMMAND-HANDLER-ENTRY] COMMAND EVENT FIRED! DWtVnknAc9ZxeTv3AAAB
=== COMMAND RECEIVED [v2024-FIXED] ===
Raw data: "\r" length: 1 charCode: 13
[socket-handlers] checkPauseHandler active: false, flagPauseHandler active: false
Session state: loggedon subState: door_running
Input buffer: ""
🎯 ENTER KEY DETECTED!
🎯 Current subState: door_running
🎯 Is POST_MESSAGE_SUBJECT? false
🎯 Input buffer contents: ""
[socket-handlers] About to check door - data="" (len=1), inDoor=true, subState=door_running
[socket-handlers] ABOUT TO CALL doorInputHandler with: "" (length=1, charCode=13)
[executeAmigaDoor] doorInputHandler received: "" (len=1) hasXIM=true
[executeAmigaDoor] Call stack:     at Object.session.doorInputHandler (/Users/spot/Code/amiexpress-web/web/backend/src/handlers/door.handler.ts:2307:47)
    at Socket.<anonymous> (/Users/spot/Code/amiexpress-web/web/backend/src/server/socket-handlers.ts:672:17)
    at Socket.emit (node:events:508:28)
    at Socket.emitUntyped (/Users/spot/Code/amiexpress-web/web/backend/node_modules/socket.io/dist/typed-events.js:69:22)
[XIMProtocol] shouldInjectNativeInput: registered=false waiting=false isNative=false usedXimInput=false doorPort=0x103474
[exec-vectors] AllocMem TRAP: size=12 (0xc) flags=0x10001
[exec-vectors] AllocMem TRAP result: 0x1034d8
[FileManager] Open: "*" mode=1005
[FileManager] Console device, returning stdout BPTR=0x5000b
[exec-vectors] AllocMem TRAP: size=264 (0x108) flags=0x10001
[exec-vectors] AllocMem TRAP result: 0x1034e4
[exec-vectors] AllocMem TRAP: size=34 (0x22) flags=0x10001
[exec-vectors] AllocMem TRAP result: 0x1035ec
[exec-vectors] FindTask TRAP: name="(null - current task)"
[exec-vectors] FindTask TRAP result: 0x5f00
[XIMMessageParser] Parsed jhMessage:
  Address: 0x1034e4
  Length: 264 (layout=long)
  Reply Port: 0x1035ec
  Command: 1 (JH_REGISTER)
  Data: 2 (0x2)
  Node: 4294967295, Line: 0
  Signal: 0, Task: 0x0
  Semi: 0x0
  Filler1: 0x0, Filler2: 0x0
  StrPtr: 0x0, Filler3: 0x0
  String: ""
[XIMProtocol] handleMessage: cmd=1 (JH_REGISTER) usedXimInput=false string=""
[XIMLogger] NOT writing to JSON: jsonEnabled=false logStream=false type=JH_REGISTER
[XIMMessageParser] Parsed jhMessage:
  Address: 0x1034e4
  Length: 264 (layout=long)
  Reply Port: 0x1035ec
  Command: 1 (JH_REGISTER)
  Data: 2 (0x2)
  Node: 1, Line: 0
  Signal: 0, Task: 0x0
  Semi: 0x0
  Filler1: 0x0, Filler2: 0x0
  StrPtr: 0x0, Filler3: 0x0
  String: ""
[XIMMessageParser] writeCommand: msgAddr=0x1034e4 offset=224 value=23 (0x17) layout=long
[XIMMessageParser] Parsed jhMessage:
  Address: 0x1034e4
  Length: 264 (layout=long)
  Reply Port: 0x1035ec
  Command: 23 (Unknown (23))
  Data: 2 (0x2)
  Node: 1, Line: 0
  Signal: 0, Task: 0x0
  Semi: 0x0
  Filler1: 0x0, Filler2: 0x0
  StrPtr: 0x0, Filler3: 0x0
  String: ""
[XIMLogger] NOT writing to JSON: jsonEnabled=false logStream=false type=JH_REGISTER_REPLY
[ExecLibrary] autoRegisterPort: name="" sigTask=0x5f00 currentTask=0x5f00 sigBit=16
[ExecLibrary] replyMsg: Putting message 0x1034e4 to replyPort 0x1035ec
[ExecLibrary] PutMsg: Calling Signal(task=0x5f00, mask=0x10000) sigBit=16 portName=
[ExecLibrary] Signal APPLIED: sigRecvd 0x40000 -> 0x50000, sigWait=0x0, isWaiting=false
[ExecLibrary] replyMsg: Message delivered to replyPort
[DoorLifecycleManager] doorMessageCallback: Message handled for cmd=1 (XIM handler replied)
[ExecLibrary][Trap][Wait] signalMask=0x10000
[ExecLibrary][Trap][Wait] returned 0x10000
[ExecLibrary][Trap][GetMsg] port=0x1035ec name=undefined
[ExecLibrary][GetMsg] Door received message:
  ln_Type=6 (6=NT_REPLYMSG)
  Command=23 (at 0xE0)
  Data=2 (at 0xDC)
  String="" (at 0x14)
[exec-vectors] AllocMem TRAP: size=4116 (0x1014) flags=0x0
[exec-vectors] AllocMem TRAP result: 0x103610
[BatchScheduler] Generating QuickNew from config: /Users/spot/Code/amiexpress-web/Doors/quicknew/quicknew.config1 (raw: doors:quicknew/quicknew.config1), days: 7, output: /Users/spot/Code/amiexpress-web/screens/quicknew.txt
[QuickNew] Parsed 3 sections from config
[FileAreas] Loaded 2 file areas from 1 conferences
[FileAreas] Loaded 2 file areas from 1 conferences
[QuickNew] Wrote output to /Users/spot/Code/amiexpress-web/screens/quicknew.txt
[BatchScheduler] QuickNew generated successfully
[BatchScheduler] Generating MultiTop from design: /Users/spot/Code/amiexpress-web/Doors/multitop/designs/mtopulbytes1.dsg (raw: doors:multitop/designs/mtopulbytes1.dsg), output: /Users/spot/Code/amiexpress-web/bulletins/bull1.txt, ignoreSysop: true
[MultiTop] Generating from design: /Users/spot/Code/amiexpress-web/Doors/multitop/designs/mtopulbytes1.dsg
[MultiTop] Sort field: UPLOADEDBYTES
[MultiTop] Found 2 users
[MultiTop] Wrote output to /Users/spot/Code/amiexpress-web/bulletins/bull1.txt
[BatchScheduler] MultiTop generated successfully
[BatchScheduler] Generating MultiTop from design: /Users/spot/Code/amiexpress-web/Doors/multitop/designs/mtopdlbytes1.dsg (raw: doors:multitop/designs/mtopdlbytes1.dsg), output: /Users/spot/Code/amiexpress-web/bulletins/bull2.txt, ignoreSysop: true
[MultiTop] Generating from design: /Users/spot/Code/amiexpress-web/Doors/multitop/designs/mtopdlbytes1.dsg
[MultiTop] Sort field: DOWNLOADEDBYTES
[MultiTop] Found 2 users
[MultiTop] Wrote output to /Users/spot/Code/amiexpress-web/bulletins/bull2.txt
[BatchScheduler] MultiTop generated successfully
[BatchScheduler] Generating MultiTop from design: /Users/spot/Code/amiexpress-web/Doors/multitop/designs/mtopmsgs1.dsg (raw: doors:multitop/designs/mtopmsgs1.dsg), output: /Users/spot/Code/amiexpress-web/bulletins/bull3.txt, ignoreSysop: true
[MultiTop] Generating from design: /Users/spot/Code/amiexpress-web/Doors/multitop/designs/mtopmsgs1.dsg
[MultiTop] Sort field: MESSAGES
[MultiTop] Found 2 users
[MultiTop] Wrote output to /Users/spot/Code/amiexpress-web/bulletins/bull3.txt
[BatchScheduler] MultiTop generated successfully
[BatchScheduler] Generating MultiTop from design: /Users/spot/Code/amiexpress-web/Doors/multitop/designs/mtopulcps1.dsg (raw: doors:multitop/designs/mtopulcps1.dsg), output: /Users/spot/Code/amiexpress-web/bulletins/bull4.txt, ignoreSysop: true
[MultiTop] Generating from design: /Users/spot/Code/amiexpress-web/Doors/multitop/designs/mtopulcps1.dsg
[MultiTop] Sort field: UPLOADEDBYTES
[MultiTop] Found 2 users
[MultiTop] Wrote output to /Users/spot/Code/amiexpress-web/bulletins/bull4.txt
[BatchScheduler] MultiTop generated successfully
[BatchScheduler] Generating MultiTop from design: /Users/spot/Code/amiexpress-web/Doors/multitop/designs/mtopdlcps1.dsg (raw: doors:multitop/designs/mtopdlcps1.dsg), output: /Users/spot/Code/amiexpress-web/bulletins/bull5.txt, ignoreSysop: true
[MultiTop] Generating from design: /Users/spot/Code/amiexpress-web/Doors/multitop/designs/mtopdlcps1.dsg
[MultiTop] Sort field: UPLOADEDBYTES
[MultiTop] Found 2 users
[MultiTop] Wrote output to /Users/spot/Code/amiexpress-web/bulletins/bull5.txt
[BatchScheduler] MultiTop generated successfully
[COMMAND-HANDLER-ENTRY] COMMAND EVENT FIRED! DWtVnknAc9ZxeTv3AAAB
=== COMMAND RECEIVED [v2024-FIXED] ===
Raw data: "\r" length: 1 charCode: 13
[socket-handlers] checkPauseHandler active: false, flagPauseHandler active: false
Session state: loggedon subState: door_running
Input buffer: ""
🎯 ENTER KEY DETECTED!
🎯 Current subState: door_running
🎯 Is POST_MESSAGE_SUBJECT? false
🎯 Input buffer contents: ""
[socket-handlers] About to check door - data="" (len=1), inDoor=true, subState=door_running
[socket-handlers] ABOUT TO CALL doorInputHandler with: "" (length=1, charCode=13)
[executeAmigaDoor] doorInputHandler received: "" (len=1) hasXIM=true
[executeAmigaDoor] Call stack:     at Object.session.doorInputHandler (/Users/spot/Code/amiexpress-web/web/backend/src/handlers/door.handler.ts:2307:47)
    at Socket.<anonymous> (/Users/spot/Code/amiexpress-web/web/backend/src/server/socket-handlers.ts:672:17)
    at Socket.emit (node:events:508:28)
    at Socket.emitUntyped (/Users/spot/Code/amiexpress-web/web/backend/node_modules/socket.io/dist/typed-events.js:69:22)
[XIMProtocol] shouldInjectNativeInput: registered=true waiting=false isNative=false usedXimInput=false doorPort=0x103474
[executeAmigaDoor] Native door detected - injecting input via PutMsg
[XIMProtocol] injectInputToNativeDoor CALLED with '' (0xd) registered=true doorPort=0x103474
[XIMProtocol] Injecting input '' (0xd) to AEDoorPort 0x103474
[XIMLogger] NOT writing to JSON: jsonEnabled=false logStream=false type=JH_HK
[XIMProtocol] Injecting to port 0x1035ec (doorReplyPort=0x1035ec, doorPort=0x103474)
[ExecLibrary] PutMsg: Calling Signal(task=0x5f00, mask=0x10000) sigBit=16 portName=
[ExecLibrary] Signal APPLIED: sigRecvd 0x40000 -> 0x50000, sigWait=0x0, isWaiting=false
[exec-vectors] OpenLibrary TRAP: name="icon.library" version=0
[LibraryLoader] Loading icon.library (version >= 0)
[LibraryLoader] ✅ icon.library is ROM-resident (using Kickstart ROM)
[LibraryLoader]   ROM libraries are native code in ROM, not loaded from disk
[LibraryTraps] Installing icon.library vectors at base 0xd0000
  [GetDiskObject] Vector at 0xcffe2 (offset -30) [VERIFIED: 0x4afc]
  [PutDiskObject] Vector at 0xcffdc (offset -36) [VERIFIED: 0x4afc]
  [FreeDiskObject] Vector at 0xcffd6 (offset -42) [VERIFIED: 0x4afc]
  [FindToolType] Vector at 0xcffd0 (offset -48) [VERIFIED: 0x4afc]
  [MatchToolValue] Vector at 0xcffca (offset -54) [VERIFIED: 0x4afc]
[LibraryTraps] *** icon.library GetDiskObject at 0xcffe2 contains: 0x4afc (should be 0x4AFC) ***
[LibraryTraps] *** icon.library FULLY OPERATIONAL - ALL traps installed and ready ***
[LibraryTraps] Installed 5 icon.library vectors
[exec-vectors] OpenLibrary TRAP result: 0xd0000
[DebugMonitor] A6 change pc=0xcffca newA6=0xd0000 allowed=false sp=0x5dd8 stack=[SP+0=0x450c SP+4=0x4dc0 SP+8=0x1034e1 SP+12=0x103624 SP+16=0x80000] lastPCs=[0x23b0,0x7fe8c,0x23b8,0x7ff3a,0x3460,0x7fdd8,0x44fe,0xcffca]
[icon.library] MatchToolValue(A0=0x4cac, A1=0x4bf4)
[icon.library]   typeString="dOORS:dRE/dRE!WAll/dRE!WAll", value="icon.library"
[icon.library]   Detected file path - loading icon (isAmigaDevicePath=true, value="icon.library")
[icon.library]   Loading icon from: /Users/spot/Code/amiexpress-web/Doors/dRE/dRE!WAll/dRE!WAll.info
[icon.library]       Tooltype[0] at 0x60200: "UUUUUP"
[icon.library]       Tooltype[1] at 0x60207: "UUUUUP"
[icon.library]       Tooltype[2] at 0x6020e: "UUUUUP"
[icon.library]       Tooltype[3] at 0x60215: "UUUUUP"
[icon.library]       Tooltype[4] at 0x6021c: "UUUUUP"
[icon.library]       Tooltype[5] at 0x60223: "UP"
[icon.library]       Tooltype[6] at 0x60226: "UP"
[icon.library]       Tooltype[7] at 0x60229: "UP"
[icon.library]       Tooltype[8] at 0x6022c: "AP"
[icon.library]       Tooltype[9] at 0x6022f: "PP"
[icon.library]       Tooltype[10] at 0x60232: "UP"
[icon.library]       Tooltype[11] at 0x60235: "UTP"
[icon.library]       Tooltype[12] at 0x60239: "UT"
[icon.library]       Tooltype[13] at 0x6023c: "UUP"
[icon.library]       Tooltype[14] at 0x60240: "UT"
[icon.library]       Tooltype[15] at 0x60243: "UUP"
[icon.library]       Tooltype[16] at 0x60247: "UT"
[icon.library]       Tooltype[17] at 0x6024a: "UUP"
[icon.library]       Tooltype[18] at 0x6024e: "UT"
[icon.library]       Tooltype[19] at 0x60251: "UUP"
[icon.library]       Tooltype[20] at 0x60255: "UUUUUP"
[icon.library]       Tooltype[21] at 0x6025c: "STYLES=2"
[icon.library]       Tooltype[22] at 0x60265: "FORM"
[icon.library]       Tooltype[23] at 0x6026a: "ICONFACE"
[icon.library]     ToolTypes array at 0x60100, 24 entries
[icon.library]   Created DiskObject at 0x60000 with 24 tooltypes
[icon.library] FindToolType(0x60100, "STYLES")
[icon.library]   Found "STYLES" -> value "2" at 0x60263
[icon.library]   Memory at 0x60263: [32 00] = "2"
[icon.library]   D0 set to 0x60263 (expected 0x60263)
[icon.library] FindToolType(0x60100, "COLORS")
[icon.library]   Tooltype "COLORS" not found after 24 entries
[icon.library] FindToolType(0x60100, "ANONYMOUS")
[icon.library]   Tooltype "ANONYMOUS" not found after 24 entries
[icon.library] MatchToolValue(A0=0x60000, A1=0x4c12)
[icon.library]   typeString="ã", value="ANONYMOUS"
[icon.library]   No match found
[exec-vectors] FindTask TRAP: name="(null - current task)"
[exec-vectors] FindTask TRAP result: 0x5f00
[BatchScheduler] Running GLCUpdater for Sanctuary, log: /Users/spot/Code/amiexpress-web/Node3/CallersLog
[GLCUpdater] Processed 0 entries, sent 0 to server
[BatchScheduler] GLCUpdater completed
[BatchScheduler] Running TypeScript SAmiLog
[LibraryTraps][LockTrace] sp=0x5d8c spAfter=0x5d90 returnAddr=0x3510 opcode=0x97cb a4=0x4608 a5=0x3084 a6=0xb0000 aedoorBase=0x200000 bytes=97 cb 4a 80 67 00 00 ba 22 00 4e ae ff 82 2e 00
[PathManager] Mapped assign root: "ENV:" => "/tmp/ram/ENV/"
[LibraryTraps][LockTrace] after handler sp=0x5d90 returnAddr=0x3510 a4=0x4608 a5=0x3084 a6=0xb0000
[LibraryTraps][LockTrace] sp=0x5d8c spAfter=0x5d90 returnAddr=0x3526 opcode=0x2c00 a4=0x4608 a5=0x3084 a6=0xb0000 aedoorBase=0x200000 bytes=2c 00 67 00 00 9a 7a 7f da 85 70 41 e5 88 61 00
[PathManager] Mapped: "PROGDIR:/TZ" => "/Users/spot/Code/amiexpress-web/doors/dRE/dRE!WAll/TZ"
[LibraryTraps][LockTrace] after handler sp=0x5d90 returnAddr=0x3526 a4=0x4608 a5=0x3084 a6=0xb0000
[FileManager] Open: "dOORS:dRE/dRE!WAll/dRE!WAll.dAtA" mode=1005
[PathManager] Mapped (case-insensitive): "dOORS:dRE/dRE!WAll/dRE!WAll.dAtA" => "/Users/spot/Code/amiexpress-web/Doors/dRE/dRE!WAll/dRE!WAll.dAtA"
[FileManager] Open: "dOORS:dRE/dRE!WAll/dRE!WAll.dAtA" -> "/Users/spot/Code/amiexpress-web/Doors/dRE/dRE!WAll/dRE!WAll.dAtA" (EXISTS)
[PathManager] Mapped (case-insensitive): "dOORS:dRE/dRE!WAll/dRE!WAll.dAtA" => "/Users/spot/Code/amiexpress-web/Doors/dRE/dRE!WAll/dRE!WAll.dAtA"
[FileManager] Opened file: [FH:'dRE!WAll.dAtA'(ami='dOORS:dRE/dRE!WAll/dRE!WAll.dAtA',sys='/Users/spot/Code/amiexpress-web/Doors/dRE/dRE!WAll/dRE!WAll.dAtA',nc=true)@0x0=B@0x3]
[BatchScheduler] SAmiLog bulletin written to BBS:Bulletins/bull6.txt
[BatchScheduler] Generating QuickNew from config: /Users/spot/Code/amiexpress-web/Doors/quicknew/quicknew.config (raw: doors:quicknew/quicknew.config), days: 14, output: /Users/spot/Code/amiexpress-web/screens/quicknew2.txt
[QuickNew] Parsed 1 sections from config
[QuickNew] Wrote output to /Users/spot/Code/amiexpress-web/screens/quicknew2.txt
[BatchScheduler] QuickNew generated successfully
[FileManager] Read BPTR=3 file="dOORS:dRE/dRE!WAll/dRE!WAll.dAtA" len=100
[FileManager]   Hex: 6b 6f 6b 6b 69 6b 6c 68 73 00 20 00 08 50 20 00 08 4c 20 00 08 50 20 00 08 4c 20 00 00 50 20 48 65 6c 6c 6f 20 66 72 6f 6d 20 41 74 68 65 6e 73 20 61 6e 64 20 74 68 61 6e 6b 73 20 66 6f 72 20 74 68 65 20 6e 69 63 65 20 73 74 75 66 66 21 21 21 00 20 00 08 50 20 00 08 50 20 00 00 00 20 00 00 00 00 00
[FileManager]   ASCII: kokkiklhs. ..P ..L ..P ..L ..P Hello from Athens and thanks for the nice stuff!!!. ..P ..P ... .....
[DEBUG READ 100-byte file] Returned 100 bytes to bufferAddr=0x10368c
[DEBUG READ] First 64 bytes HEX: 6b 6f 6b 6b 69 6b 6c 68 73 00 20 00 08 50 20 00 08 4c 20 00 08 50 20 00 08 4c 20 00 00 50 20 48 65 6c 6c 6f 20 66 72 6f 6d 20 41 74 68 65 6e 73 20 61 6e 64 20 74 68 61 6e 6b 73 20 66 6f 72 20
[DEBUG READ] First 64 bytes ASCII: "kokkiklhs. ..P ..L ..P ..L ..P Hello from Athens and thanks for "
[exec-vectors] OpenLibrary TRAP: name="" version=100
[LibraryLoader] Loading  (version >= 100)
[LibraryLoader] Found library: /Users/spot/Code/amiexpress-web/Libs
❌ [LibraryLoader] Failed to load : Error: EISDIR: illegal operation on a directory, read
    at Object.readSync (node:fs:739:18)
    at tryReadSync (node:fs:416:20)
    at Object.readFileSync (node:fs:470:19)
    at Object.readFileSync (/Users/spot/Code/amiexpress-web/web/backend/src/utils/amigafs.ts:110:13)
    at LibraryLoader.loadLibrary (/Users/spot/Code/amiexpress-web/web/backend/src/amiga-emulation/loader/LibraryLoader.ts:177:35)
    at ExecLibrary.openLibraryHybrid (/Users/spot/Code/amiexpress-web/web/backend/src/amiga-emulation/api/ExecLibrary.ts:849:46)
    at ExecLibrary.openLibrary (/Users/spot/Code/amiexpress-web/web/backend/src/amiga-emulation/api/ExecLibrary.ts:2084:25)
    at Object.handler (/Users/spot/Code/amiexpress-web/web/backend/src/amiga-emulation/api/library-vectors/exec-vectors.ts:33:26)
    at LibraryTraps.handleTrap (/Users/spot/Code/amiexpress-web/web/backend/src/amiga-emulation/api/LibraryTraps.ts:1444:28)
    at DoorLifecycleManager.checkAndHandleLibraryTrap (/Users/spot/Code/amiexpress-web/web/backend/src/amiga-emulation/session/DoorLifecycleManager.ts:1482:39) {
  errno: -21,
  code: 'EISDIR',
  syscall: 'read'
}
[exec-vectors] OpenLibrary TRAP result: 0x1e8000
[XIMMessageParser] Parsed jhMessage:
  Address: 0x1034e4
  Length: 264 (layout=long)
  Reply Port: 0x1035ec
  Command: 3 (JH_WRITE)
  Data: 0 (0x0)
  Node: 1, Line: 0
  Signal: 0, Task: 0x0
  Semi: 0x0
  Filler1: 0x0, Filler2: 0x0
  StrPtr: 0x0, Filler3: 0x0
  String: "
"
[XIMProtocol] handleMessage: cmd=3 (JH_WRITE) usedXimInput=false string="
"
[XIMLogger] NOT writing to JSON: jsonEnabled=false logStream=false type=JH_WRITE
[XIMLogger] NOT writing to JSON: jsonEnabled=false logStream=false type=JH_WRITE_REPLY
[ExecLibrary] replyMsg: Putting message 0x1034e4 to replyPort 0x1035ec
[ExecLibrary] PutMsg: Calling Signal(task=0x5f00, mask=0x10000) sigBit=16 portName=
[ExecLibrary] Signal APPLIED: sigRecvd 0x50000 -> 0x50000, sigWait=0x0, isWaiting=false
[ExecLibrary] replyMsg: Message delivered to replyPort
[ExecLibrary] replyMsg: Putting message 0x1034e4 to replyPort 0x1035ec
[ExecLibrary] PutMsg: Calling Signal(task=0x5f00, mask=0x10000) sigBit=16 portName=
[ExecLibrary] Signal APPLIED: sigRecvd 0x50000 -> 0x50000, sigWait=0x0, isWaiting=false
[ExecLibrary] replyMsg: Message delivered to replyPort
[DoorLifecycleManager] doorMessageCallback: Message handled for cmd=3 (XIM handler replied)
[ExecLibrary][Trap][WaitPort] port=0x1035ec name=undefined
[ExecLibrary][Trap][GetMsg] port=0x1035ec name=undefined
[ExecLibrary][GetMsg] Door received message:
  ln_Type=5 (6=NT_REPLYMSG)
  Command=6 (at 0xE0)
  Data=13 (at 0xDC)
  String="" (at 0x14)
[XIMMessageParser] Parsed jhMessage:
  Address: 0x1034e4
  Length: 264 (layout=long)
  Reply Port: 0x1035ec
  Command: 8 (JH_SF (Show File))
  Data: 0 (0x0)
  Node: 1, Line: 0
  Signal: 0, Task: 0x0
  Semi: 0x0
  Filler1: 0x0, Filler2: 0x0
  StrPtr: 0x0, Filler3: 0x0
  String: "dOORS:dRE/dRE!WAll/dRE!WAll.StYlE.1"
[XIMProtocol] handleMessage: cmd=8 (JH_SF (Show File)) usedXimInput=false string="dOORS:dRE/dRE!WAll/dRE!WAll.StYlE.1"
[XIMLogger] NOT writing to JSON: jsonEnabled=false logStream=false type=JH_SF (Show File)
[ExecLibrary][Trap][WaitPort] port=0x1035ec name=undefined
[ExecLibrary][Trap][GetMsg] port=0x1035ec name=undefined
[ExecLibrary][GetMsg] Door received message:
  ln_Type=6 (6=NT_REPLYMSG)
  Command=8 (at 0xE0)
  Data=0 (at 0xDC)
  String="dOORS:dRE/dRE!WAll/dRE!WAll.StYl" (at 0x14)
[XIMMessageParser] Parsed jhMessage:
  Address: 0x1034e4
  Length: 264 (layout=long)
  Reply Port: 0x1035ec
  Command: 3 (JH_WRITE)
  Data: 0 (0x0)
  Node: 1, Line: 0
  Signal: 0, Task: 0x0
  Semi: 0x0
  Filler1: 0x0, Filler2: 0x0
  StrPtr: 0x0, Filler3: 0x0
  String: "[0 p"
[XIMProtocol] handleMessage: cmd=3 (JH_WRITE) usedXimInput=false string="[0 p"
[XIMLogger] NOT writing to JSON: jsonEnabled=false logStream=false type=JH_WRITE
[XIM-DEBUG] Filtering Amiga cursor codes: ["[0 p"]
[XIMLogger] NOT writing to JSON: jsonEnabled=false logStream=false type=JH_WRITE_REPLY
[ExecLibrary] replyMsg: Putting message 0x1034e4 to replyPort 0x1035ec
[ExecLibrary] PutMsg: Calling Signal(task=0x5f00, mask=0x10000) sigBit=16 portName=
[ExecLibrary] Signal APPLIED: sigRecvd 0x50000 -> 0x50000, sigWait=0x0, isWaiting=false
[ExecLibrary] replyMsg: Message delivered to replyPort
[ExecLibrary] replyMsg: Putting message 0x1034e4 to replyPort 0x1035ec
[ExecLibrary] PutMsg: Calling Signal(task=0x5f00, mask=0x10000) sigBit=16 portName=
[ExecLibrary] Signal APPLIED: sigRecvd 0x50000 -> 0x50000, sigWait=0x0, isWaiting=false
[ExecLibrary] replyMsg: Message delivered to replyPort
[DoorLifecycleManager] doorMessageCallback: Message handled for cmd=3 (XIM handler replied)
[SCREEN] [MCI] ========== PROCESSING MCI CODES ==========
[SCREEN] [MCI] Content length: 304
[SCREEN] [MCI] Looking for ~XC_ and ~XI codes...
[DEBUG:MCI:DEBUG] Parsing MCI codes (304 bytes) 
[SCREEN] [MCI] Total commands to execute: 0
[ExecLibrary][Trap][WaitPort] port=0x1035ec name=undefined
[ExecLibrary][Trap][GetMsg] port=0x1035ec name=undefined
[ExecLibrary][GetMsg] Door received message:
  ln_Type=6 (6=NT_REPLYMSG)
  Command=3 (at 0xE0)
  Data=0 (at 0xDC)
  String="[0 p" (at 0x14)
[SCREEN] [MCI DEBUG] Looking for ~SS_ codes in: [0m.----------.----------.----------.----------.----------.----------.----------.
| [31mDre!Wall[0m | [32mDre!Wall[0m | [33mDre!Wall[0m | [34mDre!Wall[0m | [35mDre!Wall[0m | [36mDre!Wall[
[SCREEN] [MCI DEBUG] Total ~SS_ MCI codes found in screen: 0
[XIMLogger] NOT writing to JSON: jsonEnabled=false logStream=false type=JH_SF (Show File)_REPLY
[ExecLibrary] replyMsg: Putting message 0x1034e4 to replyPort 0x1035ec
[ExecLibrary] PutMsg: Calling Signal(task=0x5f00, mask=0x10000) sigBit=16 portName=
[ExecLibrary] Signal APPLIED: sigRecvd 0x50000 -> 0x50000, sigWait=0x0, isWaiting=false
[ExecLibrary] replyMsg: Message delivered to replyPort
[DoorLifecycleManager] doorMessageCallback: Message handled for cmd=8 (XIM handler replied)
[XIMMessageParser] Parsed jhMessage:
  Address: 0x1034e4
  Length: 264 (layout=long)
  Reply Port: 0x1035ec
  Command: 3 (JH_WRITE)
  Data: 0 (0x0)
  Node: 1, Line: 0
  Signal: 0, Task: 0x0
  Semi: 0x0
  Filler1: 0x0, Filler2: 0x0
  StrPtr: 0x0, Filler3: 0x0
  String: "[1 p"
[XIMProtocol] handleMessage: cmd=3 (JH_WRITE) usedXimInput=false string="[1 p"
[XIMLogger] NOT writing to JSON: jsonEnabled=false logStream=false type=JH_WRITE
[XIM-DEBUG] Filtering Amiga cursor codes: ["[1 p"]
[XIMLogger] NOT writing to JSON: jsonEnabled=false logStream=false type=JH_WRITE_REPLY
[ExecLibrary] replyMsg: Putting message 0x1034e4 to replyPort 0x1035ec
[ExecLibrary] PutMsg: Calling Signal(task=0x5f00, mask=0x10000) sigBit=16 portName=
[ExecLibrary] Signal APPLIED: sigRecvd 0x50000 -> 0x50000, sigWait=0x0, isWaiting=false
[ExecLibrary] replyMsg: Message delivered to replyPort
[ExecLibrary] replyMsg: Putting message 0x1034e4 to replyPort 0x1035ec
[ExecLibrary] PutMsg: Calling Signal(task=0x5f00, mask=0x10000) sigBit=16 portName=
[ExecLibrary] Signal APPLIED: sigRecvd 0x50000 -> 0x50000, sigWait=0x0, isWaiting=false
[ExecLibrary] replyMsg: Message delivered to replyPort
[DoorLifecycleManager] doorMessageCallback: Message handled for cmd=3 (XIM handler replied)
[ExecLibrary][Trap][WaitPort] port=0x1035ec name=undefined
[ExecLibrary][Trap][GetMsg] port=0x1035ec name=undefined
[ExecLibrary][GetMsg] Door received message:
  ln_Type=6 (6=NT_REPLYMSG)
  Command=3 (at 0xE0)
  Data=0 (at 0xDC)
  String="[1 p" (at 0x14)
[XIMMessageParser] Parsed jhMessage:
  Address: 0x1034e4
  Length: 264 (layout=long)
  Reply Port: 0x1035ec
  Command: 3 (JH_WRITE)
  Data: 0 (0x0)
  Node: 1, Line: 0
  Signal: 0, Task: 0x0
  Semi: 0x0
  Filler1: 0x0, Filler2: 0x0
  StrPtr: 0x0, Filler3: 0x0
  String: "
"
[XIMProtocol] handleMessage: cmd=3 (JH_WRITE) usedXimInput=false string="
"
[XIMLogger] NOT writing to JSON: jsonEnabled=false logStream=false type=JH_WRITE
[XIMLogger] NOT writing to JSON: jsonEnabled=false logStream=false type=JH_WRITE_REPLY
[ExecLibrary] replyMsg: Putting message 0x1034e4 to replyPort 0x1035ec
[ExecLibrary] PutMsg: Calling Signal(task=0x5f00, mask=0x10000) sigBit=16 portName=
[ExecLibrary] Signal APPLIED: sigRecvd 0x50000 -> 0x50000, sigWait=0x0, isWaiting=false
[ExecLibrary] replyMsg: Message delivered to replyPort
[ExecLibrary] replyMsg: Putting message 0x1034e4 to replyPort 0x1035ec
[ExecLibrary] PutMsg: Calling Signal(task=0x5f00, mask=0x10000) sigBit=16 portName=
[ExecLibrary] Signal APPLIED: sigRecvd 0x50000 -> 0x50000, sigWait=0x0, isWaiting=false
[ExecLibrary] replyMsg: Message delivered to replyPort
[DoorLifecycleManager] doorMessageCallback: Message handled for cmd=3 (XIM handler replied)
[ExecLibrary][Trap][WaitPort] port=0x1035ec name=undefined
[ExecLibrary][Trap][GetMsg] port=0x1035ec name=undefined
[ExecLibrary][GetMsg] Door received message:
  ln_Type=6 (6=NT_REPLYMSG)
  Command=3 (at 0xE0)
  Data=4 (at 0xDC)
  String="
" (at 0x14)
[XIMMessageParser] Parsed jhMessage:
  Address: 0x1034e4
  Length: 264 (layout=long)
  Reply Port: 0x1035ec
  Command: 8 (JH_SF (Show File))
  Data: 0 (0x0)
  Node: 1, Line: 0
  Signal: 0, Task: 0x0
  Semi: 0x0
  Filler1: 0x0, Filler2: 0x0
  StrPtr: 0x0, Filler3: 0x0
  String: "dOORS:dRE/dRE!WAll/dRE!WAll.StYlE.1"
[XIMProtocol] handleMessage: cmd=8 (JH_SF (Show File)) usedXimInput=false string="dOORS:dRE/dRE!WAll/dRE!WAll.StYlE.1"
[XIMLogger] NOT writing to JSON: jsonEnabled=false logStream=false type=JH_SF (Show File)
[ExecLibrary][Trap][WaitPort] port=0x1035ec name=undefined
[ExecLibrary][Trap][GetMsg] port=0x1035ec name=undefined
[ExecLibrary][GetMsg] Door received message:
  ln_Type=6 (6=NT_REPLYMSG)
  Command=8 (at 0xE0)
  Data=0 (at 0xDC)
  String="dOORS:dRE/dRE!WAll/dRE!WAll.StYl" (at 0x14)
[SCREEN] [MCI] ========== PROCESSING MCI CODES ==========
[SCREEN] [MCI] Content length: 304
[SCREEN] [MCI] Looking for ~XC_ and ~XI codes...
[DEBUG:MCI:DEBUG] Parsing MCI codes (304 bytes) 
[SCREEN] [MCI] Total commands to execute: 0
[XIMMessageParser] Parsed jhMessage:
  Address: 0x1034e4
  Length: 264 (layout=long)
  Reply Port: 0x1035ec
  Command: 3 (JH_WRITE)
  Data: 0 (0x0)
  Node: 1, Line: 0
  Signal: 0, Task: 0x0
  Semi: 0x0
  Filler1: 0x0, Filler2: 0x0
  StrPtr: 0x0, Filler3: 0x0
  String: "[22;0H [36mdRE[0m![36mWAll[0m v[33m2.0 [34m[[32mUNREGiStEREd VERSiON[34m][0m ([37mC[0m) [33m1994[0m bY [36mdR.dRE[0m ([36mtRSi [0m/[36mX[0m·[36miNNOVAtiON[0m)"
[XIMProtocol] handleMessage: cmd=3 (JH_WRITE) usedXimInput=false string="[22;0H [36mdRE[0m![36mWAll[0m v[33m2.0 [34m"
[XIMLogger] NOT writing to JSON: jsonEnabled=false logStream=false type=JH_WRITE
[XIMLogger] NOT writing to JSON: jsonEnabled=false logStream=false type=JH_WRITE_REPLY
[ExecLibrary] replyMsg: Putting message 0x1034e4 to replyPort 0x1035ec
[ExecLibrary] PutMsg: Calling Signal(task=0x5f00, mask=0x10000) sigBit=16 portName=
[ExecLibrary] Signal APPLIED: sigRecvd 0x50000 -> 0x50000, sigWait=0x0, isWaiting=false
[ExecLibrary] replyMsg: Message delivered to replyPort
[ExecLibrary] replyMsg: Putting message 0x1034e4 to replyPort 0x1035ec
[ExecLibrary] PutMsg: Calling Signal(task=0x5f00, mask=0x10000) sigBit=16 portName=
[ExecLibrary] Signal APPLIED: sigRecvd 0x50000 -> 0x50000, sigWait=0x0, isWaiting=false
[ExecLibrary] replyMsg: Message delivered to replyPort
[DoorLifecycleManager] doorMessageCallback: Message handled for cmd=3 (XIM handler replied)
[SCREEN] [MCI DEBUG] Looking for ~SS_ codes in: [0m.----------.----------.----------.----------.----------.----------.----------.
| [31mDre!Wall[0m | [32mDre!Wall[0m | [33mDre!Wall[0m | [34mDre!Wall[0m | [35mDre!Wall[0m | [36mDre!Wall[
[SCREEN] [MCI DEBUG] Total ~SS_ MCI codes found in screen: 0
[XIMLogger] NOT writing to JSON: jsonEnabled=false logStream=false type=JH_SF (Show File)_REPLY
[ExecLibrary] replyMsg: Putting message 0x1034e4 to replyPort 0x1035ec
[ExecLibrary] PutMsg: Calling Signal(task=0x5f00, mask=0x10000) sigBit=16 portName=
[ExecLibrary] Signal APPLIED: sigRecvd 0x50000 -> 0x50000, sigWait=0x0, isWaiting=false
[ExecLibrary] replyMsg: Message delivered to replyPort
[DoorLifecycleManager] doorMessageCallback: Message handled for cmd=8 (XIM handler replied)
[ExecLibrary][Trap][WaitPort] port=0x1035ec name=undefined
[ExecLibrary][Trap][GetMsg] port=0x1035ec name=undefined
[ExecLibrary][GetMsg] Door received message:
  ln_Type=6 (6=NT_REPLYMSG)
  Command=3 (at 0xE0)
  Data=1 (at 0xDC)
  String="[22;0H [36mdRE[0m![36mWAll[" (at 0x14)
[XIMMessageParser] Parsed jhMessage:
  Address: 0x1034e4
  Length: 264 (layout=long)
  Reply Port: 0x1035ec
  Command: 3 (JH_WRITE)
  Data: 0 (0x0)
  Node: 1, Line: 0
  Signal: 0, Task: 0x0
  Semi: 0x0
  Filler1: 0x0, Filler2: 0x0
  StrPtr: 0x0, Filler3: 0x0
  String: "[23;1H[36mEnter a Line to the Wall [32m([33mY[34m/[33mn[32m)[0m :"
[XIMProtocol] handleMessage: cmd=3 (JH_WRITE) usedXimInput=false string="[23;1H[36mEnter a Line to the Wall [32m([33mY"
[XIMLogger] NOT writing to JSON: jsonEnabled=false logStream=false type=JH_WRITE
[XIMLogger] NOT writing to JSON: jsonEnabled=false logStream=false type=JH_WRITE_REPLY
[ExecLibrary] replyMsg: Putting message 0x1034e4 to replyPort 0x1035ec
[ExecLibrary] PutMsg: Calling Signal(task=0x5f00, mask=0x10000) sigBit=16 portName=
[ExecLibrary] Signal APPLIED: sigRecvd 0x50000 -> 0x50000, sigWait=0x0, isWaiting=false
[ExecLibrary] replyMsg: Message delivered to replyPort
[ExecLibrary] replyMsg: Putting message 0x1034e4 to replyPort 0x1035ec
[ExecLibrary] PutMsg: Calling Signal(task=0x5f00, mask=0x10000) sigBit=16 portName=
[ExecLibrary] Signal APPLIED: sigRecvd 0x50000 -> 0x50000, sigWait=0x0, isWaiting=false
[ExecLibrary] replyMsg: Message delivered to replyPort
[DoorLifecycleManager] doorMessageCallback: Message handled for cmd=3 (XIM handler replied)
[ExecLibrary][Trap][WaitPort] port=0x1035ec name=undefined
[ExecLibrary][Trap][GetMsg] port=0x1035ec name=undefined
[ExecLibrary][GetMsg] Door received message:
  ln_Type=6 (6=NT_REPLYMSG)
  Command=3 (at 0xE0)
  Data=73 (at 0xDC)
  String="[23;1H[36mEnter a Line to the " (at 0x14)
[XIMMessageParser] Parsed jhMessage:
  Address: 0x1034e4
  Length: 264 (layout=long)
  Reply Port: 0x1035ec
  Command: 6 (JH_HK (Hotkey))
  Data: 73 (0x49)
  Node: 1, Line: 0
  Signal: 0, Task: 0x0
  Semi: 0x0
  Filler1: 0x0, Filler2: 0x0
  StrPtr: 0x0, Filler3: 0x0
  String: ""
[XIMProtocol] handleMessage: cmd=6 (JH_HK (Hotkey)) usedXimInput=false string=""
[XIMLogger] NOT writing to JSON: jsonEnabled=false logStream=false type=JH_HK (Hotkey)
[XIMIOHandler] JH_HK (Hotkey) received - setting usedXimInput=true
[DEBUG JH_HK handleHotkey] msg.stringPtr=NULL embedded=0x1034f8
[XIMMessageParser] writeCommand: msgAddr=0x1034e4 offset=224 value=1 (0x1) layout=long
[XIMIOHandler] JH_HK: Wrote keyCode=13 (ENTER) to msg.string[0] at 0x1034f8
[XIMIOHandler] JH_HK: Wrote ximPort=1 to msg.command
[DEBUG JH_HK] BEFORE reply(): msg.string[0]=0xd keyCode=13
[XIMLogger] NOT writing to JSON: jsonEnabled=false logStream=false type=JH_HK (Hotkey)_REPLY
[ExecLibrary] replyMsg: Putting message 0x1034e4 to replyPort 0x1035ec
[ExecLibrary] PutMsg: Calling Signal(task=0x5f00, mask=0x10000) sigBit=16 portName=
[ExecLibrary] Signal APPLIED: sigRecvd 0x50000 -> 0x50000, sigWait=0x0, isWaiting=false
[ExecLibrary] replyMsg: Message delivered to replyPort
[DEBUG JH_HK] AFTER reply(): msg.string[0]=0xd
[DEBUG JH_HK] msg.string[0-31] HEX: 0d 00 32 33 3b 31 48 1b 5b 33 36 6d 45 6e 74 65 72 20 61 20 4c 69 6e 65 20 74 6f 20 74 68 65 20
[DEBUG JH_HK] msg.string[0-31] ASCII: "..23;1H.[36mEnter a Line to the "
[ExecLibrary] replyMsg: Putting message 0x1034e4 to replyPort 0x1035ec
[ExecLibrary] PutMsg: Calling Signal(task=0x5f00, mask=0x10000) sigBit=16 portName=
[ExecLibrary] Signal APPLIED: sigRecvd 0x50000 -> 0x50000, sigWait=0x0, isWaiting=false
[ExecLibrary] replyMsg: Message delivered to replyPort
[MoiraEmulator] Emulator RESUMING from pause
[DoorLifecycleManager] doorMessageCallback: Message handled for cmd=6 (XIM handler replied)
[ExecLibrary][Trap][WaitPort] port=0x1035ec name=undefined
[ExecLibrary][Trap][GetMsg] port=0x1035ec name=undefined
[ExecLibrary][GetMsg] Door received message:
  ln_Type=6 (6=NT_REPLYMSG)
  Command=1 (at 0xE0)
  Data=1 (at 0xDC)
  String="" (at 0x14)
[XIMMessageParser] Parsed jhMessage:
  Address: 0x1034e4
  Length: 264 (layout=long)
  Reply Port: 0x1035ec
  Command: 3 (JH_WRITE)
  Data: 0 (0x0)
  Node: 1, Line: 0
  Signal: 0, Task: 0x0
  Semi: 0x0
  Filler1: 0x0, Filler2: 0x0
  StrPtr: 0x0, Filler3: 0x0
  String: "[23;1H                                [23;1H"
[XIMProtocol] handleMessage: cmd=3 (JH_WRITE) usedXimInput=true string="[23;1H                                [23;1H"
[XIMLogger] NOT writing to JSON: jsonEnabled=false logStream=false type=JH_WRITE
[XIMLogger] NOT writing to JSON: jsonEnabled=false logStream=false type=JH_WRITE_REPLY
[ExecLibrary] replyMsg: Putting message 0x1034e4 to replyPort 0x1035ec
[ExecLibrary] PutMsg: Calling Signal(task=0x5f00, mask=0x10000) sigBit=16 portName=
[ExecLibrary] Signal APPLIED: sigRecvd 0x50000 -> 0x50000, sigWait=0x0, isWaiting=false
[ExecLibrary] replyMsg: Message delivered to replyPort
[ExecLibrary] replyMsg: Putting message 0x1034e4 to replyPort 0x1035ec
[ExecLibrary] PutMsg: Calling Signal(task=0x5f00, mask=0x10000) sigBit=16 portName=
[ExecLibrary] Signal APPLIED: sigRecvd 0x50000 -> 0x50000, sigWait=0x0, isWaiting=false
[ExecLibrary] replyMsg: Message delivered to replyPort
[DoorLifecycleManager] doorMessageCallback: Message handled for cmd=3 (XIM handler replied)
[ExecLibrary][Trap][WaitPort] port=0x1035ec name=undefined
[ExecLibrary][Trap][GetMsg] port=0x1035ec name=undefined
[ExecLibrary][GetMsg] Door received message:
  ln_Type=6 (6=NT_REPLYMSG)
  Command=3 (at 0xE0)
  Data=46 (at 0xDC)
  String="[23;1H                         " (at 0x14)
[XIMMessageParser] Parsed jhMessage:
  Address: 0x1034e4
  Length: 264 (layout=long)
  Reply Port: 0x1035ec
  Command: 105 (DT_SECSTATUS)
  Data: 1 (0x1)
  Node: 1, Line: 0
  Signal: 0, Task: 0x0
  Semi: 0x0
  Filler1: 0x0, Filler2: 0x0
  StrPtr: 0x0, Filler3: 0x0
  String: "[23;1H                                [23;1H"
[XIMProtocol] handleMessage: cmd=105 (DT_SECSTATUS) usedXimInput=true string="[23;1H                                [23;1H"
[XIMLogger] NOT writing to JSON: jsonEnabled=false logStream=false type=DT_SECSTATUS
[XIMLogger] NOT writing to JSON: jsonEnabled=false logStream=false type=DT_SECSTATUS_REPLY
[ExecLibrary] replyMsg: Putting message 0x1034e4 to replyPort 0x1035ec
[ExecLibrary] PutMsg: Calling Signal(task=0x5f00, mask=0x10000) sigBit=16 portName=
[ExecLibrary] Signal APPLIED: sigRecvd 0x50000 -> 0x50000, sigWait=0x0, isWaiting=false
[ExecLibrary] replyMsg: Message delivered to replyPort
[DoorLifecycleManager] doorMessageCallback: Message handled for cmd=105 (XIM handler replied)
[ExecLibrary][Trap][WaitPort] port=0x1035ec name=undefined
[ExecLibrary][Trap][GetMsg] port=0x1035ec name=undefined
[ExecLibrary][GetMsg] Door received message:
  ln_Type=6 (6=NT_REPLYMSG)
  Command=105 (at 0xE0)
  Data=1 (at 0xDC)
  String="255" (at 0x14)
[XIMMessageParser] Parsed jhMessage:
  Address: 0x1034e4
  Length: 264 (layout=long)
  Reply Port: 0x1035ec
  Command: 3 (JH_WRITE)
  Data: 0 (0x0)
  Node: 1, Line: 0
  Signal: 0, Task: 0x0
  Semi: 0x0
  Filler1: 0x0, Filler2: 0x0
  StrPtr: 0x1034f8, Filler3: 0x0
  String: "[36mWrite Anonymous ? [32m([33mN[34m/[33my[32m)[0m :"
[XIMProtocol] handleMessage: cmd=3 (JH_WRITE) usedXimInput=true string="[36mWrite Anonymous ? [32m([33mN[34m/[33my[3"
[XIMLogger] NOT writing to JSON: jsonEnabled=false logStream=false type=JH_WRITE
[XIMLogger] NOT writing to JSON: jsonEnabled=false logStream=false type=JH_WRITE_REPLY
[ExecLibrary] replyMsg: Putting message 0x1034e4 to replyPort 0x1035ec
[ExecLibrary] PutMsg: Calling Signal(task=0x5f00, mask=0x10000) sigBit=16 portName=
[ExecLibrary] Signal APPLIED: sigRecvd 0x50000 -> 0x50000, sigWait=0x0, isWaiting=false
[ExecLibrary] replyMsg: Message delivered to replyPort
[ExecLibrary] replyMsg: Putting message 0x1034e4 to replyPort 0x1035ec
[ExecLibrary] PutMsg: Calling Signal(task=0x5f00, mask=0x10000) sigBit=16 portName=
[ExecLibrary] Signal APPLIED: sigRecvd 0x50000 -> 0x50000, sigWait=0x0, isWaiting=false
[ExecLibrary] replyMsg: Message delivered to replyPort
[DoorLifecycleManager] doorMessageCallback: Message handled for cmd=3 (XIM handler replied)
[COMMAND-HANDLER-ENTRY] COMMAND EVENT FIRED! DWtVnknAc9ZxeTv3AAAB
=== COMMAND RECEIVED [v2024-FIXED] ===
Raw data: "n" length: 1 charCode: 110
[socket-handlers] checkPauseHandler active: false, flagPauseHandler active: false
Session state: loggedon subState: door_running
Input buffer: ""
[socket-handlers] About to check door - data="n" (len=1), inDoor=true, subState=door_running
[socket-handlers] ABOUT TO CALL doorInputHandler with: "n" (length=1, charCode=110)
[executeAmigaDoor] doorInputHandler received: "n" (len=1) hasXIM=true
[executeAmigaDoor] Call stack:     at Object.session.doorInputHandler (/Users/spot/Code/amiexpress-web/web/backend/src/handlers/door.handler.ts:2307:47)
    at Socket.<anonymous> (/Users/spot/Code/amiexpress-web/web/backend/src/server/socket-handlers.ts:672:17)
    at Socket.emit (node:events:508:28)
    at Socket.emitUntyped (/Users/spot/Code/amiexpress-web/web/backend/node_modules/socket.io/dist/typed-events.js:69:22)
[XIMProtocol] shouldInjectNativeInput: registered=true waiting=false isNative=false usedXimInput=true doorPort=0x103474
[ExecLibrary][Trap][WaitPort] port=0x1035ec name=undefined
[ExecLibrary][Trap][GetMsg] port=0x1035ec name=undefined
[ExecLibrary][GetMsg] Door received message:
  ln_Type=6 (6=NT_REPLYMSG)
  Command=3 (at 0xE0)
  Data=59 (at 0xDC)
  String="[36mWrite Anonymous ? [32m([3" (at 0x14)
[XIMMessageParser] Parsed jhMessage:
  Address: 0x1034e4
  Length: 264 (layout=long)
  Reply Port: 0x1035ec
  Command: 6 (JH_HK (Hotkey))
  Data: 59 (0x3b)
  Node: 1, Line: 0
  Signal: 0, Task: 0x0
  Semi: 0x0
  Filler1: 0x0, Filler2: 0x0
  StrPtr: 0x1034f8, Filler3: 0x0
  String: ""
[XIMProtocol] handleMessage: cmd=6 (JH_HK (Hotkey)) usedXimInput=true string=""
[XIMLogger] NOT writing to JSON: jsonEnabled=false logStream=false type=JH_HK (Hotkey)
[XIMIOHandler] JH_HK (Hotkey) received - setting usedXimInput=true
[DEBUG JH_HK handleHotkey] msg.stringPtr=0x1034f8 embedded=0x1034f8
[XIMMessageParser] writeCommand: msgAddr=0x1034e4 offset=224 value=1 (0x1) layout=long
[XIMIOHandler] JH_HK: Wrote keyCode=110 (char 'n') to msg.string[0] at 0x1034f8
[XIMIOHandler] JH_HK: Wrote ximPort=1 to msg.command
[DEBUG JH_HK] BEFORE reply(): msg.string[0]=0x6e keyCode=110
[XIMLogger] NOT writing to JSON: jsonEnabled=false logStream=false type=JH_HK (Hotkey)_REPLY
[ExecLibrary] replyMsg: Putting message 0x1034e4 to replyPort 0x1035ec
[ExecLibrary] PutMsg: Calling Signal(task=0x5f00, mask=0x10000) sigBit=16 portName=
[ExecLibrary] Signal APPLIED: sigRecvd 0x50000 -> 0x50000, sigWait=0x0, isWaiting=false
[ExecLibrary] replyMsg: Message delivered to replyPort
[DEBUG JH_HK] AFTER reply(): msg.string[0]=0x6e
[DEBUG JH_HK] msg.string[0-31] HEX: 6e 00 33 36 6d 57 72 69 74 65 20 41 6e 6f 6e 79 6d 6f 75 73 20 3f 20 1b 5b 33 32 6d 28 1b 5b 33
[DEBUG JH_HK] msg.string[0-31] ASCII: "n.36mWrite Anonymous ? .[32m(.[3"
[ExecLibrary] replyMsg: Putting message 0x1034e4 to replyPort 0x1035ec
[ExecLibrary] PutMsg: Calling Signal(task=0x5f00, mask=0x10000) sigBit=16 portName=
[ExecLibrary] Signal APPLIED: sigRecvd 0x50000 -> 0x50000, sigWait=0x0, isWaiting=false
[ExecLibrary] replyMsg: Message delivered to replyPort
[MoiraEmulator] Emulator RESUMING from pause
[DoorLifecycleManager] doorMessageCallback: Message handled for cmd=6 (XIM handler replied)
[ExecLibrary][Trap][WaitPort] port=0x1035ec name=undefined
[ExecLibrary][Trap][GetMsg] port=0x1035ec name=undefined
[ExecLibrary][GetMsg] Door received message:
  ln_Type=6 (6=NT_REPLYMSG)
  Command=1 (at 0xE0)
  Data=1 (at 0xDC)
  String="n" (at 0x14)
[XIMMessageParser] Parsed jhMessage:
  Address: 0x1034e4
  Length: 264 (layout=long)
  Reply Port: 0x1035ec
  Command: 3 (JH_WRITE)
  Data: 0 (0x0)
  Node: 1, Line: 0
  Signal: 0, Task: 0x0
  Semi: 0x0
  Filler1: 0x0, Filler2: 0x0
  StrPtr: 0x1034f8, Filler3: 0x0
  String: "[23;1H                         [23;1H"
[XIMProtocol] handleMessage: cmd=3 (JH_WRITE) usedXimInput=true string="[23;1H                         [23;1H"
[XIMLogger] NOT writing to JSON: jsonEnabled=false logStream=false type=JH_WRITE
[XIMLogger] NOT writing to JSON: jsonEnabled=false logStream=false type=JH_WRITE_REPLY
[ExecLibrary] replyMsg: Putting message 0x1034e4 to replyPort 0x1035ec
[ExecLibrary] PutMsg: Calling Signal(task=0x5f00, mask=0x10000) sigBit=16 portName=
[ExecLibrary] Signal APPLIED: sigRecvd 0x50000 -> 0x50000, sigWait=0x0, isWaiting=false
[ExecLibrary] replyMsg: Message delivered to replyPort
[ExecLibrary] replyMsg: Putting message 0x1034e4 to replyPort 0x1035ec
[ExecLibrary] PutMsg: Calling Signal(task=0x5f00, mask=0x10000) sigBit=16 portName=
[ExecLibrary] Signal APPLIED: sigRecvd 0x50000 -> 0x50000, sigWait=0x0, isWaiting=false
[ExecLibrary] replyMsg: Message delivered to replyPort
[DoorLifecycleManager] doorMessageCallback: Message handled for cmd=3 (XIM handler replied)
[ExecLibrary][Trap][WaitPort] port=0x1035ec name=undefined
[ExecLibrary][Trap][GetMsg] port=0x1035ec name=undefined
[ExecLibrary][GetMsg] Door received message:
  ln_Type=6 (6=NT_REPLYMSG)
  Command=3 (at 0xE0)
  Data=39 (at 0xDC)
  String="[23;1H                         " (at 0x14)
[XIMMessageParser] Parsed jhMessage:
  Address: 0x1034e4
  Length: 264 (layout=long)
  Reply Port: 0x1035ec
  Command: 3 (JH_WRITE)
  Data: 0 (0x0)
  Node: 1, Line: 0
  Signal: 0, Task: 0x0
  Semi: 0x0
  Filler1: 0x0, Filler2: 0x0
  StrPtr: 0x1034f8, Filler3: 0x0
  String: "[36mEnter your Line[0m: "
[XIMProtocol] handleMessage: cmd=3 (JH_WRITE) usedXimInput=true string="[36mEnter your Line[0m: "
[XIMLogger] NOT writing to JSON: jsonEnabled=false logStream=false type=JH_WRITE
[XIMLogger] NOT writing to JSON: jsonEnabled=false logStream=false type=JH_WRITE_REPLY
[ExecLibrary] replyMsg: Putting message 0x1034e4 to replyPort 0x1035ec
[ExecLibrary] PutMsg: Calling Signal(task=0x5f00, mask=0x10000) sigBit=16 portName=
[ExecLibrary] Signal APPLIED: sigRecvd 0x50000 -> 0x50000, sigWait=0x0, isWaiting=false
[ExecLibrary] replyMsg: Message delivered to replyPort
[ExecLibrary] replyMsg: Putting message 0x1034e4 to replyPort 0x1035ec
[ExecLibrary] PutMsg: Calling Signal(task=0x5f00, mask=0x10000) sigBit=16 portName=
[ExecLibrary] Signal APPLIED: sigRecvd 0x50000 -> 0x50000, sigWait=0x0, isWaiting=false
[ExecLibrary] replyMsg: Message delivered to replyPort
[DoorLifecycleManager] doorMessageCallback: Message handled for cmd=3 (XIM handler replied)
[ExecLibrary][Trap][WaitPort] port=0x1035ec name=undefined
[ExecLibrary][Trap][GetMsg] port=0x1035ec name=undefined
[ExecLibrary][GetMsg] Door received message:
  ln_Type=6 (6=NT_REPLYMSG)
  Command=3 (at 0xE0)
  Data=26 (at 0xDC)
  String="[36mEnter your Line[0m: " (at 0x14)
[XIMMessageParser] Parsed jhMessage:
  Address: 0x1034e4
  Length: 264 (layout=long)
  Reply Port: 0x1035ec
  Command: 6 (JH_HK (Hotkey))
  Data: 26 (0x1a)
  Node: 1, Line: 0
  Signal: 0, Task: 0x0
  Semi: 0x0
  Filler1: 0x0, Filler2: 0x0
  StrPtr: 0x1034f8, Filler3: 0x0
  String: ""
[MoiraEmulator] Emulator PAUSED (waiting for async input)
[XIMProtocol] handleMessage: cmd=6 (JH_HK (Hotkey)) usedXimInput=true string=""
[XIMLogger] NOT writing to JSON: jsonEnabled=false logStream=false type=JH_HK (Hotkey)
[XIMIOHandler] JH_HK (Hotkey) received - setting usedXimInput=true
[MoiraEmulator] Emulator PAUSED (waiting for async input)
[DoorLifecycleManager] doorMessageCallback: Message handled for cmd=6 (XIM handler replied)
[COMMAND-HANDLER-ENTRY] COMMAND EVENT FIRED! DWtVnknAc9ZxeTv3AAAB
=== COMMAND RECEIVED [v2024-FIXED] ===
Raw data: "s" length: 1 charCode: 115
[socket-handlers] checkPauseHandler active: false, flagPauseHandler active: false
Session state: loggedon subState: door_running
Input buffer: ""
[socket-handlers] About to check door - data="s" (len=1), inDoor=true, subState=door_running
[socket-handlers] ABOUT TO CALL doorInputHandler with: "s" (length=1, charCode=115)
[executeAmigaDoor] doorInputHandler received: "s" (len=1) hasXIM=true
[executeAmigaDoor] Call stack:     at Object.session.doorInputHandler (/Users/spot/Code/amiexpress-web/web/backend/src/handlers/door.handler.ts:2307:47)
    at Socket.<anonymous> (/Users/spot/Code/amiexpress-web/web/backend/src/server/socket-handlers.ts:672:17)
    at Socket.emit (node:events:508:28)
    at Socket.emitUntyped (/Users/spot/Code/amiexpress-web/web/backend/node_modules/socket.io/dist/typed-events.js:69:22)
[DEBUG JH_HK completeHotkey] msg.stringPtr=0x1034f8 embedded=0x1034f8
[XIMMessageParser] writeCommand: msgAddr=0x1034e4 offset=224 value=1 (0x1) layout=long
[XIMLogger] NOT writing to JSON: jsonEnabled=false logStream=false type=JH_HK (Hotkey)_REPLY
[ExecLibrary] replyMsg: Putting message 0x1034e4 to replyPort 0x1035ec
[ExecLibrary] PutMsg: Calling Signal(task=0x5f00, mask=0x10000) sigBit=16 portName=
[ExecLibrary] Signal APPLIED: sigRecvd 0x50000 -> 0x50000, sigWait=0x0, isWaiting=false
[ExecLibrary] replyMsg: Message delivered to replyPort
[ExecLibrary] replyMsg: Putting message 0x1034e4 to replyPort 0x1035ec
[ExecLibrary] PutMsg: Calling Signal(task=0x5f00, mask=0x10000) sigBit=16 portName=
[ExecLibrary] Signal APPLIED: sigRecvd 0x50000 -> 0x50000, sigWait=0x0, isWaiting=false
[ExecLibrary] replyMsg: Message delivered to replyPort
[MoiraEmulator] Emulator RESUMING from pause
[XIMProtocol] shouldInjectNativeInput: registered=true waiting=false isNative=false usedXimInput=true doorPort=0x103474
[ExecLibrary][Trap][WaitPort] port=0x1035ec name=undefined
[ExecLibrary][Trap][GetMsg] port=0x1035ec name=undefined
[ExecLibrary][GetMsg] Door received message:
  ln_Type=6 (6=NT_REPLYMSG)
  Command=1 (at 0xE0)
  Data=1 (at 0xDC)
  String="s" (at 0x14)
[COMMAND-HANDLER-ENTRY] COMMAND EVENT FIRED! DWtVnknAc9ZxeTv3AAAB
=== COMMAND RECEIVED [v2024-FIXED] ===
Raw data: "y" length: 1 charCode: 121
[socket-handlers] checkPauseHandler active: false, flagPauseHandler active: false
Session state: loggedon subState: door_running
Input buffer: ""
[socket-handlers] About to check door - data="y" (len=1), inDoor=true, subState=door_running
[socket-handlers] ABOUT TO CALL doorInputHandler with: "y" (length=1, charCode=121)
[executeAmigaDoor] doorInputHandler received: "y" (len=1) hasXIM=true
[executeAmigaDoor] Call stack:     at Object.session.doorInputHandler (/Users/spot/Code/amiexpress-web/web/backend/src/handlers/door.handler.ts:2307:47)
    at Socket.<anonymous> (/Users/spot/Code/amiexpress-web/web/backend/src/server/socket-handlers.ts:672:17)
    at Socket.emit (node:events:508:28)
    at Socket.emitUntyped (/Users/spot/Code/amiexpress-web/web/backend/node_modules/socket.io/dist/typed-events.js:69:22)
[XIMProtocol] shouldInjectNativeInput: registered=true waiting=false isNative=false usedXimInput=true doorPort=0x103474
[XIMMessageParser] Parsed jhMessage:
  Address: 0x1034e4
  Length: 264 (layout=long)
  Reply Port: 0x1035ec
  Command: 3 (JH_WRITE)
  Data: 0 (0x0)
  Node: 1, Line: 0
  Signal: 0, Task: 0x0
  Semi: 0x0
  Filler1: 0x0, Filler2: 0x0
  StrPtr: 0x1034f8, Filler3: 0x0
  String: "s"
[XIMProtocol] handleMessage: cmd=3 (JH_WRITE) usedXimInput=true string="s"
[XIMLogger] NOT writing to JSON: jsonEnabled=false logStream=false type=JH_WRITE
[XIMLogger] NOT writing to JSON: jsonEnabled=false logStream=false type=JH_WRITE_REPLY
[ExecLibrary] replyMsg: Putting message 0x1034e4 to replyPort 0x1035ec
[ExecLibrary] PutMsg: Calling Signal(task=0x5f00, mask=0x10000) sigBit=16 portName=
[ExecLibrary] Signal APPLIED: sigRecvd 0x50000 -> 0x50000, sigWait=0x0, isWaiting=false
[ExecLibrary] replyMsg: Message delivered to replyPort
[ExecLibrary] replyMsg: Putting message 0x1034e4 to replyPort 0x1035ec
[ExecLibrary] PutMsg: Calling Signal(task=0x5f00, mask=0x10000) sigBit=16 portName=
[ExecLibrary] Signal APPLIED: sigRecvd 0x50000 -> 0x50000, sigWait=0x0, isWaiting=false
[ExecLibrary] replyMsg: Message delivered to replyPort
[DoorLifecycleManager] doorMessageCallback: Message handled for cmd=3 (XIM handler replied)
[COMMAND-HANDLER-ENTRY] COMMAND EVENT FIRED! DWtVnknAc9ZxeTv3AAAB
=== COMMAND RECEIVED [v2024-FIXED] ===
Raw data: "s" length: 1 charCode: 115
[socket-handlers] checkPauseHandler active: false, flagPauseHandler active: false
Session state: loggedon subState: door_running
Input buffer: ""
[socket-handlers] About to check door - data="s" (len=1), inDoor=true, subState=door_running
[socket-handlers] ABOUT TO CALL doorInputHandler with: "s" (length=1, charCode=115)
[executeAmigaDoor] doorInputHandler received: "s" (len=1) hasXIM=true
[executeAmigaDoor] Call stack:     at Object.session.doorInputHandler (/Users/spot/Code/amiexpress-web/web/backend/src/handlers/door.handler.ts:2307:47)
    at Socket.<anonymous> (/Users/spot/Code/amiexpress-web/web/backend/src/server/socket-handlers.ts:672:17)
    at Socket.emit (node:events:508:28)
    at Socket.emitUntyped (/Users/spot/Code/amiexpress-web/web/backend/node_modules/socket.io/dist/typed-events.js:69:22)
[XIMProtocol] shouldInjectNativeInput: registered=true waiting=false isNative=false usedXimInput=true doorPort=0x103474
[ExecLibrary][Trap][WaitPort] port=0x1035ec name=undefined
[ExecLibrary][Trap][GetMsg] port=0x1035ec name=undefined
[ExecLibrary][GetMsg] Door received message:
  ln_Type=6 (6=NT_REPLYMSG)
  Command=3 (at 0xE0)
  Data=1 (at 0xDC)
  String="s" (at 0x14)
[XIMMessageParser] Parsed jhMessage:
  Address: 0x1034e4
  Length: 264 (layout=long)
  Reply Port: 0x1035ec
  Command: 6 (JH_HK (Hotkey))
  Data: 1 (0x1)
  Node: 1, Line: 0
  Signal: 0, Task: 0x0
  Semi: 0x0
  Filler1: 0x0, Filler2: 0x0
  StrPtr: 0x1034f8, Filler3: 0x0
  String: ""
[XIMProtocol] handleMessage: cmd=6 (JH_HK (Hotkey)) usedXimInput=true string=""
[XIMLogger] NOT writing to JSON: jsonEnabled=false logStream=false type=JH_HK (Hotkey)
[XIMIOHandler] JH_HK (Hotkey) received - setting usedXimInput=true
[DEBUG JH_HK handleHotkey] msg.stringPtr=0x1034f8 embedded=0x1034f8
[XIMMessageParser] writeCommand: msgAddr=0x1034e4 offset=224 value=1 (0x1) layout=long
[XIMIOHandler] JH_HK: Wrote keyCode=121 (char 'y') to msg.string[0] at 0x1034f8
[XIMIOHandler] JH_HK: Wrote ximPort=1 to msg.command
[DEBUG JH_HK] BEFORE reply(): msg.string[0]=0x79 keyCode=121
[XIMLogger] NOT writing to JSON: jsonEnabled=false logStream=false type=JH_HK (Hotkey)_REPLY
[ExecLibrary] replyMsg: Putting message 0x1034e4 to replyPort 0x1035ec
[ExecLibrary] PutMsg: Calling Signal(task=0x5f00, mask=0x10000) sigBit=16 portName=
[ExecLibrary] Signal APPLIED: sigRecvd 0x50000 -> 0x50000, sigWait=0x0, isWaiting=false
[ExecLibrary] replyMsg: Message delivered to replyPort
[DEBUG JH_HK] AFTER reply(): msg.string[0]=0x79
[DEBUG JH_HK] msg.string[0-31] HEX: 79 00 33 36 6d 45 6e 74 65 72 20 79 6f 75 72 20 4c 69 6e 65 1b 5b 30 6d 3a 20 00 20 20 20 20 20
[DEBUG JH_HK] msg.string[0-31] ASCII: "y.36mEnter your Line.[0m: .     "
[ExecLibrary] replyMsg: Putting message 0x1034e4 to replyPort 0x1035ec
[ExecLibrary] PutMsg: Calling Signal(task=0x5f00, mask=0x10000) sigBit=16 portName=
[ExecLibrary] Signal APPLIED: sigRecvd 0x50000 -> 0x50000, sigWait=0x0, isWaiting=false
[ExecLibrary] replyMsg: Message delivered to replyPort
[MoiraEmulator] Emulator RESUMING from pause
[DoorLifecycleManager] doorMessageCallback: Message handled for cmd=6 (XIM handler replied)
[COMMAND-HANDLER-ENTRY] COMMAND EVENT FIRED! DWtVnknAc9ZxeTv3AAAB
=== COMMAND RECEIVED [v2024-FIXED] ===
Raw data: "o" length: 1 charCode: 111
[socket-handlers] checkPauseHandler active: false, flagPauseHandler active: false
Session state: loggedon subState: door_running
Input buffer: ""
[socket-handlers] About to check door - data="o" (len=1), inDoor=true, subState=door_running
[socket-handlers] ABOUT TO CALL doorInputHandler with: "o" (length=1, charCode=111)
[executeAmigaDoor] doorInputHandler received: "o" (len=1) hasXIM=true
[executeAmigaDoor] Call stack:     at Object.session.doorInputHandler (/Users/spot/Code/amiexpress-web/web/backend/src/handlers/door.handler.ts:2307:47)
    at Socket.<anonymous> (/Users/spot/Code/amiexpress-web/web/backend/src/server/socket-handlers.ts:672:17)
    at Socket.emit (node:events:508:28)
    at Socket.emitUntyped (/Users/spot/Code/amiexpress-web/web/backend/node_modules/socket.io/dist/typed-events.js:69:22)
[XIMProtocol] shouldInjectNativeInput: registered=true waiting=false isNative=false usedXimInput=true doorPort=0x103474
[COMMAND-HANDLER-ENTRY] COMMAND EVENT FIRED! DWtVnknAc9ZxeTv3AAAB
=== COMMAND RECEIVED [v2024-FIXED] ===
Raw data: "p" length: 1 charCode: 112
[socket-handlers] checkPauseHandler active: false, flagPauseHandler active: false
Session state: loggedon subState: door_running
Input buffer: ""
[socket-handlers] About to check door - data="p" (len=1), inDoor=true, subState=door_running
[socket-handlers] ABOUT TO CALL doorInputHandler with: "p" (length=1, charCode=112)
[executeAmigaDoor] doorInputHandler received: "p" (len=1) hasXIM=true
[executeAmigaDoor] Call stack:     at Object.session.doorInputHandler (/Users/spot/Code/amiexpress-web/web/backend/src/handlers/door.handler.ts:2307:47)
    at Socket.<anonymous> (/Users/spot/Code/amiexpress-web/web/backend/src/server/socket-handlers.ts:672:17)
    at Socket.emit (node:events:508:28)
    at Socket.emitUntyped (/Users/spot/Code/amiexpress-web/web/backend/node_modules/socket.io/dist/typed-events.js:69:22)
[XIMProtocol] shouldInjectNativeInput: registered=true waiting=false isNative=false usedXimInput=true doorPort=0x103474
[ExecLibrary][Trap][WaitPort] port=0x1035ec name=undefined
[ExecLibrary][Trap][GetMsg] port=0x1035ec name=undefined
[ExecLibrary][GetMsg] Door received message:
  ln_Type=6 (6=NT_REPLYMSG)
  Command=1 (at 0xE0)
  Data=1 (at 0xDC)
  String="y" (at 0x14)
[XIMMessageParser] Parsed jhMessage:
  Address: 0x1034e4
  Length: 264 (layout=long)
  Reply Port: 0x1035ec
  Command: 3 (JH_WRITE)
  Data: 0 (0x0)
  Node: 1, Line: 0
  Signal: 0, Task: 0x0
  Semi: 0x0
  Filler1: 0x0, Filler2: 0x0
  StrPtr: 0x1034f8, Filler3: 0x0
  String: "y"
[XIMProtocol] handleMessage: cmd=3 (JH_WRITE) usedXimInput=true string="y"
[XIMLogger] NOT writing to JSON: jsonEnabled=false logStream=false type=JH_WRITE
[XIMLogger] NOT writing to JSON: jsonEnabled=false logStream=false type=JH_WRITE_REPLY
[ExecLibrary] replyMsg: Putting message 0x1034e4 to replyPort 0x1035ec
[ExecLibrary] PutMsg: Calling Signal(task=0x5f00, mask=0x10000) sigBit=16 portName=
[ExecLibrary] Signal APPLIED: sigRecvd 0x50000 -> 0x50000, sigWait=0x0, isWaiting=false
[ExecLibrary] replyMsg: Message delivered to replyPort
[ExecLibrary] replyMsg: Putting message 0x1034e4 to replyPort 0x1035ec
[ExecLibrary] PutMsg: Calling Signal(task=0x5f00, mask=0x10000) sigBit=16 portName=
[ExecLibrary] Signal APPLIED: sigRecvd 0x50000 -> 0x50000, sigWait=0x0, isWaiting=false
[ExecLibrary] replyMsg: Message delivered to replyPort
[DoorLifecycleManager] doorMessageCallback: Message handled for cmd=3 (XIM handler replied)
[ExecLibrary][Trap][WaitPort] port=0x1035ec name=undefined
[ExecLibrary][Trap][GetMsg] port=0x1035ec name=undefined
[ExecLibrary][GetMsg] Door received message:
  ln_Type=6 (6=NT_REPLYMSG)
  Command=3 (at 0xE0)
  Data=1 (at 0xDC)
  String="y" (at 0x14)
[XIMMessageParser] Parsed jhMessage:
  Address: 0x1034e4
  Length: 264 (layout=long)
  Reply Port: 0x1035ec
  Command: 6 (JH_HK (Hotkey))
  Data: 1 (0x1)
  Node: 1, Line: 0
  Signal: 0, Task: 0x0
  Semi: 0x0
  Filler1: 0x0, Filler2: 0x0
  StrPtr: 0x1034f8, Filler3: 0x0
  String: ""
[XIMProtocol] handleMessage: cmd=6 (JH_HK (Hotkey)) usedXimInput=true string=""
[XIMLogger] NOT writing to JSON: jsonEnabled=false logStream=false type=JH_HK (Hotkey)
[XIMIOHandler] JH_HK (Hotkey) received - setting usedXimInput=true
[DEBUG JH_HK handleHotkey] msg.stringPtr=0x1034f8 embedded=0x1034f8
[XIMMessageParser] writeCommand: msgAddr=0x1034e4 offset=224 value=1 (0x1) layout=long
[XIMIOHandler] JH_HK: Wrote keyCode=115 (char 's') to msg.string[0] at 0x1034f8
[XIMIOHandler] JH_HK: Wrote ximPort=1 to msg.command
[DEBUG JH_HK] BEFORE reply(): msg.string[0]=0x73 keyCode=115
[XIMLogger] NOT writing to JSON: jsonEnabled=false logStream=false type=JH_HK (Hotkey)_REPLY
[ExecLibrary] replyMsg: Putting message 0x1034e4 to replyPort 0x1035ec
[ExecLibrary] PutMsg: Calling Signal(task=0x5f00, mask=0x10000) sigBit=16 portName=
[ExecLibrary] Signal APPLIED: sigRecvd 0x50000 -> 0x50000, sigWait=0x0, isWaiting=false
[ExecLibrary] replyMsg: Message delivered to replyPort
[DEBUG JH_HK] AFTER reply(): msg.string[0]=0x73
[DEBUG JH_HK] msg.string[0-31] HEX: 73 00 33 36 6d 45 6e 74 65 72 20 79 6f 75 72 20 4c 69 6e 65 1b 5b 30 6d 3a 20 00 20 20 20 20 20
[DEBUG JH_HK] msg.string[0-31] ASCII: "s.36mEnter your Line.[0m: .     "
[ExecLibrary] replyMsg: Putting message 0x1034e4 to replyPort 0x1035ec
[ExecLibrary] PutMsg: Calling Signal(task=0x5f00, mask=0x10000) sigBit=16 portName=
[ExecLibrary] Signal APPLIED: sigRecvd 0x50000 -> 0x50000, sigWait=0x0, isWaiting=false
[ExecLibrary] replyMsg: Message delivered to replyPort
[MoiraEmulator] Emulator RESUMING from pause
[DoorLifecycleManager] doorMessageCallback: Message handled for cmd=6 (XIM handler replied)
[ExecLibrary][Trap][WaitPort] port=0x1035ec name=undefined
[ExecLibrary][Trap][GetMsg] port=0x1035ec name=undefined
[ExecLibrary][GetMsg] Door received message:
  ln_Type=6 (6=NT_REPLYMSG)
  Command=1 (at 0xE0)
  Data=1 (at 0xDC)
  String="s" (at 0x14)
[XIMMessageParser] Parsed jhMessage:
  Address: 0x1034e4
  Length: 264 (layout=long)
  Reply Port: 0x1035ec
  Command: 3 (JH_WRITE)
  Data: 0 (0x0)
  Node: 1, Line: 0
  Signal: 0, Task: 0x0
  Semi: 0x0
  Filler1: 0x0, Filler2: 0x0
  StrPtr: 0x1034f8, Filler3: 0x0
  String: "s"
[XIMProtocol] handleMessage: cmd=3 (JH_WRITE) usedXimInput=true string="s"
[XIMLogger] NOT writing to JSON: jsonEnabled=false logStream=false type=JH_WRITE
[XIMLogger] NOT writing to JSON: jsonEnabled=false logStream=false type=JH_WRITE_REPLY
[ExecLibrary] replyMsg: Putting message 0x1034e4 to replyPort 0x1035ec
[ExecLibrary] PutMsg: Calling Signal(task=0x5f00, mask=0x10000) sigBit=16 portName=
[ExecLibrary] Signal APPLIED: sigRecvd 0x50000 -> 0x50000, sigWait=0x0, isWaiting=false
[ExecLibrary] replyMsg: Message delivered to replyPort
[ExecLibrary] replyMsg: Putting message 0x1034e4 to replyPort 0x1035ec
[ExecLibrary] PutMsg: Calling Signal(task=0x5f00, mask=0x10000) sigBit=16 portName=
[ExecLibrary] Signal APPLIED: sigRecvd 0x50000 -> 0x50000, sigWait=0x0, isWaiting=false
[ExecLibrary] replyMsg: Message delivered to replyPort
[DoorLifecycleManager] doorMessageCallback: Message handled for cmd=3 (XIM handler replied)
[ExecLibrary][Trap][WaitPort] port=0x1035ec name=undefined
[ExecLibrary][Trap][GetMsg] port=0x1035ec name=undefined
[ExecLibrary][GetMsg] Door received message:
  ln_Type=6 (6=NT_REPLYMSG)
  Command=3 (at 0xE0)
  Data=1 (at 0xDC)
  String="s" (at 0x14)
[XIMMessageParser] Parsed jhMessage:
  Address: 0x1034e4
  Length: 264 (layout=long)
  Reply Port: 0x1035ec
  Command: 6 (JH_HK (Hotkey))
  Data: 1 (0x1)
  Node: 1, Line: 0
  Signal: 0, Task: 0x0
  Semi: 0x0
  Filler1: 0x0, Filler2: 0x0
  StrPtr: 0x1034f8, Filler3: 0x0
  String: ""
[XIMProtocol] handleMessage: cmd=6 (JH_HK (Hotkey)) usedXimInput=true string=""
[XIMLogger] NOT writing to JSON: jsonEnabled=false logStream=false type=JH_HK (Hotkey)
[XIMIOHandler] JH_HK (Hotkey) received - setting usedXimInput=true
[DEBUG JH_HK handleHotkey] msg.stringPtr=0x1034f8 embedded=0x1034f8
[XIMMessageParser] writeCommand: msgAddr=0x1034e4 offset=224 value=1 (0x1) layout=long
[XIMIOHandler] JH_HK: Wrote keyCode=111 (char 'o') to msg.string[0] at 0x1034f8
[XIMIOHandler] JH_HK: Wrote ximPort=1 to msg.command
[DEBUG JH_HK] BEFORE reply(): msg.string[0]=0x6f keyCode=111
[XIMLogger] NOT writing to JSON: jsonEnabled=false logStream=false type=JH_HK (Hotkey)_REPLY
[ExecLibrary] replyMsg: Putting message 0x1034e4 to replyPort 0x1035ec
[ExecLibrary] PutMsg: Calling Signal(task=0x5f00, mask=0x10000) sigBit=16 portName=
[ExecLibrary] Signal APPLIED: sigRecvd 0x50000 -> 0x50000, sigWait=0x0, isWaiting=false
[ExecLibrary] replyMsg: Message delivered to replyPort
[DEBUG JH_HK] AFTER reply(): msg.string[0]=0x6f
[DEBUG JH_HK] msg.string[0-31] HEX: 6f 00 33 36 6d 45 6e 74 65 72 20 79 6f 75 72 20 4c 69 6e 65 1b 5b 30 6d 3a 20 00 20 20 20 20 20
[DEBUG JH_HK] msg.string[0-31] ASCII: "o.36mEnter your Line.[0m: .     "
[ExecLibrary] replyMsg: Putting message 0x1034e4 to replyPort 0x1035ec
[ExecLibrary] PutMsg: Calling Signal(task=0x5f00, mask=0x10000) sigBit=16 portName=
[ExecLibrary] Signal APPLIED: sigRecvd 0x50000 -> 0x50000, sigWait=0x0, isWaiting=false
[ExecLibrary] replyMsg: Message delivered to replyPort
[MoiraEmulator] Emulator RESUMING from pause
[DoorLifecycleManager] doorMessageCallback: Message handled for cmd=6 (XIM handler replied)
[ExecLibrary][Trap][WaitPort] port=0x1035ec name=undefined
[ExecLibrary][Trap][GetMsg] port=0x1035ec name=undefined
[ExecLibrary][GetMsg] Door received message:
  ln_Type=6 (6=NT_REPLYMSG)
  Command=1 (at 0xE0)
  Data=1 (at 0xDC)
  String="o" (at 0x14)
[XIMMessageParser] Parsed jhMessage:
  Address: 0x1034e4
  Length: 264 (layout=long)
  Reply Port: 0x1035ec
  Command: 3 (JH_WRITE)
  Data: 0 (0x0)
  Node: 1, Line: 0
  Signal: 0, Task: 0x0
  Semi: 0x0
  Filler1: 0x0, Filler2: 0x0
  StrPtr: 0x1034f8, Filler3: 0x0
  String: "o"
[XIMProtocol] handleMessage: cmd=3 (JH_WRITE) usedXimInput=true string="o"
[XIMLogger] NOT writing to JSON: jsonEnabled=false logStream=false type=JH_WRITE
[XIMLogger] NOT writing to JSON: jsonEnabled=false logStream=false type=JH_WRITE_REPLY
[ExecLibrary] replyMsg: Putting message 0x1034e4 to replyPort 0x1035ec
[ExecLibrary] PutMsg: Calling Signal(task=0x5f00, mask=0x10000) sigBit=16 portName=
[ExecLibrary] Signal APPLIED: sigRecvd 0x50000 -> 0x50000, sigWait=0x0, isWaiting=false
[ExecLibrary] replyMsg: Message delivered to replyPort
[ExecLibrary] replyMsg: Putting message 0x1034e4 to replyPort 0x1035ec
[ExecLibrary] PutMsg: Calling Signal(task=0x5f00, mask=0x10000) sigBit=16 portName=
[ExecLibrary] Signal APPLIED: sigRecvd 0x50000 -> 0x50000, sigWait=0x0, isWaiting=false
[ExecLibrary] replyMsg: Message delivered to replyPort
[DoorLifecycleManager] doorMessageCallback: Message handled for cmd=3 (XIM handler replied)
[ExecLibrary][Trap][WaitPort] port=0x1035ec name=undefined
[ExecLibrary][Trap][GetMsg] port=0x1035ec name=undefined
[ExecLibrary][GetMsg] Door received message:
  ln_Type=6 (6=NT_REPLYMSG)
  Command=3 (at 0xE0)
  Data=1 (at 0xDC)
  String="o" (at 0x14)
[XIMMessageParser] Parsed jhMessage:
  Address: 0x1034e4
  Length: 264 (layout=long)
  Reply Port: 0x1035ec
  Command: 6 (JH_HK (Hotkey))
  Data: 1 (0x1)
  Node: 1, Line: 0
  Signal: 0, Task: 0x0
  Semi: 0x0
  Filler1: 0x0, Filler2: 0x0
  StrPtr: 0x1034f8, Filler3: 0x0
  String: ""
[XIMProtocol] handleMessage: cmd=6 (JH_HK (Hotkey)) usedXimInput=true string=""
[XIMLogger] NOT writing to JSON: jsonEnabled=false logStream=false type=JH_HK (Hotkey)
[XIMIOHandler] JH_HK (Hotkey) received - setting usedXimInput=true
[DEBUG JH_HK handleHotkey] msg.stringPtr=0x1034f8 embedded=0x1034f8
[XIMMessageParser] writeCommand: msgAddr=0x1034e4 offset=224 value=1 (0x1) layout=long
[XIMIOHandler] JH_HK: Wrote keyCode=112 (char 'p') to msg.string[0] at 0x1034f8
[XIMIOHandler] JH_HK: Wrote ximPort=1 to msg.command
[DEBUG JH_HK] BEFORE reply(): msg.string[0]=0x70 keyCode=112
[XIMLogger] NOT writing to JSON: jsonEnabled=false logStream=false type=JH_HK (Hotkey)_REPLY
[ExecLibrary] replyMsg: Putting message 0x1034e4 to replyPort 0x1035ec
[ExecLibrary] PutMsg: Calling Signal(task=0x5f00, mask=0x10000) sigBit=16 portName=
[ExecLibrary] Signal APPLIED: sigRecvd 0x50000 -> 0x50000, sigWait=0x0, isWaiting=false
[ExecLibrary] replyMsg: Message delivered to replyPort
[DEBUG JH_HK] AFTER reply(): msg.string[0]=0x70
[DEBUG JH_HK] msg.string[0-31] HEX: 70 00 33 36 6d 45 6e 74 65 72 20 79 6f 75 72 20 4c 69 6e 65 1b 5b 30 6d 3a 20 00 20 20 20 20 20
[DEBUG JH_HK] msg.string[0-31] ASCII: "p.36mEnter your Line.[0m: .     "
[ExecLibrary] replyMsg: Putting message 0x1034e4 to replyPort 0x1035ec
[ExecLibrary] PutMsg: Calling Signal(task=0x5f00, mask=0x10000) sigBit=16 portName=
[ExecLibrary] Signal APPLIED: sigRecvd 0x50000 -> 0x50000, sigWait=0x0, isWaiting=false
[ExecLibrary] replyMsg: Message delivered to replyPort
[MoiraEmulator] Emulator RESUMING from pause
[DoorLifecycleManager] doorMessageCallback: Message handled for cmd=6 (XIM handler replied)
[ExecLibrary][Trap][WaitPort] port=0x1035ec name=undefined
[ExecLibrary][Trap][GetMsg] port=0x1035ec name=undefined
[ExecLibrary][GetMsg] Door received message:
  ln_Type=6 (6=NT_REPLYMSG)
  Command=1 (at 0xE0)
  Data=1 (at 0xDC)
  String="p" (at 0x14)
[XIMMessageParser] Parsed jhMessage:
  Address: 0x1034e4
  Length: 264 (layout=long)
  Reply Port: 0x1035ec
  Command: 3 (JH_WRITE)
  Data: 0 (0x0)
  Node: 1, Line: 0
  Signal: 0, Task: 0x0
  Semi: 0x0
  Filler1: 0x0, Filler2: 0x0
  StrPtr: 0x1034f8, Filler3: 0x0
  String: "p"
[XIMProtocol] handleMessage: cmd=3 (JH_WRITE) usedXimInput=true string="p"
[XIMLogger] NOT writing to JSON: jsonEnabled=false logStream=false type=JH_WRITE
[XIMLogger] NOT writing to JSON: jsonEnabled=false logStream=false type=JH_WRITE_REPLY
[ExecLibrary] replyMsg: Putting message 0x1034e4 to replyPort 0x1035ec
[ExecLibrary] PutMsg: Calling Signal(task=0x5f00, mask=0x10000) sigBit=16 portName=
[ExecLibrary] Signal APPLIED: sigRecvd 0x50000 -> 0x50000, sigWait=0x0, isWaiting=false
[ExecLibrary] replyMsg: Message delivered to replyPort
[ExecLibrary] replyMsg: Putting message 0x1034e4 to replyPort 0x1035ec
[ExecLibrary] PutMsg: Calling Signal(task=0x5f00, mask=0x10000) sigBit=16 portName=
[ExecLibrary] Signal APPLIED: sigRecvd 0x50000 -> 0x50000, sigWait=0x0, isWaiting=false
[ExecLibrary] replyMsg: Message delivered to replyPort
[DoorLifecycleManager] doorMessageCallback: Message handled for cmd=3 (XIM handler replied)
[ExecLibrary][Trap][WaitPort] port=0x1035ec name=undefined
[ExecLibrary][Trap][GetMsg] port=0x1035ec name=undefined
[ExecLibrary][GetMsg] Door received message:
  ln_Type=6 (6=NT_REPLYMSG)
  Command=3 (at 0xE0)
  Data=1 (at 0xDC)
  String="p" (at 0x14)
[XIMMessageParser] Parsed jhMessage:
  Address: 0x1034e4
  Length: 264 (layout=long)
  Reply Port: 0x1035ec
  Command: 6 (JH_HK (Hotkey))
  Data: 1 (0x1)
  Node: 1, Line: 0
  Signal: 0, Task: 0x0
  Semi: 0x0
  Filler1: 0x0, Filler2: 0x0
  StrPtr: 0x1034f8, Filler3: 0x0
  String: ""
[MoiraEmulator] Emulator PAUSED (waiting for async input)
[XIMProtocol] handleMessage: cmd=6 (JH_HK (Hotkey)) usedXimInput=true string=""
[XIMLogger] NOT writing to JSON: jsonEnabled=false logStream=false type=JH_HK (Hotkey)
[XIMIOHandler] JH_HK (Hotkey) received - setting usedXimInput=true
[MoiraEmulator] Emulator PAUSED (waiting for async input)
[DoorLifecycleManager] doorMessageCallback: Message handled for cmd=6 (XIM handler replied)
[COMMAND-HANDLER-ENTRY] COMMAND EVENT FIRED! DWtVnknAc9ZxeTv3AAAB
=== COMMAND RECEIVED [v2024-FIXED] ===
Raw data: "\r" length: 1 charCode: 13
[socket-handlers] checkPauseHandler active: false, flagPauseHandler active: false
Session state: loggedon subState: door_running
Input buffer: ""
🎯 ENTER KEY DETECTED!
🎯 Current subState: door_running
🎯 Is POST_MESSAGE_SUBJECT? false
🎯 Input buffer contents: ""
[socket-handlers] About to check door - data="" (len=1), inDoor=true, subState=door_running
[socket-handlers] ABOUT TO CALL doorInputHandler with: "" (length=1, charCode=13)
[executeAmigaDoor] doorInputHandler received: "" (len=1) hasXIM=true
[executeAmigaDoor] Call stack:     at Object.session.doorInputHandler (/Users/spot/Code/amiexpress-web/web/backend/src/handlers/door.handler.ts:2307:47)
    at Socket.<anonymous> (/Users/spot/Code/amiexpress-web/web/backend/src/server/socket-handlers.ts:672:17)
    at Socket.emit (node:events:508:28)
    at Socket.emitUntyped (/Users/spot/Code/amiexpress-web/web/backend/node_modules/socket.io/dist/typed-events.js:69:22)
[DEBUG JH_HK completeHotkey] msg.stringPtr=0x1034f8 embedded=0x1034f8
[XIMMessageParser] writeCommand: msgAddr=0x1034e4 offset=224 value=1 (0x1) layout=long
[XIMLogger] NOT writing to JSON: jsonEnabled=false logStream=false type=JH_HK (Hotkey)_REPLY
[ExecLibrary] replyMsg: Putting message 0x1034e4 to replyPort 0x1035ec
[ExecLibrary] PutMsg: Calling Signal(task=0x5f00, mask=0x10000) sigBit=16 portName=
[ExecLibrary] Signal APPLIED: sigRecvd 0x50000 -> 0x50000, sigWait=0x0, isWaiting=false
[ExecLibrary] replyMsg: Message delivered to replyPort
[ExecLibrary] replyMsg: Putting message 0x1034e4 to replyPort 0x1035ec
[ExecLibrary] PutMsg: Calling Signal(task=0x5f00, mask=0x10000) sigBit=16 portName=
[ExecLibrary] Signal APPLIED: sigRecvd 0x50000 -> 0x50000, sigWait=0x0, isWaiting=false
[ExecLibrary] replyMsg: Message delivered to replyPort
[MoiraEmulator] Emulator RESUMING from pause
[XIMProtocol] shouldInjectNativeInput: registered=true waiting=false isNative=false usedXimInput=true doorPort=0x103474
[ExecLibrary][Trap][WaitPort] port=0x1035ec name=undefined
[ExecLibrary][Trap][GetMsg] port=0x1035ec name=undefined
[ExecLibrary][GetMsg] Door received message:
  ln_Type=6 (6=NT_REPLYMSG)
  Command=1 (at 0xE0)
  Data=1 (at 0xDC)
  String="" (at 0x14)
[XIMMessageParser] Parsed jhMessage:
  Address: 0x1034e4
  Length: 264 (layout=long)
  Reply Port: 0x1035ec
  Command: 100 (DT_NAME)
  Data: 1 (0x1)
  Node: 1, Line: 0
  Signal: 0, Task: 0x0
  Semi: 0x0
  Filler1: 0x0, Filler2: 0x0
  StrPtr: 0x1034f8, Filler3: 0x0
  String: ""
[XIMProtocol] handleMessage: cmd=100 (DT_NAME) usedXimInput=true string=""
[XIMLogger] NOT writing to JSON: jsonEnabled=false logStream=false type=DT_NAME
[XIMLogger] NOT writing to JSON: jsonEnabled=false logStream=false type=DT_NAME_REPLY
[ExecLibrary] replyMsg: Putting message 0x1034e4 to replyPort 0x1035ec
[ExecLibrary] PutMsg: Calling Signal(task=0x5f00, mask=0x10000) sigBit=16 portName=
[ExecLibrary] Signal APPLIED: sigRecvd 0x50000 -> 0x50000, sigWait=0x0, isWaiting=false
[ExecLibrary] replyMsg: Message delivered to replyPort
[DoorLifecycleManager] doorMessageCallback: Message handled for cmd=100 (XIM handler replied)
[ExecLibrary][Trap][WaitPort] port=0x1035ec name=undefined
[ExecLibrary][Trap][GetMsg] port=0x1035ec name=undefined
[ExecLibrary][GetMsg] Door received message:
  ln_Type=6 (6=NT_REPLYMSG)
  Command=100 (at 0xE0)
  Data=1 (at 0xDC)
  String="sysop" (at 0x14)
[exec-vectors] OpenLibrary TRAP: name="kokkiklhs" version=100
[LibraryLoader] Loading kokkiklhs (version >= 100)
[LibraryLoader] Library file not found: kokkiklhs
[exec-vectors] OpenLibrary TRAP result: 0x1f8000
[FileManager] Open: "dOORS:dRE/dRE!WAll/dRE!WAll.dAtA" mode=1006
[PathManager] Mapped (case-insensitive): "dOORS:dRE/dRE!WAll/dRE!WAll.dAtA" => "/Users/spot/Code/amiexpress-web/Doors/dRE/dRE!WAll/dRE!WAll.dAtA"
[FileManager] Open: "dOORS:dRE/dRE!WAll/dRE!WAll.dAtA" -> "/Users/spot/Code/amiexpress-web/Doors/dRE/dRE!WAll/dRE!WAll.dAtA" (EXISTS)
[FileHandle] Opening "dOORS:dRE/dRE!WAll/dRE!WAll.dAtA" for WRITE WITHOUT O_TRUNC - preserving existing content
[FileHandle] After open: "dOORS:dRE/dRE!WAll/dRE!WAll.dAtA" size=100 bytes (write mode)
[FileManager] Opened file: [FH:'dRE!WAll.dAtA'(ami='dOORS:dRE/dRE!WAll/dRE!WAll.dAtA',sys='/Users/spot/Code/amiexpress-web/Doors/dRE/dRE!WAll/dRE!WAll.dAtA',nc=true)@0x0=B@0x4]
[dos.library] Write() to handle 4 (dRE!WAll) - ALL REGISTERS:
  D0=0x10368c D1=4 D2=0x10368c D3=100
  A0=0x1036f4 A1=0x10368c A2=0x4dc0 A3=0x10368c
  A4=0x4608 A5=0x4c84 A6=0xb0000
  PC=0xaffd0 SP=0x5d08
  A0[0x1036f4]: ................................
  A1[0x10368c]: kokkiklhs. ..P ..L ..P ..L ..P H
  A2[0x4dc0]: ..4.............................
  A3[0x10368c]: kokkiklhs. ..P ..L ..P ..L ..P H
  A4[0x4608]: dRE!WAll v2.0 by dR.dRE! Of (tRS
  A5[0x4c84]: dOORS:dRE/dRE!WAll/dRE!WAll.dAtA
  msg.string[0x1034f8]: "sysop..........................."
[FileManager] Write BPTR=4 file="dOORS:dRE/dRE!WAll/dRE!WAll.dAtA" len=100
[FileManager]   Hex: 6b 6f 6b 6b 69 6b 6c 68 73 00 20 00 08 50 20 00 08 4c 20 00 08 50 20 00 08 4c 20 00 00 50 20 48 65 6c 6c 6f 20 66 72 6f 6d 20 41 74 68 65 6e 73 20 61 6e 64 20 74 68 61 6e 6b 73 20 66 6f 72 20 74 68 65 20 6e 69 63 65 20 73 74 75 66 66 21 21 21 00 20 00 08 50 20 00 08 50 20 00 00 00 20 00 00 00 00 00
[FileManager]   ASCII: kokkiklhs. ..P ..L ..P ..L ..P Hello from Athens and thanks for the nice stuff!!!. ..P ..P ... .....
[FileHandle] write 100 bytes to /Users/spot/Code/amiexpress-web/Doors/dRE/dRE!WAll/dRE!WAll.dAtA
[FileManager] Close BPTR=4
[FileManager] Closed: [FH:'dRE!WAll.dAtA'(ami='dOORS:dRE/dRE!WAll/dRE!WAll.dAtA',sys='/Users/spot/Code/amiexpress-web/Doors/dRE/dRE!WAll/dRE!WAll.dAtA',nc=true)@0x0=B@0x4]
[XIMMessageParser] Parsed jhMessage:
  Address: 0x1034e4
  Length: 264 (layout=long)
  Reply Port: 0x1035ec
  Command: 3 (JH_WRITE)
  Data: 0 (0x0)
  Node: 1, Line: 0
  Signal: 0, Task: 0x0
  Semi: 0x0
  Filler1: 0x0, Filler2: 0x0
  StrPtr: 0x1034f8, Filler3: 0x0
  String: "[0 p"
[XIMProtocol] handleMessage: cmd=3 (JH_WRITE) usedXimInput=true string="[0 p"
[XIMLogger] NOT writing to JSON: jsonEnabled=false logStream=false type=JH_WRITE
[XIM-DEBUG] Filtering Amiga cursor codes: ["[0 p"]
[XIMLogger] NOT writing to JSON: jsonEnabled=false logStream=false type=JH_WRITE_REPLY
[ExecLibrary] replyMsg: Putting message 0x1034e4 to replyPort 0x1035ec
[ExecLibrary] PutMsg: Calling Signal(task=0x5f00, mask=0x10000) sigBit=16 portName=
[ExecLibrary] Signal APPLIED: sigRecvd 0x50000 -> 0x50000, sigWait=0x0, isWaiting=false
[ExecLibrary] replyMsg: Message delivered to replyPort
[ExecLibrary] replyMsg: Putting message 0x1034e4 to replyPort 0x1035ec
[ExecLibrary] PutMsg: Calling Signal(task=0x5f00, mask=0x10000) sigBit=16 portName=
[ExecLibrary] Signal APPLIED: sigRecvd 0x50000 -> 0x50000, sigWait=0x0, isWaiting=false
[ExecLibrary] replyMsg: Message delivered to replyPort
[DoorLifecycleManager] doorMessageCallback: Message handled for cmd=3 (XIM handler replied)
[ExecLibrary][Trap][WaitPort] port=0x1035ec name=undefined
[ExecLibrary][Trap][GetMsg] port=0x1035ec name=undefined
[ExecLibrary][GetMsg] Door received message:
  ln_Type=6 (6=NT_REPLYMSG)
  Command=3 (at 0xE0)
  Data=0 (at 0xDC)
  String="[0 p" (at 0x14)
[XIMMessageParser] Parsed jhMessage:
  Address: 0x1034e4
  Length: 264 (layout=long)
  Reply Port: 0x1035ec
  Command: 3 (JH_WRITE)
  Data: 0 (0x0)
  Node: 1, Line: 0
  Signal: 0, Task: 0x0
  Semi: 0x0
  Filler1: 0x0, Filler2: 0x0
  StrPtr: 0x1034f8, Filler3: 0x0
  String: "[5;0H[0mHello from Athens and thanks for the nice stuff!!!           kokkiklhs        "
[XIMProtocol] handleMessage: cmd=3 (JH_WRITE) usedXimInput=true string="[5;0H[0mHello from Athens and thanks for the nic"
[XIMLogger] NOT writing to JSON: jsonEnabled=false logStream=false type=JH_WRITE
[XIMLogger] NOT writing to JSON: jsonEnabled=false logStream=false type=JH_WRITE_REPLY
[ExecLibrary] replyMsg: Putting message 0x1034e4 to replyPort 0x1035ec
[ExecLibrary] PutMsg: Calling Signal(task=0x5f00, mask=0x10000) sigBit=16 portName=
[ExecLibrary] Signal APPLIED: sigRecvd 0x50000 -> 0x50000, sigWait=0x0, isWaiting=false
[ExecLibrary] replyMsg: Message delivered to replyPort
[ExecLibrary] replyMsg: Putting message 0x1034e4 to replyPort 0x1035ec
[ExecLibrary] PutMsg: Calling Signal(task=0x5f00, mask=0x10000) sigBit=16 portName=
[ExecLibrary] Signal APPLIED: sigRecvd 0x50000 -> 0x50000, sigWait=0x0, isWaiting=false
[ExecLibrary] replyMsg: Message delivered to replyPort
[DoorLifecycleManager] doorMessageCallback: Message handled for cmd=3 (XIM handler replied)
[ExecLibrary][Trap][WaitPort] port=0x1035ec name=undefined
[ExecLibrary][Trap][GetMsg] port=0x1035ec name=undefined
[ExecLibrary][GetMsg] Door received message:
  ln_Type=6 (6=NT_REPLYMSG)
  Command=3 (at 0xE0)
  Data=89 (at 0xDC)
  String="[5;0H[0mHello from Athens and " (at 0x14)
[XIMMessageParser] Parsed jhMessage:
  Address: 0x1034e4
  Length: 264 (layout=long)
  Reply Port: 0x1035ec
  Command: 3 (JH_WRITE)
  Data: 0 (0x0)
  Node: 1, Line: 0
  Signal: 0, Task: 0x0
  Semi: 0x0
  Filler1: 0x0, Filler2: 0x0
  StrPtr: 0x1034f8, Filler3: 0x0
  String: "[1 p"
[XIMProtocol] handleMessage: cmd=3 (JH_WRITE) usedXimInput=true string="[1 p"
[XIMLogger] NOT writing to JSON: jsonEnabled=false logStream=false type=JH_WRITE
[XIM-DEBUG] Filtering Amiga cursor codes: ["[1 p"]
[XIMLogger] NOT writing to JSON: jsonEnabled=false logStream=false type=JH_WRITE_REPLY
[ExecLibrary] replyMsg: Putting message 0x1034e4 to replyPort 0x1035ec
[ExecLibrary] PutMsg: Calling Signal(task=0x5f00, mask=0x10000) sigBit=16 portName=
[ExecLibrary] Signal APPLIED: sigRecvd 0x50000 -> 0x50000, sigWait=0x0, isWaiting=false
[ExecLibrary] replyMsg: Message delivered to replyPort
[ExecLibrary] replyMsg: Putting message 0x1034e4 to replyPort 0x1035ec
[ExecLibrary] PutMsg: Calling Signal(task=0x5f00, mask=0x10000) sigBit=16 portName=
[ExecLibrary] Signal APPLIED: sigRecvd 0x50000 -> 0x50000, sigWait=0x0, isWaiting=false
[ExecLibrary] replyMsg: Message delivered to replyPort
[DoorLifecycleManager] doorMessageCallback: Message handled for cmd=3 (XIM handler replied)
[ExecLibrary][Trap][WaitPort] port=0x1035ec name=undefined
[ExecLibrary][Trap][GetMsg] port=0x1035ec name=undefined
[ExecLibrary][GetMsg] Door received message:
  ln_Type=6 (6=NT_REPLYMSG)
  Command=3 (at 0xE0)
  Data=0 (at 0xDC)
  String="[1 p" (at 0x14)
[XIMMessageParser] Parsed jhMessage:
  Address: 0x1034e4
  Length: 264 (layout=long)
  Reply Port: 0x1035ec
  Command: 3 (JH_WRITE)
  Data: 0 (0x0)
  Node: 1, Line: 0
  Signal: 0, Task: 0x0
  Semi: 0x0
  Filler1: 0x0, Filler2: 0x0
  StrPtr: 0x1034f8, Filler3: 0x0
  String: "[26;0H"
[XIMProtocol] handleMessage: cmd=3 (JH_WRITE) usedXimInput=true string="[26;0H"
[XIMLogger] NOT writing to JSON: jsonEnabled=false logStream=false type=JH_WRITE
[XIMLogger] NOT writing to JSON: jsonEnabled=false logStream=false type=JH_WRITE_REPLY
[ExecLibrary] replyMsg: Putting message 0x1034e4 to replyPort 0x1035ec
[ExecLibrary] PutMsg: Calling Signal(task=0x5f00, mask=0x10000) sigBit=16 portName=
[ExecLibrary] Signal APPLIED: sigRecvd 0x50000 -> 0x50000, sigWait=0x0, isWaiting=false
[ExecLibrary] replyMsg: Message delivered to replyPort
[ExecLibrary] replyMsg: Putting message 0x1034e4 to replyPort 0x1035ec
[ExecLibrary] PutMsg: Calling Signal(task=0x5f00, mask=0x10000) sigBit=16 portName=
[ExecLibrary] Signal APPLIED: sigRecvd 0x50000 -> 0x50000, sigWait=0x0, isWaiting=false
[ExecLibrary] replyMsg: Message delivered to replyPort
[DoorLifecycleManager] doorMessageCallback: Message handled for cmd=3 (XIM handler replied)
[ExecLibrary][Trap][WaitPort] port=0x1035ec name=undefined
[ExecLibrary][Trap][GetMsg] port=0x1035ec name=undefined
[ExecLibrary][GetMsg] Door received message:
  ln_Type=6 (6=NT_REPLYMSG)
  Command=3 (at 0xE0)
  Data=8 (at 0xDC)
  String="[26;0H" (at 0x14)
[XIMMessageParser] Parsed jhMessage:
  Address: 0x1034e4
  Length: 264 (layout=long)
  Reply Port: 0x1035ec
  Command: 2 (JH_SHUTDOWN)
  Data: 8 (0x8)
  Node: 1, Line: 0
  Signal: 0, Task: 0x0
  Semi: 0x0
  Filler1: 0x0, Filler2: 0x0
  StrPtr: 0x1034f8, Filler3: 0x0
  String: "[26;0H"
[XIMProtocol] handleMessage: cmd=2 (JH_SHUTDOWN) usedXimInput=true string="[26;0H"
[XIMLogger] NOT writing to JSON: jsonEnabled=false logStream=false type=JH_SHUTDOWN
[XIMLogger] NOT writing to JSON: jsonEnabled=false logStream=false type=JH_SHUTDOWN_REPLY
[ExecLibrary] replyMsg: Putting message 0x1034e4 to replyPort 0x1035ec
[ExecLibrary] PutMsg: Calling Signal(task=0x5f00, mask=0x10000) sigBit=16 portName=
[ExecLibrary] Signal APPLIED: sigRecvd 0x50000 -> 0x50000, sigWait=0x0, isWaiting=false
[ExecLibrary] replyMsg: Message delivered to replyPort
[DoorLifecycleManager] doorMessageCallback: Message handled for cmd=2 (XIM handler replied)
[DoorLifecycleManager] doorMessageCallback: Door sent JH_SHUTDOWN - stopping execution
[executeAmigaDoor] Door execution completed
[GameMode] Disabled
[XIMProtocol] getStateSnapshot called - debugId="state_1769032011818_wmjpyggc7" returnCommand="NONE", chainCommand="NONE"
[AmigaDoorSession] getExitState: hasXimProtocol=true, returnCommand="NONE"
[executeAmigaDoor] getExitState returned: ximState.returnCommand="NONE", hasXimProtocol=true
[menu] displayMenuPrompt called
  - bbsName: AmiExpress Web BBS
  - currentConf: 2
  - currentConfName: General
  - relConfNum: 0
  - currentMsgBase: 1
  - timeRemaining: 60
  - msgBasesInConf.length: 1
  - currentMsgBase found: true
 Sending single-msgbase prompt: 
[35mAmiExpress Web BBS [36m[0:General][0m Menu ([33m9999[0m mins left): 
[DoorDropFile] Deleted DOOR.SYS for Node1
[DoorDropFile] Deleted DORINFO1.DEF for Node1
[CallersLog] Node1: Door exit: WALL
[BBSEventEmitter] Emitted door_activity: sysop (node 1)
[executeDoor] Door WALL completed during segment processing - continuing segments
[CommandPriority] Executed as SysCommand
[MCI][CC_] COMMAND RESULT: wall → SUCCESS
[SCREEN] [MCI] Sequential: emitted text before ~CC_gwall
[MCI][CC_] EXECUTING INLINE COMMAND: gwall state: loggedon subState: read_command
[SCREEN] [MCI] Sequential: ~CC_ processSysCommand: gwall
[CommandPriority] Processing command: gwall with params: 
[InternalRouter] Overriding internal command 'GWALL' with external BBSCMD door.
Executing: GWALL
[SYSOP DEBUG] CMD: Executing: GWALL
[BBSConfig] Loaded configuration from bbsConfig.info
[BBSConfig] Loaded configuration overrides from bbsConfig.info.txt
[SYSOP DEBUG] COMMAND: Executing TS door: Doors/gwall
{
  "type": "TS",
  "location": "Doors/gwall"
}
Executing door: GWALL
[loadDoorManifestForExecution] Loading manifest for door: GWALL, id: gwall, path: Doors/gwall
[loadDoorManifestForExecution] Trying door.path: /Users/spot/Code/amiexpress-web/Doors/gwall/package.json
[loadDoorManifestForExecution] Found manifest via door.path, runtime: not specified
[DoorDropFile] Created DOOR.SYS for Node1
[DoorDropFile] Created DORINFO1.DEF for Node1
[CallersLog] Node1: Door: GWALL
[BBSEventEmitter] Emitted door_activity: sysop (node 1)
[executeTypeScriptDoor] ===== EXEC ID: mkojzswzu5p0 =====
[executeTypeScriptDoor] Starting TypeScript door: GWALL
[executeTypeScriptDoor] Door path: Doors/gwall
[executeTypeScriptDoor] Found root index.ts, using source instead of package.json main
[executeTypeScriptDoor] Resolved path: /Users/spot/Code/amiexpress-web/Doors/gwall/index.ts
[executeTypeScriptDoor] Actual filesystem path: /Users/spot/Code/amiexpress-web/Doors/gwall/index.ts
[executeTypeScriptDoor] Importing: file:///Users/spot/Code/amiexpress-web/Doors/gwall/index.ts
[executeTypeScriptDoor] SDK v2.0 Door detected, calling execute()
[executeTypeScriptDoor] Set inDoorManager=true
[executeTypeScriptDoor] Sent door:status: running, door-active: true
[createBBSApi] Created BBSApi, has enableMouseEvents: function
[executeTypeScriptDoor] Calling door.execute() with SDK context...
[COMMAND-HANDLER-ENTRY] COMMAND EVENT FIRED! DWtVnknAc9ZxeTv3AAAB
=== COMMAND RECEIVED [v2024-FIXED] ===
Raw data: "\r" length: 1 charCode: 13
[socket-handlers] checkPauseHandler active: false, flagPauseHandler active: false
Session state: loggedon subState: read_command
Input buffer: ""
🎯 ENTER KEY DETECTED!
🎯 Current subState: read_command
🎯 Is POST_MESSAGE_SUBJECT? false
🎯 Input buffer contents: ""
[socket-handlers] About to check door - data="" (len=1), inDoor=true, subState=read_command
[socket-handlers] ABOUT TO CALL doorInputHandler with: "" (length=1, charCode=13)
[executeTypeScriptDoor] Door.execute() returned
[executeTypeScriptDoor] Door completed successfully
[GameMode] Disabled
[executeTypeScriptDoor] Cleared inDoorManager and doorInputHandler
[executeTypeScriptDoor] Sent door:status: stopped, door-active: false
[executeTypeScriptDoor] Door GWALL completed during segment processing - continuing segments
[DoorDropFile] Deleted DOOR.SYS for Node1
[DoorDropFile] Deleted DORINFO1.DEF for Node1
[CallersLog] Node1: Door exit: GWALL
[BBSEventEmitter] Emitted door_activity: sysop (node 1)
[executeDoor] Door GWALL completed during segment processing - continuing segments
[CommandPriority] Executed as SysCommand
[MCI][CC_] COMMAND RESULT: gwall → SUCCESS
[SCREEN] [MCI] Sequential: emitted text before ~5SR_WORK:b
[SCREEN] [MCI] Sequential: ~SR_ random file: WORK:bbs/Screens/flt/flt
[SCREEN] [MCI] Sequential: ~SR_ selected: /Users/spot/Code/amiexpress-web/Screens/flt/005.flt
[SCREEN] [displayScreen] ========================================
[SCREEN] [displayScreen] REQUESTED SCREEN: /Users/spot/Code/amiexpress-web/Screens/flt/005.flt
[SCREEN] [displayScreen] Conference ID: 2
[SCREEN] [displayScreen] User: guest
[SCREEN] [displayScreen] ========================================
[SCREEN] [loadScreenFile] Loading screen: /Users/spot/Code/amiexpress-web/Screens/flt/005.flt
[SCREEN] [loadScreenFile] Base directory: /Users/spot/Code/amiexpress-web
[SCREEN] [loadScreenFile] Conference ID: 2, Node ID: 1
[SCREEN] [loadScreenFile] Terminal type: unknown (80x24)
[SCREEN] [loadScreenFile] PETSCII mode: NO
[SCREEN] [loadScreenFile] Trying 0 location(s) with case-insensitive matching:
[SCREEN] [loadScreenFile]   [1] /Users/spot/Code/amiexpress-web/Screens/flt/005.flt
[SCREEN] [loadScreenFile]  Found screen /Users/spot/Code/amiexpress-web/Screens/flt/005.flt at: /Users/spot/Code/amiexpress-web/Screens/flt/005.flt
[SCREEN] readScreenWithTransforms: /Users/spot/Code/amiexpress-web/Screens/flt/005.flt
[SCREEN]   Encoding: iso-8859-1, iCE: false
[NEWLINE-DEBUG] RAW CONTENT (/Users/spot/Code/amiexpress-web/Screens/flt/005.flt): 1395 bytes, 25 \n, 23 \r\n
[SCREEN] [displayScreen]  Screen loaded successfully: /Users/spot/Code/amiexpress-web/Screens/flt/005.flt
[SCREEN] [displayScreen] Content length: 1395 bytes
[SCREEN] [displayScreen] PETSCII: NO
[SCREEN] [displayScreen] Render event: /Users/spot/Code/amiexpress-web/Screens/flt/005.flt (node 1)
[DEBUG:SCREEN:INFO] Displaying screen: /Users/spot/Code/amiexpress-web/Screens/flt/005.flt {
  file: '/Users/spot/Code/amiexpress-web/Screens/flt/005.flt',
  size: '1395 bytes',
  isPetscii: false,
  conference: 2
}
[SCREEN] [MCI] ========== PROCESSING MCI CODES ==========
[SCREEN] [MCI] Content length: 1395
[SCREEN] [MCI] Looking for ~XC_ and ~XI codes...
[DEBUG:MCI:DEBUG] Parsing MCI codes (1395 bytes) 
[SCREEN] [MCI] Total commands to execute: 0
[SCREEN] [MCI] Sequential: emitted remaining text
[SCREEN] [MCI DEBUG] Looking for ~SS_ codes in: 
[NEWLINE-DEBUG] AFTER parseMciCodes NORMAL: 0 bytes, 0 \n, 0 \r\n
[NEWLINE-DEBUG] AFTER addAnsiEscapes: 0 bytes, 0 \n, 0 \r\n
[NEWLINE-DEBUG] AFTER NORMALIZE: 0 bytes, 0 \n, 0 \r\n
[WIPE-DEBUG] Screen: /Users/spot/Code/amiexpress-web/Screens/flt/005.flt, hasWipeAnimation: false, wipeType: null
[NEWLINE-DEBUG] SPLIT INTO LINES: 1 lines
[NEWLINE-DEBUG] FIRST 5 LINES:   [0] len=0: 
[WIPE-CHECK] hasWipeAnimation=false, wipeType=null, screenName=/Users/spot/Code/amiexpress-web/Screens/flt/005.flt
[SCREEN] [displayScreen] Content already emitted inline, skipping frame buffer
[SCREEN] [MCI DEBUG] Looking for ~SS_ codes in: 
[SCREEN] [processNextScreenSegment] Content already emitted inline
[handleCommand] handlePaginatedScreenInput returned: handled=true paginatedScreen=true
[COMMAND-HANDLER-ENTRY] COMMAND EVENT FIRED! DWtVnknAc9ZxeTv3AAAB
=== COMMAND RECEIVED [v2024-FIXED] ===
Raw data: "\r" length: 1 charCode: 13
[socket-handlers] checkPauseHandler active: false, flagPauseHandler active: false
Session state: loggedon subState: read_command
Input buffer: ""
🎯 ENTER KEY DETECTED!
🎯 Current subState: read_command
🎯 Is POST_MESSAGE_SUBJECT? false
🎯 Input buffer contents: ""
[socket-handlers] About to check door - data="" (len=1), inDoor=undefined, subState=read_command
[socket-handlers] ✗ NOT in door or no handler - routing to BBS command handler
[socket-handlers]   inDoorManager: undefined
[socket-handlers]   handler exists: false
=== handleCommand called ===
data: "\r"
session.state: loggedon
session.subState: read_command
[handleCommand] ENTRY: data="" subState=read_command paginatedScreen=true inDoorManager=undefined
[handleCommand] Has paginatedScreen - calling handlePaginatedScreenInput
[handlePaginatedScreenInput] ENTRY: data="" lines=1 nextIndex=1 pageSize=1
[SEGMENT] Processing segment 3/4: "~f
~SS_BBS:screens/uprough.txt..."
[SCREEN] [processNextScreenSegment] Processing segment 3: ~f
~SS_BBS:screens/uprough.txt...
[SCREEN] [MCI] ========== PROCESSING MCI CODES ==========
[SCREEN] [MCI] Content length: 30
[SCREEN] [MCI] Looking for ~XC_ and ~XI codes...
[DEBUG:MCI:DEBUG] Parsing MCI codes (30 bytes) 
[SCREEN] [MCI] Total commands to execute: 0
=== COMMAND PROCESSED ===

[SCREEN] [MCI] Sequential: emitted text before ~SS_BBS:scr
[SCREEN] [MCI] Sequential: ~SS_ displayFile: BBS:screens/uprough.txt
[SCREEN] [displayScreen] ========================================
[SCREEN] [displayScreen] REQUESTED SCREEN: BBS:screens/uprough.txt
[SCREEN] [displayScreen] Conference ID: 2
[SCREEN] [displayScreen] User: guest
[SCREEN] [displayScreen] ========================================
[SCREEN] [loadScreenFile] Loading screen: BBS:screens/uprough.txt
[SCREEN] [loadScreenFile] Base directory: /Users/spot/Code/amiexpress-web
[SCREEN] [loadScreenFile] Conference ID: 2, Node ID: 1
[SCREEN] [loadScreenFile] Terminal type: unknown (80x24)
[SCREEN] [loadScreenFile] PETSCII mode: NO
[SCREEN] [MCI] ~SS_ resolving Amiga path: BBS:screens/uprough.txt -> /Users/spot/Code/amiexpress-web/screens/uprough.txt
[SCREEN] [loadScreenFile] Trying 0 location(s) with case-insensitive matching:
[SCREEN] [loadScreenFile]   [1] /Users/spot/Code/amiexpress-web/screens/uprough.txt
[SCREEN] Found text screen: /Users/spot/Code/amiexpress-web/screens/uprough.TXT
[SCREEN] [loadScreenFile]  Found security screen for assign path: /Users/spot/Code/amiexpress-web/screens/uprough.TXT
[SCREEN] readScreenWithTransforms: /Users/spot/Code/amiexpress-web/screens/uprough.TXT
[SCREEN]   Encoding: iso-8859-1, iCE: false
[NEWLINE-DEBUG] RAW CONTENT (BBS:screens/uprough.txt): 10058 bytes, 2 \n, 2 \r\n
[SCREEN] [displayScreen]  Screen loaded successfully: BBS:screens/uprough.txt
[SCREEN] [displayScreen] Content length: 10058 bytes
[SCREEN] [displayScreen] PETSCII: NO
[SCREEN] [displayScreen] Render event: BBS:screens/uprough.txt (node 1)
[DEBUG:SCREEN:INFO] Displaying screen: BBS:screens/uprough.txt {
  file: '/Users/spot/Code/amiexpress-web/screens/uprough.TXT',
  size: '10058 bytes',
  isPetscii: false,
  conference: 2
}
[ANSI-ANIM] Detected animation: 856 cursor moves, 1389 total ANSI codes, 10058 bytes
[ANSI-ANIM] Density: 87.1 cursor/KB, 141.4 ANSI/KB
[ModemEmulator] install() skipped - already installed
[ModemEmulator] enable() called with bps=14400, enabled=true, bytesPerSecond=1440
[ANSI-ANIM] Enabled 14.4kbps modem emulation for BBS:screens/uprough.txt (was: 0 bps)
[DEBUG:SCREEN:INFO] ANSI animation detected - forced 14.4kbps playback { screen: 'BBS:screens/uprough.txt', previousSpeed: 0 }
[SCREEN] [MCI] ========== PROCESSING MCI CODES ==========
[SCREEN] [MCI] Content length: 10058
[SCREEN] [MCI] Looking for ~XC_ and ~XI codes...
[DEBUG:MCI:DEBUG] Parsing MCI codes (10058 bytes) 
[SCREEN] [MCI] Total commands to execute: 0
[ModemEmulator] Intercepting ansi-output (10055 bytes), throttling at 14400 bps
[SCREEN] [MCI] Sequential: emitted remaining text
[SCREEN] [MCI DEBUG] Looking for ~SS_ codes in: 
[NEWLINE-DEBUG] AFTER parseMciCodes NORMAL: 0 bytes, 0 \n, 0 \r\n
[NEWLINE-DEBUG] AFTER addAnsiEscapes: 0 bytes, 0 \n, 0 \r\n
[NEWLINE-DEBUG] AFTER NORMALIZE: 0 bytes, 0 \n, 0 \r\n
[WIPE-DEBUG] Screen: BBS:screens/uprough.txt, hasWipeAnimation: false, wipeType: null
[NEWLINE-DEBUG] SPLIT INTO LINES: 1 lines
[NEWLINE-DEBUG] FIRST 5 LINES:   [0] len=0: 
[WIPE-CHECK] hasWipeAnimation=false, wipeType=null, screenName=BBS:screens/uprough.txt
[SCREEN] [displayScreen] Content already emitted inline, skipping frame buffer
[SCREEN] [MCI DEBUG] Looking for ~SS_ codes in: 
[SCREEN] [processNextScreenSegment] Content already emitted inline
[ANSI-ANIM] Waiting for modem queue to drain before restoring state...
[handleCommand] handlePaginatedScreenInput returned: handled=true paginatedScreen=true
[ANSI-ANIM] Restored modem emulation to disabled (full speed)
[COMMAND-HANDLER-ENTRY] COMMAND EVENT FIRED! DWtVnknAc9ZxeTv3AAAB
=== COMMAND RECEIVED [v2024-FIXED] ===
Raw data: "\r" length: 1 charCode: 13
[socket-handlers] checkPauseHandler active: false, flagPauseHandler active: false
Session state: loggedon subState: read_command
Input buffer: ""
🎯 ENTER KEY DETECTED!
🎯 Current subState: read_command
🎯 Is POST_MESSAGE_SUBJECT? false
🎯 Input buffer contents: ""
[socket-handlers] About to check door - data="" (len=1), inDoor=undefined, subState=read_command
[socket-handlers] ✗ NOT in door or no handler - routing to BBS command handler
[socket-handlers]   inDoorManager: undefined
[socket-handlers]   handler exists: false
=== handleCommand called ===
data: "\r"
session.state: loggedon
session.subState: read_command
[handleCommand] ENTRY: data="" subState=read_command paginatedScreen=true inDoorManager=undefined
[handleCommand] Has paginatedScreen - calling handlePaginatedScreenInput
[handlePaginatedScreenInput] ENTRY: data="" lines=1 nextIndex=1 pageSize=1
[SEGMENT] Processing segment 4/4: "~f
~SS_BBS:screens/quicknew.txt..."
[SCREEN] [processNextScreenSegment] Processing segment 4: ~f
~SS_BBS:screens/quicknew.txt...
[SCREEN] [MCI] ========== PROCESSING MCI CODES ==========
[SCREEN] [MCI] Content length: 31
[SCREEN] [MCI] Looking for ~XC_ and ~XI codes...
[DEBUG:MCI:DEBUG] Parsing MCI codes (31 bytes) 
[SCREEN] [MCI] Total commands to execute: 0
=== COMMAND PROCESSED ===

[SCREEN] [MCI] Sequential: emitted text before ~SS_BBS:scr
[SCREEN] [MCI] Sequential: ~SS_ displayFile: BBS:screens/quicknew.txt
[SCREEN] [displayScreen] ========================================
[SCREEN] [displayScreen] REQUESTED SCREEN: BBS:screens/quicknew.txt
[SCREEN] [displayScreen] Conference ID: 2
[SCREEN] [displayScreen] User: guest
[SCREEN] [displayScreen] ========================================
[SCREEN] [loadScreenFile] Loading screen: BBS:screens/quicknew.txt
[SCREEN] [loadScreenFile] Base directory: /Users/spot/Code/amiexpress-web
[SCREEN] [loadScreenFile] Conference ID: 2, Node ID: 1
[SCREEN] [loadScreenFile] Terminal type: unknown (80x24)
[SCREEN] [loadScreenFile] PETSCII mode: NO
[SCREEN] [MCI] ~SS_ resolving Amiga path: BBS:screens/quicknew.txt -> /Users/spot/Code/amiexpress-web/screens/quicknew.txt
[SCREEN] [loadScreenFile] Trying 0 location(s) with case-insensitive matching:
[SCREEN] [loadScreenFile]   [1] /Users/spot/Code/amiexpress-web/screens/quicknew.txt
[SCREEN] Found text screen: /Users/spot/Code/amiexpress-web/screens/quicknew.TXT
[SCREEN] [loadScreenFile]  Found security screen for assign path: /Users/spot/Code/amiexpress-web/screens/quicknew.TXT
[SCREEN] readScreenWithTransforms: /Users/spot/Code/amiexpress-web/screens/quicknew.TXT
[SCREEN]   Encoding: iso-8859-1, iCE: false
[NEWLINE-DEBUG] RAW CONTENT (BBS:screens/quicknew.txt): 1677 bytes, 29 \n, 29 \r\n
[SCREEN] [displayScreen]  Screen loaded successfully: BBS:screens/quicknew.txt
[SCREEN] [displayScreen] Content length: 1677 bytes
[SCREEN] [displayScreen] PETSCII: NO
[SCREEN] [displayScreen] Render event: BBS:screens/quicknew.txt (node 1)
[DEBUG:SCREEN:INFO] Displaying screen: BBS:screens/quicknew.txt {
  file: '/Users/spot/Code/amiexpress-web/screens/quicknew.TXT',
  size: '1677 bytes',
  isPetscii: false,
  conference: 2
}
[SCREEN] [MCI] ========== PROCESSING MCI CODES ==========
[SCREEN] [MCI] Content length: 1677
[SCREEN] [MCI] Looking for ~XC_ and ~XI codes...
[DEBUG:MCI:DEBUG] Parsing MCI codes (1677 bytes) 
[SCREEN] [MCI] Total commands to execute: 0
[SCREEN] [MCI] Sequential: ~SP found in remaining text, pausing
[NEWLINE-DEBUG] AFTER parseMciCodes NORMAL: 0 bytes, 0 \n, 0 \r\n
[NEWLINE-DEBUG] AFTER addAnsiEscapes: 0 bytes, 0 \n, 0 \r\n
[NEWLINE-DEBUG] AFTER NORMALIZE: 0 bytes, 0 \n, 0 \r\n
[WIPE-DEBUG] Screen: BBS:screens/quicknew.txt, hasWipeAnimation: false, wipeType: null
[NEWLINE-DEBUG] SPLIT INTO LINES: 1 lines
[NEWLINE-DEBUG] FIRST 5 LINES:   [0] len=0: 
[WIPE-CHECK] hasWipeAnimation=false, wipeType=null, screenName=BBS:screens/quicknew.txt
[SCREEN] [displayScreen] Content already emitted inline, skipping frame buffer
[SCREEN] [MCI DEBUG] Looking for ~SS_ codes in: 
[SCREEN] [processNextScreenSegment] Content already emitted inline
[SCREEN] [processNextScreenSegment] All segments processed for LOGON
[handleCommand] handlePaginatedScreenInput returned: handled=true paginatedScreen=true
[COMMAND-HANDLER-ENTRY] COMMAND EVENT FIRED! DWtVnknAc9ZxeTv3AAAB
=== COMMAND RECEIVED [v2024-FIXED] ===
Raw data: "\r" length: 1 charCode: 13
[socket-handlers] checkPauseHandler active: false, flagPauseHandler active: false
Session state: loggedon subState: read_command
Input buffer: ""
🎯 ENTER KEY DETECTED!
🎯 Current subState: read_command
🎯 Is POST_MESSAGE_SUBJECT? false
🎯 Input buffer contents: ""
[socket-handlers] About to check door - data="" (len=1), inDoor=undefined, subState=read_command
[socket-handlers] ✗ NOT in door or no handler - routing to BBS command handler
[socket-handlers]   inDoorManager: undefined
[socket-handlers]   handler exists: false
=== handleCommand called ===
data: "\r"
session.state: loggedon
session.subState: read_command
[handleCommand] ENTRY: data="" subState=read_command paginatedScreen=true inDoorManager=undefined
[handleCommand] Has paginatedScreen - calling handlePaginatedScreenInput
[handlePaginatedScreenInput] ENTRY: data="" lines=1 nextIndex=1 pageSize=1
=== COMMAND PROCESSED ===

[handleCommand] handlePaginatedScreenInput returned: handled=true paginatedScreen=false
[COMMAND-HANDLER-ENTRY] COMMAND EVENT FIRED! DWtVnknAc9ZxeTv3AAAB
=== COMMAND RECEIVED [v2024-FIXED] ===
Raw data: "\r" length: 1 charCode: 13
[socket-handlers] checkPauseHandler active: false, flagPauseHandler active: false
Session state: loggedon subState: read_command
Input buffer: ""
🎯 ENTER KEY DETECTED!
🎯 Current subState: read_command
🎯 Is POST_MESSAGE_SUBJECT? false
🎯 Input buffer contents: ""
[socket-handlers] About to check door - data="" (len=1), inDoor=undefined, subState=read_command
[socket-handlers] ✗ NOT in door or no handler - routing to BBS command handler
[socket-handlers]   inDoorManager: undefined
[socket-handlers]   handler exists: false
=== handleCommand called ===
data: "\r"
session.state: loggedon
session.subState: read_command
[handleCommand] ENTRY: data="" subState=read_command paginatedScreen=false inDoorManager=undefined
 Checking if in POST_MESSAGE_SUBJECT state: false
 In READ_COMMAND state, reading line input
 Empty command, redisplaying menu
[menu] displayMenuPrompt called
  - bbsName: AmiExpress Web BBS
  - currentConf: 2
  - currentConfName: General
  - relConfNum: 0
  - currentMsgBase: 1
  - timeRemaining: 60
  - msgBasesInConf.length: 1
  - currentMsgBase found: true
 Sending single-msgbase prompt: 
[35mAmiExpress Web BBS [36m[0:General][0m Menu ([33m9999[0m mins left): 
=== COMMAND PROCESSED ===

[COMMAND-HANDLER-ENTRY] COMMAND EVENT FIRED! DWtVnknAc9ZxeTv3AAAB
=== COMMAND RECEIVED [v2024-FIXED] ===
Raw data: "c" length: 1 charCode: 99
[socket-handlers] checkPauseHandler active: false, flagPauseHandler active: false
Session state: loggedon subState: read_command
Input buffer: ""
[socket-handlers] About to check door - data="c" (len=1), inDoor=undefined, subState=read_command
[socket-handlers] ✗ NOT in door or no handler - routing to BBS command handler
[socket-handlers]   inDoorManager: undefined
[socket-handlers]   handler exists: false
=== handleCommand called ===
data: "c"
session.state: loggedon
session.subState: read_command
[handleCommand] ENTRY: data="c" subState=read_command paginatedScreen=false inDoorManager=undefined
 Checking if in POST_MESSAGE_SUBJECT state: false
 In READ_COMMAND state, reading line input
=== COMMAND PROCESSED ===

[COMMAND-HANDLER-ENTRY] COMMAND EVENT FIRED! DWtVnknAc9ZxeTv3AAAB
=== COMMAND RECEIVED [v2024-FIXED] ===
Raw data: "a" length: 1 charCode: 97
[socket-handlers] checkPauseHandler active: false, flagPauseHandler active: false
Session state: loggedon subState: read_command
Input buffer: "c"
[socket-handlers] About to check door - data="a" (len=1), inDoor=undefined, subState=read_command
[socket-handlers] ✗ NOT in door or no handler - routing to BBS command handler
[socket-handlers]   inDoorManager: undefined
[socket-handlers]   handler exists: false
=== handleCommand called ===
data: "a"
session.state: loggedon
session.subState: read_command
[handleCommand] ENTRY: data="a" subState=read_command paginatedScreen=false inDoorManager=undefined
 Checking if in POST_MESSAGE_SUBJECT state: false
 In READ_COMMAND state, reading line input
=== COMMAND PROCESSED ===

[COMMAND-HANDLER-ENTRY] COMMAND EVENT FIRED! DWtVnknAc9ZxeTv3AAAB
=== COMMAND RECEIVED [v2024-FIXED] ===
Raw data: "r" length: 1 charCode: 114
[socket-handlers] checkPauseHandler active: false, flagPauseHandler active: false
Session state: loggedon subState: read_command
Input buffer: "ca"
[socket-handlers] About to check door - data="r" (len=1), inDoor=undefined, subState=read_command
[socket-handlers] ✗ NOT in door or no handler - routing to BBS command handler
[socket-handlers]   inDoorManager: undefined
[socket-handlers]   handler exists: false
=== handleCommand called ===
data: "r"
session.state: loggedon
session.subState: read_command
[handleCommand] ENTRY: data="r" subState=read_command paginatedScreen=false inDoorManager=undefined
 Checking if in POST_MESSAGE_SUBJECT state: false
 In READ_COMMAND state, reading line input
=== COMMAND PROCESSED ===

[COMMAND-HANDLER-ENTRY] COMMAND EVENT FIRED! DWtVnknAc9ZxeTv3AAAB
=== COMMAND RECEIVED [v2024-FIXED] ===
Raw data: "d" length: 1 charCode: 100
[socket-handlers] checkPauseHandler active: false, flagPauseHandler active: false
Session state: loggedon subState: read_command
Input buffer: "car"
[socket-handlers] About to check door - data="d" (len=1), inDoor=undefined, subState=read_command
[socket-handlers] ✗ NOT in door or no handler - routing to BBS command handler
[socket-handlers]   inDoorManager: undefined
[socket-handlers]   handler exists: false
=== handleCommand called ===
data: "d"
session.state: loggedon
session.subState: read_command
[handleCommand] ENTRY: data="d" subState=read_command paginatedScreen=false inDoorManager=undefined
 Checking if in POST_MESSAGE_SUBJECT state: false
 In READ_COMMAND state, reading line input
=== COMMAND PROCESSED ===

[COMMAND-HANDLER-ENTRY] COMMAND EVENT FIRED! DWtVnknAc9ZxeTv3AAAB
=== COMMAND RECEIVED [v2024-FIXED] ===
Raw data: "l" length: 1 charCode: 108
[socket-handlers] checkPauseHandler active: false, flagPauseHandler active: false
Session state: loggedon subState: read_command
Input buffer: "card"
[socket-handlers] About to check door - data="l" (len=1), inDoor=undefined, subState=read_command
[socket-handlers] ✗ NOT in door or no handler - routing to BBS command handler
[socket-handlers]   inDoorManager: undefined
[socket-handlers]   handler exists: false
=== handleCommand called ===
data: "l"
session.state: loggedon
session.subState: read_command
[handleCommand] ENTRY: data="l" subState=read_command paginatedScreen=false inDoorManager=undefined
 Checking if in POST_MESSAGE_SUBJECT state: false
 In READ_COMMAND state, reading line input
=== COMMAND PROCESSED ===

[COMMAND-HANDLER-ENTRY] COMMAND EVENT FIRED! DWtVnknAc9ZxeTv3AAAB
=== COMMAND RECEIVED [v2024-FIXED] ===
Raw data: "o" length: 1 charCode: 111
[socket-handlers] checkPauseHandler active: false, flagPauseHandler active: false
Session state: loggedon subState: read_command
Input buffer: "cardl"
[socket-handlers] About to check door - data="o" (len=1), inDoor=undefined, subState=read_command
[socket-handlers] ✗ NOT in door or no handler - routing to BBS command handler
[socket-handlers]   inDoorManager: undefined
[socket-handlers]   handler exists: false
=== handleCommand called ===
data: "o"
session.state: loggedon
session.subState: read_command
[handleCommand] ENTRY: data="o" subState=read_command paginatedScreen=false inDoorManager=undefined
 Checking if in POST_MESSAGE_SUBJECT state: false
 In READ_COMMAND state, reading line input
=== COMMAND PROCESSED ===

[COMMAND-HANDLER-ENTRY] COMMAND EVENT FIRED! DWtVnknAc9ZxeTv3AAAB
=== COMMAND RECEIVED [v2024-FIXED] ===
Raw data: "b" length: 1 charCode: 98
[socket-handlers] checkPauseHandler active: false, flagPauseHandler active: false
Session state: loggedon subState: read_command
Input buffer: "cardlo"
[socket-handlers] About to check door - data="b" (len=1), inDoor=undefined, subState=read_command
[socket-handlers] ✗ NOT in door or no handler - routing to BBS command handler
[socket-handlers]   inDoorManager: undefined
[socket-handlers]   handler exists: false
=== handleCommand called ===
data: "b"
session.state: loggedon
session.subState: read_command
[handleCommand] ENTRY: data="b" subState=read_command paginatedScreen=false inDoorManager=undefined
 Checking if in POST_MESSAGE_SUBJECT state: false
 In READ_COMMAND state, reading line input
=== COMMAND PROCESSED ===

[COMMAND-HANDLER-ENTRY] COMMAND EVENT FIRED! DWtVnknAc9ZxeTv3AAAB
=== COMMAND RECEIVED [v2024-FIXED] ===
Raw data: "b" length: 1 charCode: 98
[socket-handlers] checkPauseHandler active: false, flagPauseHandler active: false
Session state: loggedon subState: read_command
Input buffer: "cardlob"
[socket-handlers] About to check door - data="b" (len=1), inDoor=undefined, subState=read_command
[socket-handlers] ✗ NOT in door or no handler - routing to BBS command handler
[socket-handlers]   inDoorManager: undefined
[socket-handlers]   handler exists: false
=== handleCommand called ===
data: "b"
session.state: loggedon
session.subState: read_command
[handleCommand] ENTRY: data="b" subState=read_command paginatedScreen=false inDoorManager=undefined
 Checking if in POST_MESSAGE_SUBJECT state: false
 In READ_COMMAND state, reading line input
=== COMMAND PROCESSED ===

[COMMAND-HANDLER-ENTRY] COMMAND EVENT FIRED! DWtVnknAc9ZxeTv3AAAB
=== COMMAND RECEIVED [v2024-FIXED] ===
Raw data: "y" length: 1 charCode: 121
[socket-handlers] checkPauseHandler active: false, flagPauseHandler active: false
Session state: loggedon subState: read_command
Input buffer: "cardlobb"
[socket-handlers] About to check door - data="y" (len=1), inDoor=undefined, subState=read_command
[socket-handlers] ✗ NOT in door or no handler - routing to BBS command handler
[socket-handlers]   inDoorManager: undefined
[socket-handlers]   handler exists: false
=== handleCommand called ===
data: "y"
session.state: loggedon
session.subState: read_command
[handleCommand] ENTRY: data="y" subState=read_command paginatedScreen=false inDoorManager=undefined
 Checking if in POST_MESSAGE_SUBJECT state: false
 In READ_COMMAND state, reading line input
=== COMMAND PROCESSED ===

[COMMAND-HANDLER-ENTRY] COMMAND EVENT FIRED! DWtVnknAc9ZxeTv3AAAB
=== COMMAND RECEIVED [v2024-FIXED] ===
Raw data: "\r" length: 1 charCode: 13
[socket-handlers] checkPauseHandler active: false, flagPauseHandler active: false
Session state: loggedon subState: read_command
Input buffer: "cardlobby"
🎯 ENTER KEY DETECTED!
🎯 Current subState: read_command
🎯 Is POST_MESSAGE_SUBJECT? false
🎯 Input buffer contents: "cardlobby"
[socket-handlers] About to check door - data="" (len=1), inDoor=undefined, subState=read_command
[socket-handlers] ✗ NOT in door or no handler - routing to BBS command handler
[socket-handlers]   inDoorManager: undefined
[socket-handlers]   handler exists: false
=== handleCommand called ===
data: "\r"
session.state: loggedon
session.subState: read_command
[handleCommand] ENTRY: data="" subState=read_command paginatedScreen=false inDoorManager=undefined
 Checking if in POST_MESSAGE_SUBJECT state: false
 In READ_COMMAND state, reading line input
[CommandHistory] saveHistory called for userId=7ddd39a4-9a2b-485e-ba5a-8cfec20813dd, historyLen=20
[CommandHistory] Database available, saving...
[CommandHistory] Running upsert for user 7ddd39a4-9a2b-485e-ba5a-8cfec20813dd with 20 commands
 Command text stored: CARDLOBBY
=== COMMAND PROCESSED ===

[CommandHistory] Saved 20 commands for user 7ddd39a4-9a2b-485e-ba5a-8cfec20813dd
=== handleCommand called ===
data: ""
session.state: loggedon
session.subState: process_command
[handleCommand] ENTRY: data="" subState=process_command paginatedScreen=false inDoorManager=undefined
 Checking if in POST_MESSAGE_SUBJECT state: false
 In PROCESS_COMMAND state, executing command: CARDLOBBY
[CommandPriority] Processing command: CARDLOBBY with params: 
[InternalRouter] Overriding internal command 'CARDLOBBY' with external BBSCMD door.
Executing: CARDLOBBY
[SYSOP DEBUG] CMD: Executing: CARDLOBBY
[BBSConfig] Loaded configuration from bbsConfig.info
[BBSConfig] Loaded configuration overrides from bbsConfig.info.txt
[SYSOP DEBUG] COMMAND: Executing TS door: Doors/card-lobby
{
  "type": "TS",
  "location": "Doors/card-lobby"
}
Executing door: CARDLOBBY
[loadDoorManifestForExecution] Loading manifest for door: CARDLOBBY, id: cardlobby, path: Doors/card-lobby
[loadDoorManifestForExecution] Trying door.path: /Users/spot/Code/amiexpress-web/Doors/card-lobby/package.json
[loadDoorManifestForExecution] Found manifest via door.path, runtime: hybrid
[executeDoor] Hybrid door detected: CARDLOBBY - loading client AND server
[executeClientDoor] Starting client door: CARDLOBBY
[ClientDoorBridge] Starting session client-door-1-1769032037965 for door cardlobby
[ClientDoorBridge] Registering 'command' listener for session client-door-1-1769032037965
[executeClientDoor] Set inDoorManager=true for session
[executeClientDoor] Set mouseEventsEnabled=true for session
[executeClientDoor] Emitted game-mode=true to frontend
[executeClientDoor] Set doorInputHandler (no-op)
[executeClientDoor] Client door session started: client-door-1-1769032037965
[CallersLog] Node1: Door: CARDLOBBY
[CORS] Request origin: undefined
[CORS] No origin header - allowing (same-origin or non-browser request)
[DoorAPI] Serving bundle for door: cardlobby
[DoorAPI] Entry point for cardlobby: ./client.ts
[DoorAPI] Door base path: /Users/spot/Code/amiexpress-web/Doors/card-lobby
[ClientDoorBundler] Bundling door: cardlobby from /Users/spot/Code/amiexpress-web/Doors/card-lobby/client.ts
[ClientDoorBundler] BBS root: /Users/spot/Code/amiexpress-web
[ClientDoorBundler] SDK path: /Users/spot/Code/amiexpress-web/sdk
[ClientDoorBundler] SDK client: /Users/spot/Code/amiexpress-web/sdk/dist/client/index.js
[DoorDropFile] Created DOOR.SYS for Node1
[DoorDropFile] Created DORINFO1.DEF for Node1
[CallersLog] Node1: Door: CARDLOBBY
[BBSEventEmitter] Emitted door_activity: sysop (node 1)
[executeTypeScriptDoor] ===== EXEC ID: mkok018rgsp0 =====
[executeTypeScriptDoor] Starting TypeScript door: CARDLOBBY
[executeTypeScriptDoor] Door path: Doors/card-lobby
[executeTypeScriptDoor] Found root index.ts, using source instead of package.json main
[executeTypeScriptDoor] Resolved path: /Users/spot/Code/amiexpress-web/Doors/card-lobby/index.ts
[executeTypeScriptDoor] Actual filesystem path: /Users/spot/Code/amiexpress-web/Doors/card-lobby/index.ts
[executeTypeScriptDoor] Importing: file:///Users/spot/Code/amiexpress-web/Doors/card-lobby/index.ts
[executeTypeScriptDoor] SDK v2.0 Door detected, calling execute()
[executeTypeScriptDoor] Set inDoorManager=true
[executeTypeScriptDoor] Sent door:status: running, door-active: true
[createBBSApi] Created BBSApi, has enableMouseEvents: function
[executeTypeScriptDoor] Calling door.execute() with SDK context...
[createScreen] connectionType=web, unicodeCapable=true, needsAmigaConversion=false
[Screen] Created: 80x24, responsive=false, options.width=80, options.height=24
[createScreen] Setting up screen:resize listener via bbs.on()
[DoorInputManager] Checking blessed mouse: enableMouse= true hasScreen= true hasProgram= true
[DoorInputManager] Calling screen.program.enableMouse()
[DoorInputManager] screen.program._mouseEnabled= true
[DoorInputManager] Checking BBS mouse: enableMouse= true hasSession= true
[DoorInputManager] Set bbsSession.mouseEventsEnabled = true
[CORS] Request origin: http://localhost:3001
[CORS] Development mode - allowing all origins

  .cache/door-bundles/cardlobby.bundle.js      4.0mb ⚠️
  .cache/door-bundles/cardlobby.bundle.js.map  6.9mb

⚡ Done in 1810ms
[ClientDoorBundler] Bundle complete: cardlobby (4093.31 KB)
[Program._handleData] JSON parsed: type=mouse-hover mouseEnabled=true
[Program._handleData] mouseEvent={"x":0,"y":0,"action":"mousemove","shift":false,"ctrl":false,"meta":false}
[EDGE-DEBUG] mouse=(0,0) panel=(0,0)-(79,23) size=80x24 rel=(0,0) pos.width=80 pos.left=0
[EDGE-DEBUG] mouse=(0,0) panel=(0,0)-(79,23) size=80x24 rel=(0,0) pos.width=80 pos.left=0
[Program._handleData] Emitted mouse event
[Program._handleData] JSON parsed: type=mouse-hover mouseEnabled=true
[Program._handleData] mouseEvent={"x":0,"y":0,"action":"mousemove","shift":false,"ctrl":false,"meta":false}
[EDGE-DEBUG] mouse=(0,0) panel=(0,0)-(79,23) size=80x24 rel=(0,0) pos.width=80 pos.left=0
[EDGE-DEBUG] mouse=(0,0) panel=(0,0)-(79,23) size=80x24 rel=(0,0) pos.width=80 pos.left=0
[Program._handleData] Emitted mouse event
[Program._handleData] JSON parsed: type=mouse-hover mouseEnabled=true
[Program._handleData] mouseEvent={"x":77,"y":24,"action":"mousemove","shift":false,"ctrl":false,"meta":false}
[Program._handleData] Emitted mouse event
[Program._handleData] JSON parsed: type=mouse-hover mouseEnabled=true
[Program._handleData] mouseEvent={"x":73,"y":23,"action":"mousemove","shift":false,"ctrl":false,"meta":false}
[EDGE-DEBUG] mouse=(73,23) panel=(2,23)-(79,23) size=78x1 rel=(71,0) pos.width=78 pos.left=1
[Program._handleData] Emitted mouse event
[Program._handleData] JSON parsed: type=mouse-hover mouseEnabled=true
[Program._handleData] mouseEvent={"x":70,"y":22,"action":"mousemove","shift":false,"ctrl":false,"meta":false}
[EDGE-DEBUG] mouse=(70,22) panel=(0,0)-(79,23) size=80x24 rel=(70,22) pos.width=80 pos.left=0
[EDGE-DEBUG] mouse=(70,22) panel=(0,0)-(79,23) size=80x24 rel=(70,22) pos.width=80 pos.left=0
[Program._handleData] Emitted mouse event
[Program._handleData] JSON parsed: type=mouse-hover mouseEnabled=true
[Program._handleData] mouseEvent={"x":66,"y":21,"action":"mousemove","shift":false,"ctrl":false,"meta":false}
[Program._handleData] Emitted mouse event
[Program._handleData] JSON parsed: type=mouse-hover mouseEnabled=true
[Program._handleData] mouseEvent={"x":61,"y":19,"action":"mousemove","shift":false,"ctrl":false,"meta":false}
[Program._handleData] Emitted mouse event
[Program._handleData] JSON parsed: type=mouse-hover mouseEnabled=true
[Program._handleData] mouseEvent={"x":58,"y":18,"action":"mousemove","shift":false,"ctrl":false,"meta":false}
[Program._handleData] Emitted mouse event
[Program._handleData] JSON parsed: type=mouse-hover mouseEnabled=true
[Program._handleData] mouseEvent={"x":56,"y":18,"action":"mousemove","shift":false,"ctrl":false,"meta":false}
[Program._handleData] Emitted mouse event
[Program._handleData] JSON parsed: type=mouse-hover mouseEnabled=true
[Program._handleData] mouseEvent={"x":54,"y":17,"action":"mousemove","shift":false,"ctrl":false,"meta":false}
[Program._handleData] Emitted mouse event
[Program._handleData] JSON parsed: type=mouse-hover mouseEnabled=true
[Program._handleData] mouseEvent={"x":53,"y":17,"action":"mousemove","shift":false,"ctrl":false,"meta":false}
[Program._handleData] Emitted mouse event
[Program._handleData] JSON parsed: type=mouse-hover mouseEnabled=true
[Program._handleData] mouseEvent={"x":53,"y":17,"action":"mousemove","shift":false,"ctrl":false,"meta":false}
[Program._handleData] Emitted mouse event
[Program._handleData] JSON parsed: type=mouse-hover mouseEnabled=true
[Program._handleData] mouseEvent={"x":53,"y":17,"action":"mousemove","shift":false,"ctrl":false,"meta":false}
[Program._handleData] Emitted mouse event
[Program._handleData] JSON parsed: type=mouse-hover mouseEnabled=true
[Program._handleData] mouseEvent={"x":52,"y":17,"action":"mousemove","shift":false,"ctrl":false,"meta":false}
[Program._handleData] Emitted mouse event
[Program._handleData] JSON parsed: type=mouse-hover mouseEnabled=true
[Program._handleData] mouseEvent={"x":52,"y":17,"action":"mousemove","shift":false,"ctrl":false,"meta":false}
[Program._handleData] Emitted mouse event
[Program._handleData] JSON parsed: type=mouse-hover mouseEnabled=true
[Program._handleData] mouseEvent={"x":52,"y":17,"action":"mousemove","shift":false,"ctrl":false,"meta":false}
[Program._handleData] Emitted mouse event
[socket-handlers] mouse-click received: { x: 52, y: 17, button: 0, shift: false, ctrl: false, alt: false }
[socket-handlers] mouse-click check: inDoorManager= true hasHandler= true mouseEnabled= true
[socket-handlers] Calling doorInputHandler with mouse click data
[socket-handlers] Mouse JSON: {"type":"mouse-click","x":52,"y":17,"button":0,"shift":false,"ctrl":false,"alt":false}
[Program._handleData] JSON parsed: type=mouse-click mouseEnabled=true
[Program._handleData] mouseEvent={"x":52,"y":17,"action":"mousedown","button":"left","shift":false,"ctrl":false,"meta":false}
[Program._handleData] Emitted mouse event
[ClientDoorBridge] mouse-click received: { x: 52, y: 17, button: 0, shift: false, ctrl: false, alt: false }
[socket-handlers] mouse-drag received: { x: 52, y: 17, button: 0, shift: false, ctrl: false, alt: false }
[socket-handlers] Calling doorInputHandler with mouse drag data
[Program._handleData] JSON parsed: type=mouse-drag mouseEnabled=true
[Program._handleData] mouseEvent={"x":52,"y":17,"action":"mousemove","button":"left","shift":false,"ctrl":false,"meta":false}
[Program._handleData] Emitted mouse event
[socket-handlers] mouse-up received: { x: 52, y: 17, button: 0, shift: false, ctrl: false, alt: false }
[socket-handlers] Calling doorInputHandler with mouse up data
[Program._handleData] JSON parsed: type=mouse-up mouseEnabled=true
[Program._handleData] mouseEvent={"x":52,"y":17,"action":"mouseup","button":"left","shift":false,"ctrl":false,"meta":false}
[Program._handleData] Emitted mouse event
[Program._handleData] JSON parsed: type=mouse-hover mouseEnabled=true
[Program._handleData] mouseEvent={"x":52,"y":17,"action":"mousemove","shift":false,"ctrl":false,"meta":false}
[Program._handleData] Emitted mouse event
[Program._handleData] JSON parsed: type=mouse-hover mouseEnabled=true
[Program._handleData] mouseEvent={"x":52,"y":17,"action":"mousemove","shift":false,"ctrl":false,"meta":false}
[Program._handleData] Emitted mouse event
[Program._handleData] JSON parsed: type=mouse-hover mouseEnabled=true
[Program._handleData] mouseEvent={"x":52,"y":17,"action":"mousemove","shift":false,"ctrl":false,"meta":false}
[Program._handleData] Emitted mouse event
[Program._handleData] JSON parsed: type=mouse-hover mouseEnabled=true
[Program._handleData] mouseEvent={"x":51,"y":17,"action":"mousemove","shift":false,"ctrl":false,"meta":false}
[Program._handleData] Emitted mouse event
[Program._handleData] JSON parsed: type=mouse-hover mouseEnabled=true
[Program._handleData] mouseEvent={"x":51,"y":18,"action":"mousemove","shift":false,"ctrl":false,"meta":false}
[Program._handleData] Emitted mouse event
[Program._handleData] JSON parsed: type=mouse-hover mouseEnabled=true
[Program._handleData] mouseEvent={"x":51,"y":18,"action":"mousemove","shift":false,"ctrl":false,"meta":false}
[Program._handleData] Emitted mouse event
[Program._handleData] JSON parsed: type=mouse-hover mouseEnabled=true
[Program._handleData] mouseEvent={"x":50,"y":18,"action":"mousemove","shift":false,"ctrl":false,"meta":false}
[Program._handleData] Emitted mouse event
[Program._handleData] JSON parsed: type=mouse-hover mouseEnabled=true
[Program._handleData] mouseEvent={"x":50,"y":19,"action":"mousemove","shift":false,"ctrl":false,"meta":false}
[Program._handleData] Emitted mouse event
[Program._handleData] JSON parsed: type=mouse-hover mouseEnabled=true
[Program._handleData] mouseEvent={"x":49,"y":19,"action":"mousemove","shift":false,"ctrl":false,"meta":false}
[Program._handleData] Emitted mouse event
[Program._handleData] JSON parsed: type=mouse-hover mouseEnabled=true
[Program._handleData] mouseEvent={"x":48,"y":20,"action":"mousemove","shift":false,"ctrl":false,"meta":false}
[Program._handleData] Emitted mouse event
[Program._handleData] JSON parsed: type=mouse-hover mouseEnabled=true
[Program._handleData] mouseEvent={"x":47,"y":20,"action":"mousemove","shift":false,"ctrl":false,"meta":false}
[Program._handleData] Emitted mouse event
[Program._handleData] JSON parsed: type=mouse-hover mouseEnabled=true
[Program._handleData] mouseEvent={"x":45,"y":21,"action":"mousemove","shift":false,"ctrl":false,"meta":false}
[Program._handleData] Emitted mouse event
[Program._handleData] JSON parsed: type=mouse-hover mouseEnabled=true
[Program._handleData] mouseEvent={"x":45,"y":21,"action":"mousemove","shift":false,"ctrl":false,"meta":false}
[Program._handleData] Emitted mouse event
[Program._handleData] JSON parsed: type=mouse-hover mouseEnabled=true
[Program._handleData] mouseEvent={"x":44,"y":21,"action":"mousemove","shift":false,"ctrl":false,"meta":false}
[Program._handleData] Emitted mouse event
[Program._handleData] JSON parsed: type=mouse-hover mouseEnabled=true
[Program._handleData] mouseEvent={"x":43,"y":22,"action":"mousemove","shift":false,"ctrl":false,"meta":false}
[EDGE-DEBUG] mouse=(43,22) panel=(0,0)-(79,23) size=80x24 rel=(43,22) pos.width=80 pos.left=0
[EDGE-DEBUG] mouse=(43,22) panel=(0,0)-(79,23) size=80x24 rel=(43,22) pos.width=80 pos.left=0
[Program._handleData] Emitted mouse event
[Program._handleData] JSON parsed: type=mouse-hover mouseEnabled=true
[Program._handleData] mouseEvent={"x":43,"y":22,"action":"mousemove","shift":false,"ctrl":false,"meta":false}
[EDGE-DEBUG] mouse=(43,22) panel=(0,0)-(79,23) size=80x24 rel=(43,22) pos.width=80 pos.left=0
[EDGE-DEBUG] mouse=(43,22) panel=(0,0)-(79,23) size=80x24 rel=(43,22) pos.width=80 pos.left=0
[Program._handleData] Emitted mouse event
[Program._handleData] JSON parsed: type=mouse-hover mouseEnabled=true
[Program._handleData] mouseEvent={"x":43,"y":22,"action":"mousemove","shift":false,"ctrl":false,"meta":false}
[EDGE-DEBUG] mouse=(43,22) panel=(0,0)-(79,23) size=80x24 rel=(43,22) pos.width=80 pos.left=0
[EDGE-DEBUG] mouse=(43,22) panel=(0,0)-(79,23) size=80x24 rel=(43,22) pos.width=80 pos.left=0
[Program._handleData] Emitted mouse event
[Program._handleData] JSON parsed: type=mouse-hover mouseEnabled=true
[Program._handleData] mouseEvent={"x":42,"y":22,"action":"mousemove","shift":false,"ctrl":false,"meta":false}
[EDGE-DEBUG] mouse=(42,22) panel=(0,0)-(79,23) size=80x24 rel=(42,22) pos.width=80 pos.left=0
[EDGE-DEBUG] mouse=(42,22) panel=(0,0)-(79,23) size=80x24 rel=(42,22) pos.width=80 pos.left=0
[Program._handleData] Emitted mouse event
[Program._handleData] JSON parsed: type=mouse-hover mouseEnabled=true
[Program._handleData] mouseEvent={"x":42,"y":22,"action":"mousemove","shift":false,"ctrl":false,"meta":false}
[EDGE-DEBUG] mouse=(42,22) panel=(0,0)-(79,23) size=80x24 rel=(42,22) pos.width=80 pos.left=0
[EDGE-DEBUG] mouse=(42,22) panel=(0,0)-(79,23) size=80x24 rel=(42,22) pos.width=80 pos.left=0
[Program._handleData] Emitted mouse event
[Program._handleData] JSON parsed: type=mouse-hover mouseEnabled=true
[Program._handleData] mouseEvent={"x":42,"y":22,"action":"mousemove","shift":false,"ctrl":false,"meta":false}
[EDGE-DEBUG] mouse=(42,22) panel=(0,0)-(79,23) size=80x24 rel=(42,22) pos.width=80 pos.left=0
[EDGE-DEBUG] mouse=(42,22) panel=(0,0)-(79,23) size=80x24 rel=(42,22) pos.width=80 pos.left=0
[Program._handleData] Emitted mouse event
[Program._handleData] JSON parsed: type=mouse-hover mouseEnabled=true
[Program._handleData] mouseEvent={"x":41,"y":22,"action":"mousemove","shift":false,"ctrl":false,"meta":false}
[EDGE-DEBUG] mouse=(41,22) panel=(0,0)-(79,23) size=80x24 rel=(41,22) pos.width=80 pos.left=0
[EDGE-DEBUG] mouse=(41,22) panel=(0,0)-(79,23) size=80x24 rel=(41,22) pos.width=80 pos.left=0
[Program._handleData] Emitted mouse event
[Program._handleData] JSON parsed: type=mouse-hover mouseEnabled=true
[Program._handleData] mouseEvent={"x":41,"y":22,"action":"mousemove","shift":false,"ctrl":false,"meta":false}
[EDGE-DEBUG] mouse=(41,22) panel=(0,0)-(79,23) size=80x24 rel=(41,22) pos.width=80 pos.left=0
[EDGE-DEBUG] mouse=(41,22) panel=(0,0)-(79,23) size=80x24 rel=(41,22) pos.width=80 pos.left=0
[Program._handleData] Emitted mouse event
[Program._handleData] JSON parsed: type=mouse-hover mouseEnabled=true
[Program._handleData] mouseEvent={"x":41,"y":22,"action":"mousemove","shift":false,"ctrl":false,"meta":false}
[EDGE-DEBUG] mouse=(41,22) panel=(0,0)-(79,23) size=80x24 rel=(41,22) pos.width=80 pos.left=0
[EDGE-DEBUG] mouse=(41,22) panel=(0,0)-(79,23) size=80x24 rel=(41,22) pos.width=80 pos.left=0
[Program._handleData] Emitted mouse event
[Program._handleData] JSON parsed: type=mouse-hover mouseEnabled=true
[Program._handleData] mouseEvent={"x":40,"y":22,"action":"mousemove","shift":false,"ctrl":false,"meta":false}
[EDGE-DEBUG] mouse=(40,22) panel=(0,0)-(79,23) size=80x24 rel=(40,22) pos.width=80 pos.left=0
[EDGE-DEBUG] mouse=(40,22) panel=(0,0)-(79,23) size=80x24 rel=(40,22) pos.width=80 pos.left=0
[Program._handleData] Emitted mouse event
[Program._handleData] JSON parsed: type=mouse-hover mouseEnabled=true
[Program._handleData] mouseEvent={"x":40,"y":22,"action":"mousemove","shift":false,"ctrl":false,"meta":false}
[EDGE-DEBUG] mouse=(40,22) panel=(0,0)-(79,23) size=80x24 rel=(40,22) pos.width=80 pos.left=0
[EDGE-DEBUG] mouse=(40,22) panel=(0,0)-(79,23) size=80x24 rel=(40,22) pos.width=80 pos.left=0
[Program._handleData] Emitted mouse event
[Program._handleData] JSON parsed: type=mouse-hover mouseEnabled=true
[Program._handleData] mouseEvent={"x":40,"y":22,"action":"mousemove","shift":false,"ctrl":false,"meta":false}
[EDGE-DEBUG] mouse=(40,22) panel=(0,0)-(79,23) size=80x24 rel=(40,22) pos.width=80 pos.left=0
[EDGE-DEBUG] mouse=(40,22) panel=(0,0)-(79,23) size=80x24 rel=(40,22) pos.width=80 pos.left=0
[Program._handleData] Emitted mouse event
[Program._handleData] JSON parsed: type=mouse-hover mouseEnabled=true
[Program._handleData] mouseEvent={"x":40,"y":22,"action":"mousemove","shift":false,"ctrl":false,"meta":false}
[EDGE-DEBUG] mouse=(40,22) panel=(0,0)-(79,23) size=80x24 rel=(40,22) pos.width=80 pos.left=0
[EDGE-DEBUG] mouse=(40,22) panel=(0,0)-(79,23) size=80x24 rel=(40,22) pos.width=80 pos.left=0
[Program._handleData] Emitted mouse event
[Program._handleData] JSON parsed: type=mouse-hover mouseEnabled=true
[Program._handleData] mouseEvent={"x":40,"y":22,"action":"mousemove","shift":false,"ctrl":false,"meta":false}
[EDGE-DEBUG] mouse=(40,22) panel=(0,0)-(79,23) size=80x24 rel=(40,22) pos.width=80 pos.left=0
[EDGE-DEBUG] mouse=(40,22) panel=(0,0)-(79,23) size=80x24 rel=(40,22) pos.width=80 pos.left=0
[Program._handleData] Emitted mouse event
[socket-handlers] mouse-click received: { x: 40, y: 22, button: 0, shift: false, ctrl: false, alt: false }
[socket-handlers] mouse-click check: inDoorManager= true hasHandler= true mouseEnabled= true
[socket-handlers] Calling doorInputHandler with mouse click data
[socket-handlers] Mouse JSON: {"type":"mouse-click","x":40,"y":22,"button":0,"shift":false,"ctrl":false,"alt":false}
[Program._handleData] JSON parsed: type=mouse-click mouseEnabled=true
[Program._handleData] mouseEvent={"x":40,"y":22,"action":"mousedown","button":"left","shift":false,"ctrl":false,"meta":false}
[EDGE-DEBUG] mouse=(40,22) panel=(0,0)-(79,23) size=80x24 rel=(40,22) pos.width=80 pos.left=0
[EDGE-DEBUG] mouse=(40,22) panel=(0,0)-(79,23) size=80x24 rel=(40,22) pos.width=80 pos.left=0
[EDGE-DEBUG] mouse=(40,22) panel=(0,0)-(79,23) size=80x24 rel=(40,22) pos.width=80 pos.left=0
[Program._handleData] Emitted mouse event
[ClientDoorBridge] mouse-click received: { x: 40, y: 22, button: 0, shift: false, ctrl: false, alt: false }
[socket-handlers] mouse-up received: { x: 40, y: 22, button: 0, shift: false, ctrl: false, alt: false }
[socket-handlers] Calling doorInputHandler with mouse up data
[Program._handleData] JSON parsed: type=mouse-up mouseEnabled=true
[Program._handleData] mouseEvent={"x":40,"y":22,"action":"mouseup","button":"left","shift":false,"ctrl":false,"meta":false}
[EDGE-DEBUG] mouse=(40,22) panel=(0,0)-(79,23) size=80x24 rel=(40,22) pos.width=80 pos.left=0
[Program._handleData] Emitted mouse event
[Program._handleData] JSON parsed: type=mouse-hover mouseEnabled=true
[Program._handleData] mouseEvent={"x":40,"y":22,"action":"mousemove","shift":false,"ctrl":false,"meta":false}
[EDGE-DEBUG] mouse=(40,22) panel=(0,0)-(79,23) size=80x24 rel=(40,22) pos.width=80 pos.left=0
[EDGE-DEBUG] mouse=(40,22) panel=(0,0)-(79,23) size=80x24 rel=(40,22) pos.width=80 pos.left=0
[Program._handleData] Emitted mouse event
[Program._handleData] JSON parsed: type=mouse-hover mouseEnabled=true
[Program._handleData] mouseEvent={"x":40,"y":22,"action":"mousemove","shift":false,"ctrl":false,"meta":false}
[EDGE-DEBUG] mouse=(40,22) panel=(0,0)-(79,23) size=80x24 rel=(40,22) pos.width=80 pos.left=0
[EDGE-DEBUG] mouse=(40,22) panel=(0,0)-(79,23) size=80x24 rel=(40,22) pos.width=80 pos.left=0
[Program._handleData] Emitted mouse event
[Program._handleData] JSON parsed: type=mouse-hover mouseEnabled=true
[Program._handleData] mouseEvent={"x":40,"y":21,"action":"mousemove","shift":false,"ctrl":false,"meta":false}
[Program._handleData] Emitted mouse event
[Program._handleData] JSON parsed: type=mouse-hover mouseEnabled=true
[Program._handleData] mouseEvent={"x":39,"y":21,"action":"mousemove","shift":false,"ctrl":false,"meta":false}
[Program._handleData] Emitted mouse event
[Program._handleData] JSON parsed: type=mouse-hover mouseEnabled=true
[Program._handleData] mouseEvent={"x":38,"y":20,"action":"mousemove","shift":false,"ctrl":false,"meta":false}
[Program._handleData] Emitted mouse event
[Program._handleData] JSON parsed: type=mouse-hover mouseEnabled=true
[Program._handleData] mouseEvent={"x":37,"y":20,"action":"mousemove","shift":false,"ctrl":false,"meta":false}
[Program._handleData] Emitted mouse event
[Program._handleData] JSON parsed: type=mouse-hover mouseEnabled=true
[Program._handleData] mouseEvent={"x":36,"y":20,"action":"mousemove","shift":false,"ctrl":false,"meta":false}
[Program._handleData] Emitted mouse event
[Program._handleData] JSON parsed: type=mouse-hover mouseEnabled=true
[Program._handleData] mouseEvent={"x":36,"y":19,"action":"mousemove","shift":false,"ctrl":false,"meta":false}
[Program._handleData] Emitted mouse event
[Program._handleData] JSON parsed: type=mouse-hover mouseEnabled=true
[Program._handleData] mouseEvent={"x":36,"y":19,"action":"mousemove","shift":false,"ctrl":false,"meta":false}
[Program._handleData] Emitted mouse event
[Program._handleData] JSON parsed: type=mouse-hover mouseEnabled=true
[Program._handleData] mouseEvent={"x":36,"y":19,"action":"mousemove","shift":false,"ctrl":false,"meta":false}
[Program._handleData] Emitted mouse event
[Program._handleData] JSON parsed: type=mouse-hover mouseEnabled=true
[Program._handleData] mouseEvent={"x":36,"y":19,"action":"mousemove","shift":false,"ctrl":false,"meta":false}
[Program._handleData] Emitted mouse event
[socket-handlers] mouse-click received: { x: 36, y: 19, button: 0, shift: false, ctrl: false, alt: false }
[socket-handlers] mouse-click check: inDoorManager= true hasHandler= true mouseEnabled= true
[socket-handlers] Calling doorInputHandler with mouse click data
[socket-handlers] Mouse JSON: {"type":"mouse-click","x":36,"y":19,"button":0,"shift":false,"ctrl":false,"alt":false}
[Program._handleData] JSON parsed: type=mouse-click mouseEnabled=true
[Program._handleData] mouseEvent={"x":36,"y":19,"action":"mousedown","button":"left","shift":false,"ctrl":false,"meta":false}
[Program._handleData] Emitted mouse event
[ClientDoorBridge] mouse-click received: { x: 36, y: 19, button: 0, shift: false, ctrl: false, alt: false }
[socket-handlers] mouse-up received: { x: 36, y: 19, button: 0, shift: false, ctrl: false, alt: false }
[socket-handlers] Calling doorInputHandler with mouse up data
[Program._handleData] JSON parsed: type=mouse-up mouseEnabled=true
[Program._handleData] mouseEvent={"x":36,"y":19,"action":"mouseup","button":"left","shift":false,"ctrl":false,"meta":false}
[Program._handleData] Emitted mouse event
[Program._handleData] JSON parsed: type=mouse-hover mouseEnabled=true
[Program._handleData] mouseEvent={"x":36,"y":19,"action":"mousemove","shift":false,"ctrl":false,"meta":false}
[Program._handleData] Emitted mouse event
[Program._handleData] JSON parsed: type=mouse-hover mouseEnabled=true
[Program._handleData] mouseEvent={"x":36,"y":19,"action":"mousemove","shift":false,"ctrl":false,"meta":false}
[Program._handleData] Emitted mouse event
[Program._handleData] JSON parsed: type=mouse-hover mouseEnabled=true
[Program._handleData] mouseEvent={"x":36,"y":20,"action":"mousemove","shift":false,"ctrl":false,"meta":false}
[Program._handleData] Emitted mouse event
[Program._handleData] JSON parsed: type=mouse-hover mouseEnabled=true
[Program._handleData] mouseEvent={"x":36,"y":20,"action":"mousemove","shift":false,"ctrl":false,"meta":false}
[Program._handleData] Emitted mouse event
[Program._handleData] JSON parsed: type=mouse-hover mouseEnabled=true
[Program._handleData] mouseEvent={"x":36,"y":20,"action":"mousemove","shift":false,"ctrl":false,"meta":false}
[Program._handleData] Emitted mouse event
[Program._handleData] JSON parsed: type=mouse-hover mouseEnabled=true
[Program._handleData] mouseEvent={"x":37,"y":20,"action":"mousemove","shift":false,"ctrl":false,"meta":false}
[Program._handleData] Emitted mouse event
[Program._handleData] JSON parsed: type=mouse-hover mouseEnabled=true
[Program._handleData] mouseEvent={"x":37,"y":20,"action":"mousemove","shift":false,"ctrl":false,"meta":false}
[Program._handleData] Emitted mouse event
[Program._handleData] JSON parsed: type=mouse-hover mouseEnabled=true
[Program._handleData] mouseEvent={"x":37,"y":20,"action":"mousemove","shift":false,"ctrl":false,"meta":false}
[Program._handleData] Emitted mouse event
[Program._handleData] JSON parsed: type=mouse-hover mouseEnabled=true
[Program._handleData] mouseEvent={"x":37,"y":21,"action":"mousemove","shift":false,"ctrl":false,"meta":false}
[Program._handleData] Emitted mouse event
[Program._handleData] JSON parsed: type=mouse-hover mouseEnabled=true
[Program._handleData] mouseEvent={"x":37,"y":21,"action":"mousemove","shift":false,"ctrl":false,"meta":false}
[Program._handleData] Emitted mouse event
[Program._handleData] JSON parsed: type=mouse-hover mouseEnabled=true
[Program._handleData] mouseEvent={"x":37,"y":21,"action":"mousemove","shift":false,"ctrl":false,"meta":false}
[Program._handleData] Emitted mouse event
[Program._handleData] JSON parsed: type=mouse-hover mouseEnabled=true
[Program._handleData] mouseEvent={"x":37,"y":21,"action":"mousemove","shift":false,"ctrl":false,"meta":false}
[Program._handleData] Emitted mouse event
[Program._handleData] JSON parsed: type=mouse-hover mouseEnabled=true
[Program._handleData] mouseEvent={"x":37,"y":21,"action":"mousemove","shift":false,"ctrl":false,"meta":false}
[Program._handleData] Emitted mouse event
[Program._handleData] JSON parsed: type=mouse-hover mouseEnabled=true
[Program._handleData] mouseEvent={"x":37,"y":21,"action":"mousemove","shift":false,"ctrl":false,"meta":false}
[Program._handleData] Emitted mouse event
[Program._handleData] JSON parsed: type=mouse-hover mouseEnabled=true
[Program._handleData] mouseEvent={"x":37,"y":21,"action":"mousemove","shift":false,"ctrl":false,"meta":false}
[Program._handleData] Emitted mouse event
[Program._handleData] JSON parsed: type=mouse-hover mouseEnabled=true
[Program._handleData] mouseEvent={"x":37,"y":21,"action":"mousemove","shift":false,"ctrl":false,"meta":false}
[Program._handleData] Emitted mouse event
[Program._handleData] JSON parsed: type=mouse-hover mouseEnabled=true
[Program._handleData] mouseEvent={"x":37,"y":21,"action":"mousemove","shift":false,"ctrl":false,"meta":false}
[Program._handleData] Emitted mouse event
[Program._handleData] JSON parsed: type=mouse-hover mouseEnabled=true
[Program._handleData] mouseEvent={"x":38,"y":21,"action":"mousemove","shift":false,"ctrl":false,"meta":false}
[Program._handleData] Emitted mouse event
[Program._handleData] JSON parsed: type=mouse-hover mouseEnabled=true
[Program._handleData] mouseEvent={"x":38,"y":21,"action":"mousemove","shift":false,"ctrl":false,"meta":false}
[Program._handleData] Emitted mouse event
[Program._handleData] JSON parsed: type=mouse-hover mouseEnabled=true
[Program._handleData] mouseEvent={"x":38,"y":21,"action":"mousemove","shift":false,"ctrl":false,"meta":false}
[Program._handleData] Emitted mouse event
[Program._handleData] JSON parsed: type=mouse-hover mouseEnabled=true
[Program._handleData] mouseEvent={"x":39,"y":22,"action":"mousemove","shift":false,"ctrl":false,"meta":false}
[EDGE-DEBUG] mouse=(39,22) panel=(0,0)-(79,23) size=80x24 rel=(39,22) pos.width=80 pos.left=0
[EDGE-DEBUG] mouse=(39,22) panel=(0,0)-(79,23) size=80x24 rel=(39,22) pos.width=80 pos.left=0
[Program._handleData] Emitted mouse event
[Program._handleData] JSON parsed: type=mouse-hover mouseEnabled=true
[Program._handleData] mouseEvent={"x":39,"y":22,"action":"mousemove","shift":false,"ctrl":false,"meta":false}
[EDGE-DEBUG] mouse=(39,22) panel=(0,0)-(79,23) size=80x24 rel=(39,22) pos.width=80 pos.left=0
[EDGE-DEBUG] mouse=(39,22) panel=(0,0)-(79,23) size=80x24 rel=(39,22) pos.width=80 pos.left=0
[Program._handleData] Emitted mouse event
[Program._handleData] JSON parsed: type=mouse-hover mouseEnabled=true
[Program._handleData] mouseEvent={"x":40,"y":22,"action":"mousemove","shift":false,"ctrl":false,"meta":false}
[EDGE-DEBUG] mouse=(40,22) panel=(0,0)-(79,23) size=80x24 rel=(40,22) pos.width=80 pos.left=0
[EDGE-DEBUG] mouse=(40,22) panel=(0,0)-(79,23) size=80x24 rel=(40,22) pos.width=80 pos.left=0
[Program._handleData] Emitted mouse event
[Program._handleData] JSON parsed: type=mouse-hover mouseEnabled=true
[Program._handleData] mouseEvent={"x":40,"y":22,"action":"mousemove","shift":false,"ctrl":false,"meta":false}
[EDGE-DEBUG] mouse=(40,22) panel=(0,0)-(79,23) size=80x24 rel=(40,22) pos.width=80 pos.left=0
[EDGE-DEBUG] mouse=(40,22) panel=(0,0)-(79,23) size=80x24 rel=(40,22) pos.width=80 pos.left=0
[Program._handleData] Emitted mouse event
[Program._handleData] JSON parsed: type=mouse-hover mouseEnabled=true
[Program._handleData] mouseEvent={"x":41,"y":23,"action":"mousemove","shift":false,"ctrl":false,"meta":false}
[EDGE-DEBUG] mouse=(41,23) panel=(2,23)-(79,23) size=78x1 rel=(39,0) pos.width=78 pos.left=1
[Program._handleData] Emitted mouse event
[Program._handleData] JSON parsed: type=mouse-hover mouseEnabled=true
[Program._handleData] mouseEvent={"x":41,"y":23,"action":"mousemove","shift":false,"ctrl":false,"meta":false}
[EDGE-DEBUG] mouse=(41,23) panel=(2,23)-(79,23) size=78x1 rel=(39,0) pos.width=78 pos.left=1
[Program._handleData] Emitted mouse event
[Program._handleData] JSON parsed: type=mouse-hover mouseEnabled=true
[Program._handleData] mouseEvent={"x":41,"y":23,"action":"mousemove","shift":false,"ctrl":false,"meta":false}
[EDGE-DEBUG] mouse=(41,23) panel=(2,23)-(79,23) size=78x1 rel=(39,0) pos.width=78 pos.left=1
[Program._handleData] Emitted mouse event
[Program._handleData] JSON parsed: type=mouse-hover mouseEnabled=true
[Program._handleData] mouseEvent={"x":41,"y":23,"action":"mousemove","shift":false,"ctrl":false,"meta":false}
[EDGE-DEBUG] mouse=(41,23) panel=(2,23)-(79,23) size=78x1 rel=(39,0) pos.width=78 pos.left=1
[Program._handleData] Emitted mouse event
[Program._handleData] JSON parsed: type=mouse-hover mouseEnabled=true
[Program._handleData] mouseEvent={"x":41,"y":23,"action":"mousemove","shift":false,"ctrl":false,"meta":false}
[EDGE-DEBUG] mouse=(41,23) panel=(2,23)-(79,23) size=78x1 rel=(39,0) pos.width=78 pos.left=1
[Program._handleData] Emitted mouse event
[socket-handlers] mouse-click received: { x: 41, y: 23, button: 0, shift: false, ctrl: false, alt: false }
[socket-handlers] mouse-click check: inDoorManager= true hasHandler= true mouseEnabled= true
[socket-handlers] Calling doorInputHandler with mouse click data
[socket-handlers] Mouse JSON: {"type":"mouse-click","x":41,"y":23,"button":0,"shift":false,"ctrl":false,"alt":false}
[Program._handleData] JSON parsed: type=mouse-click mouseEnabled=true
[Program._handleData] mouseEvent={"x":41,"y":23,"action":"mousedown","button":"left","shift":false,"ctrl":false,"meta":false}
[EDGE-DEBUG] mouse=(41,23) panel=(2,23)-(79,23) size=78x1 rel=(39,0) pos.width=78 pos.left=1
[Program._handleData] Emitted mouse event
[ClientDoorBridge] mouse-click received: { x: 41, y: 23, button: 0, shift: false, ctrl: false, alt: false }
[socket-handlers] mouse-drag received: { x: 42, y: 23, button: 0, shift: false, ctrl: false, alt: false }
[socket-handlers] Calling doorInputHandler with mouse drag data
[Program._handleData] JSON parsed: type=mouse-drag mouseEnabled=true
[Program._handleData] mouseEvent={"x":42,"y":23,"action":"mousemove","button":"left","shift":false,"ctrl":false,"meta":false}
[EDGE-DEBUG] mouse=(42,23) panel=(2,23)-(79,23) size=78x1 rel=(40,0) pos.width=78 pos.left=1
[Program._handleData] Emitted mouse event
[socket-handlers] mouse-up received: { x: 42, y: 23, button: 0, shift: false, ctrl: false, alt: false }
[socket-handlers] Calling doorInputHandler with mouse up data
[Program._handleData] JSON parsed: type=mouse-up mouseEnabled=true
[Program._handleData] mouseEvent={"x":42,"y":23,"action":"mouseup","button":"left","shift":false,"ctrl":false,"meta":false}
[EDGE-DEBUG] mouse=(42,23) panel=(2,23)-(79,23) size=78x1 rel=(40,0) pos.width=78 pos.left=1
[Program._handleData] Emitted mouse event
[Program._handleData] JSON parsed: type=mouse-hover mouseEnabled=true
[Program._handleData] mouseEvent={"x":42,"y":23,"action":"mousemove","shift":false,"ctrl":false,"meta":false}
[EDGE-DEBUG] mouse=(42,23) panel=(2,23)-(79,23) size=78x1 rel=(40,0) pos.width=78 pos.left=1
[Program._handleData] Emitted mouse event
[Program._handleData] JSON parsed: type=mouse-hover mouseEnabled=true
[Program._handleData] mouseEvent={"x":42,"y":23,"action":"mousemove","shift":false,"ctrl":false,"meta":false}
[EDGE-DEBUG] mouse=(42,23) panel=(2,23)-(79,23) size=78x1 rel=(40,0) pos.width=78 pos.left=1
[Program._handleData] Emitted mouse event
[Program._handleData] JSON parsed: type=mouse-hover mouseEnabled=true
[Program._handleData] mouseEvent={"x":42,"y":23,"action":"mousemove","shift":false,"ctrl":false,"meta":false}
[EDGE-DEBUG] mouse=(42,23) panel=(2,23)-(79,23) size=78x1 rel=(40,0) pos.width=78 pos.left=1
[Program._handleData] Emitted mouse event
[Program._handleData] JSON parsed: type=mouse-hover mouseEnabled=true
[Program._handleData] mouseEvent={"x":42,"y":23,"action":"mousemove","shift":false,"ctrl":false,"meta":false}
[EDGE-DEBUG] mouse=(42,23) panel=(2,23)-(79,23) size=78x1 rel=(40,0) pos.width=78 pos.left=1
[Program._handleData] Emitted mouse event
[Program._handleData] JSON parsed: type=mouse-hover mouseEnabled=true
[Program._handleData] mouseEvent={"x":42,"y":22,"action":"mousemove","shift":false,"ctrl":false,"meta":false}
[EDGE-DEBUG] mouse=(42,22) panel=(0,0)-(79,23) size=80x24 rel=(42,22) pos.width=80 pos.left=0
[EDGE-DEBUG] mouse=(42,22) panel=(0,0)-(79,23) size=80x24 rel=(42,22) pos.width=80 pos.left=0
[Program._handleData] Emitted mouse event
[Program._handleData] JSON parsed: type=mouse-hover mouseEnabled=true
[Program._handleData] mouseEvent={"x":43,"y":22,"action":"mousemove","shift":false,"ctrl":false,"meta":false}
[EDGE-DEBUG] mouse=(43,22) panel=(0,0)-(79,23) size=80x24 rel=(43,22) pos.width=80 pos.left=0
[EDGE-DEBUG] mouse=(43,22) panel=(0,0)-(79,23) size=80x24 rel=(43,22) pos.width=80 pos.left=0
[Program._handleData] Emitted mouse event
[Program._handleData] JSON parsed: type=mouse-hover mouseEnabled=true
[Program._handleData] mouseEvent={"x":43,"y":21,"action":"mousemove","shift":false,"ctrl":false,"meta":false}
[Program._handleData] Emitted mouse event
[Program._handleData] JSON parsed: type=mouse-hover mouseEnabled=true
[Program._handleData] mouseEvent={"x":43,"y":21,"action":"mousemove","shift":false,"ctrl":false,"meta":false}
[Program._handleData] Emitted mouse event
[Program._handleData] JSON parsed: type=mouse-hover mouseEnabled=true
[Program._handleData] mouseEvent={"x":44,"y":21,"action":"mousemove","shift":false,"ctrl":false,"meta":false}
[Program._handleData] Emitted mouse event
[Program._handleData] JSON parsed: type=mouse-hover mouseEnabled=true
[Program._handleData] mouseEvent={"x":44,"y":20,"action":"mousemove","shift":false,"ctrl":false,"meta":false}
[Program._handleData] Emitted mouse event
[Program._handleData] JSON parsed: type=mouse-hover mouseEnabled=true
[Program._handleData] mouseEvent={"x":44,"y":20,"action":"mousemove","shift":false,"ctrl":false,"meta":false}
[Program._handleData] Emitted mouse event
[Program._handleData] JSON parsed: type=mouse-hover mouseEnabled=true
[Program._handleData] mouseEvent={"x":44,"y":20,"action":"mousemove","shift":false,"ctrl":false,"meta":false}
[Program._handleData] Emitted mouse event
[Program._handleData] JSON parsed: type=mouse-hover mouseEnabled=true
[Program._handleData] mouseEvent={"x":44,"y":20,"action":"mousemove","shift":false,"ctrl":false,"meta":false}
[Program._handleData] Emitted mouse event
[Program._handleData] JSON parsed: type=mouse-hover mouseEnabled=true
[Program._handleData] mouseEvent={"x":44,"y":20,"action":"mousemove","shift":false,"ctrl":false,"meta":false}
[Program._handleData] Emitted mouse event
[Program._handleData] JSON parsed: type=mouse-hover mouseEnabled=true
[Program._handleData] mouseEvent={"x":44,"y":20,"action":"mousemove","shift":false,"ctrl":false,"meta":false}
[Program._handleData] Emitted mouse event
[Program._handleData] JSON parsed: type=mouse-hover mouseEnabled=true
[Program._handleData] mouseEvent={"x":44,"y":20,"action":"mousemove","shift":false,"ctrl":false,"meta":false}
[Program._handleData] Emitted mouse event
[Program._handleData] JSON parsed: type=mouse-hover mouseEnabled=true
[Program._handleData] mouseEvent={"x":44,"y":20,"action":"mousemove","shift":false,"ctrl":false,"meta":false}
[Program._handleData] Emitted mouse event
[Program._handleData] JSON parsed: type=mouse-hover mouseEnabled=true
[Program._handleData] mouseEvent={"x":43,"y":20,"action":"mousemove","shift":false,"ctrl":false,"meta":false}
[Program._handleData] Emitted mouse event
[Program._handleData] JSON parsed: type=mouse-hover mouseEnabled=true
[Program._handleData] mouseEvent={"x":43,"y":20,"action":"mousemove","shift":false,"ctrl":false,"meta":false}
[Program._handleData] Emitted mouse event
[Program._handleData] JSON parsed: type=mouse-hover mouseEnabled=true
[Program._handleData] mouseEvent={"x":43,"y":20,"action":"mousemove","shift":false,"ctrl":false,"meta":false}
[Program._handleData] Emitted mouse event
[Program._handleData] JSON parsed: type=mouse-hover mouseEnabled=true
[Program._handleData] mouseEvent={"x":42,"y":19,"action":"mousemove","shift":false,"ctrl":false,"meta":false}
[Program._handleData] Emitted mouse event
[Program._handleData] JSON parsed: type=mouse-hover mouseEnabled=true
[Program._handleData] mouseEvent={"x":42,"y":19,"action":"mousemove","shift":false,"ctrl":false,"meta":false}
[Program._handleData] Emitted mouse event
[Program._handleData] JSON parsed: type=mouse-hover mouseEnabled=true
[Program._handleData] mouseEvent={"x":41,"y":19,"action":"mousemove","shift":false,"ctrl":false,"meta":false}
[Program._handleData] Emitted mouse event
[Program._handleData] JSON parsed: type=mouse-hover mouseEnabled=true
[Program._handleData] mouseEvent={"x":41,"y":19,"action":"mousemove","shift":false,"ctrl":false,"meta":false}
[Program._handleData] Emitted mouse event
[socket-handlers] mouse-click received: { x: 41, y: 19, button: 0, shift: false, ctrl: false, alt: false }
[socket-handlers] mouse-click check: inDoorManager= true hasHandler= true mouseEnabled= true
[socket-handlers] Calling doorInputHandler with mouse click data
[socket-handlers] Mouse JSON: {"type":"mouse-click","x":41,"y":19,"button":0,"shift":false,"ctrl":false,"alt":false}
[Program._handleData] JSON parsed: type=mouse-click mouseEnabled=true
[Program._handleData] mouseEvent={"x":41,"y":19,"action":"mousedown","button":"left","shift":false,"ctrl":false,"meta":false}
[Program._handleData] Emitted mouse event
[ClientDoorBridge] mouse-click received: { x: 41, y: 19, button: 0, shift: false, ctrl: false, alt: false }
[socket-handlers] mouse-drag received: { x: 41, y: 19, button: 0, shift: false, ctrl: false, alt: false }
[socket-handlers] Calling doorInputHandler with mouse drag data
[Program._handleData] JSON parsed: type=mouse-drag mouseEnabled=true
[Program._handleData] mouseEvent={"x":41,"y":19,"action":"mousemove","button":"left","shift":false,"ctrl":false,"meta":false}
[Program._handleData] Emitted mouse event
[socket-handlers] mouse-up received: { x: 41, y: 19, button: 0, shift: false, ctrl: false, alt: false }
[socket-handlers] Calling doorInputHandler with mouse up data
[Program._handleData] JSON parsed: type=mouse-up mouseEnabled=true
[Program._handleData] mouseEvent={"x":41,"y":19,"action":"mouseup","button":"left","shift":false,"ctrl":false,"meta":false}
[Program._handleData] Emitted mouse event
[Program._handleData] JSON parsed: type=mouse-hover mouseEnabled=true
[Program._handleData] mouseEvent={"x":41,"y":19,"action":"mousemove","shift":false,"ctrl":false,"meta":false}
[Program._handleData] Emitted mouse event
[Program._handleData] JSON parsed: type=mouse-hover mouseEnabled=true
[Program._handleData] mouseEvent={"x":41,"y":18,"action":"mousemove","shift":false,"ctrl":false,"meta":false}
[Program._handleData] Emitted mouse event
[Program._handleData] JSON parsed: type=mouse-hover mouseEnabled=true
[Program._handleData] mouseEvent={"x":42,"y":17,"action":"mousemove","shift":false,"ctrl":false,"meta":false}
[Program._handleData] Emitted mouse event
[Program._handleData] JSON parsed: type=mouse-hover mouseEnabled=true
[Program._handleData] mouseEvent={"x":44,"y":15,"action":"mousemove","shift":false,"ctrl":false,"meta":false}
[Program._handleData] Emitted mouse event
[Program._handleData] JSON parsed: type=mouse-hover mouseEnabled=true
[Program._handleData] mouseEvent={"x":46,"y":12,"action":"mousemove","shift":false,"ctrl":false,"meta":false}
[Program._handleData] Emitted mouse event
[Program._handleData] JSON parsed: type=mouse-hover mouseEnabled=true
[Program._handleData] mouseEvent={"x":48,"y":9,"action":"mousemove","shift":false,"ctrl":false,"meta":false}
[Program._handleData] Emitted mouse event
[Program._handleData] JSON parsed: type=mouse-hover mouseEnabled=true
[Program._handleData] mouseEvent={"x":49,"y":6,"action":"mousemove","shift":false,"ctrl":false,"meta":false}
[createButton] Button received mouse event: mousemove undefined
[Program._handleData] Emitted mouse event
[Program._handleData] JSON parsed: type=mouse-hover mouseEnabled=true
[Program._handleData] mouseEvent={"x":50,"y":3,"action":"mousemove","shift":false,"ctrl":false,"meta":false}
[EDGE-DEBUG] mouse=(50,3) panel=(30,3)-(85,20) size=56x18 rel=(20,0) pos.width=56 pos.left=29
[Program._handleData] Emitted mouse event
[Program._handleData] JSON parsed: type=mouse-hover mouseEnabled=true
[Program._handleData] mouseEvent={"x":50,"y":2,"action":"mousemove","shift":false,"ctrl":false,"meta":false}
[EDGE-DEBUG] mouse=(50,2) panel=(2,2)-(79,7) size=78x6 rel=(48,0) pos.width=78 pos.left=1
[Program._handleData] Emitted mouse event
[Program._handleData] JSON parsed: type=mouse-hover mouseEnabled=true
[Program._handleData] mouseEvent={"x":51,"y":2,"action":"mousemove","shift":false,"ctrl":false,"meta":false}
[EDGE-DEBUG] mouse=(51,2) panel=(2,2)-(79,7) size=78x6 rel=(49,0) pos.width=78 pos.left=1
[Program._handleData] Emitted mouse event
[Program._handleData] JSON parsed: type=mouse-hover mouseEnabled=true
[Program._handleData] mouseEvent={"x":51,"y":2,"action":"mousemove","shift":false,"ctrl":false,"meta":false}
[EDGE-DEBUG] mouse=(51,2) panel=(2,2)-(79,7) size=78x6 rel=(49,0) pos.width=78 pos.left=1
[Program._handleData] Emitted mouse event
[Program._handleData] JSON parsed: type=mouse-hover mouseEnabled=true
[Program._handleData] mouseEvent={"x":51,"y":2,"action":"mousemove","shift":false,"ctrl":false,"meta":false}
[EDGE-DEBUG] mouse=(51,2) panel=(2,2)-(79,7) size=78x6 rel=(49,0) pos.width=78 pos.left=1
[Program._handleData] Emitted mouse event
[Program._handleData] JSON parsed: type=mouse-hover mouseEnabled=true
[Program._handleData] mouseEvent={"x":51,"y":1,"action":"mousemove","shift":false,"ctrl":false,"meta":false}
[EDGE-DEBUG] mouse=(51,1) panel=(0,0)-(79,23) size=80x24 rel=(51,1) pos.width=80 pos.left=0
[EDGE-DEBUG] mouse=(51,1) panel=(0,0)-(79,23) size=80x24 rel=(51,1) pos.width=80 pos.left=0
[Program._handleData] Emitted mouse event
[Program._handleData] JSON parsed: type=mouse-hover mouseEnabled=true
[Program._handleData] mouseEvent={"x":53,"y":0,"action":"mousemove","shift":false,"ctrl":false,"meta":false}
[EDGE-DEBUG] mouse=(53,0) panel=(0,0)-(79,23) size=80x24 rel=(53,0) pos.width=80 pos.left=0
[EDGE-DEBUG] mouse=(53,0) panel=(0,0)-(79,23) size=80x24 rel=(53,0) pos.width=80 pos.left=0
[Program._handleData] Emitted mouse event
[Program._handleData] JSON parsed: type=mouse-hover mouseEnabled=true
[Program._handleData] mouseEvent={"x":54,"y":0,"action":"mousemove","shift":false,"ctrl":false,"meta":false}
[EDGE-DEBUG] mouse=(54,0) panel=(0,0)-(79,23) size=80x24 rel=(54,0) pos.width=80 pos.left=0
[EDGE-DEBUG] mouse=(54,0) panel=(0,0)-(79,23) size=80x24 rel=(54,0) pos.width=80 pos.left=0
[Program._handleData] Emitted mouse event
[CORS] Request origin: undefined
[CORS] No origin header - allowing (same-origin or non-browser request)
[DISCONNECT] Client disconnected, reason: transport close, socket: DWtVnknAc9ZxeTv3AAAB
[DISCONNECT] Waiting 3000ms for potential reconnection...
[ClientDoorBridge] Ending session client-door-1-1769032037965
[ClientDoorBridge] Session client-door-1-1769032037965 ended
[CORS] Request origin: http://localhost:3001
[CORS] Development mode - allowing all origins
[CORS] Request origin: http://localhost:3001
[CORS] Development mode - allowing all origins
[CORS] Request origin: http://localhost:3001
[CORS] Development mode - allowing all origins
[CORS] Request origin: http://localhost:3001
[CORS] Development mode - allowing all origins
[CORS] Request origin: http://localhost:3001
[CORS] Development mode - allowing all origins
[CORS] Request origin: http://localhost:3001
[CORS] Development mode - allowing all origins
[CORS] Request origin: http://localhost:3001
[CORS] Development mode - allowing all origins
[CORS] Request origin: http://localhost:3001
[CORS] Development mode - allowing all origins
[CORS] Request origin: http://localhost:3001
[CORS] Development mode - allowing all origins
[CORS] Request origin: http://localhost:3001
[CORS] Development mode - allowing all origins
[CORS] Request origin: http://localhost:3001
[CORS] Development mode - allowing all origins
[CORS] Request origin: http://localhost:3001
[CORS] Development mode - allowing all origins
[CORS] Request origin: http://localhost:3001
[CORS] Development mode - allowing all origins
[CORS] Request origin: http://localhost:3001
[CORS] Development mode - allowing all origins
[Socket.IO Auth] New connection, has token: false, socket id: lQqmMkQjuo6noU0SAAAE
[Socket.IO Auth] No token provided, allowing anonymous connection
Client connected from 127.0.0.1
[Operator Chat] Anonymous socket connected (no session)
[BBSConfig] Loaded configuration from bbsConfig.info
[BBSConfig] Loaded configuration overrides from bbsConfig.info.txt
[Connection] Starting welcome sequence for node 2
[DISCONNECT] User reconnected during grace period, skipping cleanup
Client connected from 127.0.0.1
[SessionLogManager] Started tracking session: lQqmMkQjuo6noU0SAAAE (guest)
[BatchScheduler] Loaded 2 EXECUTE_ON_* tooltypes from bbsConfig.info
[socket-handlers] registerCommandHandler called, registering door:input listener
[SOCKET-DEBUG] Registering command handler for socket: lQqmMkQjuo6noU0SAAAE
[CHAT DEBUG] registerChatHandlers called for socket: lQqmMkQjuo6noU0SAAAE
[CHAT DEBUG] Registering chat-only-login-submit handler for socket: lQqmMkQjuo6noU0SAAAE
[Operator Chat] Setting up listeners for socket lQqmMkQjuo6noU0SAAAE, user=anonymous
Executing: FRONTEND
[SYSOP DEBUG] COMMAND: Executing TS door: Doors/telnet-front
{
  "type": "TS",
  "location": "Doors/telnet-front"
}
Executing door: FRONTEND
[loadDoorManifestForExecution] Loading manifest for door: FRONTEND, id: frontend, path: Doors/telnet-front
[loadDoorManifestForExecution] Trying door.path: /Users/spot/Code/amiexpress-web/Doors/telnet-front/package.json
[loadDoorManifestForExecution] Found manifest via door.path, runtime: not specified
[DoorDropFile] Created DOOR.SYS for Node2
[DoorDropFile] Created DORINFO2.DEF for Node2
[CallersLog] Node2: Door: FRONTEND
[BBSEventEmitter] Emitted door_activity: Guest (node 2)
[executeTypeScriptDoor] ===== EXEC ID: mkok1bz2tho3 =====
[executeTypeScriptDoor] Starting TypeScript door: FRONTEND
[executeTypeScriptDoor] Door path: Doors/telnet-front
[executeTypeScriptDoor] Found root index.ts, using source instead of package.json main
[executeTypeScriptDoor] Resolved path: /Users/spot/Code/amiexpress-web/Doors/telnet-front/index.ts
[executeTypeScriptDoor] Actual filesystem path: /Users/spot/Code/amiexpress-web/Doors/telnet-front/index.ts
[executeTypeScriptDoor] Importing: file:///Users/spot/Code/amiexpress-web/Doors/telnet-front/index.ts
[executeTypeScriptDoor] SDK v2.0 Door detected, calling execute()
[executeTypeScriptDoor] Set inDoorManager=true
[executeTypeScriptDoor] Sent door:status: running, door-active: true
[createBBSApi] Created BBSApi, has enableMouseEvents: function
[executeTypeScriptDoor] Calling door.execute() with SDK context...
[TELNET-FRONT] Starting display
[telnet-front] Timeout waiting for active-users, using defaults
[TELNET-FRONT] Display complete
[executeTypeScriptDoor] Door.execute() returned
[executeTypeScriptDoor] Door completed successfully
[GameMode] Disabled
[executeTypeScriptDoor] Cleared inDoorManager and doorInputHandler
[executeTypeScriptDoor] Sent door:status: stopped, door-active: false
[DoorDropFile] Deleted DOOR.SYS for Node2
[DoorDropFile] Deleted DORINFO2.DEF for Node2
[CallersLog] Node2: Door exit: FRONTEND
[BBSEventEmitter] Emitted door_activity: Guest (node 2)
[Connection] Welcome sequence complete for node 2, waiting for ANSI response
[COMMAND-HANDLER-ENTRY] COMMAND EVENT FIRED! lQqmMkQjuo6noU0SAAAE
=== COMMAND RECEIVED [v2024-FIXED] ===
Raw data: "\r" length: 1 charCode: 13
[socket-handlers] checkPauseHandler active: false, flagPauseHandler active: false
Session state: await subState: ansi_prompt
Input buffer: ""
🎯 ENTER KEY DETECTED!
🎯 Current subState: ansi_prompt
🎯 Is POST_MESSAGE_SUBJECT? false
🎯 Input buffer contents: ""
[socket-handlers] About to check door - data="" (len=1), inDoor=undefined, subState=ansi_prompt
[socket-handlers] ✗ NOT in door or no handler - routing to BBS command handler
[socket-handlers]   inDoorManager: undefined
[socket-handlers]   handler exists: false
=== handleCommand called ===
data: "\r"
session.state: await
session.subState: ansi_prompt
[handleCommand] ENTRY: data="" subState=ansi_prompt paginatedScreen=false inDoorManager=undefined
 Graphics prompt response: (empty = ANSI)
 Graphics mode set: ANSI/RIP
[SCREEN] [displayScreen] ========================================
[SCREEN] [displayScreen] REQUESTED SCREEN: BBSTITLE
[SCREEN] [displayScreen] Conference ID: 1
[SCREEN] [displayScreen] User: guest
[SCREEN] [displayScreen] ========================================
[SCREEN FLOW] Display request for BBSTITLE (runCommands=true) state=ansi_prompt node=2
[SCREEN] [loadScreenFile] Loading screen: BBSTITLE
[SCREEN] [loadScreenFile] Base directory: /Users/spot/Code/amiexpress-web
[SCREEN] [loadScreenFile] Conference ID: 1, Node ID: 2
[SCREEN] [loadScreenFile] Terminal type: unknown (80x24)
[SCREEN] [loadScreenFile] PETSCII mode: NO
[SCREEN] [loadScreenFile] Search locations for BBSTITLE: [ 'Node2', 'Node2/Screens', 'Screens (Fallback)' ]
[SCREEN] [loadScreenFile] Trying 3 location(s) with case-insensitive matching:
[SCREEN] Not found: /Users/spot/Code/amiexpress-web/Node2/BBSTITLE (checked levels 0 down to 5)
[SCREEN] [loadScreenFile]   [1/9] /Users/spot/Code/amiexpress-web/Node2/BBSTITLE.TXT
[SCREEN] [loadScreenFile]     (not found)
[SCREEN] [loadScreenFile]   [2/9] /Users/spot/Code/amiexpress-web/Node2/BBSTITLE.txt
[SCREEN] [loadScreenFile]     (not found)
[SCREEN] [loadScreenFile]   [3/9] /Users/spot/Code/amiexpress-web/Node2/BBSTITLE
[SCREEN] [loadScreenFile]     (not found)
[SCREEN] Not found: /Users/spot/Code/amiexpress-web/Node2/Screens/BBSTITLE (checked levels 0 down to 5)
[SCREEN] [loadScreenFile]   [4/9] /Users/spot/Code/amiexpress-web/Node2/Screens/BBSTITLE.TXT
[SCREEN] [loadScreenFile]     (not found)
[SCREEN] [loadScreenFile]   [5/9] /Users/spot/Code/amiexpress-web/Node2/Screens/BBSTITLE.txt
[SCREEN] [loadScreenFile]     (not found)
[SCREEN] [loadScreenFile]   [6/9] /Users/spot/Code/amiexpress-web/Node2/Screens/BBSTITLE
[SCREEN] [loadScreenFile]     (not found)
[SCREEN] Found text screen: /Users/spot/Code/amiexpress-web/Screens/BBSTITLE.TXT
[SCREEN] [loadScreenFile]  Found security screen for BBSTITLE at: /Users/spot/Code/amiexpress-web/Screens/BBSTITLE.TXT
[SCREEN] readScreenWithTransforms: /Users/spot/Code/amiexpress-web/Screens/BBSTITLE.TXT
[SCREEN]   Encoding: iso-8859-1, iCE: false
[NEWLINE-DEBUG] RAW CONTENT (BBSTITLE): 13888 bytes, 68 \n, 0 \r\n
[SCREEN] [displayScreen]  Screen loaded successfully: BBSTITLE
[SCREEN] [displayScreen] Content length: 13888 bytes
[SCREEN] [displayScreen] PETSCII: NO
[SCREEN] [displayScreen] Render event: BBSTITLE (node 2)
[SCREEN FLOW] Loaded BBSTITLE file=/Users/spot/Code/amiexpress-web/Screens/BBSTITLE.TXT petscii=N bytes=13888
[DEBUG:SCREEN:INFO] Displaying screen: BBSTITLE {
  file: '/Users/spot/Code/amiexpress-web/Screens/BBSTITLE.TXT',
  size: '13888 bytes',
  isPetscii: false,
  conference: 1
}
[SCREEN] [MCI] ========== PROCESSING MCI CODES ==========
[SCREEN] [MCI] Content length: 13888
[SCREEN] [MCI] Looking for ~XC_ and ~XI codes...
[DEBUG:MCI:DEBUG] Parsing MCI codes (13888 bytes) 
[SCREEN] [MCI] Total commands to execute: 0
=== COMMAND PROCESSED ===

[SCREEN] [MCI] Sequential: emitted remaining text
[SCREEN] [MCI DEBUG] Looking for ~SS_ codes in: 
[NEWLINE-DEBUG] AFTER parseMciCodes NORMAL: 0 bytes, 0 \n, 0 \r\n
[NEWLINE-DEBUG] AFTER addAnsiEscapes: 0 bytes, 0 \n, 0 \r\n
[NEWLINE-DEBUG] AFTER NORMALIZE: 0 bytes, 0 \n, 0 \r\n
[WIPE-DEBUG] Screen: BBSTITLE, hasWipeAnimation: false, wipeType: null
[NEWLINE-DEBUG] SPLIT INTO LINES: 2 lines
[NEWLINE-DEBUG] FIRST 5 LINES:   [0] len=0: 
  [1] len=0: 
[SCREEN FLOW] Parsed BBSTITLE: event=ansi-output commands=0 pause=N pages=2
[WIPE-CHECK] hasWipeAnimation=false, wipeType=null, screenName=BBSTITLE
[SCREEN] [displayScreen] Content already emitted inline, skipping frame buffer
🔍 Checking if username exists: sysop
User exists, requesting password
Socket login attempt with username/password: sysop
[LOGIN] Authenticating user: sysop
[LOGIN] Authentication result: SUCCESS
[LOGIN] User authenticated successfully, proceeding with login flow
[UserFileManager] Serialized user struct: 232 bytes (expected 232)
[UserFileManager] Serialized userKeys struct: 56 bytes (expected 56)
[UserFileManager] Serialized userMisc struct: 248 bytes (expected 248)
[UserFileManager] Updated user files for sysop (slot 2)
[LOGIN] Synced user sysop to disk files (slot 2)
[UserFileManager] Serialized user struct: 232 bytes (expected 232)
[UserFileManager] Serialized userKeys struct: 56 bytes (expected 56)
[UserFileManager] Serialized userMisc struct: 248 bytes (expected 248)
[UserFileManager] Updated user files for sysop (slot 2)
[Database] Synced updated user sysop to disk files (slot 2)
[ModemEmulator] install() - wrapping socket.emit
[ModemEmulator] install() complete - _directEmit provided for XIM bypass
[WEB LOGIN] Emitting modem-speed event with userBaud=0
[WEB LOGIN] modem-speed event emitted
[CommandHistory] loadHistory called for userId=7ddd39a4-9a2b-485e-ba5a-8cfec20813dd
[CommandHistory] Database available, querying...
[SYSOP DEBUG] AUTH: Login successful - sysop debug system active
{
  "username": "sysop",
  "secLevel": 255
}
[BBSConfig] Loaded configuration from bbsConfig.info
[BBSConfig] Loaded configuration overrides from bbsConfig.info.txt
[SessionLogManager] Updated session metadata: lQqmMkQjuo6noU0SAAAE -> sysop
[BatchScheduler] Running EXECUTE_ASYNC_ON_LOGON: bbs:utils/dannounce Sanctuary ~N
[DoorDropFile] Created DOOR.SYS for Node2
[DoorDropFile] Created DORINFO2.DEF for Node2
[BatchScheduler] Running door dannounce as type XIM
[SESSION-MIGRATION] User 7ddd39a4-9a2b-485e-ba5a-8cfec20813dd logged in on socket lQqmMkQjuo6noU0SAAAE
[SESSION-MIGRATION] Migrating session from socket-based to user-based storage
[SESSION-MIGRATION] Session now keyed by user ID: 7ddd39a4-9a2b-485e-ba5a-8cfec20813dd
[BBSEventEmitter] Emitted user_login: sysop (node 2)
[NodeFileManager] Writing /Users/spot/Code/amiexpress-web/node2.user for user sysop
[NodeFileManager] Wrote node2.user (239 bytes)
[NodeFileManager] Writing /Users/spot/Code/amiexpress-web/node2.userkeys for user sysop
[NodeFileManager] Wrote node2.userkeys (54 bytes)
[LOGIN] Node files created for node 2: sysop
[CallersLog] Node2: Login sysop
[EnvStat] Writing /tmp/ram/ENV/STATS@2 (node 2, stat 0)
[CommandHistory] Query result: 1 rows
[CommandHistory] Loaded 20 commands for user 7ddd39a4-9a2b-485e-ba5a-8cfec20813dd
[DoorDropFile] Created DOOR.SYS for Node2
[DoorDropFile] Created DORINFO2.DEF for Node2
[BatchScheduler] Running door ByteKillHandler as type SIM
[Preference] Received get-font-preference request
[Preference] Sending saved font preference: TopazPlus_a500 for user: sysop
[SCREEN] [displayScreen] ========================================
[SCREEN] [displayScreen] REQUESTED SCREEN: LOGON
[SCREEN] [displayScreen] Conference ID: 2
[SCREEN] [displayScreen] User: guest
[SCREEN] [displayScreen] ========================================
[SCREEN FLOW] Display request for LOGON (runCommands=false) state=exec_quicknew node=2
[SCREEN] [loadScreenFile] Loading screen: LOGON
[SCREEN] [loadScreenFile] Base directory: /Users/spot/Code/amiexpress-web
[SCREEN] [loadScreenFile] Conference ID: 2, Node ID: 2
[SCREEN] [loadScreenFile] Terminal type: unknown (80x24)
[SCREEN] [loadScreenFile] PETSCII mode: NO
[SCREEN] [loadScreenFile] Search locations for LOGON: [ 'Node2', 'Node2/Screens', 'Screens (Fallback)' ]
[SCREEN] [loadScreenFile] Trying 3 location(s) with case-insensitive matching:
[SCREEN] Found text screen: /Users/spot/Code/amiexpress-web/Node2/LOGON20.TXT
[SCREEN] [loadScreenFile]  Found security screen for LOGON at: /Users/spot/Code/amiexpress-web/Node2/LOGON20.TXT
[SCREEN] readScreenWithTransforms: /Users/spot/Code/amiexpress-web/Node2/LOGON20.TXT
[SCREEN]   Encoding: iso-8859-1, iCE: false
[NEWLINE-DEBUG] RAW CONTENT (LOGON): 172 bytes, 12 \n, 0 \r\n
[SCREEN] [displayScreen]  Screen loaded successfully: LOGON
[SCREEN] [displayScreen] Content length: 172 bytes
[SCREEN] [displayScreen] PETSCII: NO
[SCREEN] [displayScreen] Render event: LOGON (node 2)
[SCREEN FLOW] Loaded LOGON file=/Users/spot/Code/amiexpress-web/Node2/LOGON20.TXT petscii=N bytes=172
[DEBUG:SCREEN:INFO] Displaying screen: LOGON {
  file: '/Users/spot/Code/amiexpress-web/Node2/LOGON20.TXT',
  size: '172 bytes',
  isPetscii: false,
  conference: 2
}
[SEGMENT] SETUP: 5 segments for LOGON
[SEGMENT]   0: "~\n~SS_BBS:bulletins/bull6.txt|..."
[SEGMENT]   1: "~f\n~CC_gl..."
[SEGMENT]   2: "~CC_wall\n~CC_gwall\n~f\n~5SR_WORK:bbs/Screens/flt/flt..."
[SEGMENT]   3: "~f\n~SS_BBS:screens/uprough.txt..."
[SEGMENT]   4: "~f\n~SS_BBS:screens/quicknew.txt..."
[SCREEN] [displayScreen] ~SP segment processing: 5 segments for LOGON
[SCREEN] [displayScreen] Processing segment 0/5: ~
~SS_BBS:bulletins/bull6.txt|...
[SCREEN] [MCI] ========== PROCESSING MCI CODES ==========
[SCREEN] [MCI] Content length: 30
[SCREEN] [MCI] Looking for ~XC_ and ~XI codes...
[DEBUG:MCI:DEBUG] Parsing MCI codes (30 bytes) 
[SCREEN] [MCI] Total commands to execute: 0
[SCREEN] [MCI] Sequential: emitted text before ~SS_BBS:bul
[SCREEN] [MCI] Sequential: ~SS_ displayFile: BBS:bulletins/bull6.txt
[SCREEN] [displayScreen] ========================================
[SCREEN] [displayScreen] REQUESTED SCREEN: BBS:bulletins/bull6.txt
[SCREEN] [displayScreen] Conference ID: 2
[SCREEN] [displayScreen] User: guest
[SCREEN] [displayScreen] ========================================
[SCREEN] [loadScreenFile] Loading screen: BBS:bulletins/bull6.txt
[SCREEN] [loadScreenFile] Base directory: /Users/spot/Code/amiexpress-web
[SCREEN] [loadScreenFile] Conference ID: 2, Node ID: 2
[SCREEN] [loadScreenFile] Terminal type: unknown (80x24)
[SCREEN] [loadScreenFile] PETSCII mode: NO
[SCREEN] [MCI] ~SS_ resolving Amiga path: BBS:bulletins/bull6.txt -> /Users/spot/Code/amiexpress-web/bulletins/bull6.txt
[SCREEN] [loadScreenFile] Trying 0 location(s) with case-insensitive matching:
[SCREEN] [loadScreenFile]   [1] /Users/spot/Code/amiexpress-web/bulletins/bull6.txt
[SCREEN] Found text screen: /Users/spot/Code/amiexpress-web/bulletins/bull6.TXT
[SCREEN] [loadScreenFile]  Found security screen for assign path: /Users/spot/Code/amiexpress-web/bulletins/bull6.TXT
[SCREEN] readScreenWithTransforms: /Users/spot/Code/amiexpress-web/bulletins/bull6.TXT
[SCREEN]   Encoding: iso-8859-1, iCE: false
[NEWLINE-DEBUG] RAW CONTENT (BBS:bulletins/bull6.txt): 3878 bytes, 37 \n, 9 \r\n
[SCREEN] [displayScreen]  Screen loaded successfully: BBS:bulletins/bull6.txt
[SCREEN] [displayScreen] Content length: 3878 bytes
[SCREEN] [displayScreen] PETSCII: NO
[SCREEN] [displayScreen] Render event: BBS:bulletins/bull6.txt (node 2)
[DEBUG:SCREEN:INFO] Displaying screen: BBS:bulletins/bull6.txt {
  file: '/Users/spot/Code/amiexpress-web/bulletins/bull6.TXT',
  size: '3878 bytes',
  isPetscii: false,
  conference: 2
}
[SCREEN] [MCI] ========== PROCESSING MCI CODES ==========
[SCREEN] [MCI] Content length: 3878
[SCREEN] [MCI] Looking for ~XC_ and ~XI codes...
[DEBUG:MCI:DEBUG] Parsing MCI codes (3878 bytes) 
[SCREEN] [MCI] Total commands to execute: 0
[SCREEN] [MCI] Sequential: emitted remaining text
[SCREEN] [MCI DEBUG] Looking for ~SS_ codes in: 
[NEWLINE-DEBUG] AFTER parseMciCodes NORMAL: 0 bytes, 0 \n, 0 \r\n
[NEWLINE-DEBUG] AFTER addAnsiEscapes: 0 bytes, 0 \n, 0 \r\n
[NEWLINE-DEBUG] AFTER NORMALIZE: 0 bytes, 0 \n, 0 \r\n
[WIPE-DEBUG] Screen: BBS:bulletins/bull6.txt, hasWipeAnimation: false, wipeType: null
[NEWLINE-DEBUG] SPLIT INTO LINES: 1 lines
[NEWLINE-DEBUG] FIRST 5 LINES:   [0] len=0: 
[WIPE-CHECK] hasWipeAnimation=false, wipeType=null, screenName=BBS:bulletins/bull6.txt
[SCREEN] [displayScreen] Content already emitted inline, skipping frame buffer
[SCREEN] [MCI DEBUG] Looking for ~SS_ codes in: 
[NEWLINE-DEBUG] AFTER parseMciCodes SEGMENT 0: 0 bytes, 0 \n, 0 \r\n
[NEWLINE-DEBUG] AFTER addAnsiEscapes: 0 bytes, 0 \n, 0 \r\n
[NEWLINE-DEBUG] AFTER NORMALIZE: 0 bytes, 0 \n, 0 \r\n
[WIPE-DEBUG] Screen: LOGON, hasWipeAnimation: false, wipeType: null
[NEWLINE-DEBUG] SPLIT INTO LINES: 2 lines
[NEWLINE-DEBUG] FIRST 5 LINES:   [0] len=0: 
  [1] len=0: 
[SCREEN FLOW] Parsed LOGON: event=ansi-output commands=0 pause=N pages=2
[WIPE-CHECK] hasWipeAnimation=false, wipeType=null, screenName=LOGON
[SCREEN] [displayScreen] Content already emitted inline, skipping frame buffer
[LOGIN] LOGON displayed, adding pause per express.e:29854
[doPause] CALLED - setting up paginatedScreen (subState=display_bull)
[LOGIN] Pause set up, waiting for user input to continue
[COMMAND-HANDLER-ENTRY] COMMAND EVENT FIRED! lQqmMkQjuo6noU0SAAAE
=== COMMAND RECEIVED [v2024-FIXED] ===
Raw data: "\r" length: 1 charCode: 13
[socket-handlers] checkPauseHandler active: false, flagPauseHandler active: false
Session state: loggedon subState: display_bull
Input buffer: ""
🎯 ENTER KEY DETECTED!
🎯 Current subState: display_bull
🎯 Is POST_MESSAGE_SUBJECT? false
🎯 Input buffer contents: ""
[socket-handlers] About to check door - data="" (len=1), inDoor=false, subState=display_bull
[socket-handlers] ✗ NOT in door or no handler - routing to BBS command handler
[socket-handlers]   inDoorManager: false
[socket-handlers]   handler exists: false
=== handleCommand called ===
data: "\r"
session.state: loggedon
session.subState: display_bull
[handleCommand] ENTRY: data="" subState=display_bull paginatedScreen=true inDoorManager=false
[handleCommand] Has paginatedScreen - calling handlePaginatedScreenInput
[handlePaginatedScreenInput] ENTRY: data="" lines=1 nextIndex=1 pageSize=1
[SEGMENT] Processing segment 1/4: "~f
~CC_gl..."
[SCREEN] [processNextScreenSegment] Processing segment 1: ~f
~CC_gl...
[SCREEN] [MCI] ========== PROCESSING MCI CODES ==========
[SCREEN] [MCI] Content length: 9
[SCREEN] [MCI] Looking for ~XC_ and ~XI codes...
[DEBUG:MCI:DEBUG] Parsing MCI codes (9 bytes) 
[SCREEN] [MCI] Total commands to execute: 0
=== COMMAND PROCESSED ===

[SCREEN] [MCI] Sequential: emitted text before ~CC_gl
[MCI][CC_] EXECUTING INLINE COMMAND: gl state: loggedon subState: display_bull
[SCREEN] [MCI] Sequential: ~CC_ processSysCommand: gl
[CommandPriority] Processing command: gl with params: 
[InternalRouter] Overriding internal command 'GL' with external BBSCMD door.
Executing: GL
[SYSOP DEBUG] CMD: Executing: GL
[SYSOP DEBUG] COMMAND: Executing TS door: Doors/glc-viewer
{
  "type": "TS",
  "location": "Doors/glc-viewer"
}
Executing door: GL
[loadDoorManifestForExecution] Loading manifest for door: GL, id: gl, path: Doors/glc-viewer
[loadDoorManifestForExecution] Trying door.path: /Users/spot/Code/amiexpress-web/Doors/glc-viewer/package.json
[loadDoorManifestForExecution] Extracted doorId: glc-viewer
[loadDoorManifestForExecution] Trying legacy doors path: /Users/spot/Code/amiexpress-web/doors/glc-viewer/package.json
[loadDoorManifestForExecution] No manifest found for GL (id: gl, doorId: glc-viewer)
[DoorDropFile] Created DOOR.SYS for Node2
[DoorDropFile] Created DORINFO2.DEF for Node2
[CallersLog] Node2: Door: GL
[BBSEventEmitter] Emitted door_activity: sysop (node 2)
[executeTypeScriptDoor] ===== EXEC ID: mkok1icfgqae =====
[executeTypeScriptDoor] Starting TypeScript door: GL
[executeTypeScriptDoor] Door path: Doors/glc-viewer
[executeTypeScriptDoor] Resolved path: /Users/spot/Code/amiexpress-web/Doors/glc-viewer
[DoorDropFile] Deleted DOOR.SYS for Node2
[DoorDropFile] Deleted DORINFO2.DEF for Node2
[CallersLog] Node2: Door exit: GL
[BBSEventEmitter] Emitted door_activity: sysop (node 2)
[executeDoor] Door GL completed during segment processing - continuing segments
[CommandPriority] Executed as SysCommand
[MCI][CC_] COMMAND RESULT: gl → SUCCESS
[SCREEN] [MCI DEBUG] Looking for ~SS_ codes in: 
[SCREEN] [processNextScreenSegment] Content already emitted inline
[handleCommand] handlePaginatedScreenInput returned: handled=true paginatedScreen=true
[COMMAND-HANDLER-ENTRY] COMMAND EVENT FIRED! lQqmMkQjuo6noU0SAAAE
=== COMMAND RECEIVED [v2024-FIXED] ===
Raw data: "\r" length: 1 charCode: 13
[socket-handlers] checkPauseHandler active: false, flagPauseHandler active: false
Session state: loggedon subState: display_menu
Input buffer: ""
🎯 ENTER KEY DETECTED!
🎯 Current subState: display_menu
🎯 Is POST_MESSAGE_SUBJECT? false
🎯 Input buffer contents: ""
[socket-handlers] About to check door - data="" (len=1), inDoor=false, subState=display_menu
[socket-handlers] ✗ NOT in door or no handler - routing to BBS command handler
[socket-handlers]   inDoorManager: false
[socket-handlers]   handler exists: false
=== handleCommand called ===
data: "\r"
session.state: loggedon
session.subState: display_menu
[handleCommand] ENTRY: data="" subState=read_command paginatedScreen=true inDoorManager=false
[handleCommand] Has paginatedScreen - calling handlePaginatedScreenInput
[handlePaginatedScreenInput] ENTRY: data="" lines=1 nextIndex=1 pageSize=1
[SEGMENT] Processing segment 2/4: "~CC_wall
~CC_gwall
~f
~5SR_WORK:bbs/Screens/flt/flt..."
[SCREEN] [processNextScreenSegment] Processing segment 2: ~CC_wall
~CC_gwall
~f
~5SR_WORK:bbs/Screens/flt/fl...
[SCREEN] [MCI] ========== PROCESSING MCI CODES ==========
[SCREEN] [MCI] Content length: 51
[SCREEN] [MCI] Looking for ~XC_ and ~XI codes...
[DEBUG:MCI:DEBUG] Parsing MCI codes (51 bytes) 
[SCREEN] [MCI] Total commands to execute: 0
=== COMMAND PROCESSED ===

[MCI][CC_] EXECUTING INLINE COMMAND: wall state: loggedon subState: read_command
[SCREEN] [MCI] Sequential: ~CC_ processSysCommand: wall
[CommandPriority] Processing command: wall with params: 
[InternalRouter] Overriding internal command 'WALL' with external BBSCMD door.
Executing: WALL
[SYSOP DEBUG] CMD: Executing: WALL
[SYSOP DEBUG] COMMAND: Executing XIM door: doors/dRE/dRE!WAll/dRE!WAll
{
  "type": "XIM",
  "location": "doors/dRE/dRE!WAll/dRE!WAll"
}
Executing door: WALL
[loadDoorManifestForExecution] Loading manifest for door: WALL, id: wall, path: doors/dRE/dRE!WAll/dRE!WAll
[loadDoorManifestForExecution] Trying door.path: /Users/spot/Code/amiexpress-web/doors/dRE/dRE!WAll/dRE!WAll/package.json
[loadDoorManifestForExecution] Extracted doorId: dRE
[loadDoorManifestForExecution] Trying legacy doors path: /Users/spot/Code/amiexpress-web/doors/dRE/package.json
[loadDoorManifestForExecution] No manifest found for WALL (id: wall, doorId: dRE)
[DoorDropFile] Created DOOR.SYS for Node2
[DoorDropFile] Created DORINFO2.DEF for Node2
[CallersLog] Node2: Door: WALL
[BBSEventEmitter] Emitted door_activity: sysop (node 2)
[executeAmigaDoor] Starting Amiga door: WALL (XIM)
[executeAmigaDoor] Path: doors/dRE/dRE!WAll/dRE!WAll
[executeAmigaDoor] BBS root: /Users/spot/Code/amiexpress-web
[executeAmigaDoor] Initial door path: /Users/spot/Code/amiexpress-web/doors/dRE/dRE!WAll/dRE!WAll
[executeAmigaDoor] Starting 68k emulation for: /Users/spot/Code/amiexpress-web/doors/dRE/dRE!WAll/dRE!WAll
[executeAmigaDoor] door.type="XIM" door.doorType="undefined"
[executeAmigaDoor] Resolved doorType="XIM"
[executeAmigaDoor] door.args=undefined door.parameters=[]
[executeAmigaDoor] Setting doorCommand="WALL" on session
[executeAmigaDoor] Verified session.doorCommand="WALL"
[executeAmigaDoor] BEFORE currentConf init: session.currentConf=2 user.confRJoin=2
[executeAmigaDoor] Set doorParams="WALL" for EXPRESS_VERSION
[executeAmigaDoor] Set session.bbsRoot="/Users/spot/Code/amiexpress-web" for XIMProtocol
[executeAmigaDoor] Read from disk: slotIndex=1 slotNumber=2 confAccess="XXXXXXXXX_XXXXXXXXXXXXXXX" stats={"messagesPosted":0,"uploads":50,"downloads":25,"timesCalled":1880,"timeUsed":0,"timeLimit":0,"timeTotal":0,"bytesDownload":2560000,"bytesUpload":5120000}
[BBSConfig] Loaded configuration from bbsConfig.info
[BBSConfig] Loaded configuration overrides from bbsConfig.info.txt
[executeAmigaDoor] File /Users/spot/Code/amiexpress-web/doors/dRE/dRE!WAll/dRE!WAll magic bytes: 0 0 3 f3, isGccExecutable: false
[DoorLogger] Creating logger for door: dRE!WAll node: 2
[DoorLogger] __dirname: /Users/spot/Code/amiexpress-web/web/backend/src/amiga-emulation, projectRoot: /Users/spot/Code/amiexpress-web, logs dir: /Users/spot/Code/amiexpress-web/logs
[executeAmigaDoor] Set session.inDoorManager=true, door-active: true, nodeId=2, socketId=lQqmMkQjuo6noU0SAAAE
[executeAmigaDoor] Before setSession: inDoorManager=true, handler=true
[executeAmigaDoor] After setSession: verify inDoorManager=true, handler=true
[MOIRA WASM] Memory page table updated
[MOIRA WASM]   Chip RAM pages: 0x00-0x1f
[MOIRA WASM]   Fast RAM pages: 0x20-0xf7
[MOIRA WASM]   ROM pages: 0xF8-0xFF
[MOIRA WASM] MoiraCPU initialized with vAmiga-style memory architecture!
[MOIRA WASM]   Chip RAM: 2048 KB (mask: 0x1fffff)
[MOIRA WASM]   ROM: 512 KB (mask: 0x7ffff)
[MoiraEmulator] moira.js loaded from /Users/spot/Code/amiexpress-web/web/backend/src/amiga-emulation/cpu/build/moira.js
[ROM] Loading Kickstart ROM from: /Users/spot/Code/amiexpress-web/web/backend/data/amiga-roms/Kickstart v3.1 rev 40.63 (1993)(Commodore)(A500-A600-A2000).rom
[ROM] Kickstart 3.1 loaded successfully
[ROM] Mapped to memory range: 0xF80000 - 0xFFFFFF
[ROM] ===== Kickstart ROM Info =====
[ROM] Size: 524288 bytes (512KB)
[ROM] Mapped: 0xf80000 - 0xffffff
[ROM] Initial SSP: 0x11164ef9
[ROM] Initial PC:  0x002000d2
[ROM] Exception Vectors:
[ROM]   Vector 0 (Initial SSP): 0x11164ef9
[ROM]   Vector 1 (Initial PC): 0x002000d2
[ROM]   Vector 2 (Bus Error): 0x0000ffff
[ROM]   Vector 3 (Address Error): 0x00280044
[ROM]   Vector 4 (Illegal Instruction): 0x0028000a
[ROM]   Vector 5 (Division by Zero): 0x000000-1
[ROM]   Vector 6 (CHK Instruction): 0x00414d49
[ROM]   Vector 7 (TRAPV Instruction): 0x47412052
[ROM] Version: 
[ROM] ================================
[MOIRA WASM] Memory page table updated
[MOIRA WASM]   Chip RAM pages: 0x00-0x1f
[MOIRA WASM]   Fast RAM pages: 0x20-0xf7
[MOIRA WASM]   ROM pages: 0xF8-0xFF
[MOIRA WASM] ROM loaded: 524288 bytes
[MOIRA WASM]   ROM buffer size: 524288 bytes
[MOIRA WASM]   ROM mask: 0x7ffff
[MOIRA WASM]   Exception vectors copied to chip RAM: 1024 bytes
[MoiraEmulator] ROM loaded (524288 bytes)
[MoiraEmulator] ROM mapped to 0xF80000-0xFFFFFF
[MoiraEmulator] Exception vectors copied to 0x000000
[MOIRA WASM] Memory page table updated
[MOIRA WASM]   Chip RAM pages: 0x00-0x1f
[MOIRA WASM]   Fast RAM pages: 0x20-0xf7
[MOIRA WASM]   ROM pages: 0xF8-0xFF
[MOIRA WASM] ROM loaded: 524288 bytes
[MOIRA WASM]   ROM buffer size: 524288 bytes
[MOIRA WASM]   ROM mask: 0x7ffff
[MOIRA WASM]   Exception vectors copied to chip RAM: 1024 bytes
[MoiraEmulator] ROM loaded (524288 bytes)
[MoiraEmulator] ROM mapped to 0xF80000-0xFFFFFF
[MoiraEmulator] Exception vectors copied to 0x000000
[LibraryLoader] Added search path: /Users/spot/Code/amiexpress-web/web/backend/Libs
[LibraryLoader] Added search path: /Users/spot/Code/amiexpress-web/System/Libs
[LibraryLoader] Added search path: /Users/spot/Code/amiexpress-web/Libs
[LibraryManager] romtool split failed: 2026-01-21 22:48:28,874  ERROR       root        '/Users/spot/Code/amiexpress-web/web/backend/data/amiga-roms/Kickstart v3.1 rev 40.63 (1993)(Commodore)(A500-A600-A2000).rom' was not found in split database!

[LibraryLoader] Loading AEDoor.library (version >= 0)
[LibraryLoader] Found library: /Users/spot/Code/amiexpress-web/Libs/AEDoor.library
[LibraryLoader] Read 1128 bytes from /Users/spot/Code/amiexpress-web/Libs/AEDoor.library
[LibraryLoader] Parsed 1 segments
[LibraryLoader] Allocated base address: 0x200000
[LibraryLoader] Loading code segment (1036 bytes) at 0x200000
[LibraryLoader] Applying 1 relocation groups
[LibraryLoader] Stored ExecBase (0x80000) at library+0x22
[LibraryLoader] Parsed $VER: AEDoorLib 2.7 (18.5.1996)
✅ [LibraryLoader] Successfully loaded AEDoor.library at 0x200000
   Jump table entries: 0
[PathManager] Initialized assigns:
  doors: => /Users/spot/Code/amiexpress-web/Doors/
  bbs: => /Users/spot/Code/amiexpress-web/
  data: => /Users/spot/Code/amiexpress-web/data/
  screens: => /Users/spot/Code/amiexpress-web/Screens/
  bulletins: => /Users/spot/Code/amiexpress-web/Bulletins/
  s: => /Users/spot/Code/amiexpress-web/S/
  work: => /Users/spot/Code/amiexpress-web/
  sami: => /Users/spot/Code/amiexpress-web/S/
  env: => /tmp/ram/ENV/
  progdir: => /Users/spot/Code/amiexpress-web/
  sys: => /Users/spot/Code/amiexpress-web/System/
  c: => /Users/spot/Code/amiexpress-web/System/C/
  l: => /Users/spot/Code/amiexpress-web/System/L/
  libs: => /Users/spot/Code/amiexpress-web/System/Libs/
  devs: => /Users/spot/Code/amiexpress-web/System/Devs/
  fonts: => /Users/spot/Code/amiexpress-web/System/Fonts/
  locale: => /Users/spot/Code/amiexpress-web/System/Locale/
  prefs: => /Users/spot/Code/amiexpress-web/System/Prefs/
  classes: => /Users/spot/Code/amiexpress-web/System/Classes/
  ram: => /tmp/ram/
  t: => /tmp/
[PathManager] Added assign: node2: => /Users/spot/Code/amiexpress-web/Node2
[PathManager] Added assign: node: => /Users/spot/Code/amiexpress-web/Node2
[PathManager] Added assign: nodedata: => /Users/spot/Code/amiexpress-web/Node2
[PathManager] Added assign: playpen: => /Users/spot/Code/amiexpress-web/Node2/Playpen
[PathManager] Added assign: work: => /Users/spot/Code/amiexpress-web
[PathManager] PROGDIR: assigned to /Users/spot/Code/amiexpress-web/doors/dRE/dRE!WAll/
[icon.library] PROGDIR: device set to /Users/spot/Code/amiexpress-web/doors/dRE/dRE!WAll
[icon.library] Door command set to: WALL
[XIMProtocol] New XIM state created with usedXimInput=false doorPort=0x100000
[DoorLogger] Creating logger for door: WALL node: 2
[DoorLogger] __dirname: /Users/spot/Code/amiexpress-web/web/backend/src/amiga-emulation, projectRoot: /Users/spot/Code/amiexpress-web, logs dir: /Users/spot/Code/amiexpress-web/logs
[EnvironmentManager] Initialized LocalVars list at 0x120000
[EnvironmentManager] Populating standard environment variables
[EnvironmentManager] SetVar("PATH", "Work:,S:,C:,Doors:", flags=0)
[EnvironmentManager] Created LocalVar at 0x130000
[EnvironmentManager] SetVar("PROMPT", "%N.%S>", flags=0)
[EnvironmentManager] Created LocalVar at 0x130030
[EnvironmentManager] SetVar("RETURN", "0", flags=0)
[EnvironmentManager] Created LocalVar at 0x130056
[EnvironmentManager] SetVar("RC", "0", flags=0)
[EnvironmentManager] Created LocalVar at 0x130077
[EnvironmentManager] SetVar("Result2", "0", flags=0)
[EnvironmentManager] Created LocalVar at 0x130094
[EnvironmentManager] SetVar("DEVINFO", "CON:,NIL:,SER:", flags=0)
[EnvironmentManager] Created LocalVar at 0x1300b6
[EnvironmentManager] SetVar("BBS_ROOT", "/Users/spot/Code/amiexpress-web", flags=0)
[EnvironmentManager] Created LocalVar at 0x1300e5
[EnvironmentManager] SetVar("NODE_ID", "1", flags=0)
[EnvironmentManager] Created LocalVar at 0x130126
[EnvironmentManager] SetVar("CONF_ID", "2", flags=0)
[EnvironmentManager] Created LocalVar at 0x130148
[EnvironmentManager] SetVar("USER_NAME", "sysop", flags=0)
[EnvironmentManager] Created LocalVar at 0x13016a
[EnvironmentManager] SetVar("USER_LEVEL", "1", flags=0)
[EnvironmentManager] Created LocalVar at 0x130192
[EnvironmentManager] Populated 11 standard variables
[ENV Initializer] Creating ENV files for node 1
[ENV Initializer] Created ENV:PATH = "Work:,S:,C:,Doors:"
[ENV Initializer] Created ENV:PROMPT = "%N.%S>"
[ENV Initializer] Created ENV:RC = "0"
[ENV Initializer] Created ENV:Result2 = "0"
[ENV Initializer] Created ENV:Kickstart = "39.106"
[ENV Initializer] Created ENV:Workbench = "39.29"
[ENV Initializer] Created ENV:BBS_NAME = "AmiExpress Web BBS"
[ENV Initializer] Created ENV:SYSOP_NAME = "Sysop"
[ENV Initializer] Created ENV:NODE_NUMBER = "1"
[ENV Initializer] Created ENV:JC_PWFAIL.1 = "0"
[ENV Initializer] Created ENV:JC_PWFAIL.2 = "0"
[ENV Initializer] Created ENV:JC_PWFAIL.3 = "0"
[ENV Initializer] Created ENV:JC_PWFAIL.4 = "0"
[ENV Initializer] Created ENV:JC_PWFAIL.5 = "0"
[ENV Initializer] Created ENV:JC_PWFAIL.6 = "0"
[ENV Initializer] Created ENV:JC_PWFAIL.7 = "0"
[ENV Initializer] Created ENV:JC_PWFAIL.8 = "0"
[ENV Initializer] Created ENV:STATS@1 = "                                   -22"
[ENV Initializer] Created ENV:STATS@2 = "                                   -22"
[ENV Initializer] Created ENV:STATS@3 = "                                   -22"
[ENV Initializer] Created ENV:STATS@4 = "                                   -22"
[ENV Initializer] Created ENV:STATS@5 = "                                   -22"
[ENV Initializer] Created ENV:STATS@6 = "                                   -22"
[ENV Initializer] Created ENV:STATS@7 = "                                   -22"
[ENV Initializer] Created ENV:STATS@8 = "                                   -22"
[ENV Initializer] Created ENV:LAST_DOOR = ""
[ENV Initializer] Created ENV:DOOR_COUNT = "0"
[ENV Initializer] Created ENV files in /tmp/ram/ENV
[FileManager] Initialized standard handles:
  BPTR 1 (stdin):  [FH:'stdin'(ami='CONSOLE:',sys='/dev/stdin',nc=false)@0x0=B@0x1]
  BPTR 2 (stdout): [FH:'stdout'(ami='*',sys='/dev/stdout',nc=false)@0x0=B@0x2]
[PathManager] Mapped assign root: "doors:" => "/Users/spot/Code/amiexpress-web/Doors/"
[FileManager] stdin re-registered: BPTR 0x1 -> 0x50000
[FileManager] stdin BPTR set to 0x50000 (addr 0x140000)
[FileManager] stdout re-registered: BPTR 0x2 -> 0x5000b
[FileManager] stdout BPTR set to 0x5000b (addr 0x14002c)
[PathManager] PROGDIR: assigned to /Users/spot/Code/amiexpress-web/doors/dRE/dRE!WAll/
[PathManager] Mapped assign root: "progdir:" => "/Users/spot/Code/amiexpress-web/doors/dRE/dRE!WAll/"
[FileManager] Changed directory to: progdir: (/Users/spot/Code/amiexpress-web/doors/dRE/dRE!WAll/)
[LibraryTraps] LVOs.i not found; stub vectors disabled
[MoiraEmulator] Library trap handler registered
[LibraryTraps] Installing Exec.library vectors at base 0x80000
  [OpenLibrary] Vector at 0x7fdd8 (offset -552)
  [CloseLibrary] Vector at 0x7fe62 (offset -414)
  [RawDoFmt] Vector at 0x7fdf6 (offset -522)
  [InitStruct] Vector at 0x7ffb2 (offset -78)
  [MakeLibrary] Vector at 0x7ffac (offset -84)
  [MakeFunctions] Vector at 0x7ffa6 (offset -90)
  [FindResident] Vector at 0x7ffa0 (offset -96)
  [InitResident] Vector at 0x7ff9a (offset -102)
  [Alert] Vector at 0x7ff94 (offset -108)
  [Forbid] Vector at 0x7ff7c (offset -132)
  [Permit] Vector at 0x7ff76 (offset -138)
  [AllocMem] Vector at 0x7ff3a (offset -198)
  [FreeMem] Vector at 0x7ff2e (offset -210)
  [FindTask] Vector at 0x7feda (offset -294)
  [SetTaskPri] Vector at 0x7fed4 (offset -300)
  [SetSignal] Vector at 0x7fece (offset -306)
  [FindPort] Vector at 0x7fe7a (offset -390)
  [PutMsg] Vector at 0x7fe92 (offset -366)
  [GetMsg] Vector at 0x7fe8c (offset -372)
  [Wait] Vector at 0x7fec2 (offset -318)
  [Signal] Vector at 0x7febc (offset -324)
  [Supervisor] Vector at 0x7ffe2 (offset -30)
  [AllocSignal] Vector at 0x7feb6 (offset -330)
  [AddPort] Vector at 0x7fe9e (offset -354)
  [ReplyMsg] Vector at 0x7fe86 (offset -378)
  [WaitPort] Vector at 0x7fe80 (offset -384)
  [CreatePort] Vector at 0x7ff8e (offset -114)
  [CreateMsgPort] Vector at 0x7fd66 (offset -666)
  [DeleteMsgPort] Vector at 0x7fd60 (offset -672)
  [AllocVec] Vector at 0x7fd54 (offset -684)
  [FreeVec] Vector at 0x7fd4e (offset -690)
  [CreatePool] Vector at 0x7fd48 (offset -696)
  [DeletePool] Vector at 0x7fd42 (offset -702)
  [AllocPooled] Vector at 0x7fd3c (offset -708)
  [FreePooled] Vector at 0x7fd36 (offset -714)
  [StackSwap] Vector at 0x7fd24 (offset -732)
[LibraryTraps] Installed 36 Exec.library vectors
[LibraryLoader] Loading utility.library (version >= 37)
[LibraryLoader] ✅ utility.library is ROM-resident (using Kickstart ROM)
[LibraryLoader]   ROM libraries are native code in ROM, not loaded from disk
[LibraryTraps] Installing utility.library vectors at base 0xf0000
  [FindTagItem] Vector at 0xeffe2 (offset -30)
  [GetTagData] Vector at 0xeffdc (offset -36)
  [PackBoolTags] Vector at 0xeffd6 (offset -42)
  [NextTagItem] Vector at 0xeffd0 (offset -48)
  [FilterTagChanges] Vector at 0xeffca (offset -54)
  [Utility_-58_Stub] Vector at 0xeffc6 (offset -58)
  [MapTags] Vector at 0xeffc4 (offset -60)
  [AllocateTagItems] Vector at 0xeffbe (offset -66)
  [CloneTagItems] Vector at 0xeffb8 (offset -72)
  [FreeTagItems] Vector at 0xeffb2 (offset -78)
  [RefreshTagItemClones] Vector at 0xeffac (offset -84)
  [TagInArray] Vector at 0xeffa6 (offset -90)
  [FilterTagItems] Vector at 0xeffa0 (offset -96)
  [CallHookPkt] Vector at 0xeff9a (offset -102)
  [Amiga2Date] Vector at 0xeff88 (offset -120)
  [Date2Amiga] Vector at 0xeff82 (offset -126)
  [CheckDate] Vector at 0xeff7c (offset -132)
  [SMult32] Vector at 0xeff76 (offset -138)
  [UMult32] Vector at 0xeff70 (offset -144)
  [SDivMod32] Vector at 0xeff6a (offset -150)
  [UDivMod32] Vector at 0xeff64 (offset -156)
  [Stricmp] Vector at 0xeff5e (offset -162)
  [Strnicmp] Vector at 0xeff58 (offset -168)
  [ToUpper] Vector at 0xeff52 (offset -174)
  [ToLower] Vector at 0xeff4c (offset -180)
  [ApplyTagChanges] Vector at 0xeff46 (offset -186)
  [SMult64] Vector at 0xeff3a (offset -198)
  [UMult64] Vector at 0xeff34 (offset -204)
  [PackStructureTags] Vector at 0xeff2e (offset -210)
  [UnpackStructureTags] Vector at 0xeff28 (offset -216)
  [AddNamedObject] Vector at 0xeff22 (offset -222)
  [AllocNamedObjectA] Vector at 0xeff1c (offset -228)
  [AttemptRemNamedObject] Vector at 0xeff16 (offset -234)
  [FindNamedObject] Vector at 0xeff10 (offset -240)
  [FreeNamedObject] Vector at 0xeff0a (offset -246)
  [NamedObjectName] Vector at 0xeff04 (offset -252)
  [ReleaseNamedObject] Vector at 0xefefe (offset -258)
  [RemNamedObject] Vector at 0xefef8 (offset -264)
  [GetUniqueID] Vector at 0xefef2 (offset -270)
[LibraryTraps] Installed 39 utility.library vectors
[LibraryLoader] Loading icon.library (version >= 36)
[LibraryLoader] ✅ icon.library is ROM-resident (using Kickstart ROM)
[LibraryLoader]   ROM libraries are native code in ROM, not loaded from disk
[LibraryTraps] Installing icon.library vectors at base 0xd0000
  [GetDiskObject] Vector at 0xcffe2 (offset -30) [VERIFIED: 0x4afc]
  [PutDiskObject] Vector at 0xcffdc (offset -36) [VERIFIED: 0x4afc]
  [FreeDiskObject] Vector at 0xcffd6 (offset -42) [VERIFIED: 0x4afc]
  [FindToolType] Vector at 0xcffd0 (offset -48) [VERIFIED: 0x4afc]
  [MatchToolValue] Vector at 0xcffca (offset -54) [VERIFIED: 0x4afc]
[LibraryTraps] *** icon.library GetDiskObject at 0xcffe2 contains: 0x4afc (should be 0x4AFC) ***
[LibraryTraps] *** icon.library FULLY OPERATIONAL - ALL traps installed and ready ***
[LibraryTraps] Installed 5 icon.library vectors
[LibraryLoader] Loading dos.library (version >= 37)
[LibraryLoader] ✅ dos.library is ROM-resident (using Kickstart ROM)
[LibraryLoader]   ROM libraries are native code in ROM, not loaded from disk
[LibraryTraps] Installing dos.library vectors at base 0xb0000
  [Open] Vector at 0xaffe2 (offset -30)
  [Close] Vector at 0xaffdc (offset -36)
  [Read] Vector at 0xaffd6 (offset -42)
  [Write] Vector at 0xaffd0 (offset -48)
  [Input] Vector at 0xaffca (offset -54)
  [Output] Vector at 0xaffc4 (offset -60)
  [Seek] Vector at 0xaffbe (offset -66)
  [FGetC] Vector at 0xafece (offset -306)
  [FPutC] Vector at 0xafec8 (offset -312)
  [UnGetC] Vector at 0xafec2 (offset -318)
  [FRead] Vector at 0xafebc (offset -324)
  [FWrite] Vector at 0xafeb6 (offset -330)
  [FGets] Vector at 0xafeb0 (offset -336)
  [FPuts] Vector at 0xafeaa (offset -342)
  [Flush] Vector at 0xafe98 (offset -360)
  [Lock] Vector at 0xaffac (offset -84)
  [UnLock] Vector at 0xaffa6 (offset -90)
  [DupLock] Vector at 0xaffa0 (offset -96)
  [Examine] Vector at 0xaff9a (offset -102)
  [ExNext] Vector at 0xaff94 (offset -108)
  [CreateDir] Vector at 0xaff88 (offset -120)
  [CurrentDir] Vector at 0xaff82 (offset -126)
  [IoErr] Vector at 0xaff7c (offset -132)
  [DateStamp] Vector at 0xaff40 (offset -192)
  [Delay] Vector at 0xaff3a (offset -198)
  [WaitForChar] Vector at 0xaff34 (offset -204)
  [Exit] Vector at 0xaff70 (offset -144)
  [NameFromLock] Vector at 0xafe6e (offset -402)
  [ReadArgs] Vector at 0xafce2 (offset -798)
  [FreeArgs] Vector at 0xafca6 (offset -858)
  [DosStub_-298] Vector at 0xafed6 (offset -298)
  [DateToStr] Vector at 0xafd18 (offset -744)
  [StrToDate] Vector at 0xafd12 (offset -750)
  [SelectInput] Vector at 0xaff28 (offset -216)
  [SelectOutput] Vector at 0xaff22 (offset -222)
  [AllocDosObject] Vector at 0xaff1c (offset -228)
  [FreeDosObject] Vector at 0xaff16 (offset -234)
  [OpenFromLock] Vector at 0xafe86 (offset -378)
  [DeleteFile] Vector at 0xaffb8 (offset -72)
  [Rename] Vector at 0xaffb2 (offset -78)
  [Info] Vector at 0xaff8e (offset -114)
  [SetComment] Vector at 0xaff58 (offset -168)
  [SetProtection] Vector at 0xaff52 (offset -174)
  [AddPart] Vector at 0xafed4 (offset -300)
  [FilePart] Vector at 0xafee0 (offset -288)
  [PathPart] Vector at 0xafeda (offset -294)
  [CreateProc] Vector at 0xaff76 (offset -138)
  [LoadSeg] Vector at 0xaff6a (offset -150)
  [UnLoadSeg] Vector at 0xaff64 (offset -156)
  [DeviceProc] Vector at 0xaff5e (offset -162)
  [WaitForChar_180] Vector at 0xaff4c (offset -180)
  [VPrintf] Vector at 0xafef8 (offset -264)
  [Fault] Vector at 0xafe7a (offset -390)
  [PrintFault] Vector at 0xafe74 (offset -396)
  [Cli] Vector at 0xafe14 (offset -492)
  [FGetC_516] Vector at 0xafdfc (offset -516)
  [FPutC_522] Vector at 0xafdf6 (offset -522)
  [FRead_534] Vector at 0xafdea (offset -534)
  [FWrite_540] Vector at 0xafde4 (offset -540)
  [FGets_546] Vector at 0xafdde (offset -546)
  [FPuts_552] Vector at 0xafdd8 (offset -552)
  [VFPrintf] Vector at 0xafdcc (offset -564)
  [ReadArgs_804] Vector at 0xafcdc (offset -804)
  [FreeArgs_810] Vector at 0xafcd6 (offset -810)
[LibraryTraps] Installed 64 dos.library vectors
[LibraryTraps] Installing dos.library vectors at base 0xb0000
  [Open] Vector at 0xaffe2 (offset -30)
  [Close] Vector at 0xaffdc (offset -36)
  [Read] Vector at 0xaffd6 (offset -42)
  [Write] Vector at 0xaffd0 (offset -48)
  [Input] Vector at 0xaffca (offset -54)
  [Output] Vector at 0xaffc4 (offset -60)
  [Seek] Vector at 0xaffbe (offset -66)
  [FGetC] Vector at 0xafece (offset -306)
  [FPutC] Vector at 0xafec8 (offset -312)
  [UnGetC] Vector at 0xafec2 (offset -318)
  [FRead] Vector at 0xafebc (offset -324)
  [FWrite] Vector at 0xafeb6 (offset -330)
  [FGets] Vector at 0xafeb0 (offset -336)
  [FPuts] Vector at 0xafeaa (offset -342)
  [Flush] Vector at 0xafe98 (offset -360)
  [Lock] Vector at 0xaffac (offset -84)
  [UnLock] Vector at 0xaffa6 (offset -90)
  [DupLock] Vector at 0xaffa0 (offset -96)
  [Examine] Vector at 0xaff9a (offset -102)
  [ExNext] Vector at 0xaff94 (offset -108)
  [CreateDir] Vector at 0xaff88 (offset -120)
  [CurrentDir] Vector at 0xaff82 (offset -126)
  [IoErr] Vector at 0xaff7c (offset -132)
  [DateStamp] Vector at 0xaff40 (offset -192)
  [Delay] Vector at 0xaff3a (offset -198)
  [WaitForChar] Vector at 0xaff34 (offset -204)
  [Exit] Vector at 0xaff70 (offset -144)
  [NameFromLock] Vector at 0xafe6e (offset -402)
  [ReadArgs] Vector at 0xafce2 (offset -798)
  [FreeArgs] Vector at 0xafca6 (offset -858)
  [DosStub_-298] Vector at 0xafed6 (offset -298)
  [DateToStr] Vector at 0xafd18 (offset -744)
  [StrToDate] Vector at 0xafd12 (offset -750)
  [SelectInput] Vector at 0xaff28 (offset -216)
  [SelectOutput] Vector at 0xaff22 (offset -222)
  [AllocDosObject] Vector at 0xaff1c (offset -228)
  [FreeDosObject] Vector at 0xaff16 (offset -234)
  [OpenFromLock] Vector at 0xafe86 (offset -378)
  [DeleteFile] Vector at 0xaffb8 (offset -72)
  [Rename] Vector at 0xaffb2 (offset -78)
  [Info] Vector at 0xaff8e (offset -114)
  [SetComment] Vector at 0xaff58 (offset -168)
  [SetProtection] Vector at 0xaff52 (offset -174)
  [AddPart] Vector at 0xafed4 (offset -300)
  [FilePart] Vector at 0xafee0 (offset -288)
  [PathPart] Vector at 0xafeda (offset -294)
  [CreateProc] Vector at 0xaff76 (offset -138)
  [LoadSeg] Vector at 0xaff6a (offset -150)
  [UnLoadSeg] Vector at 0xaff64 (offset -156)
  [DeviceProc] Vector at 0xaff5e (offset -162)
  [WaitForChar_180] Vector at 0xaff4c (offset -180)
  [VPrintf] Vector at 0xafef8 (offset -264)
  [Fault] Vector at 0xafe7a (offset -390)
  [PrintFault] Vector at 0xafe74 (offset -396)
  [Cli] Vector at 0xafe14 (offset -492)
  [FGetC_516] Vector at 0xafdfc (offset -516)
  [FPutC_522] Vector at 0xafdf6 (offset -522)
  [FRead_534] Vector at 0xafdea (offset -534)
  [FWrite_540] Vector at 0xafde4 (offset -540)
  [FGets_546] Vector at 0xafdde (offset -546)
  [FPuts_552] Vector at 0xafdd8 (offset -552)
  [VFPrintf] Vector at 0xafdcc (offset -564)
  [ReadArgs_804] Vector at 0xafcdc (offset -804)
  [FreeArgs_810] Vector at 0xafcd6 (offset -810)
[LibraryTraps] Installed 64 dos.library vectors
[LibraryTraps] ============================================
[LibraryTraps] AEDoor.library vectors: TRAP MODE (TypeScript handlers)
[LibraryTraps] Base address: 0x200000
[LibraryTraps] Installing 20 trap handlers...
[LibraryTraps] ============================================
  [CreateComm] Vector at 0x1fffe2 (offset -30)
  [DeleteComm] Vector at 0x1fffdc (offset -36)
  [SendCmd] Vector at 0x1fffd6 (offset -42)
  [SendStrCmd] Vector at 0x1fffd0 (offset -48)
  [SendDataCmd] Vector at 0x1fffca (offset -54)
  [SendStrDataCmd] Vector at 0x1fffc4 (offset -60)
  [GetData] Vector at 0x1fffbe (offset -66)
  [GetString] Vector at 0x1fffb8 (offset -72)
  [Prompt] Vector at 0x1fffb2 (offset -78)
  [WriteStr] Vector at 0x1fffac (offset -84)
  [ShowGFile] Vector at 0x1fffa6 (offset -90)
  [ShowFile] Vector at 0x1fffa0 (offset -96)
  [SetDT] Vector at 0x1fff9a (offset -102)
  [GetDT] Vector at 0x1fff94 (offset -108)
  [GetStr] Vector at 0x1fff8e (offset -114)
  [CopyStr] Vector at 0x1fff88 (offset -120)
  [HotKey] Vector at 0x1fff82 (offset -126)
  [PreCreateComm] Vector at 0x1fff7c (offset -132)
  [PostDeleteComm] Vector at 0x1fff76 (offset -138)
  [Stub_-24] Vector at 0x1fffe8 (offset -24)
[LibraryTraps] Installed 20 AEDoor.library vectors
[LibraryTraps] ============================================
[LibraryTraps] AEDoor.library vectors: TRAP MODE (TypeScript handlers)
[LibraryTraps] Base address: 0x200000
[LibraryTraps] Installing 20 trap handlers...
[LibraryTraps] ============================================
  [CreateComm] Vector at 0x1fffe2 (offset -30)
  [DeleteComm] Vector at 0x1fffdc (offset -36)
  [SendCmd] Vector at 0x1fffd6 (offset -42)
  [SendStrCmd] Vector at 0x1fffd0 (offset -48)
  [SendDataCmd] Vector at 0x1fffca (offset -54)
  [SendStrDataCmd] Vector at 0x1fffc4 (offset -60)
  [GetData] Vector at 0x1fffbe (offset -66)
  [GetString] Vector at 0x1fffb8 (offset -72)
  [Prompt] Vector at 0x1fffb2 (offset -78)
  [WriteStr] Vector at 0x1fffac (offset -84)
  [ShowGFile] Vector at 0x1fffa6 (offset -90)
  [ShowFile] Vector at 0x1fffa0 (offset -96)
  [SetDT] Vector at 0x1fff9a (offset -102)
  [GetDT] Vector at 0x1fff94 (offset -108)
  [GetStr] Vector at 0x1fff8e (offset -114)
  [CopyStr] Vector at 0x1fff88 (offset -120)
  [HotKey] Vector at 0x1fff82 (offset -126)
  [PreCreateComm] Vector at 0x1fff7c (offset -132)
  [PostDeleteComm] Vector at 0x1fff76 (offset -138)
  [Stub_-24] Vector at 0x1fffe8 (offset -24)
[LibraryTraps] Installed 20 AEDoor.library vectors
[DoorLoader] Writing random seed 0x-3324aca8 to 0x400
[DoorLoader] Read back: 0xccdb5358
[Self-Mod Code] Registered CODE region: 0x2008-0x45ab (9636 bytes)
[HunkLoader] Applying 17 relocations to 2 segments
[HunkLoader] Segment 0 (CODE) at 0x2008: 6 relocations
  [0] offset=0x676 addr=0x267e before=0x44 after=0x464c target=seg1(0x4608)
  [1] offset=0x680 addr=0x2688 before=0x38 after=0x4640 target=seg1(0x4608)
  [2] offset=0x65e addr=0x2666 before=0x38 after=0x4640 target=seg1(0x4608)
  [3] offset=0x654 addr=0x265c before=0x3c after=0x4644 target=seg1(0x4608)
  [4] offset=0x14 addr=0x201c before=0x654 after=0x4c5c target=seg1(0x4608)
[HunkLoader] Segment 1 (DATA) at 0x4608: 11 relocations
  [0] offset=0x2a8 addr=0x48b0 before=0xf44 after=0x2f4c target=seg0(0x2008)
  [1] offset=0x294 addr=0x489c before=0xf3a after=0x2f42 target=seg0(0x2008)
  [2] offset=0x26c addr=0x4874 before=0xf1e after=0x2f26 target=seg0(0x2008)
  [3] offset=0x48 addr=0x4650 before=0x6bc after=0x26c4 target=seg0(0x2008)
  [4] offset=0x44 addr=0x464c before=0xa48 after=0x2a50 target=seg0(0x2008)
[SharedBBSData] Allocated shared BBS memory:
  cmds:       0xf00300 (1976 bytes)
  sopt:       0xf00ab8 (888 bytes)
  nodeState:  0xf00e30 (32 bytes)
[CommandsStructure] Writing commands at 0xf00300
[CommandsStructure] Wrote BBS config: "AmiExpress Web BBS"
[StartOptionStructure] Writing startOption at 0xf00ab8
[StartOptionStructure] Wrote node settings
[NodeStateGlobals] Wrote node state at 0xf00e30
  currentConf: 2
  node: 2
  timeLimit: 3600
[READ8] addr=0x0f0081 page=0x0f memSrc=1
[READ8] CHIP: addr=0x0f0081 offset=0x0f0081 value=0x00 ( )
[READ8] addr=0x0f0082 page=0x0f memSrc=1
[READ8] CHIP: addr=0x0f0082 offset=0x0f0082 value=0x00 ( )
[READ8] addr=0x0f0083 page=0x0f memSrc=1
[READ8] CHIP: addr=0x0f0083 offset=0x0f0083 value=0x00 ( )
[READ8] addr=0x0f0084 page=0x0f memSrc=1
[READ8] CHIP: addr=0x0f0084 offset=0x0f0084 value=0x00 ( )
[MEMORY-READ] readMemory32(0xf0081) = 0x00000000
[MOIRA] Overclocking set to 100x
[MoiraEmulator] Overclocking set to 100x
[NodeStatusManager] Node 2 singlePort at 0xb1400: sysop
[NodeStatusManager] Updated node 2: sysop - ENV_DOORS
[DoorLifecycleManager] Node 2 updated: sysop from Server Room
[ExecLibrary] PutMsg: Calling Signal(task=0x5f00, mask=0x40000) sigBit=18 portName=Door Task Port
[ExecLibrary] Signal APPLIED: sigRecvd 0x0 -> 0x40000, sigWait=0x0, isWaiting=false
[MOIRA] Overclocking set to 100x
[MoiraEmulator] Overclocking set to 100x
[LibraryTraps] VERIFICATION: All 164 ILLEGAL instructions verified OK
[LibraryTraps] Synced 164 trap addresses to MOIRA for batch execution
[DoorLifecycleManager] FIRST INVALID PC DETECTED!
  Previous PC: 0x2008
  Instruction: movem.l D1-D6/A0-A6, -(A7)
  New PC: 0x7fece (OUT OF BOUNDS)
  Code region: 0x2008-0x45ac
  D0=0x0 D1=0x3000 D2=0x2
  A0=0xa0000 A1=0x45ac A2=0xf0100
  A3=0x5f00 A4=0x4608 A5=0x5e60 SP=0x5e1c
  This instruction caused the first jump outside code!
  Raw bytes: opcode=0x48e7 operand=0x7efe2448
[DoorLifecycleManager] DETECTED AEDoorPort via findPort at 0x103474 - updating XIMProtocol (hasXIM=true)
[XIMProtocol] setXimPortAddress: UPDATING port from 0x100000 to 0x103474
[ExecLibrary] CAPTURED actual AEDoorPort address: 0x103474 (port="AEDoorPort2")
[exec-vectors] OpenLibrary TRAP: name="dos.library" version=0
[LibraryLoader] Loading dos.library (version >= 0)
[LibraryLoader] ✅ dos.library is ROM-resident (using Kickstart ROM)
[LibraryLoader]   ROM libraries are native code in ROM, not loaded from disk
[LibraryTraps] Installing dos.library vectors at base 0xb0000
  [Open] Vector at 0xaffe2 (offset -30)
  [Close] Vector at 0xaffdc (offset -36)
  [Read] Vector at 0xaffd6 (offset -42)
  [Write] Vector at 0xaffd0 (offset -48)
  [Input] Vector at 0xaffca (offset -54)
  [Output] Vector at 0xaffc4 (offset -60)
  [Seek] Vector at 0xaffbe (offset -66)
  [FGetC] Vector at 0xafece (offset -306)
  [FPutC] Vector at 0xafec8 (offset -312)
  [UnGetC] Vector at 0xafec2 (offset -318)
  [FRead] Vector at 0xafebc (offset -324)
  [FWrite] Vector at 0xafeb6 (offset -330)
  [FGets] Vector at 0xafeb0 (offset -336)
  [FPuts] Vector at 0xafeaa (offset -342)
  [Flush] Vector at 0xafe98 (offset -360)
  [Lock] Vector at 0xaffac (offset -84)
  [UnLock] Vector at 0xaffa6 (offset -90)
  [DupLock] Vector at 0xaffa0 (offset -96)
  [Examine] Vector at 0xaff9a (offset -102)
  [ExNext] Vector at 0xaff94 (offset -108)
  [CreateDir] Vector at 0xaff88 (offset -120)
  [CurrentDir] Vector at 0xaff82 (offset -126)
  [IoErr] Vector at 0xaff7c (offset -132)
  [DateStamp] Vector at 0xaff40 (offset -192)
  [Delay] Vector at 0xaff3a (offset -198)
  [WaitForChar] Vector at 0xaff34 (offset -204)
  [Exit] Vector at 0xaff70 (offset -144)
  [NameFromLock] Vector at 0xafe6e (offset -402)
  [ReadArgs] Vector at 0xafce2 (offset -798)
  [FreeArgs] Vector at 0xafca6 (offset -858)
  [DosStub_-298] Vector at 0xafed6 (offset -298)
  [DateToStr] Vector at 0xafd18 (offset -744)
  [StrToDate] Vector at 0xafd12 (offset -750)
  [SelectInput] Vector at 0xaff28 (offset -216)
  [SelectOutput] Vector at 0xaff22 (offset -222)
  [AllocDosObject] Vector at 0xaff1c (offset -228)
  [FreeDosObject] Vector at 0xaff16 (offset -234)
  [OpenFromLock] Vector at 0xafe86 (offset -378)
  [DeleteFile] Vector at 0xaffb8 (offset -72)
  [Rename] Vector at 0xaffb2 (offset -78)
  [Info] Vector at 0xaff8e (offset -114)
  [SetComment] Vector at 0xaff58 (offset -168)
  [SetProtection] Vector at 0xaff52 (offset -174)
  [AddPart] Vector at 0xafed4 (offset -300)
  [FilePart] Vector at 0xafee0 (offset -288)
  [PathPart] Vector at 0xafeda (offset -294)
  [CreateProc] Vector at 0xaff76 (offset -138)
  [LoadSeg] Vector at 0xaff6a (offset -150)
  [UnLoadSeg] Vector at 0xaff64 (offset -156)
  [DeviceProc] Vector at 0xaff5e (offset -162)
  [WaitForChar_180] Vector at 0xaff4c (offset -180)
  [VPrintf] Vector at 0xafef8 (offset -264)
  [Fault] Vector at 0xafe7a (offset -390)
  [PrintFault] Vector at 0xafe74 (offset -396)
  [Cli] Vector at 0xafe14 (offset -492)
  [FGetC_516] Vector at 0xafdfc (offset -516)
  [FPutC_522] Vector at 0xafdf6 (offset -522)
  [FRead_534] Vector at 0xafdea (offset -534)
  [FWrite_540] Vector at 0xafde4 (offset -540)
  [FGets_546] Vector at 0xafdde (offset -546)
  [FPuts_552] Vector at 0xafdd8 (offset -552)
  [VFPrintf] Vector at 0xafdcc (offset -564)
  [ReadArgs_804] Vector at 0xafcdc (offset -804)
  [FreeArgs_810] Vector at 0xafcd6 (offset -810)
[LibraryTraps] Installed 64 dos.library vectors
[exec-vectors] OpenLibrary TRAP result: 0xb0000
[exec-vectors] AllocMem TRAP: size=12 (0xc) flags=0x10001
[exec-vectors] AllocMem TRAP result: 0x1034d8
[FileManager] Open: "*" mode=1005
[FileManager] Console device, returning stdout BPTR=0x5000b
[exec-vectors] AllocMem TRAP: size=264 (0x108) flags=0x10001
[exec-vectors] AllocMem TRAP result: 0x1034e4
[COMMAND-HANDLER-ENTRY] COMMAND EVENT FIRED! lQqmMkQjuo6noU0SAAAE
=== COMMAND RECEIVED [v2024-FIXED] ===
Raw data: "\r" length: 1 charCode: 13
[socket-handlers] checkPauseHandler active: false, flagPauseHandler active: false
Session state: loggedon subState: door_running
Input buffer: ""
🎯 ENTER KEY DETECTED!
🎯 Current subState: door_running
🎯 Is POST_MESSAGE_SUBJECT? false
🎯 Input buffer contents: ""
[socket-handlers] About to check door - data="" (len=1), inDoor=true, subState=door_running
[socket-handlers] ABOUT TO CALL doorInputHandler with: "" (length=1, charCode=13)
[executeAmigaDoor] doorInputHandler received: "" (len=1) hasXIM=true
[executeAmigaDoor] Call stack:     at Object.session.doorInputHandler (/Users/spot/Code/amiexpress-web/web/backend/src/handlers/door.handler.ts:2307:47)
    at Socket.<anonymous> (/Users/spot/Code/amiexpress-web/web/backend/src/server/socket-handlers.ts:672:17)
    at Socket.emit (node:events:508:28)
    at Socket.emitUntyped (/Users/spot/Code/amiexpress-web/web/backend/node_modules/socket.io/dist/typed-events.js:69:22)
[XIMProtocol] shouldInjectNativeInput: registered=false waiting=false isNative=false usedXimInput=false doorPort=0x103474
[exec-vectors] AllocMem TRAP: size=34 (0x22) flags=0x10001
[exec-vectors] AllocMem TRAP result: 0x1035ec
[exec-vectors] FindTask TRAP: name="(null - current task)"
[exec-vectors] FindTask TRAP result: 0x5f00
[XIMMessageParser] Parsed jhMessage:
  Address: 0x1034e4
  Length: 264 (layout=long)
  Reply Port: 0x1035ec
  Command: 1 (JH_REGISTER)
  Data: 2 (0x2)
  Node: 4294967295, Line: 0
  Signal: 0, Task: 0x0
  Semi: 0x0
  Filler1: 0x0, Filler2: 0x0
  StrPtr: 0x0, Filler3: 0x0
  String: ""
[XIMProtocol] handleMessage: cmd=1 (JH_REGISTER) usedXimInput=false string=""
[XIMLogger] NOT writing to JSON: jsonEnabled=false logStream=false type=JH_REGISTER
[XIMMessageParser] Parsed jhMessage:
  Address: 0x1034e4
  Length: 264 (layout=long)
  Reply Port: 0x1035ec
  Command: 1 (JH_REGISTER)
  Data: 2 (0x2)
  Node: 2, Line: 0
  Signal: 0, Task: 0x0
  Semi: 0x0
  Filler1: 0x0, Filler2: 0x0
  StrPtr: 0x0, Filler3: 0x0
  String: ""
[XIMMessageParser] writeCommand: msgAddr=0x1034e4 offset=224 value=23 (0x17) layout=long
[XIMMessageParser] Parsed jhMessage:
  Address: 0x1034e4
  Length: 264 (layout=long)
  Reply Port: 0x1035ec
  Command: 23 (Unknown (23))
  Data: 2 (0x2)
  Node: 2, Line: 0
  Signal: 0, Task: 0x0
  Semi: 0x0
  Filler1: 0x0, Filler2: 0x0
  StrPtr: 0x0, Filler3: 0x0
  String: ""
[XIMLogger] NOT writing to JSON: jsonEnabled=false logStream=false type=JH_REGISTER_REPLY
[ExecLibrary] autoRegisterPort: name="" sigTask=0x5f00 currentTask=0x5f00 sigBit=16
[ExecLibrary] replyMsg: Putting message 0x1034e4 to replyPort 0x1035ec
[ExecLibrary] PutMsg: Calling Signal(task=0x5f00, mask=0x10000) sigBit=16 portName=
[ExecLibrary] Signal APPLIED: sigRecvd 0x40000 -> 0x50000, sigWait=0x0, isWaiting=false
[ExecLibrary] replyMsg: Message delivered to replyPort
[DoorLifecycleManager] doorMessageCallback: Message handled for cmd=1 (XIM handler replied)
[ExecLibrary][Trap][Wait] signalMask=0x10000
[ExecLibrary][Trap][Wait] returned 0x10000
[ExecLibrary][Trap][GetMsg] port=0x1035ec name=undefined
[ExecLibrary][GetMsg] Door received message:
  ln_Type=6 (6=NT_REPLYMSG)
  Command=23 (at 0xE0)
  Data=2 (at 0xDC)
  String="" (at 0x14)
[exec-vectors] AllocMem TRAP: size=4116 (0x1014) flags=0x0
[exec-vectors] AllocMem TRAP result: 0x103610
[exec-vectors] OpenLibrary TRAP: name="icon.library" version=0
[LibraryLoader] Loading icon.library (version >= 0)
[LibraryLoader] ✅ icon.library is ROM-resident (using Kickstart ROM)
[LibraryLoader]   ROM libraries are native code in ROM, not loaded from disk
[LibraryTraps] Installing icon.library vectors at base 0xd0000
  [GetDiskObject] Vector at 0xcffe2 (offset -30) [VERIFIED: 0x4afc]
  [PutDiskObject] Vector at 0xcffdc (offset -36) [VERIFIED: 0x4afc]
  [FreeDiskObject] Vector at 0xcffd6 (offset -42) [VERIFIED: 0x4afc]
  [FindToolType] Vector at 0xcffd0 (offset -48) [VERIFIED: 0x4afc]
  [MatchToolValue] Vector at 0xcffca (offset -54) [VERIFIED: 0x4afc]
[LibraryTraps] *** icon.library GetDiskObject at 0xcffe2 contains: 0x4afc (should be 0x4AFC) ***
[LibraryTraps] *** icon.library FULLY OPERATIONAL - ALL traps installed and ready ***
[LibraryTraps] Installed 5 icon.library vectors
[exec-vectors] OpenLibrary TRAP result: 0xd0000
[DebugMonitor] A6 change pc=0xcffca newA6=0xd0000 allowed=false sp=0x5dd8 stack=[SP+0=0x450c SP+4=0x4dc0 SP+8=0x1034e1 SP+12=0x103624 SP+16=0x80000] lastPCs=[0x23b0,0x7fe8c,0x23b8,0x7ff3a,0x3460,0x7fdd8,0x44fe,0xcffca]
[icon.library] MatchToolValue(A0=0x4cac, A1=0x4bf4)
[icon.library]   typeString="dOORS:dRE/dRE!WAll/dRE!WAll", value="icon.library"
[icon.library]   Detected file path - loading icon (isAmigaDevicePath=true, value="icon.library")
[icon.library]   Loading icon from: /Users/spot/Code/amiexpress-web/Doors/dRE/dRE!WAll/dRE!WAll.info
[icon.library]       Tooltype[0] at 0x60200: "UUUUUP"
[icon.library]       Tooltype[1] at 0x60207: "UUUUUP"
[icon.library]       Tooltype[2] at 0x6020e: "UUUUUP"
[icon.library]       Tooltype[3] at 0x60215: "UUUUUP"
[icon.library]       Tooltype[4] at 0x6021c: "UUUUUP"
[icon.library]       Tooltype[5] at 0x60223: "UP"
[icon.library]       Tooltype[6] at 0x60226: "UP"
[icon.library]       Tooltype[7] at 0x60229: "UP"
[icon.library]       Tooltype[8] at 0x6022c: "AP"
[icon.library]       Tooltype[9] at 0x6022f: "PP"
[icon.library]       Tooltype[10] at 0x60232: "UP"
[icon.library]       Tooltype[11] at 0x60235: "UTP"
[icon.library]       Tooltype[12] at 0x60239: "UT"
[icon.library]       Tooltype[13] at 0x6023c: "UUP"
[icon.library]       Tooltype[14] at 0x60240: "UT"
[icon.library]       Tooltype[15] at 0x60243: "UUP"
[icon.library]       Tooltype[16] at 0x60247: "UT"
[icon.library]       Tooltype[17] at 0x6024a: "UUP"
[icon.library]       Tooltype[18] at 0x6024e: "UT"
[icon.library]       Tooltype[19] at 0x60251: "UUP"
[icon.library]       Tooltype[20] at 0x60255: "UUUUUP"
[icon.library]       Tooltype[21] at 0x6025c: "STYLES=2"
[icon.library]       Tooltype[22] at 0x60265: "FORM"
[icon.library]       Tooltype[23] at 0x6026a: "ICONFACE"
[icon.library]     ToolTypes array at 0x60100, 24 entries
[icon.library]   Created DiskObject at 0x60000 with 24 tooltypes
[icon.library] FindToolType(0x60100, "STYLES")
[icon.library]   Found "STYLES" -> value "2" at 0x60263
[icon.library]   Memory at 0x60263: [32 00] = "2"
[icon.library]   D0 set to 0x60263 (expected 0x60263)
[icon.library] FindToolType(0x60100, "COLORS")
[icon.library]   Tooltype "COLORS" not found after 24 entries
[icon.library] FindToolType(0x60100, "ANONYMOUS")
[icon.library]   Tooltype "ANONYMOUS" not found after 24 entries
[icon.library] MatchToolValue(A0=0x60000, A1=0x4c12)
[icon.library]   typeString="ã", value="ANONYMOUS"
[icon.library]   No match found
[exec-vectors] FindTask TRAP: name="(null - current task)"
[exec-vectors] FindTask TRAP result: 0x5f00
[LibraryTraps][LockTrace] sp=0x5d8c spAfter=0x5d90 returnAddr=0x3510 opcode=0x97cb a4=0x4608 a5=0x3084 a6=0xb0000 aedoorBase=0x200000 bytes=97 cb 4a 80 67 00 00 ba 22 00 4e ae ff 82 2e 00
[PathManager] Mapped assign root: "ENV:" => "/tmp/ram/ENV/"
[LibraryTraps][LockTrace] after handler sp=0x5d90 returnAddr=0x3510 a4=0x4608 a5=0x3084 a6=0xb0000
[LibraryTraps][LockTrace] sp=0x5d8c spAfter=0x5d90 returnAddr=0x3526 opcode=0x2c00 a4=0x4608 a5=0x3084 a6=0xb0000 aedoorBase=0x200000 bytes=2c 00 67 00 00 9a 7a 7f da 85 70 41 e5 88 61 00
[PathManager] Mapped: "PROGDIR:/TZ" => "/Users/spot/Code/amiexpress-web/doors/dRE/dRE!WAll/TZ"
[LibraryTraps][LockTrace] after handler sp=0x5d90 returnAddr=0x3526 a4=0x4608 a5=0x3084 a6=0xb0000
[FileManager] Open: "dOORS:dRE/dRE!WAll/dRE!WAll.dAtA" mode=1005
[PathManager] Mapped (case-insensitive): "dOORS:dRE/dRE!WAll/dRE!WAll.dAtA" => "/Users/spot/Code/amiexpress-web/Doors/dRE/dRE!WAll/dRE!WAll.dAtA"
[FileManager] Open: "dOORS:dRE/dRE!WAll/dRE!WAll.dAtA" -> "/Users/spot/Code/amiexpress-web/Doors/dRE/dRE!WAll/dRE!WAll.dAtA" (EXISTS)
[PathManager] Mapped (case-insensitive): "dOORS:dRE/dRE!WAll/dRE!WAll.dAtA" => "/Users/spot/Code/amiexpress-web/Doors/dRE/dRE!WAll/dRE!WAll.dAtA"
[FileManager] Opened file: [FH:'dRE!WAll.dAtA'(ami='dOORS:dRE/dRE!WAll/dRE!WAll.dAtA',sys='/Users/spot/Code/amiexpress-web/Doors/dRE/dRE!WAll/dRE!WAll.dAtA',nc=true)@0x0=B@0x3]
[FileManager] Read BPTR=3 file="dOORS:dRE/dRE!WAll/dRE!WAll.dAtA" len=100
[FileManager]   Hex: 6b 6f 6b 6b 69 6b 6c 68 73 00 20 00 08 50 20 00 08 4c 20 00 08 50 20 00 08 4c 20 00 00 50 20 48 65 6c 6c 6f 20 66 72 6f 6d 20 41 74 68 65 6e 73 20 61 6e 64 20 74 68 61 6e 6b 73 20 66 6f 72 20 74 68 65 20 6e 69 63 65 20 73 74 75 66 66 21 21 21 00 20 00 08 50 20 00 08 50 20 00 00 00 20 00 00 00 00 00
[FileManager]   ASCII: kokkiklhs. ..P ..L ..P ..L ..P Hello from Athens and thanks for the nice stuff!!!. ..P ..P ... .....
[DEBUG READ 100-byte file] Returned 100 bytes to bufferAddr=0x10368c
[DEBUG READ] First 64 bytes HEX: 6b 6f 6b 6b 69 6b 6c 68 73 00 20 00 08 50 20 00 08 4c 20 00 08 50 20 00 08 4c 20 00 00 50 20 48 65 6c 6c 6f 20 66 72 6f 6d 20 41 74 68 65 6e 73 20 61 6e 64 20 74 68 61 6e 6b 73 20 66 6f 72 20
[DEBUG READ] First 64 bytes ASCII: "kokkiklhs. ..P ..L ..P ..L ..P Hello from Athens and thanks for "
[exec-vectors] OpenLibrary TRAP: name="" version=100
[LibraryLoader] Loading  (version >= 100)
[LibraryLoader] Found library: /Users/spot/Code/amiexpress-web/Libs
❌ [LibraryLoader] Failed to load : Error: EISDIR: illegal operation on a directory, read
    at Object.readSync (node:fs:739:18)
    at tryReadSync (node:fs:416:20)
    at Object.readFileSync (node:fs:470:19)
    at Object.readFileSync (/Users/spot/Code/amiexpress-web/web/backend/src/utils/amigafs.ts:110:13)
    at LibraryLoader.loadLibrary (/Users/spot/Code/amiexpress-web/web/backend/src/amiga-emulation/loader/LibraryLoader.ts:177:35)
    at ExecLibrary.openLibraryHybrid (/Users/spot/Code/amiexpress-web/web/backend/src/amiga-emulation/api/ExecLibrary.ts:849:46)
    at ExecLibrary.openLibrary (/Users/spot/Code/amiexpress-web/web/backend/src/amiga-emulation/api/ExecLibrary.ts:2084:25)
    at Object.handler (/Users/spot/Code/amiexpress-web/web/backend/src/amiga-emulation/api/library-vectors/exec-vectors.ts:33:26)
    at LibraryTraps.handleTrap (/Users/spot/Code/amiexpress-web/web/backend/src/amiga-emulation/api/LibraryTraps.ts:1444:28)
    at DoorLifecycleManager.checkAndHandleLibraryTrap (/Users/spot/Code/amiexpress-web/web/backend/src/amiga-emulation/session/DoorLifecycleManager.ts:1482:39) {
  errno: -21,
  code: 'EISDIR',
  syscall: 'read'
}
[exec-vectors] OpenLibrary TRAP result: 0x1e8000
[XIMMessageParser] Parsed jhMessage:
  Address: 0x1034e4
  Length: 264 (layout=long)
  Reply Port: 0x1035ec
  Command: 3 (JH_WRITE)
  Data: 0 (0x0)
  Node: 2, Line: 0
  Signal: 0, Task: 0x0
  Semi: 0x0
  Filler1: 0x0, Filler2: 0x0
  StrPtr: 0x0, Filler3: 0x0
  String: "
"
[XIMProtocol] handleMessage: cmd=3 (JH_WRITE) usedXimInput=false string="
"
[XIMLogger] NOT writing to JSON: jsonEnabled=false logStream=false type=JH_WRITE
[XIMLogger] NOT writing to JSON: jsonEnabled=false logStream=false type=JH_WRITE_REPLY
[ExecLibrary] replyMsg: Putting message 0x1034e4 to replyPort 0x1035ec
[ExecLibrary] PutMsg: Calling Signal(task=0x5f00, mask=0x10000) sigBit=16 portName=
[ExecLibrary] Signal APPLIED: sigRecvd 0x40000 -> 0x50000, sigWait=0x0, isWaiting=false
[ExecLibrary] replyMsg: Message delivered to replyPort
[ExecLibrary] replyMsg: Putting message 0x1034e4 to replyPort 0x1035ec
[ExecLibrary] PutMsg: Calling Signal(task=0x5f00, mask=0x10000) sigBit=16 portName=
[ExecLibrary] Signal APPLIED: sigRecvd 0x50000 -> 0x50000, sigWait=0x0, isWaiting=false
[ExecLibrary] replyMsg: Message delivered to replyPort
[DoorLifecycleManager] doorMessageCallback: Message handled for cmd=3 (XIM handler replied)
[ExecLibrary][Trap][WaitPort] port=0x1035ec name=undefined
[ExecLibrary][Trap][GetMsg] port=0x1035ec name=undefined
[ExecLibrary][GetMsg] Door received message:
  ln_Type=6 (6=NT_REPLYMSG)
  Command=3 (at 0xE0)
  Data=4 (at 0xDC)
  String="
" (at 0x14)
[XIMMessageParser] Parsed jhMessage:
  Address: 0x1034e4
  Length: 264 (layout=long)
  Reply Port: 0x1035ec
  Command: 8 (JH_SF (Show File))
  Data: 0 (0x0)
  Node: 2, Line: 0
  Signal: 0, Task: 0x0
  Semi: 0x0
  Filler1: 0x0, Filler2: 0x0
  StrPtr: 0x0, Filler3: 0x0
  String: "dOORS:dRE/dRE!WAll/dRE!WAll.StYlE.1"
[XIMProtocol] handleMessage: cmd=8 (JH_SF (Show File)) usedXimInput=false string="dOORS:dRE/dRE!WAll/dRE!WAll.StYlE.1"
[XIMLogger] NOT writing to JSON: jsonEnabled=false logStream=false type=JH_SF (Show File)
[BatchScheduler] Generating QuickNew from config: /Users/spot/Code/amiexpress-web/Doors/quicknew/quicknew.config1 (raw: doors:quicknew/quicknew.config1), days: 7, output: /Users/spot/Code/amiexpress-web/screens/quicknew.txt
[QuickNew] Parsed 3 sections from config
[FileAreas] Loaded 2 file areas from 1 conferences
[FileAreas] Loaded 2 file areas from 1 conferences
[QuickNew] Wrote output to /Users/spot/Code/amiexpress-web/screens/quicknew.txt
[BatchScheduler] QuickNew generated successfully
[BatchScheduler] Generating MultiTop from design: /Users/spot/Code/amiexpress-web/Doors/multitop/designs/mtopulbytes1.dsg (raw: doors:multitop/designs/mtopulbytes1.dsg), output: /Users/spot/Code/amiexpress-web/bulletins/bull1.txt, ignoreSysop: true
[MultiTop] Generating from design: /Users/spot/Code/amiexpress-web/Doors/multitop/designs/mtopulbytes1.dsg
[MultiTop] Sort field: UPLOADEDBYTES
[MultiTop] Found 2 users
[MultiTop] Wrote output to /Users/spot/Code/amiexpress-web/bulletins/bull1.txt
[BatchScheduler] MultiTop generated successfully
[BatchScheduler] Generating MultiTop from design: /Users/spot/Code/amiexpress-web/Doors/multitop/designs/mtopdlbytes1.dsg (raw: doors:multitop/designs/mtopdlbytes1.dsg), output: /Users/spot/Code/amiexpress-web/bulletins/bull2.txt, ignoreSysop: true
[MultiTop] Generating from design: /Users/spot/Code/amiexpress-web/Doors/multitop/designs/mtopdlbytes1.dsg
[MultiTop] Sort field: DOWNLOADEDBYTES
[MultiTop] Found 2 users
[MultiTop] Wrote output to /Users/spot/Code/amiexpress-web/bulletins/bull2.txt
[BatchScheduler] MultiTop generated successfully
[BatchScheduler] Generating MultiTop from design: /Users/spot/Code/amiexpress-web/Doors/multitop/designs/mtopmsgs1.dsg (raw: doors:multitop/designs/mtopmsgs1.dsg), output: /Users/spot/Code/amiexpress-web/bulletins/bull3.txt, ignoreSysop: true
[MultiTop] Generating from design: /Users/spot/Code/amiexpress-web/Doors/multitop/designs/mtopmsgs1.dsg
[MultiTop] Sort field: MESSAGES
[MultiTop] Found 2 users
[MultiTop] Wrote output to /Users/spot/Code/amiexpress-web/bulletins/bull3.txt
[BatchScheduler] MultiTop generated successfully
[BatchScheduler] Generating MultiTop from design: /Users/spot/Code/amiexpress-web/Doors/multitop/designs/mtopulcps1.dsg (raw: doors:multitop/designs/mtopulcps1.dsg), output: /Users/spot/Code/amiexpress-web/bulletins/bull4.txt, ignoreSysop: true
[MultiTop] Generating from design: /Users/spot/Code/amiexpress-web/Doors/multitop/designs/mtopulcps1.dsg
[MultiTop] Sort field: UPLOADEDBYTES
[MultiTop] Found 2 users
[MultiTop] Wrote output to /Users/spot/Code/amiexpress-web/bulletins/bull4.txt
[BatchScheduler] MultiTop generated successfully
[BatchScheduler] Generating MultiTop from design: /Users/spot/Code/amiexpress-web/Doors/multitop/designs/mtopdlcps1.dsg (raw: doors:multitop/designs/mtopdlcps1.dsg), output: /Users/spot/Code/amiexpress-web/bulletins/bull5.txt, ignoreSysop: true
[MultiTop] Generating from design: /Users/spot/Code/amiexpress-web/Doors/multitop/designs/mtopdlcps1.dsg
[MultiTop] Sort field: UPLOADEDBYTES
[MultiTop] Found 2 users
[MultiTop] Wrote output to /Users/spot/Code/amiexpress-web/bulletins/bull5.txt
[BatchScheduler] MultiTop generated successfully
[SCREEN] [MCI] ========== PROCESSING MCI CODES ==========
[SCREEN] [MCI] Content length: 304
[SCREEN] [MCI] Looking for ~XC_ and ~XI codes...
[DEBUG:MCI:DEBUG] Parsing MCI codes (304 bytes) 
[SCREEN] [MCI] Total commands to execute: 0
[ExecLibrary][Trap][WaitPort] port=0x1035ec name=undefined
[BatchScheduler] Running GLCUpdater for Sanctuary, log: /Users/spot/Code/amiexpress-web/Node3/CallersLog
[GLCUpdater] Processed 0 entries, sent 0 to server
[BatchScheduler] GLCUpdater completed
[BatchScheduler] Running TypeScript SAmiLog
[SCREEN] [MCI DEBUG] Looking for ~SS_ codes in: [0m.----------.----------.----------.----------.----------.----------.----------.
| [31mDre!Wall[0m | [32mDre!Wall[0m | [33mDre!Wall[0m | [34mDre!Wall[0m | [35mDre!Wall[0m | [36mDre!Wall[
[SCREEN] [MCI DEBUG] Total ~SS_ MCI codes found in screen: 0
[XIMLogger] NOT writing to JSON: jsonEnabled=false logStream=false type=JH_SF (Show File)_REPLY
[ExecLibrary] replyMsg: Putting message 0x1034e4 to replyPort 0x1035ec
[ExecLibrary] PutMsg: Calling Signal(task=0x5f00, mask=0x10000) sigBit=16 portName=
[ExecLibrary] Signal APPLIED: sigRecvd 0x50000 -> 0x50000, sigWait=0x0, isWaiting=false
[ExecLibrary] replyMsg: Message delivered to replyPort
[DoorLifecycleManager] doorMessageCallback: Message handled for cmd=8 (XIM handler replied)
[ExecLibrary][Trap][GetMsg] port=0x1035ec name=undefined
[ExecLibrary][GetMsg] Door received message:
  ln_Type=6 (6=NT_REPLYMSG)
  Command=8 (at 0xE0)
  Data=1 (at 0xDC)
  String="dOORS:dRE/dRE!WAll/dRE!WAll.StYl" (at 0x14)
[BatchScheduler] SAmiLog bulletin written to BBS:Bulletins/bull6.txt
[BatchScheduler] Generating QuickNew from config: /Users/spot/Code/amiexpress-web/Doors/quicknew/quicknew.config (raw: doors:quicknew/quicknew.config), days: 14, output: /Users/spot/Code/amiexpress-web/screens/quicknew2.txt
[QuickNew] Parsed 1 sections from config
[QuickNew] Wrote output to /Users/spot/Code/amiexpress-web/screens/quicknew2.txt
[BatchScheduler] QuickNew generated successfully
[XIMMessageParser] Parsed jhMessage:
  Address: 0x1034e4
  Length: 264 (layout=long)
  Reply Port: 0x1035ec
  Command: 3 (JH_WRITE)
  Data: 0 (0x0)
  Node: 2, Line: 0
  Signal: 0, Task: 0x0
  Semi: 0x0
  Filler1: 0x0, Filler2: 0x0
  StrPtr: 0x0, Filler3: 0x0
  String: "[0 p"
[XIMProtocol] handleMessage: cmd=3 (JH_WRITE) usedXimInput=false string="[0 p"
[XIMLogger] NOT writing to JSON: jsonEnabled=false logStream=false type=JH_WRITE
[XIM-DEBUG] Filtering Amiga cursor codes: ["[0 p"]
[XIMLogger] NOT writing to JSON: jsonEnabled=false logStream=false type=JH_WRITE_REPLY
[ExecLibrary] replyMsg: Putting message 0x1034e4 to replyPort 0x1035ec
[ExecLibrary] PutMsg: Calling Signal(task=0x5f00, mask=0x10000) sigBit=16 portName=
[ExecLibrary] Signal APPLIED: sigRecvd 0x50000 -> 0x50000, sigWait=0x0, isWaiting=false
[ExecLibrary] replyMsg: Message delivered to replyPort
[ExecLibrary] replyMsg: Putting message 0x1034e4 to replyPort 0x1035ec
[ExecLibrary] PutMsg: Calling Signal(task=0x5f00, mask=0x10000) sigBit=16 portName=
[ExecLibrary] Signal APPLIED: sigRecvd 0x50000 -> 0x50000, sigWait=0x0, isWaiting=false
[ExecLibrary] replyMsg: Message delivered to replyPort
[DoorLifecycleManager] doorMessageCallback: Message handled for cmd=3 (XIM handler replied)
[ExecLibrary][Trap][WaitPort] port=0x1035ec name=undefined
[ExecLibrary][Trap][GetMsg] port=0x1035ec name=undefined
[ExecLibrary][GetMsg] Door received message:
  ln_Type=6 (6=NT_REPLYMSG)
  Command=3 (at 0xE0)
  Data=0 (at 0xDC)
  String="[0 p" (at 0x14)
[XIMMessageParser] Parsed jhMessage:
  Address: 0x1034e4
  Length: 264 (layout=long)
  Reply Port: 0x1035ec
  Command: 3 (JH_WRITE)
  Data: 0 (0x0)
  Node: 2, Line: 0
  Signal: 0, Task: 0x0
  Semi: 0x0
  Filler1: 0x0, Filler2: 0x0
  StrPtr: 0x0, Filler3: 0x0
  String: "[1 p"
[XIMProtocol] handleMessage: cmd=3 (JH_WRITE) usedXimInput=false string="[1 p"
[XIMLogger] NOT writing to JSON: jsonEnabled=false logStream=false type=JH_WRITE
[XIM-DEBUG] Filtering Amiga cursor codes: ["[1 p"]
[XIMLogger] NOT writing to JSON: jsonEnabled=false logStream=false type=JH_WRITE_REPLY
[ExecLibrary] replyMsg: Putting message 0x1034e4 to replyPort 0x1035ec
[ExecLibrary] PutMsg: Calling Signal(task=0x5f00, mask=0x10000) sigBit=16 portName=
[ExecLibrary] Signal APPLIED: sigRecvd 0x50000 -> 0x50000, sigWait=0x0, isWaiting=false
[ExecLibrary] replyMsg: Message delivered to replyPort
[ExecLibrary] replyMsg: Putting message 0x1034e4 to replyPort 0x1035ec
[ExecLibrary] PutMsg: Calling Signal(task=0x5f00, mask=0x10000) sigBit=16 portName=
[ExecLibrary] Signal APPLIED: sigRecvd 0x50000 -> 0x50000, sigWait=0x0, isWaiting=false
[ExecLibrary] replyMsg: Message delivered to replyPort
[DoorLifecycleManager] doorMessageCallback: Message handled for cmd=3 (XIM handler replied)
[ExecLibrary][Trap][WaitPort] port=0x1035ec name=undefined
[ExecLibrary][Trap][GetMsg] port=0x1035ec name=undefined
[ExecLibrary][GetMsg] Door received message:
  ln_Type=6 (6=NT_REPLYMSG)
  Command=3 (at 0xE0)
  Data=1 (at 0xDC)
  String="[1 p" (at 0x14)
[XIMMessageParser] Parsed jhMessage:
  Address: 0x1034e4
  Length: 264 (layout=long)
  Reply Port: 0x1035ec
  Command: 3 (JH_WRITE)
  Data: 0 (0x0)
  Node: 2, Line: 0
  Signal: 0, Task: 0x0
  Semi: 0x0
  Filler1: 0x0, Filler2: 0x0
  StrPtr: 0x0, Filler3: 0x0
  String: "
"
[XIMProtocol] handleMessage: cmd=3 (JH_WRITE) usedXimInput=false string="
"
[XIMLogger] NOT writing to JSON: jsonEnabled=false logStream=false type=JH_WRITE
[XIMLogger] NOT writing to JSON: jsonEnabled=false logStream=false type=JH_WRITE_REPLY
[ExecLibrary] replyMsg: Putting message 0x1034e4 to replyPort 0x1035ec
[ExecLibrary] PutMsg: Calling Signal(task=0x5f00, mask=0x10000) sigBit=16 portName=
[ExecLibrary] Signal APPLIED: sigRecvd 0x50000 -> 0x50000, sigWait=0x0, isWaiting=false
[ExecLibrary] replyMsg: Message delivered to replyPort
[ExecLibrary] replyMsg: Putting message 0x1034e4 to replyPort 0x1035ec
[ExecLibrary] PutMsg: Calling Signal(task=0x5f00, mask=0x10000) sigBit=16 portName=
[ExecLibrary] Signal APPLIED: sigRecvd 0x50000 -> 0x50000, sigWait=0x0, isWaiting=false
[ExecLibrary] replyMsg: Message delivered to replyPort
[DoorLifecycleManager] doorMessageCallback: Message handled for cmd=3 (XIM handler replied)
[ExecLibrary][Trap][WaitPort] port=0x1035ec name=undefined
[ExecLibrary][Trap][GetMsg] port=0x1035ec name=undefined
[ExecLibrary][GetMsg] Door received message:
  ln_Type=6 (6=NT_REPLYMSG)
  Command=3 (at 0xE0)
  Data=4 (at 0xDC)
  String="
" (at 0x14)
[XIMMessageParser] Parsed jhMessage:
  Address: 0x1034e4
  Length: 264 (layout=long)
  Reply Port: 0x1035ec
  Command: 8 (JH_SF (Show File))
  Data: 0 (0x0)
  Node: 2, Line: 0
  Signal: 0, Task: 0x0
  Semi: 0x0
  Filler1: 0x0, Filler2: 0x0
  StrPtr: 0x0, Filler3: 0x0
  String: "dOORS:dRE/dRE!WAll/dRE!WAll.StYlE.1"
[XIMProtocol] handleMessage: cmd=8 (JH_SF (Show File)) usedXimInput=false string="dOORS:dRE/dRE!WAll/dRE!WAll.StYlE.1"
[XIMLogger] NOT writing to JSON: jsonEnabled=false logStream=false type=JH_SF (Show File)
[ExecLibrary][Trap][WaitPort] port=0x1035ec name=undefined
[ExecLibrary][Trap][GetMsg] port=0x1035ec name=undefined
[ExecLibrary][GetMsg] Door received message:
  ln_Type=6 (6=NT_REPLYMSG)
  Command=8 (at 0xE0)
  Data=0 (at 0xDC)
  String="dOORS:dRE/dRE!WAll/dRE!WAll.StYl" (at 0x14)
[SCREEN] [MCI] ========== PROCESSING MCI CODES ==========
[SCREEN] [MCI] Content length: 304
[SCREEN] [MCI] Looking for ~XC_ and ~XI codes...
[DEBUG:MCI:DEBUG] Parsing MCI codes (304 bytes) 
[SCREEN] [MCI] Total commands to execute: 0
[XIMMessageParser] Parsed jhMessage:
  Address: 0x1034e4
  Length: 264 (layout=long)
  Reply Port: 0x1035ec
  Command: 3 (JH_WRITE)
  Data: 0 (0x0)
  Node: 2, Line: 0
  Signal: 0, Task: 0x0
  Semi: 0x0
  Filler1: 0x0, Filler2: 0x0
  StrPtr: 0x0, Filler3: 0x0
  String: "[22;0H [36mdRE[0m![36mWAll[0m v[33m2.0 [34m[[32mUNREGiStEREd VERSiON[34m][0m ([37mC[0m) [33m1994[0m bY [36mdR.dRE[0m ([36mtRSi [0m/[36mX[0m·[36miNNOVAtiON[0m)"
[XIMProtocol] handleMessage: cmd=3 (JH_WRITE) usedXimInput=false string="[22;0H [36mdRE[0m![36mWAll[0m v[33m2.0 [34m"
[XIMLogger] NOT writing to JSON: jsonEnabled=false logStream=false type=JH_WRITE
[XIMLogger] NOT writing to JSON: jsonEnabled=false logStream=false type=JH_WRITE_REPLY
[ExecLibrary] replyMsg: Putting message 0x1034e4 to replyPort 0x1035ec
[ExecLibrary] PutMsg: Calling Signal(task=0x5f00, mask=0x10000) sigBit=16 portName=
[ExecLibrary] Signal APPLIED: sigRecvd 0x50000 -> 0x50000, sigWait=0x0, isWaiting=false
[ExecLibrary] replyMsg: Message delivered to replyPort
[ExecLibrary] replyMsg: Putting message 0x1034e4 to replyPort 0x1035ec
[ExecLibrary] PutMsg: Calling Signal(task=0x5f00, mask=0x10000) sigBit=16 portName=
[ExecLibrary] Signal APPLIED: sigRecvd 0x50000 -> 0x50000, sigWait=0x0, isWaiting=false
[ExecLibrary] replyMsg: Message delivered to replyPort
[DoorLifecycleManager] doorMessageCallback: Message handled for cmd=3 (XIM handler replied)
[SCREEN] [MCI DEBUG] Looking for ~SS_ codes in: [0m.----------.----------.----------.----------.----------.----------.----------.
| [31mDre!Wall[0m | [32mDre!Wall[0m | [33mDre!Wall[0m | [34mDre!Wall[0m | [35mDre!Wall[0m | [36mDre!Wall[
[SCREEN] [MCI DEBUG] Total ~SS_ MCI codes found in screen: 0
[XIMLogger] NOT writing to JSON: jsonEnabled=false logStream=false type=JH_SF (Show File)_REPLY
[ExecLibrary] replyMsg: Putting message 0x1034e4 to replyPort 0x1035ec
[ExecLibrary] PutMsg: Calling Signal(task=0x5f00, mask=0x10000) sigBit=16 portName=
[ExecLibrary] Signal APPLIED: sigRecvd 0x50000 -> 0x50000, sigWait=0x0, isWaiting=false
[ExecLibrary] replyMsg: Message delivered to replyPort
[DoorLifecycleManager] doorMessageCallback: Message handled for cmd=8 (XIM handler replied)
[ExecLibrary][Trap][WaitPort] port=0x1035ec name=undefined
[ExecLibrary][Trap][GetMsg] port=0x1035ec name=undefined
[ExecLibrary][GetMsg] Door received message:
  ln_Type=6 (6=NT_REPLYMSG)
  Command=3 (at 0xE0)
  Data=1 (at 0xDC)
  String="[22;0H [36mdRE[0m![36mWAll[" (at 0x14)
[XIMMessageParser] Parsed jhMessage:
  Address: 0x1034e4
  Length: 264 (layout=long)
  Reply Port: 0x1035ec
  Command: 3 (JH_WRITE)
  Data: 0 (0x0)
  Node: 2, Line: 0
  Signal: 0, Task: 0x0
  Semi: 0x0
  Filler1: 0x0, Filler2: 0x0
  StrPtr: 0x0, Filler3: 0x0
  String: "[23;1H[36mEnter a Line to the Wall [32m([33mY[34m/[33mn[32m)[0m :"
[XIMProtocol] handleMessage: cmd=3 (JH_WRITE) usedXimInput=false string="[23;1H[36mEnter a Line to the Wall [32m([33mY"
[XIMLogger] NOT writing to JSON: jsonEnabled=false logStream=false type=JH_WRITE
[XIMLogger] NOT writing to JSON: jsonEnabled=false logStream=false type=JH_WRITE_REPLY
[ExecLibrary] replyMsg: Putting message 0x1034e4 to replyPort 0x1035ec
[ExecLibrary] PutMsg: Calling Signal(task=0x5f00, mask=0x10000) sigBit=16 portName=
[ExecLibrary] Signal APPLIED: sigRecvd 0x50000 -> 0x50000, sigWait=0x0, isWaiting=false
[ExecLibrary] replyMsg: Message delivered to replyPort
[ExecLibrary] replyMsg: Putting message 0x1034e4 to replyPort 0x1035ec
[ExecLibrary] PutMsg: Calling Signal(task=0x5f00, mask=0x10000) sigBit=16 portName=
[ExecLibrary] Signal APPLIED: sigRecvd 0x50000 -> 0x50000, sigWait=0x0, isWaiting=false
[ExecLibrary] replyMsg: Message delivered to replyPort
[DoorLifecycleManager] doorMessageCallback: Message handled for cmd=3 (XIM handler replied)
[ExecLibrary][Trap][WaitPort] port=0x1035ec name=undefined
[ExecLibrary][Trap][GetMsg] port=0x1035ec name=undefined
[ExecLibrary][GetMsg] Door received message:
  ln_Type=6 (6=NT_REPLYMSG)
  Command=3 (at 0xE0)
  Data=73 (at 0xDC)
  String="[23;1H[36mEnter a Line to the " (at 0x14)
[XIMMessageParser] Parsed jhMessage:
  Address: 0x1034e4
  Length: 264 (layout=long)
  Reply Port: 0x1035ec
  Command: 6 (JH_HK (Hotkey))
  Data: 73 (0x49)
  Node: 2, Line: 0
  Signal: 0, Task: 0x0
  Semi: 0x0
  Filler1: 0x0, Filler2: 0x0
  StrPtr: 0x0, Filler3: 0x0
  String: ""
[MoiraEmulator] Emulator PAUSED (waiting for async input)
[XIMProtocol] handleMessage: cmd=6 (JH_HK (Hotkey)) usedXimInput=false string=""
[XIMLogger] NOT writing to JSON: jsonEnabled=false logStream=false type=JH_HK (Hotkey)
[XIMIOHandler] JH_HK (Hotkey) received - setting usedXimInput=true
[MoiraEmulator] Emulator PAUSED (waiting for async input)
[DoorLifecycleManager] doorMessageCallback: Message handled for cmd=6 (XIM handler replied)
[COMMAND-HANDLER-ENTRY] COMMAND EVENT FIRED! lQqmMkQjuo6noU0SAAAE
=== COMMAND RECEIVED [v2024-FIXED] ===
Raw data: "n" length: 1 charCode: 110
[socket-handlers] checkPauseHandler active: false, flagPauseHandler active: false
Session state: loggedon subState: door_running
Input buffer: ""
[socket-handlers] About to check door - data="n" (len=1), inDoor=true, subState=door_running
[socket-handlers] ABOUT TO CALL doorInputHandler with: "n" (length=1, charCode=110)
[executeAmigaDoor] doorInputHandler received: "n" (len=1) hasXIM=true
[executeAmigaDoor] Call stack:     at Object.session.doorInputHandler (/Users/spot/Code/amiexpress-web/web/backend/src/handlers/door.handler.ts:2307:47)
    at Socket.<anonymous> (/Users/spot/Code/amiexpress-web/web/backend/src/server/socket-handlers.ts:672:17)
    at Socket.emit (node:events:508:28)
    at Socket.emitUntyped (/Users/spot/Code/amiexpress-web/web/backend/node_modules/socket.io/dist/typed-events.js:69:22)
[DEBUG JH_HK completeHotkey] msg.stringPtr=NULL embedded=0x1034f8
[XIMMessageParser] writeCommand: msgAddr=0x1034e4 offset=224 value=1 (0x1) layout=long
[XIMLogger] NOT writing to JSON: jsonEnabled=false logStream=false type=JH_HK (Hotkey)_REPLY
[ExecLibrary] replyMsg: Putting message 0x1034e4 to replyPort 0x1035ec
[ExecLibrary] PutMsg: Calling Signal(task=0x5f00, mask=0x10000) sigBit=16 portName=
[ExecLibrary] Signal APPLIED: sigRecvd 0x50000 -> 0x50000, sigWait=0x0, isWaiting=false
[ExecLibrary] replyMsg: Message delivered to replyPort
[ExecLibrary] replyMsg: Putting message 0x1034e4 to replyPort 0x1035ec
[ExecLibrary] PutMsg: Calling Signal(task=0x5f00, mask=0x10000) sigBit=16 portName=
[ExecLibrary] Signal APPLIED: sigRecvd 0x50000 -> 0x50000, sigWait=0x0, isWaiting=false
[ExecLibrary] replyMsg: Message delivered to replyPort
[MoiraEmulator] Emulator RESUMING from pause
[XIMProtocol] shouldInjectNativeInput: registered=true waiting=false isNative=false usedXimInput=true doorPort=0x103474
[ExecLibrary][Trap][WaitPort] port=0x1035ec name=undefined
[ExecLibrary][Trap][GetMsg] port=0x1035ec name=undefined
[ExecLibrary][GetMsg] Door received message:
  ln_Type=6 (6=NT_REPLYMSG)
  Command=1 (at 0xE0)
  Data=1 (at 0xDC)
  String="n" (at 0x14)
[XIMMessageParser] Parsed jhMessage:
  Address: 0x1034e4
  Length: 264 (layout=long)
  Reply Port: 0x1035ec
  Command: 3 (JH_WRITE)
  Data: 0 (0x0)
  Node: 2, Line: 0
  Signal: 0, Task: 0x0
  Semi: 0x0
  Filler1: 0x0, Filler2: 0x0
  StrPtr: 0x0, Filler3: 0x0
  String: "[26;0H"
[XIMProtocol] handleMessage: cmd=3 (JH_WRITE) usedXimInput=true string="[26;0H"
[XIMLogger] NOT writing to JSON: jsonEnabled=false logStream=false type=JH_WRITE
[XIMLogger] NOT writing to JSON: jsonEnabled=false logStream=false type=JH_WRITE_REPLY
[ExecLibrary] replyMsg: Putting message 0x1034e4 to replyPort 0x1035ec
[ExecLibrary] PutMsg: Calling Signal(task=0x5f00, mask=0x10000) sigBit=16 portName=
[ExecLibrary] Signal APPLIED: sigRecvd 0x50000 -> 0x50000, sigWait=0x0, isWaiting=false
[ExecLibrary] replyMsg: Message delivered to replyPort
[ExecLibrary] replyMsg: Putting message 0x1034e4 to replyPort 0x1035ec
[ExecLibrary] PutMsg: Calling Signal(task=0x5f00, mask=0x10000) sigBit=16 portName=
[ExecLibrary] Signal APPLIED: sigRecvd 0x50000 -> 0x50000, sigWait=0x0, isWaiting=false
[ExecLibrary] replyMsg: Message delivered to replyPort
[DoorLifecycleManager] doorMessageCallback: Message handled for cmd=3 (XIM handler replied)
[ExecLibrary][Trap][WaitPort] port=0x1035ec name=undefined
[ExecLibrary][Trap][GetMsg] port=0x1035ec name=undefined
[ExecLibrary][GetMsg] Door received message:
  ln_Type=6 (6=NT_REPLYMSG)
  Command=3 (at 0xE0)
  Data=7 (at 0xDC)
  String="[26;0H" (at 0x14)
[XIMMessageParser] Parsed jhMessage:
  Address: 0x1034e4
  Length: 264 (layout=long)
  Reply Port: 0x1035ec
  Command: 2 (JH_SHUTDOWN)
  Data: 7 (0x7)
  Node: 2, Line: 0
  Signal: 0, Task: 0x0
  Semi: 0x0
  Filler1: 0x0, Filler2: 0x0
  StrPtr: 0x0, Filler3: 0x0
  String: "[26;0H"
[XIMProtocol] handleMessage: cmd=2 (JH_SHUTDOWN) usedXimInput=true string="[26;0H"
[XIMLogger] NOT writing to JSON: jsonEnabled=false logStream=false type=JH_SHUTDOWN
[XIMLogger] NOT writing to JSON: jsonEnabled=false logStream=false type=JH_SHUTDOWN_REPLY
[ExecLibrary] replyMsg: Putting message 0x1034e4 to replyPort 0x1035ec
[ExecLibrary] PutMsg: Calling Signal(task=0x5f00, mask=0x10000) sigBit=16 portName=
[ExecLibrary] Signal APPLIED: sigRecvd 0x50000 -> 0x50000, sigWait=0x0, isWaiting=false
[ExecLibrary] replyMsg: Message delivered to replyPort
[DoorLifecycleManager] doorMessageCallback: Message handled for cmd=2 (XIM handler replied)
[DoorLifecycleManager] doorMessageCallback: Door sent JH_SHUTDOWN - stopping execution
[executeAmigaDoor] Door execution completed
[GameMode] Disabled
[XIMProtocol] getStateSnapshot called - debugId="state_1769032108887_qz0t6msta" returnCommand="NONE", chainCommand="NONE"
[AmigaDoorSession] getExitState: hasXimProtocol=true, returnCommand="NONE"
[executeAmigaDoor] getExitState returned: ximState.returnCommand="NONE", hasXimProtocol=true
[menu] displayMenuPrompt called
  - bbsName: AmiExpress Web BBS
  - currentConf: 2
  - currentConfName: General
  - relConfNum: 0
  - currentMsgBase: 1
  - timeRemaining: 60
  - msgBasesInConf.length: 1
  - currentMsgBase found: true
 Sending single-msgbase prompt: 
[35mAmiExpress Web BBS [36m[0:General][0m Menu ([33m9999[0m mins left): 
[DoorDropFile] Deleted DOOR.SYS for Node2
[DoorDropFile] Deleted DORINFO2.DEF for Node2
[CallersLog] Node2: Door exit: WALL
[BBSEventEmitter] Emitted door_activity: sysop (node 2)
[executeDoor] Door WALL completed during segment processing - continuing segments
[CommandPriority] Executed as SysCommand
[MCI][CC_] COMMAND RESULT: wall → SUCCESS
[SCREEN] [MCI] Sequential: emitted text before ~CC_gwall
[MCI][CC_] EXECUTING INLINE COMMAND: gwall state: loggedon subState: read_command
[SCREEN] [MCI] Sequential: ~CC_ processSysCommand: gwall
[CommandPriority] Processing command: gwall with params: 
[InternalRouter] Overriding internal command 'GWALL' with external BBSCMD door.
Executing: GWALL
[SYSOP DEBUG] CMD: Executing: GWALL
[BBSConfig] Loaded configuration from bbsConfig.info
[BBSConfig] Loaded configuration overrides from bbsConfig.info.txt
[SYSOP DEBUG] COMMAND: Executing TS door: Doors/gwall
{
  "type": "TS",
  "location": "Doors/gwall"
}
Executing door: GWALL
[loadDoorManifestForExecution] Loading manifest for door: GWALL, id: gwall, path: Doors/gwall
[loadDoorManifestForExecution] Trying door.path: /Users/spot/Code/amiexpress-web/Doors/gwall/package.json
[loadDoorManifestForExecution] Found manifest via door.path, runtime: not specified
[DoorDropFile] Created DOOR.SYS for Node2
[DoorDropFile] Created DORINFO2.DEF for Node2
[CallersLog] Node2: Door: GWALL
[BBSEventEmitter] Emitted door_activity: sysop (node 2)
[executeTypeScriptDoor] ===== EXEC ID: mkok1pru849o =====
[executeTypeScriptDoor] Starting TypeScript door: GWALL
[executeTypeScriptDoor] Door path: Doors/gwall
[executeTypeScriptDoor] Found root index.ts, using source instead of package.json main
[executeTypeScriptDoor] Resolved path: /Users/spot/Code/amiexpress-web/Doors/gwall/index.ts
[executeTypeScriptDoor] Actual filesystem path: /Users/spot/Code/amiexpress-web/Doors/gwall/index.ts
[executeTypeScriptDoor] Importing: file:///Users/spot/Code/amiexpress-web/Doors/gwall/index.ts
[executeTypeScriptDoor] SDK v2.0 Door detected, calling execute()
[executeTypeScriptDoor] Set inDoorManager=true
[executeTypeScriptDoor] Sent door:status: running, door-active: true
[createBBSApi] Created BBSApi, has enableMouseEvents: function
[executeTypeScriptDoor] Calling door.execute() with SDK context...
[COMMAND-HANDLER-ENTRY] COMMAND EVENT FIRED! lQqmMkQjuo6noU0SAAAE
=== COMMAND RECEIVED [v2024-FIXED] ===
Raw data: "\r" length: 1 charCode: 13
[socket-handlers] checkPauseHandler active: false, flagPauseHandler active: false
Session state: loggedon subState: read_command
Input buffer: ""
🎯 ENTER KEY DETECTED!
🎯 Current subState: read_command
🎯 Is POST_MESSAGE_SUBJECT? false
🎯 Input buffer contents: ""
[socket-handlers] About to check door - data="" (len=1), inDoor=true, subState=read_command
[socket-handlers] ABOUT TO CALL doorInputHandler with: "" (length=1, charCode=13)
[executeTypeScriptDoor] Door.execute() returned
[executeTypeScriptDoor] Door completed successfully
[GameMode] Disabled
[executeTypeScriptDoor] Cleared inDoorManager and doorInputHandler
[executeTypeScriptDoor] Sent door:status: stopped, door-active: false
[executeTypeScriptDoor] Door GWALL completed during segment processing - continuing segments
[DoorDropFile] Deleted DOOR.SYS for Node2
[DoorDropFile] Deleted DORINFO2.DEF for Node2
[CallersLog] Node2: Door exit: GWALL
[BBSEventEmitter] Emitted door_activity: sysop (node 2)
[executeDoor] Door GWALL completed during segment processing - continuing segments
[CommandPriority] Executed as SysCommand
[MCI][CC_] COMMAND RESULT: gwall → SUCCESS
[SCREEN] [MCI] Sequential: emitted text before ~5SR_WORK:b
[SCREEN] [MCI] Sequential: ~SR_ random file: WORK:bbs/Screens/flt/flt
[SCREEN] [MCI] Sequential: ~SR_ selected: /Users/spot/Code/amiexpress-web/Screens/flt/005.flt
[SCREEN] [displayScreen] ========================================
[SCREEN] [displayScreen] REQUESTED SCREEN: /Users/spot/Code/amiexpress-web/Screens/flt/005.flt
[SCREEN] [displayScreen] Conference ID: 2
[SCREEN] [displayScreen] User: guest
[SCREEN] [displayScreen] ========================================
[SCREEN] [loadScreenFile] Loading screen: /Users/spot/Code/amiexpress-web/Screens/flt/005.flt
[SCREEN] [loadScreenFile] Base directory: /Users/spot/Code/amiexpress-web
[SCREEN] [loadScreenFile] Conference ID: 2, Node ID: 2
[SCREEN] [loadScreenFile] Terminal type: unknown (80x24)
[SCREEN] [loadScreenFile] PETSCII mode: NO
[SCREEN] [loadScreenFile] Trying 0 location(s) with case-insensitive matching:
[SCREEN] [loadScreenFile]   [1] /Users/spot/Code/amiexpress-web/Screens/flt/005.flt
[SCREEN] [loadScreenFile]  Found screen /Users/spot/Code/amiexpress-web/Screens/flt/005.flt at: /Users/spot/Code/amiexpress-web/Screens/flt/005.flt
[SCREEN] readScreenWithTransforms: /Users/spot/Code/amiexpress-web/Screens/flt/005.flt
[SCREEN]   Encoding: iso-8859-1, iCE: false
[NEWLINE-DEBUG] RAW CONTENT (/Users/spot/Code/amiexpress-web/Screens/flt/005.flt): 1395 bytes, 25 \n, 23 \r\n
[SCREEN] [displayScreen]  Screen loaded successfully: /Users/spot/Code/amiexpress-web/Screens/flt/005.flt
[SCREEN] [displayScreen] Content length: 1395 bytes
[SCREEN] [displayScreen] PETSCII: NO
[SCREEN] [displayScreen] Render event: /Users/spot/Code/amiexpress-web/Screens/flt/005.flt (node 2)
[DEBUG:SCREEN:INFO] Displaying screen: /Users/spot/Code/amiexpress-web/Screens/flt/005.flt {
  file: '/Users/spot/Code/amiexpress-web/Screens/flt/005.flt',
  size: '1395 bytes',
  isPetscii: false,
  conference: 2
}
[SCREEN] [MCI] ========== PROCESSING MCI CODES ==========
[SCREEN] [MCI] Content length: 1395
[SCREEN] [MCI] Looking for ~XC_ and ~XI codes...
[DEBUG:MCI:DEBUG] Parsing MCI codes (1395 bytes) 
[SCREEN] [MCI] Total commands to execute: 0
[SCREEN] [MCI] Sequential: emitted remaining text
[SCREEN] [MCI DEBUG] Looking for ~SS_ codes in: 
[NEWLINE-DEBUG] AFTER parseMciCodes NORMAL: 0 bytes, 0 \n, 0 \r\n
[NEWLINE-DEBUG] AFTER addAnsiEscapes: 0 bytes, 0 \n, 0 \r\n
[NEWLINE-DEBUG] AFTER NORMALIZE: 0 bytes, 0 \n, 0 \r\n
[WIPE-DEBUG] Screen: /Users/spot/Code/amiexpress-web/Screens/flt/005.flt, hasWipeAnimation: false, wipeType: null
[NEWLINE-DEBUG] SPLIT INTO LINES: 1 lines
[NEWLINE-DEBUG] FIRST 5 LINES:   [0] len=0: 
[WIPE-CHECK] hasWipeAnimation=false, wipeType=null, screenName=/Users/spot/Code/amiexpress-web/Screens/flt/005.flt
[SCREEN] [displayScreen] Content already emitted inline, skipping frame buffer
[SCREEN] [MCI DEBUG] Looking for ~SS_ codes in: 
[SCREEN] [processNextScreenSegment] Content already emitted inline
[handleCommand] handlePaginatedScreenInput returned: handled=true paginatedScreen=true
[COMMAND-HANDLER-ENTRY] COMMAND EVENT FIRED! lQqmMkQjuo6noU0SAAAE
=== COMMAND RECEIVED [v2024-FIXED] ===
Raw data: "\r" length: 1 charCode: 13
[socket-handlers] checkPauseHandler active: false, flagPauseHandler active: false
Session state: loggedon subState: read_command
Input buffer: ""
🎯 ENTER KEY DETECTED!
🎯 Current subState: read_command
🎯 Is POST_MESSAGE_SUBJECT? false
🎯 Input buffer contents: ""
[socket-handlers] About to check door - data="" (len=1), inDoor=undefined, subState=read_command
[socket-handlers] ✗ NOT in door or no handler - routing to BBS command handler
[socket-handlers]   inDoorManager: undefined
[socket-handlers]   handler exists: false
=== handleCommand called ===
data: "\r"
session.state: loggedon
session.subState: read_command
[handleCommand] ENTRY: data="" subState=read_command paginatedScreen=true inDoorManager=undefined
[handleCommand] Has paginatedScreen - calling handlePaginatedScreenInput
[handlePaginatedScreenInput] ENTRY: data="" lines=1 nextIndex=1 pageSize=1
[SEGMENT] Processing segment 3/4: "~f
~SS_BBS:screens/uprough.txt..."
[SCREEN] [processNextScreenSegment] Processing segment 3: ~f
~SS_BBS:screens/uprough.txt...
[SCREEN] [MCI] ========== PROCESSING MCI CODES ==========
[SCREEN] [MCI] Content length: 30
[SCREEN] [MCI] Looking for ~XC_ and ~XI codes...
[DEBUG:MCI:DEBUG] Parsing MCI codes (30 bytes) 
[SCREEN] [MCI] Total commands to execute: 0
=== COMMAND PROCESSED ===

[SCREEN] [MCI] Sequential: emitted text before ~SS_BBS:scr
[SCREEN] [MCI] Sequential: ~SS_ displayFile: BBS:screens/uprough.txt
[SCREEN] [displayScreen] ========================================
[SCREEN] [displayScreen] REQUESTED SCREEN: BBS:screens/uprough.txt
[SCREEN] [displayScreen] Conference ID: 2
[SCREEN] [displayScreen] User: guest
[SCREEN] [displayScreen] ========================================
[SCREEN] [loadScreenFile] Loading screen: BBS:screens/uprough.txt
[SCREEN] [loadScreenFile] Base directory: /Users/spot/Code/amiexpress-web
[SCREEN] [loadScreenFile] Conference ID: 2, Node ID: 2
[SCREEN] [loadScreenFile] Terminal type: unknown (80x24)
[SCREEN] [loadScreenFile] PETSCII mode: NO
[SCREEN] [MCI] ~SS_ resolving Amiga path: BBS:screens/uprough.txt -> /Users/spot/Code/amiexpress-web/screens/uprough.txt
[SCREEN] [loadScreenFile] Trying 0 location(s) with case-insensitive matching:
[SCREEN] [loadScreenFile]   [1] /Users/spot/Code/amiexpress-web/screens/uprough.txt
[SCREEN] Found text screen: /Users/spot/Code/amiexpress-web/screens/uprough.TXT
[SCREEN] [loadScreenFile]  Found security screen for assign path: /Users/spot/Code/amiexpress-web/screens/uprough.TXT
[SCREEN] readScreenWithTransforms: /Users/spot/Code/amiexpress-web/screens/uprough.TXT
[SCREEN]   Encoding: iso-8859-1, iCE: false
[NEWLINE-DEBUG] RAW CONTENT (BBS:screens/uprough.txt): 10058 bytes, 2 \n, 2 \r\n
[SCREEN] [displayScreen]  Screen loaded successfully: BBS:screens/uprough.txt
[SCREEN] [displayScreen] Content length: 10058 bytes
[SCREEN] [displayScreen] PETSCII: NO
[SCREEN] [displayScreen] Render event: BBS:screens/uprough.txt (node 2)
[DEBUG:SCREEN:INFO] Displaying screen: BBS:screens/uprough.txt {
  file: '/Users/spot/Code/amiexpress-web/screens/uprough.TXT',
  size: '10058 bytes',
  isPetscii: false,
  conference: 2
}
[ANSI-ANIM] Detected animation: 856 cursor moves, 1389 total ANSI codes, 10058 bytes
[ANSI-ANIM] Density: 87.1 cursor/KB, 141.4 ANSI/KB
[ModemEmulator] install() skipped - already installed
[ModemEmulator] enable() called with bps=14400, enabled=true, bytesPerSecond=1440
[ANSI-ANIM] Enabled 14.4kbps modem emulation for BBS:screens/uprough.txt (was: 0 bps)
[DEBUG:SCREEN:INFO] ANSI animation detected - forced 14.4kbps playback { screen: 'BBS:screens/uprough.txt', previousSpeed: 0 }
[SCREEN] [MCI] ========== PROCESSING MCI CODES ==========
[SCREEN] [MCI] Content length: 10058
[SCREEN] [MCI] Looking for ~XC_ and ~XI codes...
[DEBUG:MCI:DEBUG] Parsing MCI codes (10058 bytes) 
[SCREEN] [MCI] Total commands to execute: 0
[ModemEmulator] Intercepting ansi-output (10055 bytes), throttling at 14400 bps
[SCREEN] [MCI] Sequential: emitted remaining text
[SCREEN] [MCI DEBUG] Looking for ~SS_ codes in: 
[NEWLINE-DEBUG] AFTER parseMciCodes NORMAL: 0 bytes, 0 \n, 0 \r\n
[NEWLINE-DEBUG] AFTER addAnsiEscapes: 0 bytes, 0 \n, 0 \r\n
[NEWLINE-DEBUG] AFTER NORMALIZE: 0 bytes, 0 \n, 0 \r\n
[WIPE-DEBUG] Screen: BBS:screens/uprough.txt, hasWipeAnimation: false, wipeType: null
[NEWLINE-DEBUG] SPLIT INTO LINES: 1 lines
[NEWLINE-DEBUG] FIRST 5 LINES:   [0] len=0: 
[WIPE-CHECK] hasWipeAnimation=false, wipeType=null, screenName=BBS:screens/uprough.txt
[SCREEN] [displayScreen] Content already emitted inline, skipping frame buffer
[SCREEN] [MCI DEBUG] Looking for ~SS_ codes in: 
[SCREEN] [processNextScreenSegment] Content already emitted inline
[ANSI-ANIM] Waiting for modem queue to drain before restoring state...
[handleCommand] handlePaginatedScreenInput returned: handled=true paginatedScreen=true
[ANSI-ANIM] Restored modem emulation to disabled (full speed)
[COMMAND-HANDLER-ENTRY] COMMAND EVENT FIRED! lQqmMkQjuo6noU0SAAAE
=== COMMAND RECEIVED [v2024-FIXED] ===
Raw data: "\r" length: 1 charCode: 13
[socket-handlers] checkPauseHandler active: false, flagPauseHandler active: false
Session state: loggedon subState: read_command
Input buffer: ""
🎯 ENTER KEY DETECTED!
🎯 Current subState: read_command
🎯 Is POST_MESSAGE_SUBJECT? false
🎯 Input buffer contents: ""
[socket-handlers] About to check door - data="" (len=1), inDoor=undefined, subState=read_command
[socket-handlers] ✗ NOT in door or no handler - routing to BBS command handler
[socket-handlers]   inDoorManager: undefined
[socket-handlers]   handler exists: false
=== handleCommand called ===
data: "\r"
session.state: loggedon
session.subState: read_command
[handleCommand] ENTRY: data="" subState=read_command paginatedScreen=true inDoorManager=undefined
[handleCommand] Has paginatedScreen - calling handlePaginatedScreenInput
[handlePaginatedScreenInput] ENTRY: data="" lines=1 nextIndex=1 pageSize=1
[SEGMENT] Processing segment 4/4: "~f
~SS_BBS:screens/quicknew.txt..."
[SCREEN] [processNextScreenSegment] Processing segment 4: ~f
~SS_BBS:screens/quicknew.txt...
[SCREEN] [MCI] ========== PROCESSING MCI CODES ==========
[SCREEN] [MCI] Content length: 31
[SCREEN] [MCI] Looking for ~XC_ and ~XI codes...
[DEBUG:MCI:DEBUG] Parsing MCI codes (31 bytes) 
[SCREEN] [MCI] Total commands to execute: 0
=== COMMAND PROCESSED ===

[SCREEN] [MCI] Sequential: emitted text before ~SS_BBS:scr
[SCREEN] [MCI] Sequential: ~SS_ displayFile: BBS:screens/quicknew.txt
[SCREEN] [displayScreen] ========================================
[SCREEN] [displayScreen] REQUESTED SCREEN: BBS:screens/quicknew.txt
[SCREEN] [displayScreen] Conference ID: 2
[SCREEN] [displayScreen] User: guest
[SCREEN] [displayScreen] ========================================
[SCREEN] [loadScreenFile] Loading screen: BBS:screens/quicknew.txt
[SCREEN] [loadScreenFile] Base directory: /Users/spot/Code/amiexpress-web
[SCREEN] [loadScreenFile] Conference ID: 2, Node ID: 2
[SCREEN] [loadScreenFile] Terminal type: unknown (80x24)
[SCREEN] [loadScreenFile] PETSCII mode: NO
[SCREEN] [MCI] ~SS_ resolving Amiga path: BBS:screens/quicknew.txt -> /Users/spot/Code/amiexpress-web/screens/quicknew.txt
[SCREEN] [loadScreenFile] Trying 0 location(s) with case-insensitive matching:
[SCREEN] [loadScreenFile]   [1] /Users/spot/Code/amiexpress-web/screens/quicknew.txt
[SCREEN] Found text screen: /Users/spot/Code/amiexpress-web/screens/quicknew.TXT
[SCREEN] [loadScreenFile]  Found security screen for assign path: /Users/spot/Code/amiexpress-web/screens/quicknew.TXT
[SCREEN] readScreenWithTransforms: /Users/spot/Code/amiexpress-web/screens/quicknew.TXT
[SCREEN]   Encoding: iso-8859-1, iCE: false
[NEWLINE-DEBUG] RAW CONTENT (BBS:screens/quicknew.txt): 1677 bytes, 29 \n, 29 \r\n
[SCREEN] [displayScreen]  Screen loaded successfully: BBS:screens/quicknew.txt
[SCREEN] [displayScreen] Content length: 1677 bytes
[SCREEN] [displayScreen] PETSCII: NO
[SCREEN] [displayScreen] Render event: BBS:screens/quicknew.txt (node 2)
[DEBUG:SCREEN:INFO] Displaying screen: BBS:screens/quicknew.txt {
  file: '/Users/spot/Code/amiexpress-web/screens/quicknew.TXT',
  size: '1677 bytes',
  isPetscii: false,
  conference: 2
}
[SCREEN] [MCI] ========== PROCESSING MCI CODES ==========
[SCREEN] [MCI] Content length: 1677
[SCREEN] [MCI] Looking for ~XC_ and ~XI codes...
[DEBUG:MCI:DEBUG] Parsing MCI codes (1677 bytes) 
[SCREEN] [MCI] Total commands to execute: 0
[SCREEN] [MCI] Sequential: ~SP found in remaining text, pausing
[NEWLINE-DEBUG] AFTER parseMciCodes NORMAL: 0 bytes, 0 \n, 0 \r\n
[NEWLINE-DEBUG] AFTER addAnsiEscapes: 0 bytes, 0 \n, 0 \r\n
[NEWLINE-DEBUG] AFTER NORMALIZE: 0 bytes, 0 \n, 0 \r\n
[WIPE-DEBUG] Screen: BBS:screens/quicknew.txt, hasWipeAnimation: false, wipeType: null
[NEWLINE-DEBUG] SPLIT INTO LINES: 1 lines
[NEWLINE-DEBUG] FIRST 5 LINES:   [0] len=0: 
[WIPE-CHECK] hasWipeAnimation=false, wipeType=null, screenName=BBS:screens/quicknew.txt
[SCREEN] [displayScreen] Content already emitted inline, skipping frame buffer
[SCREEN] [MCI DEBUG] Looking for ~SS_ codes in: 
[SCREEN] [processNextScreenSegment] Content already emitted inline
[SCREEN] [processNextScreenSegment] All segments processed for LOGON
[handleCommand] handlePaginatedScreenInput returned: handled=true paginatedScreen=true
[COMMAND-HANDLER-ENTRY] COMMAND EVENT FIRED! lQqmMkQjuo6noU0SAAAE
=== COMMAND RECEIVED [v2024-FIXED] ===
Raw data: "\r" length: 1 charCode: 13
[socket-handlers] checkPauseHandler active: false, flagPauseHandler active: false
Session state: loggedon subState: read_command
Input buffer: ""
🎯 ENTER KEY DETECTED!
🎯 Current subState: read_command
🎯 Is POST_MESSAGE_SUBJECT? false
🎯 Input buffer contents: ""
[socket-handlers] About to check door - data="" (len=1), inDoor=undefined, subState=read_command
[socket-handlers] ✗ NOT in door or no handler - routing to BBS command handler
[socket-handlers]   inDoorManager: undefined
[socket-handlers]   handler exists: false
=== handleCommand called ===
data: "\r"
session.state: loggedon
session.subState: read_command
[handleCommand] ENTRY: data="" subState=read_command paginatedScreen=true inDoorManager=undefined
[handleCommand] Has paginatedScreen - calling handlePaginatedScreenInput
[handlePaginatedScreenInput] ENTRY: data="" lines=1 nextIndex=1 pageSize=1
=== COMMAND PROCESSED ===

[handleCommand] handlePaginatedScreenInput returned: handled=true paginatedScreen=false
[COMMAND-HANDLER-ENTRY] COMMAND EVENT FIRED! lQqmMkQjuo6noU0SAAAE
=== COMMAND RECEIVED [v2024-FIXED] ===
Raw data: "\r" length: 1 charCode: 13
[socket-handlers] checkPauseHandler active: false, flagPauseHandler active: false
Session state: loggedon subState: read_command
Input buffer: ""
🎯 ENTER KEY DETECTED!
🎯 Current subState: read_command
🎯 Is POST_MESSAGE_SUBJECT? false
🎯 Input buffer contents: ""
[socket-handlers] About to check door - data="" (len=1), inDoor=undefined, subState=read_command
[socket-handlers] ✗ NOT in door or no handler - routing to BBS command handler
[socket-handlers]   inDoorManager: undefined
[socket-handlers]   handler exists: false
=== handleCommand called ===
data: "\r"
session.state: loggedon
session.subState: read_command
[handleCommand] ENTRY: data="" subState=read_command paginatedScreen=false inDoorManager=undefined
 Checking if in POST_MESSAGE_SUBJECT state: false
 In READ_COMMAND state, reading line input
 Empty command, redisplaying menu
[menu] displayMenuPrompt called
  - bbsName: AmiExpress Web BBS
  - currentConf: 2
  - currentConfName: General
  - relConfNum: 0
  - currentMsgBase: 1
  - timeRemaining: 60
  - msgBasesInConf.length: 1
  - currentMsgBase found: true
 Sending single-msgbase prompt: 
[35mAmiExpress Web BBS [36m[0:General][0m Menu ([33m9999[0m mins left): 
=== COMMAND PROCESSED ===

[COMMAND-HANDLER-ENTRY] COMMAND EVENT FIRED! lQqmMkQjuo6noU0SAAAE
=== COMMAND RECEIVED [v2024-FIXED] ===
Raw data: "r" length: 1 charCode: 114
[socket-handlers] checkPauseHandler active: false, flagPauseHandler active: false
Session state: loggedon subState: read_command
Input buffer: ""
[socket-handlers] About to check door - data="r" (len=1), inDoor=undefined, subState=read_command
[socket-handlers] ✗ NOT in door or no handler - routing to BBS command handler
[socket-handlers]   inDoorManager: undefined
[socket-handlers]   handler exists: false
=== handleCommand called ===
data: "r"
session.state: loggedon
session.subState: read_command
[handleCommand] ENTRY: data="r" subState=read_command paginatedScreen=false inDoorManager=undefined
 Checking if in POST_MESSAGE_SUBJECT state: false
 In READ_COMMAND state, reading line input
=== COMMAND PROCESSED ===

[COMMAND-HANDLER-ENTRY] COMMAND EVENT FIRED! lQqmMkQjuo6noU0SAAAE
=== COMMAND RECEIVED [v2024-FIXED] ===
Raw data: "t" length: 1 charCode: 116
[socket-handlers] checkPauseHandler active: false, flagPauseHandler active: false
Session state: loggedon subState: read_command
Input buffer: "r"
[socket-handlers] About to check door - data="t" (len=1), inDoor=undefined, subState=read_command
[socket-handlers] ✗ NOT in door or no handler - routing to BBS command handler
[socket-handlers]   inDoorManager: undefined
[socket-handlers]   handler exists: false
=== handleCommand called ===
data: "t"
session.state: loggedon
session.subState: read_command
[handleCommand] ENTRY: data="t" subState=read_command paginatedScreen=false inDoorManager=undefined
 Checking if in POST_MESSAGE_SUBJECT state: false
 In READ_COMMAND state, reading line input
=== COMMAND PROCESSED ===

[COMMAND-HANDLER-ENTRY] COMMAND EVENT FIRED! lQqmMkQjuo6noU0SAAAE
=== COMMAND RECEIVED [v2024-FIXED] ===
Raw data: "w" length: 1 charCode: 119
[socket-handlers] checkPauseHandler active: false, flagPauseHandler active: false
Session state: loggedon subState: read_command
Input buffer: "rt"
[socket-handlers] About to check door - data="w" (len=1), inDoor=undefined, subState=read_command
[socket-handlers] ✗ NOT in door or no handler - routing to BBS command handler
[socket-handlers]   inDoorManager: undefined
[socket-handlers]   handler exists: false
=== handleCommand called ===
data: "w"
session.state: loggedon
session.subState: read_command
[handleCommand] ENTRY: data="w" subState=read_command paginatedScreen=false inDoorManager=undefined
 Checking if in POST_MESSAGE_SUBJECT state: false
 In READ_COMMAND state, reading line input
=== COMMAND PROCESSED ===

[COMMAND-HANDLER-ENTRY] COMMAND EVENT FIRED! lQqmMkQjuo6noU0SAAAE
=== COMMAND RECEIVED [v2024-FIXED] ===
Raw data: "\r" length: 1 charCode: 13
[socket-handlers] checkPauseHandler active: false, flagPauseHandler active: false
Session state: loggedon subState: read_command
Input buffer: "rtw"
🎯 ENTER KEY DETECTED!
🎯 Current subState: read_command
🎯 Is POST_MESSAGE_SUBJECT? false
🎯 Input buffer contents: "rtw"
[socket-handlers] About to check door - data="" (len=1), inDoor=undefined, subState=read_command
[socket-handlers] ✗ NOT in door or no handler - routing to BBS command handler
[socket-handlers]   inDoorManager: undefined
[socket-handlers]   handler exists: false
=== handleCommand called ===
data: "\r"
session.state: loggedon
session.subState: read_command
[handleCommand] ENTRY: data="" subState=read_command paginatedScreen=false inDoorManager=undefined
 Checking if in POST_MESSAGE_SUBJECT state: false
 In READ_COMMAND state, reading line input
[CommandHistory] saveHistory called for userId=7ddd39a4-9a2b-485e-ba5a-8cfec20813dd, historyLen=20
[CommandHistory] Database available, saving...
[CommandHistory] Running upsert for user 7ddd39a4-9a2b-485e-ba5a-8cfec20813dd with 20 commands
 Command text stored: RTW
=== COMMAND PROCESSED ===

[CommandHistory] Saved 20 commands for user 7ddd39a4-9a2b-485e-ba5a-8cfec20813dd
=== handleCommand called ===
data: ""
session.state: loggedon
session.subState: process_command
[handleCommand] ENTRY: data="" subState=process_command paginatedScreen=false inDoorManager=undefined
 Checking if in POST_MESSAGE_SUBJECT state: false
 In PROCESS_COMMAND state, executing command: RTW
[CommandPriority] Processing command: RTW with params: 
[InternalRouter] Overriding internal command 'RTW' with external BBSCMD door.
Executing: RTW
[SYSOP DEBUG] CMD: Executing: RTW
[SYSOP DEBUG] COMMAND: Executing XIM door: doors/RTW/RTW
{
  "type": "XIM",
  "location": "doors/RTW/RTW"
}
Executing door: RTW
[loadDoorManifestForExecution] Loading manifest for door: RTW, id: rtw, path: doors/RTW/RTW
[loadDoorManifestForExecution] Trying door.path: /Users/spot/Code/amiexpress-web/doors/RTW/RTW/package.json
[loadDoorManifestForExecution] Extracted doorId: RTW
[loadDoorManifestForExecution] Trying legacy doors path: /Users/spot/Code/amiexpress-web/doors/RTW/package.json
[loadDoorManifestForExecution] No manifest found for RTW (id: rtw, doorId: RTW)
[DoorDropFile] Created DOOR.SYS for Node2
[DoorDropFile] Created DORINFO2.DEF for Node2
[CallersLog] Node2: Door: RTW
[BBSEventEmitter] Emitted door_activity: sysop (node 2)
[executeAmigaDoor] Starting Amiga door: RTW (XIM)
[executeAmigaDoor] Path: doors/RTW/RTW
[executeAmigaDoor] BBS root: /Users/spot/Code/amiexpress-web
[executeAmigaDoor] Initial door path: /Users/spot/Code/amiexpress-web/doors/RTW/RTW
[executeAmigaDoor] Starting 68k emulation for: /Users/spot/Code/amiexpress-web/doors/RTW/RTW
[executeAmigaDoor] door.type="XIM" door.doorType="undefined"
[executeAmigaDoor] Resolved doorType="XIM"
[executeAmigaDoor] RTW detected - forcing XIM door type
[executeAmigaDoor] door.args=undefined door.parameters=[]
[executeAmigaDoor] Setting doorCommand="RTW" on session
[executeAmigaDoor] Verified session.doorCommand="RTW"
[executeAmigaDoor] BEFORE currentConf init: session.currentConf=2 user.confRJoin=2
[executeAmigaDoor] Set doorParams="RTW" for EXPRESS_VERSION
[executeAmigaDoor] Set session.bbsRoot="/Users/spot/Code/amiexpress-web" for XIMProtocol
[BBSConfig] Loaded configuration from bbsConfig.info
[BBSConfig] Loaded configuration overrides from bbsConfig.info.txt
[executeAmigaDoor] File /Users/spot/Code/amiexpress-web/doors/RTW/RTW magic bytes: 0 0 3 f3, isGccExecutable: false
[DoorLogger] Creating logger for door: RTW node: 2
[DoorLogger] __dirname: /Users/spot/Code/amiexpress-web/web/backend/src/amiga-emulation, projectRoot: /Users/spot/Code/amiexpress-web, logs dir: /Users/spot/Code/amiexpress-web/logs
[executeAmigaDoor] Set session.inDoorManager=true, door-active: true, nodeId=2, socketId=lQqmMkQjuo6noU0SAAAE
[executeAmigaDoor] Before setSession: inDoorManager=true, handler=true
[executeAmigaDoor] After setSession: verify inDoorManager=true, handler=true
[MOIRA WASM] Memory page table updated
[MOIRA WASM]   Chip RAM pages: 0x00-0x1f
[MOIRA WASM]   Fast RAM pages: 0x20-0xf7
[MOIRA WASM]   ROM pages: 0xF8-0xFF
[MOIRA WASM] MoiraCPU initialized with vAmiga-style memory architecture!
[MOIRA WASM]   Chip RAM: 2048 KB (mask: 0x1fffff)
[MOIRA WASM]   ROM: 512 KB (mask: 0x7ffff)
[MoiraEmulator] moira.js loaded from /Users/spot/Code/amiexpress-web/web/backend/src/amiga-emulation/cpu/build/moira.js
[ROM] Loading Kickstart ROM from: /Users/spot/Code/amiexpress-web/web/backend/data/amiga-roms/Kickstart v3.1 rev 40.63 (1993)(Commodore)(A500-A600-A2000).rom
[ROM] Kickstart 3.1 loaded successfully
[ROM] Mapped to memory range: 0xF80000 - 0xFFFFFF
[ROM] ===== Kickstart ROM Info =====
[ROM] Size: 524288 bytes (512KB)
[ROM] Mapped: 0xf80000 - 0xffffff
[ROM] Initial SSP: 0x11164ef9
[ROM] Initial PC:  0x002000d2
[ROM] Exception Vectors:
[ROM]   Vector 0 (Initial SSP): 0x11164ef9
[ROM]   Vector 1 (Initial PC): 0x002000d2
[ROM]   Vector 2 (Bus Error): 0x0000ffff
[ROM]   Vector 3 (Address Error): 0x00280044
[ROM]   Vector 4 (Illegal Instruction): 0x0028000a
[ROM]   Vector 5 (Division by Zero): 0x000000-1
[ROM]   Vector 6 (CHK Instruction): 0x00414d49
[ROM]   Vector 7 (TRAPV Instruction): 0x47412052
[ROM] Version: 
[ROM] ================================
[MOIRA WASM] Memory page table updated
[MOIRA WASM]   Chip RAM pages: 0x00-0x1f
[MOIRA WASM]   Fast RAM pages: 0x20-0xf7
[MOIRA WASM]   ROM pages: 0xF8-0xFF
[MOIRA WASM] ROM loaded: 524288 bytes
[MOIRA WASM]   ROM buffer size: 524288 bytes
[MOIRA WASM]   ROM mask: 0x7ffff
[MOIRA WASM]   Exception vectors copied to chip RAM: 1024 bytes
[MoiraEmulator] ROM loaded (524288 bytes)
[MoiraEmulator] ROM mapped to 0xF80000-0xFFFFFF
[MoiraEmulator] Exception vectors copied to 0x000000
[MOIRA WASM] Memory page table updated
[MOIRA WASM]   Chip RAM pages: 0x00-0x1f
[MOIRA WASM]   Fast RAM pages: 0x20-0xf7
[MOIRA WASM]   ROM pages: 0xF8-0xFF
[MOIRA WASM] ROM loaded: 524288 bytes
[MOIRA WASM]   ROM buffer size: 524288 bytes
[MOIRA WASM]   ROM mask: 0x7ffff
[MOIRA WASM]   Exception vectors copied to chip RAM: 1024 bytes
[MoiraEmulator] ROM loaded (524288 bytes)
[MoiraEmulator] ROM mapped to 0xF80000-0xFFFFFF
[MoiraEmulator] Exception vectors copied to 0x000000
[LibraryLoader] Added search path: /Users/spot/Code/amiexpress-web/web/backend/Libs
[LibraryLoader] Added search path: /Users/spot/Code/amiexpress-web/System/Libs
[LibraryLoader] Added search path: /Users/spot/Code/amiexpress-web/Libs
[LibraryManager] romtool split failed: 2026-01-21 22:48:42,326  ERROR       root        '/Users/spot/Code/amiexpress-web/web/backend/data/amiga-roms/Kickstart v3.1 rev 40.63 (1993)(Commodore)(A500-A600-A2000).rom' was not found in split database!

[LibraryLoader] Loading AEDoor.library (version >= 0)
[LibraryLoader] Found library: /Users/spot/Code/amiexpress-web/Libs/AEDoor.library
[LibraryLoader] Read 1128 bytes from /Users/spot/Code/amiexpress-web/Libs/AEDoor.library
[LibraryLoader] Parsed 1 segments
[LibraryLoader] Allocated base address: 0x200000
[LibraryLoader] Loading code segment (1036 bytes) at 0x200000
[LibraryLoader] Applying 1 relocation groups
[LibraryLoader] Stored ExecBase (0x80000) at library+0x22
[LibraryLoader] Parsed $VER: AEDoorLib 2.7 (18.5.1996)
✅ [LibraryLoader] Successfully loaded AEDoor.library at 0x200000
   Jump table entries: 0
[PathManager] Initialized assigns:
  doors: => /Users/spot/Code/amiexpress-web/Doors/
  bbs: => /Users/spot/Code/amiexpress-web/
  data: => /Users/spot/Code/amiexpress-web/data/
  screens: => /Users/spot/Code/amiexpress-web/Screens/
  bulletins: => /Users/spot/Code/amiexpress-web/Bulletins/
  s: => /Users/spot/Code/amiexpress-web/S/
  work: => /Users/spot/Code/amiexpress-web/
  sami: => /Users/spot/Code/amiexpress-web/S/
  env: => /tmp/ram/ENV/
  progdir: => /Users/spot/Code/amiexpress-web/
  sys: => /Users/spot/Code/amiexpress-web/System/
  c: => /Users/spot/Code/amiexpress-web/System/C/
  l: => /Users/spot/Code/amiexpress-web/System/L/
  libs: => /Users/spot/Code/amiexpress-web/System/Libs/
  devs: => /Users/spot/Code/amiexpress-web/System/Devs/
  fonts: => /Users/spot/Code/amiexpress-web/System/Fonts/
  locale: => /Users/spot/Code/amiexpress-web/System/Locale/
  prefs: => /Users/spot/Code/amiexpress-web/System/Prefs/
  classes: => /Users/spot/Code/amiexpress-web/System/Classes/
  ram: => /tmp/ram/
  t: => /tmp/
[PathManager] Added assign: node2: => /Users/spot/Code/amiexpress-web/Node2
[PathManager] Added assign: node: => /Users/spot/Code/amiexpress-web/Node2
[PathManager] Added assign: nodedata: => /Users/spot/Code/amiexpress-web/Node2
[PathManager] Added assign: playpen: => /Users/spot/Code/amiexpress-web/Node2/Playpen
[PathManager] Added assign: work: => /Users/spot/Code/amiexpress-web
[PathManager] PROGDIR: assigned to /Users/spot/Code/amiexpress-web/doors/RTW/
[icon.library] PROGDIR: device set to /Users/spot/Code/amiexpress-web/doors/RTW
[icon.library] Door command set to: RTW
[XIMProtocol] New XIM state created with usedXimInput=false doorPort=0x100000
[EnvironmentManager] Initialized LocalVars list at 0x120000
[EnvironmentManager] Populating standard environment variables
[EnvironmentManager] SetVar("PATH", "Work:,S:,C:,Doors:", flags=0)
[EnvironmentManager] Created LocalVar at 0x130000
[EnvironmentManager] SetVar("PROMPT", "%N.%S>", flags=0)
[EnvironmentManager] Created LocalVar at 0x130030
[EnvironmentManager] SetVar("RETURN", "0", flags=0)
[EnvironmentManager] Created LocalVar at 0x130056
[EnvironmentManager] SetVar("RC", "0", flags=0)
[EnvironmentManager] Created LocalVar at 0x130077
[EnvironmentManager] SetVar("Result2", "0", flags=0)
[EnvironmentManager] Created LocalVar at 0x130094
[EnvironmentManager] SetVar("DEVINFO", "CON:,NIL:,SER:", flags=0)
[EnvironmentManager] Created LocalVar at 0x1300b6
[EnvironmentManager] SetVar("BBS_ROOT", "/Users/spot/Code/amiexpress-web", flags=0)
[EnvironmentManager] Created LocalVar at 0x1300e5
[EnvironmentManager] SetVar("NODE_ID", "1", flags=0)
[EnvironmentManager] Created LocalVar at 0x130126
[EnvironmentManager] SetVar("CONF_ID", "2", flags=0)
[EnvironmentManager] Created LocalVar at 0x130148
[EnvironmentManager] SetVar("USER_NAME", "sysop", flags=0)
[EnvironmentManager] Created LocalVar at 0x13016a
[EnvironmentManager] SetVar("USER_LEVEL", "1", flags=0)
[EnvironmentManager] Created LocalVar at 0x130192
[EnvironmentManager] Populated 11 standard variables
[ENV Initializer] Creating ENV files for node 1
[ENV Initializer] Created ENV:PATH = "Work:,S:,C:,Doors:"
[ENV Initializer] Created ENV:PROMPT = "%N.%S>"
[ENV Initializer] Created ENV:RC = "0"
[ENV Initializer] Created ENV:Result2 = "0"
[ENV Initializer] Created ENV:Kickstart = "39.106"
[ENV Initializer] Created ENV:Workbench = "39.29"
[ENV Initializer] Created ENV:BBS_NAME = "AmiExpress Web BBS"
[ENV Initializer] Created ENV:SYSOP_NAME = "Sysop"
[ENV Initializer] Created ENV:NODE_NUMBER = "1"
[ENV Initializer] Created ENV:JC_PWFAIL.1 = "0"
[ENV Initializer] Created ENV:JC_PWFAIL.2 = "0"
[ENV Initializer] Created ENV:JC_PWFAIL.3 = "0"
[ENV Initializer] Created ENV:JC_PWFAIL.4 = "0"
[ENV Initializer] Created ENV:JC_PWFAIL.5 = "0"
[ENV Initializer] Created ENV:JC_PWFAIL.6 = "0"
[ENV Initializer] Created ENV:JC_PWFAIL.7 = "0"
[ENV Initializer] Created ENV:JC_PWFAIL.8 = "0"
[ENV Initializer] Created ENV:STATS@1 = "                                   -22"
[ENV Initializer] Created ENV:STATS@2 = "                                   -22"
[ENV Initializer] Created ENV:STATS@3 = "                                   -22"
[ENV Initializer] Created ENV:STATS@4 = "                                   -22"
[ENV Initializer] Created ENV:STATS@5 = "                                   -22"
[ENV Initializer] Created ENV:STATS@6 = "                                   -22"
[ENV Initializer] Created ENV:STATS@7 = "                                   -22"
[ENV Initializer] Created ENV:STATS@8 = "                                   -22"
[ENV Initializer] Created ENV:LAST_DOOR = ""
[ENV Initializer] Created ENV:DOOR_COUNT = "0"
[ENV Initializer] Created ENV files in /tmp/ram/ENV
[FileManager] Initialized standard handles:
  BPTR 1 (stdin):  [FH:'stdin'(ami='CONSOLE:',sys='/dev/stdin',nc=false)@0x0=B@0x1]
  BPTR 2 (stdout): [FH:'stdout'(ami='*',sys='/dev/stdout',nc=false)@0x0=B@0x2]
[PathManager] Mapped assign root: "doors:" => "/Users/spot/Code/amiexpress-web/Doors/"
[FileManager] stdin re-registered: BPTR 0x1 -> 0x50000
[FileManager] stdin BPTR set to 0x50000 (addr 0x140000)
[FileManager] stdout re-registered: BPTR 0x2 -> 0x5000b
[FileManager] stdout BPTR set to 0x5000b (addr 0x14002c)
[PathManager] PROGDIR: assigned to /Users/spot/Code/amiexpress-web/doors/RTW/
[PathManager] Mapped assign root: "progdir:" => "/Users/spot/Code/amiexpress-web/doors/RTW/"
[FileManager] Changed directory to: progdir: (/Users/spot/Code/amiexpress-web/doors/RTW/)
[LibraryTraps] LVOs.i not found; stub vectors disabled
[MoiraEmulator] Library trap handler registered
[LibraryTraps] Installing Exec.library vectors at base 0x80000
  [OpenLibrary] Vector at 0x7fdd8 (offset -552)
  [CloseLibrary] Vector at 0x7fe62 (offset -414)
  [RawDoFmt] Vector at 0x7fdf6 (offset -522)
  [InitStruct] Vector at 0x7ffb2 (offset -78)
  [MakeLibrary] Vector at 0x7ffac (offset -84)
  [MakeFunctions] Vector at 0x7ffa6 (offset -90)
  [FindResident] Vector at 0x7ffa0 (offset -96)
  [InitResident] Vector at 0x7ff9a (offset -102)
  [Alert] Vector at 0x7ff94 (offset -108)
  [Forbid] Vector at 0x7ff7c (offset -132)
  [Permit] Vector at 0x7ff76 (offset -138)
  [AllocMem] Vector at 0x7ff3a (offset -198)
  [FreeMem] Vector at 0x7ff2e (offset -210)
  [FindTask] Vector at 0x7feda (offset -294)
  [SetTaskPri] Vector at 0x7fed4 (offset -300)
  [SetSignal] Vector at 0x7fece (offset -306)
  [FindPort] Vector at 0x7fe7a (offset -390)
  [PutMsg] Vector at 0x7fe92 (offset -366)
  [GetMsg] Vector at 0x7fe8c (offset -372)
  [Wait] Vector at 0x7fec2 (offset -318)
  [Signal] Vector at 0x7febc (offset -324)
  [Supervisor] Vector at 0x7ffe2 (offset -30)
  [AllocSignal] Vector at 0x7feb6 (offset -330)
  [AddPort] Vector at 0x7fe9e (offset -354)
  [ReplyMsg] Vector at 0x7fe86 (offset -378)
  [WaitPort] Vector at 0x7fe80 (offset -384)
  [CreatePort] Vector at 0x7ff8e (offset -114)
  [CreateMsgPort] Vector at 0x7fd66 (offset -666)
  [DeleteMsgPort] Vector at 0x7fd60 (offset -672)
  [AllocVec] Vector at 0x7fd54 (offset -684)
  [FreeVec] Vector at 0x7fd4e (offset -690)
  [CreatePool] Vector at 0x7fd48 (offset -696)
  [DeletePool] Vector at 0x7fd42 (offset -702)
  [AllocPooled] Vector at 0x7fd3c (offset -708)
  [FreePooled] Vector at 0x7fd36 (offset -714)
  [StackSwap] Vector at 0x7fd24 (offset -732)
[LibraryTraps] Installed 36 Exec.library vectors
[LibraryLoader] Loading utility.library (version >= 37)
[LibraryLoader] ✅ utility.library is ROM-resident (using Kickstart ROM)
[LibraryLoader]   ROM libraries are native code in ROM, not loaded from disk
[LibraryTraps] Installing utility.library vectors at base 0xf0000
  [FindTagItem] Vector at 0xeffe2 (offset -30)
  [GetTagData] Vector at 0xeffdc (offset -36)
  [PackBoolTags] Vector at 0xeffd6 (offset -42)
  [NextTagItem] Vector at 0xeffd0 (offset -48)
  [FilterTagChanges] Vector at 0xeffca (offset -54)
  [Utility_-58_Stub] Vector at 0xeffc6 (offset -58)
  [MapTags] Vector at 0xeffc4 (offset -60)
  [AllocateTagItems] Vector at 0xeffbe (offset -66)
  [CloneTagItems] Vector at 0xeffb8 (offset -72)
  [FreeTagItems] Vector at 0xeffb2 (offset -78)
  [RefreshTagItemClones] Vector at 0xeffac (offset -84)
  [TagInArray] Vector at 0xeffa6 (offset -90)
  [FilterTagItems] Vector at 0xeffa0 (offset -96)
  [CallHookPkt] Vector at 0xeff9a (offset -102)
  [Amiga2Date] Vector at 0xeff88 (offset -120)
  [Date2Amiga] Vector at 0xeff82 (offset -126)
  [CheckDate] Vector at 0xeff7c (offset -132)
  [SMult32] Vector at 0xeff76 (offset -138)
  [UMult32] Vector at 0xeff70 (offset -144)
  [SDivMod32] Vector at 0xeff6a (offset -150)
  [UDivMod32] Vector at 0xeff64 (offset -156)
  [Stricmp] Vector at 0xeff5e (offset -162)
  [Strnicmp] Vector at 0xeff58 (offset -168)
  [ToUpper] Vector at 0xeff52 (offset -174)
  [ToLower] Vector at 0xeff4c (offset -180)
  [ApplyTagChanges] Vector at 0xeff46 (offset -186)
  [SMult64] Vector at 0xeff3a (offset -198)
  [UMult64] Vector at 0xeff34 (offset -204)
  [PackStructureTags] Vector at 0xeff2e (offset -210)
  [UnpackStructureTags] Vector at 0xeff28 (offset -216)
  [AddNamedObject] Vector at 0xeff22 (offset -222)
  [AllocNamedObjectA] Vector at 0xeff1c (offset -228)
  [AttemptRemNamedObject] Vector at 0xeff16 (offset -234)
  [FindNamedObject] Vector at 0xeff10 (offset -240)
  [FreeNamedObject] Vector at 0xeff0a (offset -246)
  [NamedObjectName] Vector at 0xeff04 (offset -252)
  [ReleaseNamedObject] Vector at 0xefefe (offset -258)
  [RemNamedObject] Vector at 0xefef8 (offset -264)
  [GetUniqueID] Vector at 0xefef2 (offset -270)
[LibraryTraps] Installed 39 utility.library vectors
[LibraryLoader] Loading icon.library (version >= 36)
[LibraryLoader] ✅ icon.library is ROM-resident (using Kickstart ROM)
[LibraryLoader]   ROM libraries are native code in ROM, not loaded from disk
[LibraryTraps] Installing icon.library vectors at base 0xd0000
  [GetDiskObject] Vector at 0xcffe2 (offset -30) [VERIFIED: 0x4afc]
  [PutDiskObject] Vector at 0xcffdc (offset -36) [VERIFIED: 0x4afc]
  [FreeDiskObject] Vector at 0xcffd6 (offset -42) [VERIFIED: 0x4afc]
  [FindToolType] Vector at 0xcffd0 (offset -48) [VERIFIED: 0x4afc]
  [MatchToolValue] Vector at 0xcffca (offset -54) [VERIFIED: 0x4afc]
[LibraryTraps] *** icon.library GetDiskObject at 0xcffe2 contains: 0x4afc (should be 0x4AFC) ***
[LibraryTraps] *** icon.library FULLY OPERATIONAL - ALL traps installed and ready ***
[LibraryTraps] Installed 5 icon.library vectors
[LibraryLoader] Loading dos.library (version >= 37)
[LibraryLoader] ✅ dos.library is ROM-resident (using Kickstart ROM)
[LibraryLoader]   ROM libraries are native code in ROM, not loaded from disk
[LibraryTraps] Installing dos.library vectors at base 0xb0000
  [Open] Vector at 0xaffe2 (offset -30)
  [Close] Vector at 0xaffdc (offset -36)
  [Read] Vector at 0xaffd6 (offset -42)
  [Write] Vector at 0xaffd0 (offset -48)
  [Input] Vector at 0xaffca (offset -54)
  [Output] Vector at 0xaffc4 (offset -60)
  [Seek] Vector at 0xaffbe (offset -66)
  [FGetC] Vector at 0xafece (offset -306)
  [FPutC] Vector at 0xafec8 (offset -312)
  [UnGetC] Vector at 0xafec2 (offset -318)
  [FRead] Vector at 0xafebc (offset -324)
  [FWrite] Vector at 0xafeb6 (offset -330)
  [FGets] Vector at 0xafeb0 (offset -336)
  [FPuts] Vector at 0xafeaa (offset -342)
  [Flush] Vector at 0xafe98 (offset -360)
  [Lock] Vector at 0xaffac (offset -84)
  [UnLock] Vector at 0xaffa6 (offset -90)
  [DupLock] Vector at 0xaffa0 (offset -96)
  [Examine] Vector at 0xaff9a (offset -102)
  [ExNext] Vector at 0xaff94 (offset -108)
  [CreateDir] Vector at 0xaff88 (offset -120)
  [CurrentDir] Vector at 0xaff82 (offset -126)
  [IoErr] Vector at 0xaff7c (offset -132)
  [DateStamp] Vector at 0xaff40 (offset -192)
  [Delay] Vector at 0xaff3a (offset -198)
  [WaitForChar] Vector at 0xaff34 (offset -204)
  [Exit] Vector at 0xaff70 (offset -144)
  [NameFromLock] Vector at 0xafe6e (offset -402)
  [ReadArgs] Vector at 0xafce2 (offset -798)
  [FreeArgs] Vector at 0xafca6 (offset -858)
  [DosStub_-298] Vector at 0xafed6 (offset -298)
  [DateToStr] Vector at 0xafd18 (offset -744)
  [StrToDate] Vector at 0xafd12 (offset -750)
  [SelectInput] Vector at 0xaff28 (offset -216)
  [SelectOutput] Vector at 0xaff22 (offset -222)
  [AllocDosObject] Vector at 0xaff1c (offset -228)
  [FreeDosObject] Vector at 0xaff16 (offset -234)
  [OpenFromLock] Vector at 0xafe86 (offset -378)
  [DeleteFile] Vector at 0xaffb8 (offset -72)
  [Rename] Vector at 0xaffb2 (offset -78)
  [Info] Vector at 0xaff8e (offset -114)
  [SetComment] Vector at 0xaff58 (offset -168)
  [SetProtection] Vector at 0xaff52 (offset -174)
  [AddPart] Vector at 0xafed4 (offset -300)
  [FilePart] Vector at 0xafee0 (offset -288)
  [PathPart] Vector at 0xafeda (offset -294)
  [CreateProc] Vector at 0xaff76 (offset -138)
  [LoadSeg] Vector at 0xaff6a (offset -150)
  [UnLoadSeg] Vector at 0xaff64 (offset -156)
  [DeviceProc] Vector at 0xaff5e (offset -162)
  [WaitForChar_180] Vector at 0xaff4c (offset -180)
  [VPrintf] Vector at 0xafef8 (offset -264)
  [Fault] Vector at 0xafe7a (offset -390)
  [PrintFault] Vector at 0xafe74 (offset -396)
  [Cli] Vector at 0xafe14 (offset -492)
  [FGetC_516] Vector at 0xafdfc (offset -516)
  [FPutC_522] Vector at 0xafdf6 (offset -522)
  [FRead_534] Vector at 0xafdea (offset -534)
  [FWrite_540] Vector at 0xafde4 (offset -540)
  [FGets_546] Vector at 0xafdde (offset -546)
  [FPuts_552] Vector at 0xafdd8 (offset -552)
  [VFPrintf] Vector at 0xafdcc (offset -564)
  [ReadArgs_804] Vector at 0xafcdc (offset -804)
  [FreeArgs_810] Vector at 0xafcd6 (offset -810)
[LibraryTraps] Installed 64 dos.library vectors
[LibraryTraps] Installing dos.library vectors at base 0xb0000
  [Open] Vector at 0xaffe2 (offset -30)
  [Close] Vector at 0xaffdc (offset -36)
  [Read] Vector at 0xaffd6 (offset -42)
  [Write] Vector at 0xaffd0 (offset -48)
  [Input] Vector at 0xaffca (offset -54)
  [Output] Vector at 0xaffc4 (offset -60)
  [Seek] Vector at 0xaffbe (offset -66)
  [FGetC] Vector at 0xafece (offset -306)
  [FPutC] Vector at 0xafec8 (offset -312)
  [UnGetC] Vector at 0xafec2 (offset -318)
  [FRead] Vector at 0xafebc (offset -324)
  [FWrite] Vector at 0xafeb6 (offset -330)
  [FGets] Vector at 0xafeb0 (offset -336)
  [FPuts] Vector at 0xafeaa (offset -342)
  [Flush] Vector at 0xafe98 (offset -360)
  [Lock] Vector at 0xaffac (offset -84)
  [UnLock] Vector at 0xaffa6 (offset -90)
  [DupLock] Vector at 0xaffa0 (offset -96)
  [Examine] Vector at 0xaff9a (offset -102)
  [ExNext] Vector at 0xaff94 (offset -108)
  [CreateDir] Vector at 0xaff88 (offset -120)
  [CurrentDir] Vector at 0xaff82 (offset -126)
  [IoErr] Vector at 0xaff7c (offset -132)
  [DateStamp] Vector at 0xaff40 (offset -192)
  [Delay] Vector at 0xaff3a (offset -198)
  [WaitForChar] Vector at 0xaff34 (offset -204)
  [Exit] Vector at 0xaff70 (offset -144)
  [NameFromLock] Vector at 0xafe6e (offset -402)
  [ReadArgs] Vector at 0xafce2 (offset -798)
  [FreeArgs] Vector at 0xafca6 (offset -858)
  [DosStub_-298] Vector at 0xafed6 (offset -298)
  [DateToStr] Vector at 0xafd18 (offset -744)
  [StrToDate] Vector at 0xafd12 (offset -750)
  [SelectInput] Vector at 0xaff28 (offset -216)
  [SelectOutput] Vector at 0xaff22 (offset -222)
  [AllocDosObject] Vector at 0xaff1c (offset -228)
  [FreeDosObject] Vector at 0xaff16 (offset -234)
  [OpenFromLock] Vector at 0xafe86 (offset -378)
  [DeleteFile] Vector at 0xaffb8 (offset -72)
  [Rename] Vector at 0xaffb2 (offset -78)
  [Info] Vector at 0xaff8e (offset -114)
  [SetComment] Vector at 0xaff58 (offset -168)
  [SetProtection] Vector at 0xaff52 (offset -174)
  [AddPart] Vector at 0xafed4 (offset -300)
  [FilePart] Vector at 0xafee0 (offset -288)
  [PathPart] Vector at 0xafeda (offset -294)
  [CreateProc] Vector at 0xaff76 (offset -138)
  [LoadSeg] Vector at 0xaff6a (offset -150)
  [UnLoadSeg] Vector at 0xaff64 (offset -156)
  [DeviceProc] Vector at 0xaff5e (offset -162)
  [WaitForChar_180] Vector at 0xaff4c (offset -180)
  [VPrintf] Vector at 0xafef8 (offset -264)
  [Fault] Vector at 0xafe7a (offset -390)
  [PrintFault] Vector at 0xafe74 (offset -396)
  [Cli] Vector at 0xafe14 (offset -492)
  [FGetC_516] Vector at 0xafdfc (offset -516)
  [FPutC_522] Vector at 0xafdf6 (offset -522)
  [FRead_534] Vector at 0xafdea (offset -534)
  [FWrite_540] Vector at 0xafde4 (offset -540)
  [FGets_546] Vector at 0xafdde (offset -546)
  [FPuts_552] Vector at 0xafdd8 (offset -552)
  [VFPrintf] Vector at 0xafdcc (offset -564)
  [ReadArgs_804] Vector at 0xafcdc (offset -804)
  [FreeArgs_810] Vector at 0xafcd6 (offset -810)
[LibraryTraps] Installed 64 dos.library vectors
[LibraryTraps] ============================================
[LibraryTraps] AEDoor.library vectors: TRAP MODE (TypeScript handlers)
[LibraryTraps] Base address: 0x200000
[LibraryTraps] Installing 20 trap handlers...
[LibraryTraps] ============================================
  [CreateComm] Vector at 0x1fffe2 (offset -30)
  [DeleteComm] Vector at 0x1fffdc (offset -36)
  [SendCmd] Vector at 0x1fffd6 (offset -42)
  [SendStrCmd] Vector at 0x1fffd0 (offset -48)
  [SendDataCmd] Vector at 0x1fffca (offset -54)
  [SendStrDataCmd] Vector at 0x1fffc4 (offset -60)
  [GetData] Vector at 0x1fffbe (offset -66)
  [GetString] Vector at 0x1fffb8 (offset -72)
  [Prompt] Vector at 0x1fffb2 (offset -78)
  [WriteStr] Vector at 0x1fffac (offset -84)
  [ShowGFile] Vector at 0x1fffa6 (offset -90)
  [ShowFile] Vector at 0x1fffa0 (offset -96)
  [SetDT] Vector at 0x1fff9a (offset -102)
  [GetDT] Vector at 0x1fff94 (offset -108)
  [GetStr] Vector at 0x1fff8e (offset -114)
  [CopyStr] Vector at 0x1fff88 (offset -120)
  [HotKey] Vector at 0x1fff82 (offset -126)
  [PreCreateComm] Vector at 0x1fff7c (offset -132)
  [PostDeleteComm] Vector at 0x1fff76 (offset -138)
  [Stub_-24] Vector at 0x1fffe8 (offset -24)
[LibraryTraps] Installed 20 AEDoor.library vectors
[LibraryTraps] ============================================
[LibraryTraps] AEDoor.library vectors: TRAP MODE (TypeScript handlers)
[LibraryTraps] Base address: 0x200000
[LibraryTraps] Installing 20 trap handlers...
[LibraryTraps] ============================================
  [CreateComm] Vector at 0x1fffe2 (offset -30)
  [DeleteComm] Vector at 0x1fffdc (offset -36)
  [SendCmd] Vector at 0x1fffd6 (offset -42)
  [SendStrCmd] Vector at 0x1fffd0 (offset -48)
  [SendDataCmd] Vector at 0x1fffca (offset -54)
  [SendStrDataCmd] Vector at 0x1fffc4 (offset -60)
  [GetData] Vector at 0x1fffbe (offset -66)
  [GetString] Vector at 0x1fffb8 (offset -72)
  [Prompt] Vector at 0x1fffb2 (offset -78)
  [WriteStr] Vector at 0x1fffac (offset -84)
  [ShowGFile] Vector at 0x1fffa6 (offset -90)
  [ShowFile] Vector at 0x1fffa0 (offset -96)
  [SetDT] Vector at 0x1fff9a (offset -102)
  [GetDT] Vector at 0x1fff94 (offset -108)
  [GetStr] Vector at 0x1fff8e (offset -114)
  [CopyStr] Vector at 0x1fff88 (offset -120)
  [HotKey] Vector at 0x1fff82 (offset -126)
  [PreCreateComm] Vector at 0x1fff7c (offset -132)
  [PostDeleteComm] Vector at 0x1fff76 (offset -138)
  [Stub_-24] Vector at 0x1fffe8 (offset -24)
[LibraryTraps] Installed 20 AEDoor.library vectors
[DoorLoader] Writing random seed 0x53c4faed to 0x400
[DoorLoader] Read back: 0x53c4faed
[Self-Mod Code] Registered CODE region: 0x2008-0x6063 (16476 bytes)
[HunkLoader] Applying 443 relocations to 2 segments
[HunkLoader] Segment 0 (CODE) at 0x2008: 427 relocations
  [0] offset=0x4052 addr=0x605a before=0x2a0 after=0x22a8 target=seg0(0x2008)
  [1] offset=0x252e addr=0x4536 before=0x5ee after=0x66f6 target=seg1(0x6108)
  [2] offset=0x250c addr=0x4514 before=0x5ec after=0x66f4 target=seg1(0x6108)
  [3] offset=0x24a2 addr=0x44aa before=0x5e2 after=0x66ea target=seg1(0x6108)
  [4] offset=0x246a addr=0x4472 before=0x5de after=0x66e6 target=seg1(0x6108)
[HunkLoader] Segment 3 (DATA) at 0xaa08: 16 relocations
  [0] offset=0x3a4 addr=0xadac before=0x3376 after=0x537e target=seg0(0x2008)
  [1] offset=0x390 addr=0xad98 before=0x336c after=0x5374 target=seg0(0x2008)
  [2] offset=0x368 addr=0xad70 before=0x3350 after=0x5358 target=seg0(0x2008)
  [3] offset=0x354 addr=0xad5c before=0x2f94 after=0x4f9c target=seg0(0x2008)
  [4] offset=0x340 addr=0xad48 before=0x2f7e after=0x4f86 target=seg0(0x2008)
[SharedBBSData] Allocated shared BBS memory:
  cmds:       0xf00300 (1976 bytes)
  sopt:       0xf00ab8 (888 bytes)
  nodeState:  0xf00e30 (32 bytes)
[CommandsStructure] Writing commands at 0xf00300
[CommandsStructure] Wrote BBS config: "AmiExpress Web BBS"
[StartOptionStructure] Writing startOption at 0xf00ab8
[StartOptionStructure] Wrote node settings
[NodeStateGlobals] Wrote node state at 0xf00e30
  currentConf: 2
  node: 2
  timeLimit: 3600
[READ8] addr=0x0f0081 page=0x0f memSrc=1
[READ8] CHIP: addr=0x0f0081 offset=0x0f0081 value=0x00 ( )
[READ8] addr=0x0f0082 page=0x0f memSrc=1
[READ8] CHIP: addr=0x0f0082 offset=0x0f0082 value=0x00 ( )
[READ8] addr=0x0f0083 page=0x0f memSrc=1
[READ8] CHIP: addr=0x0f0083 offset=0x0f0083 value=0x00 ( )
[READ8] addr=0x0f0084 page=0x0f memSrc=1
[READ8] CHIP: addr=0x0f0084 offset=0x0f0084 value=0x00 ( )
[MEMORY-READ] readMemory32(0xf0081) = 0x00000000
[MOIRA] Overclocking set to 100x
[MoiraEmulator] Overclocking set to 100x
[NodeStatusManager] Node 2 singlePort at 0xb1400: sysop
[NodeStatusManager] Updated node 2: sysop - ENV_DOORS
[DoorLifecycleManager] Node 2 updated: sysop from Server Room
[ExecLibrary] PutMsg: Calling Signal(task=0xbf00, mask=0x40000) sigBit=18 portName=Door Task Port
[ExecLibrary] Signal APPLIED: sigRecvd 0x0 -> 0x40000, sigWait=0x0, isWaiting=false
[MOIRA] Overclocking set to 100x
[MoiraEmulator] Overclocking set to 100x
[LibraryTraps] VERIFICATION: All 164 ILLEGAL instructions verified OK
[LibraryTraps] Synced 164 trap addresses to MOIRA for batch execution
[DoorLifecycleManager] FIRST INVALID PC DETECTED!
  Previous PC: 0x2008
  Instruction: movem.l D1-D6/A0-A6, -(A7)
  New PC: 0x7fd24 (OUT OF BOUNDS)
  Code region: 0x2008-0x6064
  D0=0x1000 D1=0x6758 D2=0x2
  A0=0xae40 A1=0x6064 A2=0xf0100
  A3=0xbf00 A4=0xaa08 A5=0x7718 SP=0x76d4
  This instruction caused the first jump outside code!
  Raw bytes: opcode=0x48e7 operand=0x7efe2448
[StackSwap] struct=0xae40 ln=0x6758 lower=0x76d8 upper=0x76d8 newSP=0x0 oldSP=0x76d8
[DoorLifecycleManager] DETECTED AEDoorPort via findPort at 0x103474 - updating XIMProtocol (hasXIM=true)
[XIMProtocol] setXimPortAddress: UPDATING port from 0x100000 to 0x103474
[ExecLibrary] CAPTURED actual AEDoorPort address: 0x103474 (port="AEDoorPort2")
[exec-vectors] OpenLibrary TRAP: name="dos.library" version=0
[LibraryLoader] Loading dos.library (version >= 0)
[LibraryLoader] ✅ dos.library is ROM-resident (using Kickstart ROM)
[LibraryLoader]   ROM libraries are native code in ROM, not loaded from disk
[LibraryTraps] Installing dos.library vectors at base 0xb0000
  [Open] Vector at 0xaffe2 (offset -30)
  [Close] Vector at 0xaffdc (offset -36)
  [Read] Vector at 0xaffd6 (offset -42)
  [Write] Vector at 0xaffd0 (offset -48)
  [Input] Vector at 0xaffca (offset -54)
  [Output] Vector at 0xaffc4 (offset -60)
  [Seek] Vector at 0xaffbe (offset -66)
  [FGetC] Vector at 0xafece (offset -306)
  [FPutC] Vector at 0xafec8 (offset -312)
  [UnGetC] Vector at 0xafec2 (offset -318)
  [FRead] Vector at 0xafebc (offset -324)
  [FWrite] Vector at 0xafeb6 (offset -330)
  [FGets] Vector at 0xafeb0 (offset -336)
  [FPuts] Vector at 0xafeaa (offset -342)
  [Flush] Vector at 0xafe98 (offset -360)
  [Lock] Vector at 0xaffac (offset -84)
  [UnLock] Vector at 0xaffa6 (offset -90)
  [DupLock] Vector at 0xaffa0 (offset -96)
  [Examine] Vector at 0xaff9a (offset -102)
  [ExNext] Vector at 0xaff94 (offset -108)
  [CreateDir] Vector at 0xaff88 (offset -120)
  [CurrentDir] Vector at 0xaff82 (offset -126)
  [IoErr] Vector at 0xaff7c (offset -132)
  [DateStamp] Vector at 0xaff40 (offset -192)
  [Delay] Vector at 0xaff3a (offset -198)
  [WaitForChar] Vector at 0xaff34 (offset -204)
  [Exit] Vector at 0xaff70 (offset -144)
  [NameFromLock] Vector at 0xafe6e (offset -402)
  [ReadArgs] Vector at 0xafce2 (offset -798)
  [FreeArgs] Vector at 0xafca6 (offset -858)
  [DosStub_-298] Vector at 0xafed6 (offset -298)
  [DateToStr] Vector at 0xafd18 (offset -744)
  [StrToDate] Vector at 0xafd12 (offset -750)
  [SelectInput] Vector at 0xaff28 (offset -216)
  [SelectOutput] Vector at 0xaff22 (offset -222)
  [AllocDosObject] Vector at 0xaff1c (offset -228)
  [FreeDosObject] Vector at 0xaff16 (offset -234)
  [OpenFromLock] Vector at 0xafe86 (offset -378)
  [DeleteFile] Vector at 0xaffb8 (offset -72)
  [Rename] Vector at 0xaffb2 (offset -78)
  [Info] Vector at 0xaff8e (offset -114)
  [SetComment] Vector at 0xaff58 (offset -168)
  [SetProtection] Vector at 0xaff52 (offset -174)
  [AddPart] Vector at 0xafed4 (offset -300)
  [FilePart] Vector at 0xafee0 (offset -288)
  [PathPart] Vector at 0xafeda (offset -294)
  [CreateProc] Vector at 0xaff76 (offset -138)
  [LoadSeg] Vector at 0xaff6a (offset -150)
  [UnLoadSeg] Vector at 0xaff64 (offset -156)
  [DeviceProc] Vector at 0xaff5e (offset -162)
  [WaitForChar_180] Vector at 0xaff4c (offset -180)
  [VPrintf] Vector at 0xafef8 (offset -264)
  [Fault] Vector at 0xafe7a (offset -390)
  [PrintFault] Vector at 0xafe74 (offset -396)
  [Cli] Vector at 0xafe14 (offset -492)
  [FGetC_516] Vector at 0xafdfc (offset -516)
  [FPutC_522] Vector at 0xafdf6 (offset -522)
  [FRead_534] Vector at 0xafdea (offset -534)
  [FWrite_540] Vector at 0xafde4 (offset -540)
  [FGets_546] Vector at 0xafdde (offset -546)
  [FPuts_552] Vector at 0xafdd8 (offset -552)
  [VFPrintf] Vector at 0xafdcc (offset -564)
  [ReadArgs_804] Vector at 0xafcdc (offset -804)
  [FreeArgs_810] Vector at 0xafcd6 (offset -810)
[LibraryTraps] Installed 64 dos.library vectors
[exec-vectors] OpenLibrary TRAP result: 0xb0000
[exec-vectors] AllocMem TRAP: size=12 (0xc) flags=0x10001
[exec-vectors] AllocMem TRAP result: 0x1034d8
[FileManager] Open: "*" mode=1005
[FileManager] Console device, returning stdout BPTR=0x5000b
[exec-vectors] AllocMem TRAP: size=12 (0xc) flags=0x10000
[exec-vectors] AllocMem TRAP result: 0x1034e4
[exec-vectors] AllocMem TRAP: size=256 (0x100) flags=0x1
[exec-vectors] AllocMem TRAP result: 0x1034f0
[exec-vectors] AllocMem TRAP: size=34 (0x22) flags=0x10001
[exec-vectors] AllocMem TRAP result: 0x1035f0
[exec-vectors] FindTask TRAP: name="(null - current task)"
[exec-vectors] FindTask TRAP result: 0xbf00
[XIMMessageParser] Parsed jhMessage:
  Address: 0x1034f0
  Length: 256 (layout=long)
  Reply Port: 0x1035f0
  Command: 1 (JH_REGISTER)
  Data: 2 (0x2)
  Node: 4294967295, Line: 0
  Signal: 0, Task: 0x0
  Semi: 0x0
  Filler1: 0x0, Filler2: 0x0
  StrPtr: n/a, Filler3: n/a
  String: "AEDoorRP.010"
[XIMProtocol] handleMessage: cmd=1 (JH_REGISTER) usedXimInput=false string="AEDoorRP.010"
[XIMLogger] NOT writing to JSON: jsonEnabled=false logStream=false type=JH_REGISTER
[XIMMessageParser] Parsed jhMessage:
  Address: 0x1034f0
  Length: 256 (layout=long)
  Reply Port: 0x1035f0
  Command: 1 (JH_REGISTER)
  Data: 2 (0x2)
  Node: 2, Line: 0
  Signal: 0, Task: 0x0
  Semi: 0x0
  Filler1: 0x0, Filler2: 0x0
  StrPtr: n/a, Filler3: n/a
  String: "AEDoorRP.010"
[XIMMessageParser] writeCommand: msgAddr=0x1034f0 offset=224 value=23 (0x17) layout=long
[XIMMessageParser] Parsed jhMessage:
  Address: 0x1034f0
  Length: 256 (layout=long)
  Reply Port: 0x1035f0
  Command: 23 (Unknown (23))
  Data: 2 (0x2)
  Node: 2, Line: 0
  Signal: 0, Task: 0x0
  Semi: 0x0
  Filler1: 0x0, Filler2: 0x0
  StrPtr: n/a, Filler3: n/a
  String: "AEDoorRP.010"
[XIMLogger] NOT writing to JSON: jsonEnabled=false logStream=false type=JH_REGISTER_REPLY
[ExecLibrary] replyMsg: Putting message 0x1034f0 to replyPort 0x1035f0
[ExecLibrary] PutMsg: Calling Signal(task=0xbf00, mask=0x10000) sigBit=16 portName=AEDoorRP.010
[ExecLibrary] Signal APPLIED: sigRecvd 0x40000 -> 0x50000, sigWait=0x0, isWaiting=false
[ExecLibrary] replyMsg: Message delivered to replyPort
[DoorLifecycleManager] doorMessageCallback: Message handled for cmd=1 (XIM handler replied)
[ExecLibrary][Trap][Wait] signalMask=0x10000
[ExecLibrary][Trap][Wait] returned 0x10000
[ExecLibrary][Trap][GetMsg] port=0x1035f0 name=AEDoorRP.010
[ExecLibrary][GetMsg] Door received message:
  ln_Type=6 (6=NT_REPLYMSG)
  Command=23 (at 0xE0)
  Data=2 (at 0xDC)
  String="AEDoorRP.010" (at 0x14)
[XIMMessageParser] Parsed jhMessage:
  Address: 0x1034f0
  Length: 256 (layout=long)
  Reply Port: 0x1035f0
  Command: 102 (DT_LOCATION)
  Data: 1 (0x1)
  Node: 2, Line: 0
  Signal: 0, Task: 0x0
  Semi: 0x0
  Filler1: 0x0, Filler2: 0x0
  StrPtr: n/a, Filler3: n/a
  String: "AEDoorRP.010"
[XIMProtocol] handleMessage: cmd=102 (DT_LOCATION) usedXimInput=false string="AEDoorRP.010"
[XIMLogger] NOT writing to JSON: jsonEnabled=false logStream=false type=DT_LOCATION
[XIMLogger] NOT writing to JSON: jsonEnabled=false logStream=false type=DT_LOCATION_REPLY
[ExecLibrary] replyMsg: Putting message 0x1034f0 to replyPort 0x1035f0
[ExecLibrary] PutMsg: Calling Signal(task=0xbf00, mask=0x10000) sigBit=16 portName=AEDoorRP.010
[ExecLibrary] Signal APPLIED: sigRecvd 0x40000 -> 0x50000, sigWait=0x0, isWaiting=false
[ExecLibrary] replyMsg: Message delivered to replyPort
[DoorLifecycleManager] doorMessageCallback: Message handled for cmd=102 (XIM handler replied)
[ExecLibrary][Trap][WaitPort] port=0x1035f0 name=AEDoorRP.010
[ExecLibrary][Trap][GetMsg] port=0x1035f0 name=AEDoorRP.010
[ExecLibrary][GetMsg] Door received message:
  ln_Type=6 (6=NT_REPLYMSG)
  Command=102 (at 0xE0)
  Data=1 (at 0xDC)
  String="Server Room" (at 0x14)
[XIMMessageParser] Parsed jhMessage:
  Address: 0x1034f0
  Length: 256 (layout=long)
  Reply Port: 0x1035f0
  Command: 531 (MULTICOM)
  Data: 1 (0x1)
  Node: 2, Line: 0
  Signal: 0, Task: 0x0
  Semi: 0x0
  Filler1: 0x0, Filler2: 0x0
  StrPtr: n/a, Filler3: n/a
  String: "Server Room"
[XIMProtocol] handleMessage: cmd=531 (MULTICOM) usedXimInput=false string="Server Room"
[XIMLogger] NOT writing to JSON: jsonEnabled=false logStream=false type=MULTICOM
[XIMBBSInfo] MULTICOM - Memory verification (axcommon.e structure):
[XIMBBSInfo]   myNode[0] at 0xb003a:
[XIMBBSInfo]     .handle (+0): ""
[XIMBBSInfo]     .netSocket (+31): 4294967295
[XIMBBSInfo]     .offHook (+39): 0
[XIMBBSInfo]     .s ptr (+115): 0xb1000
[XIMBBSInfo]     singlePort.status (+82): 4294967295
[XIMBBSInfo]     singlePort.handle (+86): ""
[XIMBBSInfo]     singlePort.location (+117): ""
[XIMBBSInfo]   myNode[1] at 0xb00b6:
[XIMBBSInfo]     .handle (+0): ""
[XIMBBSInfo]     .netSocket (+31): 4294967295
[XIMBBSInfo]     .offHook (+39): 0
[XIMBBSInfo]     .s ptr (+115): 0xb1200
[XIMBBSInfo]     singlePort.status (+82): 4294967295
[XIMBBSInfo]     singlePort.handle (+86): ""
[XIMBBSInfo]     singlePort.location (+117): ""
[XIMBBSInfo]   myNode[2] at 0xb0132:
[XIMBBSInfo]     .handle (+0): "sysop"
[XIMBBSInfo]     .netSocket (+31): 1
[XIMBBSInfo]     .offHook (+39): 0
[XIMBBSInfo]     .s ptr (+115): 0xb1400
[XIMBBSInfo]     singlePort.status (+82): 3
[XIMBBSInfo]     singlePort.handle (+86): "sysop"
[XIMBBSInfo]     singlePort.location (+117): "Server Room"
[XIMLogger] NOT writing to JSON: jsonEnabled=false logStream=false type=MULTICOM_REPLY
[ExecLibrary] replyMsg: Putting message 0x1034f0 to replyPort 0x1035f0
[ExecLibrary] PutMsg: Calling Signal(task=0xbf00, mask=0x10000) sigBit=16 portName=AEDoorRP.010
[ExecLibrary] Signal APPLIED: sigRecvd 0x50000 -> 0x50000, sigWait=0x0, isWaiting=false
[ExecLibrary] replyMsg: Message delivered to replyPort
[DoorLifecycleManager] doorMessageCallback: Message handled for cmd=531 (XIM handler replied)
[ExecLibrary][Trap][WaitPort] port=0x1035f0 name=AEDoorRP.010
[ExecLibrary][Trap][GetMsg] port=0x1035f0 name=AEDoorRP.010
[ExecLibrary][GetMsg] Door received message:
  ln_Type=6 (6=NT_REPLYMSG)
  Command=531 (at 0xE0)
  Data=1 (at 0xDC)
  String="Server Room" (at 0x14)
[XIMMessageParser] Parsed jhMessage:
  Address: 0x1034f0
  Length: 256 (layout=long)
  Reply Port: 0x1035f0
  Command: 4 (JH_SM (Send Message))
  Data: 0 (0x0)
  Node: 2, Line: 0
  Signal: 0, Task: 0x0
  Semi: 0xb0000
  Filler1: 0x0, Filler2: 0x0
  StrPtr: n/a, Filler3: n/a
  String: "[0 p"
[XIMProtocol] handleMessage: cmd=4 (JH_SM (Send Message)) usedXimInput=false string="[0 p"
[XIMLogger] NOT writing to JSON: jsonEnabled=false logStream=false type=JH_SM (Send Message)
[XIM-DEBUG] Filtering Amiga cursor codes: ["[0 p"]
[XIMLogger] NOT writing to JSON: jsonEnabled=false logStream=false type=JH_SM (Send Message)_REPLY
[ExecLibrary] replyMsg: Putting message 0x1034f0 to replyPort 0x1035f0
[ExecLibrary] PutMsg: Calling Signal(task=0xbf00, mask=0x10000) sigBit=16 portName=AEDoorRP.010
[ExecLibrary] Signal APPLIED: sigRecvd 0x50000 -> 0x50000, sigWait=0x0, isWaiting=false
[ExecLibrary] replyMsg: Message delivered to replyPort
[DoorLifecycleManager] doorMessageCallback: Message handled for cmd=4 (XIM handler replied)
[ExecLibrary][Trap][WaitPort] port=0x1035f0 name=AEDoorRP.010
[ExecLibrary][Trap][GetMsg] port=0x1035f0 name=AEDoorRP.010
[ExecLibrary][GetMsg] Door received message:
  ln_Type=6 (6=NT_REPLYMSG)
  Command=4 (at 0xE0)
  Data=1 (at 0xDC)
  String="[0 p" (at 0x14)
[XIMMessageParser] Parsed jhMessage:
  Address: 0x1034f0
  Length: 256 (layout=long)
  Reply Port: 0x1035f0
  Command: 4 (JH_SM (Send Message))
  Data: 0 (0x0)
  Node: 2, Line: 0
  Signal: 0, Task: 0x0
  Semi: 0xb0000
  Filler1: 0x0, Filler2: 0x0
  StrPtr: n/a, Filler3: n/a
  String: "
"
[XIMProtocol] handleMessage: cmd=4 (JH_SM (Send Message)) usedXimInput=false string="
"
[XIMLogger] NOT writing to JSON: jsonEnabled=false logStream=false type=JH_SM (Send Message)
[XIMLogger] NOT writing to JSON: jsonEnabled=false logStream=false type=JH_SM (Send Message)_REPLY
[ExecLibrary] replyMsg: Putting message 0x1034f0 to replyPort 0x1035f0
[ExecLibrary] PutMsg: Calling Signal(task=0xbf00, mask=0x10000) sigBit=16 portName=AEDoorRP.010
[ExecLibrary] Signal APPLIED: sigRecvd 0x50000 -> 0x50000, sigWait=0x0, isWaiting=false
[ExecLibrary] replyMsg: Message delivered to replyPort
[DoorLifecycleManager] doorMessageCallback: Message handled for cmd=4 (XIM handler replied)
[ExecLibrary][Trap][WaitPort] port=0x1035f0 name=AEDoorRP.010
[ExecLibrary][Trap][GetMsg] port=0x1035f0 name=AEDoorRP.010
[ExecLibrary][GetMsg] Door received message:
  ln_Type=6 (6=NT_REPLYMSG)
  Command=4 (at 0xE0)
  Data=1 (at 0xDC)
  String="
" (at 0x14)
[XIMMessageParser] Parsed jhMessage:
  Address: 0x1034f0
  Length: 256 (layout=long)
  Reply Port: 0x1035f0
  Command: 4 (JH_SM (Send Message))
  Data: 1 (0x1)
  Node: 2, Line: 0
  Signal: 0, Task: 0x0
  Semi: 0xb0000
  Filler1: 0x0, Filler2: 0x0
  StrPtr: n/a, Filler3: n/a
  String: ""
[XIMProtocol] handleMessage: cmd=4 (JH_SM (Send Message)) usedXimInput=false string=""
[XIMLogger] NOT writing to JSON: jsonEnabled=false logStream=false type=JH_SM (Send Message)
[XIMLogger] NOT writing to JSON: jsonEnabled=false logStream=false type=JH_SM (Send Message)_REPLY
[ExecLibrary] replyMsg: Putting message 0x1034f0 to replyPort 0x1035f0
[ExecLibrary] PutMsg: Calling Signal(task=0xbf00, mask=0x10000) sigBit=16 portName=AEDoorRP.010
[ExecLibrary] Signal APPLIED: sigRecvd 0x50000 -> 0x50000, sigWait=0x0, isWaiting=false
[ExecLibrary] replyMsg: Message delivered to replyPort
[DoorLifecycleManager] doorMessageCallback: Message handled for cmd=4 (XIM handler replied)
[ExecLibrary][Trap][WaitPort] port=0x1035f0 name=AEDoorRP.010
[ExecLibrary][Trap][GetMsg] port=0x1035f0 name=AEDoorRP.010
[ExecLibrary][GetMsg] Door received message:
  ln_Type=6 (6=NT_REPLYMSG)
  Command=4 (at 0xE0)
  Data=1 (at 0xDC)
  String="" (at 0x14)
[XIMMessageParser] Parsed jhMessage:
  Address: 0x1034f0
  Length: 256 (layout=long)
  Reply Port: 0x1035f0
  Command: 4 (JH_SM (Send Message))
  Data: 0 (0x0)
  Node: 2, Line: 1
  Signal: 0, Task: 0x0
  Semi: 0xb0000
  Filler1: 0x0, Filler2: 0x0
  StrPtr: n/a, Filler3: n/a
  String: "[0;33m  Nd [34m.[33m Name              [34m.[33m Location          [34m."
[XIMProtocol] handleMessage: cmd=4 (JH_SM (Send Message)) usedXimInput=false string="[0;33m  Nd [34m.[33m Name              [34m.["
[XIMLogger] NOT writing to JSON: jsonEnabled=false logStream=false type=JH_SM (Send Message)
[XIMLogger] NOT writing to JSON: jsonEnabled=false logStream=false type=JH_SM (Send Message)_REPLY
[ExecLibrary] replyMsg: Putting message 0x1034f0 to replyPort 0x1035f0
[ExecLibrary] PutMsg: Calling Signal(task=0xbf00, mask=0x10000) sigBit=16 portName=AEDoorRP.010
[ExecLibrary] Signal APPLIED: sigRecvd 0x50000 -> 0x50000, sigWait=0x0, isWaiting=false
[ExecLibrary] replyMsg: Message delivered to replyPort
[DoorLifecycleManager] doorMessageCallback: Message handled for cmd=4 (XIM handler replied)
[ExecLibrary][Trap][WaitPort] port=0x1035f0 name=AEDoorRP.010
[ExecLibrary][Trap][GetMsg] port=0x1035f0 name=AEDoorRP.010
[ExecLibrary][GetMsg] Door received message:
  ln_Type=6 (6=NT_REPLYMSG)
  Command=4 (at 0xE0)
  Data=1 (at 0xDC)
  String="[0;33m  Nd [34m.[33m Name    " (at 0x14)
[XIMMessageParser] Parsed jhMessage:
  Address: 0x1034f0
  Length: 256 (layout=long)
  Reply Port: 0x1035f0
  Command: 4 (JH_SM (Send Message))
  Data: 0 (0x0)
  Node: 2, Line: 1
  Signal: 0, Task: 0x0
  Semi: 0xb0000
  Filler1: 0x0, Filler2: 0x0
  StrPtr: n/a, Filler3: n/a
  String: "[33m Action          [34m.[33m Misc Info"
[XIMProtocol] handleMessage: cmd=4 (JH_SM (Send Message)) usedXimInput=false string="[33m Action          [34m.[33m Misc Info"
[XIMLogger] NOT writing to JSON: jsonEnabled=false logStream=false type=JH_SM (Send Message)
[XIMLogger] NOT writing to JSON: jsonEnabled=false logStream=false type=JH_SM (Send Message)_REPLY
[ExecLibrary] replyMsg: Putting message 0x1034f0 to replyPort 0x1035f0
[ExecLibrary] PutMsg: Calling Signal(task=0xbf00, mask=0x10000) sigBit=16 portName=AEDoorRP.010
[ExecLibrary] Signal APPLIED: sigRecvd 0x50000 -> 0x50000, sigWait=0x0, isWaiting=false
[ExecLibrary] replyMsg: Message delivered to replyPort
[DoorLifecycleManager] doorMessageCallback: Message handled for cmd=4 (XIM handler replied)
[ExecLibrary][Trap][WaitPort] port=0x1035f0 name=AEDoorRP.010
[ExecLibrary][Trap][GetMsg] port=0x1035f0 name=AEDoorRP.010
[ExecLibrary][GetMsg] Door received message:
  ln_Type=6 (6=NT_REPLYMSG)
  Command=4 (at 0xE0)
  Data=1 (at 0xDC)
  String="[33m Action          [34m.[33m" (at 0x14)
[XIMMessageParser] Parsed jhMessage:
  Address: 0x1034f0
  Length: 256 (layout=long)
  Reply Port: 0x1035f0
  Command: 4 (JH_SM (Send Message))
  Data: 1 (0x1)
  Node: 2, Line: 1
  Signal: 0, Task: 0x0
  Semi: 0xb0000
  Filler1: 0x0, Filler2: 0x0
  StrPtr: n/a, Filler3: n/a
  String: ""
[XIMProtocol] handleMessage: cmd=4 (JH_SM (Send Message)) usedXimInput=false string=""
[XIMLogger] NOT writing to JSON: jsonEnabled=false logStream=false type=JH_SM (Send Message)
[XIMLogger] NOT writing to JSON: jsonEnabled=false logStream=false type=JH_SM (Send Message)_REPLY
[ExecLibrary] replyMsg: Putting message 0x1034f0 to replyPort 0x1035f0
[ExecLibrary] PutMsg: Calling Signal(task=0xbf00, mask=0x10000) sigBit=16 portName=AEDoorRP.010
[ExecLibrary] Signal APPLIED: sigRecvd 0x50000 -> 0x50000, sigWait=0x0, isWaiting=false
[ExecLibrary] replyMsg: Message delivered to replyPort
[DoorLifecycleManager] doorMessageCallback: Message handled for cmd=4 (XIM handler replied)
[ExecLibrary][Trap][WaitPort] port=0x1035f0 name=AEDoorRP.010
[ExecLibrary][Trap][GetMsg] port=0x1035f0 name=AEDoorRP.010
[ExecLibrary][GetMsg] Door received message:
  ln_Type=6 (6=NT_REPLYMSG)
  Command=4 (at 0xE0)
  Data=1 (at 0xDC)
  String="" (at 0x14)
[XIMMessageParser] Parsed jhMessage:
  Address: 0x1034f0
  Length: 256 (layout=long)
  Reply Port: 0x1035f0
  Command: 4 (JH_SM (Send Message))
  Data: 0 (0x0)
  Node: 2, Line: 2
  Signal: 0, Task: 0x0
  Semi: 0xb0000
  Filler1: 0x0, Filler2: 0x0
  StrPtr: n/a, Filler3: n/a
  String: "[34m.----+-------------------+-------------------+-----------------+----------"
[XIMProtocol] handleMessage: cmd=4 (JH_SM (Send Message)) usedXimInput=false string="[34m.----+-------------------+-------------------"
[XIMLogger] NOT writing to JSON: jsonEnabled=false logStream=false type=JH_SM (Send Message)
[XIMLogger] NOT writing to JSON: jsonEnabled=false logStream=false type=JH_SM (Send Message)_REPLY
[ExecLibrary] replyMsg: Putting message 0x1034f0 to replyPort 0x1035f0
[ExecLibrary] PutMsg: Calling Signal(task=0xbf00, mask=0x10000) sigBit=16 portName=AEDoorRP.010
[ExecLibrary] Signal APPLIED: sigRecvd 0x50000 -> 0x50000, sigWait=0x0, isWaiting=false
[ExecLibrary] replyMsg: Message delivered to replyPort
[DoorLifecycleManager] doorMessageCallback: Message handled for cmd=4 (XIM handler replied)
[ExecLibrary][Trap][WaitPort] port=0x1035f0 name=AEDoorRP.010
[ExecLibrary][Trap][GetMsg] port=0x1035f0 name=AEDoorRP.010
[ExecLibrary][GetMsg] Door received message:
  ln_Type=6 (6=NT_REPLYMSG)
  Command=4 (at 0xE0)
  Data=1 (at 0xDC)
  String="[34m.----+-------------------+-" (at 0x14)
[XIMMessageParser] Parsed jhMessage:
  Address: 0x1034f0
  Length: 256 (layout=long)
  Reply Port: 0x1035f0
  Command: 4 (JH_SM (Send Message))
  Data: 0 (0x0)
  Node: 2, Line: 2
  Signal: 0, Task: 0x0
  Semi: 0xb0000
  Filler1: 0x0, Filler2: 0x0
  StrPtr: n/a, Filler3: n/a
  String: "----."
[XIMProtocol] handleMessage: cmd=4 (JH_SM (Send Message)) usedXimInput=false string="----."
[XIMLogger] NOT writing to JSON: jsonEnabled=false logStream=false type=JH_SM (Send Message)
[XIMLogger] NOT writing to JSON: jsonEnabled=false logStream=false type=JH_SM (Send Message)_REPLY
[ExecLibrary] replyMsg: Putting message 0x1034f0 to replyPort 0x1035f0
[ExecLibrary] PutMsg: Calling Signal(task=0xbf00, mask=0x10000) sigBit=16 portName=AEDoorRP.010
[ExecLibrary] Signal APPLIED: sigRecvd 0x50000 -> 0x50000, sigWait=0x0, isWaiting=false
[ExecLibrary] replyMsg: Message delivered to replyPort
[DoorLifecycleManager] doorMessageCallback: Message handled for cmd=4 (XIM handler replied)
[ExecLibrary][Trap][WaitPort] port=0x1035f0 name=AEDoorRP.010
[ExecLibrary][Trap][GetMsg] port=0x1035f0 name=AEDoorRP.010
[ExecLibrary][GetMsg] Door received message:
  ln_Type=6 (6=NT_REPLYMSG)
  Command=4 (at 0xE0)
  Data=1 (at 0xDC)
  String="----." (at 0x14)
[XIMMessageParser] Parsed jhMessage:
  Address: 0x1034f0
  Length: 256 (layout=long)
  Reply Port: 0x1035f0
  Command: 4 (JH_SM (Send Message))
  Data: 1 (0x1)
  Node: 2, Line: 2
  Signal: 0, Task: 0x0
  Semi: 0xb0000
  Filler1: 0x0, Filler2: 0x0
  StrPtr: n/a, Filler3: n/a
  String: ""
[XIMProtocol] handleMessage: cmd=4 (JH_SM (Send Message)) usedXimInput=false string=""
[XIMLogger] NOT writing to JSON: jsonEnabled=false logStream=false type=JH_SM (Send Message)
[XIMLogger] NOT writing to JSON: jsonEnabled=false logStream=false type=JH_SM (Send Message)_REPLY
[ExecLibrary] replyMsg: Putting message 0x1034f0 to replyPort 0x1035f0
[ExecLibrary] PutMsg: Calling Signal(task=0xbf00, mask=0x10000) sigBit=16 portName=AEDoorRP.010
[ExecLibrary] Signal APPLIED: sigRecvd 0x50000 -> 0x50000, sigWait=0x0, isWaiting=false
[ExecLibrary] replyMsg: Message delivered to replyPort
[DoorLifecycleManager] doorMessageCallback: Message handled for cmd=4 (XIM handler replied)
[ExecLibrary][Trap][WaitPort] port=0x1035f0 name=AEDoorRP.010
[ExecLibrary][Trap][GetMsg] port=0x1035f0 name=AEDoorRP.010
[ExecLibrary][GetMsg] Door received message:
  ln_Type=6 (6=NT_REPLYMSG)
  Command=4 (at 0xE0)
  Data=1 (at 0xDC)
  String="" (at 0x14)
[XIMMessageParser] Parsed jhMessage:
  Address: 0x1034f0
  Length: 256 (layout=long)
  Reply Port: 0x1035f0
  Command: 4 (JH_SM (Send Message))
  Data: 0 (0x0)
  Node: 2, Line: 3
  Signal: 0, Task: 0x0
  Semi: 0xb0000
  Filler1: 0x0, Filler2: 0x0
  StrPtr: n/a, Filler3: n/a
  String: "[34m| [36m00 [34m| [36mServer.0          [34m| [36m                 [3"
[XIMProtocol] handleMessage: cmd=4 (JH_SM (Send Message)) usedXimInput=false string="[34m| [36m00 [34m| [36mServer.0          [34"
[XIMLogger] NOT writing to JSON: jsonEnabled=false logStream=false type=JH_SM (Send Message)
[XIMLogger] NOT writing to JSON: jsonEnabled=false logStream=false type=JH_SM (Send Message)_REPLY
[ExecLibrary] replyMsg: Putting message 0x1034f0 to replyPort 0x1035f0
[ExecLibrary] PutMsg: Calling Signal(task=0xbf00, mask=0x10000) sigBit=16 portName=AEDoorRP.010
[ExecLibrary] Signal APPLIED: sigRecvd 0x50000 -> 0x50000, sigWait=0x0, isWaiting=false
[ExecLibrary] replyMsg: Message delivered to replyPort
[DoorLifecycleManager] doorMessageCallback: Message handled for cmd=4 (XIM handler replied)
[ExecLibrary][Trap][WaitPort] port=0x1035f0 name=AEDoorRP.010
[ExecLibrary][Trap][GetMsg] port=0x1035f0 name=AEDoorRP.010
[ExecLibrary][GetMsg] Door received message:
  ln_Type=6 (6=NT_REPLYMSG)
  Command=4 (at 0xE0)
  Data=1 (at 0xDC)
  String="[34m| [36m00 [34m| [36mServ" (at 0x14)
[XIMMessageParser] Parsed jhMessage:
  Address: 0x1034f0
  Length: 256 (layout=long)
  Reply Port: 0x1035f0
  Command: 4 (JH_SM (Send Message))
  Data: 0 (0x0)
  Node: 2, Line: 3
  Signal: 0, Task: 0x0
  Semi: 0xb0000
  Filler1: 0x0, Filler2: 0x0
  StrPtr: n/a, Filler3: n/a
  String: "4m| [36mcARRIER lOST :- [34m| [36m             [34m|"
[XIMProtocol] handleMessage: cmd=4 (JH_SM (Send Message)) usedXimInput=false string="4m| [36mcARRIER lOST :- [34m| [36m             "
[XIMLogger] NOT writing to JSON: jsonEnabled=false logStream=false type=JH_SM (Send Message)
[XIMLogger] NOT writing to JSON: jsonEnabled=false logStream=false type=JH_SM (Send Message)_REPLY
[ExecLibrary] replyMsg: Putting message 0x1034f0 to replyPort 0x1035f0
[ExecLibrary] PutMsg: Calling Signal(task=0xbf00, mask=0x10000) sigBit=16 portName=AEDoorRP.010
[ExecLibrary] Signal APPLIED: sigRecvd 0x50000 -> 0x50000, sigWait=0x0, isWaiting=false
[ExecLibrary] replyMsg: Message delivered to replyPort
[DoorLifecycleManager] doorMessageCallback: Message handled for cmd=4 (XIM handler replied)
[ExecLibrary][Trap][WaitPort] port=0x1035f0 name=AEDoorRP.010
[ExecLibrary][Trap][GetMsg] port=0x1035f0 name=AEDoorRP.010
[ExecLibrary][GetMsg] Door received message:
  ln_Type=6 (6=NT_REPLYMSG)
  Command=4 (at 0xE0)
  Data=1 (at 0xDC)
  String="4m| [36mcARRIER lOST :- [34m| " (at 0x14)
[XIMMessageParser] Parsed jhMessage:
  Address: 0x1034f0
  Length: 256 (layout=long)
  Reply Port: 0x1035f0
  Command: 4 (JH_SM (Send Message))
  Data: 1 (0x1)
  Node: 2, Line: 3
  Signal: 0, Task: 0x0
  Semi: 0xb0000
  Filler1: 0x0, Filler2: 0x0
  StrPtr: n/a, Filler3: n/a
  String: ""
[XIMProtocol] handleMessage: cmd=4 (JH_SM (Send Message)) usedXimInput=false string=""
[XIMLogger] NOT writing to JSON: jsonEnabled=false logStream=false type=JH_SM (Send Message)
[XIMLogger] NOT writing to JSON: jsonEnabled=false logStream=false type=JH_SM (Send Message)_REPLY
[ExecLibrary] replyMsg: Putting message 0x1034f0 to replyPort 0x1035f0
[ExecLibrary] PutMsg: Calling Signal(task=0xbf00, mask=0x10000) sigBit=16 portName=AEDoorRP.010
[ExecLibrary] Signal APPLIED: sigRecvd 0x50000 -> 0x50000, sigWait=0x0, isWaiting=false
[ExecLibrary] replyMsg: Message delivered to replyPort
[DoorLifecycleManager] doorMessageCallback: Message handled for cmd=4 (XIM handler replied)
[ExecLibrary][Trap][WaitPort] port=0x1035f0 name=AEDoorRP.010
[ExecLibrary][Trap][GetMsg] port=0x1035f0 name=AEDoorRP.010
[ExecLibrary][GetMsg] Door received message:
  ln_Type=6 (6=NT_REPLYMSG)
  Command=4 (at 0xE0)
  Data=1 (at 0xDC)
  String="" (at 0x14)
[XIMMessageParser] Parsed jhMessage:
  Address: 0x1034f0
  Length: 256 (layout=long)
  Reply Port: 0x1035f0
  Command: 4 (JH_SM (Send Message))
  Data: 0 (0x0)
  Node: 2, Line: 4
  Signal: 0, Task: 0x0
  Semi: 0xb0000
  Filler1: 0x0, Filler2: 0x0
  StrPtr: n/a, Filler3: n/a
  String: "[34m| [36m01 [34m| [36m                  [34m| [36m                  [3"
[XIMProtocol] handleMessage: cmd=4 (JH_SM (Send Message)) usedXimInput=false string="[34m| [36m01 [34m| [36m                  [34"
[XIMLogger] NOT writing to JSON: jsonEnabled=false logStream=false type=JH_SM (Send Message)
[XIMLogger] NOT writing to JSON: jsonEnabled=false logStream=false type=JH_SM (Send Message)_REPLY
[ExecLibrary] replyMsg: Putting message 0x1034f0 to replyPort 0x1035f0
[ExecLibrary] PutMsg: Calling Signal(task=0xbf00, mask=0x10000) sigBit=16 portName=AEDoorRP.010
[ExecLibrary] Signal APPLIED: sigRecvd 0x50000 -> 0x50000, sigWait=0x0, isWaiting=false
[ExecLibrary] replyMsg: Message delivered to replyPort
[DoorLifecycleManager] doorMessageCallback: Message handled for cmd=4 (XIM handler replied)
[ExecLibrary][Trap][WaitPort] port=0x1035f0 name=AEDoorRP.010
[ExecLibrary][Trap][GetMsg] port=0x1035f0 name=AEDoorRP.010
[ExecLibrary][GetMsg] Door received message:
  ln_Type=6 (6=NT_REPLYMSG)
  Command=4 (at 0xE0)
  Data=1 (at 0xDC)
  String="[34m| [36m01 [34m| [36m    " (at 0x14)
[XIMMessageParser] Parsed jhMessage:
  Address: 0x1034f0
  Length: 256 (layout=long)
  Reply Port: 0x1035f0
  Command: 4 (JH_SM (Send Message))
  Data: 0 (0x0)
  Node: 2, Line: 4
  Signal: 0, Task: 0x0
  Semi: 0xb0000
  Filler1: 0x0, Filler2: 0x0
  StrPtr: n/a, Filler3: n/a
  String: "4m| [36msMOKING a jOINT [34m| [36m             [34m|"
[XIMProtocol] handleMessage: cmd=4 (JH_SM (Send Message)) usedXimInput=false string="4m| [36msMOKING a jOINT [34m| [36m             "
[XIMLogger] NOT writing to JSON: jsonEnabled=false logStream=false type=JH_SM (Send Message)
[XIMLogger] NOT writing to JSON: jsonEnabled=false logStream=false type=JH_SM (Send Message)_REPLY
[ExecLibrary] replyMsg: Putting message 0x1034f0 to replyPort 0x1035f0
[ExecLibrary] PutMsg: Calling Signal(task=0xbf00, mask=0x10000) sigBit=16 portName=AEDoorRP.010
[ExecLibrary] Signal APPLIED: sigRecvd 0x50000 -> 0x50000, sigWait=0x0, isWaiting=false
[ExecLibrary] replyMsg: Message delivered to replyPort
[DoorLifecycleManager] doorMessageCallback: Message handled for cmd=4 (XIM handler replied)
[ExecLibrary][Trap][WaitPort] port=0x1035f0 name=AEDoorRP.010
[ExecLibrary][Trap][GetMsg] port=0x1035f0 name=AEDoorRP.010
[ExecLibrary][GetMsg] Door received message:
  ln_Type=6 (6=NT_REPLYMSG)
  Command=4 (at 0xE0)
  Data=1 (at 0xDC)
  String="4m| [36msMOKING a jOINT [34m| " (at 0x14)
[XIMMessageParser] Parsed jhMessage:
  Address: 0x1034f0
  Length: 256 (layout=long)
  Reply Port: 0x1035f0
  Command: 4 (JH_SM (Send Message))
  Data: 1 (0x1)
  Node: 2, Line: 4
  Signal: 0, Task: 0x0
  Semi: 0xb0000
  Filler1: 0x0, Filler2: 0x0
  StrPtr: n/a, Filler3: n/a
  String: ""
[XIMProtocol] handleMessage: cmd=4 (JH_SM (Send Message)) usedXimInput=false string=""
[XIMLogger] NOT writing to JSON: jsonEnabled=false logStream=false type=JH_SM (Send Message)
[XIMLogger] NOT writing to JSON: jsonEnabled=false logStream=false type=JH_SM (Send Message)_REPLY
[ExecLibrary] replyMsg: Putting message 0x1034f0 to replyPort 0x1035f0
[ExecLibrary] PutMsg: Calling Signal(task=0xbf00, mask=0x10000) sigBit=16 portName=AEDoorRP.010
[ExecLibrary] Signal APPLIED: sigRecvd 0x50000 -> 0x50000, sigWait=0x0, isWaiting=false
[ExecLibrary] replyMsg: Message delivered to replyPort
[DoorLifecycleManager] doorMessageCallback: Message handled for cmd=4 (XIM handler replied)
[ExecLibrary][Trap][WaitPort] port=0x1035f0 name=AEDoorRP.010
[ExecLibrary][Trap][GetMsg] port=0x1035f0 name=AEDoorRP.010
[ExecLibrary][GetMsg] Door received message:
  ln_Type=6 (6=NT_REPLYMSG)
  Command=4 (at 0xE0)
  Data=1 (at 0xDC)
  String="" (at 0x14)
[XIMMessageParser] Parsed jhMessage:
  Address: 0x1034f0
  Length: 256 (layout=long)
  Reply Port: 0x1035f0
  Command: 4 (JH_SM (Send Message))
  Data: 0 (0x0)
  Node: 2, Line: 5
  Signal: 0, Task: 0x0
  Semi: 0xb0000
  Filler1: 0x0, Filler2: 0x0
  StrPtr: n/a, Filler3: n/a
  String: "[34m| [36m02 [34m| [36myOUR lINE         [34m| [36m                  [3"
[XIMProtocol] handleMessage: cmd=4 (JH_SM (Send Message)) usedXimInput=false string="[34m| [36m02 [34m| [36myOUR lINE         [34"
[XIMLogger] NOT writing to JSON: jsonEnabled=false logStream=false type=JH_SM (Send Message)
[XIMLogger] NOT writing to JSON: jsonEnabled=false logStream=false type=JH_SM (Send Message)_REPLY
[ExecLibrary] replyMsg: Putting message 0x1034f0 to replyPort 0x1035f0
[ExecLibrary] PutMsg: Calling Signal(task=0xbf00, mask=0x10000) sigBit=16 portName=AEDoorRP.010
[ExecLibrary] Signal APPLIED: sigRecvd 0x50000 -> 0x50000, sigWait=0x0, isWaiting=false
[ExecLibrary] replyMsg: Message delivered to replyPort
[DoorLifecycleManager] doorMessageCallback: Message handled for cmd=4 (XIM handler replied)
[ExecLibrary][Trap][WaitPort] port=0x1035f0 name=AEDoorRP.010
[ExecLibrary][Trap][GetMsg] port=0x1035f0 name=AEDoorRP.010
[ExecLibrary][GetMsg] Door received message:
  ln_Type=6 (6=NT_REPLYMSG)
  Command=4 (at 0xE0)
  Data=1 (at 0xDC)
  String="[34m| [36m02 [34m| [36myOUR" (at 0x14)
[XIMMessageParser] Parsed jhMessage:
  Address: 0x1034f0
  Length: 256 (layout=long)
  Reply Port: 0x1035f0
  Command: 4 (JH_SM (Send Message))
  Data: 0 (0x0)
  Node: 2, Line: 5
  Signal: 0, Task: 0x0
  Semi: 0xb0000
  Filler1: 0x0, Filler2: 0x0
  StrPtr: n/a, Filler3: n/a
  String: "4m| [36miN A kEWL dOOR! [34m| [36mrTW v2.01    [34m|"
[XIMProtocol] handleMessage: cmd=4 (JH_SM (Send Message)) usedXimInput=false string="4m| [36miN A kEWL dOOR! [34m| [36mrTW v2.01    "
[XIMLogger] NOT writing to JSON: jsonEnabled=false logStream=false type=JH_SM (Send Message)
[XIMLogger] NOT writing to JSON: jsonEnabled=false logStream=false type=JH_SM (Send Message)_REPLY
[ExecLibrary] replyMsg: Putting message 0x1034f0 to replyPort 0x1035f0
[ExecLibrary] PutMsg: Calling Signal(task=0xbf00, mask=0x10000) sigBit=16 portName=AEDoorRP.010
[ExecLibrary] Signal APPLIED: sigRecvd 0x50000 -> 0x50000, sigWait=0x0, isWaiting=false
[ExecLibrary] replyMsg: Message delivered to replyPort
[DoorLifecycleManager] doorMessageCallback: Message handled for cmd=4 (XIM handler replied)
[ExecLibrary][Trap][WaitPort] port=0x1035f0 name=AEDoorRP.010
[ExecLibrary][Trap][GetMsg] port=0x1035f0 name=AEDoorRP.010
[ExecLibrary][GetMsg] Door received message:
  ln_Type=6 (6=NT_REPLYMSG)
  Command=4 (at 0xE0)
  Data=1 (at 0xDC)
  String="4m| [36miN A kEWL dOOR! [34m| " (at 0x14)
[XIMMessageParser] Parsed jhMessage:
  Address: 0x1034f0
  Length: 256 (layout=long)
  Reply Port: 0x1035f0
  Command: 4 (JH_SM (Send Message))
  Data: 1 (0x1)
  Node: 2, Line: 5
  Signal: 0, Task: 0x0
  Semi: 0xb0000
  Filler1: 0x0, Filler2: 0x0
  StrPtr: n/a, Filler3: n/a
  String: ""
[XIMProtocol] handleMessage: cmd=4 (JH_SM (Send Message)) usedXimInput=false string=""
[XIMLogger] NOT writing to JSON: jsonEnabled=false logStream=false type=JH_SM (Send Message)
[XIMLogger] NOT writing to JSON: jsonEnabled=false logStream=false type=JH_SM (Send Message)_REPLY
[ExecLibrary] replyMsg: Putting message 0x1034f0 to replyPort 0x1035f0
[ExecLibrary] PutMsg: Calling Signal(task=0xbf00, mask=0x10000) sigBit=16 portName=AEDoorRP.010
[ExecLibrary] Signal APPLIED: sigRecvd 0x50000 -> 0x50000, sigWait=0x0, isWaiting=false
[ExecLibrary] replyMsg: Message delivered to replyPort
[DoorLifecycleManager] doorMessageCallback: Message handled for cmd=4 (XIM handler replied)
[ExecLibrary][Trap][WaitPort] port=0x1035f0 name=AEDoorRP.010
[ExecLibrary][Trap][GetMsg] port=0x1035f0 name=AEDoorRP.010
[ExecLibrary][GetMsg] Door received message:
  ln_Type=6 (6=NT_REPLYMSG)
  Command=4 (at 0xE0)
  Data=1 (at 0xDC)
  String="" (at 0x14)
[XIMMessageParser] Parsed jhMessage:
  Address: 0x1034f0
  Length: 256 (layout=long)
  Reply Port: 0x1035f0
  Command: 4 (JH_SM (Send Message))
  Data: 0 (0x0)
  Node: 2, Line: 6
  Signal: 0, Task: 0x0
  Semi: 0xb0000
  Filler1: 0x0, Filler2: 0x0
  StrPtr: n/a, Filler3: n/a
  String: "[34m| [36m03 [34m| [36m                  [34m| [36m                  [3"
[XIMProtocol] handleMessage: cmd=4 (JH_SM (Send Message)) usedXimInput=false string="[34m| [36m03 [34m| [36m                  [34"
[XIMLogger] NOT writing to JSON: jsonEnabled=false logStream=false type=JH_SM (Send Message)
[XIMLogger] NOT writing to JSON: jsonEnabled=false logStream=false type=JH_SM (Send Message)_REPLY
[ExecLibrary] replyMsg: Putting message 0x1034f0 to replyPort 0x1035f0
[ExecLibrary] PutMsg: Calling Signal(task=0xbf00, mask=0x10000) sigBit=16 portName=AEDoorRP.010
[ExecLibrary] Signal APPLIED: sigRecvd 0x50000 -> 0x50000, sigWait=0x0, isWaiting=false
[ExecLibrary] replyMsg: Message delivered to replyPort
[DoorLifecycleManager] doorMessageCallback: Message handled for cmd=4 (XIM handler replied)
[ExecLibrary][Trap][WaitPort] port=0x1035f0 name=AEDoorRP.010
[ExecLibrary][Trap][GetMsg] port=0x1035f0 name=AEDoorRP.010
[ExecLibrary][GetMsg] Door received message:
  ln_Type=6 (6=NT_REPLYMSG)
  Command=4 (at 0xE0)
  Data=1 (at 0xDC)
  String="[34m| [36m03 [34m| [36m    " (at 0x14)
[XIMMessageParser] Parsed jhMessage:
  Address: 0x1034f0
  Length: 256 (layout=long)
  Reply Port: 0x1035f0
  Command: 4 (JH_SM (Send Message))
  Data: 0 (0x0)
  Node: 2, Line: 6
  Signal: 0, Task: 0x0
  Semi: 0xb0000
  Filler1: 0x0, Filler2: 0x0
  StrPtr: n/a, Filler3: n/a
  String: "4m| [36msMOKING a jOINT [34m| [36m             [34m|"
[XIMProtocol] handleMessage: cmd=4 (JH_SM (Send Message)) usedXimInput=false string="4m| [36msMOKING a jOINT [34m| [36m             "
[XIMLogger] NOT writing to JSON: jsonEnabled=false logStream=false type=JH_SM (Send Message)
[XIMLogger] NOT writing to JSON: jsonEnabled=false logStream=false type=JH_SM (Send Message)_REPLY
[ExecLibrary] replyMsg: Putting message 0x1034f0 to replyPort 0x1035f0
[ExecLibrary] PutMsg: Calling Signal(task=0xbf00, mask=0x10000) sigBit=16 portName=AEDoorRP.010
[ExecLibrary] Signal APPLIED: sigRecvd 0x50000 -> 0x50000, sigWait=0x0, isWaiting=false
[ExecLibrary] replyMsg: Message delivered to replyPort
[DoorLifecycleManager] doorMessageCallback: Message handled for cmd=4 (XIM handler replied)
[ExecLibrary][Trap][WaitPort] port=0x1035f0 name=AEDoorRP.010
[ExecLibrary][Trap][GetMsg] port=0x1035f0 name=AEDoorRP.010
[ExecLibrary][GetMsg] Door received message:
  ln_Type=6 (6=NT_REPLYMSG)
  Command=4 (at 0xE0)
  Data=1 (at 0xDC)
  String="4m| [36msMOKING a jOINT [34m| " (at 0x14)
[XIMMessageParser] Parsed jhMessage:
  Address: 0x1034f0
  Length: 256 (layout=long)
  Reply Port: 0x1035f0
  Command: 4 (JH_SM (Send Message))
  Data: 1 (0x1)
  Node: 2, Line: 6
  Signal: 0, Task: 0x0
  Semi: 0xb0000
  Filler1: 0x0, Filler2: 0x0
  StrPtr: n/a, Filler3: n/a
  String: ""
[XIMProtocol] handleMessage: cmd=4 (JH_SM (Send Message)) usedXimInput=false string=""
[XIMLogger] NOT writing to JSON: jsonEnabled=false logStream=false type=JH_SM (Send Message)
[XIMLogger] NOT writing to JSON: jsonEnabled=false logStream=false type=JH_SM (Send Message)_REPLY
[ExecLibrary] replyMsg: Putting message 0x1034f0 to replyPort 0x1035f0
[ExecLibrary] PutMsg: Calling Signal(task=0xbf00, mask=0x10000) sigBit=16 portName=AEDoorRP.010
[ExecLibrary] Signal APPLIED: sigRecvd 0x50000 -> 0x50000, sigWait=0x0, isWaiting=false
[ExecLibrary] replyMsg: Message delivered to replyPort
[DoorLifecycleManager] doorMessageCallback: Message handled for cmd=4 (XIM handler replied)
[ExecLibrary][Trap][WaitPort] port=0x1035f0 name=AEDoorRP.010
[ExecLibrary][Trap][GetMsg] port=0x1035f0 name=AEDoorRP.010
[ExecLibrary][GetMsg] Door received message:
  ln_Type=6 (6=NT_REPLYMSG)
  Command=4 (at 0xE0)
  Data=1 (at 0xDC)
  String="" (at 0x14)
[XIMMessageParser] Parsed jhMessage:
  Address: 0x1034f0
  Length: 256 (layout=long)
  Reply Port: 0x1035f0
  Command: 4 (JH_SM (Send Message))
  Data: 0 (0x0)
  Node: 2, Line: 7
  Signal: 0, Task: 0x0
  Semi: 0xb0000
  Filler1: 0x0, Filler2: 0x0
  StrPtr: n/a, Filler3: n/a
  String: "[34m| [36m04 [34m| [36m                  [34m| [36m                  [3"
[XIMProtocol] handleMessage: cmd=4 (JH_SM (Send Message)) usedXimInput=false string="[34m| [36m04 [34m| [36m                  [34"
[XIMLogger] NOT writing to JSON: jsonEnabled=false logStream=false type=JH_SM (Send Message)
[XIMLogger] NOT writing to JSON: jsonEnabled=false logStream=false type=JH_SM (Send Message)_REPLY
[ExecLibrary] replyMsg: Putting message 0x1034f0 to replyPort 0x1035f0
[ExecLibrary] PutMsg: Calling Signal(task=0xbf00, mask=0x10000) sigBit=16 portName=AEDoorRP.010
[ExecLibrary] Signal APPLIED: sigRecvd 0x50000 -> 0x50000, sigWait=0x0, isWaiting=false
[ExecLibrary] replyMsg: Message delivered to replyPort
[DoorLifecycleManager] doorMessageCallback: Message handled for cmd=4 (XIM handler replied)
[ExecLibrary][Trap][WaitPort] port=0x1035f0 name=AEDoorRP.010
[ExecLibrary][Trap][GetMsg] port=0x1035f0 name=AEDoorRP.010
[ExecLibrary][GetMsg] Door received message:
  ln_Type=6 (6=NT_REPLYMSG)
  Command=4 (at 0xE0)
  Data=1 (at 0xDC)
  String="[34m| [36m04 [34m| [36m    " (at 0x14)
[XIMMessageParser] Parsed jhMessage:
  Address: 0x1034f0
  Length: 256 (layout=long)
  Reply Port: 0x1035f0
  Command: 4 (JH_SM (Send Message))
  Data: 0 (0x0)
  Node: 2, Line: 7
  Signal: 0, Task: 0x0
  Semi: 0xb0000
  Filler1: 0x0, Filler2: 0x0
  StrPtr: n/a, Filler3: n/a
  String: "4m| [36msMOKING a jOINT [34m| [36m             [34m|"
[XIMProtocol] handleMessage: cmd=4 (JH_SM (Send Message)) usedXimInput=false string="4m| [36msMOKING a jOINT [34m| [36m             "
[XIMLogger] NOT writing to JSON: jsonEnabled=false logStream=false type=JH_SM (Send Message)
[XIMLogger] NOT writing to JSON: jsonEnabled=false logStream=false type=JH_SM (Send Message)_REPLY
[ExecLibrary] replyMsg: Putting message 0x1034f0 to replyPort 0x1035f0
[ExecLibrary] PutMsg: Calling Signal(task=0xbf00, mask=0x10000) sigBit=16 portName=AEDoorRP.010
[ExecLibrary] Signal APPLIED: sigRecvd 0x50000 -> 0x50000, sigWait=0x0, isWaiting=false
[ExecLibrary] replyMsg: Message delivered to replyPort
[DoorLifecycleManager] doorMessageCallback: Message handled for cmd=4 (XIM handler replied)
[ExecLibrary][Trap][WaitPort] port=0x1035f0 name=AEDoorRP.010
[ExecLibrary][Trap][GetMsg] port=0x1035f0 name=AEDoorRP.010
[ExecLibrary][GetMsg] Door received message:
  ln_Type=6 (6=NT_REPLYMSG)
  Command=4 (at 0xE0)
  Data=1 (at 0xDC)
  String="4m| [36msMOKING a jOINT [34m| " (at 0x14)
[XIMMessageParser] Parsed jhMessage:
  Address: 0x1034f0
  Length: 256 (layout=long)
  Reply Port: 0x1035f0
  Command: 4 (JH_SM (Send Message))
  Data: 1 (0x1)
  Node: 2, Line: 7
  Signal: 0, Task: 0x0
  Semi: 0xb0000
  Filler1: 0x0, Filler2: 0x0
  StrPtr: n/a, Filler3: n/a
  String: ""
[XIMProtocol] handleMessage: cmd=4 (JH_SM (Send Message)) usedXimInput=false string=""
[XIMLogger] NOT writing to JSON: jsonEnabled=false logStream=false type=JH_SM (Send Message)
[XIMLogger] NOT writing to JSON: jsonEnabled=false logStream=false type=JH_SM (Send Message)_REPLY
[ExecLibrary] replyMsg: Putting message 0x1034f0 to replyPort 0x1035f0
[ExecLibrary] PutMsg: Calling Signal(task=0xbf00, mask=0x10000) sigBit=16 portName=AEDoorRP.010
[ExecLibrary] Signal APPLIED: sigRecvd 0x50000 -> 0x50000, sigWait=0x0, isWaiting=false
[ExecLibrary] replyMsg: Message delivered to replyPort
[DoorLifecycleManager] doorMessageCallback: Message handled for cmd=4 (XIM handler replied)
[ExecLibrary][Trap][WaitPort] port=0x1035f0 name=AEDoorRP.010
[ExecLibrary][Trap][GetMsg] port=0x1035f0 name=AEDoorRP.010
[ExecLibrary][GetMsg] Door received message:
  ln_Type=6 (6=NT_REPLYMSG)
  Command=4 (at 0xE0)
  Data=1 (at 0xDC)
  String="" (at 0x14)
[XIMMessageParser] Parsed jhMessage:
  Address: 0x1034f0
  Length: 256 (layout=long)
  Reply Port: 0x1035f0
  Command: 4 (JH_SM (Send Message))
  Data: 0 (0x0)
  Node: 2, Line: 8
  Signal: 0, Task: 0x0
  Semi: 0xb0000
  Filler1: 0x0, Filler2: 0x0
  StrPtr: n/a, Filler3: n/a
  String: "[34m| [36m05 [34m| [36m                  [34m| [36m                  [3"
[XIMProtocol] handleMessage: cmd=4 (JH_SM (Send Message)) usedXimInput=false string="[34m| [36m05 [34m| [36m                  [34"
[XIMLogger] NOT writing to JSON: jsonEnabled=false logStream=false type=JH_SM (Send Message)
[XIMLogger] NOT writing to JSON: jsonEnabled=false logStream=false type=JH_SM (Send Message)_REPLY
[ExecLibrary] replyMsg: Putting message 0x1034f0 to replyPort 0x1035f0
[ExecLibrary] PutMsg: Calling Signal(task=0xbf00, mask=0x10000) sigBit=16 portName=AEDoorRP.010
[ExecLibrary] Signal APPLIED: sigRecvd 0x50000 -> 0x50000, sigWait=0x0, isWaiting=false
[ExecLibrary] replyMsg: Message delivered to replyPort
[DoorLifecycleManager] doorMessageCallback: Message handled for cmd=4 (XIM handler replied)
[ExecLibrary][Trap][WaitPort] port=0x1035f0 name=AEDoorRP.010
[ExecLibrary][Trap][GetMsg] port=0x1035f0 name=AEDoorRP.010
[ExecLibrary][GetMsg] Door received message:
  ln_Type=6 (6=NT_REPLYMSG)
  Command=4 (at 0xE0)
  Data=1 (at 0xDC)
  String="[34m| [36m05 [34m| [36m    " (at 0x14)
[XIMMessageParser] Parsed jhMessage:
  Address: 0x1034f0
  Length: 256 (layout=long)
  Reply Port: 0x1035f0
  Command: 4 (JH_SM (Send Message))
  Data: 0 (0x0)
  Node: 2, Line: 8
  Signal: 0, Task: 0x0
  Semi: 0xb0000
  Filler1: 0x0, Filler2: 0x0
  StrPtr: n/a, Filler3: n/a
  String: "4m| [36msMOKING a jOINT [34m| [36m             [34m|"
[XIMProtocol] handleMessage: cmd=4 (JH_SM (Send Message)) usedXimInput=false string="4m| [36msMOKING a jOINT [34m| [36m             "
[XIMLogger] NOT writing to JSON: jsonEnabled=false logStream=false type=JH_SM (Send Message)
[XIMLogger] NOT writing to JSON: jsonEnabled=false logStream=false type=JH_SM (Send Message)_REPLY
[ExecLibrary] replyMsg: Putting message 0x1034f0 to replyPort 0x1035f0
[ExecLibrary] PutMsg: Calling Signal(task=0xbf00, mask=0x10000) sigBit=16 portName=AEDoorRP.010
[ExecLibrary] Signal APPLIED: sigRecvd 0x50000 -> 0x50000, sigWait=0x0, isWaiting=false
[ExecLibrary] replyMsg: Message delivered to replyPort
[DoorLifecycleManager] doorMessageCallback: Message handled for cmd=4 (XIM handler replied)
[ExecLibrary][Trap][WaitPort] port=0x1035f0 name=AEDoorRP.010
[ExecLibrary][Trap][GetMsg] port=0x1035f0 name=AEDoorRP.010
[ExecLibrary][GetMsg] Door received message:
  ln_Type=6 (6=NT_REPLYMSG)
  Command=4 (at 0xE0)
  Data=1 (at 0xDC)
  String="4m| [36msMOKING a jOINT [34m| " (at 0x14)
[XIMMessageParser] Parsed jhMessage:
  Address: 0x1034f0
  Length: 256 (layout=long)
  Reply Port: 0x1035f0
  Command: 4 (JH_SM (Send Message))
  Data: 1 (0x1)
  Node: 2, Line: 8
  Signal: 0, Task: 0x0
  Semi: 0xb0000
  Filler1: 0x0, Filler2: 0x0
  StrPtr: n/a, Filler3: n/a
  String: ""
[XIMProtocol] handleMessage: cmd=4 (JH_SM (Send Message)) usedXimInput=false string=""
[XIMLogger] NOT writing to JSON: jsonEnabled=false logStream=false type=JH_SM (Send Message)
[XIMLogger] NOT writing to JSON: jsonEnabled=false logStream=false type=JH_SM (Send Message)_REPLY
[ExecLibrary] replyMsg: Putting message 0x1034f0 to replyPort 0x1035f0
[ExecLibrary] PutMsg: Calling Signal(task=0xbf00, mask=0x10000) sigBit=16 portName=AEDoorRP.010
[ExecLibrary] Signal APPLIED: sigRecvd 0x50000 -> 0x50000, sigWait=0x0, isWaiting=false
[ExecLibrary] replyMsg: Message delivered to replyPort
[DoorLifecycleManager] doorMessageCallback: Message handled for cmd=4 (XIM handler replied)
[ExecLibrary][Trap][WaitPort] port=0x1035f0 name=AEDoorRP.010
[ExecLibrary][Trap][GetMsg] port=0x1035f0 name=AEDoorRP.010
[ExecLibrary][GetMsg] Door received message:
  ln_Type=6 (6=NT_REPLYMSG)
  Command=4 (at 0xE0)
  Data=1 (at 0xDC)
  String="" (at 0x14)
[XIMMessageParser] Parsed jhMessage:
  Address: 0x1034f0
  Length: 256 (layout=long)
  Reply Port: 0x1035f0
  Command: 4 (JH_SM (Send Message))
  Data: 0 (0x0)
  Node: 2, Line: 9
  Signal: 0, Task: 0x0
  Semi: 0xb0000
  Filler1: 0x0, Filler2: 0x0
  StrPtr: n/a, Filler3: n/a
  String: "[34m| [36m06 [34m| [36m                  [34m| [36m                  [3"
[XIMProtocol] handleMessage: cmd=4 (JH_SM (Send Message)) usedXimInput=false string="[34m| [36m06 [34m| [36m                  [34"
[XIMLogger] NOT writing to JSON: jsonEnabled=false logStream=false type=JH_SM (Send Message)
[XIMLogger] NOT writing to JSON: jsonEnabled=false logStream=false type=JH_SM (Send Message)_REPLY
[ExecLibrary] replyMsg: Putting message 0x1034f0 to replyPort 0x1035f0
[ExecLibrary] PutMsg: Calling Signal(task=0xbf00, mask=0x10000) sigBit=16 portName=AEDoorRP.010
[ExecLibrary] Signal APPLIED: sigRecvd 0x50000 -> 0x50000, sigWait=0x0, isWaiting=false
[ExecLibrary] replyMsg: Message delivered to replyPort
[DoorLifecycleManager] doorMessageCallback: Message handled for cmd=4 (XIM handler replied)
[ExecLibrary][Trap][WaitPort] port=0x1035f0 name=AEDoorRP.010
[ExecLibrary][Trap][GetMsg] port=0x1035f0 name=AEDoorRP.010
[ExecLibrary][GetMsg] Door received message:
  ln_Type=6 (6=NT_REPLYMSG)
  Command=4 (at 0xE0)
  Data=1 (at 0xDC)
  String="[34m| [36m06 [34m| [36m    " (at 0x14)
[XIMMessageParser] Parsed jhMessage:
  Address: 0x1034f0
  Length: 256 (layout=long)
  Reply Port: 0x1035f0
  Command: 4 (JH_SM (Send Message))
  Data: 0 (0x0)
  Node: 2, Line: 9
  Signal: 0, Task: 0x0
  Semi: 0xb0000
  Filler1: 0x0, Filler2: 0x0
  StrPtr: n/a, Filler3: n/a
  String: "4m| [36msMOKING a jOINT [34m| [36m             [34m|"
[XIMProtocol] handleMessage: cmd=4 (JH_SM (Send Message)) usedXimInput=false string="4m| [36msMOKING a jOINT [34m| [36m             "
[XIMLogger] NOT writing to JSON: jsonEnabled=false logStream=false type=JH_SM (Send Message)
[XIMLogger] NOT writing to JSON: jsonEnabled=false logStream=false type=JH_SM (Send Message)_REPLY
[ExecLibrary] replyMsg: Putting message 0x1034f0 to replyPort 0x1035f0
[ExecLibrary] PutMsg: Calling Signal(task=0xbf00, mask=0x10000) sigBit=16 portName=AEDoorRP.010
[ExecLibrary] Signal APPLIED: sigRecvd 0x50000 -> 0x50000, sigWait=0x0, isWaiting=false
[ExecLibrary] replyMsg: Message delivered to replyPort
[DoorLifecycleManager] doorMessageCallback: Message handled for cmd=4 (XIM handler replied)
[ExecLibrary][Trap][WaitPort] port=0x1035f0 name=AEDoorRP.010
[ExecLibrary][Trap][GetMsg] port=0x1035f0 name=AEDoorRP.010
[ExecLibrary][GetMsg] Door received message:
  ln_Type=6 (6=NT_REPLYMSG)
  Command=4 (at 0xE0)
  Data=1 (at 0xDC)
  String="4m| [36msMOKING a jOINT [34m| " (at 0x14)
[XIMMessageParser] Parsed jhMessage:
  Address: 0x1034f0
  Length: 256 (layout=long)
  Reply Port: 0x1035f0
  Command: 4 (JH_SM (Send Message))
  Data: 1 (0x1)
  Node: 2, Line: 9
  Signal: 0, Task: 0x0
  Semi: 0xb0000
  Filler1: 0x0, Filler2: 0x0
  StrPtr: n/a, Filler3: n/a
  String: ""
[XIMProtocol] handleMessage: cmd=4 (JH_SM (Send Message)) usedXimInput=false string=""
[XIMLogger] NOT writing to JSON: jsonEnabled=false logStream=false type=JH_SM (Send Message)
[XIMLogger] NOT writing to JSON: jsonEnabled=false logStream=false type=JH_SM (Send Message)_REPLY
[ExecLibrary] replyMsg: Putting message 0x1034f0 to replyPort 0x1035f0
[ExecLibrary] PutMsg: Calling Signal(task=0xbf00, mask=0x10000) sigBit=16 portName=AEDoorRP.010
[ExecLibrary] Signal APPLIED: sigRecvd 0x50000 -> 0x50000, sigWait=0x0, isWaiting=false
[ExecLibrary] replyMsg: Message delivered to replyPort
[DoorLifecycleManager] doorMessageCallback: Message handled for cmd=4 (XIM handler replied)
[ExecLibrary][Trap][WaitPort] port=0x1035f0 name=AEDoorRP.010
[ExecLibrary][Trap][GetMsg] port=0x1035f0 name=AEDoorRP.010
[ExecLibrary][GetMsg] Door received message:
  ln_Type=6 (6=NT_REPLYMSG)
  Command=4 (at 0xE0)
  Data=1 (at 0xDC)
  String="" (at 0x14)
[XIMMessageParser] Parsed jhMessage:
  Address: 0x1034f0
  Length: 256 (layout=long)
  Reply Port: 0x1035f0
  Command: 4 (JH_SM (Send Message))
  Data: 0 (0x0)
  Node: 2, Line: 10
  Signal: 0, Task: 0x0
  Semi: 0xb0000
  Filler1: 0x0, Filler2: 0x0
  StrPtr: n/a, Filler3: n/a
  String: "[34m| [36m07 [34m| [36m                  [34m| [36m                  [3"
[XIMProtocol] handleMessage: cmd=4 (JH_SM (Send Message)) usedXimInput=false string="[34m| [36m07 [34m| [36m                  [34"
[XIMLogger] NOT writing to JSON: jsonEnabled=false logStream=false type=JH_SM (Send Message)
[XIMLogger] NOT writing to JSON: jsonEnabled=false logStream=false type=JH_SM (Send Message)_REPLY
[ExecLibrary] replyMsg: Putting message 0x1034f0 to replyPort 0x1035f0
[ExecLibrary] PutMsg: Calling Signal(task=0xbf00, mask=0x10000) sigBit=16 portName=AEDoorRP.010
[ExecLibrary] Signal APPLIED: sigRecvd 0x50000 -> 0x50000, sigWait=0x0, isWaiting=false
[ExecLibrary] replyMsg: Message delivered to replyPort
[DoorLifecycleManager] doorMessageCallback: Message handled for cmd=4 (XIM handler replied)
[ExecLibrary][Trap][WaitPort] port=0x1035f0 name=AEDoorRP.010
[ExecLibrary][Trap][GetMsg] port=0x1035f0 name=AEDoorRP.010
[ExecLibrary][GetMsg] Door received message:
  ln_Type=6 (6=NT_REPLYMSG)
  Command=4 (at 0xE0)
  Data=1 (at 0xDC)
  String="[34m| [36m07 [34m| [36m    " (at 0x14)
[XIMMessageParser] Parsed jhMessage:
  Address: 0x1034f0
  Length: 256 (layout=long)
  Reply Port: 0x1035f0
  Command: 4 (JH_SM (Send Message))
  Data: 0 (0x0)
  Node: 2, Line: 10
  Signal: 0, Task: 0x0
  Semi: 0xb0000
  Filler1: 0x0, Filler2: 0x0
  StrPtr: n/a, Filler3: n/a
  String: "4m| [36msMOKING a jOINT [34m| [36m             [34m|"
[XIMProtocol] handleMessage: cmd=4 (JH_SM (Send Message)) usedXimInput=false string="4m| [36msMOKING a jOINT [34m| [36m             "
[XIMLogger] NOT writing to JSON: jsonEnabled=false logStream=false type=JH_SM (Send Message)
[XIMLogger] NOT writing to JSON: jsonEnabled=false logStream=false type=JH_SM (Send Message)_REPLY
[ExecLibrary] replyMsg: Putting message 0x1034f0 to replyPort 0x1035f0
[ExecLibrary] PutMsg: Calling Signal(task=0xbf00, mask=0x10000) sigBit=16 portName=AEDoorRP.010
[ExecLibrary] Signal APPLIED: sigRecvd 0x50000 -> 0x50000, sigWait=0x0, isWaiting=false
[ExecLibrary] replyMsg: Message delivered to replyPort
[DoorLifecycleManager] doorMessageCallback: Message handled for cmd=4 (XIM handler replied)
[ExecLibrary][Trap][WaitPort] port=0x1035f0 name=AEDoorRP.010
[ExecLibrary][Trap][GetMsg] port=0x1035f0 name=AEDoorRP.010
[ExecLibrary][GetMsg] Door received message:
  ln_Type=6 (6=NT_REPLYMSG)
  Command=4 (at 0xE0)
  Data=1 (at 0xDC)
  String="4m| [36msMOKING a jOINT [34m| " (at 0x14)
[XIMMessageParser] Parsed jhMessage:
  Address: 0x1034f0
  Length: 256 (layout=long)
  Reply Port: 0x1035f0
  Command: 4 (JH_SM (Send Message))
  Data: 1 (0x1)
  Node: 2, Line: 10
  Signal: 0, Task: 0x0
  Semi: 0xb0000
  Filler1: 0x0, Filler2: 0x0
  StrPtr: n/a, Filler3: n/a
  String: ""
[XIMProtocol] handleMessage: cmd=4 (JH_SM (Send Message)) usedXimInput=false string=""
[XIMLogger] NOT writing to JSON: jsonEnabled=false logStream=false type=JH_SM (Send Message)
[XIMLogger] NOT writing to JSON: jsonEnabled=false logStream=false type=JH_SM (Send Message)_REPLY
[ExecLibrary] replyMsg: Putting message 0x1034f0 to replyPort 0x1035f0
[ExecLibrary] PutMsg: Calling Signal(task=0xbf00, mask=0x10000) sigBit=16 portName=AEDoorRP.010
[ExecLibrary] Signal APPLIED: sigRecvd 0x50000 -> 0x50000, sigWait=0x0, isWaiting=false
[ExecLibrary] replyMsg: Message delivered to replyPort
[DoorLifecycleManager] doorMessageCallback: Message handled for cmd=4 (XIM handler replied)
[ExecLibrary][Trap][WaitPort] port=0x1035f0 name=AEDoorRP.010
[ExecLibrary][Trap][GetMsg] port=0x1035f0 name=AEDoorRP.010
[ExecLibrary][GetMsg] Door received message:
  ln_Type=6 (6=NT_REPLYMSG)
  Command=4 (at 0xE0)
  Data=1 (at 0xDC)
  String="" (at 0x14)
[XIMMessageParser] Parsed jhMessage:
  Address: 0x1034f0
  Length: 256 (layout=long)
  Reply Port: 0x1035f0
  Command: 4 (JH_SM (Send Message))
  Data: 0 (0x0)
  Node: 2, Line: 11
  Signal: 0, Task: 0x0
  Semi: 0xb0000
  Filler1: 0x0, Filler2: 0x0
  StrPtr: n/a, Filler3: n/a
  String: "[34m| [36m08 [34m| [36mibrary            [34m| [36m                 [3"
[XIMProtocol] handleMessage: cmd=4 (JH_SM (Send Message)) usedXimInput=false string="[34m| [36m08 [34m| [36mibrary            [34"
[XIMLogger] NOT writing to JSON: jsonEnabled=false logStream=false type=JH_SM (Send Message)
[XIMLogger] NOT writing to JSON: jsonEnabled=false logStream=false type=JH_SM (Send Message)_REPLY
[ExecLibrary] replyMsg: Putting message 0x1034f0 to replyPort 0x1035f0
[ExecLibrary] PutMsg: Calling Signal(task=0xbf00, mask=0x10000) sigBit=16 portName=AEDoorRP.010
[ExecLibrary] Signal APPLIED: sigRecvd 0x50000 -> 0x50000, sigWait=0x0, isWaiting=false
[ExecLibrary] replyMsg: Message delivered to replyPort
[DoorLifecycleManager] doorMessageCallback: Message handled for cmd=4 (XIM handler replied)
[ExecLibrary][Trap][WaitPort] port=0x1035f0 name=AEDoorRP.010
[ExecLibrary][Trap][GetMsg] port=0x1035f0 name=AEDoorRP.010
[ExecLibrary][GetMsg] Door received message:
  ln_Type=6 (6=NT_REPLYMSG)
  Command=4 (at 0xE0)
  Data=1 (at 0xDC)
  String="[34m| [36m08 [34m| [36mibra" (at 0x14)
[XIMMessageParser] Parsed jhMessage:
  Address: 0x1034f0
  Length: 256 (layout=long)
  Reply Port: 0x1035f0
  Command: 4 (JH_SM (Send Message))
  Data: 0 (0x0)
  Node: 2, Line: 11
  Signal: 0, Task: 0x0
  Semi: 0xb0000
  Filler1: 0x0, Filler2: 0x0
  StrPtr: n/a, Filler3: n/a
  String: "4m| [36mcARRIER lOST :- [34m| [36m             [34m|"
[XIMProtocol] handleMessage: cmd=4 (JH_SM (Send Message)) usedXimInput=false string="4m| [36mcARRIER lOST :- [34m| [36m             "
[XIMLogger] NOT writing to JSON: jsonEnabled=false logStream=false type=JH_SM (Send Message)
[XIMLogger] NOT writing to JSON: jsonEnabled=false logStream=false type=JH_SM (Send Message)_REPLY
[ExecLibrary] replyMsg: Putting message 0x1034f0 to replyPort 0x1035f0
[ExecLibrary] PutMsg: Calling Signal(task=0xbf00, mask=0x10000) sigBit=16 portName=AEDoorRP.010
[ExecLibrary] Signal APPLIED: sigRecvd 0x50000 -> 0x50000, sigWait=0x0, isWaiting=false
[ExecLibrary] replyMsg: Message delivered to replyPort
[DoorLifecycleManager] doorMessageCallback: Message handled for cmd=4 (XIM handler replied)
[ExecLibrary][Trap][WaitPort] port=0x1035f0 name=AEDoorRP.010
[ExecLibrary][Trap][GetMsg] port=0x1035f0 name=AEDoorRP.010
[ExecLibrary][GetMsg] Door received message:
  ln_Type=6 (6=NT_REPLYMSG)
  Command=4 (at 0xE0)
  Data=1 (at 0xDC)
  String="4m| [36mcARRIER lOST :- [34m| " (at 0x14)
[XIMMessageParser] Parsed jhMessage:
  Address: 0x1034f0
  Length: 256 (layout=long)
  Reply Port: 0x1035f0
  Command: 4 (JH_SM (Send Message))
  Data: 1 (0x1)
  Node: 2, Line: 11
  Signal: 0, Task: 0x0
  Semi: 0xb0000
  Filler1: 0x0, Filler2: 0x0
  StrPtr: n/a, Filler3: n/a
  String: ""
[XIMProtocol] handleMessage: cmd=4 (JH_SM (Send Message)) usedXimInput=false string=""
[XIMLogger] NOT writing to JSON: jsonEnabled=false logStream=false type=JH_SM (Send Message)
[XIMLogger] NOT writing to JSON: jsonEnabled=false logStream=false type=JH_SM (Send Message)_REPLY
[ExecLibrary] replyMsg: Putting message 0x1034f0 to replyPort 0x1035f0
[ExecLibrary] PutMsg: Calling Signal(task=0xbf00, mask=0x10000) sigBit=16 portName=AEDoorRP.010
[ExecLibrary] Signal APPLIED: sigRecvd 0x50000 -> 0x50000, sigWait=0x0, isWaiting=false
[ExecLibrary] replyMsg: Message delivered to replyPort
[DoorLifecycleManager] doorMessageCallback: Message handled for cmd=4 (XIM handler replied)
[ExecLibrary][Trap][WaitPort] port=0x1035f0 name=AEDoorRP.010
[ExecLibrary][Trap][GetMsg] port=0x1035f0 name=AEDoorRP.010
[ExecLibrary][GetMsg] Door received message:
  ln_Type=6 (6=NT_REPLYMSG)
  Command=4 (at 0xE0)
  Data=1 (at 0xDC)
  String="" (at 0x14)
[XIMMessageParser] Parsed jhMessage:
  Address: 0x1034f0
  Length: 256 (layout=long)
  Reply Port: 0x1035f0
  Command: 4 (JH_SM (Send Message))
  Data: 0 (0x0)
  Node: 2, Line: 12
  Signal: 0, Task: 0x0
  Semi: 0xb0000
  Filler1: 0x0, Filler2: 0x0
  StrPtr: n/a, Filler3: n/a
  String: "[34m| [36m09 [34m| [36m                  [34m| [36m                  [3"
[XIMProtocol] handleMessage: cmd=4 (JH_SM (Send Message)) usedXimInput=false string="[34m| [36m09 [34m| [36m                  [34"
[XIMLogger] NOT writing to JSON: jsonEnabled=false logStream=false type=JH_SM (Send Message)
[XIMLogger] NOT writing to JSON: jsonEnabled=false logStream=false type=JH_SM (Send Message)_REPLY
[ExecLibrary] replyMsg: Putting message 0x1034f0 to replyPort 0x1035f0
[ExecLibrary] PutMsg: Calling Signal(task=0xbf00, mask=0x10000) sigBit=16 portName=AEDoorRP.010
[ExecLibrary] Signal APPLIED: sigRecvd 0x50000 -> 0x50000, sigWait=0x0, isWaiting=false
[ExecLibrary] replyMsg: Message delivered to replyPort
[DoorLifecycleManager] doorMessageCallback: Message handled for cmd=4 (XIM handler replied)
[ExecLibrary][Trap][WaitPort] port=0x1035f0 name=AEDoorRP.010
[ExecLibrary][Trap][GetMsg] port=0x1035f0 name=AEDoorRP.010
[ExecLibrary][GetMsg] Door received message:
  ln_Type=6 (6=NT_REPLYMSG)
  Command=4 (at 0xE0)
  Data=1 (at 0xDC)
  String="[34m| [36m09 [34m| [36m    " (at 0x14)
[XIMMessageParser] Parsed jhMessage:
  Address: 0x1034f0
  Length: 256 (layout=long)
  Reply Port: 0x1035f0
  Command: 4 (JH_SM (Send Message))
  Data: 0 (0x0)
  Node: 2, Line: 12
  Signal: 0, Task: 0x0
  Semi: 0xb0000
  Filler1: 0x0, Filler2: 0x0
  StrPtr: n/a, Filler3: n/a
  String: "4m| [36msMOKING a jOINT [34m| [36m             [34m|"
[XIMProtocol] handleMessage: cmd=4 (JH_SM (Send Message)) usedXimInput=false string="4m| [36msMOKING a jOINT [34m| [36m             "
[XIMLogger] NOT writing to JSON: jsonEnabled=false logStream=false type=JH_SM (Send Message)
[XIMLogger] NOT writing to JSON: jsonEnabled=false logStream=false type=JH_SM (Send Message)_REPLY
[ExecLibrary] replyMsg: Putting message 0x1034f0 to replyPort 0x1035f0
[ExecLibrary] PutMsg: Calling Signal(task=0xbf00, mask=0x10000) sigBit=16 portName=AEDoorRP.010
[ExecLibrary] Signal APPLIED: sigRecvd 0x50000 -> 0x50000, sigWait=0x0, isWaiting=false
[ExecLibrary] replyMsg: Message delivered to replyPort
[DoorLifecycleManager] doorMessageCallback: Message handled for cmd=4 (XIM handler replied)
[ExecLibrary][Trap][WaitPort] port=0x1035f0 name=AEDoorRP.010
[ExecLibrary][Trap][GetMsg] port=0x1035f0 name=AEDoorRP.010
[ExecLibrary][GetMsg] Door received message:
  ln_Type=6 (6=NT_REPLYMSG)
  Command=4 (at 0xE0)
  Data=1 (at 0xDC)
  String="4m| [36msMOKING a jOINT [34m| " (at 0x14)
[XIMMessageParser] Parsed jhMessage:
  Address: 0x1034f0
  Length: 256 (layout=long)
  Reply Port: 0x1035f0
  Command: 4 (JH_SM (Send Message))
  Data: 1 (0x1)
  Node: 2, Line: 12
  Signal: 0, Task: 0x0
  Semi: 0xb0000
  Filler1: 0x0, Filler2: 0x0
  StrPtr: n/a, Filler3: n/a
  String: ""
[XIMProtocol] handleMessage: cmd=4 (JH_SM (Send Message)) usedXimInput=false string=""
[XIMLogger] NOT writing to JSON: jsonEnabled=false logStream=false type=JH_SM (Send Message)
[XIMLogger] NOT writing to JSON: jsonEnabled=false logStream=false type=JH_SM (Send Message)_REPLY
[ExecLibrary] replyMsg: Putting message 0x1034f0 to replyPort 0x1035f0
[ExecLibrary] PutMsg: Calling Signal(task=0xbf00, mask=0x10000) sigBit=16 portName=AEDoorRP.010
[ExecLibrary] Signal APPLIED: sigRecvd 0x50000 -> 0x50000, sigWait=0x0, isWaiting=false
[ExecLibrary] replyMsg: Message delivered to replyPort
[DoorLifecycleManager] doorMessageCallback: Message handled for cmd=4 (XIM handler replied)
[ExecLibrary][Trap][WaitPort] port=0x1035f0 name=AEDoorRP.010
[ExecLibrary][Trap][GetMsg] port=0x1035f0 name=AEDoorRP.010
[ExecLibrary][GetMsg] Door received message:
  ln_Type=6 (6=NT_REPLYMSG)
  Command=4 (at 0xE0)
  Data=1 (at 0xDC)
  String="" (at 0x14)
[XIMMessageParser] Parsed jhMessage:
  Address: 0x1034f0
  Length: 256 (layout=long)
  Reply Port: 0x1035f0
  Command: 4 (JH_SM (Send Message))
  Data: 0 (0x0)
  Node: 2, Line: 13
  Signal: 0, Task: 0x0
  Semi: 0xb0000
  Filler1: 0x0, Filler2: 0x0
  StrPtr: n/a, Filler3: n/a
  String: "[34m| [36m10 [34m| [36m                  [34m| [36m                  [3"
[XIMProtocol] handleMessage: cmd=4 (JH_SM (Send Message)) usedXimInput=false string="[34m| [36m10 [34m| [36m                  [34"
[XIMLogger] NOT writing to JSON: jsonEnabled=false logStream=false type=JH_SM (Send Message)
[XIMLogger] NOT writing to JSON: jsonEnabled=false logStream=false type=JH_SM (Send Message)_REPLY
[ExecLibrary] replyMsg: Putting message 0x1034f0 to replyPort 0x1035f0
[ExecLibrary] PutMsg: Calling Signal(task=0xbf00, mask=0x10000) sigBit=16 portName=AEDoorRP.010
[ExecLibrary] Signal APPLIED: sigRecvd 0x50000 -> 0x50000, sigWait=0x0, isWaiting=false
[ExecLibrary] replyMsg: Message delivered to replyPort
[DoorLifecycleManager] doorMessageCallback: Message handled for cmd=4 (XIM handler replied)
[ExecLibrary][Trap][WaitPort] port=0x1035f0 name=AEDoorRP.010
[ExecLibrary][Trap][GetMsg] port=0x1035f0 name=AEDoorRP.010
[ExecLibrary][GetMsg] Door received message:
  ln_Type=6 (6=NT_REPLYMSG)
  Command=4 (at 0xE0)
  Data=1 (at 0xDC)
  String="[34m| [36m10 [34m| [36m    " (at 0x14)
[XIMMessageParser] Parsed jhMessage:
  Address: 0x1034f0
  Length: 256 (layout=long)
  Reply Port: 0x1035f0
  Command: 4 (JH_SM (Send Message))
  Data: 0 (0x0)
  Node: 2, Line: 13
  Signal: 0, Task: 0x0
  Semi: 0xb0000
  Filler1: 0x0, Filler2: 0x0
  StrPtr: n/a, Filler3: n/a
  String: "4m| [36msMOKING a jOINT [34m| [36m             [34m|"
[XIMProtocol] handleMessage: cmd=4 (JH_SM (Send Message)) usedXimInput=false string="4m| [36msMOKING a jOINT [34m| [36m             "
[XIMLogger] NOT writing to JSON: jsonEnabled=false logStream=false type=JH_SM (Send Message)
[XIMLogger] NOT writing to JSON: jsonEnabled=false logStream=false type=JH_SM (Send Message)_REPLY
[ExecLibrary] replyMsg: Putting message 0x1034f0 to replyPort 0x1035f0
[ExecLibrary] PutMsg: Calling Signal(task=0xbf00, mask=0x10000) sigBit=16 portName=AEDoorRP.010
[ExecLibrary] Signal APPLIED: sigRecvd 0x50000 -> 0x50000, sigWait=0x0, isWaiting=false
[ExecLibrary] replyMsg: Message delivered to replyPort
[DoorLifecycleManager] doorMessageCallback: Message handled for cmd=4 (XIM handler replied)
[ExecLibrary][Trap][WaitPort] port=0x1035f0 name=AEDoorRP.010
[ExecLibrary][Trap][GetMsg] port=0x1035f0 name=AEDoorRP.010
[ExecLibrary][GetMsg] Door received message:
  ln_Type=6 (6=NT_REPLYMSG)
  Command=4 (at 0xE0)
  Data=1 (at 0xDC)
  String="4m| [36msMOKING a jOINT [34m| " (at 0x14)
[XIMMessageParser] Parsed jhMessage:
  Address: 0x1034f0
  Length: 256 (layout=long)
  Reply Port: 0x1035f0
  Command: 4 (JH_SM (Send Message))
  Data: 1 (0x1)
  Node: 2, Line: 13
  Signal: 0, Task: 0x0
  Semi: 0xb0000
  Filler1: 0x0, Filler2: 0x0
  StrPtr: n/a, Filler3: n/a
  String: ""
[XIMProtocol] handleMessage: cmd=4 (JH_SM (Send Message)) usedXimInput=false string=""
[XIMLogger] NOT writing to JSON: jsonEnabled=false logStream=false type=JH_SM (Send Message)
[XIMLogger] NOT writing to JSON: jsonEnabled=false logStream=false type=JH_SM (Send Message)_REPLY
[ExecLibrary] replyMsg: Putting message 0x1034f0 to replyPort 0x1035f0
[ExecLibrary] PutMsg: Calling Signal(task=0xbf00, mask=0x10000) sigBit=16 portName=AEDoorRP.010
[ExecLibrary] Signal APPLIED: sigRecvd 0x50000 -> 0x50000, sigWait=0x0, isWaiting=false
[ExecLibrary] replyMsg: Message delivered to replyPort
[DoorLifecycleManager] doorMessageCallback: Message handled for cmd=4 (XIM handler replied)
[ExecLibrary][Trap][WaitPort] port=0x1035f0 name=AEDoorRP.010
[ExecLibrary][Trap][GetMsg] port=0x1035f0 name=AEDoorRP.010
[ExecLibrary][GetMsg] Door received message:
  ln_Type=6 (6=NT_REPLYMSG)
  Command=4 (at 0xE0)
  Data=1 (at 0xDC)
  String="" (at 0x14)
[XIMMessageParser] Parsed jhMessage:
  Address: 0x1034f0
  Length: 256 (layout=long)
  Reply Port: 0x1035f0
  Command: 4 (JH_SM (Send Message))
  Data: 0 (0x0)
  Node: 2, Line: 14
  Signal: 0, Task: 0x0
  Semi: 0xb0000
  Filler1: 0x0, Filler2: 0x0
  StrPtr: n/a, Filler3: n/a
  String: "[34m| [36m11 [34m| [36m                  [34m| [36m                  [3"
[XIMProtocol] handleMessage: cmd=4 (JH_SM (Send Message)) usedXimInput=false string="[34m| [36m11 [34m| [36m                  [34"
[XIMLogger] NOT writing to JSON: jsonEnabled=false logStream=false type=JH_SM (Send Message)
[XIMLogger] NOT writing to JSON: jsonEnabled=false logStream=false type=JH_SM (Send Message)_REPLY
[ExecLibrary] replyMsg: Putting message 0x1034f0 to replyPort 0x1035f0
[ExecLibrary] PutMsg: Calling Signal(task=0xbf00, mask=0x10000) sigBit=16 portName=AEDoorRP.010
[ExecLibrary] Signal APPLIED: sigRecvd 0x50000 -> 0x50000, sigWait=0x0, isWaiting=false
[ExecLibrary] replyMsg: Message delivered to replyPort
[DoorLifecycleManager] doorMessageCallback: Message handled for cmd=4 (XIM handler replied)
[ExecLibrary][Trap][WaitPort] port=0x1035f0 name=AEDoorRP.010
[ExecLibrary][Trap][GetMsg] port=0x1035f0 name=AEDoorRP.010
[ExecLibrary][GetMsg] Door received message:
  ln_Type=6 (6=NT_REPLYMSG)
  Command=4 (at 0xE0)
  Data=1 (at 0xDC)
  String="[34m| [36m11 [34m| [36m    " (at 0x14)
[XIMMessageParser] Parsed jhMessage:
  Address: 0x1034f0
  Length: 256 (layout=long)
  Reply Port: 0x1035f0
  Command: 4 (JH_SM (Send Message))
  Data: 0 (0x0)
  Node: 2, Line: 14
  Signal: 0, Task: 0x0
  Semi: 0xb0000
  Filler1: 0x0, Filler2: 0x0
  StrPtr: n/a, Filler3: n/a
  String: "4m| [36msMOKING a jOINT [34m| [36m             [34m|"
[XIMProtocol] handleMessage: cmd=4 (JH_SM (Send Message)) usedXimInput=false string="4m| [36msMOKING a jOINT [34m| [36m             "
[XIMLogger] NOT writing to JSON: jsonEnabled=false logStream=false type=JH_SM (Send Message)
[XIMLogger] NOT writing to JSON: jsonEnabled=false logStream=false type=JH_SM (Send Message)_REPLY
[ExecLibrary] replyMsg: Putting message 0x1034f0 to replyPort 0x1035f0
[ExecLibrary] PutMsg: Calling Signal(task=0xbf00, mask=0x10000) sigBit=16 portName=AEDoorRP.010
[ExecLibrary] Signal APPLIED: sigRecvd 0x50000 -> 0x50000, sigWait=0x0, isWaiting=false
[ExecLibrary] replyMsg: Message delivered to replyPort
[DoorLifecycleManager] doorMessageCallback: Message handled for cmd=4 (XIM handler replied)
[ExecLibrary][Trap][WaitPort] port=0x1035f0 name=AEDoorRP.010
[ExecLibrary][Trap][GetMsg] port=0x1035f0 name=AEDoorRP.010
[ExecLibrary][GetMsg] Door received message:
  ln_Type=6 (6=NT_REPLYMSG)
  Command=4 (at 0xE0)
  Data=1 (at 0xDC)
  String="4m| [36msMOKING a jOINT [34m| " (at 0x14)
[XIMMessageParser] Parsed jhMessage:
  Address: 0x1034f0
  Length: 256 (layout=long)
  Reply Port: 0x1035f0
  Command: 4 (JH_SM (Send Message))
  Data: 1 (0x1)
  Node: 2, Line: 14
  Signal: 0, Task: 0x0
  Semi: 0xb0000
  Filler1: 0x0, Filler2: 0x0
  StrPtr: n/a, Filler3: n/a
  String: ""
[XIMProtocol] handleMessage: cmd=4 (JH_SM (Send Message)) usedXimInput=false string=""
[XIMLogger] NOT writing to JSON: jsonEnabled=false logStream=false type=JH_SM (Send Message)
[XIMLogger] NOT writing to JSON: jsonEnabled=false logStream=false type=JH_SM (Send Message)_REPLY
[ExecLibrary] replyMsg: Putting message 0x1034f0 to replyPort 0x1035f0
[ExecLibrary] PutMsg: Calling Signal(task=0xbf00, mask=0x10000) sigBit=16 portName=AEDoorRP.010
[ExecLibrary] Signal APPLIED: sigRecvd 0x50000 -> 0x50000, sigWait=0x0, isWaiting=false
[ExecLibrary] replyMsg: Message delivered to replyPort
[DoorLifecycleManager] doorMessageCallback: Message handled for cmd=4 (XIM handler replied)
[ExecLibrary][Trap][WaitPort] port=0x1035f0 name=AEDoorRP.010
[ExecLibrary][Trap][GetMsg] port=0x1035f0 name=AEDoorRP.010
[ExecLibrary][GetMsg] Door received message:
  ln_Type=6 (6=NT_REPLYMSG)
  Command=4 (at 0xE0)
  Data=1 (at 0xDC)
  String="" (at 0x14)
[XIMMessageParser] Parsed jhMessage:
  Address: 0x1034f0
  Length: 256 (layout=long)
  Reply Port: 0x1035f0
  Command: 4 (JH_SM (Send Message))
  Data: 0 (0x0)
  Node: 2, Line: 15
  Signal: 0, Task: 0x0
  Semi: 0xb0000
  Filler1: 0x0, Filler2: 0x0
  StrPtr: n/a, Filler3: n/a
  String: "[34m| [36m12 [34m| [36mibrary            [34m| [36m                 [3"
[XIMProtocol] handleMessage: cmd=4 (JH_SM (Send Message)) usedXimInput=false string="[34m| [36m12 [34m| [36mibrary            [34"
[XIMLogger] NOT writing to JSON: jsonEnabled=false logStream=false type=JH_SM (Send Message)
[XIMLogger] NOT writing to JSON: jsonEnabled=false logStream=false type=JH_SM (Send Message)_REPLY
[ExecLibrary] replyMsg: Putting message 0x1034f0 to replyPort 0x1035f0
[ExecLibrary] PutMsg: Calling Signal(task=0xbf00, mask=0x10000) sigBit=16 portName=AEDoorRP.010
[ExecLibrary] Signal APPLIED: sigRecvd 0x50000 -> 0x50000, sigWait=0x0, isWaiting=false
[ExecLibrary] replyMsg: Message delivered to replyPort
[DoorLifecycleManager] doorMessageCallback: Message handled for cmd=4 (XIM handler replied)
[ExecLibrary][Trap][WaitPort] port=0x1035f0 name=AEDoorRP.010
[ExecLibrary][Trap][GetMsg] port=0x1035f0 name=AEDoorRP.010
[ExecLibrary][GetMsg] Door received message:
  ln_Type=6 (6=NT_REPLYMSG)
  Command=4 (at 0xE0)
  Data=1 (at 0xDC)
  String="[34m| [36m12 [34m| [36mibra" (at 0x14)
[XIMMessageParser] Parsed jhMessage:
  Address: 0x1034f0
  Length: 256 (layout=long)
  Reply Port: 0x1035f0
  Command: 4 (JH_SM (Send Message))
  Data: 0 (0x0)
  Node: 2, Line: 15
  Signal: 0, Task: 0x0
  Semi: 0xb0000
  Filler1: 0x0, Filler2: 0x0
  StrPtr: n/a, Filler3: n/a
  String: "4m| [36mcARRIER lOST :- [34m| [36m             [34m|"
[XIMProtocol] handleMessage: cmd=4 (JH_SM (Send Message)) usedXimInput=false string="4m| [36mcARRIER lOST :- [34m| [36m             "
[XIMLogger] NOT writing to JSON: jsonEnabled=false logStream=false type=JH_SM (Send Message)
[XIMLogger] NOT writing to JSON: jsonEnabled=false logStream=false type=JH_SM (Send Message)_REPLY
[ExecLibrary] replyMsg: Putting message 0x1034f0 to replyPort 0x1035f0
[ExecLibrary] PutMsg: Calling Signal(task=0xbf00, mask=0x10000) sigBit=16 portName=AEDoorRP.010
[ExecLibrary] Signal APPLIED: sigRecvd 0x50000 -> 0x50000, sigWait=0x0, isWaiting=false
[ExecLibrary] replyMsg: Message delivered to replyPort
[DoorLifecycleManager] doorMessageCallback: Message handled for cmd=4 (XIM handler replied)
[ExecLibrary][Trap][WaitPort] port=0x1035f0 name=AEDoorRP.010
[ExecLibrary][Trap][GetMsg] port=0x1035f0 name=AEDoorRP.010
[ExecLibrary][GetMsg] Door received message:
  ln_Type=6 (6=NT_REPLYMSG)
  Command=4 (at 0xE0)
  Data=1 (at 0xDC)
  String="4m| [36mcARRIER lOST :- [34m| " (at 0x14)
[XIMMessageParser] Parsed jhMessage:
  Address: 0x1034f0
  Length: 256 (layout=long)
  Reply Port: 0x1035f0
  Command: 4 (JH_SM (Send Message))
  Data: 1 (0x1)
  Node: 2, Line: 15
  Signal: 0, Task: 0x0
  Semi: 0xb0000
  Filler1: 0x0, Filler2: 0x0
  StrPtr: n/a, Filler3: n/a
  String: ""
[XIMProtocol] handleMessage: cmd=4 (JH_SM (Send Message)) usedXimInput=false string=""
[XIMLogger] NOT writing to JSON: jsonEnabled=false logStream=false type=JH_SM (Send Message)
[XIMLogger] NOT writing to JSON: jsonEnabled=false logStream=false type=JH_SM (Send Message)_REPLY
[ExecLibrary] replyMsg: Putting message 0x1034f0 to replyPort 0x1035f0
[ExecLibrary] PutMsg: Calling Signal(task=0xbf00, mask=0x10000) sigBit=16 portName=AEDoorRP.010
[ExecLibrary] Signal APPLIED: sigRecvd 0x50000 -> 0x50000, sigWait=0x0, isWaiting=false
[ExecLibrary] replyMsg: Message delivered to replyPort
[DoorLifecycleManager] doorMessageCallback: Message handled for cmd=4 (XIM handler replied)
[ExecLibrary][Trap][WaitPort] port=0x1035f0 name=AEDoorRP.010
[ExecLibrary][Trap][GetMsg] port=0x1035f0 name=AEDoorRP.010
[ExecLibrary][GetMsg] Door received message:
  ln_Type=6 (6=NT_REPLYMSG)
  Command=4 (at 0xE0)
  Data=1 (at 0xDC)
  String="" (at 0x14)
[XIMMessageParser] Parsed jhMessage:
  Address: 0x1034f0
  Length: 256 (layout=long)
  Reply Port: 0x1035f0
  Command: 4 (JH_SM (Send Message))
  Data: 0 (0x0)
  Node: 2, Line: 16
  Signal: 0, Task: 0x0
  Semi: 0xb0000
  Filler1: 0x0, Filler2: 0x0
  StrPtr: n/a, Filler3: n/a
  String: "[34m| [36m13 [34m| [36m                  [34m| [36m                  [3"
[XIMProtocol] handleMessage: cmd=4 (JH_SM (Send Message)) usedXimInput=false string="[34m| [36m13 [34m| [36m                  [34"
[XIMLogger] NOT writing to JSON: jsonEnabled=false logStream=false type=JH_SM (Send Message)
[XIMLogger] NOT writing to JSON: jsonEnabled=false logStream=false type=JH_SM (Send Message)_REPLY
[ExecLibrary] replyMsg: Putting message 0x1034f0 to replyPort 0x1035f0
[ExecLibrary] PutMsg: Calling Signal(task=0xbf00, mask=0x10000) sigBit=16 portName=AEDoorRP.010
[ExecLibrary] Signal APPLIED: sigRecvd 0x50000 -> 0x50000, sigWait=0x0, isWaiting=false
[ExecLibrary] replyMsg: Message delivered to replyPort
[DoorLifecycleManager] doorMessageCallback: Message handled for cmd=4 (XIM handler replied)
[ExecLibrary][Trap][WaitPort] port=0x1035f0 name=AEDoorRP.010
[ExecLibrary][Trap][GetMsg] port=0x1035f0 name=AEDoorRP.010
[ExecLibrary][GetMsg] Door received message:
  ln_Type=6 (6=NT_REPLYMSG)
  Command=4 (at 0xE0)
  Data=1 (at 0xDC)
  String="[34m| [36m13 [34m| [36m    " (at 0x14)
[XIMMessageParser] Parsed jhMessage:
  Address: 0x1034f0
  Length: 256 (layout=long)
  Reply Port: 0x1035f0
  Command: 4 (JH_SM (Send Message))
  Data: 0 (0x0)
  Node: 2, Line: 16
  Signal: 0, Task: 0x0
  Semi: 0xb0000
  Filler1: 0x0, Filler2: 0x0
  StrPtr: n/a, Filler3: n/a
  String: "4m| [36msMOKING a jOINT [34m| [36m             [34m|"
[XIMProtocol] handleMessage: cmd=4 (JH_SM (Send Message)) usedXimInput=false string="4m| [36msMOKING a jOINT [34m| [36m             "
[XIMLogger] NOT writing to JSON: jsonEnabled=false logStream=false type=JH_SM (Send Message)
[XIMLogger] NOT writing to JSON: jsonEnabled=false logStream=false type=JH_SM (Send Message)_REPLY
[ExecLibrary] replyMsg: Putting message 0x1034f0 to replyPort 0x1035f0
[ExecLibrary] PutMsg: Calling Signal(task=0xbf00, mask=0x10000) sigBit=16 portName=AEDoorRP.010
[ExecLibrary] Signal APPLIED: sigRecvd 0x50000 -> 0x50000, sigWait=0x0, isWaiting=false
[ExecLibrary] replyMsg: Message delivered to replyPort
[DoorLifecycleManager] doorMessageCallback: Message handled for cmd=4 (XIM handler replied)
[ExecLibrary][Trap][WaitPort] port=0x1035f0 name=AEDoorRP.010
[ExecLibrary][Trap][GetMsg] port=0x1035f0 name=AEDoorRP.010
[ExecLibrary][GetMsg] Door received message:
  ln_Type=6 (6=NT_REPLYMSG)
  Command=4 (at 0xE0)
  Data=1 (at 0xDC)
  String="4m| [36msMOKING a jOINT [34m| " (at 0x14)
[XIMMessageParser] Parsed jhMessage:
  Address: 0x1034f0
  Length: 256 (layout=long)
  Reply Port: 0x1035f0
  Command: 4 (JH_SM (Send Message))
  Data: 1 (0x1)
  Node: 2, Line: 16
  Signal: 0, Task: 0x0
  Semi: 0xb0000
  Filler1: 0x0, Filler2: 0x0
  StrPtr: n/a, Filler3: n/a
  String: ""
[XIMProtocol] handleMessage: cmd=4 (JH_SM (Send Message)) usedXimInput=false string=""
[XIMLogger] NOT writing to JSON: jsonEnabled=false logStream=false type=JH_SM (Send Message)
[XIMLogger] NOT writing to JSON: jsonEnabled=false logStream=false type=JH_SM (Send Message)_REPLY
[ExecLibrary] replyMsg: Putting message 0x1034f0 to replyPort 0x1035f0
[ExecLibrary] PutMsg: Calling Signal(task=0xbf00, mask=0x10000) sigBit=16 portName=AEDoorRP.010
[ExecLibrary] Signal APPLIED: sigRecvd 0x50000 -> 0x50000, sigWait=0x0, isWaiting=false
[ExecLibrary] replyMsg: Message delivered to replyPort
[DoorLifecycleManager] doorMessageCallback: Message handled for cmd=4 (XIM handler replied)
[ExecLibrary][Trap][WaitPort] port=0x1035f0 name=AEDoorRP.010
[ExecLibrary][Trap][GetMsg] port=0x1035f0 name=AEDoorRP.010
[ExecLibrary][GetMsg] Door received message:
  ln_Type=6 (6=NT_REPLYMSG)
  Command=4 (at 0xE0)
  Data=1 (at 0xDC)
  String="" (at 0x14)
[XIMMessageParser] Parsed jhMessage:
  Address: 0x1034f0
  Length: 256 (layout=long)
  Reply Port: 0x1035f0
  Command: 4 (JH_SM (Send Message))
  Data: 0 (0x0)
  Node: 2, Line: 17
  Signal: 0, Task: 0x0
  Semi: 0xb0000
  Filler1: 0x0, Filler2: 0x0
  StrPtr: n/a, Filler3: n/a
  String: "[34m| [36m14 [34m| [36m                  [34m| [36m                  [3"
[XIMProtocol] handleMessage: cmd=4 (JH_SM (Send Message)) usedXimInput=false string="[34m| [36m14 [34m| [36m                  [34"
[XIMLogger] NOT writing to JSON: jsonEnabled=false logStream=false type=JH_SM (Send Message)
[XIMLogger] NOT writing to JSON: jsonEnabled=false logStream=false type=JH_SM (Send Message)_REPLY
[ExecLibrary] replyMsg: Putting message 0x1034f0 to replyPort 0x1035f0
[ExecLibrary] PutMsg: Calling Signal(task=0xbf00, mask=0x10000) sigBit=16 portName=AEDoorRP.010
[ExecLibrary] Signal APPLIED: sigRecvd 0x50000 -> 0x50000, sigWait=0x0, isWaiting=false
[ExecLibrary] replyMsg: Message delivered to replyPort
[DoorLifecycleManager] doorMessageCallback: Message handled for cmd=4 (XIM handler replied)
[ExecLibrary][Trap][WaitPort] port=0x1035f0 name=AEDoorRP.010
[ExecLibrary][Trap][GetMsg] port=0x1035f0 name=AEDoorRP.010
[ExecLibrary][GetMsg] Door received message:
  ln_Type=6 (6=NT_REPLYMSG)
  Command=4 (at 0xE0)
  Data=1 (at 0xDC)
  String="[34m| [36m14 [34m| [36m    " (at 0x14)
[XIMMessageParser] Parsed jhMessage:
  Address: 0x1034f0
  Length: 256 (layout=long)
  Reply Port: 0x1035f0
  Command: 4 (JH_SM (Send Message))
  Data: 0 (0x0)
  Node: 2, Line: 17
  Signal: 0, Task: 0x0
  Semi: 0xb0000
  Filler1: 0x0, Filler2: 0x0
  StrPtr: n/a, Filler3: n/a
  String: "4m| [36msMOKING a jOINT [34m| [36m             [34m|"
[XIMProtocol] handleMessage: cmd=4 (JH_SM (Send Message)) usedXimInput=false string="4m| [36msMOKING a jOINT [34m| [36m             "
[XIMLogger] NOT writing to JSON: jsonEnabled=false logStream=false type=JH_SM (Send Message)
[XIMLogger] NOT writing to JSON: jsonEnabled=false logStream=false type=JH_SM (Send Message)_REPLY
[ExecLibrary] replyMsg: Putting message 0x1034f0 to replyPort 0x1035f0
[ExecLibrary] PutMsg: Calling Signal(task=0xbf00, mask=0x10000) sigBit=16 portName=AEDoorRP.010
[ExecLibrary] Signal APPLIED: sigRecvd 0x50000 -> 0x50000, sigWait=0x0, isWaiting=false
[ExecLibrary] replyMsg: Message delivered to replyPort
[DoorLifecycleManager] doorMessageCallback: Message handled for cmd=4 (XIM handler replied)
[ExecLibrary][Trap][WaitPort] port=0x1035f0 name=AEDoorRP.010
[ExecLibrary][Trap][GetMsg] port=0x1035f0 name=AEDoorRP.010
[ExecLibrary][GetMsg] Door received message:
  ln_Type=6 (6=NT_REPLYMSG)
  Command=4 (at 0xE0)
  Data=1 (at 0xDC)
  String="4m| [36msMOKING a jOINT [34m| " (at 0x14)
[XIMMessageParser] Parsed jhMessage:
  Address: 0x1034f0
  Length: 256 (layout=long)
  Reply Port: 0x1035f0
  Command: 4 (JH_SM (Send Message))
  Data: 1 (0x1)
  Node: 2, Line: 17
  Signal: 0, Task: 0x0
  Semi: 0xb0000
  Filler1: 0x0, Filler2: 0x0
  StrPtr: n/a, Filler3: n/a
  String: ""
[XIMProtocol] handleMessage: cmd=4 (JH_SM (Send Message)) usedXimInput=false string=""
[XIMLogger] NOT writing to JSON: jsonEnabled=false logStream=false type=JH_SM (Send Message)
[XIMLogger] NOT writing to JSON: jsonEnabled=false logStream=false type=JH_SM (Send Message)_REPLY
[ExecLibrary] replyMsg: Putting message 0x1034f0 to replyPort 0x1035f0
[ExecLibrary] PutMsg: Calling Signal(task=0xbf00, mask=0x10000) sigBit=16 portName=AEDoorRP.010
[ExecLibrary] Signal APPLIED: sigRecvd 0x50000 -> 0x50000, sigWait=0x0, isWaiting=false
[ExecLibrary] replyMsg: Message delivered to replyPort
[DoorLifecycleManager] doorMessageCallback: Message handled for cmd=4 (XIM handler replied)
[ExecLibrary][Trap][WaitPort] port=0x1035f0 name=AEDoorRP.010
[ExecLibrary][Trap][GetMsg] port=0x1035f0 name=AEDoorRP.010
[ExecLibrary][GetMsg] Door received message:
  ln_Type=6 (6=NT_REPLYMSG)
  Command=4 (at 0xE0)
  Data=1 (at 0xDC)
  String="" (at 0x14)
[XIMMessageParser] Parsed jhMessage:
  Address: 0x1034f0
  Length: 256 (layout=long)
  Reply Port: 0x1035f0
  Command: 4 (JH_SM (Send Message))
  Data: 0 (0x0)
  Node: 2, Line: 18
  Signal: 0, Task: 0x0
  Semi: 0xb0000
  Filler1: 0x0, Filler2: 0x0
  StrPtr: n/a, Filler3: n/a
  String: "[34m| [36m15 [34m| [36m                  [34m| [36m                  [3"
[XIMProtocol] handleMessage: cmd=4 (JH_SM (Send Message)) usedXimInput=false string="[34m| [36m15 [34m| [36m                  [34"
[XIMLogger] NOT writing to JSON: jsonEnabled=false logStream=false type=JH_SM (Send Message)
[XIMLogger] NOT writing to JSON: jsonEnabled=false logStream=false type=JH_SM (Send Message)_REPLY
[ExecLibrary] replyMsg: Putting message 0x1034f0 to replyPort 0x1035f0
[ExecLibrary] PutMsg: Calling Signal(task=0xbf00, mask=0x10000) sigBit=16 portName=AEDoorRP.010
[ExecLibrary] Signal APPLIED: sigRecvd 0x50000 -> 0x50000, sigWait=0x0, isWaiting=false
[ExecLibrary] replyMsg: Message delivered to replyPort
[DoorLifecycleManager] doorMessageCallback: Message handled for cmd=4 (XIM handler replied)
[ExecLibrary][Trap][WaitPort] port=0x1035f0 name=AEDoorRP.010
[ExecLibrary][Trap][GetMsg] port=0x1035f0 name=AEDoorRP.010
[ExecLibrary][GetMsg] Door received message:
  ln_Type=6 (6=NT_REPLYMSG)
  Command=4 (at 0xE0)
  Data=1 (at 0xDC)
  String="[34m| [36m15 [34m| [36m    " (at 0x14)
[XIMMessageParser] Parsed jhMessage:
  Address: 0x1034f0
  Length: 256 (layout=long)
  Reply Port: 0x1035f0
  Command: 4 (JH_SM (Send Message))
  Data: 0 (0x0)
  Node: 2, Line: 18
  Signal: 0, Task: 0x0
  Semi: 0xb0000
  Filler1: 0x0, Filler2: 0x0
  StrPtr: n/a, Filler3: n/a
  String: "4m| [36msMOKING a jOINT [34m| [36m             [34m|"
[XIMProtocol] handleMessage: cmd=4 (JH_SM (Send Message)) usedXimInput=false string="4m| [36msMOKING a jOINT [34m| [36m             "
[XIMLogger] NOT writing to JSON: jsonEnabled=false logStream=false type=JH_SM (Send Message)
[XIMLogger] NOT writing to JSON: jsonEnabled=false logStream=false type=JH_SM (Send Message)_REPLY
[ExecLibrary] replyMsg: Putting message 0x1034f0 to replyPort 0x1035f0
[ExecLibrary] PutMsg: Calling Signal(task=0xbf00, mask=0x10000) sigBit=16 portName=AEDoorRP.010
[ExecLibrary] Signal APPLIED: sigRecvd 0x50000 -> 0x50000, sigWait=0x0, isWaiting=false
[ExecLibrary] replyMsg: Message delivered to replyPort
[DoorLifecycleManager] doorMessageCallback: Message handled for cmd=4 (XIM handler replied)
[ExecLibrary][Trap][WaitPort] port=0x1035f0 name=AEDoorRP.010
[ExecLibrary][Trap][GetMsg] port=0x1035f0 name=AEDoorRP.010
[ExecLibrary][GetMsg] Door received message:
  ln_Type=6 (6=NT_REPLYMSG)
  Command=4 (at 0xE0)
  Data=1 (at 0xDC)
  String="4m| [36msMOKING a jOINT [34m| " (at 0x14)
[XIMMessageParser] Parsed jhMessage:
  Address: 0x1034f0
  Length: 256 (layout=long)
  Reply Port: 0x1035f0
  Command: 4 (JH_SM (Send Message))
  Data: 1 (0x1)
  Node: 2, Line: 18
  Signal: 0, Task: 0x0
  Semi: 0xb0000
  Filler1: 0x0, Filler2: 0x0
  StrPtr: n/a, Filler3: n/a
  String: ""
[XIMProtocol] handleMessage: cmd=4 (JH_SM (Send Message)) usedXimInput=false string=""
[XIMLogger] NOT writing to JSON: jsonEnabled=false logStream=false type=JH_SM (Send Message)
[XIMLogger] NOT writing to JSON: jsonEnabled=false logStream=false type=JH_SM (Send Message)_REPLY
[ExecLibrary] replyMsg: Putting message 0x1034f0 to replyPort 0x1035f0
[ExecLibrary] PutMsg: Calling Signal(task=0xbf00, mask=0x10000) sigBit=16 portName=AEDoorRP.010
[ExecLibrary] Signal APPLIED: sigRecvd 0x50000 -> 0x50000, sigWait=0x0, isWaiting=false
[ExecLibrary] replyMsg: Message delivered to replyPort
[DoorLifecycleManager] doorMessageCallback: Message handled for cmd=4 (XIM handler replied)
[ExecLibrary][Trap][WaitPort] port=0x1035f0 name=AEDoorRP.010
[ExecLibrary][Trap][GetMsg] port=0x1035f0 name=AEDoorRP.010
[ExecLibrary][GetMsg] Door received message:
  ln_Type=6 (6=NT_REPLYMSG)
  Command=4 (at 0xE0)
  Data=1 (at 0xDC)
  String="" (at 0x14)
[XIMMessageParser] Parsed jhMessage:
  Address: 0x1034f0
  Length: 256 (layout=long)
  Reply Port: 0x1035f0
  Command: 4 (JH_SM (Send Message))
  Data: 0 (0x0)
  Node: 2, Line: 19
  Signal: 0, Task: 0x0
  Semi: 0xb0000
  Filler1: 0x0, Filler2: 0x0
  StrPtr: n/a, Filler3: n/a
  String: "[34m| [36m16 [34m| [36m                  [34m| [36m                  [3"
[XIMProtocol] handleMessage: cmd=4 (JH_SM (Send Message)) usedXimInput=false string="[34m| [36m16 [34m| [36m                  [34"
[XIMLogger] NOT writing to JSON: jsonEnabled=false logStream=false type=JH_SM (Send Message)
[XIMLogger] NOT writing to JSON: jsonEnabled=false logStream=false type=JH_SM (Send Message)_REPLY
[ExecLibrary] replyMsg: Putting message 0x1034f0 to replyPort 0x1035f0
[ExecLibrary] PutMsg: Calling Signal(task=0xbf00, mask=0x10000) sigBit=16 portName=AEDoorRP.010
[ExecLibrary] Signal APPLIED: sigRecvd 0x50000 -> 0x50000, sigWait=0x0, isWaiting=false
[ExecLibrary] replyMsg: Message delivered to replyPort
[DoorLifecycleManager] doorMessageCallback: Message handled for cmd=4 (XIM handler replied)
[ExecLibrary][Trap][WaitPort] port=0x1035f0 name=AEDoorRP.010
[ExecLibrary][Trap][GetMsg] port=0x1035f0 name=AEDoorRP.010
[ExecLibrary][GetMsg] Door received message:
  ln_Type=6 (6=NT_REPLYMSG)
  Command=4 (at 0xE0)
  Data=1 (at 0xDC)
  String="[34m| [36m16 [34m| [36m    " (at 0x14)
[XIMMessageParser] Parsed jhMessage:
  Address: 0x1034f0
  Length: 256 (layout=long)
  Reply Port: 0x1035f0
  Command: 4 (JH_SM (Send Message))
  Data: 0 (0x0)
  Node: 2, Line: 19
  Signal: 0, Task: 0x0
  Semi: 0xb0000
  Filler1: 0x0, Filler2: 0x0
  StrPtr: n/a, Filler3: n/a
  String: "4m| [36msMOKING a jOINT [34m| [36m             [34m|"
[XIMProtocol] handleMessage: cmd=4 (JH_SM (Send Message)) usedXimInput=false string="4m| [36msMOKING a jOINT [34m| [36m             "
[XIMLogger] NOT writing to JSON: jsonEnabled=false logStream=false type=JH_SM (Send Message)
[XIMLogger] NOT writing to JSON: jsonEnabled=false logStream=false type=JH_SM (Send Message)_REPLY
[ExecLibrary] replyMsg: Putting message 0x1034f0 to replyPort 0x1035f0
[ExecLibrary] PutMsg: Calling Signal(task=0xbf00, mask=0x10000) sigBit=16 portName=AEDoorRP.010
[ExecLibrary] Signal APPLIED: sigRecvd 0x50000 -> 0x50000, sigWait=0x0, isWaiting=false
[ExecLibrary] replyMsg: Message delivered to replyPort
[DoorLifecycleManager] doorMessageCallback: Message handled for cmd=4 (XIM handler replied)
[ExecLibrary][Trap][WaitPort] port=0x1035f0 name=AEDoorRP.010
[ExecLibrary][Trap][GetMsg] port=0x1035f0 name=AEDoorRP.010
[ExecLibrary][GetMsg] Door received message:
  ln_Type=6 (6=NT_REPLYMSG)
  Command=4 (at 0xE0)
  Data=1 (at 0xDC)
  String="4m| [36msMOKING a jOINT [34m| " (at 0x14)
[XIMMessageParser] Parsed jhMessage:
  Address: 0x1034f0
  Length: 256 (layout=long)
  Reply Port: 0x1035f0
  Command: 4 (JH_SM (Send Message))
  Data: 1 (0x1)
  Node: 2, Line: 19
  Signal: 0, Task: 0x0
  Semi: 0xb0000
  Filler1: 0x0, Filler2: 0x0
  StrPtr: n/a, Filler3: n/a
  String: ""
[XIMProtocol] handleMessage: cmd=4 (JH_SM (Send Message)) usedXimInput=false string=""
[XIMLogger] NOT writing to JSON: jsonEnabled=false logStream=false type=JH_SM (Send Message)
[XIMLogger] NOT writing to JSON: jsonEnabled=false logStream=false type=JH_SM (Send Message)_REPLY
[ExecLibrary] replyMsg: Putting message 0x1034f0 to replyPort 0x1035f0
[ExecLibrary] PutMsg: Calling Signal(task=0xbf00, mask=0x10000) sigBit=16 portName=AEDoorRP.010
[ExecLibrary] Signal APPLIED: sigRecvd 0x50000 -> 0x50000, sigWait=0x0, isWaiting=false
[ExecLibrary] replyMsg: Message delivered to replyPort
[DoorLifecycleManager] doorMessageCallback: Message handled for cmd=4 (XIM handler replied)
[ExecLibrary][Trap][WaitPort] port=0x1035f0 name=AEDoorRP.010
[ExecLibrary][Trap][GetMsg] port=0x1035f0 name=AEDoorRP.010
[ExecLibrary][GetMsg] Door received message:
  ln_Type=6 (6=NT_REPLYMSG)
  Command=4 (at 0xE0)
  Data=1 (at 0xDC)
  String="" (at 0x14)
[XIMMessageParser] Parsed jhMessage:
  Address: 0x1034f0
  Length: 256 (layout=long)
  Reply Port: 0x1035f0
  Command: 4 (JH_SM (Send Message))
  Data: 0 (0x0)
  Node: 2, Line: 20
  Signal: 0, Task: 0x0
  Semi: 0xb0000
  Filler1: 0x0, Filler2: 0x0
  StrPtr: n/a, Filler3: n/a
  String: "[34m| [36m17 [34m| [36m                  [34m| [36m                  [3"
[XIMProtocol] handleMessage: cmd=4 (JH_SM (Send Message)) usedXimInput=false string="[34m| [36m17 [34m| [36m                  [34"
[XIMLogger] NOT writing to JSON: jsonEnabled=false logStream=false type=JH_SM (Send Message)
[XIMLogger] NOT writing to JSON: jsonEnabled=false logStream=false type=JH_SM (Send Message)_REPLY
[ExecLibrary] replyMsg: Putting message 0x1034f0 to replyPort 0x1035f0
[ExecLibrary] PutMsg: Calling Signal(task=0xbf00, mask=0x10000) sigBit=16 portName=AEDoorRP.010
[ExecLibrary] Signal APPLIED: sigRecvd 0x50000 -> 0x50000, sigWait=0x0, isWaiting=false
[ExecLibrary] replyMsg: Message delivered to replyPort
[DoorLifecycleManager] doorMessageCallback: Message handled for cmd=4 (XIM handler replied)
[ExecLibrary][Trap][WaitPort] port=0x1035f0 name=AEDoorRP.010
[ExecLibrary][Trap][GetMsg] port=0x1035f0 name=AEDoorRP.010
[ExecLibrary][GetMsg] Door received message:
  ln_Type=6 (6=NT_REPLYMSG)
  Command=4 (at 0xE0)
  Data=1 (at 0xDC)
  String="[34m| [36m17 [34m| [36m    " (at 0x14)
[XIMMessageParser] Parsed jhMessage:
  Address: 0x1034f0
  Length: 256 (layout=long)
  Reply Port: 0x1035f0
  Command: 4 (JH_SM (Send Message))
  Data: 0 (0x0)
  Node: 2, Line: 20
  Signal: 0, Task: 0x0
  Semi: 0xb0000
  Filler1: 0x0, Filler2: 0x0
  StrPtr: n/a, Filler3: n/a
  String: "4m| [36msMOKING a jOINT [34m| [36m             [34m|"
[XIMProtocol] handleMessage: cmd=4 (JH_SM (Send Message)) usedXimInput=false string="4m| [36msMOKING a jOINT [34m| [36m             "
[XIMLogger] NOT writing to JSON: jsonEnabled=false logStream=false type=JH_SM (Send Message)
[XIMLogger] NOT writing to JSON: jsonEnabled=false logStream=false type=JH_SM (Send Message)_REPLY
[ExecLibrary] replyMsg: Putting message 0x1034f0 to replyPort 0x1035f0
[ExecLibrary] PutMsg: Calling Signal(task=0xbf00, mask=0x10000) sigBit=16 portName=AEDoorRP.010
[ExecLibrary] Signal APPLIED: sigRecvd 0x50000 -> 0x50000, sigWait=0x0, isWaiting=false
[ExecLibrary] replyMsg: Message delivered to replyPort
[DoorLifecycleManager] doorMessageCallback: Message handled for cmd=4 (XIM handler replied)
[ExecLibrary][Trap][WaitPort] port=0x1035f0 name=AEDoorRP.010
[ExecLibrary][Trap][GetMsg] port=0x1035f0 name=AEDoorRP.010
[ExecLibrary][GetMsg] Door received message:
  ln_Type=6 (6=NT_REPLYMSG)
  Command=4 (at 0xE0)
  Data=1 (at 0xDC)
  String="4m| [36msMOKING a jOINT [34m| " (at 0x14)
[XIMMessageParser] Parsed jhMessage:
  Address: 0x1034f0
  Length: 256 (layout=long)
  Reply Port: 0x1035f0
  Command: 4 (JH_SM (Send Message))
  Data: 1 (0x1)
  Node: 2, Line: 20
  Signal: 0, Task: 0x0
  Semi: 0xb0000
  Filler1: 0x0, Filler2: 0x0
  StrPtr: n/a, Filler3: n/a
  String: ""
[XIMProtocol] handleMessage: cmd=4 (JH_SM (Send Message)) usedXimInput=false string=""
[XIMLogger] NOT writing to JSON: jsonEnabled=false logStream=false type=JH_SM (Send Message)
[XIMLogger] NOT writing to JSON: jsonEnabled=false logStream=false type=JH_SM (Send Message)_REPLY
[ExecLibrary] replyMsg: Putting message 0x1034f0 to replyPort 0x1035f0
[ExecLibrary] PutMsg: Calling Signal(task=0xbf00, mask=0x10000) sigBit=16 portName=AEDoorRP.010
[ExecLibrary] Signal APPLIED: sigRecvd 0x50000 -> 0x50000, sigWait=0x0, isWaiting=false
[ExecLibrary] replyMsg: Message delivered to replyPort
[DoorLifecycleManager] doorMessageCallback: Message handled for cmd=4 (XIM handler replied)
[ExecLibrary][Trap][WaitPort] port=0x1035f0 name=AEDoorRP.010
[ExecLibrary][Trap][GetMsg] port=0x1035f0 name=AEDoorRP.010
[ExecLibrary][GetMsg] Door received message:
  ln_Type=6 (6=NT_REPLYMSG)
  Command=4 (at 0xE0)
  Data=1 (at 0xDC)
  String="" (at 0x14)
[XIMMessageParser] Parsed jhMessage:
  Address: 0x1034f0
  Length: 256 (layout=long)
  Reply Port: 0x1035f0
  Command: 4 (JH_SM (Send Message))
  Data: 0 (0x0)
  Node: 2, Line: 21
  Signal: 0, Task: 0x0
  Semi: 0xb0000
  Filler1: 0x0, Filler2: 0x0
  StrPtr: n/a, Filler3: n/a
  String: "[34m| [36m18 [34m| [36m                  [34m| [36m                  [3"
[XIMProtocol] handleMessage: cmd=4 (JH_SM (Send Message)) usedXimInput=false string="[34m| [36m18 [34m| [36m                  [34"
[XIMLogger] NOT writing to JSON: jsonEnabled=false logStream=false type=JH_SM (Send Message)
[XIMLogger] NOT writing to JSON: jsonEnabled=false logStream=false type=JH_SM (Send Message)_REPLY
[ExecLibrary] replyMsg: Putting message 0x1034f0 to replyPort 0x1035f0
[ExecLibrary] PutMsg: Calling Signal(task=0xbf00, mask=0x10000) sigBit=16 portName=AEDoorRP.010
[ExecLibrary] Signal APPLIED: sigRecvd 0x50000 -> 0x50000, sigWait=0x0, isWaiting=false
[ExecLibrary] replyMsg: Message delivered to replyPort
[DoorLifecycleManager] doorMessageCallback: Message handled for cmd=4 (XIM handler replied)
[ExecLibrary][Trap][WaitPort] port=0x1035f0 name=AEDoorRP.010
[ExecLibrary][Trap][GetMsg] port=0x1035f0 name=AEDoorRP.010
[ExecLibrary][GetMsg] Door received message:
  ln_Type=6 (6=NT_REPLYMSG)
  Command=4 (at 0xE0)
  Data=1 (at 0xDC)
  String="[34m| [36m18 [34m| [36m    " (at 0x14)
[XIMMessageParser] Parsed jhMessage:
  Address: 0x1034f0
  Length: 256 (layout=long)
  Reply Port: 0x1035f0
  Command: 4 (JH_SM (Send Message))
  Data: 0 (0x0)
  Node: 2, Line: 21
  Signal: 0, Task: 0x0
  Semi: 0xb0000
  Filler1: 0x0, Filler2: 0x0
  StrPtr: n/a, Filler3: n/a
  String: "4m| [36msMOKING a jOINT [34m| [36m             [34m|"
[XIMProtocol] handleMessage: cmd=4 (JH_SM (Send Message)) usedXimInput=false string="4m| [36msMOKING a jOINT [34m| [36m             "
[XIMLogger] NOT writing to JSON: jsonEnabled=false logStream=false type=JH_SM (Send Message)
[XIMLogger] NOT writing to JSON: jsonEnabled=false logStream=false type=JH_SM (Send Message)_REPLY
[ExecLibrary] replyMsg: Putting message 0x1034f0 to replyPort 0x1035f0
[ExecLibrary] PutMsg: Calling Signal(task=0xbf00, mask=0x10000) sigBit=16 portName=AEDoorRP.010
[ExecLibrary] Signal APPLIED: sigRecvd 0x50000 -> 0x50000, sigWait=0x0, isWaiting=false
[ExecLibrary] replyMsg: Message delivered to replyPort
[DoorLifecycleManager] doorMessageCallback: Message handled for cmd=4 (XIM handler replied)
[ExecLibrary][Trap][WaitPort] port=0x1035f0 name=AEDoorRP.010
[ExecLibrary][Trap][GetMsg] port=0x1035f0 name=AEDoorRP.010
[ExecLibrary][GetMsg] Door received message:
  ln_Type=6 (6=NT_REPLYMSG)
  Command=4 (at 0xE0)
  Data=1 (at 0xDC)
  String="4m| [36msMOKING a jOINT [34m| " (at 0x14)
[XIMMessageParser] Parsed jhMessage:
  Address: 0x1034f0
  Length: 256 (layout=long)
  Reply Port: 0x1035f0
  Command: 4 (JH_SM (Send Message))
  Data: 1 (0x1)
  Node: 2, Line: 21
  Signal: 0, Task: 0x0
  Semi: 0xb0000
  Filler1: 0x0, Filler2: 0x0
  StrPtr: n/a, Filler3: n/a
  String: ""
[XIMProtocol] handleMessage: cmd=4 (JH_SM (Send Message)) usedXimInput=false string=""
[XIMLogger] NOT writing to JSON: jsonEnabled=false logStream=false type=JH_SM (Send Message)
[XIMLogger] NOT writing to JSON: jsonEnabled=false logStream=false type=JH_SM (Send Message)_REPLY
[ExecLibrary] replyMsg: Putting message 0x1034f0 to replyPort 0x1035f0
[ExecLibrary] PutMsg: Calling Signal(task=0xbf00, mask=0x10000) sigBit=16 portName=AEDoorRP.010
[ExecLibrary] Signal APPLIED: sigRecvd 0x50000 -> 0x50000, sigWait=0x0, isWaiting=false
[ExecLibrary] replyMsg: Message delivered to replyPort
[DoorLifecycleManager] doorMessageCallback: Message handled for cmd=4 (XIM handler replied)
[ExecLibrary][Trap][WaitPort] port=0x1035f0 name=AEDoorRP.010
[ExecLibrary][Trap][GetMsg] port=0x1035f0 name=AEDoorRP.010
[ExecLibrary][GetMsg] Door received message:
  ln_Type=6 (6=NT_REPLYMSG)
  Command=4 (at 0xE0)
  Data=1 (at 0xDC)
  String="" (at 0x14)
[XIMMessageParser] Parsed jhMessage:
  Address: 0x1034f0
  Length: 256 (layout=long)
  Reply Port: 0x1035f0
  Command: 6 (JH_HK (Hotkey))
  Data: 1 (0x1)
  Node: 2, Line: 0
  Signal: 0, Task: 0x0
  Semi: 0xb0000
  Filler1: 0x0, Filler2: 0x0
  StrPtr: n/a, Filler3: n/a
  String: "press <RETURN> to continue"
[MoiraEmulator] Emulator PAUSED (waiting for async input)
[XIMProtocol] handleMessage: cmd=6 (JH_HK (Hotkey)) usedXimInput=false string="press <RETURN> to continue"
[XIMLogger] NOT writing to JSON: jsonEnabled=false logStream=false type=JH_HK (Hotkey)
[XIMIOHandler] JH_HK (Hotkey) received - setting usedXimInput=true
[MoiraEmulator] Emulator PAUSED (waiting for async input)
[DoorLifecycleManager] doorMessageCallback: Message handled for cmd=6 (XIM handler replied)
[socket-handlers] mouse-click received: { x: 0, y: 3, button: 0, shift: false, ctrl: false, alt: false }
[socket-handlers] mouse-click check: inDoorManager= true hasHandler= true mouseEnabled= false
[socket-handlers] NOT calling doorInputHandler - conditions not met
[socket-handlers] Details: inDoorManager= true doorInputHandler exists= true mouseEventsEnabled= false
[socket-handlers] mouse-drag received: { x: 0, y: 3, button: 0, shift: false, ctrl: false, alt: false }
[socket-handlers] mouse-drag received: { x: 0, y: 3, button: 0, shift: false, ctrl: false, alt: false }
[socket-handlers] mouse-drag received: { x: 1, y: 3, button: 0, shift: false, ctrl: false, alt: false }
[socket-handlers] mouse-drag received: { x: 1, y: 3, button: 0, shift: false, ctrl: false, alt: false }
[socket-handlers] mouse-drag received: { x: 2, y: 3, button: 0, shift: false, ctrl: false, alt: false }
[socket-handlers] mouse-drag received: { x: 3, y: 3, button: 0, shift: false, ctrl: false, alt: false }
[socket-handlers] mouse-drag received: { x: 4, y: 4, button: 0, shift: false, ctrl: false, alt: false }
[socket-handlers] mouse-drag received: { x: 6, y: 4, button: 0, shift: false, ctrl: false, alt: false }
[socket-handlers] mouse-drag received: { x: 7, y: 5, button: 0, shift: false, ctrl: false, alt: false }
[socket-handlers] mouse-drag received: { x: 8, y: 5, button: 0, shift: false, ctrl: false, alt: false }
[socket-handlers] mouse-drag received: { x: 10, y: 6, button: 0, shift: false, ctrl: false, alt: false }
[socket-handlers] mouse-drag received: { x: 12, y: 7, button: 0, shift: false, ctrl: false, alt: false }
[socket-handlers] mouse-drag received: { x: 14, y: 8, button: 0, shift: false, ctrl: false, alt: false }
[socket-handlers] mouse-drag received: { x: 16, y: 8, button: 0, shift: false, ctrl: false, alt: false }
[socket-handlers] mouse-drag received: { x: 17, y: 9, button: 0, shift: false, ctrl: false, alt: false }
[socket-handlers] mouse-drag received: { x: 19, y: 10, button: 0, shift: false, ctrl: false, alt: false }
[socket-handlers] mouse-drag received: { x: 21, y: 11, button: 0, shift: false, ctrl: false, alt: false }
[socket-handlers] mouse-drag received: { x: 22, y: 11, button: 0, shift: false, ctrl: false, alt: false }
[socket-handlers] mouse-drag received: { x: 23, y: 12, button: 0, shift: false, ctrl: false, alt: false }
[socket-handlers] mouse-drag received: { x: 24, y: 12, button: 0, shift: false, ctrl: false, alt: false }
[socket-handlers] mouse-drag received: { x: 25, y: 13, button: 0, shift: false, ctrl: false, alt: false }
[socket-handlers] mouse-drag received: { x: 26, y: 13, button: 0, shift: false, ctrl: false, alt: false }
[socket-handlers] mouse-drag received: { x: 26, y: 13, button: 0, shift: false, ctrl: false, alt: false }
[socket-handlers] mouse-drag received: { x: 26, y: 14, button: 0, shift: false, ctrl: false, alt: false }
[socket-handlers] mouse-drag received: { x: 26, y: 14, button: 0, shift: false, ctrl: false, alt: false }
[socket-handlers] mouse-drag received: { x: 26, y: 14, button: 0, shift: false, ctrl: false, alt: false }
[socket-handlers] mouse-drag received: { x: 26, y: 14, button: 0, shift: false, ctrl: false, alt: false }
[socket-handlers] mouse-drag received: { x: 27, y: 14, button: 0, shift: false, ctrl: false, alt: false }
[socket-handlers] mouse-drag received: { x: 27, y: 15, button: 0, shift: false, ctrl: false, alt: false }
[socket-handlers] mouse-drag received: { x: 28, y: 15, button: 0, shift: false, ctrl: false, alt: false }
[socket-handlers] mouse-drag received: { x: 28, y: 15, button: 0, shift: false, ctrl: false, alt: false }
[socket-handlers] mouse-drag received: { x: 29, y: 16, button: 0, shift: false, ctrl: false, alt: false }
[socket-handlers] mouse-drag received: { x: 31, y: 16, button: 0, shift: false, ctrl: false, alt: false }
[socket-handlers] mouse-drag received: { x: 32, y: 17, button: 0, shift: false, ctrl: false, alt: false }
[socket-handlers] mouse-drag received: { x: 33, y: 18, button: 0, shift: false, ctrl: false, alt: false }
[socket-handlers] mouse-drag received: { x: 35, y: 19, button: 0, shift: false, ctrl: false, alt: false }
[socket-handlers] mouse-drag received: { x: 36, y: 19, button: 0, shift: false, ctrl: false, alt: false }
[socket-handlers] mouse-drag received: { x: 37, y: 20, button: 0, shift: false, ctrl: false, alt: false }
[socket-handlers] mouse-drag received: { x: 38, y: 21, button: 0, shift: false, ctrl: false, alt: false }
[socket-handlers] mouse-drag received: { x: 39, y: 22, button: 0, shift: false, ctrl: false, alt: false }
[socket-handlers] mouse-drag received: { x: 40, y: 22, button: 0, shift: false, ctrl: false, alt: false }
[socket-handlers] mouse-drag received: { x: 40, y: 22, button: 0, shift: false, ctrl: false, alt: false }
[socket-handlers] mouse-drag received: { x: 41, y: 23, button: 0, shift: false, ctrl: false, alt: false }
[socket-handlers] mouse-drag received: { x: 42, y: 23, button: 0, shift: false, ctrl: false, alt: false }
[socket-handlers] mouse-drag received: { x: 42, y: 23, button: 0, shift: false, ctrl: false, alt: false }
[socket-handlers] mouse-drag received: { x: 42, y: 24, button: 0, shift: false, ctrl: false, alt: false }
[socket-handlers] mouse-drag received: { x: 43, y: 24, button: 0, shift: false, ctrl: false, alt: false }
[socket-handlers] mouse-drag received: { x: 43, y: 24, button: 0, shift: false, ctrl: false, alt: false }
[socket-handlers] mouse-drag received: { x: 43, y: 24, button: 0, shift: false, ctrl: false, alt: false }
[socket-handlers] mouse-drag received: { x: 43, y: 24, button: 0, shift: false, ctrl: false, alt: false }
[socket-handlers] mouse-drag received: { x: 43, y: 24, button: 0, shift: false, ctrl: false, alt: false }
[socket-handlers] mouse-drag received: { x: 43, y: 24, button: 0, shift: false, ctrl: false, alt: false }
[socket-handlers] mouse-drag received: { x: 43, y: 24, button: 0, shift: false, ctrl: false, alt: false }
[socket-handlers] mouse-drag received: { x: 43, y: 24, button: 0, shift: false, ctrl: false, alt: false }
[socket-handlers] mouse-drag received: { x: 43, y: 24, button: 0, shift: false, ctrl: false, alt: false }
[socket-handlers] mouse-drag received: { x: 43, y: 24, button: 0, shift: false, ctrl: false, alt: false }
[socket-handlers] mouse-drag received: { x: 43, y: 24, button: 0, shift: false, ctrl: false, alt: false }
[socket-handlers] mouse-drag received: { x: 43, y: 24, button: 0, shift: false, ctrl: false, alt: false }
[socket-handlers] mouse-drag received: { x: 43, y: 24, button: 0, shift: false, ctrl: false, alt: false }
[socket-handlers] mouse-drag received: { x: 43, y: 24, button: 0, shift: false, ctrl: false, alt: false }
[socket-handlers] mouse-drag received: { x: 43, y: 24, button: 0, shift: false, ctrl: false, alt: false }
[socket-handlers] mouse-drag received: { x: 43, y: 24, button: 0, shift: false, ctrl: false, alt: false }
[socket-handlers] mouse-drag received: { x: 43, y: 24, button: 0, shift: false, ctrl: false, alt: false }
[socket-handlers] mouse-drag received: { x: 43, y: 24, button: 0, shift: false, ctrl: false, alt: false }
[COMMAND-HANDLER-ENTRY] COMMAND EVENT FIRED! lQqmMkQjuo6noU0SAAAE
=== COMMAND RECEIVED [v2024-FIXED] ===
Raw data: "\r" length: 1 charCode: 13
[socket-handlers] checkPauseHandler active: false, flagPauseHandler active: false
Session state: loggedon subState: door_running
Input buffer: ""
🎯 ENTER KEY DETECTED!
🎯 Current subState: door_running
🎯 Is POST_MESSAGE_SUBJECT? false
🎯 Input buffer contents: ""
[socket-handlers] About to check door - data="" (len=1), inDoor=true, subState=door_running
[socket-handlers] ABOUT TO CALL doorInputHandler with: "" (length=1, charCode=13)
[executeAmigaDoor] doorInputHandler received: "" (len=1) hasXIM=true
[executeAmigaDoor] Call stack:     at Object.session.doorInputHandler (/Users/spot/Code/amiexpress-web/web/backend/src/handlers/door.handler.ts:2307:47)
    at Socket.<anonymous> (/Users/spot/Code/amiexpress-web/web/backend/src/server/socket-handlers.ts:672:17)
    at Socket.emit (node:events:508:28)
    at Socket.emitUntyped (/Users/spot/Code/amiexpress-web/web/backend/node_modules/socket.io/dist/typed-events.js:69:22)
[DEBUG JH_HK completeHotkey] msg.stringPtr=NULL embedded=0x103504
[XIMMessageParser] writeCommand: msgAddr=0x1034f0 offset=224 value=1 (0x1) layout=long
[XIMLogger] NOT writing to JSON: jsonEnabled=false logStream=false type=JH_HK (Hotkey)_REPLY
[ExecLibrary] replyMsg: Putting message 0x1034f0 to replyPort 0x1035f0
[ExecLibrary] PutMsg: Calling Signal(task=0xbf00, mask=0x10000) sigBit=16 portName=AEDoorRP.010
[ExecLibrary] Signal APPLIED: sigRecvd 0x50000 -> 0x50000, sigWait=0x0, isWaiting=false
[ExecLibrary] replyMsg: Message delivered to replyPort
[ExecLibrary] replyMsg: Putting message 0x1034f0 to replyPort 0x1035f0
[ExecLibrary] PutMsg: Calling Signal(task=0xbf00, mask=0x10000) sigBit=16 portName=AEDoorRP.010
[ExecLibrary] Signal APPLIED: sigRecvd 0x50000 -> 0x50000, sigWait=0x0, isWaiting=false
[ExecLibrary] replyMsg: Message delivered to replyPort
[MoiraEmulator] Emulator RESUMING from pause
[XIMProtocol] shouldInjectNativeInput: registered=true waiting=false isNative=false usedXimInput=true doorPort=0x103474
[ExecLibrary][Trap][WaitPort] port=0x1035f0 name=AEDoorRP.010
[ExecLibrary][Trap][GetMsg] port=0x1035f0 name=AEDoorRP.010
[ExecLibrary][GetMsg] Door received message:
  ln_Type=6 (6=NT_REPLYMSG)
  Command=1 (at 0xE0)
  Data=1 (at 0xDC)
  String="" (at 0x14)
[XIMMessageParser] Parsed jhMessage:
  Address: 0x1034f0
  Length: 256 (layout=long)
  Reply Port: 0x1035f0
  Command: 4 (JH_SM (Send Message))
  Data: 0 (0x0)
  Node: 2, Line: 0
  Signal: 0, Task: 0x0
  Semi: 0xb0000
  Filler1: 0x0, Filler2: 0x0
  StrPtr: n/a, Filler3: n/a
  String: ""
[XIMProtocol] handleMessage: cmd=4 (JH_SM (Send Message)) usedXimInput=true string=""
[XIMLogger] NOT writing to JSON: jsonEnabled=false logStream=false type=JH_SM (Send Message)
[XIMLogger] NOT writing to JSON: jsonEnabled=false logStream=false type=JH_SM (Send Message)_REPLY
[ExecLibrary] replyMsg: Putting message 0x1034f0 to replyPort 0x1035f0
[ExecLibrary] PutMsg: Calling Signal(task=0xbf00, mask=0x10000) sigBit=16 portName=AEDoorRP.010
[ExecLibrary] Signal APPLIED: sigRecvd 0x50000 -> 0x50000, sigWait=0x0, isWaiting=false
[ExecLibrary] replyMsg: Message delivered to replyPort
[DoorLifecycleManager] doorMessageCallback: Message handled for cmd=4 (XIM handler replied)
[ExecLibrary][Trap][WaitPort] port=0x1035f0 name=AEDoorRP.010
[ExecLibrary][Trap][GetMsg] port=0x1035f0 name=AEDoorRP.010
[ExecLibrary][GetMsg] Door received message:
  ln_Type=6 (6=NT_REPLYMSG)
  Command=4 (at 0xE0)
  Data=1 (at 0xDC)
  String="" (at 0x14)
[XIMMessageParser] Parsed jhMessage:
  Address: 0x1034f0
  Length: 256 (layout=long)
  Reply Port: 0x1035f0
  Command: 4 (JH_SM (Send Message))
  Data: 0 (0x0)
  Node: 2, Line: 0
  Signal: 0, Task: 0x0
  Semi: 0xb0000
  Filler1: 0x0, Filler2: 0x0
  StrPtr: n/a, Filler3: n/a
  String: "                          "
[XIMProtocol] handleMessage: cmd=4 (JH_SM (Send Message)) usedXimInput=true string="                          "
[XIMLogger] NOT writing to JSON: jsonEnabled=false logStream=false type=JH_SM (Send Message)
[XIMLogger] NOT writing to JSON: jsonEnabled=false logStream=false type=JH_SM (Send Message)_REPLY
[ExecLibrary] replyMsg: Putting message 0x1034f0 to replyPort 0x1035f0
[ExecLibrary] PutMsg: Calling Signal(task=0xbf00, mask=0x10000) sigBit=16 portName=AEDoorRP.010
[ExecLibrary] Signal APPLIED: sigRecvd 0x50000 -> 0x50000, sigWait=0x0, isWaiting=false
[ExecLibrary] replyMsg: Message delivered to replyPort
[DoorLifecycleManager] doorMessageCallback: Message handled for cmd=4 (XIM handler replied)
[ExecLibrary][Trap][WaitPort] port=0x1035f0 name=AEDoorRP.010
[ExecLibrary][Trap][GetMsg] port=0x1035f0 name=AEDoorRP.010
[ExecLibrary][GetMsg] Door received message:
  ln_Type=6 (6=NT_REPLYMSG)
  Command=4 (at 0xE0)
  Data=1 (at 0xDC)
  String="                          " (at 0x14)
[COMMAND-HANDLER-ENTRY] COMMAND EVENT FIRED! lQqmMkQjuo6noU0SAAAE
=== COMMAND RECEIVED [v2024-FIXED] ===
Raw data: "\r" length: 1 charCode: 13
[socket-handlers] checkPauseHandler active: false, flagPauseHandler active: false
Session state: loggedon subState: door_running
Input buffer: ""
🎯 ENTER KEY DETECTED!
🎯 Current subState: door_running
🎯 Is POST_MESSAGE_SUBJECT? false
🎯 Input buffer contents: ""
[socket-handlers] About to check door - data="" (len=1), inDoor=true, subState=door_running
[socket-handlers] ABOUT TO CALL doorInputHandler with: "" (length=1, charCode=13)
[executeAmigaDoor] doorInputHandler received: "" (len=1) hasXIM=true
[executeAmigaDoor] Call stack:     at Object.session.doorInputHandler (/Users/spot/Code/amiexpress-web/web/backend/src/handlers/door.handler.ts:2307:47)
    at Socket.<anonymous> (/Users/spot/Code/amiexpress-web/web/backend/src/server/socket-handlers.ts:672:17)
    at Socket.emit (node:events:508:28)
    at Socket.emitUntyped (/Users/spot/Code/amiexpress-web/web/backend/node_modules/socket.io/dist/typed-events.js:69:22)
[XIMProtocol] shouldInjectNativeInput: registered=true waiting=false isNative=false usedXimInput=true doorPort=0x103474
[XIMMessageParser] Parsed jhMessage:
  Address: 0x1034f0
  Length: 256 (layout=long)
  Reply Port: 0x1035f0
  Command: 4 (JH_SM (Send Message))
  Data: 0 (0x0)
  Node: 2, Line: 0
  Signal: 0, Task: 0x0
  Semi: 0xb0000
  Filler1: 0x0, Filler2: 0x0
  StrPtr: n/a, Filler3: n/a
  String: ""
[XIMProtocol] handleMessage: cmd=4 (JH_SM (Send Message)) usedXimInput=true string=""
[XIMLogger] NOT writing to JSON: jsonEnabled=false logStream=false type=JH_SM (Send Message)
[XIMLogger] NOT writing to JSON: jsonEnabled=false logStream=false type=JH_SM (Send Message)_REPLY
[ExecLibrary] replyMsg: Putting message 0x1034f0 to replyPort 0x1035f0
[ExecLibrary] PutMsg: Calling Signal(task=0xbf00, mask=0x10000) sigBit=16 portName=AEDoorRP.010
[ExecLibrary] Signal APPLIED: sigRecvd 0x50000 -> 0x50000, sigWait=0x0, isWaiting=false
[ExecLibrary] replyMsg: Message delivered to replyPort
[DoorLifecycleManager] doorMessageCallback: Message handled for cmd=4 (XIM handler replied)
[ExecLibrary][Trap][WaitPort] port=0x1035f0 name=AEDoorRP.010
[ExecLibrary][Trap][GetMsg] port=0x1035f0 name=AEDoorRP.010
[ExecLibrary][GetMsg] Door received message:
  ln_Type=6 (6=NT_REPLYMSG)
  Command=4 (at 0xE0)
  Data=1 (at 0xDC)
  String="" (at 0x14)
[XIMMessageParser] Parsed jhMessage:
  Address: 0x1034f0
  Length: 256 (layout=long)
  Reply Port: 0x1035f0
  Command: 4 (JH_SM (Send Message))
  Data: 0 (0x0)
  Node: 2, Line: 0
  Signal: 0, Task: 0x0
  Semi: 0xb0000
  Filler1: 0x0, Filler2: 0x0
  StrPtr: n/a, Filler3: n/a
  String: "[34m| [36m19 [34m| [36m                  [34m| [36m                  [3"
[XIMProtocol] handleMessage: cmd=4 (JH_SM (Send Message)) usedXimInput=true string="[34m| [36m19 [34m| [36m                  [34"
[XIMLogger] NOT writing to JSON: jsonEnabled=false logStream=false type=JH_SM (Send Message)
[XIMLogger] NOT writing to JSON: jsonEnabled=false logStream=false type=JH_SM (Send Message)_REPLY
[ExecLibrary] replyMsg: Putting message 0x1034f0 to replyPort 0x1035f0
[ExecLibrary] PutMsg: Calling Signal(task=0xbf00, mask=0x10000) sigBit=16 portName=AEDoorRP.010
[ExecLibrary] Signal APPLIED: sigRecvd 0x50000 -> 0x50000, sigWait=0x0, isWaiting=false
[ExecLibrary] replyMsg: Message delivered to replyPort
[DoorLifecycleManager] doorMessageCallback: Message handled for cmd=4 (XIM handler replied)
[ExecLibrary][Trap][WaitPort] port=0x1035f0 name=AEDoorRP.010
[ExecLibrary][Trap][GetMsg] port=0x1035f0 name=AEDoorRP.010
[ExecLibrary][GetMsg] Door received message:
  ln_Type=6 (6=NT_REPLYMSG)
  Command=4 (at 0xE0)
  Data=1 (at 0xDC)
  String="[34m| [36m19 [34m| [36m    " (at 0x14)
[XIMMessageParser] Parsed jhMessage:
  Address: 0x1034f0
  Length: 256 (layout=long)
  Reply Port: 0x1035f0
  Command: 4 (JH_SM (Send Message))
  Data: 0 (0x0)
  Node: 2, Line: 0
  Signal: 0, Task: 0x0
  Semi: 0xb0000
  Filler1: 0x0, Filler2: 0x0
  StrPtr: n/a, Filler3: n/a
  String: "4m| [36msMOKING a jOINT [34m| [36m             [34m|"
[XIMProtocol] handleMessage: cmd=4 (JH_SM (Send Message)) usedXimInput=true string="4m| [36msMOKING a jOINT [34m| [36m             "
[XIMLogger] NOT writing to JSON: jsonEnabled=false logStream=false type=JH_SM (Send Message)
[XIMLogger] NOT writing to JSON: jsonEnabled=false logStream=false type=JH_SM (Send Message)_REPLY
[ExecLibrary] replyMsg: Putting message 0x1034f0 to replyPort 0x1035f0
[ExecLibrary] PutMsg: Calling Signal(task=0xbf00, mask=0x10000) sigBit=16 portName=AEDoorRP.010
[ExecLibrary] Signal APPLIED: sigRecvd 0x50000 -> 0x50000, sigWait=0x0, isWaiting=false
[ExecLibrary] replyMsg: Message delivered to replyPort
[DoorLifecycleManager] doorMessageCallback: Message handled for cmd=4 (XIM handler replied)
[ExecLibrary][Trap][WaitPort] port=0x1035f0 name=AEDoorRP.010
[ExecLibrary][Trap][GetMsg] port=0x1035f0 name=AEDoorRP.010
[ExecLibrary][GetMsg] Door received message:
  ln_Type=6 (6=NT_REPLYMSG)
  Command=4 (at 0xE0)
  Data=1 (at 0xDC)
  String="4m| [36msMOKING a jOINT [34m| " (at 0x14)
[XIMMessageParser] Parsed jhMessage:
  Address: 0x1034f0
  Length: 256 (layout=long)
  Reply Port: 0x1035f0
  Command: 4 (JH_SM (Send Message))
  Data: 1 (0x1)
  Node: 2, Line: 0
  Signal: 0, Task: 0x0
  Semi: 0xb0000
  Filler1: 0x0, Filler2: 0x0
  StrPtr: n/a, Filler3: n/a
  String: ""
[XIMProtocol] handleMessage: cmd=4 (JH_SM (Send Message)) usedXimInput=true string=""
[XIMLogger] NOT writing to JSON: jsonEnabled=false logStream=false type=JH_SM (Send Message)
[XIMLogger] NOT writing to JSON: jsonEnabled=false logStream=false type=JH_SM (Send Message)_REPLY
[ExecLibrary] replyMsg: Putting message 0x1034f0 to replyPort 0x1035f0
[ExecLibrary] PutMsg: Calling Signal(task=0xbf00, mask=0x10000) sigBit=16 portName=AEDoorRP.010
[ExecLibrary] Signal APPLIED: sigRecvd 0x50000 -> 0x50000, sigWait=0x0, isWaiting=false
[ExecLibrary] replyMsg: Message delivered to replyPort
[DoorLifecycleManager] doorMessageCallback: Message handled for cmd=4 (XIM handler replied)
[ExecLibrary][Trap][WaitPort] port=0x1035f0 name=AEDoorRP.010
[ExecLibrary][Trap][GetMsg] port=0x1035f0 name=AEDoorRP.010
[ExecLibrary][GetMsg] Door received message:
  ln_Type=6 (6=NT_REPLYMSG)
  Command=4 (at 0xE0)
  Data=1 (at 0xDC)
  String="" (at 0x14)
[XIMMessageParser] Parsed jhMessage:
  Address: 0x1034f0
  Length: 256 (layout=long)
  Reply Port: 0x1035f0
  Command: 4 (JH_SM (Send Message))
  Data: 0 (0x0)
  Node: 2, Line: 1
  Signal: 0, Task: 0x0
  Semi: 0xb0000
  Filler1: 0x0, Filler2: 0x0
  StrPtr: n/a, Filler3: n/a
  String: "[34m| [36m20 [34m| [36m                  [34m| [36m                  [3"
[XIMProtocol] handleMessage: cmd=4 (JH_SM (Send Message)) usedXimInput=true string="[34m| [36m20 [34m| [36m                  [34"
[XIMLogger] NOT writing to JSON: jsonEnabled=false logStream=false type=JH_SM (Send Message)
[XIMLogger] NOT writing to JSON: jsonEnabled=false logStream=false type=JH_SM (Send Message)_REPLY
[ExecLibrary] replyMsg: Putting message 0x1034f0 to replyPort 0x1035f0
[ExecLibrary] PutMsg: Calling Signal(task=0xbf00, mask=0x10000) sigBit=16 portName=AEDoorRP.010
[ExecLibrary] Signal APPLIED: sigRecvd 0x50000 -> 0x50000, sigWait=0x0, isWaiting=false
[ExecLibrary] replyMsg: Message delivered to replyPort
[DoorLifecycleManager] doorMessageCallback: Message handled for cmd=4 (XIM handler replied)
[ExecLibrary][Trap][WaitPort] port=0x1035f0 name=AEDoorRP.010
[ExecLibrary][Trap][GetMsg] port=0x1035f0 name=AEDoorRP.010
[ExecLibrary][GetMsg] Door received message:
  ln_Type=6 (6=NT_REPLYMSG)
  Command=4 (at 0xE0)
  Data=1 (at 0xDC)
  String="[34m| [36m20 [34m| [36m    " (at 0x14)
[XIMMessageParser] Parsed jhMessage:
  Address: 0x1034f0
  Length: 256 (layout=long)
  Reply Port: 0x1035f0
  Command: 4 (JH_SM (Send Message))
  Data: 0 (0x0)
  Node: 2, Line: 1
  Signal: 0, Task: 0x0
  Semi: 0xb0000
  Filler1: 0x0, Filler2: 0x0
  StrPtr: n/a, Filler3: n/a
  String: "4m| [36msMOKING a jOINT [34m| [36m             [34m|"
[XIMProtocol] handleMessage: cmd=4 (JH_SM (Send Message)) usedXimInput=true string="4m| [36msMOKING a jOINT [34m| [36m             "
[XIMLogger] NOT writing to JSON: jsonEnabled=false logStream=false type=JH_SM (Send Message)
[XIMLogger] NOT writing to JSON: jsonEnabled=false logStream=false type=JH_SM (Send Message)_REPLY
[ExecLibrary] replyMsg: Putting message 0x1034f0 to replyPort 0x1035f0
[ExecLibrary] PutMsg: Calling Signal(task=0xbf00, mask=0x10000) sigBit=16 portName=AEDoorRP.010
[ExecLibrary] Signal APPLIED: sigRecvd 0x50000 -> 0x50000, sigWait=0x0, isWaiting=false
[ExecLibrary] replyMsg: Message delivered to replyPort
[DoorLifecycleManager] doorMessageCallback: Message handled for cmd=4 (XIM handler replied)
[ExecLibrary][Trap][WaitPort] port=0x1035f0 name=AEDoorRP.010
[ExecLibrary][Trap][GetMsg] port=0x1035f0 name=AEDoorRP.010
[ExecLibrary][GetMsg] Door received message:
  ln_Type=6 (6=NT_REPLYMSG)
  Command=4 (at 0xE0)
  Data=1 (at 0xDC)
  String="4m| [36msMOKING a jOINT [34m| " (at 0x14)
[XIMMessageParser] Parsed jhMessage:
  Address: 0x1034f0
  Length: 256 (layout=long)
  Reply Port: 0x1035f0
  Command: 4 (JH_SM (Send Message))
  Data: 1 (0x1)
  Node: 2, Line: 1
  Signal: 0, Task: 0x0
  Semi: 0xb0000
  Filler1: 0x0, Filler2: 0x0
  StrPtr: n/a, Filler3: n/a
  String: ""
[XIMProtocol] handleMessage: cmd=4 (JH_SM (Send Message)) usedXimInput=true string=""
[XIMLogger] NOT writing to JSON: jsonEnabled=false logStream=false type=JH_SM (Send Message)
[XIMLogger] NOT writing to JSON: jsonEnabled=false logStream=false type=JH_SM (Send Message)_REPLY
[ExecLibrary] replyMsg: Putting message 0x1034f0 to replyPort 0x1035f0
[ExecLibrary] PutMsg: Calling Signal(task=0xbf00, mask=0x10000) sigBit=16 portName=AEDoorRP.010
[ExecLibrary] Signal APPLIED: sigRecvd 0x50000 -> 0x50000, sigWait=0x0, isWaiting=false
[ExecLibrary] replyMsg: Message delivered to replyPort
[DoorLifecycleManager] doorMessageCallback: Message handled for cmd=4 (XIM handler replied)
[ExecLibrary][Trap][WaitPort] port=0x1035f0 name=AEDoorRP.010
[ExecLibrary][Trap][GetMsg] port=0x1035f0 name=AEDoorRP.010
[ExecLibrary][GetMsg] Door received message:
  ln_Type=6 (6=NT_REPLYMSG)
  Command=4 (at 0xE0)
  Data=1 (at 0xDC)
  String="" (at 0x14)
[XIMMessageParser] Parsed jhMessage:
  Address: 0x1034f0
  Length: 256 (layout=long)
  Reply Port: 0x1035f0
  Command: 4 (JH_SM (Send Message))
  Data: 0 (0x0)
  Node: 2, Line: 2
  Signal: 0, Task: 0x0
  Semi: 0xb0000
  Filler1: 0x0, Filler2: 0x0
  StrPtr: n/a, Filler3: n/a
  String: "[34m|____|___________________|___________________|_________________|__________"
[XIMProtocol] handleMessage: cmd=4 (JH_SM (Send Message)) usedXimInput=true string="[34m|____|___________________|___________________"
[XIMLogger] NOT writing to JSON: jsonEnabled=false logStream=false type=JH_SM (Send Message)
[XIMLogger] NOT writing to JSON: jsonEnabled=false logStream=false type=JH_SM (Send Message)_REPLY
[ExecLibrary] replyMsg: Putting message 0x1034f0 to replyPort 0x1035f0
[ExecLibrary] PutMsg: Calling Signal(task=0xbf00, mask=0x10000) sigBit=16 portName=AEDoorRP.010
[ExecLibrary] Signal APPLIED: sigRecvd 0x50000 -> 0x50000, sigWait=0x0, isWaiting=false
[ExecLibrary] replyMsg: Message delivered to replyPort
[DoorLifecycleManager] doorMessageCallback: Message handled for cmd=4 (XIM handler replied)
[ExecLibrary][Trap][WaitPort] port=0x1035f0 name=AEDoorRP.010
[ExecLibrary][Trap][GetMsg] port=0x1035f0 name=AEDoorRP.010
[ExecLibrary][GetMsg] Door received message:
  ln_Type=6 (6=NT_REPLYMSG)
  Command=4 (at 0xE0)
  Data=1 (at 0xDC)
  String="[34m|____|___________________|_" (at 0x14)
[XIMMessageParser] Parsed jhMessage:
  Address: 0x1034f0
  Length: 256 (layout=long)
  Reply Port: 0x1035f0
  Command: 4 (JH_SM (Send Message))
  Data: 0 (0x0)
  Node: 2, Line: 2
  Signal: 0, Task: 0x0
  Semi: 0xb0000
  Filler1: 0x0, Filler2: 0x0
  StrPtr: n/a, Filler3: n/a
  String: "____|"
[XIMProtocol] handleMessage: cmd=4 (JH_SM (Send Message)) usedXimInput=true string="____|"
[XIMLogger] NOT writing to JSON: jsonEnabled=false logStream=false type=JH_SM (Send Message)
[XIMLogger] NOT writing to JSON: jsonEnabled=false logStream=false type=JH_SM (Send Message)_REPLY
[ExecLibrary] replyMsg: Putting message 0x1034f0 to replyPort 0x1035f0
[ExecLibrary] PutMsg: Calling Signal(task=0xbf00, mask=0x10000) sigBit=16 portName=AEDoorRP.010
[ExecLibrary] Signal APPLIED: sigRecvd 0x50000 -> 0x50000, sigWait=0x0, isWaiting=false
[ExecLibrary] replyMsg: Message delivered to replyPort
[DoorLifecycleManager] doorMessageCallback: Message handled for cmd=4 (XIM handler replied)
[ExecLibrary][Trap][WaitPort] port=0x1035f0 name=AEDoorRP.010
[ExecLibrary][Trap][GetMsg] port=0x1035f0 name=AEDoorRP.010
[ExecLibrary][GetMsg] Door received message:
  ln_Type=6 (6=NT_REPLYMSG)
  Command=4 (at 0xE0)
  Data=1 (at 0xDC)
  String="____|" (at 0x14)
[XIMMessageParser] Parsed jhMessage:
  Address: 0x1034f0
  Length: 256 (layout=long)
  Reply Port: 0x1035f0
  Command: 4 (JH_SM (Send Message))
  Data: 1 (0x1)
  Node: 2, Line: 2
  Signal: 0, Task: 0x0
  Semi: 0xb0000
  Filler1: 0x0, Filler2: 0x0
  StrPtr: n/a, Filler3: n/a
  String: ""
[XIMProtocol] handleMessage: cmd=4 (JH_SM (Send Message)) usedXimInput=true string=""
[XIMLogger] NOT writing to JSON: jsonEnabled=false logStream=false type=JH_SM (Send Message)
[XIMLogger] NOT writing to JSON: jsonEnabled=false logStream=false type=JH_SM (Send Message)_REPLY
[ExecLibrary] replyMsg: Putting message 0x1034f0 to replyPort 0x1035f0
[ExecLibrary] PutMsg: Calling Signal(task=0xbf00, mask=0x10000) sigBit=16 portName=AEDoorRP.010
[ExecLibrary] Signal APPLIED: sigRecvd 0x50000 -> 0x50000, sigWait=0x0, isWaiting=false
[ExecLibrary] replyMsg: Message delivered to replyPort
[DoorLifecycleManager] doorMessageCallback: Message handled for cmd=4 (XIM handler replied)
[ExecLibrary][Trap][WaitPort] port=0x1035f0 name=AEDoorRP.010
[ExecLibrary][Trap][GetMsg] port=0x1035f0 name=AEDoorRP.010
[ExecLibrary][GetMsg] Door received message:
  ln_Type=6 (6=NT_REPLYMSG)
  Command=4 (at 0xE0)
  Data=1 (at 0xDC)
  String="" (at 0x14)
[XIMMessageParser] Parsed jhMessage:
  Address: 0x1034f0
  Length: 256 (layout=long)
  Reply Port: 0x1035f0
  Command: 4 (JH_SM (Send Message))
  Data: 0 (0x0)
  Node: 2, Line: 3
  Signal: 0, Task: 0x0
  Semi: 0xb0000
  Filler1: 0x0, Filler2: 0x0
  StrPtr: n/a, Filler3: n/a
  String: "[34m |___________ _____ ____ ___ ___ __ _            [0mrTW v2.01 [33mbY [3"
[XIMProtocol] handleMessage: cmd=4 (JH_SM (Send Message)) usedXimInput=true string="[34m |___________ _____ ____ ___ ___ __ _        "
[XIMLogger] NOT writing to JSON: jsonEnabled=false logStream=false type=JH_SM (Send Message)
[XIMLogger] NOT writing to JSON: jsonEnabled=false logStream=false type=JH_SM (Send Message)_REPLY
[ExecLibrary] replyMsg: Putting message 0x1034f0 to replyPort 0x1035f0
[ExecLibrary] PutMsg: Calling Signal(task=0xbf00, mask=0x10000) sigBit=16 portName=AEDoorRP.010
[ExecLibrary] Signal APPLIED: sigRecvd 0x50000 -> 0x50000, sigWait=0x0, isWaiting=false
[ExecLibrary] replyMsg: Message delivered to replyPort
[DoorLifecycleManager] doorMessageCallback: Message handled for cmd=4 (XIM handler replied)
[ExecLibrary][Trap][WaitPort] port=0x1035f0 name=AEDoorRP.010
[ExecLibrary][Trap][GetMsg] port=0x1035f0 name=AEDoorRP.010
[ExecLibrary][GetMsg] Door received message:
  ln_Type=6 (6=NT_REPLYMSG)
  Command=4 (at 0xE0)
  Data=1 (at 0xDC)
  String="[34m |___________ _____ ____ __" (at 0x14)
[XIMMessageParser] Parsed jhMessage:
  Address: 0x1034f0
  Length: 256 (layout=long)
  Reply Port: 0x1035f0
  Command: 4 (JH_SM (Send Message))
  Data: 0 (0x0)
  Node: 2, Line: 3
  Signal: 0, Task: 0x0
  Semi: 0xb0000
  Filler1: 0x0, Filler2: 0x0
  StrPtr: n/a, Filler3: n/a
  String: "5mcREW^oNE!mYTH [34m |"
[XIMProtocol] handleMessage: cmd=4 (JH_SM (Send Message)) usedXimInput=true string="5mcREW^oNE!mYTH [34m |"
[XIMLogger] NOT writing to JSON: jsonEnabled=false logStream=false type=JH_SM (Send Message)
[XIMLogger] NOT writing to JSON: jsonEnabled=false logStream=false type=JH_SM (Send Message)_REPLY
[ExecLibrary] replyMsg: Putting message 0x1034f0 to replyPort 0x1035f0
[ExecLibrary] PutMsg: Calling Signal(task=0xbf00, mask=0x10000) sigBit=16 portName=AEDoorRP.010
[ExecLibrary] Signal APPLIED: sigRecvd 0x50000 -> 0x50000, sigWait=0x0, isWaiting=false
[ExecLibrary] replyMsg: Message delivered to replyPort
[DoorLifecycleManager] doorMessageCallback: Message handled for cmd=4 (XIM handler replied)
[ExecLibrary][Trap][WaitPort] port=0x1035f0 name=AEDoorRP.010
[ExecLibrary][Trap][GetMsg] port=0x1035f0 name=AEDoorRP.010
[ExecLibrary][GetMsg] Door received message:
  ln_Type=6 (6=NT_REPLYMSG)
  Command=4 (at 0xE0)
  Data=1 (at 0xDC)
  String="5mcREW^oNE!mYTH [34m |" (at 0x14)
[XIMMessageParser] Parsed jhMessage:
  Address: 0x1034f0
  Length: 256 (layout=long)
  Reply Port: 0x1035f0
  Command: 4 (JH_SM (Send Message))
  Data: 1 (0x1)
  Node: 2, Line: 3
  Signal: 0, Task: 0x0
  Semi: 0xb0000
  Filler1: 0x0, Filler2: 0x0
  StrPtr: n/a, Filler3: n/a
  String: ""
[XIMProtocol] handleMessage: cmd=4 (JH_SM (Send Message)) usedXimInput=true string=""
[XIMLogger] NOT writing to JSON: jsonEnabled=false logStream=false type=JH_SM (Send Message)
[XIMLogger] NOT writing to JSON: jsonEnabled=false logStream=false type=JH_SM (Send Message)_REPLY
[ExecLibrary] replyMsg: Putting message 0x1034f0 to replyPort 0x1035f0
[ExecLibrary] PutMsg: Calling Signal(task=0xbf00, mask=0x10000) sigBit=16 portName=AEDoorRP.010
[ExecLibrary] Signal APPLIED: sigRecvd 0x50000 -> 0x50000, sigWait=0x0, isWaiting=false
[ExecLibrary] replyMsg: Message delivered to replyPort
[DoorLifecycleManager] doorMessageCallback: Message handled for cmd=4 (XIM handler replied)
[ExecLibrary][Trap][WaitPort] port=0x1035f0 name=AEDoorRP.010
[ExecLibrary][Trap][GetMsg] port=0x1035f0 name=AEDoorRP.010
[ExecLibrary][GetMsg] Door received message:
  ln_Type=6 (6=NT_REPLYMSG)
  Command=4 (at 0xE0)
  Data=1 (at 0xDC)
  String="" (at 0x14)
[XIMMessageParser] Parsed jhMessage:
  Address: 0x1034f0
  Length: 256 (layout=long)
  Reply Port: 0x1035f0
  Command: 4 (JH_SM (Send Message))
  Data: 0 (0x0)
  Node: 2, Line: 4
  Signal: 0, Task: 0x0
  Semi: 0xb0000
  Filler1: 0x0, Filler2: 0x0
  StrPtr: n/a, Filler3: n/a
  String: "                                      - -- --- ---- -------------------------'"
[XIMProtocol] handleMessage: cmd=4 (JH_SM (Send Message)) usedXimInput=true string="                                      - -- --- ---"
[XIMLogger] NOT writing to JSON: jsonEnabled=false logStream=false type=JH_SM (Send Message)
[XIMLogger] NOT writing to JSON: jsonEnabled=false logStream=false type=JH_SM (Send Message)_REPLY
[ExecLibrary] replyMsg: Putting message 0x1034f0 to replyPort 0x1035f0
[ExecLibrary] PutMsg: Calling Signal(task=0xbf00, mask=0x10000) sigBit=16 portName=AEDoorRP.010
[ExecLibrary] Signal APPLIED: sigRecvd 0x50000 -> 0x50000, sigWait=0x0, isWaiting=false
[ExecLibrary] replyMsg: Message delivered to replyPort
[DoorLifecycleManager] doorMessageCallback: Message handled for cmd=4 (XIM handler replied)
[ExecLibrary][Trap][WaitPort] port=0x1035f0 name=AEDoorRP.010
[ExecLibrary][Trap][GetMsg] port=0x1035f0 name=AEDoorRP.010
[ExecLibrary][GetMsg] Door received message:
  ln_Type=6 (6=NT_REPLYMSG)
  Command=4 (at 0xE0)
  Data=1 (at 0xDC)
  String="                                " (at 0x14)
[XIMMessageParser] Parsed jhMessage:
  Address: 0x1034f0
  Length: 256 (layout=long)
  Reply Port: 0x1035f0
  Command: 4 (JH_SM (Send Message))
  Data: 1 (0x1)
  Node: 2, Line: 4
  Signal: 0, Task: 0x0
  Semi: 0xb0000
  Filler1: 0x0, Filler2: 0x0
  StrPtr: n/a, Filler3: n/a
  String: ""
[XIMProtocol] handleMessage: cmd=4 (JH_SM (Send Message)) usedXimInput=true string=""
[XIMLogger] NOT writing to JSON: jsonEnabled=false logStream=false type=JH_SM (Send Message)
[XIMLogger] NOT writing to JSON: jsonEnabled=false logStream=false type=JH_SM (Send Message)_REPLY
[ExecLibrary] replyMsg: Putting message 0x1034f0 to replyPort 0x1035f0
[ExecLibrary] PutMsg: Calling Signal(task=0xbf00, mask=0x10000) sigBit=16 portName=AEDoorRP.010
[ExecLibrary] Signal APPLIED: sigRecvd 0x50000 -> 0x50000, sigWait=0x0, isWaiting=false
[ExecLibrary] replyMsg: Message delivered to replyPort
[DoorLifecycleManager] doorMessageCallback: Message handled for cmd=4 (XIM handler replied)
[ExecLibrary][Trap][WaitPort] port=0x1035f0 name=AEDoorRP.010
[ExecLibrary][Trap][GetMsg] port=0x1035f0 name=AEDoorRP.010
[ExecLibrary][GetMsg] Door received message:
  ln_Type=6 (6=NT_REPLYMSG)
  Command=4 (at 0xE0)
  Data=1 (at 0xDC)
  String="" (at 0x14)
[XIMMessageParser] Parsed jhMessage:
  Address: 0x1034f0
  Length: 256 (layout=long)
  Reply Port: 0x1035f0
  Command: 4 (JH_SM (Send Message))
  Data: 0 (0x0)
  Node: 2, Line: 5
  Signal: 0, Task: 0x0
  Semi: 0xb0000
  Filler1: 0x0, Filler2: 0x0
  StrPtr: n/a, Filler3: n/a
  String: "[27A"
[XIMProtocol] handleMessage: cmd=4 (JH_SM (Send Message)) usedXimInput=true string="[27A"
[XIMLogger] NOT writing to JSON: jsonEnabled=false logStream=false type=JH_SM (Send Message)
[XIMLogger] NOT writing to JSON: jsonEnabled=false logStream=false type=JH_SM (Send Message)_REPLY
[ExecLibrary] replyMsg: Putting message 0x1034f0 to replyPort 0x1035f0
[ExecLibrary] PutMsg: Calling Signal(task=0xbf00, mask=0x10000) sigBit=16 portName=AEDoorRP.010
[ExecLibrary] Signal APPLIED: sigRecvd 0x50000 -> 0x50000, sigWait=0x0, isWaiting=false
[ExecLibrary] replyMsg: Message delivered to replyPort
[DoorLifecycleManager] doorMessageCallback: Message handled for cmd=4 (XIM handler replied)
[ExecLibrary][Trap][WaitPort] port=0x1035f0 name=AEDoorRP.010
[ExecLibrary][Trap][GetMsg] port=0x1035f0 name=AEDoorRP.010
[ExecLibrary][GetMsg] Door received message:
  ln_Type=6 (6=NT_REPLYMSG)
  Command=4 (at 0xE0)
  Data=1 (at 0xDC)
  String="[27A" (at 0x14)
[XIMMessageParser] Parsed jhMessage:
  Address: 0x1034f0
  Length: 256 (layout=long)
  Reply Port: 0x1035f0
  Command: 125 (DT_TIMEOUT)
  Data: 0 (0x0)
  Node: 2, Line: 5
  Signal: 0, Task: 0x0
  Semi: 0xb0000
  Filler1: 0x0, Filler2: 0x0
  StrPtr: n/a, Filler3: n/a
  String: "1"
[XIMProtocol] handleMessage: cmd=125 (DT_TIMEOUT) usedXimInput=true string="1"
[XIMLogger] NOT writing to JSON: jsonEnabled=false logStream=false type=DT_TIMEOUT
[XIMLogger] NOT writing to JSON: jsonEnabled=false logStream=false type=DT_TIMEOUT_REPLY
[ExecLibrary] replyMsg: Putting message 0x1034f0 to replyPort 0x1035f0
[ExecLibrary] PutMsg: Calling Signal(task=0xbf00, mask=0x10000) sigBit=16 portName=AEDoorRP.010
[ExecLibrary] Signal APPLIED: sigRecvd 0x50000 -> 0x50000, sigWait=0x0, isWaiting=false
[ExecLibrary] replyMsg: Message delivered to replyPort
[DoorLifecycleManager] doorMessageCallback: Message handled for cmd=125 (XIM handler replied)
[DebugMonitor] FLOW probe pc=0x3b42 instr=0x206c kind=PCWIN mode=5/4 target=<unk> ext=<none> extLong=<none> targetWords=<none> sp=0x7640 A0=0x103474 A1=0x1034f0 A2=0xf0100 A4=0xaa08 A5=0x7666 A6=0x80000 [-0x58(A5)]=0x20000020 [target]=<err> [0x5cda]=0x20525892 [0x5cfa]=0x6a047e01 [0x4b90]=0xae244eae lastPCs=[0x7fe92,0x3560,0x7fe80,0x3568,0x7fe8c,0x3570,0x7fe92,0x3b42]
[ExecLibrary][Trap][WaitPort] port=0x1035f0 name=AEDoorRP.010
[DebugMonitor] FLOW probe pc=0x3b4a instr=0x206c kind=PCWIN mode=5/4 target=<unk> ext=<none> extLong=<none> targetWords=<none> sp=0x7640 A0=0x1035f0 A1=0x1034f0 A2=0xf0100 A4=0xaa08 A5=0x7666 A6=0x80000 [-0x58(A5)]=0x20000020 [target]=<err> [0x5cda]=0x20525892 [0x5cfa]=0x6a047e01 [0x4b90]=0xae244eae lastPCs=[0x7fe80,0x3568,0x7fe8c,0x3570,0x7fe92,0x3b42,0x7fe80,0x3b4a]
[ExecLibrary][Trap][GetMsg] port=0x1035f0 name=AEDoorRP.010
[ExecLibrary][GetMsg] Door received message:
  ln_Type=6 (6=NT_REPLYMSG)
  Command=125 (at 0xE0)
  Data=0 (at 0xDC)
  String="1" (at 0x14)
[DebugMonitor] FLOW probe pc=0x3b52 instr=0x4cdf kind=PCWIN mode=3/7 target=<unk> ext=<none> extLong=<none> targetWords=<none> sp=0x7640 A0=0x1035f0 A1=0x1034f0 A2=0xf0100 A4=0xaa08 A5=0x7666 A6=0x80000 [-0x58(A5)]=0x20000020 [target]=<err> [0x5cda]=0x20525892 [0x5cfa]=0x6a047e01 [0x4b90]=0xae244eae lastPCs=[0x7fe8c,0x3570,0x7fe92,0x3b42,0x7fe80,0x3b4a,0x7fe8c,0x3b52]
[XIMMessageParser] Parsed jhMessage:
  Address: 0x1034f0
  Length: 256 (layout=long)
  Reply Port: 0x1035f0
  Command: 6 (JH_HK (Hotkey))
  Data: 0 (0x0)
  Node: 2, Line: 0
  Signal: 0, Task: 0x0
  Semi: 0xb0000
  Filler1: 0x0, Filler2: 0x0
  StrPtr: n/a, Filler3: n/a
  String: ""
[XIMProtocol] handleMessage: cmd=6 (JH_HK (Hotkey)) usedXimInput=true string=""
[XIMLogger] NOT writing to JSON: jsonEnabled=false logStream=false type=JH_HK (Hotkey)
[XIMIOHandler] JH_HK (Hotkey) received - setting usedXimInput=true
[DEBUG JH_HK handleHotkey] msg.stringPtr=NULL embedded=0x103504
[XIMMessageParser] writeCommand: msgAddr=0x1034f0 offset=224 value=1 (0x1) layout=long
[XIMIOHandler] JH_HK: Wrote keyCode=13 (ENTER) to msg.string[0] at 0x103504
[XIMIOHandler] JH_HK: Wrote ximPort=1 to msg.command
[DEBUG JH_HK] BEFORE reply(): msg.string[0]=0xd keyCode=13
[XIMLogger] NOT writing to JSON: jsonEnabled=false logStream=false type=JH_HK (Hotkey)_REPLY
[ExecLibrary] replyMsg: Putting message 0x1034f0 to replyPort 0x1035f0
[ExecLibrary] PutMsg: Calling Signal(task=0xbf00, mask=0x10000) sigBit=16 portName=AEDoorRP.010
[ExecLibrary] Signal APPLIED: sigRecvd 0x50000 -> 0x50000, sigWait=0x0, isWaiting=false
[ExecLibrary] replyMsg: Message delivered to replyPort
[DEBUG JH_HK] AFTER reply(): msg.string[0]=0xd
[DEBUG JH_HK] msg.string[0-31] HEX: 0d 00 5b 32 37 41 00 20 20 20 20 20 20 20 20 20 20 20 20 20 20 20 20 20 20 20 20 20 20 20 20 20
[DEBUG JH_HK] msg.string[0-31] ASCII: "..[27A.                         "
[ExecLibrary] replyMsg: Putting message 0x1034f0 to replyPort 0x1035f0
[ExecLibrary] PutMsg: Calling Signal(task=0xbf00, mask=0x10000) sigBit=16 portName=AEDoorRP.010
[ExecLibrary] Signal APPLIED: sigRecvd 0x50000 -> 0x50000, sigWait=0x0, isWaiting=false
[ExecLibrary] replyMsg: Message delivered to replyPort
[MoiraEmulator] Emulator RESUMING from pause
[DoorLifecycleManager] doorMessageCallback: Message handled for cmd=6 (XIM handler replied)
[ExecLibrary][Trap][WaitPort] port=0x1035f0 name=AEDoorRP.010
[ExecLibrary][Trap][GetMsg] port=0x1035f0 name=AEDoorRP.010
[ExecLibrary][GetMsg] Door received message:
  ln_Type=6 (6=NT_REPLYMSG)
  Command=1 (at 0xE0)
  Data=1 (at 0xDC)
  String="" (at 0x14)
[ExecLibrary][Trap][GetMsg] port=0x0 name=
[ExecLibrary]   Port not found: 0x0
[XIMMessageParser] Parsed jhMessage:
  Address: 0x1034f0
  Length: 256 (layout=long)
  Reply Port: 0x1035f0
  Command: 4 (JH_SM (Send Message))
  Data: 0 (0x0)
  Node: 2, Line: 0
  Signal: 0, Task: 0x0
  Semi: 0xb0000
  Filler1: 0x0, Filler2: 0x0
  StrPtr: n/a, Filler3: n/a
  String: "[ p"
[XIMProtocol] handleMessage: cmd=4 (JH_SM (Send Message)) usedXimInput=true string="[ p"
[XIMLogger] NOT writing to JSON: jsonEnabled=false logStream=false type=JH_SM (Send Message)
[XIM-DEBUG] Filtering Amiga cursor codes: ["[ p"]
[XIMLogger] NOT writing to JSON: jsonEnabled=false logStream=false type=JH_SM (Send Message)_REPLY
[ExecLibrary] replyMsg: Putting message 0x1034f0 to replyPort 0x1035f0
[ExecLibrary] PutMsg: Calling Signal(task=0xbf00, mask=0x10000) sigBit=16 portName=AEDoorRP.010
[ExecLibrary] Signal APPLIED: sigRecvd 0x50000 -> 0x50000, sigWait=0x0, isWaiting=false
[ExecLibrary] replyMsg: Message delivered to replyPort
[DoorLifecycleManager] doorMessageCallback: Message handled for cmd=4 (XIM handler replied)
[ExecLibrary][Trap][WaitPort] port=0x1035f0 name=AEDoorRP.010
[ExecLibrary][Trap][GetMsg] port=0x1035f0 name=AEDoorRP.010
[ExecLibrary][GetMsg] Door received message:
  ln_Type=6 (6=NT_REPLYMSG)
  Command=4 (at 0xE0)
  Data=1 (at 0xDC)
  String="[ p" (at 0x14)
[XIMMessageParser] Parsed jhMessage:
  Address: 0x1034f0
  Length: 256 (layout=long)
  Reply Port: 0x1035f0
  Command: 4 (JH_SM (Send Message))
  Data: 0 (0x0)
  Node: 2, Line: 0
  Signal: 0, Task: 0x0
  Semi: 0xb0000
  Filler1: 0x0, Filler2: 0x0
  StrPtr: n/a, Filler3: n/a
  String: "[28B[0m"
[XIMProtocol] handleMessage: cmd=4 (JH_SM (Send Message)) usedXimInput=true string="[28B[0m"
[XIMLogger] NOT writing to JSON: jsonEnabled=false logStream=false type=JH_SM (Send Message)
[XIMLogger] NOT writing to JSON: jsonEnabled=false logStream=false type=JH_SM (Send Message)_REPLY
[ExecLibrary] replyMsg: Putting message 0x1034f0 to replyPort 0x1035f0
[ExecLibrary] PutMsg: Calling Signal(task=0xbf00, mask=0x10000) sigBit=16 portName=AEDoorRP.010
[ExecLibrary] Signal APPLIED: sigRecvd 0x50000 -> 0x50000, sigWait=0x0, isWaiting=false
[ExecLibrary] replyMsg: Message delivered to replyPort
[DoorLifecycleManager] doorMessageCallback: Message handled for cmd=4 (XIM handler replied)
[ExecLibrary][Trap][WaitPort] port=0x1035f0 name=AEDoorRP.010
[ExecLibrary][Trap][GetMsg] port=0x1035f0 name=AEDoorRP.010
[ExecLibrary][GetMsg] Door received message:
  ln_Type=6 (6=NT_REPLYMSG)
  Command=4 (at 0xE0)
  Data=1 (at 0xDC)
  String="[28B[0m" (at 0x14)
[XIMMessageParser] Parsed jhMessage:
  Address: 0x1034f0
  Length: 256 (layout=long)
  Reply Port: 0x1035f0
  Command: 4 (JH_SM (Send Message))
  Data: 1 (0x1)
  Node: 2, Line: 0
  Signal: 0, Task: 0x0
  Semi: 0xb0000
  Filler1: 0x0, Filler2: 0x0
  StrPtr: n/a, Filler3: n/a
  String: ""
[XIMProtocol] handleMessage: cmd=4 (JH_SM (Send Message)) usedXimInput=true string=""
[XIMLogger] NOT writing to JSON: jsonEnabled=false logStream=false type=JH_SM (Send Message)
[XIMLogger] NOT writing to JSON: jsonEnabled=false logStream=false type=JH_SM (Send Message)_REPLY
[ExecLibrary] replyMsg: Putting message 0x1034f0 to replyPort 0x1035f0
[ExecLibrary] PutMsg: Calling Signal(task=0xbf00, mask=0x10000) sigBit=16 portName=AEDoorRP.010
[ExecLibrary] Signal APPLIED: sigRecvd 0x50000 -> 0x50000, sigWait=0x0, isWaiting=false
[ExecLibrary] replyMsg: Message delivered to replyPort
[DoorLifecycleManager] doorMessageCallback: Message handled for cmd=4 (XIM handler replied)
[ExecLibrary][Trap][WaitPort] port=0x1035f0 name=AEDoorRP.010
[ExecLibrary][Trap][GetMsg] port=0x1035f0 name=AEDoorRP.010
[ExecLibrary][GetMsg] Door received message:
  ln_Type=6 (6=NT_REPLYMSG)
  Command=4 (at 0xE0)
  Data=1 (at 0xDC)
  String="" (at 0x14)
[XIMMessageParser] Parsed jhMessage:
  Address: 0x1034f0
  Length: 256 (layout=long)
  Reply Port: 0x1035f0
  Command: 125 (DT_TIMEOUT)
  Data: 0 (0x0)
  Node: 2, Line: 1
  Signal: 0, Task: 0x0
  Semi: 0xb0000
  Filler1: 0x0, Filler2: 0x0
  StrPtr: n/a, Filler3: n/a
  String: "60"
[XIMProtocol] handleMessage: cmd=125 (DT_TIMEOUT) usedXimInput=true string="60"
[XIMLogger] NOT writing to JSON: jsonEnabled=false logStream=false type=DT_TIMEOUT
[XIMLogger] NOT writing to JSON: jsonEnabled=false logStream=false type=DT_TIMEOUT_REPLY
[ExecLibrary] replyMsg: Putting message 0x1034f0 to replyPort 0x1035f0
[ExecLibrary] PutMsg: Calling Signal(task=0xbf00, mask=0x10000) sigBit=16 portName=AEDoorRP.010
[ExecLibrary] Signal APPLIED: sigRecvd 0x50000 -> 0x50000, sigWait=0x0, isWaiting=false
[ExecLibrary] replyMsg: Message delivered to replyPort
[DoorLifecycleManager] doorMessageCallback: Message handled for cmd=125 (XIM handler replied)
[DebugMonitor] FLOW probe pc=0x3b42 instr=0x206c kind=PCWIN mode=5/4 target=<unk> ext=<none> extLong=<none> targetWords=<none> sp=0x7658 A0=0x103474 A1=0x1034f0 A2=0xf0100 A4=0xaa08 A5=0x767f A6=0x80000 [-0x58(A5)]=0x34000820 [target]=<err> [0x5cda]=0x20525892 [0x5cfa]=0x6a047e01 [0x4b90]=0xae244eae lastPCs=[0x7fe92,0x3560,0x7fe80,0x3568,0x7fe8c,0x3570,0x7fe92,0x3b42]
[ExecLibrary][Trap][WaitPort] port=0x1035f0 name=AEDoorRP.010
[DebugMonitor] FLOW probe pc=0x3b4a instr=0x206c kind=PCWIN mode=5/4 target=<unk> ext=<none> extLong=<none> targetWords=<none> sp=0x7658 A0=0x1035f0 A1=0x1034f0 A2=0xf0100 A4=0xaa08 A5=0x767f A6=0x80000 [-0x58(A5)]=0x34000820 [target]=<err> [0x5cda]=0x20525892 [0x5cfa]=0x6a047e01 [0x4b90]=0xae244eae lastPCs=[0x7fe80,0x3568,0x7fe8c,0x3570,0x7fe92,0x3b42,0x7fe80,0x3b4a]
[ExecLibrary][Trap][GetMsg] port=0x1035f0 name=AEDoorRP.010
[ExecLibrary][GetMsg] Door received message:
  ln_Type=6 (6=NT_REPLYMSG)
  Command=125 (at 0xE0)
  Data=0 (at 0xDC)
  String="60" (at 0x14)
[DebugMonitor] FLOW probe pc=0x3b52 instr=0x4cdf kind=PCWIN mode=3/7 target=<unk> ext=<none> extLong=<none> targetWords=<none> sp=0x7658 A0=0x1035f0 A1=0x1034f0 A2=0xf0100 A4=0xaa08 A5=0x767f A6=0x80000 [-0x58(A5)]=0x34000820 [target]=<err> [0x5cda]=0x20525892 [0x5cfa]=0x6a047e01 [0x4b90]=0xae244eae lastPCs=[0x7fe8c,0x3570,0x7fe92,0x3b42,0x7fe80,0x3b4a,0x7fe8c,0x3b52]
[XIMMessageParser] Parsed jhMessage:
  Address: 0x1034f0
  Length: 256 (layout=long)
  Reply Port: 0x1035f0
  Command: 2 (JH_SHUTDOWN)
  Data: 0 (0x0)
  Node: 2, Line: 1
  Signal: 0, Task: 0x0
  Semi: 0xb0000
  Filler1: 0x0, Filler2: 0x0
  StrPtr: n/a, Filler3: n/a
  String: "60"
[XIMProtocol] handleMessage: cmd=2 (JH_SHUTDOWN) usedXimInput=true string="60"
[XIMLogger] NOT writing to JSON: jsonEnabled=false logStream=false type=JH_SHUTDOWN
[XIMLogger] NOT writing to JSON: jsonEnabled=false logStream=false type=JH_SHUTDOWN_REPLY
[ExecLibrary] replyMsg: Putting message 0x1034f0 to replyPort 0x1035f0
[ExecLibrary] PutMsg: Calling Signal(task=0xbf00, mask=0x10000) sigBit=16 portName=AEDoorRP.010
[ExecLibrary] Signal APPLIED: sigRecvd 0x50000 -> 0x50000, sigWait=0x0, isWaiting=false
[ExecLibrary] replyMsg: Message delivered to replyPort
[DoorLifecycleManager] doorMessageCallback: Message handled for cmd=2 (XIM handler replied)
[DoorLifecycleManager] doorMessageCallback: Door sent JH_SHUTDOWN - stopping execution
[executeAmigaDoor] Door execution completed
[GameMode] Disabled
[XIMProtocol] getStateSnapshot called - debugId="state_1769032122339_o9grtgmcj" returnCommand="NONE", chainCommand="NONE"
[AmigaDoorSession] getExitState: hasXimProtocol=true, returnCommand="NONE"
[executeAmigaDoor] getExitState returned: ximState.returnCommand="NONE", hasXimProtocol=true
[menu] displayMenuPrompt called
  - bbsName: AmiExpress Web BBS
  - currentConf: 2
  - currentConfName: General
  - relConfNum: 0
  - currentMsgBase: 1
  - timeRemaining: 60
  - msgBasesInConf.length: 1
  - currentMsgBase found: true
 Sending single-msgbase prompt: 
[35mAmiExpress Web BBS [36m[0:General][0m Menu ([33m9999[0m mins left): 
[DoorDropFile] Deleted DOOR.SYS for Node2
[DoorDropFile] Deleted DORINFO2.DEF for Node2
[CallersLog] Node2: Door exit: RTW
[BBSEventEmitter] Emitted door_activity: sysop (node 2)
[CommandPriority] Executed as SysCommand
[COMMAND-HANDLER-ENTRY] COMMAND EVENT FIRED! lQqmMkQjuo6noU0SAAAE
=== COMMAND RECEIVED [v2024-FIXED] ===
Raw data: "i" length: 1 charCode: 105
[socket-handlers] checkPauseHandler active: false, flagPauseHandler active: false
Session state: loggedon subState: display_menu
Input buffer: ""
[socket-handlers] About to check door - data="i" (len=1), inDoor=false, subState=display_menu
[socket-handlers] ✗ NOT in door or no handler - routing to BBS command handler
[socket-handlers]   inDoorManager: false
[socket-handlers]   handler exists: false
=== handleCommand called ===
data: "i"
session.state: loggedon
session.subState: display_menu
[handleCommand] ENTRY: data="i" subState=read_command paginatedScreen=false inDoorManager=false
 Checking if in POST_MESSAGE_SUBJECT state: false
 In READ_COMMAND state, reading line input
=== COMMAND PROCESSED ===

[COMMAND-HANDLER-ENTRY] COMMAND EVENT FIRED! lQqmMkQjuo6noU0SAAAE
=== COMMAND RECEIVED [v2024-FIXED] ===
Raw data: "r" length: 1 charCode: 114
[socket-handlers] checkPauseHandler active: false, flagPauseHandler active: false
Session state: loggedon subState: read_command
Input buffer: "i"
[socket-handlers] About to check door - data="r" (len=1), inDoor=false, subState=read_command
[socket-handlers] ✗ NOT in door or no handler - routing to BBS command handler
[socket-handlers]   inDoorManager: false
[socket-handlers]   handler exists: false
=== handleCommand called ===
data: "r"
session.state: loggedon
session.subState: read_command
[handleCommand] ENTRY: data="r" subState=read_command paginatedScreen=false inDoorManager=false
 Checking if in POST_MESSAGE_SUBJECT state: false
 In READ_COMMAND state, reading line input
=== COMMAND PROCESSED ===

[COMMAND-HANDLER-ENTRY] COMMAND EVENT FIRED! lQqmMkQjuo6noU0SAAAE
=== COMMAND RECEIVED [v2024-FIXED] ===
Raw data: "c" length: 1 charCode: 99
[socket-handlers] checkPauseHandler active: false, flagPauseHandler active: false
Session state: loggedon subState: read_command
Input buffer: "ir"
[socket-handlers] About to check door - data="c" (len=1), inDoor=false, subState=read_command
[socket-handlers] ✗ NOT in door or no handler - routing to BBS command handler
[socket-handlers]   inDoorManager: false
[socket-handlers]   handler exists: false
=== handleCommand called ===
data: "c"
session.state: loggedon
session.subState: read_command
[handleCommand] ENTRY: data="c" subState=read_command paginatedScreen=false inDoorManager=false
 Checking if in POST_MESSAGE_SUBJECT state: false
 In READ_COMMAND state, reading line input
=== COMMAND PROCESSED ===

[COMMAND-HANDLER-ENTRY] COMMAND EVENT FIRED! lQqmMkQjuo6noU0SAAAE
=== COMMAND RECEIVED [v2024-FIXED] ===
Raw data: "\r" length: 1 charCode: 13
[socket-handlers] checkPauseHandler active: false, flagPauseHandler active: false
Session state: loggedon subState: read_command
Input buffer: "irc"
🎯 ENTER KEY DETECTED!
🎯 Current subState: read_command
🎯 Is POST_MESSAGE_SUBJECT? false
🎯 Input buffer contents: "irc"
[socket-handlers] About to check door - data="" (len=1), inDoor=false, subState=read_command
[socket-handlers] ✗ NOT in door or no handler - routing to BBS command handler
[socket-handlers]   inDoorManager: false
[socket-handlers]   handler exists: false
=== handleCommand called ===
data: "\r"
session.state: loggedon
session.subState: read_command
[handleCommand] ENTRY: data="" subState=read_command paginatedScreen=false inDoorManager=false
 Checking if in POST_MESSAGE_SUBJECT state: false
 In READ_COMMAND state, reading line input
[CommandHistory] saveHistory called for userId=7ddd39a4-9a2b-485e-ba5a-8cfec20813dd, historyLen=20
[CommandHistory] Database available, saving...
[CommandHistory] Running upsert for user 7ddd39a4-9a2b-485e-ba5a-8cfec20813dd with 20 commands
 Command text stored: IRC
=== COMMAND PROCESSED ===

[CommandHistory] Saved 20 commands for user 7ddd39a4-9a2b-485e-ba5a-8cfec20813dd
=== handleCommand called ===
data: ""
session.state: loggedon
session.subState: process_command
[handleCommand] ENTRY: data="" subState=process_command paginatedScreen=false inDoorManager=false
 Checking if in POST_MESSAGE_SUBJECT state: false
 In PROCESS_COMMAND state, executing command: IRC
[CommandPriority] Processing command: IRC with params: 
[InternalRouter] Overriding internal command 'IRC' with external BBSCMD door.
Executing: IRC
[SYSOP DEBUG] CMD: Executing: IRC
[BBSConfig] Loaded configuration from bbsConfig.info
[BBSConfig] Loaded configuration overrides from bbsConfig.info.txt
[SYSOP DEBUG] COMMAND: Executing TS door: Doors/livechat
{
  "type": "TS",
  "location": "Doors/livechat"
}
Executing door: IRC
[loadDoorManifestForExecution] Loading manifest for door: IRC, id: irc, path: Doors/livechat
[loadDoorManifestForExecution] Trying door.path: /Users/spot/Code/amiexpress-web/Doors/livechat/package.json
[loadDoorManifestForExecution] Found manifest via door.path, runtime: hybrid
[executeDoor] Hybrid door detected: IRC - loading client AND server
[executeClientDoor] Starting client door: IRC
[ClientDoorBridge] Starting session client-door-2-1769032199022 for door irc
[ClientDoorBridge] Registering 'command' listener for session client-door-2-1769032199022
[executeClientDoor] Set inDoorManager=true for session
[executeClientDoor] Set mouseEventsEnabled=true for session
[executeClientDoor] Emitted game-mode=true to frontend
[executeClientDoor] Set doorInputHandler (no-op)
[executeClientDoor] Client door session started: client-door-2-1769032199022
[CallersLog] Node2: Door: IRC
[CORS] Request origin: undefined
[CORS] No origin header - allowing (same-origin or non-browser request)
[DoorAPI] Serving bundle for door: irc
[DoorAPI] Entry point for irc: ./client.ts
[DoorAPI] Door base path: /Users/spot/Code/amiexpress-web/Doors/livechat
[ClientDoorBundler] Bundling door: irc from /Users/spot/Code/amiexpress-web/Doors/livechat/client.ts
[ClientDoorBundler] BBS root: /Users/spot/Code/amiexpress-web
[ClientDoorBundler] SDK path: /Users/spot/Code/amiexpress-web/sdk
[ClientDoorBundler] SDK client: /Users/spot/Code/amiexpress-web/sdk/dist/client/index.js

  .cache/door-bundles/irc.bundle.js      3.1mb ⚠️
  .cache/door-bundles/irc.bundle.js.map  5.0mb

⚡ Done in 297ms
[ClientDoorBundler] Bundle complete: irc (3156.22 KB)
[DoorDropFile] Created DOOR.SYS for Node2
[DoorDropFile] Created DORINFO2.DEF for Node2
[CallersLog] Node2: Door: IRC
[BBSEventEmitter] Emitted door_activity: sysop (node 2)
[executeTypeScriptDoor] ===== EXEC ID: mkok3hi3zjsl =====
[executeTypeScriptDoor] Starting TypeScript door: IRC
[executeTypeScriptDoor] Door path: Doors/livechat
[executeTypeScriptDoor] Found root index.ts, using source instead of package.json main
[executeTypeScriptDoor] Resolved path: /Users/spot/Code/amiexpress-web/Doors/livechat/index.ts
[executeTypeScriptDoor] Actual filesystem path: /Users/spot/Code/amiexpress-web/Doors/livechat/index.ts
[executeTypeScriptDoor] Importing: file:///Users/spot/Code/amiexpress-web/Doors/livechat/index.ts
[executeTypeScriptDoor] SDK v2.0 Door detected, calling execute()
[executeTypeScriptDoor] Set inDoorManager=true
[executeTypeScriptDoor] Sent door:status: running, door-active: true
[createBBSApi] Created BBSApi, has enableMouseEvents: function
[executeTypeScriptDoor] Calling door.execute() with SDK context...
[createScreen] connectionType=web, unicodeCapable=true, needsAmigaConversion=false
[Screen] Created: 80x24, responsive=true, options.width=80, options.height=24
[createScreen] Setting up screen:resize listener via bbs.on()
[DoorInputManager] Checking blessed mouse: enableMouse= true hasScreen= true hasProgram= true
[DoorInputManager] Calling screen.program.enableMouse()
[DoorInputManager] screen.program._mouseEnabled= true
[DoorInputManager] Checking BBS mouse: enableMouse= true hasSession= true
[DoorInputManager] Set bbsSession.mouseEventsEnabled = true
[MenuBar] Creating dropdown for: Chat
[MenuBar] Dropdown created, type: object hasOpenFor: function
[MenuBar] Dropdown registered, total dropdowns: 1
[MenuBar] Creating dropdown for: Tools
[MenuBar] Dropdown created, type: object hasOpenFor: function
[MenuBar] Dropdown registered, total dropdowns: 2
[MenuBar] Creating dropdown for: View
[MenuBar] Dropdown created, type: object hasOpenFor: function
[MenuBar] Dropdown registered, total dropdowns: 3
[MenuBar] Creating dropdown for: Help
[MenuBar] Dropdown created, type: object hasOpenFor: function
[MenuBar] Dropdown registered, total dropdowns: 4
[MenuBar] Creating dropdown for: Chat
[MenuBar] Dropdown created, type: object hasOpenFor: function
[MenuBar] Dropdown registered, total dropdowns: 1
[MenuBar] Creating dropdown for: Tools
[MenuBar] Dropdown created, type: object hasOpenFor: function
[MenuBar] Dropdown registered, total dropdowns: 2
[MenuBar] Creating dropdown for: View
[MenuBar] Dropdown created, type: object hasOpenFor: function
[MenuBar] Dropdown registered, total dropdowns: 3
[MenuBar] Creating dropdown for: Help
[MenuBar] Dropdown created, type: object hasOpenFor: function
[MenuBar] Dropdown registered, total dropdowns: 4
[DoorSocket] Intercepting room:list
[DoorSocket] Intercepting room:join: { roomName: 'general' }
🚪 Room join request: 7ddd39a4-9a2b-485e-ba5a-8cfec20813dd general
✅ User joined room: sysop general
📢 Broadcast room:user-joined: sysop to room: room:room_1766581377150_3l86i49zf
📤 [LiveChat DEBUG] Sending room:joined to sysop : {"roomId":"room_1766581377150_3l86i49zf","roomName":"general","memberCount":2,"members":[{"user_id":"a19c6efa-eea3-4999-bde4-3947594f56f4","username":"spot","is_moderator":0,"is_muted":0},{"user_id":"7ddd39a4-9a2b-485e-ba5a-8cfec20813dd","username":"sysop","is_moderator":0,"is_muted":0}]}
(node:26051) MaxListenersExceededWarning: Possible EventEmitter memory leak detected. 11 disconnect listeners added to [Socket]. MaxListeners is 10. Use emitter.setMaxListeners() to increase limit
(Use `node --trace-warnings ...` to show where the warning was created)
[CORS] Request origin: http://localhost:3001
[CORS] Development mode - allowing all origins
[DoorSocket] Intercepting chat:keystroke: { channelId: 'room_1766581377150_3l86i49zf', userId: 7, char: 'r' }
[DoorSocket] Intercepting chat:keystroke: { channelId: 'room_1766581377150_3l86i49zf', userId: 7, char: 'r' }
[DoorSocket] Intercepting chat:keystroke: { channelId: 'room_1766581377150_3l86i49zf', userId: 7, char: 'r' }
[DoorSocket] Intercepting chat:keystroke: { channelId: 'room_1766581377150_3l86i49zf', userId: 7, char: 'r' }
[DoorSocket] Intercepting chat:keystroke: { channelId: 'room_1766581377150_3l86i49zf', userId: 7, char: 'r' }
[DoorSocket] Intercepting chat:keystroke: { channelId: 'room_1766581377150_3l86i49zf', userId: 7, char: 'r' }
[DoorSocket] Intercepting chat:keystroke: { channelId: 'room_1766581377150_3l86i49zf', userId: 7, char: 'r' }
[DoorSocket] Intercepting chat:keystroke: { channelId: 'room_1766581377150_3l86i49zf', userId: 7, char: 'r' }
[DoorSocket] Intercepting chat:keystroke: { channelId: 'room_1766581377150_3l86i49zf', userId: 7, char: 'r' }
[DoorSocket] Intercepting chat:keystroke: { channelId: 'room_1766581377150_3l86i49zf', userId: 7, char: 'r' }
[DoorSocket] Intercepting chat:keystroke: { channelId: 'room_1766581377150_3l86i49zf', userId: 7, char: 'r' }
[DoorSocket] Intercepting chat:keystroke: { channelId: 'room_1766581377150_3l86i49zf', userId: 7, char: 'r' }
[DoorSocket] Intercepting chat:keystroke: { channelId: 'room_1766581377150_3l86i49zf', userId: 7, char: 'r' }
[DoorSocket] Intercepting chat:keystroke: { channelId: 'room_1766581377150_3l86i49zf', userId: 7, char: 'r' }
[DoorSocket] Intercepting chat:keystroke: { channelId: 'room_1766581377150_3l86i49zf', userId: 7, char: 'r' }
[DoorSocket] Intercepting chat:keystroke: { channelId: 'room_1766581377150_3l86i49zf', userId: 7, char: 'r' }
[DoorSocket] Intercepting chat:keystroke: { channelId: 'room_1766581377150_3l86i49zf', userId: 7, char: 'r' }
[DoorSocket] Intercepting chat:keystroke: { channelId: 'room_1766581377150_3l86i49zf', userId: 7, char: 'r' }
[DoorSocket] Intercepting chat:keystroke: { channelId: 'room_1766581377150_3l86i49zf', userId: 7, char: 'r' }
[DoorSocket] Intercepting chat:keystroke: { channelId: 'room_1766581377150_3l86i49zf', userId: 7, char: 'r' }
[DoorSocket] Intercepting chat:keystroke: { channelId: 'room_1766581377150_3l86i49zf', userId: 7, char: 'r' }
[DoorSocket] Intercepting chat:keystroke: { channelId: 'room_1766581377150_3l86i49zf', userId: 7, char: 'r' }
[DoorSocket] Intercepting chat:keystroke: { channelId: 'room_1766581377150_3l86i49zf', userId: 7, char: 'r' }
[DoorSocket] Intercepting chat:keystroke: { channelId: 'room_1766581377150_3l86i49zf', userId: 7, char: 'r' }
[DoorSocket] Intercepting chat:keystroke: { channelId: 'room_1766581377150_3l86i49zf', userId: 7, char: 'r' }
[DoorSocket] Intercepting chat:keystroke: { channelId: 'room_1766581377150_3l86i49zf', userId: 7, char: 'r' }
[DoorSocket] Intercepting chat:keystroke: { channelId: 'room_1766581377150_3l86i49zf', userId: 7, char: 'r' }
[DoorSocket] Intercepting chat:keystroke: { channelId: 'room_1766581377150_3l86i49zf', userId: 7, char: 'r' }
[DoorSocket] Intercepting chat:keystroke: { channelId: 'room_1766581377150_3l86i49zf', userId: 7, char: 'r' }
[DoorSocket] Intercepting chat:keystroke: { channelId: 'room_1766581377150_3l86i49zf', userId: 7, char: 'r' }
[DoorSocket] Intercepting chat:keystroke: { channelId: 'room_1766581377150_3l86i49zf', userId: 7, char: 'r' }
[DoorSocket] Intercepting chat:keystroke: { channelId: 'room_1766581377150_3l86i49zf', userId: 7, char: 'r' }
[DoorSocket] Intercepting chat:keystroke: { channelId: 'room_1766581377150_3l86i49zf', userId: 7, char: 'r' }
[DoorSocket] Intercepting chat:keystroke: { channelId: 'room_1766581377150_3l86i49zf', userId: 7, char: 'r' }
[DoorSocket] Intercepting chat:keystroke: { channelId: 'room_1766581377150_3l86i49zf', userId: 7, char: 'r' }
[DoorSocket] Intercepting chat:keystroke: { channelId: 'room_1766581377150_3l86i49zf', userId: 7, char: 'r' }
[DoorSocket] Intercepting chat:keystroke: { channelId: 'room_1766581377150_3l86i49zf', userId: 7, char: 'r' }
[DoorSocket] Intercepting chat:keystroke: { channelId: 'room_1766581377150_3l86i49zf', userId: 7, char: 'r' }
[DoorSocket] Intercepting chat:keystroke: { channelId: 'room_1766581377150_3l86i49zf', userId: 7, char: 'r' }
[DoorSocket] Intercepting chat:keystroke: { channelId: 'room_1766581377150_3l86i49zf', userId: 7, char: 'r' }
[DoorSocket] Intercepting chat:keystroke: { channelId: 'room_1766581377150_3l86i49zf', userId: 7, char: 'r' }
[DoorSocket] Intercepting chat:keystroke: { channelId: 'room_1766581377150_3l86i49zf', userId: 7, char: 'r' }
[DoorSocket] Intercepting chat:keystroke: { channelId: 'room_1766581377150_3l86i49zf', userId: 7, char: 'r' }
[DoorSocket] Intercepting chat:keystroke: { channelId: 'room_1766581377150_3l86i49zf', userId: 7, char: 'r' }
[DoorSocket] Intercepting chat:keystroke: { channelId: 'room_1766581377150_3l86i49zf', userId: 7, char: 'r' }
[DoorSocket] Intercepting chat:keystroke: { channelId: 'room_1766581377150_3l86i49zf', userId: 7, char: 'r' }
[DoorSocket] Intercepting chat:keystroke: { channelId: 'room_1766581377150_3l86i49zf', userId: 7, char: 'r' }
[DoorSocket] Intercepting chat:keystroke: { channelId: 'room_1766581377150_3l86i49zf', userId: 7, char: 'r' }
[DoorSocket] Intercepting chat:keystroke: { channelId: 'room_1766581377150_3l86i49zf', userId: 7, char: 'r' }
[DoorSocket] Intercepting chat:keystroke: { channelId: 'room_1766581377150_3l86i49zf', userId: 7, char: 'r' }
[DoorSocket] Intercepting chat:keystroke: { channelId: 'room_1766581377150_3l86i49zf', userId: 7, char: 'r' }
[DoorSocket] Intercepting chat:keystroke: { channelId: 'room_1766581377150_3l86i49zf', userId: 7, char: 'r' }
[DoorSocket] Intercepting chat:keystroke: { channelId: 'room_1766581377150_3l86i49zf', userId: 7, char: 'r' }
[DoorSocket] Intercepting chat:keystroke: { channelId: 'room_1766581377150_3l86i49zf', userId: 7, char: 'r' }
[DoorSocket] Intercepting chat:keystroke: { channelId: 'room_1766581377150_3l86i49zf', userId: 7, char: 'r' }
[DoorSocket] Intercepting chat:keystroke: { channelId: 'room_1766581377150_3l86i49zf', userId: 7, char: 'r' }
[DoorSocket] Intercepting chat:keystroke: { channelId: 'room_1766581377150_3l86i49zf', userId: 7, char: 'r' }
[DoorSocket] Intercepting chat:keystroke: { channelId: 'room_1766581377150_3l86i49zf', userId: 7, char: 'r' }
[DoorSocket] Intercepting chat:keystroke: { channelId: 'room_1766581377150_3l86i49zf', userId: 7, char: 'r' }
[DoorSocket] Intercepting chat:keystroke: { channelId: 'room_1766581377150_3l86i49zf', userId: 7, char: 'r' }
[DoorSocket] Intercepting chat:keystroke: { channelId: 'room_1766581377150_3l86i49zf', userId: 7, char: 'r' }
[DoorSocket] Intercepting chat:keystroke: { channelId: 'room_1766581377150_3l86i49zf', userId: 7, char: 'r' }
[DoorSocket] Intercepting chat:keystroke: { channelId: 'room_1766581377150_3l86i49zf', userId: 7, char: 'r' }
[DoorSocket] Intercepting chat:keystroke: { channelId: 'room_1766581377150_3l86i49zf', userId: 7, char: 'r' }
[DoorSocket] Intercepting chat:keystroke: { channelId: 'room_1766581377150_3l86i49zf', userId: 7, char: 'r' }
[DoorSocket] Intercepting chat:keystroke: { channelId: 'room_1766581377150_3l86i49zf', userId: 7, char: 'r' }
[DoorSocket] Intercepting chat:keystroke: { channelId: 'room_1766581377150_3l86i49zf', userId: 7, char: 'r' }
[DoorSocket] Intercepting chat:keystroke: { channelId: 'room_1766581377150_3l86i49zf', userId: 7, char: 'r' }
[DoorSocket] Intercepting chat:keystroke: { channelId: 'room_1766581377150_3l86i49zf', userId: 7, char: 'r' }
[DoorSocket] Intercepting chat:keystroke: { channelId: 'room_1766581377150_3l86i49zf', userId: 7, char: 'r' }
[DoorSocket] Intercepting chat:keystroke: { channelId: 'room_1766581377150_3l86i49zf', userId: 7, char: 'r' }
[DoorSocket] Intercepting chat:keystroke: { channelId: 'room_1766581377150_3l86i49zf', userId: 7, char: 'r' }
[DoorSocket] Intercepting chat:keystroke: { channelId: 'room_1766581377150_3l86i49zf', userId: 7, char: 'r' }
[DoorSocket] Intercepting chat:keystroke: { channelId: 'room_1766581377150_3l86i49zf', userId: 7, char: 'r' }
[DoorSocket] Intercepting chat:keystroke: { channelId: 'room_1766581377150_3l86i49zf', userId: 7, char: 'r' }
[DoorSocket] Intercepting chat:keystroke: { channelId: 'room_1766581377150_3l86i49zf', userId: 7, char: 'r' }
[DoorSocket] Intercepting chat:keystroke: { channelId: 'room_1766581377150_3l86i49zf', userId: 7, char: 'r' }
[DoorSocket] Intercepting chat:keystroke: { channelId: 'room_1766581377150_3l86i49zf', userId: 7, char: 'r' }
[DoorSocket] Intercepting chat:keystroke: { channelId: 'room_1766581377150_3l86i49zf', userId: 7, char: 'r' }
[DoorSocket] Intercepting chat:keystroke: { channelId: 'room_1766581377150_3l86i49zf', userId: 7, char: 'r' }
[DoorSocket] Intercepting chat:keystroke: { channelId: 'room_1766581377150_3l86i49zf', userId: 7, char: 'r' }
[DoorSocket] Intercepting chat:keystroke: { channelId: 'room_1766581377150_3l86i49zf', userId: 7, char: 'r' }
[DoorSocket] Intercepting chat:keystroke: { channelId: 'room_1766581377150_3l86i49zf', userId: 7, char: 'r' }
[DoorSocket] Intercepting chat:keystroke: { channelId: 'room_1766581377150_3l86i49zf', userId: 7, char: 'r' }
[DoorSocket] Intercepting chat:keystroke: { channelId: 'room_1766581377150_3l86i49zf', userId: 7, char: 'r' }
[DoorSocket] Intercepting chat:keystroke: { channelId: 'room_1766581377150_3l86i49zf', userId: 7, char: 'r' }
[DoorSocket] Intercepting chat:keystroke: { channelId: 'room_1766581377150_3l86i49zf', userId: 7, char: 'r' }
[DoorSocket] Intercepting chat:keystroke: { channelId: 'room_1766581377150_3l86i49zf', userId: 7, char: 'r' }
[DoorSocket] Intercepting chat:keystroke: { channelId: 'room_1766581377150_3l86i49zf', userId: 7, char: 'r' }
[DoorSocket] Intercepting chat:keystroke: { channelId: 'room_1766581377150_3l86i49zf', userId: 7, char: 'r' }
[DoorSocket] Intercepting chat:keystroke: { channelId: 'room_1766581377150_3l86i49zf', userId: 7, char: 'r' }
[DoorSocket] Intercepting chat:keystroke: { channelId: 'room_1766581377150_3l86i49zf', userId: 7, char: 'r' }
[DoorSocket] Intercepting chat:keystroke: { channelId: 'room_1766581377150_3l86i49zf', userId: 7, char: 'r' }
[DoorSocket] Intercepting chat:keystroke: { channelId: 'room_1766581377150_3l86i49zf', userId: 7, char: 'r' }
[DoorSocket] Intercepting chat:keystroke: { channelId: 'room_1766581377150_3l86i49zf', userId: 7, char: 'r' }
[DoorSocket] Intercepting chat:keystroke: { channelId: 'room_1766581377150_3l86i49zf', userId: 7, char: 'r' }
[DoorSocket] Intercepting chat:keystroke: { channelId: 'room_1766581377150_3l86i49zf', userId: 7, char: 'r' }
[DoorSocket] Intercepting chat:keystroke: { channelId: 'room_1766581377150_3l86i49zf', userId: 7, char: 'r' }
[DoorSocket] Intercepting chat:keystroke: { channelId: 'room_1766581377150_3l86i49zf', userId: 7, char: 'r' }
[DoorSocket] Intercepting chat:keystroke: { channelId: 'room_1766581377150_3l86i49zf', userId: 7, char: 'r' }
[DoorSocket] Intercepting chat:keystroke: { channelId: 'room_1766581377150_3l86i49zf', userId: 7, char: 'r' }
[DoorSocket] Intercepting chat:keystroke: { channelId: 'room_1766581377150_3l86i49zf', userId: 7, char: 'r' }
[DoorSocket] Intercepting chat:keystroke: { channelId: 'room_1766581377150_3l86i49zf', userId: 7, char: 'r' }
[DoorSocket] Intercepting chat:keystroke: { channelId: 'room_1766581377150_3l86i49zf', userId: 7, char: 'r' }
[DoorSocket] Intercepting chat:keystroke: { channelId: 'room_1766581377150_3l86i49zf', userId: 7, char: 'r' }
[DoorSocket] Intercepting chat:keystroke: { channelId: 'room_1766581377150_3l86i49zf', userId: 7, char: 'r' }
[DoorSocket] Intercepting chat:keystroke: { channelId: 'room_1766581377150_3l86i49zf', userId: 7, char: 'r' }
[DoorSocket] Intercepting chat:keystroke: { channelId: 'room_1766581377150_3l86i49zf', userId: 7, char: 'r' }
[DoorSocket] Intercepting chat:keystroke: { channelId: 'room_1766581377150_3l86i49zf', userId: 7, char: 'r' }
[DoorSocket] Intercepting chat:keystroke: { channelId: 'room_1766581377150_3l86i49zf', userId: 7, char: 'r' }
[DoorSocket] Intercepting chat:keystroke: { channelId: 'room_1766581377150_3l86i49zf', userId: 7, char: 'r' }
[DoorSocket] Intercepting chat:keystroke: { channelId: 'room_1766581377150_3l86i49zf', userId: 7, char: 'r' }
[DoorSocket] Intercepting chat:keystroke: { channelId: 'room_1766581377150_3l86i49zf', userId: 7, char: 'r' }
[DoorSocket] Intercepting chat:keystroke: { channelId: 'room_1766581377150_3l86i49zf', userId: 7, char: 'r' }
[DoorSocket] Intercepting chat:keystroke: { channelId: 'room_1766581377150_3l86i49zf', userId: 7, char: 'r' }
[DoorSocket] Intercepting chat:keystroke: { channelId: 'room_1766581377150_3l86i49zf', userId: 7, char: 'r' }
[DoorSocket] Intercepting chat:keystroke: { channelId: 'room_1766581377150_3l86i49zf', userId: 7, char: 'r' }
[DoorSocket] Intercepting chat:keystroke: { channelId: 'room_1766581377150_3l86i49zf', userId: 7, char: 'r' }
[DoorSocket] Intercepting chat:keystroke: { channelId: 'room_1766581377150_3l86i49zf', userId: 7, char: 'r' }
[DoorSocket] Intercepting chat:keystroke: { channelId: 'room_1766581377150_3l86i49zf', userId: 7, char: 'r' }
[DoorSocket] Intercepting chat:keystroke: { channelId: 'room_1766581377150_3l86i49zf', userId: 7, char: 'r' }
[DoorSocket] Intercepting chat:keystroke: { channelId: 'room_1766581377150_3l86i49zf', userId: 7, char: 'r' }
[DoorSocket] Intercepting chat:keystroke: { channelId: 'room_1766581377150_3l86i49zf', userId: 7, char: 'r' }
[DoorSocket] Intercepting chat:keystroke: { channelId: 'room_1766581377150_3l86i49zf', userId: 7, char: 'r' }
[DoorSocket] Intercepting chat:keystroke: { channelId: 'room_1766581377150_3l86i49zf', userId: 7, char: 'r' }
[DoorSocket] Intercepting chat:keystroke: { channelId: 'room_1766581377150_3l86i49zf', userId: 7, char: 'r' }
[DoorSocket] Intercepting chat:keystroke: { channelId: 'room_1766581377150_3l86i49zf', userId: 7, char: 'r' }
[DoorSocket] Intercepting chat:keystroke: { channelId: 'room_1766581377150_3l86i49zf', userId: 7, char: 'r' }
[DoorSocket] Intercepting chat:keystroke: { channelId: 'room_1766581377150_3l86i49zf', userId: 7, char: 'r' }
[DoorSocket] Intercepting chat:keystroke: { channelId: 'room_1766581377150_3l86i49zf', userId: 7, char: 'r' }
[DoorSocket] Intercepting chat:keystroke: { channelId: 'room_1766581377150_3l86i49zf', userId: 7, char: 'r' }
[DoorSocket] Intercepting chat:keystroke: { channelId: 'room_1766581377150_3l86i49zf', userId: 7, char: 'r' }
[DoorSocket] Intercepting chat:keystroke: { channelId: 'room_1766581377150_3l86i49zf', userId: 7, char: 'r' }
[DoorSocket] Intercepting chat:keystroke: { channelId: 'room_1766581377150_3l86i49zf', userId: 7, char: 'r' }
[DoorSocket] Intercepting chat:keystroke: { channelId: 'room_1766581377150_3l86i49zf', userId: 7, char: 'r' }
[DoorSocket] Intercepting chat:keystroke: { channelId: 'room_1766581377150_3l86i49zf', userId: 7, char: 'r' }
[DoorSocket] Intercepting chat:keystroke: { channelId: 'room_1766581377150_3l86i49zf', userId: 7, char: 'r' }
[DoorSocket] Intercepting chat:keystroke: { channelId: 'room_1766581377150_3l86i49zf', userId: 7, char: 'r' }
[DoorSocket] Intercepting chat:keystroke: { channelId: 'room_1766581377150_3l86i49zf', userId: 7, char: 'r' }
[Program._handleData] JSON parsed: type=mouse-hover mouseEnabled=true
[Program._handleData] mouseEvent={"x":78,"y":23,"action":"mousemove","shift":false,"ctrl":false,"meta":false}
[Program._handleData] Emitted mouse event
[DoorSocket] Intercepting chat:keystroke: { channelId: 'room_1766581377150_3l86i49zf', userId: 7, char: 'r' }
[Program._handleData] JSON parsed: type=mouse-hover mouseEnabled=true
[Program._handleData] mouseEvent={"x":73,"y":18,"action":"mousemove","shift":false,"ctrl":false,"meta":false}
[Program._handleData] Emitted mouse event
[DoorSocket] Intercepting chat:keystroke: { channelId: 'room_1766581377150_3l86i49zf', userId: 7, char: 'r' }
[Program._handleData] JSON parsed: type=mouse-hover mouseEnabled=true
[Program._handleData] mouseEvent={"x":68,"y":14,"action":"mousemove","shift":false,"ctrl":false,"meta":false}
[Program._handleData] Emitted mouse event
[DoorSocket] Intercepting chat:keystroke: { channelId: 'room_1766581377150_3l86i49zf', userId: 7, char: 'r' }
[Program._handleData] JSON parsed: type=mouse-hover mouseEnabled=true
[Program._handleData] mouseEvent={"x":64,"y":9,"action":"mousemove","shift":false,"ctrl":false,"meta":false}
[Program._handleData] Emitted mouse event
[DoorSocket] Intercepting chat:keystroke: { channelId: 'room_1766581377150_3l86i49zf', userId: 7, char: 'r' }
[Program._handleData] JSON parsed: type=mouse-hover mouseEnabled=true
[Program._handleData] mouseEvent={"x":61,"y":5,"action":"mousemove","shift":false,"ctrl":false,"meta":false}
[Program._handleData] Emitted mouse event
[DoorSocket] Intercepting chat:keystroke: { channelId: 'room_1766581377150_3l86i49zf', userId: 7, char: 'r' }
[Program._handleData] JSON parsed: type=mouse-hover mouseEnabled=true
[Program._handleData] mouseEvent={"x":58,"y":1,"action":"mousemove","shift":false,"ctrl":false,"meta":false}
[Program._handleData] Emitted mouse event
[DoorSocket] Intercepting chat:keystroke: { channelId: 'room_1766581377150_3l86i49zf', userId: 7, char: 'r' }
[DoorSocket] Intercepting chat:keystroke: { channelId: 'room_1766581377150_3l86i49zf', userId: 7, char: 'r' }
[DoorSocket] Intercepting chat:keystroke: { channelId: 'room_1766581377150_3l86i49zf', userId: 7, char: 'r' }
[DoorSocket] Intercepting chat:keystroke: { channelId: 'room_1766581377150_3l86i49zf', userId: 7, char: 'r' }
[DoorSocket] Intercepting chat:keystroke: { channelId: 'room_1766581377150_3l86i49zf', userId: 7, char: 'r' }
[DoorSocket] Intercepting chat:keystroke: { channelId: 'room_1766581377150_3l86i49zf', userId: 7, char: 'r' }
[DoorSocket] Intercepting chat:keystroke: { channelId: 'room_1766581377150_3l86i49zf', userId: 7, char: 'r' }
[DoorSocket] Intercepting chat:keystroke: { channelId: 'room_1766581377150_3l86i49zf', userId: 7, char: 'r' }
[DoorSocket] Intercepting chat:keystroke: { channelId: 'room_1766581377150_3l86i49zf', userId: 7, char: 'r' }
[DoorSocket] Intercepting chat:keystroke: { channelId: 'room_1766581377150_3l86i49zf', userId: 7, char: 'r' }
[DoorSocket] Intercepting chat:keystroke: { channelId: 'room_1766581377150_3l86i49zf', userId: 7, char: 'r' }
[DoorSocket] Intercepting chat:keystroke: { channelId: 'room_1766581377150_3l86i49zf', userId: 7, char: 'r' }
[DoorSocket] Intercepting chat:keystroke: { channelId: 'room_1766581377150_3l86i49zf', userId: 7, char: 'r' }
[DoorSocket] Intercepting chat:keystroke: { channelId: 'room_1766581377150_3l86i49zf', userId: 7, char: 'r' }
[DoorSocket] Intercepting chat:keystroke: { channelId: 'room_1766581377150_3l86i49zf', userId: 7, char: 'r' }
[DoorSocket] Intercepting chat:keystroke: { channelId: 'room_1766581377150_3l86i49zf', userId: 7, char: 'r' }
[DoorSocket] Intercepting chat:keystroke: { channelId: 'room_1766581377150_3l86i49zf', userId: 7, char: 'r' }
[DoorSocket] Intercepting chat:keystroke: { channelId: 'room_1766581377150_3l86i49zf', userId: 7, char: 'r' }
[DoorSocket] Intercepting chat:keystroke: { channelId: 'room_1766581377150_3l86i49zf', userId: 7, char: 'r' }
[DoorSocket] Intercepting chat:keystroke: { channelId: 'room_1766581377150_3l86i49zf', userId: 7, char: 'r' }
[DoorSocket] Intercepting chat:keystroke: { channelId: 'room_1766581377150_3l86i49zf', userId: 7, char: 'r' }
[DoorSocket] Intercepting chat:keystroke: { channelId: 'room_1766581377150_3l86i49zf', userId: 7, char: 'r' }
[DoorSocket] Intercepting chat:keystroke: { channelId: 'room_1766581377150_3l86i49zf', userId: 7, char: 'r' }
[DoorSocket] Intercepting chat:keystroke: { channelId: 'room_1766581377150_3l86i49zf', userId: 7, char: 'r' }
[DoorSocket] Intercepting chat:keystroke: { channelId: 'room_1766581377150_3l86i49zf', userId: 7, char: 'r' }
[DoorSocket] Intercepting chat:keystroke: { channelId: 'room_1766581377150_3l86i49zf', userId: 7, char: 'r' }
[DoorSocket] Intercepting chat:keystroke: { channelId: 'room_1766581377150_3l86i49zf', userId: 7, char: 'r' }
[DoorSocket] Intercepting chat:keystroke: { channelId: 'room_1766581377150_3l86i49zf', userId: 7, char: 'r' }
[DoorSocket] Intercepting chat:keystroke: { channelId: 'room_1766581377150_3l86i49zf', userId: 7, char: 'r' }
[DoorSocket] Intercepting chat:keystroke: { channelId: 'room_1766581377150_3l86i49zf', userId: 7, char: 'r' }
[DoorSocket] Intercepting chat:keystroke: { channelId: 'room_1766581377150_3l86i49zf', userId: 7, char: 'r' }
[DoorSocket] Intercepting chat:keystroke: { channelId: 'room_1766581377150_3l86i49zf', userId: 7, char: 'r' }
[DoorSocket] Intercepting chat:keystroke: { channelId: 'room_1766581377150_3l86i49zf', userId: 7, char: 'r' }
[DoorSocket] Intercepting chat:keystroke: { channelId: 'room_1766581377150_3l86i49zf', userId: 7, char: 'r' }
[DoorSocket] Intercepting chat:keystroke: { channelId: 'room_1766581377150_3l86i49zf', userId: 7, char: 'r' }
[DoorSocket] Intercepting chat:keystroke: { channelId: 'room_1766581377150_3l86i49zf', userId: 7, char: 'r' }
[DoorSocket] Intercepting chat:keystroke: { channelId: 'room_1766581377150_3l86i49zf', userId: 7, char: 'r' }
[DoorSocket] Intercepting chat:keystroke: { channelId: 'room_1766581377150_3l86i49zf', userId: 7, char: 'r' }
[DoorSocket] Intercepting chat:keystroke: { channelId: 'room_1766581377150_3l86i49zf', userId: 7, char: 'r' }
[DoorSocket] Intercepting chat:keystroke: { channelId: 'room_1766581377150_3l86i49zf', userId: 7, char: 'r' }
[DoorSocket] Intercepting chat:keystroke: { channelId: 'room_1766581377150_3l86i49zf', userId: 7, char: 'r' }
[DoorSocket] Intercepting chat:keystroke: { channelId: 'room_1766581377150_3l86i49zf', userId: 7, char: 'r' }
[DoorSocket] Intercepting chat:keystroke: { channelId: 'room_1766581377150_3l86i49zf', userId: 7, char: 'r' }
[DoorSocket] Intercepting chat:keystroke: { channelId: 'room_1766581377150_3l86i49zf', userId: 7, char: 'r' }
[DoorSocket] Intercepting chat:keystroke: { channelId: 'room_1766581377150_3l86i49zf', userId: 7, char: 'r' }
[DoorSocket] Intercepting chat:keystroke: { channelId: 'room_1766581377150_3l86i49zf', userId: 7, char: 'r' }
[DoorSocket] Intercepting chat:keystroke: { channelId: 'room_1766581377150_3l86i49zf', userId: 7, char: 'r' }
[DoorSocket] Intercepting chat:keystroke: { channelId: 'room_1766581377150_3l86i49zf', userId: 7, char: 'r' }
[DoorSocket] Intercepting chat:keystroke: { channelId: 'room_1766581377150_3l86i49zf', userId: 7, char: 'r' }
[DoorSocket] Intercepting chat:keystroke: { channelId: 'room_1766581377150_3l86i49zf', userId: 7, char: 'r' }
[DoorSocket] Intercepting chat:keystroke: { channelId: 'room_1766581377150_3l86i49zf', userId: 7, char: 'r' }
[DoorSocket] Intercepting chat:keystroke: { channelId: 'room_1766581377150_3l86i49zf', userId: 7, char: 'r' }
[DoorSocket] Intercepting chat:keystroke: { channelId: 'room_1766581377150_3l86i49zf', userId: 7, char: 'r' }
[DoorSocket] Intercepting chat:keystroke: { channelId: 'room_1766581377150_3l86i49zf', userId: 7, char: 'r' }
[DoorSocket] Intercepting chat:keystroke: { channelId: 'room_1766581377150_3l86i49zf', userId: 7, char: 'r' }
[DoorSocket] Intercepting chat:keystroke: { channelId: 'room_1766581377150_3l86i49zf', userId: 7, char: 'r' }
[DoorSocket] Intercepting chat:keystroke: { channelId: 'room_1766581377150_3l86i49zf', userId: 7, char: 'r' }
[DoorSocket] Intercepting chat:keystroke: { channelId: 'room_1766581377150_3l86i49zf', userId: 7, char: 'r' }
[DoorSocket] Intercepting chat:keystroke: { channelId: 'room_1766581377150_3l86i49zf', userId: 7, char: 'r' }
[DoorSocket] Intercepting chat:keystroke: { channelId: 'room_1766581377150_3l86i49zf', userId: 7, char: 'r' }
[DoorSocket] Intercepting chat:keystroke: { channelId: 'room_1766581377150_3l86i49zf', userId: 7, char: 'r' }
[DoorSocket] Intercepting chat:keystroke: { channelId: 'room_1766581377150_3l86i49zf', userId: 7, char: 'r' }
[DoorSocket] Intercepting chat:keystroke: { channelId: 'room_1766581377150_3l86i49zf', userId: 7, char: 'r' }
[DoorSocket] Intercepting chat:keystroke: { channelId: 'room_1766581377150_3l86i49zf', userId: 7, char: 'r' }
[DoorSocket] Intercepting chat:keystroke: { channelId: 'room_1766581377150_3l86i49zf', userId: 7, char: 'r' }
[DoorSocket] Intercepting chat:keystroke: { channelId: 'room_1766581377150_3l86i49zf', userId: 7, char: 'r' }
[DoorSocket] Intercepting chat:keystroke: { channelId: 'room_1766581377150_3l86i49zf', userId: 7, char: 'r' }
[DoorSocket] Intercepting chat:keystroke: { channelId: 'room_1766581377150_3l86i49zf', userId: 7, char: 'r' }
[DoorSocket] Intercepting chat:keystroke: { channelId: 'room_1766581377150_3l86i49zf', userId: 7, char: 'r' }
[DoorSocket] Intercepting chat:keystroke: { channelId: 'room_1766581377150_3l86i49zf', userId: 7, char: 'r' }
[DoorSocket] Intercepting chat:keystroke: { channelId: 'room_1766581377150_3l86i49zf', userId: 7, char: 'r' }
[DoorSocket] Intercepting chat:keystroke: { channelId: 'room_1766581377150_3l86i49zf', userId: 7, char: 'r' }
[DoorSocket] Intercepting chat:keystroke: { channelId: 'room_1766581377150_3l86i49zf', userId: 7, char: 'r' }
[DoorSocket] Intercepting chat:keystroke: { channelId: 'room_1766581377150_3l86i49zf', userId: 7, char: 'r' }
[DoorSocket] Intercepting chat:keystroke: { channelId: 'room_1766581377150_3l86i49zf', userId: 7, char: 'r' }
[DoorSocket] Intercepting chat:keystroke: { channelId: 'room_1766581377150_3l86i49zf', userId: 7, char: 'r' }
[DoorSocket] Intercepting chat:keystroke: { channelId: 'room_1766581377150_3l86i49zf', userId: 7, char: 'r' }
[DoorSocket] Intercepting chat:keystroke: { channelId: 'room_1766581377150_3l86i49zf', userId: 7, char: 'r' }
[DoorSocket] Intercepting chat:keystroke: { channelId: 'room_1766581377150_3l86i49zf', userId: 7, char: 'r' }
[DoorSocket] Intercepting chat:keystroke: { channelId: 'room_1766581377150_3l86i49zf', userId: 7, char: 'r' }
[DoorSocket] Intercepting chat:keystroke: { channelId: 'room_1766581377150_3l86i49zf', userId: 7, char: 'r' }
[DoorSocket] Intercepting chat:keystroke: { channelId: 'room_1766581377150_3l86i49zf', userId: 7, char: 'r' }
[DoorSocket] Intercepting chat:keystroke: { channelId: 'room_1766581377150_3l86i49zf', userId: 7, char: 'r' }
[DoorSocket] Intercepting chat:keystroke: { channelId: 'room_1766581377150_3l86i49zf', userId: 7, char: 'r' }
[DoorSocket] Intercepting chat:keystroke: { channelId: 'room_1766581377150_3l86i49zf', userId: 7, char: 'r' }
[DoorSocket] Intercepting chat:keystroke: { channelId: 'room_1766581377150_3l86i49zf', userId: 7, char: 'r' }
[DoorSocket] Intercepting chat:keystroke: { channelId: 'room_1766581377150_3l86i49zf', userId: 7, char: 'r' }
[DoorSocket] Intercepting chat:keystroke: { channelId: 'room_1766581377150_3l86i49zf', userId: 7, char: 'r' }
[DoorSocket] Intercepting chat:keystroke: { channelId: 'room_1766581377150_3l86i49zf', userId: 7, char: 'r' }
[DoorSocket] Intercepting chat:keystroke: { channelId: 'room_1766581377150_3l86i49zf', userId: 7, char: 'r' }
[DoorSocket] Intercepting chat:keystroke: { channelId: 'room_1766581377150_3l86i49zf', userId: 7, char: 'r' }
[DoorSocket] Intercepting chat:keystroke: { channelId: 'room_1766581377150_3l86i49zf', userId: 7, char: 'r' }
[DoorSocket] Intercepting chat:keystroke: { channelId: 'room_1766581377150_3l86i49zf', userId: 7, char: 'r' }
[DoorSocket] Intercepting chat:keystroke: { channelId: 'room_1766581377150_3l86i49zf', userId: 7, char: 'r' }
[DoorSocket] Intercepting chat:keystroke: { channelId: 'room_1766581377150_3l86i49zf', userId: 7, char: 'r' }
[DoorSocket] Intercepting chat:keystroke: { channelId: 'room_1766581377150_3l86i49zf', userId: 7, char: 'r' }
[DoorSocket] Intercepting chat:keystroke: { channelId: 'room_1766581377150_3l86i49zf', userId: 7, char: 'r' }
[DoorSocket] Intercepting chat:keystroke: { channelId: 'room_1766581377150_3l86i49zf', userId: 7, char: 'r' }
[DoorSocket] Intercepting chat:keystroke: { channelId: 'room_1766581377150_3l86i49zf', userId: 7, char: 'r' }
[DoorSocket] Intercepting chat:keystroke: { channelId: 'room_1766581377150_3l86i49zf', userId: 7, char: 'r' }
[DoorSocket] Intercepting chat:keystroke: { channelId: 'room_1766581377150_3l86i49zf', userId: 7, char: 'r' }
[DoorSocket] Intercepting chat:keystroke: { channelId: 'room_1766581377150_3l86i49zf', userId: 7, char: 'r' }
[DoorSocket] Intercepting chat:keystroke: { channelId: 'room_1766581377150_3l86i49zf', userId: 7, char: 'r' }
[DoorSocket] Intercepting chat:keystroke: { channelId: 'room_1766581377150_3l86i49zf', userId: 7, char: 'r' }
[DoorSocket] Intercepting chat:keystroke: { channelId: 'room_1766581377150_3l86i49zf', userId: 7, char: 'r' }
[DoorSocket] Intercepting chat:keystroke: { channelId: 'room_1766581377150_3l86i49zf', userId: 7, char: 'r' }
[DoorSocket] Intercepting chat:keystroke: { channelId: 'room_1766581377150_3l86i49zf', userId: 7, char: 'r' }
[DoorSocket] Intercepting chat:keystroke: { channelId: 'room_1766581377150_3l86i49zf', userId: 7, char: 'r' }
[DoorSocket] Intercepting chat:keystroke: { channelId: 'room_1766581377150_3l86i49zf', userId: 7, char: 'r' }
[DoorSocket] Intercepting chat:keystroke: { channelId: 'room_1766581377150_3l86i49zf', userId: 7, char: 'r' }
[DoorSocket] Intercepting chat:keystroke: { channelId: 'room_1766581377150_3l86i49zf', userId: 7, char: 'r' }
[DoorSocket] Intercepting chat:keystroke: { channelId: 'room_1766581377150_3l86i49zf', userId: 7, char: 'r' }
[DoorSocket] Intercepting chat:keystroke: { channelId: 'room_1766581377150_3l86i49zf', userId: 7, char: 'r' }
[DoorSocket] Intercepting chat:keystroke: { channelId: 'room_1766581377150_3l86i49zf', userId: 7, char: 'r' }
[DoorSocket] Intercepting chat:keystroke: { channelId: 'room_1766581377150_3l86i49zf', userId: 7, char: 'r' }
[DoorSocket] Intercepting chat:keystroke: { channelId: 'room_1766581377150_3l86i49zf', userId: 7, char: 'r' }
[DoorSocket] Intercepting chat:keystroke: { channelId: 'room_1766581377150_3l86i49zf', userId: 7, char: 'r' }
[DoorSocket] Intercepting chat:keystroke: { channelId: 'room_1766581377150_3l86i49zf', userId: 7, char: 'r' }
[DoorSocket] Intercepting chat:keystroke: { channelId: 'room_1766581377150_3l86i49zf', userId: 7, char: 'r' }
[DoorSocket] Intercepting chat:keystroke: { channelId: 'room_1766581377150_3l86i49zf', userId: 7, char: 'r' }
[DoorSocket] Intercepting chat:keystroke: { channelId: 'room_1766581377150_3l86i49zf', userId: 7, char: 'r' }
[DoorSocket] Intercepting chat:keystroke: { channelId: 'room_1766581377150_3l86i49zf', userId: 7, char: 'r' }
[ClientDoorBridge] Ending session client-door-2-1769032199022
[ClientDoorBridge] Session client-door-2-1769032199022 ended
[CORS] Request origin: undefined
[CORS] No origin header - allowing (same-origin or non-browser request)
[DISCONNECT] Client disconnected, reason: transport close, socket: lQqmMkQjuo6noU0SAAAE
[DISCONNECT] Waiting 3000ms for potential reconnection...
[CORS] Request origin: http://localhost:3001
[CORS] Development mode - allowing all origins
[CORS] Request origin: http://localhost:3001
[CORS] Development mode - allowing all origins
[CORS] Request origin: http://localhost:3001
[CORS] Development mode - allowing all origins
[CORS] Request origin: http://localhost:3001
[CORS] Development mode - allowing all origins
[CORS] Request origin: http://localhost:3001
[CORS] Development mode - allowing all origins
[CORS] Request origin: http://localhost:3001
[CORS] Development mode - allowing all origins
[CORS] Request origin: http://localhost:3001
[CORS] Development mode - allowing all origins
[CORS] Request origin: http://localhost:3001
[CORS] Development mode - allowing all origins
[CORS] Request origin: http://localhost:3001
[CORS] Development mode - allowing all origins
[CORS] Request origin: http://localhost:3001
[CORS] Development mode - allowing all origins
[CORS] Request origin: http://localhost:3001
[CORS] Development mode - allowing all origins
[CORS] Request origin: http://localhost:3001
[CORS] Development mode - allowing all origins
[CORS] Request origin: http://localhost:3001
[CORS] Development mode - allowing all origins
[CORS] Request origin: http://localhost:3001
[CORS] Development mode - allowing all origins
[Socket.IO Auth] New connection, has token: false, socket id: 9LWE406nPsJR8cPPAAAH
[Socket.IO Auth] No token provided, allowing anonymous connection
Client connected from 127.0.0.1
[Operator Chat] Anonymous socket connected (no session)
[BBSConfig] Loaded configuration from bbsConfig.info
[BBSConfig] Loaded configuration overrides from bbsConfig.info.txt
[Connection] Starting welcome sequence for node 3
[CORS] Request origin: undefined
[CORS] No origin header - allowing (same-origin or non-browser request)
[CORS] Request origin: http://localhost:3001
[CORS] Development mode - allowing all origins
[CORS] Request origin: http://localhost:3001
[CORS] Development mode - allowing all origins
[CORS] Request origin: http://localhost:3001
[CORS] Development mode - allowing all origins
[CORS] Request origin: http://localhost:3001
[CORS] Development mode - allowing all origins
[CORS] Request origin: http://localhost:3001
[CORS] Development mode - allowing all origins
[CORS] Request origin: http://localhost:3001
[CORS] Development mode - allowing all origins
[CORS] Request origin: http://localhost:3001
[CORS] Development mode - allowing all origins
[CORS] Request origin: http://localhost:3001
[CORS] Development mode - allowing all origins
[CORS] Request origin: http://localhost:3001
[CORS] Development mode - allowing all origins
[CORS] Request origin: http://localhost:3001
[CORS] Development mode - allowing all origins
[CORS] Request origin: http://localhost:3001
[CORS] Development mode - allowing all origins
[CORS] Request origin: http://localhost:3001
[CORS] Development mode - allowing all origins
[CORS] Request origin: http://localhost:3001
[CORS] Development mode - allowing all origins
[CORS] Request origin: http://localhost:3001
[CORS] Development mode - allowing all origins
[Socket.IO Auth] New connection, has token: false, socket id: nz11RgYF1XulHi32AAAK
[Socket.IO Auth] No token provided, allowing anonymous connection
Client connected from 127.0.0.1
[Operator Chat] Anonymous socket connected (no session)
[BBSConfig] Loaded configuration from bbsConfig.info
[BBSConfig] Loaded configuration overrides from bbsConfig.info.txt
[Connection] Starting welcome sequence for node 4
[DISCONNECT] User reconnected during grace period, skipping cleanup
Client connected from 127.0.0.1
[SessionLogManager] Started tracking session: 9LWE406nPsJR8cPPAAAH (guest)
[BatchScheduler] Loaded 2 EXECUTE_ON_* tooltypes from bbsConfig.info
[socket-handlers] registerCommandHandler called, registering door:input listener
[SOCKET-DEBUG] Registering command handler for socket: 9LWE406nPsJR8cPPAAAH
[CHAT DEBUG] registerChatHandlers called for socket: 9LWE406nPsJR8cPPAAAH
[CHAT DEBUG] Registering chat-only-login-submit handler for socket: 9LWE406nPsJR8cPPAAAH
[Operator Chat] Setting up listeners for socket 9LWE406nPsJR8cPPAAAH, user=anonymous
Executing: FRONTEND
[SYSOP DEBUG] COMMAND: Executing TS door: Doors/telnet-front
{
  "type": "TS",
  "location": "Doors/telnet-front"
}
Executing door: FRONTEND
[loadDoorManifestForExecution] Loading manifest for door: FRONTEND, id: frontend, path: Doors/telnet-front
[loadDoorManifestForExecution] Trying door.path: /Users/spot/Code/amiexpress-web/Doors/telnet-front/package.json
[loadDoorManifestForExecution] Found manifest via door.path, runtime: not specified
[DoorDropFile] Created DOOR.SYS for Node3
[DoorDropFile] Created DORINFO3.DEF for Node3
[CallersLog] Node3: Door: FRONTEND
[BBSEventEmitter] Emitted door_activity: Guest (node 3)
[executeTypeScriptDoor] ===== EXEC ID: mkok3rqai2kf =====
[executeTypeScriptDoor] Starting TypeScript door: FRONTEND
[executeTypeScriptDoor] Door path: Doors/telnet-front
[executeTypeScriptDoor] Found root index.ts, using source instead of package.json main
[executeTypeScriptDoor] Resolved path: /Users/spot/Code/amiexpress-web/Doors/telnet-front/index.ts
[executeTypeScriptDoor] Actual filesystem path: /Users/spot/Code/amiexpress-web/Doors/telnet-front/index.ts
[executeTypeScriptDoor] Importing: file:///Users/spot/Code/amiexpress-web/Doors/telnet-front/index.ts
[executeTypeScriptDoor] SDK v2.0 Door detected, calling execute()
[executeTypeScriptDoor] Set inDoorManager=true
[executeTypeScriptDoor] Sent door:status: running, door-active: true
[createBBSApi] Created BBSApi, has enableMouseEvents: function
[executeTypeScriptDoor] Calling door.execute() with SDK context...
[TELNET-FRONT] Starting display
[telnet-front] Timeout waiting for active-users, using defaults
[TELNET-FRONT] Display complete
Client connected from 127.0.0.1
[SessionLogManager] Started tracking session: nz11RgYF1XulHi32AAAK (guest)
[socket-handlers] registerCommandHandler called, registering door:input listener
[SOCKET-DEBUG] Registering command handler for socket: nz11RgYF1XulHi32AAAK
[CHAT DEBUG] registerChatHandlers called for socket: nz11RgYF1XulHi32AAAK
[CHAT DEBUG] Registering chat-only-login-submit handler for socket: nz11RgYF1XulHi32AAAK
[Operator Chat] Setting up listeners for socket nz11RgYF1XulHi32AAAK, user=anonymous
Executing: FRONTEND
[SYSOP DEBUG] COMMAND: Executing TS door: Doors/telnet-front
{
  "type": "TS",
  "location": "Doors/telnet-front"
}
Executing door: FRONTEND
[loadDoorManifestForExecution] Loading manifest for door: FRONTEND, id: frontend, path: Doors/telnet-front
[loadDoorManifestForExecution] Trying door.path: /Users/spot/Code/amiexpress-web/Doors/telnet-front/package.json
[loadDoorManifestForExecution] Found manifest via door.path, runtime: not specified
[DoorDropFile] Created DOOR.SYS for Node4
[DoorDropFile] Created DORINFO4.DEF for Node4
[CallersLog] Node4: Door: FRONTEND
[BBSEventEmitter] Emitted door_activity: Guest (node 4)
[executeTypeScriptDoor] ===== EXEC ID: mkok3syy9yof =====
[executeTypeScriptDoor] Starting TypeScript door: FRONTEND
[executeTypeScriptDoor] Door path: Doors/telnet-front
[executeTypeScriptDoor] Found root index.ts, using source instead of package.json main
[executeTypeScriptDoor] Resolved path: /Users/spot/Code/amiexpress-web/Doors/telnet-front/index.ts
[executeTypeScriptDoor] Actual filesystem path: /Users/spot/Code/amiexpress-web/Doors/telnet-front/index.ts
[executeTypeScriptDoor] Importing: file:///Users/spot/Code/amiexpress-web/Doors/telnet-front/index.ts
[executeTypeScriptDoor] SDK v2.0 Door detected, calling execute()
[executeTypeScriptDoor] Set inDoorManager=true
[executeTypeScriptDoor] Sent door:status: running, door-active: true
[createBBSApi] Created BBSApi, has enableMouseEvents: function
[executeTypeScriptDoor] Calling door.execute() with SDK context...
[TELNET-FRONT] Starting display
[telnet-front] Timeout waiting for active-users, using defaults
[TELNET-FRONT] Display complete
[executeTypeScriptDoor] Door.execute() returned
[executeTypeScriptDoor] Door completed successfully
[GameMode] Disabled
[executeTypeScriptDoor] Cleared inDoorManager and doorInputHandler
[executeTypeScriptDoor] Sent door:status: stopped, door-active: false
[DoorDropFile] Deleted DOOR.SYS for Node3
[DoorDropFile] Deleted DORINFO3.DEF for Node3
[CallersLog] Node3: Door exit: FRONTEND
[BBSEventEmitter] Emitted door_activity: Guest (node 3)
[Connection] Welcome sequence complete for node 3, waiting for ANSI response
[executeTypeScriptDoor] Door.execute() returned
[executeTypeScriptDoor] Door completed successfully
[GameMode] Disabled
[executeTypeScriptDoor] Cleared inDoorManager and doorInputHandler
[executeTypeScriptDoor] Sent door:status: stopped, door-active: false
[DoorDropFile] Deleted DOOR.SYS for Node4
[DoorDropFile] Deleted DORINFO4.DEF for Node4
[CallersLog] Node4: Door exit: FRONTEND
[BBSEventEmitter] Emitted door_activity: Guest (node 4)
[Connection] Welcome sequence complete for node 4, waiting for ANSI response
[CORS] Request origin: undefined
[CORS] No origin header - allowing (same-origin or non-browser request)
[CORS] Request origin: http://localhost:3001
[CORS] Development mode - allowing all origins
[CORS] Request origin: http://localhost:3001
[CORS] Development mode - allowing all origins
[CORS] Request origin: http://localhost:3001
[CORS] Development mode - allowing all origins
[CORS] Request origin: http://localhost:3001
[CORS] Development mode - allowing all origins
[CORS] Request origin: http://localhost:3001
[CORS] Development mode - allowing all origins
[CORS] Request origin: http://localhost:3001
[CORS] Development mode - allowing all origins
[CORS] Request origin: http://localhost:3001
[CORS] Development mode - allowing all origins
[CORS] Request origin: http://localhost:3001
[CORS] Development mode - allowing all origins
[CORS] Request origin: http://localhost:3001
[CORS] Development mode - allowing all origins
[CORS] Request origin: http://localhost:3001
[CORS] Development mode - allowing all origins
[CORS] Request origin: http://localhost:3001
[CORS] Development mode - allowing all origins
[CORS] Request origin: http://localhost:3001
[CORS] Development mode - allowing all origins
[CORS] Request origin: http://localhost:3001
[CORS] Development mode - allowing all origins
[CORS] Request origin: http://localhost:3001
[CORS] Development mode - allowing all origins
[Socket.IO Auth] New connection, has token: false, socket id: j6C_ogDoQz_yovReAAAN
[Socket.IO Auth] No token provided, allowing anonymous connection
Client connected from 127.0.0.1
[Operator Chat] Anonymous socket connected (no session)
[BBSConfig] Loaded configuration from bbsConfig.info
[BBSConfig] Loaded configuration overrides from bbsConfig.info.txt
[Connection] Starting welcome sequence for node 5
Client connected from 127.0.0.1
[SessionLogManager] Started tracking session: j6C_ogDoQz_yovReAAAN (guest)
[socket-handlers] registerCommandHandler called, registering door:input listener
[SOCKET-DEBUG] Registering command handler for socket: j6C_ogDoQz_yovReAAAN
[CHAT DEBUG] registerChatHandlers called for socket: j6C_ogDoQz_yovReAAAN
[CHAT DEBUG] Registering chat-only-login-submit handler for socket: j6C_ogDoQz_yovReAAAN
[Operator Chat] Setting up listeners for socket j6C_ogDoQz_yovReAAAN, user=anonymous
Executing: FRONTEND
[SYSOP DEBUG] COMMAND: Executing TS door: Doors/telnet-front
{
  "type": "TS",
  "location": "Doors/telnet-front"
}
Executing door: FRONTEND
[loadDoorManifestForExecution] Loading manifest for door: FRONTEND, id: frontend, path: Doors/telnet-front
[loadDoorManifestForExecution] Trying door.path: /Users/spot/Code/amiexpress-web/Doors/telnet-front/package.json
[loadDoorManifestForExecution] Found manifest via door.path, runtime: not specified
[DoorDropFile] Created DOOR.SYS for Node5
[DoorDropFile] Created DORINFO5.DEF for Node5
[CallersLog] Node5: Door: FRONTEND
[BBSEventEmitter] Emitted door_activity: Guest (node 5)
[executeTypeScriptDoor] ===== EXEC ID: mkok41dv2bop =====
[executeTypeScriptDoor] Starting TypeScript door: FRONTEND
[executeTypeScriptDoor] Door path: Doors/telnet-front
[executeTypeScriptDoor] Found root index.ts, using source instead of package.json main
[executeTypeScriptDoor] Resolved path: /Users/spot/Code/amiexpress-web/Doors/telnet-front/index.ts
[executeTypeScriptDoor] Actual filesystem path: /Users/spot/Code/amiexpress-web/Doors/telnet-front/index.ts
[executeTypeScriptDoor] Importing: file:///Users/spot/Code/amiexpress-web/Doors/telnet-front/index.ts
[executeTypeScriptDoor] SDK v2.0 Door detected, calling execute()
[executeTypeScriptDoor] Set inDoorManager=true
[executeTypeScriptDoor] Sent door:status: running, door-active: true
[createBBSApi] Created BBSApi, has enableMouseEvents: function
[executeTypeScriptDoor] Calling door.execute() with SDK context...
[TELNET-FRONT] Starting display
[telnet-front] Timeout waiting for active-users, using defaults
[TELNET-FRONT] Display complete
[executeTypeScriptDoor] Door.execute() returned
[executeTypeScriptDoor] Door completed successfully
[GameMode] Disabled
[executeTypeScriptDoor] Cleared inDoorManager and doorInputHandler
[executeTypeScriptDoor] Sent door:status: stopped, door-active: false
[DoorDropFile] Deleted DOOR.SYS for Node5
[DoorDropFile] Deleted DORINFO5.DEF for Node5
[CallersLog] Node5: Door exit: FRONTEND
[BBSEventEmitter] Emitted door_activity: Guest (node 5)
[Connection] Welcome sequence complete for node 5, waiting for ANSI response
[COMMAND-HANDLER-ENTRY] COMMAND EVENT FIRED! j6C_ogDoQz_yovReAAAN
=== COMMAND RECEIVED [v2024-FIXED] ===
Raw data: "\r" length: 1 charCode: 13
[socket-handlers] checkPauseHandler active: false, flagPauseHandler active: false
Session state: await subState: ansi_prompt
Input buffer: ""
🎯 ENTER KEY DETECTED!
🎯 Current subState: ansi_prompt
🎯 Is POST_MESSAGE_SUBJECT? false
🎯 Input buffer contents: ""
[socket-handlers] About to check door - data="" (len=1), inDoor=undefined, subState=ansi_prompt
[socket-handlers] ✗ NOT in door or no handler - routing to BBS command handler
[socket-handlers]   inDoorManager: undefined
[socket-handlers]   handler exists: false
=== handleCommand called ===
data: "\r"
session.state: await
session.subState: ansi_prompt
[handleCommand] ENTRY: data="" subState=ansi_prompt paginatedScreen=false inDoorManager=undefined
 Graphics prompt response: (empty = ANSI)
 Graphics mode set: ANSI/RIP
[SCREEN] [displayScreen] ========================================
[SCREEN] [displayScreen] REQUESTED SCREEN: BBSTITLE
[SCREEN] [displayScreen] Conference ID: 1
[SCREEN] [displayScreen] User: guest
[SCREEN] [displayScreen] ========================================
[SCREEN FLOW] Display request for BBSTITLE (runCommands=true) state=ansi_prompt node=5
[SCREEN] [loadScreenFile] Loading screen: BBSTITLE
[SCREEN] [loadScreenFile] Base directory: /Users/spot/Code/amiexpress-web
[SCREEN] [loadScreenFile] Conference ID: 1, Node ID: 5
[SCREEN] [loadScreenFile] Terminal type: unknown (80x24)
[SCREEN] [loadScreenFile] PETSCII mode: NO
[SCREEN] [loadScreenFile] Search locations for BBSTITLE: [ 'Node5', 'Node5/Screens', 'Screens (Fallback)' ]
[SCREEN] [loadScreenFile] Trying 3 location(s) with case-insensitive matching:
[SCREEN] Not found: /Users/spot/Code/amiexpress-web/Node5/BBSTITLE (checked levels 0 down to 5)
[SCREEN] [loadScreenFile]   [1/9] /Users/spot/Code/amiexpress-web/Node5/BBSTITLE.TXT
[SCREEN] [loadScreenFile]     (not found)
[SCREEN] [loadScreenFile]   [2/9] /Users/spot/Code/amiexpress-web/Node5/BBSTITLE.txt
[SCREEN] [loadScreenFile]     (not found)
[SCREEN] [loadScreenFile]   [3/9] /Users/spot/Code/amiexpress-web/Node5/BBSTITLE
[SCREEN] [loadScreenFile]     (not found)
[SCREEN] Not found: /Users/spot/Code/amiexpress-web/Node5/Screens/BBSTITLE (checked levels 0 down to 5)
[SCREEN] [loadScreenFile]   [4/9] /Users/spot/Code/amiexpress-web/Node5/Screens/BBSTITLE.TXT
[SCREEN] [loadScreenFile]     (not found)
[SCREEN] [loadScreenFile]   [5/9] /Users/spot/Code/amiexpress-web/Node5/Screens/BBSTITLE.txt
[SCREEN] [loadScreenFile]     (not found)
[SCREEN] [loadScreenFile]   [6/9] /Users/spot/Code/amiexpress-web/Node5/Screens/BBSTITLE
[SCREEN] [loadScreenFile]     (not found)
[SCREEN] Found text screen: /Users/spot/Code/amiexpress-web/Screens/BBSTITLE.TXT
[SCREEN] [loadScreenFile]  Found security screen for BBSTITLE at: /Users/spot/Code/amiexpress-web/Screens/BBSTITLE.TXT
[SCREEN] readScreenWithTransforms: /Users/spot/Code/amiexpress-web/Screens/BBSTITLE.TXT
[SCREEN]   Encoding: iso-8859-1, iCE: false
[NEWLINE-DEBUG] RAW CONTENT (BBSTITLE): 13888 bytes, 68 \n, 0 \r\n
[SCREEN] [displayScreen]  Screen loaded successfully: BBSTITLE
[SCREEN] [displayScreen] Content length: 13888 bytes
[SCREEN] [displayScreen] PETSCII: NO
[SCREEN] [displayScreen] Render event: BBSTITLE (node 5)
[SCREEN FLOW] Loaded BBSTITLE file=/Users/spot/Code/amiexpress-web/Screens/BBSTITLE.TXT petscii=N bytes=13888
[DEBUG:SCREEN:INFO] Displaying screen: BBSTITLE {
  file: '/Users/spot/Code/amiexpress-web/Screens/BBSTITLE.TXT',
  size: '13888 bytes',
  isPetscii: false,
  conference: 1
}
[SCREEN] [MCI] ========== PROCESSING MCI CODES ==========
[SCREEN] [MCI] Content length: 13888
[SCREEN] [MCI] Looking for ~XC_ and ~XI codes...
[DEBUG:MCI:DEBUG] Parsing MCI codes (13888 bytes) 
[SCREEN] [MCI] Total commands to execute: 0
=== COMMAND PROCESSED ===

[SCREEN] [MCI] Sequential: emitted remaining text
[SCREEN] [MCI DEBUG] Looking for ~SS_ codes in: 
[NEWLINE-DEBUG] AFTER parseMciCodes NORMAL: 0 bytes, 0 \n, 0 \r\n
[NEWLINE-DEBUG] AFTER addAnsiEscapes: 0 bytes, 0 \n, 0 \r\n
[NEWLINE-DEBUG] AFTER NORMALIZE: 0 bytes, 0 \n, 0 \r\n
[WIPE-DEBUG] Screen: BBSTITLE, hasWipeAnimation: false, wipeType: null
[NEWLINE-DEBUG] SPLIT INTO LINES: 2 lines
[NEWLINE-DEBUG] FIRST 5 LINES:   [0] len=0: 
  [1] len=0: 
[SCREEN FLOW] Parsed BBSTITLE: event=ansi-output commands=0 pause=N pages=2
[WIPE-CHECK] hasWipeAnimation=false, wipeType=null, screenName=BBSTITLE
[SCREEN] [displayScreen] Content already emitted inline, skipping frame buffer
🔍 Checking if username exists: sysop
User exists, requesting password
Socket login attempt with username/password: sysop
[LOGIN] Authenticating user: sysop
[LOGIN] Authentication result: SUCCESS
[LOGIN] User authenticated successfully, proceeding with login flow
[UserFileManager] Serialized user struct: 232 bytes (expected 232)
[UserFileManager] Serialized userKeys struct: 56 bytes (expected 56)
[UserFileManager] Serialized userMisc struct: 248 bytes (expected 248)
[UserFileManager] Updated user files for sysop (slot 2)
[LOGIN] Synced user sysop to disk files (slot 2)
[UserFileManager] Serialized user struct: 232 bytes (expected 232)
[UserFileManager] Serialized userKeys struct: 56 bytes (expected 56)
[UserFileManager] Serialized userMisc struct: 248 bytes (expected 248)
[UserFileManager] Updated user files for sysop (slot 2)
[Database] Synced updated user sysop to disk files (slot 2)
[ModemEmulator] install() - wrapping socket.emit
[ModemEmulator] install() complete - _directEmit provided for XIM bypass
[WEB LOGIN] Emitting modem-speed event with userBaud=0
[WEB LOGIN] modem-speed event emitted
[CommandHistory] loadHistory called for userId=7ddd39a4-9a2b-485e-ba5a-8cfec20813dd
[CommandHistory] Database available, querying...
[SYSOP DEBUG] AUTH: Login successful - sysop debug system active
{
  "username": "sysop",
  "secLevel": 255
}
[BBSConfig] Loaded configuration from bbsConfig.info
[BBSConfig] Loaded configuration overrides from bbsConfig.info.txt
[SessionLogManager] Updated session metadata: j6C_ogDoQz_yovReAAAN -> sysop
[BatchScheduler] Running EXECUTE_ASYNC_ON_LOGON: bbs:utils/dannounce Sanctuary ~N
[DoorDropFile] Created DOOR.SYS for Node5
[DoorDropFile] Created DORINFO5.DEF for Node5
[BatchScheduler] Running door dannounce as type XIM
[SESSION-MIGRATION] User 7ddd39a4-9a2b-485e-ba5a-8cfec20813dd logged in on socket j6C_ogDoQz_yovReAAAN
[SESSION-MIGRATION] Migrating session from socket-based to user-based storage
[SESSION-MIGRATION] Session now keyed by user ID: 7ddd39a4-9a2b-485e-ba5a-8cfec20813dd
[BBSEventEmitter] Emitted user_login: sysop (node 5)
[NodeFileManager] Writing /Users/spot/Code/amiexpress-web/node5.user for user sysop
[NodeFileManager] Wrote node5.user (239 bytes)
[NodeFileManager] Writing /Users/spot/Code/amiexpress-web/node5.userkeys for user sysop
[NodeFileManager] Wrote node5.userkeys (54 bytes)
[LOGIN] Node files created for node 5: sysop
[CallersLog] Node5: Login sysop
[EnvStat] Writing /tmp/ram/ENV/STATS@5 (node 5, stat 0)
[CommandHistory] Query result: 1 rows
[CommandHistory] Loaded 20 commands for user 7ddd39a4-9a2b-485e-ba5a-8cfec20813dd
[DoorDropFile] Created DOOR.SYS for Node5
[DoorDropFile] Created DORINFO5.DEF for Node5
[BatchScheduler] Running door ByteKillHandler as type SIM
[Preference] Received get-font-preference request
[Preference] Sending saved font preference: TopazPlus_a500 for user: sysop
[SCREEN] [displayScreen] ========================================
[SCREEN] [displayScreen] REQUESTED SCREEN: LOGON
[SCREEN] [displayScreen] Conference ID: 2
[SCREEN] [displayScreen] User: guest
[SCREEN] [displayScreen] ========================================
[SCREEN FLOW] Display request for LOGON (runCommands=false) state=exec_quicknew node=5
[SCREEN] [loadScreenFile] Loading screen: LOGON
[SCREEN] [loadScreenFile] Base directory: /Users/spot/Code/amiexpress-web
[SCREEN] [loadScreenFile] Conference ID: 2, Node ID: 5
[SCREEN] [loadScreenFile] Terminal type: unknown (80x24)
[SCREEN] [loadScreenFile] PETSCII mode: NO
[SCREEN] [loadScreenFile] Search locations for LOGON: [ 'Node5', 'Node5/Screens', 'Screens (Fallback)' ]
[SCREEN] [loadScreenFile] Trying 3 location(s) with case-insensitive matching:
[SCREEN] Found text screen: /Users/spot/Code/amiexpress-web/Node5/LOGON20.TXT
[SCREEN] [loadScreenFile]  Found security screen for LOGON at: /Users/spot/Code/amiexpress-web/Node5/LOGON20.TXT
[SCREEN] readScreenWithTransforms: /Users/spot/Code/amiexpress-web/Node5/LOGON20.TXT
[SCREEN]   Encoding: iso-8859-1, iCE: false
[NEWLINE-DEBUG] RAW CONTENT (LOGON): 172 bytes, 12 \n, 0 \r\n
[SCREEN] [displayScreen]  Screen loaded successfully: LOGON
[SCREEN] [displayScreen] Content length: 172 bytes
[SCREEN] [displayScreen] PETSCII: NO
[SCREEN] [displayScreen] Render event: LOGON (node 5)
[SCREEN FLOW] Loaded LOGON file=/Users/spot/Code/amiexpress-web/Node5/LOGON20.TXT petscii=N bytes=172
[DEBUG:SCREEN:INFO] Displaying screen: LOGON {
  file: '/Users/spot/Code/amiexpress-web/Node5/LOGON20.TXT',
  size: '172 bytes',
  isPetscii: false,
  conference: 2
}
[SEGMENT] SETUP: 5 segments for LOGON
[SEGMENT]   0: "~\n~SS_BBS:bulletins/bull6.txt|..."
[SEGMENT]   1: "~f\n~CC_gl..."
[SEGMENT]   2: "~CC_wall\n~CC_gwall\n~f\n~5SR_WORK:bbs/Screens/flt/flt..."
[SEGMENT]   3: "~f\n~SS_BBS:screens/uprough.txt..."
[SEGMENT]   4: "~f\n~SS_BBS:screens/quicknew.txt..."
[SCREEN] [displayScreen] ~SP segment processing: 5 segments for LOGON
[SCREEN] [displayScreen] Processing segment 0/5: ~
~SS_BBS:bulletins/bull6.txt|...
[SCREEN] [MCI] ========== PROCESSING MCI CODES ==========
[SCREEN] [MCI] Content length: 30
[SCREEN] [MCI] Looking for ~XC_ and ~XI codes...
[DEBUG:MCI:DEBUG] Parsing MCI codes (30 bytes) 
[SCREEN] [MCI] Total commands to execute: 0
[SCREEN] [MCI] Sequential: emitted text before ~SS_BBS:bul
[SCREEN] [MCI] Sequential: ~SS_ displayFile: BBS:bulletins/bull6.txt
[SCREEN] [displayScreen] ========================================
[SCREEN] [displayScreen] REQUESTED SCREEN: BBS:bulletins/bull6.txt
[SCREEN] [displayScreen] Conference ID: 2
[SCREEN] [displayScreen] User: guest
[SCREEN] [displayScreen] ========================================
[SCREEN] [loadScreenFile] Loading screen: BBS:bulletins/bull6.txt
[SCREEN] [loadScreenFile] Base directory: /Users/spot/Code/amiexpress-web
[SCREEN] [loadScreenFile] Conference ID: 2, Node ID: 5
[SCREEN] [loadScreenFile] Terminal type: unknown (80x24)
[SCREEN] [loadScreenFile] PETSCII mode: NO
[SCREEN] [MCI] ~SS_ resolving Amiga path: BBS:bulletins/bull6.txt -> /Users/spot/Code/amiexpress-web/bulletins/bull6.txt
[SCREEN] [loadScreenFile] Trying 0 location(s) with case-insensitive matching:
[SCREEN] [loadScreenFile]   [1] /Users/spot/Code/amiexpress-web/bulletins/bull6.txt
[SCREEN] Found text screen: /Users/spot/Code/amiexpress-web/bulletins/bull6.TXT
[SCREEN] [loadScreenFile]  Found security screen for assign path: /Users/spot/Code/amiexpress-web/bulletins/bull6.TXT
[SCREEN] readScreenWithTransforms: /Users/spot/Code/amiexpress-web/bulletins/bull6.TXT
[SCREEN]   Encoding: iso-8859-1, iCE: false
[NEWLINE-DEBUG] RAW CONTENT (BBS:bulletins/bull6.txt): 3878 bytes, 37 \n, 9 \r\n
[SCREEN] [displayScreen]  Screen loaded successfully: BBS:bulletins/bull6.txt
[SCREEN] [displayScreen] Content length: 3878 bytes
[SCREEN] [displayScreen] PETSCII: NO
[SCREEN] [displayScreen] Render event: BBS:bulletins/bull6.txt (node 5)
[DEBUG:SCREEN:INFO] Displaying screen: BBS:bulletins/bull6.txt {
  file: '/Users/spot/Code/amiexpress-web/bulletins/bull6.TXT',
  size: '3878 bytes',
  isPetscii: false,
  conference: 2
}
[SCREEN] [MCI] ========== PROCESSING MCI CODES ==========
[SCREEN] [MCI] Content length: 3878
[SCREEN] [MCI] Looking for ~XC_ and ~XI codes...
[DEBUG:MCI:DEBUG] Parsing MCI codes (3878 bytes) 
[SCREEN] [MCI] Total commands to execute: 0
[SCREEN] [MCI] Sequential: emitted remaining text
[SCREEN] [MCI DEBUG] Looking for ~SS_ codes in: 
[NEWLINE-DEBUG] AFTER parseMciCodes NORMAL: 0 bytes, 0 \n, 0 \r\n
[NEWLINE-DEBUG] AFTER addAnsiEscapes: 0 bytes, 0 \n, 0 \r\n
[NEWLINE-DEBUG] AFTER NORMALIZE: 0 bytes, 0 \n, 0 \r\n
[WIPE-DEBUG] Screen: BBS:bulletins/bull6.txt, hasWipeAnimation: false, wipeType: null
[NEWLINE-DEBUG] SPLIT INTO LINES: 1 lines
[NEWLINE-DEBUG] FIRST 5 LINES:   [0] len=0: 
[WIPE-CHECK] hasWipeAnimation=false, wipeType=null, screenName=BBS:bulletins/bull6.txt
[SCREEN] [displayScreen] Content already emitted inline, skipping frame buffer
[SCREEN] [MCI DEBUG] Looking for ~SS_ codes in: 
[NEWLINE-DEBUG] AFTER parseMciCodes SEGMENT 0: 0 bytes, 0 \n, 0 \r\n
[NEWLINE-DEBUG] AFTER addAnsiEscapes: 0 bytes, 0 \n, 0 \r\n
[NEWLINE-DEBUG] AFTER NORMALIZE: 0 bytes, 0 \n, 0 \r\n
[WIPE-DEBUG] Screen: LOGON, hasWipeAnimation: false, wipeType: null
[NEWLINE-DEBUG] SPLIT INTO LINES: 2 lines
[NEWLINE-DEBUG] FIRST 5 LINES:   [0] len=0: 
  [1] len=0: 
[SCREEN FLOW] Parsed LOGON: event=ansi-output commands=0 pause=N pages=2
[WIPE-CHECK] hasWipeAnimation=false, wipeType=null, screenName=LOGON
[SCREEN] [displayScreen] Content already emitted inline, skipping frame buffer
[LOGIN] LOGON displayed, adding pause per express.e:29854
[doPause] CALLED - setting up paginatedScreen (subState=display_bull)
[LOGIN] Pause set up, waiting for user input to continue
[COMMAND-HANDLER-ENTRY] COMMAND EVENT FIRED! j6C_ogDoQz_yovReAAAN
=== COMMAND RECEIVED [v2024-FIXED] ===
Raw data: "\r" length: 1 charCode: 13
[socket-handlers] checkPauseHandler active: false, flagPauseHandler active: false
Session state: loggedon subState: display_bull
Input buffer: ""
🎯 ENTER KEY DETECTED!
🎯 Current subState: display_bull
🎯 Is POST_MESSAGE_SUBJECT? false
🎯 Input buffer contents: ""
[socket-handlers] About to check door - data="" (len=1), inDoor=false, subState=display_bull
[socket-handlers] ✗ NOT in door or no handler - routing to BBS command handler
[socket-handlers]   inDoorManager: false
[socket-handlers]   handler exists: false
=== handleCommand called ===
data: "\r"
session.state: loggedon
session.subState: display_bull
[handleCommand] ENTRY: data="" subState=display_bull paginatedScreen=true inDoorManager=false
[handleCommand] Has paginatedScreen - calling handlePaginatedScreenInput
[handlePaginatedScreenInput] ENTRY: data="" lines=1 nextIndex=1 pageSize=1
[SEGMENT] Processing segment 1/4: "~f
~CC_gl..."
[SCREEN] [processNextScreenSegment] Processing segment 1: ~f
~CC_gl...
[SCREEN] [MCI] ========== PROCESSING MCI CODES ==========
[SCREEN] [MCI] Content length: 9
[SCREEN] [MCI] Looking for ~XC_ and ~XI codes...
[DEBUG:MCI:DEBUG] Parsing MCI codes (9 bytes) 
[SCREEN] [MCI] Total commands to execute: 0
=== COMMAND PROCESSED ===

[SCREEN] [MCI] Sequential: emitted text before ~CC_gl
[MCI][CC_] EXECUTING INLINE COMMAND: gl state: loggedon subState: display_bull
[SCREEN] [MCI] Sequential: ~CC_ processSysCommand: gl
[CommandPriority] Processing command: gl with params: 
[InternalRouter] Overriding internal command 'GL' with external BBSCMD door.
Executing: GL
[SYSOP DEBUG] CMD: Executing: GL
[SYSOP DEBUG] COMMAND: Executing TS door: Doors/glc-viewer
{
  "type": "TS",
  "location": "Doors/glc-viewer"
}
Executing door: GL
[loadDoorManifestForExecution] Loading manifest for door: GL, id: gl, path: Doors/glc-viewer
[loadDoorManifestForExecution] Trying door.path: /Users/spot/Code/amiexpress-web/Doors/glc-viewer/package.json
[loadDoorManifestForExecution] Extracted doorId: glc-viewer
[loadDoorManifestForExecution] Trying legacy doors path: /Users/spot/Code/amiexpress-web/doors/glc-viewer/package.json
[loadDoorManifestForExecution] No manifest found for GL (id: gl, doorId: glc-viewer)
[DoorDropFile] Created DOOR.SYS for Node5
[DoorDropFile] Created DORINFO5.DEF for Node5
[CallersLog] Node5: Door: GL
[BBSEventEmitter] Emitted door_activity: sysop (node 5)
[executeTypeScriptDoor] ===== EXEC ID: mkok47thdlku =====
[executeTypeScriptDoor] Starting TypeScript door: GL
[executeTypeScriptDoor] Door path: Doors/glc-viewer
[executeTypeScriptDoor] Resolved path: /Users/spot/Code/amiexpress-web/Doors/glc-viewer
[DoorDropFile] Deleted DOOR.SYS for Node5
[DoorDropFile] Deleted DORINFO5.DEF for Node5
[CallersLog] Node5: Door exit: GL
[BBSEventEmitter] Emitted door_activity: sysop (node 5)
[executeDoor] Door GL completed during segment processing - continuing segments
[CommandPriority] Executed as SysCommand
[MCI][CC_] COMMAND RESULT: gl → SUCCESS
[SCREEN] [MCI DEBUG] Looking for ~SS_ codes in: 
[SCREEN] [processNextScreenSegment] Content already emitted inline
[handleCommand] handlePaginatedScreenInput returned: handled=true paginatedScreen=true
[COMMAND-HANDLER-ENTRY] COMMAND EVENT FIRED! j6C_ogDoQz_yovReAAAN
=== COMMAND RECEIVED [v2024-FIXED] ===
Raw data: "\r" length: 1 charCode: 13
[socket-handlers] checkPauseHandler active: false, flagPauseHandler active: false
Session state: loggedon subState: display_menu
Input buffer: ""
🎯 ENTER KEY DETECTED!
🎯 Current subState: display_menu
🎯 Is POST_MESSAGE_SUBJECT? false
🎯 Input buffer contents: ""
[socket-handlers] About to check door - data="" (len=1), inDoor=false, subState=display_menu
[socket-handlers] ✗ NOT in door or no handler - routing to BBS command handler
[socket-handlers]   inDoorManager: false
[socket-handlers]   handler exists: false
=== handleCommand called ===
data: "\r"
session.state: loggedon
session.subState: display_menu
[handleCommand] ENTRY: data="" subState=read_command paginatedScreen=true inDoorManager=false
[handleCommand] Has paginatedScreen - calling handlePaginatedScreenInput
[handlePaginatedScreenInput] ENTRY: data="" lines=1 nextIndex=1 pageSize=1
[SEGMENT] Processing segment 2/4: "~CC_wall
~CC_gwall
~f
~5SR_WORK:bbs/Screens/flt/flt..."
[SCREEN] [processNextScreenSegment] Processing segment 2: ~CC_wall
~CC_gwall
~f
~5SR_WORK:bbs/Screens/flt/fl...
[SCREEN] [MCI] ========== PROCESSING MCI CODES ==========
[SCREEN] [MCI] Content length: 51
[SCREEN] [MCI] Looking for ~XC_ and ~XI codes...
[DEBUG:MCI:DEBUG] Parsing MCI codes (51 bytes) 
[SCREEN] [MCI] Total commands to execute: 0
=== COMMAND PROCESSED ===

[MCI][CC_] EXECUTING INLINE COMMAND: wall state: loggedon subState: read_command
[SCREEN] [MCI] Sequential: ~CC_ processSysCommand: wall
[CommandPriority] Processing command: wall with params: 
[InternalRouter] Overriding internal command 'WALL' with external BBSCMD door.
Executing: WALL
[SYSOP DEBUG] CMD: Executing: WALL
[SYSOP DEBUG] COMMAND: Executing XIM door: doors/dRE/dRE!WAll/dRE!WAll
{
  "type": "XIM",
  "location": "doors/dRE/dRE!WAll/dRE!WAll"
}
Executing door: WALL
[loadDoorManifestForExecution] Loading manifest for door: WALL, id: wall, path: doors/dRE/dRE!WAll/dRE!WAll
[loadDoorManifestForExecution] Trying door.path: /Users/spot/Code/amiexpress-web/doors/dRE/dRE!WAll/dRE!WAll/package.json
[loadDoorManifestForExecution] Extracted doorId: dRE
[loadDoorManifestForExecution] Trying legacy doors path: /Users/spot/Code/amiexpress-web/doors/dRE/package.json
[loadDoorManifestForExecution] No manifest found for WALL (id: wall, doorId: dRE)
[DoorDropFile] Created DOOR.SYS for Node5
[DoorDropFile] Created DORINFO5.DEF for Node5
[CallersLog] Node5: Door: WALL
[BBSEventEmitter] Emitted door_activity: sysop (node 5)
[executeAmigaDoor] Starting Amiga door: WALL (XIM)
[executeAmigaDoor] Path: doors/dRE/dRE!WAll/dRE!WAll
[executeAmigaDoor] BBS root: /Users/spot/Code/amiexpress-web
[executeAmigaDoor] Initial door path: /Users/spot/Code/amiexpress-web/doors/dRE/dRE!WAll/dRE!WAll
[executeAmigaDoor] Starting 68k emulation for: /Users/spot/Code/amiexpress-web/doors/dRE/dRE!WAll/dRE!WAll
[executeAmigaDoor] door.type="XIM" door.doorType="undefined"
[executeAmigaDoor] Resolved doorType="XIM"
[executeAmigaDoor] door.args=undefined door.parameters=[]
[executeAmigaDoor] Setting doorCommand="WALL" on session
[executeAmigaDoor] Verified session.doorCommand="WALL"
[executeAmigaDoor] BEFORE currentConf init: session.currentConf=2 user.confRJoin=2
[executeAmigaDoor] Set doorParams="WALL" for EXPRESS_VERSION
[executeAmigaDoor] Set session.bbsRoot="/Users/spot/Code/amiexpress-web" for XIMProtocol
[executeAmigaDoor] Read from disk: slotIndex=1 slotNumber=2 confAccess="XXXXXXXXX_XXXXXXXXXXXXXXX" stats={"messagesPosted":0,"uploads":50,"downloads":25,"timesCalled":1881,"timeUsed":0,"timeLimit":0,"timeTotal":0,"bytesDownload":2560000,"bytesUpload":5120000}
[BBSConfig] Loaded configuration from bbsConfig.info
[BBSConfig] Loaded configuration overrides from bbsConfig.info.txt
[executeAmigaDoor] File /Users/spot/Code/amiexpress-web/doors/dRE/dRE!WAll/dRE!WAll magic bytes: 0 0 3 f3, isGccExecutable: false
[DoorLogger] Creating logger for door: dRE!WAll node: 5
[DoorLogger] __dirname: /Users/spot/Code/amiexpress-web/web/backend/src/amiga-emulation, projectRoot: /Users/spot/Code/amiexpress-web, logs dir: /Users/spot/Code/amiexpress-web/logs
[executeAmigaDoor] Set session.inDoorManager=true, door-active: true, nodeId=5, socketId=j6C_ogDoQz_yovReAAAN
[executeAmigaDoor] Before setSession: inDoorManager=true, handler=true
[executeAmigaDoor] After setSession: verify inDoorManager=true, handler=true
[MOIRA WASM] Memory page table updated
[MOIRA WASM]   Chip RAM pages: 0x00-0x1f
[MOIRA WASM]   Fast RAM pages: 0x20-0xf7
[MOIRA WASM]   ROM pages: 0xF8-0xFF
[MOIRA WASM] MoiraCPU initialized with vAmiga-style memory architecture!
[MOIRA WASM]   Chip RAM: 2048 KB (mask: 0x1fffff)
[MOIRA WASM]   ROM: 512 KB (mask: 0x7ffff)
[MoiraEmulator] moira.js loaded from /Users/spot/Code/amiexpress-web/web/backend/src/amiga-emulation/cpu/build/moira.js
[ROM] Loading Kickstart ROM from: /Users/spot/Code/amiexpress-web/web/backend/data/amiga-roms/Kickstart v3.1 rev 40.63 (1993)(Commodore)(A500-A600-A2000).rom
[ROM] Kickstart 3.1 loaded successfully
[ROM] Mapped to memory range: 0xF80000 - 0xFFFFFF
[ROM] ===== Kickstart ROM Info =====
[ROM] Size: 524288 bytes (512KB)
[ROM] Mapped: 0xf80000 - 0xffffff
[ROM] Initial SSP: 0x11164ef9
[ROM] Initial PC:  0x002000d2
[ROM] Exception Vectors:
[ROM]   Vector 0 (Initial SSP): 0x11164ef9
[ROM]   Vector 1 (Initial PC): 0x002000d2
[ROM]   Vector 2 (Bus Error): 0x0000ffff
[ROM]   Vector 3 (Address Error): 0x00280044
[ROM]   Vector 4 (Illegal Instruction): 0x0028000a
[ROM]   Vector 5 (Division by Zero): 0x000000-1
[ROM]   Vector 6 (CHK Instruction): 0x00414d49
[ROM]   Vector 7 (TRAPV Instruction): 0x47412052
[ROM] Version: 
[ROM] ================================
[MOIRA WASM] Memory page table updated
[MOIRA WASM]   Chip RAM pages: 0x00-0x1f
[MOIRA WASM]   Fast RAM pages: 0x20-0xf7
[MOIRA WASM]   ROM pages: 0xF8-0xFF
[MOIRA WASM] ROM loaded: 524288 bytes
[MOIRA WASM]   ROM buffer size: 524288 bytes
[MOIRA WASM]   ROM mask: 0x7ffff
[MOIRA WASM]   Exception vectors copied to chip RAM: 1024 bytes
[MoiraEmulator] ROM loaded (524288 bytes)
[MoiraEmulator] ROM mapped to 0xF80000-0xFFFFFF
[MoiraEmulator] Exception vectors copied to 0x000000
[MOIRA WASM] Memory page table updated
[MOIRA WASM]   Chip RAM pages: 0x00-0x1f
[MOIRA WASM]   Fast RAM pages: 0x20-0xf7
[MOIRA WASM]   ROM pages: 0xF8-0xFF
[MOIRA WASM] ROM loaded: 524288 bytes
[MOIRA WASM]   ROM buffer size: 524288 bytes
[MOIRA WASM]   ROM mask: 0x7ffff
[MOIRA WASM]   Exception vectors copied to chip RAM: 1024 bytes
[MoiraEmulator] ROM loaded (524288 bytes)
[MoiraEmulator] ROM mapped to 0xF80000-0xFFFFFF
[MoiraEmulator] Exception vectors copied to 0x000000
[LibraryLoader] Added search path: /Users/spot/Code/amiexpress-web/web/backend/Libs
[LibraryLoader] Added search path: /Users/spot/Code/amiexpress-web/System/Libs
[LibraryLoader] Added search path: /Users/spot/Code/amiexpress-web/Libs
[LibraryManager] romtool split failed: 2026-01-21 22:50:35,354  ERROR       root        '/Users/spot/Code/amiexpress-web/web/backend/data/amiga-roms/Kickstart v3.1 rev 40.63 (1993)(Commodore)(A500-A600-A2000).rom' was not found in split database!

[LibraryLoader] Loading AEDoor.library (version >= 0)
[LibraryLoader] Found library: /Users/spot/Code/amiexpress-web/Libs/AEDoor.library
[LibraryLoader] Read 1128 bytes from /Users/spot/Code/amiexpress-web/Libs/AEDoor.library
[LibraryLoader] Parsed 1 segments
[LibraryLoader] Allocated base address: 0x200000
[LibraryLoader] Loading code segment (1036 bytes) at 0x200000
[LibraryLoader] Applying 1 relocation groups
[LibraryLoader] Stored ExecBase (0x80000) at library+0x22
[LibraryLoader] Parsed $VER: AEDoorLib 2.7 (18.5.1996)
✅ [LibraryLoader] Successfully loaded AEDoor.library at 0x200000
   Jump table entries: 0
[PathManager] Initialized assigns:
  doors: => /Users/spot/Code/amiexpress-web/Doors/
  bbs: => /Users/spot/Code/amiexpress-web/
  data: => /Users/spot/Code/amiexpress-web/data/
  screens: => /Users/spot/Code/amiexpress-web/Screens/
  bulletins: => /Users/spot/Code/amiexpress-web/Bulletins/
  s: => /Users/spot/Code/amiexpress-web/S/
  work: => /Users/spot/Code/amiexpress-web/
  sami: => /Users/spot/Code/amiexpress-web/S/
  env: => /tmp/ram/ENV/
  progdir: => /Users/spot/Code/amiexpress-web/
  sys: => /Users/spot/Code/amiexpress-web/System/
  c: => /Users/spot/Code/amiexpress-web/System/C/
  l: => /Users/spot/Code/amiexpress-web/System/L/
  libs: => /Users/spot/Code/amiexpress-web/System/Libs/
  devs: => /Users/spot/Code/amiexpress-web/System/Devs/
  fonts: => /Users/spot/Code/amiexpress-web/System/Fonts/
  locale: => /Users/spot/Code/amiexpress-web/System/Locale/
  prefs: => /Users/spot/Code/amiexpress-web/System/Prefs/
  classes: => /Users/spot/Code/amiexpress-web/System/Classes/
  ram: => /tmp/ram/
  t: => /tmp/
[PathManager] Added assign: node5: => /Users/spot/Code/amiexpress-web/Node5
[PathManager] Added assign: node: => /Users/spot/Code/amiexpress-web/Node5
[PathManager] Added assign: nodedata: => /Users/spot/Code/amiexpress-web/Node5
[PathManager] Added assign: playpen: => /Users/spot/Code/amiexpress-web/Node5/Playpen
[PathManager] Added assign: work: => /Users/spot/Code/amiexpress-web
[PathManager] PROGDIR: assigned to /Users/spot/Code/amiexpress-web/doors/dRE/dRE!WAll/
[icon.library] PROGDIR: device set to /Users/spot/Code/amiexpress-web/doors/dRE/dRE!WAll
[icon.library] Door command set to: WALL
[XIMProtocol] New XIM state created with usedXimInput=false doorPort=0x100000
[DoorLogger] Creating logger for door: WALL node: 5
[DoorLogger] __dirname: /Users/spot/Code/amiexpress-web/web/backend/src/amiga-emulation, projectRoot: /Users/spot/Code/amiexpress-web, logs dir: /Users/spot/Code/amiexpress-web/logs
[EnvironmentManager] Initialized LocalVars list at 0x120000
[EnvironmentManager] Populating standard environment variables
[EnvironmentManager] SetVar("PATH", "Work:,S:,C:,Doors:", flags=0)
[EnvironmentManager] Created LocalVar at 0x130000
[EnvironmentManager] SetVar("PROMPT", "%N.%S>", flags=0)
[EnvironmentManager] Created LocalVar at 0x130030
[EnvironmentManager] SetVar("RETURN", "0", flags=0)
[EnvironmentManager] Created LocalVar at 0x130056
[EnvironmentManager] SetVar("RC", "0", flags=0)
[EnvironmentManager] Created LocalVar at 0x130077
[EnvironmentManager] SetVar("Result2", "0", flags=0)
[EnvironmentManager] Created LocalVar at 0x130094
[EnvironmentManager] SetVar("DEVINFO", "CON:,NIL:,SER:", flags=0)
[EnvironmentManager] Created LocalVar at 0x1300b6
[EnvironmentManager] SetVar("BBS_ROOT", "/Users/spot/Code/amiexpress-web", flags=0)
[EnvironmentManager] Created LocalVar at 0x1300e5
[EnvironmentManager] SetVar("NODE_ID", "1", flags=0)
[EnvironmentManager] Created LocalVar at 0x130126
[EnvironmentManager] SetVar("CONF_ID", "2", flags=0)
[EnvironmentManager] Created LocalVar at 0x130148
[EnvironmentManager] SetVar("USER_NAME", "sysop", flags=0)
[EnvironmentManager] Created LocalVar at 0x13016a
[EnvironmentManager] SetVar("USER_LEVEL", "1", flags=0)
[EnvironmentManager] Created LocalVar at 0x130192
[EnvironmentManager] Populated 11 standard variables
[ENV Initializer] Creating ENV files for node 1
[ENV Initializer] Created ENV:PATH = "Work:,S:,C:,Doors:"
[ENV Initializer] Created ENV:PROMPT = "%N.%S>"
[ENV Initializer] Created ENV:RC = "0"
[ENV Initializer] Created ENV:Result2 = "0"
[ENV Initializer] Created ENV:Kickstart = "39.106"
[ENV Initializer] Created ENV:Workbench = "39.29"
[ENV Initializer] Created ENV:BBS_NAME = "AmiExpress Web BBS"
[ENV Initializer] Created ENV:SYSOP_NAME = "Sysop"
[ENV Initializer] Created ENV:NODE_NUMBER = "1"
[ENV Initializer] Created ENV:JC_PWFAIL.1 = "0"
[ENV Initializer] Created ENV:JC_PWFAIL.2 = "0"
[ENV Initializer] Created ENV:JC_PWFAIL.3 = "0"
[ENV Initializer] Created ENV:JC_PWFAIL.4 = "0"
[ENV Initializer] Created ENV:JC_PWFAIL.5 = "0"
[ENV Initializer] Created ENV:JC_PWFAIL.6 = "0"
[ENV Initializer] Created ENV:JC_PWFAIL.7 = "0"
[ENV Initializer] Created ENV:JC_PWFAIL.8 = "0"
[ENV Initializer] Created ENV:STATS@1 = "                                   -22"
[ENV Initializer] Created ENV:STATS@2 = "                                   -22"
[ENV Initializer] Created ENV:STATS@3 = "                                   -22"
[ENV Initializer] Created ENV:STATS@4 = "                                   -22"
[ENV Initializer] Created ENV:STATS@5 = "                                   -22"
[ENV Initializer] Created ENV:STATS@6 = "                                   -22"
[ENV Initializer] Created ENV:STATS@7 = "                                   -22"
[ENV Initializer] Created ENV:STATS@8 = "                                   -22"
[ENV Initializer] Created ENV:LAST_DOOR = ""
[ENV Initializer] Created ENV:DOOR_COUNT = "0"
[ENV Initializer] Created ENV files in /tmp/ram/ENV
[FileManager] Initialized standard handles:
  BPTR 1 (stdin):  [FH:'stdin'(ami='CONSOLE:',sys='/dev/stdin',nc=false)@0x0=B@0x1]
  BPTR 2 (stdout): [FH:'stdout'(ami='*',sys='/dev/stdout',nc=false)@0x0=B@0x2]
[PathManager] Mapped assign root: "doors:" => "/Users/spot/Code/amiexpress-web/Doors/"
[FileManager] stdin re-registered: BPTR 0x1 -> 0x50000
[FileManager] stdin BPTR set to 0x50000 (addr 0x140000)
[FileManager] stdout re-registered: BPTR 0x2 -> 0x5000b
[FileManager] stdout BPTR set to 0x5000b (addr 0x14002c)
[PathManager] PROGDIR: assigned to /Users/spot/Code/amiexpress-web/doors/dRE/dRE!WAll/
[PathManager] Mapped assign root: "progdir:" => "/Users/spot/Code/amiexpress-web/doors/dRE/dRE!WAll/"
[FileManager] Changed directory to: progdir: (/Users/spot/Code/amiexpress-web/doors/dRE/dRE!WAll/)
[LibraryTraps] LVOs.i not found; stub vectors disabled
[MoiraEmulator] Library trap handler registered
[LibraryTraps] Installing Exec.library vectors at base 0x80000
  [OpenLibrary] Vector at 0x7fdd8 (offset -552)
  [CloseLibrary] Vector at 0x7fe62 (offset -414)
  [RawDoFmt] Vector at 0x7fdf6 (offset -522)
  [InitStruct] Vector at 0x7ffb2 (offset -78)
  [MakeLibrary] Vector at 0x7ffac (offset -84)
  [MakeFunctions] Vector at 0x7ffa6 (offset -90)
  [FindResident] Vector at 0x7ffa0 (offset -96)
  [InitResident] Vector at 0x7ff9a (offset -102)
  [Alert] Vector at 0x7ff94 (offset -108)
  [Forbid] Vector at 0x7ff7c (offset -132)
  [Permit] Vector at 0x7ff76 (offset -138)
  [AllocMem] Vector at 0x7ff3a (offset -198)
  [FreeMem] Vector at 0x7ff2e (offset -210)
  [FindTask] Vector at 0x7feda (offset -294)
  [SetTaskPri] Vector at 0x7fed4 (offset -300)
  [SetSignal] Vector at 0x7fece (offset -306)
  [FindPort] Vector at 0x7fe7a (offset -390)
  [PutMsg] Vector at 0x7fe92 (offset -366)
  [GetMsg] Vector at 0x7fe8c (offset -372)
  [Wait] Vector at 0x7fec2 (offset -318)
  [Signal] Vector at 0x7febc (offset -324)
  [Supervisor] Vector at 0x7ffe2 (offset -30)
  [AllocSignal] Vector at 0x7feb6 (offset -330)
  [AddPort] Vector at 0x7fe9e (offset -354)
  [ReplyMsg] Vector at 0x7fe86 (offset -378)
  [WaitPort] Vector at 0x7fe80 (offset -384)
  [CreatePort] Vector at 0x7ff8e (offset -114)
  [CreateMsgPort] Vector at 0x7fd66 (offset -666)
  [DeleteMsgPort] Vector at 0x7fd60 (offset -672)
  [AllocVec] Vector at 0x7fd54 (offset -684)
  [FreeVec] Vector at 0x7fd4e (offset -690)
  [CreatePool] Vector at 0x7fd48 (offset -696)
  [DeletePool] Vector at 0x7fd42 (offset -702)
  [AllocPooled] Vector at 0x7fd3c (offset -708)
  [FreePooled] Vector at 0x7fd36 (offset -714)
  [StackSwap] Vector at 0x7fd24 (offset -732)
[LibraryTraps] Installed 36 Exec.library vectors
[LibraryLoader] Loading utility.library (version >= 37)
[LibraryLoader] ✅ utility.library is ROM-resident (using Kickstart ROM)
[LibraryLoader]   ROM libraries are native code in ROM, not loaded from disk
[LibraryTraps] Installing utility.library vectors at base 0xf0000
  [FindTagItem] Vector at 0xeffe2 (offset -30)
  [GetTagData] Vector at 0xeffdc (offset -36)
  [PackBoolTags] Vector at 0xeffd6 (offset -42)
  [NextTagItem] Vector at 0xeffd0 (offset -48)
  [FilterTagChanges] Vector at 0xeffca (offset -54)
  [Utility_-58_Stub] Vector at 0xeffc6 (offset -58)
  [MapTags] Vector at 0xeffc4 (offset -60)
  [AllocateTagItems] Vector at 0xeffbe (offset -66)
  [CloneTagItems] Vector at 0xeffb8 (offset -72)
  [FreeTagItems] Vector at 0xeffb2 (offset -78)
  [RefreshTagItemClones] Vector at 0xeffac (offset -84)
  [TagInArray] Vector at 0xeffa6 (offset -90)
  [FilterTagItems] Vector at 0xeffa0 (offset -96)
  [CallHookPkt] Vector at 0xeff9a (offset -102)
  [Amiga2Date] Vector at 0xeff88 (offset -120)
  [Date2Amiga] Vector at 0xeff82 (offset -126)
  [CheckDate] Vector at 0xeff7c (offset -132)
  [SMult32] Vector at 0xeff76 (offset -138)
  [UMult32] Vector at 0xeff70 (offset -144)
  [SDivMod32] Vector at 0xeff6a (offset -150)
  [UDivMod32] Vector at 0xeff64 (offset -156)
  [Stricmp] Vector at 0xeff5e (offset -162)
  [Strnicmp] Vector at 0xeff58 (offset -168)
  [ToUpper] Vector at 0xeff52 (offset -174)
  [ToLower] Vector at 0xeff4c (offset -180)
  [ApplyTagChanges] Vector at 0xeff46 (offset -186)
  [SMult64] Vector at 0xeff3a (offset -198)
  [UMult64] Vector at 0xeff34 (offset -204)
  [PackStructureTags] Vector at 0xeff2e (offset -210)
  [UnpackStructureTags] Vector at 0xeff28 (offset -216)
  [AddNamedObject] Vector at 0xeff22 (offset -222)
  [AllocNamedObjectA] Vector at 0xeff1c (offset -228)
  [AttemptRemNamedObject] Vector at 0xeff16 (offset -234)
  [FindNamedObject] Vector at 0xeff10 (offset -240)
  [FreeNamedObject] Vector at 0xeff0a (offset -246)
  [NamedObjectName] Vector at 0xeff04 (offset -252)
  [ReleaseNamedObject] Vector at 0xefefe (offset -258)
  [RemNamedObject] Vector at 0xefef8 (offset -264)
  [GetUniqueID] Vector at 0xefef2 (offset -270)
[LibraryTraps] Installed 39 utility.library vectors
[LibraryLoader] Loading icon.library (version >= 36)
[LibraryLoader] ✅ icon.library is ROM-resident (using Kickstart ROM)
[LibraryLoader]   ROM libraries are native code in ROM, not loaded from disk
[LibraryTraps] Installing icon.library vectors at base 0xd0000
  [GetDiskObject] Vector at 0xcffe2 (offset -30) [VERIFIED: 0x4afc]
  [PutDiskObject] Vector at 0xcffdc (offset -36) [VERIFIED: 0x4afc]
  [FreeDiskObject] Vector at 0xcffd6 (offset -42) [VERIFIED: 0x4afc]
  [FindToolType] Vector at 0xcffd0 (offset -48) [VERIFIED: 0x4afc]
  [MatchToolValue] Vector at 0xcffca (offset -54) [VERIFIED: 0x4afc]
[LibraryTraps] *** icon.library GetDiskObject at 0xcffe2 contains: 0x4afc (should be 0x4AFC) ***
[LibraryTraps] *** icon.library FULLY OPERATIONAL - ALL traps installed and ready ***
[LibraryTraps] Installed 5 icon.library vectors
[LibraryLoader] Loading dos.library (version >= 37)
[LibraryLoader] ✅ dos.library is ROM-resident (using Kickstart ROM)
[LibraryLoader]   ROM libraries are native code in ROM, not loaded from disk
[LibraryTraps] Installing dos.library vectors at base 0xb0000
  [Open] Vector at 0xaffe2 (offset -30)
  [Close] Vector at 0xaffdc (offset -36)
  [Read] Vector at 0xaffd6 (offset -42)
  [Write] Vector at 0xaffd0 (offset -48)
  [Input] Vector at 0xaffca (offset -54)
  [Output] Vector at 0xaffc4 (offset -60)
  [Seek] Vector at 0xaffbe (offset -66)
  [FGetC] Vector at 0xafece (offset -306)
  [FPutC] Vector at 0xafec8 (offset -312)
  [UnGetC] Vector at 0xafec2 (offset -318)
  [FRead] Vector at 0xafebc (offset -324)
  [FWrite] Vector at 0xafeb6 (offset -330)
  [FGets] Vector at 0xafeb0 (offset -336)
  [FPuts] Vector at 0xafeaa (offset -342)
  [Flush] Vector at 0xafe98 (offset -360)
  [Lock] Vector at 0xaffac (offset -84)
  [UnLock] Vector at 0xaffa6 (offset -90)
  [DupLock] Vector at 0xaffa0 (offset -96)
  [Examine] Vector at 0xaff9a (offset -102)
  [ExNext] Vector at 0xaff94 (offset -108)
  [CreateDir] Vector at 0xaff88 (offset -120)
  [CurrentDir] Vector at 0xaff82 (offset -126)
  [IoErr] Vector at 0xaff7c (offset -132)
  [DateStamp] Vector at 0xaff40 (offset -192)
  [Delay] Vector at 0xaff3a (offset -198)
  [WaitForChar] Vector at 0xaff34 (offset -204)
  [Exit] Vector at 0xaff70 (offset -144)
  [NameFromLock] Vector at 0xafe6e (offset -402)
  [ReadArgs] Vector at 0xafce2 (offset -798)
  [FreeArgs] Vector at 0xafca6 (offset -858)
  [DosStub_-298] Vector at 0xafed6 (offset -298)
  [DateToStr] Vector at 0xafd18 (offset -744)
  [StrToDate] Vector at 0xafd12 (offset -750)
  [SelectInput] Vector at 0xaff28 (offset -216)
  [SelectOutput] Vector at 0xaff22 (offset -222)
  [AllocDosObject] Vector at 0xaff1c (offset -228)
  [FreeDosObject] Vector at 0xaff16 (offset -234)
  [OpenFromLock] Vector at 0xafe86 (offset -378)
  [DeleteFile] Vector at 0xaffb8 (offset -72)
  [Rename] Vector at 0xaffb2 (offset -78)
  [Info] Vector at 0xaff8e (offset -114)
  [SetComment] Vector at 0xaff58 (offset -168)
  [SetProtection] Vector at 0xaff52 (offset -174)
  [AddPart] Vector at 0xafed4 (offset -300)
  [FilePart] Vector at 0xafee0 (offset -288)
  [PathPart] Vector at 0xafeda (offset -294)
  [CreateProc] Vector at 0xaff76 (offset -138)
  [LoadSeg] Vector at 0xaff6a (offset -150)
  [UnLoadSeg] Vector at 0xaff64 (offset -156)
  [DeviceProc] Vector at 0xaff5e (offset -162)
  [WaitForChar_180] Vector at 0xaff4c (offset -180)
  [VPrintf] Vector at 0xafef8 (offset -264)
  [Fault] Vector at 0xafe7a (offset -390)
  [PrintFault] Vector at 0xafe74 (offset -396)
  [Cli] Vector at 0xafe14 (offset -492)
  [FGetC_516] Vector at 0xafdfc (offset -516)
  [FPutC_522] Vector at 0xafdf6 (offset -522)
  [FRead_534] Vector at 0xafdea (offset -534)
  [FWrite_540] Vector at 0xafde4 (offset -540)
  [FGets_546] Vector at 0xafdde (offset -546)
  [FPuts_552] Vector at 0xafdd8 (offset -552)
  [VFPrintf] Vector at 0xafdcc (offset -564)
  [ReadArgs_804] Vector at 0xafcdc (offset -804)
  [FreeArgs_810] Vector at 0xafcd6 (offset -810)
[LibraryTraps] Installed 64 dos.library vectors
[LibraryTraps] Installing dos.library vectors at base 0xb0000
  [Open] Vector at 0xaffe2 (offset -30)
  [Close] Vector at 0xaffdc (offset -36)
  [Read] Vector at 0xaffd6 (offset -42)
  [Write] Vector at 0xaffd0 (offset -48)
  [Input] Vector at 0xaffca (offset -54)
  [Output] Vector at 0xaffc4 (offset -60)
  [Seek] Vector at 0xaffbe (offset -66)
  [FGetC] Vector at 0xafece (offset -306)
  [FPutC] Vector at 0xafec8 (offset -312)
  [UnGetC] Vector at 0xafec2 (offset -318)
  [FRead] Vector at 0xafebc (offset -324)
  [FWrite] Vector at 0xafeb6 (offset -330)
  [FGets] Vector at 0xafeb0 (offset -336)
  [FPuts] Vector at 0xafeaa (offset -342)
  [Flush] Vector at 0xafe98 (offset -360)
  [Lock] Vector at 0xaffac (offset -84)
  [UnLock] Vector at 0xaffa6 (offset -90)
  [DupLock] Vector at 0xaffa0 (offset -96)
  [Examine] Vector at 0xaff9a (offset -102)
  [ExNext] Vector at 0xaff94 (offset -108)
  [CreateDir] Vector at 0xaff88 (offset -120)
  [CurrentDir] Vector at 0xaff82 (offset -126)
  [IoErr] Vector at 0xaff7c (offset -132)
  [DateStamp] Vector at 0xaff40 (offset -192)
  [Delay] Vector at 0xaff3a (offset -198)
  [WaitForChar] Vector at 0xaff34 (offset -204)
  [Exit] Vector at 0xaff70 (offset -144)
  [NameFromLock] Vector at 0xafe6e (offset -402)
  [ReadArgs] Vector at 0xafce2 (offset -798)
  [FreeArgs] Vector at 0xafca6 (offset -858)
  [DosStub_-298] Vector at 0xafed6 (offset -298)
  [DateToStr] Vector at 0xafd18 (offset -744)
  [StrToDate] Vector at 0xafd12 (offset -750)
  [SelectInput] Vector at 0xaff28 (offset -216)
  [SelectOutput] Vector at 0xaff22 (offset -222)
  [AllocDosObject] Vector at 0xaff1c (offset -228)
  [FreeDosObject] Vector at 0xaff16 (offset -234)
  [OpenFromLock] Vector at 0xafe86 (offset -378)
  [DeleteFile] Vector at 0xaffb8 (offset -72)
  [Rename] Vector at 0xaffb2 (offset -78)
  [Info] Vector at 0xaff8e (offset -114)
  [SetComment] Vector at 0xaff58 (offset -168)
  [SetProtection] Vector at 0xaff52 (offset -174)
  [AddPart] Vector at 0xafed4 (offset -300)
  [FilePart] Vector at 0xafee0 (offset -288)
  [PathPart] Vector at 0xafeda (offset -294)
  [CreateProc] Vector at 0xaff76 (offset -138)
  [LoadSeg] Vector at 0xaff6a (offset -150)
  [UnLoadSeg] Vector at 0xaff64 (offset -156)
  [DeviceProc] Vector at 0xaff5e (offset -162)
  [WaitForChar_180] Vector at 0xaff4c (offset -180)
  [VPrintf] Vector at 0xafef8 (offset -264)
  [Fault] Vector at 0xafe7a (offset -390)
  [PrintFault] Vector at 0xafe74 (offset -396)
  [Cli] Vector at 0xafe14 (offset -492)
  [FGetC_516] Vector at 0xafdfc (offset -516)
  [FPutC_522] Vector at 0xafdf6 (offset -522)
  [FRead_534] Vector at 0xafdea (offset -534)
  [FWrite_540] Vector at 0xafde4 (offset -540)
  [FGets_546] Vector at 0xafdde (offset -546)
  [FPuts_552] Vector at 0xafdd8 (offset -552)
  [VFPrintf] Vector at 0xafdcc (offset -564)
  [ReadArgs_804] Vector at 0xafcdc (offset -804)
  [FreeArgs_810] Vector at 0xafcd6 (offset -810)
[LibraryTraps] Installed 64 dos.library vectors
[LibraryTraps] ============================================
[LibraryTraps] AEDoor.library vectors: TRAP MODE (TypeScript handlers)
[LibraryTraps] Base address: 0x200000
[LibraryTraps] Installing 20 trap handlers...
[LibraryTraps] ============================================
  [CreateComm] Vector at 0x1fffe2 (offset -30)
  [DeleteComm] Vector at 0x1fffdc (offset -36)
  [SendCmd] Vector at 0x1fffd6 (offset -42)
  [SendStrCmd] Vector at 0x1fffd0 (offset -48)
  [SendDataCmd] Vector at 0x1fffca (offset -54)
  [SendStrDataCmd] Vector at 0x1fffc4 (offset -60)
  [GetData] Vector at 0x1fffbe (offset -66)
  [GetString] Vector at 0x1fffb8 (offset -72)
  [Prompt] Vector at 0x1fffb2 (offset -78)
  [WriteStr] Vector at 0x1fffac (offset -84)
  [ShowGFile] Vector at 0x1fffa6 (offset -90)
  [ShowFile] Vector at 0x1fffa0 (offset -96)
  [SetDT] Vector at 0x1fff9a (offset -102)
  [GetDT] Vector at 0x1fff94 (offset -108)
  [GetStr] Vector at 0x1fff8e (offset -114)
  [CopyStr] Vector at 0x1fff88 (offset -120)
  [HotKey] Vector at 0x1fff82 (offset -126)
  [PreCreateComm] Vector at 0x1fff7c (offset -132)
  [PostDeleteComm] Vector at 0x1fff76 (offset -138)
  [Stub_-24] Vector at 0x1fffe8 (offset -24)
[LibraryTraps] Installed 20 AEDoor.library vectors
[LibraryTraps] ============================================
[LibraryTraps] AEDoor.library vectors: TRAP MODE (TypeScript handlers)
[LibraryTraps] Base address: 0x200000
[LibraryTraps] Installing 20 trap handlers...
[LibraryTraps] ============================================
  [CreateComm] Vector at 0x1fffe2 (offset -30)
  [DeleteComm] Vector at 0x1fffdc (offset -36)
  [SendCmd] Vector at 0x1fffd6 (offset -42)
  [SendStrCmd] Vector at 0x1fffd0 (offset -48)
  [SendDataCmd] Vector at 0x1fffca (offset -54)
  [SendStrDataCmd] Vector at 0x1fffc4 (offset -60)
  [GetData] Vector at 0x1fffbe (offset -66)
  [GetString] Vector at 0x1fffb8 (offset -72)
  [Prompt] Vector at 0x1fffb2 (offset -78)
  [WriteStr] Vector at 0x1fffac (offset -84)
  [ShowGFile] Vector at 0x1fffa6 (offset -90)
  [ShowFile] Vector at 0x1fffa0 (offset -96)
  [SetDT] Vector at 0x1fff9a (offset -102)
  [GetDT] Vector at 0x1fff94 (offset -108)
  [GetStr] Vector at 0x1fff8e (offset -114)
  [CopyStr] Vector at 0x1fff88 (offset -120)
  [HotKey] Vector at 0x1fff82 (offset -126)
  [PreCreateComm] Vector at 0x1fff7c (offset -132)
  [PostDeleteComm] Vector at 0x1fff76 (offset -138)
  [Stub_-24] Vector at 0x1fffe8 (offset -24)
[LibraryTraps] Installed 20 AEDoor.library vectors
[DoorLoader] Writing random seed 0x-704a4cfd to 0x400
[DoorLoader] Read back: 0x8fb5b303
[Self-Mod Code] Registered CODE region: 0x2008-0x45ab (9636 bytes)
[HunkLoader] Applying 17 relocations to 2 segments
[HunkLoader] Segment 0 (CODE) at 0x2008: 6 relocations
  [0] offset=0x676 addr=0x267e before=0x44 after=0x464c target=seg1(0x4608)
  [1] offset=0x680 addr=0x2688 before=0x38 after=0x4640 target=seg1(0x4608)
  [2] offset=0x65e addr=0x2666 before=0x38 after=0x4640 target=seg1(0x4608)
  [3] offset=0x654 addr=0x265c before=0x3c after=0x4644 target=seg1(0x4608)
  [4] offset=0x14 addr=0x201c before=0x654 after=0x4c5c target=seg1(0x4608)
[HunkLoader] Segment 1 (DATA) at 0x4608: 11 relocations
  [0] offset=0x2a8 addr=0x48b0 before=0xf44 after=0x2f4c target=seg0(0x2008)
  [1] offset=0x294 addr=0x489c before=0xf3a after=0x2f42 target=seg0(0x2008)
  [2] offset=0x26c addr=0x4874 before=0xf1e after=0x2f26 target=seg0(0x2008)
  [3] offset=0x48 addr=0x4650 before=0x6bc after=0x26c4 target=seg0(0x2008)
  [4] offset=0x44 addr=0x464c before=0xa48 after=0x2a50 target=seg0(0x2008)
[SharedBBSData] Allocated shared BBS memory:
  cmds:       0xf00300 (1976 bytes)
  sopt:       0xf00ab8 (888 bytes)
  nodeState:  0xf00e30 (32 bytes)
[CommandsStructure] Writing commands at 0xf00300
[CommandsStructure] Wrote BBS config: "AmiExpress Web BBS"
[StartOptionStructure] Writing startOption at 0xf00ab8
[StartOptionStructure] Wrote node settings
[NodeStateGlobals] Wrote node state at 0xf00e30
  currentConf: 2
  node: 5
  timeLimit: 3600
[READ8] addr=0x0f0081 page=0x0f memSrc=1
[READ8] CHIP: addr=0x0f0081 offset=0x0f0081 value=0x00 ( )
[READ8] addr=0x0f0082 page=0x0f memSrc=1
[READ8] CHIP: addr=0x0f0082 offset=0x0f0082 value=0x00 ( )
[READ8] addr=0x0f0083 page=0x0f memSrc=1
[READ8] CHIP: addr=0x0f0083 offset=0x0f0083 value=0x00 ( )
[READ8] addr=0x0f0084 page=0x0f memSrc=1
[READ8] CHIP: addr=0x0f0084 offset=0x0f0084 value=0x00 ( )
[MEMORY-READ] readMemory32(0xf0081) = 0x00000000
[MOIRA] Overclocking set to 100x
[MoiraEmulator] Overclocking set to 100x
[NodeStatusManager] Node 5 singlePort at 0xb1a00: sysop
[NodeStatusManager] Updated node 5: sysop - ENV_DOORS
[DoorLifecycleManager] Node 5 updated: sysop from Server Room
[ExecLibrary] PutMsg: Calling Signal(task=0x5f00, mask=0x40000) sigBit=18 portName=Door Task Port
[ExecLibrary] Signal APPLIED: sigRecvd 0x0 -> 0x40000, sigWait=0x0, isWaiting=false
[MOIRA] Overclocking set to 100x
[MoiraEmulator] Overclocking set to 100x
[LibraryTraps] VERIFICATION: All 164 ILLEGAL instructions verified OK
[LibraryTraps] Synced 164 trap addresses to MOIRA for batch execution
[DoorLifecycleManager] FIRST INVALID PC DETECTED!
  Previous PC: 0x2008
  Instruction: movem.l D1-D6/A0-A6, -(A7)
  New PC: 0x7fece (OUT OF BOUNDS)
  Code region: 0x2008-0x45ac
  D0=0x0 D1=0x3000 D2=0x2
  A0=0xa0000 A1=0x45ac A2=0xf0100
  A3=0x5f00 A4=0x4608 A5=0x5e60 SP=0x5e1c
  This instruction caused the first jump outside code!
  Raw bytes: opcode=0x48e7 operand=0x7efe2448
[DoorLifecycleManager] DETECTED AEDoorPort via findPort at 0x103474 - updating XIMProtocol (hasXIM=true)
[XIMProtocol] setXimPortAddress: UPDATING port from 0x100000 to 0x103474
[ExecLibrary] CAPTURED actual AEDoorPort address: 0x103474 (port="AEDoorPort5")
[exec-vectors] OpenLibrary TRAP: name="dos.library" version=0
[LibraryLoader] Loading dos.library (version >= 0)
[LibraryLoader] ✅ dos.library is ROM-resident (using Kickstart ROM)
[LibraryLoader]   ROM libraries are native code in ROM, not loaded from disk
[LibraryTraps] Installing dos.library vectors at base 0xb0000
  [Open] Vector at 0xaffe2 (offset -30)
  [Close] Vector at 0xaffdc (offset -36)
  [Read] Vector at 0xaffd6 (offset -42)
  [Write] Vector at 0xaffd0 (offset -48)
  [Input] Vector at 0xaffca (offset -54)
  [Output] Vector at 0xaffc4 (offset -60)
  [Seek] Vector at 0xaffbe (offset -66)
  [FGetC] Vector at 0xafece (offset -306)
  [FPutC] Vector at 0xafec8 (offset -312)
  [UnGetC] Vector at 0xafec2 (offset -318)
  [FRead] Vector at 0xafebc (offset -324)
  [FWrite] Vector at 0xafeb6 (offset -330)
  [FGets] Vector at 0xafeb0 (offset -336)
  [FPuts] Vector at 0xafeaa (offset -342)
  [Flush] Vector at 0xafe98 (offset -360)
  [Lock] Vector at 0xaffac (offset -84)
  [UnLock] Vector at 0xaffa6 (offset -90)
  [DupLock] Vector at 0xaffa0 (offset -96)
  [Examine] Vector at 0xaff9a (offset -102)
  [ExNext] Vector at 0xaff94 (offset -108)
  [CreateDir] Vector at 0xaff88 (offset -120)
  [CurrentDir] Vector at 0xaff82 (offset -126)
  [IoErr] Vector at 0xaff7c (offset -132)
  [DateStamp] Vector at 0xaff40 (offset -192)
  [Delay] Vector at 0xaff3a (offset -198)
  [WaitForChar] Vector at 0xaff34 (offset -204)
  [Exit] Vector at 0xaff70 (offset -144)
  [NameFromLock] Vector at 0xafe6e (offset -402)
  [ReadArgs] Vector at 0xafce2 (offset -798)
  [FreeArgs] Vector at 0xafca6 (offset -858)
  [DosStub_-298] Vector at 0xafed6 (offset -298)
  [DateToStr] Vector at 0xafd18 (offset -744)
  [StrToDate] Vector at 0xafd12 (offset -750)
  [SelectInput] Vector at 0xaff28 (offset -216)
  [SelectOutput] Vector at 0xaff22 (offset -222)
  [AllocDosObject] Vector at 0xaff1c (offset -228)
  [FreeDosObject] Vector at 0xaff16 (offset -234)
  [OpenFromLock] Vector at 0xafe86 (offset -378)
  [DeleteFile] Vector at 0xaffb8 (offset -72)
  [Rename] Vector at 0xaffb2 (offset -78)
  [Info] Vector at 0xaff8e (offset -114)
  [SetComment] Vector at 0xaff58 (offset -168)
  [SetProtection] Vector at 0xaff52 (offset -174)
  [AddPart] Vector at 0xafed4 (offset -300)
  [FilePart] Vector at 0xafee0 (offset -288)
  [PathPart] Vector at 0xafeda (offset -294)
  [CreateProc] Vector at 0xaff76 (offset -138)
  [LoadSeg] Vector at 0xaff6a (offset -150)
  [UnLoadSeg] Vector at 0xaff64 (offset -156)
  [DeviceProc] Vector at 0xaff5e (offset -162)
  [WaitForChar_180] Vector at 0xaff4c (offset -180)
  [VPrintf] Vector at 0xafef8 (offset -264)
  [Fault] Vector at 0xafe7a (offset -390)
  [PrintFault] Vector at 0xafe74 (offset -396)
  [Cli] Vector at 0xafe14 (offset -492)
  [FGetC_516] Vector at 0xafdfc (offset -516)
  [FPutC_522] Vector at 0xafdf6 (offset -522)
  [FRead_534] Vector at 0xafdea (offset -534)
  [FWrite_540] Vector at 0xafde4 (offset -540)
  [FGets_546] Vector at 0xafdde (offset -546)
  [FPuts_552] Vector at 0xafdd8 (offset -552)
  [VFPrintf] Vector at 0xafdcc (offset -564)
  [ReadArgs_804] Vector at 0xafcdc (offset -804)
  [FreeArgs_810] Vector at 0xafcd6 (offset -810)
[LibraryTraps] Installed 64 dos.library vectors
[exec-vectors] OpenLibrary TRAP result: 0xb0000
[exec-vectors] AllocMem TRAP: size=12 (0xc) flags=0x10001
[exec-vectors] AllocMem TRAP result: 0x1034d8
[FileManager] Open: "*" mode=1005
[FileManager] Console device, returning stdout BPTR=0x5000b
[exec-vectors] AllocMem TRAP: size=264 (0x108) flags=0x10001
[exec-vectors] AllocMem TRAP result: 0x1034e4
[exec-vectors] AllocMem TRAP: size=34 (0x22) flags=0x10001
[exec-vectors] AllocMem TRAP result: 0x1035ec
[exec-vectors] FindTask TRAP: name="(null - current task)"
[exec-vectors] FindTask TRAP result: 0x5f00
[XIMMessageParser] Parsed jhMessage:
  Address: 0x1034e4
  Length: 264 (layout=long)
  Reply Port: 0x1035ec
  Command: 1 (JH_REGISTER)
  Data: 2 (0x2)
  Node: 4294967295, Line: 0
  Signal: 0, Task: 0x0
  Semi: 0x0
  Filler1: 0x0, Filler2: 0x0
  StrPtr: 0x0, Filler3: 0x0
  String: ""
[XIMProtocol] handleMessage: cmd=1 (JH_REGISTER) usedXimInput=false string=""
[XIMLogger] NOT writing to JSON: jsonEnabled=false logStream=false type=JH_REGISTER
[XIMMessageParser] Parsed jhMessage:
  Address: 0x1034e4
  Length: 264 (layout=long)
  Reply Port: 0x1035ec
  Command: 1 (JH_REGISTER)
  Data: 2 (0x2)
  Node: 5, Line: 0
  Signal: 0, Task: 0x0
  Semi: 0x0
  Filler1: 0x0, Filler2: 0x0
  StrPtr: 0x0, Filler3: 0x0
  String: ""
[XIMMessageParser] writeCommand: msgAddr=0x1034e4 offset=224 value=23 (0x17) layout=long
[XIMMessageParser] Parsed jhMessage:
  Address: 0x1034e4
  Length: 264 (layout=long)
  Reply Port: 0x1035ec
  Command: 23 (Unknown (23))
  Data: 2 (0x2)
  Node: 5, Line: 0
  Signal: 0, Task: 0x0
  Semi: 0x0
  Filler1: 0x0, Filler2: 0x0
  StrPtr: 0x0, Filler3: 0x0
  String: ""
[XIMLogger] NOT writing to JSON: jsonEnabled=false logStream=false type=JH_REGISTER_REPLY
[ExecLibrary] autoRegisterPort: name="" sigTask=0x5f00 currentTask=0x5f00 sigBit=16
[ExecLibrary] replyMsg: Putting message 0x1034e4 to replyPort 0x1035ec
[ExecLibrary] PutMsg: Calling Signal(task=0x5f00, mask=0x10000) sigBit=16 portName=
[ExecLibrary] Signal APPLIED: sigRecvd 0x40000 -> 0x50000, sigWait=0x0, isWaiting=false
[ExecLibrary] replyMsg: Message delivered to replyPort
[DoorLifecycleManager] doorMessageCallback: Message handled for cmd=1 (XIM handler replied)
[ExecLibrary][Trap][Wait] signalMask=0x10000
[ExecLibrary][Trap][Wait] returned 0x10000
[ExecLibrary][Trap][GetMsg] port=0x1035ec name=undefined
[ExecLibrary][GetMsg] Door received message:
  ln_Type=6 (6=NT_REPLYMSG)
  Command=23 (at 0xE0)
  Data=2 (at 0xDC)
  String="" (at 0x14)
[exec-vectors] AllocMem TRAP: size=4116 (0x1014) flags=0x0
[exec-vectors] AllocMem TRAP result: 0x103610
[exec-vectors] OpenLibrary TRAP: name="icon.library" version=0
[LibraryLoader] Loading icon.library (version >= 0)
[LibraryLoader] ✅ icon.library is ROM-resident (using Kickstart ROM)
[LibraryLoader]   ROM libraries are native code in ROM, not loaded from disk
[LibraryTraps] Installing icon.library vectors at base 0xd0000
  [GetDiskObject] Vector at 0xcffe2 (offset -30) [VERIFIED: 0x4afc]
  [PutDiskObject] Vector at 0xcffdc (offset -36) [VERIFIED: 0x4afc]
  [FreeDiskObject] Vector at 0xcffd6 (offset -42) [VERIFIED: 0x4afc]
  [FindToolType] Vector at 0xcffd0 (offset -48) [VERIFIED: 0x4afc]
  [MatchToolValue] Vector at 0xcffca (offset -54) [VERIFIED: 0x4afc]
[LibraryTraps] *** icon.library GetDiskObject at 0xcffe2 contains: 0x4afc (should be 0x4AFC) ***
[LibraryTraps] *** icon.library FULLY OPERATIONAL - ALL traps installed and ready ***
[LibraryTraps] Installed 5 icon.library vectors
[exec-vectors] OpenLibrary TRAP result: 0xd0000
[DebugMonitor] A6 change pc=0xcffca newA6=0xd0000 allowed=false sp=0x5dd8 stack=[SP+0=0x450c SP+4=0x4dc0 SP+8=0x1034e1 SP+12=0x103624 SP+16=0x80000] lastPCs=[0x23b0,0x7fe8c,0x23b8,0x7ff3a,0x3460,0x7fdd8,0x44fe,0xcffca]
[icon.library] MatchToolValue(A0=0x4cac, A1=0x4bf4)
[icon.library]   typeString="dOORS:dRE/dRE!WAll/dRE!WAll", value="icon.library"
[icon.library]   Detected file path - loading icon (isAmigaDevicePath=true, value="icon.library")
[icon.library]   Loading icon from: /Users/spot/Code/amiexpress-web/Doors/dRE/dRE!WAll/dRE!WAll.info
[icon.library]       Tooltype[0] at 0x60200: "UUUUUP"
[icon.library]       Tooltype[1] at 0x60207: "UUUUUP"
[icon.library]       Tooltype[2] at 0x6020e: "UUUUUP"
[icon.library]       Tooltype[3] at 0x60215: "UUUUUP"
[icon.library]       Tooltype[4] at 0x6021c: "UUUUUP"
[icon.library]       Tooltype[5] at 0x60223: "UP"
[icon.library]       Tooltype[6] at 0x60226: "UP"
[icon.library]       Tooltype[7] at 0x60229: "UP"
[icon.library]       Tooltype[8] at 0x6022c: "AP"
[icon.library]       Tooltype[9] at 0x6022f: "PP"
[icon.library]       Tooltype[10] at 0x60232: "UP"
[icon.library]       Tooltype[11] at 0x60235: "UTP"
[icon.library]       Tooltype[12] at 0x60239: "UT"
[icon.library]       Tooltype[13] at 0x6023c: "UUP"
[icon.library]       Tooltype[14] at 0x60240: "UT"
[icon.library]       Tooltype[15] at 0x60243: "UUP"
[icon.library]       Tooltype[16] at 0x60247: "UT"
[icon.library]       Tooltype[17] at 0x6024a: "UUP"
[icon.library]       Tooltype[18] at 0x6024e: "UT"
[icon.library]       Tooltype[19] at 0x60251: "UUP"
[icon.library]       Tooltype[20] at 0x60255: "UUUUUP"
[icon.library]       Tooltype[21] at 0x6025c: "STYLES=2"
[icon.library]       Tooltype[22] at 0x60265: "FORM"
[icon.library]       Tooltype[23] at 0x6026a: "ICONFACE"
[icon.library]     ToolTypes array at 0x60100, 24 entries
[icon.library]   Created DiskObject at 0x60000 with 24 tooltypes
[icon.library] FindToolType(0x60100, "STYLES")
[icon.library]   Found "STYLES" -> value "2" at 0x60263
[icon.library]   Memory at 0x60263: [32 00] = "2"
[icon.library]   D0 set to 0x60263 (expected 0x60263)
[icon.library] FindToolType(0x60100, "COLORS")
[icon.library]   Tooltype "COLORS" not found after 24 entries
[icon.library] FindToolType(0x60100, "ANONYMOUS")
[icon.library]   Tooltype "ANONYMOUS" not found after 24 entries
[icon.library] MatchToolValue(A0=0x60000, A1=0x4c12)
[icon.library]   typeString="ã", value="ANONYMOUS"
[icon.library]   No match found
[exec-vectors] FindTask TRAP: name="(null - current task)"
[exec-vectors] FindTask TRAP result: 0x5f00
[LibraryTraps][LockTrace] sp=0x5d8c spAfter=0x5d90 returnAddr=0x3510 opcode=0x97cb a4=0x4608 a5=0x3084 a6=0xb0000 aedoorBase=0x200000 bytes=97 cb 4a 80 67 00 00 ba 22 00 4e ae ff 82 2e 00
[PathManager] Mapped assign root: "ENV:" => "/tmp/ram/ENV/"
[LibraryTraps][LockTrace] after handler sp=0x5d90 returnAddr=0x3510 a4=0x4608 a5=0x3084 a6=0xb0000
[LibraryTraps][LockTrace] sp=0x5d8c spAfter=0x5d90 returnAddr=0x3526 opcode=0x2c00 a4=0x4608 a5=0x3084 a6=0xb0000 aedoorBase=0x200000 bytes=2c 00 67 00 00 9a 7a 7f da 85 70 41 e5 88 61 00
[PathManager] Mapped: "PROGDIR:/TZ" => "/Users/spot/Code/amiexpress-web/doors/dRE/dRE!WAll/TZ"
[LibraryTraps][LockTrace] after handler sp=0x5d90 returnAddr=0x3526 a4=0x4608 a5=0x3084 a6=0xb0000
[FileManager] Open: "dOORS:dRE/dRE!WAll/dRE!WAll.dAtA" mode=1005
[PathManager] Mapped (case-insensitive): "dOORS:dRE/dRE!WAll/dRE!WAll.dAtA" => "/Users/spot/Code/amiexpress-web/Doors/dRE/dRE!WAll/dRE!WAll.dAtA"
[FileManager] Open: "dOORS:dRE/dRE!WAll/dRE!WAll.dAtA" -> "/Users/spot/Code/amiexpress-web/Doors/dRE/dRE!WAll/dRE!WAll.dAtA" (EXISTS)
[PathManager] Mapped (case-insensitive): "dOORS:dRE/dRE!WAll/dRE!WAll.dAtA" => "/Users/spot/Code/amiexpress-web/Doors/dRE/dRE!WAll/dRE!WAll.dAtA"
[FileManager] Opened file: [FH:'dRE!WAll.dAtA'(ami='dOORS:dRE/dRE!WAll/dRE!WAll.dAtA',sys='/Users/spot/Code/amiexpress-web/Doors/dRE/dRE!WAll/dRE!WAll.dAtA',nc=true)@0x0=B@0x3]
[FileManager] Read BPTR=3 file="dOORS:dRE/dRE!WAll/dRE!WAll.dAtA" len=100
[FileManager]   Hex: 6b 6f 6b 6b 69 6b 6c 68 73 00 20 00 08 50 20 00 08 4c 20 00 08 50 20 00 08 4c 20 00 00 50 20 48 65 6c 6c 6f 20 66 72 6f 6d 20 41 74 68 65 6e 73 20 61 6e 64 20 74 68 61 6e 6b 73 20 66 6f 72 20 74 68 65 20 6e 69 63 65 20 73 74 75 66 66 21 21 21 00 20 00 08 50 20 00 08 50 20 00 00 00 20 00 00 00 00 00
[FileManager]   ASCII: kokkiklhs. ..P ..L ..P ..L ..P Hello from Athens and thanks for the nice stuff!!!. ..P ..P ... .....
[DEBUG READ 100-byte file] Returned 100 bytes to bufferAddr=0x10368c
[DEBUG READ] First 64 bytes HEX: 6b 6f 6b 6b 69 6b 6c 68 73 00 20 00 08 50 20 00 08 4c 20 00 08 50 20 00 08 4c 20 00 00 50 20 48 65 6c 6c 6f 20 66 72 6f 6d 20 41 74 68 65 6e 73 20 61 6e 64 20 74 68 61 6e 6b 73 20 66 6f 72 20
[DEBUG READ] First 64 bytes ASCII: "kokkiklhs. ..P ..L ..P ..L ..P Hello from Athens and thanks for "
[BatchScheduler] Generating QuickNew from config: /Users/spot/Code/amiexpress-web/Doors/quicknew/quicknew.config1 (raw: doors:quicknew/quicknew.config1), days: 7, output: /Users/spot/Code/amiexpress-web/screens/quicknew.txt
[QuickNew] Parsed 3 sections from config
[FileAreas] Loaded 2 file areas from 1 conferences
[FileAreas] Loaded 2 file areas from 1 conferences
[QuickNew] Wrote output to /Users/spot/Code/amiexpress-web/screens/quicknew.txt
[BatchScheduler] QuickNew generated successfully
[BatchScheduler] Generating MultiTop from design: /Users/spot/Code/amiexpress-web/Doors/multitop/designs/mtopulbytes1.dsg (raw: doors:multitop/designs/mtopulbytes1.dsg), output: /Users/spot/Code/amiexpress-web/bulletins/bull1.txt, ignoreSysop: true
[MultiTop] Generating from design: /Users/spot/Code/amiexpress-web/Doors/multitop/designs/mtopulbytes1.dsg
[MultiTop] Sort field: UPLOADEDBYTES
[MultiTop] Found 2 users
[MultiTop] Wrote output to /Users/spot/Code/amiexpress-web/bulletins/bull1.txt
[BatchScheduler] MultiTop generated successfully
[BatchScheduler] Generating MultiTop from design: /Users/spot/Code/amiexpress-web/Doors/multitop/designs/mtopdlbytes1.dsg (raw: doors:multitop/designs/mtopdlbytes1.dsg), output: /Users/spot/Code/amiexpress-web/bulletins/bull2.txt, ignoreSysop: true
[MultiTop] Generating from design: /Users/spot/Code/amiexpress-web/Doors/multitop/designs/mtopdlbytes1.dsg
[MultiTop] Sort field: DOWNLOADEDBYTES
[MultiTop] Found 2 users
[MultiTop] Wrote output to /Users/spot/Code/amiexpress-web/bulletins/bull2.txt
[BatchScheduler] MultiTop generated successfully
[BatchScheduler] Generating MultiTop from design: /Users/spot/Code/amiexpress-web/Doors/multitop/designs/mtopmsgs1.dsg (raw: doors:multitop/designs/mtopmsgs1.dsg), output: /Users/spot/Code/amiexpress-web/bulletins/bull3.txt, ignoreSysop: true
[MultiTop] Generating from design: /Users/spot/Code/amiexpress-web/Doors/multitop/designs/mtopmsgs1.dsg
[MultiTop] Sort field: MESSAGES
[MultiTop] Found 2 users
[MultiTop] Wrote output to /Users/spot/Code/amiexpress-web/bulletins/bull3.txt
[BatchScheduler] MultiTop generated successfully
[BatchScheduler] Generating MultiTop from design: /Users/spot/Code/amiexpress-web/Doors/multitop/designs/mtopulcps1.dsg (raw: doors:multitop/designs/mtopulcps1.dsg), output: /Users/spot/Code/amiexpress-web/bulletins/bull4.txt, ignoreSysop: true
[MultiTop] Generating from design: /Users/spot/Code/amiexpress-web/Doors/multitop/designs/mtopulcps1.dsg
[MultiTop] Sort field: UPLOADEDBYTES
[MultiTop] Found 2 users
[MultiTop] Wrote output to /Users/spot/Code/amiexpress-web/bulletins/bull4.txt
[BatchScheduler] MultiTop generated successfully
[BatchScheduler] Generating MultiTop from design: /Users/spot/Code/amiexpress-web/Doors/multitop/designs/mtopdlcps1.dsg (raw: doors:multitop/designs/mtopdlcps1.dsg), output: /Users/spot/Code/amiexpress-web/bulletins/bull5.txt, ignoreSysop: true
[MultiTop] Generating from design: /Users/spot/Code/amiexpress-web/Doors/multitop/designs/mtopdlcps1.dsg
[MultiTop] Sort field: UPLOADEDBYTES
[MultiTop] Found 2 users
[MultiTop] Wrote output to /Users/spot/Code/amiexpress-web/bulletins/bull5.txt
[BatchScheduler] MultiTop generated successfully
[exec-vectors] OpenLibrary TRAP: name="" version=100
[LibraryLoader] Loading  (version >= 100)
[LibraryLoader] Found library: /Users/spot/Code/amiexpress-web/Libs
❌ [LibraryLoader] Failed to load : Error: EISDIR: illegal operation on a directory, read
    at Object.readSync (node:fs:739:18)
    at tryReadSync (node:fs:416:20)
    at Object.readFileSync (node:fs:470:19)
    at Object.readFileSync (/Users/spot/Code/amiexpress-web/web/backend/src/utils/amigafs.ts:110:13)
    at LibraryLoader.loadLibrary (/Users/spot/Code/amiexpress-web/web/backend/src/amiga-emulation/loader/LibraryLoader.ts:177:35)
    at ExecLibrary.openLibraryHybrid (/Users/spot/Code/amiexpress-web/web/backend/src/amiga-emulation/api/ExecLibrary.ts:849:46)
    at ExecLibrary.openLibrary (/Users/spot/Code/amiexpress-web/web/backend/src/amiga-emulation/api/ExecLibrary.ts:2084:25)
    at Object.handler (/Users/spot/Code/amiexpress-web/web/backend/src/amiga-emulation/api/library-vectors/exec-vectors.ts:33:26)
    at LibraryTraps.handleTrap (/Users/spot/Code/amiexpress-web/web/backend/src/amiga-emulation/api/LibraryTraps.ts:1444:28)
    at DoorLifecycleManager.checkAndHandleLibraryTrap (/Users/spot/Code/amiexpress-web/web/backend/src/amiga-emulation/session/DoorLifecycleManager.ts:1482:39) {
  errno: -21,
  code: 'EISDIR',
  syscall: 'read'
}
[exec-vectors] OpenLibrary TRAP result: 0x1e8000
[BatchScheduler] Running GLCUpdater for Sanctuary, log: /Users/spot/Code/amiexpress-web/Node3/CallersLog
[GLCUpdater] Processed 0 entries, sent 0 to server
[BatchScheduler] GLCUpdater completed
[BatchScheduler] Running TypeScript SAmiLog
[BatchScheduler] SAmiLog bulletin written to BBS:Bulletins/bull6.txt
[BatchScheduler] Generating QuickNew from config: /Users/spot/Code/amiexpress-web/Doors/quicknew/quicknew.config (raw: doors:quicknew/quicknew.config), days: 14, output: /Users/spot/Code/amiexpress-web/screens/quicknew2.txt
[QuickNew] Parsed 1 sections from config
[QuickNew] Wrote output to /Users/spot/Code/amiexpress-web/screens/quicknew2.txt
[BatchScheduler] QuickNew generated successfully
[XIMMessageParser] Parsed jhMessage:
  Address: 0x1034e4
  Length: 264 (layout=long)
  Reply Port: 0x1035ec
  Command: 3 (JH_WRITE)
  Data: 0 (0x0)
  Node: 5, Line: 0
  Signal: 0, Task: 0x0
  Semi: 0x0
  Filler1: 0x0, Filler2: 0x0
  StrPtr: 0x0, Filler3: 0x0
  String: "
"
[XIMProtocol] handleMessage: cmd=3 (JH_WRITE) usedXimInput=false string="
"
[XIMLogger] NOT writing to JSON: jsonEnabled=false logStream=false type=JH_WRITE
[XIMLogger] NOT writing to JSON: jsonEnabled=false logStream=false type=JH_WRITE_REPLY
[ExecLibrary] replyMsg: Putting message 0x1034e4 to replyPort 0x1035ec
[ExecLibrary] PutMsg: Calling Signal(task=0x5f00, mask=0x10000) sigBit=16 portName=
[ExecLibrary] Signal APPLIED: sigRecvd 0x40000 -> 0x50000, sigWait=0x0, isWaiting=false
[ExecLibrary] replyMsg: Message delivered to replyPort
[ExecLibrary] replyMsg: Putting message 0x1034e4 to replyPort 0x1035ec
[ExecLibrary] PutMsg: Calling Signal(task=0x5f00, mask=0x10000) sigBit=16 portName=
[ExecLibrary] Signal APPLIED: sigRecvd 0x50000 -> 0x50000, sigWait=0x0, isWaiting=false
[ExecLibrary] replyMsg: Message delivered to replyPort
[DoorLifecycleManager] doorMessageCallback: Message handled for cmd=3 (XIM handler replied)
[ExecLibrary][Trap][WaitPort] port=0x1035ec name=undefined
[ExecLibrary][Trap][GetMsg] port=0x1035ec name=undefined
[ExecLibrary][GetMsg] Door received message:
  ln_Type=6 (6=NT_REPLYMSG)
  Command=3 (at 0xE0)
  Data=4 (at 0xDC)
  String="
" (at 0x14)
[XIMMessageParser] Parsed jhMessage:
  Address: 0x1034e4
  Length: 264 (layout=long)
  Reply Port: 0x1035ec
  Command: 8 (JH_SF (Show File))
  Data: 0 (0x0)
  Node: 5, Line: 0
  Signal: 0, Task: 0x0
  Semi: 0x0
  Filler1: 0x0, Filler2: 0x0
  StrPtr: 0x0, Filler3: 0x0
  String: "dOORS:dRE/dRE!WAll/dRE!WAll.StYlE.2"
[XIMProtocol] handleMessage: cmd=8 (JH_SF (Show File)) usedXimInput=false string="dOORS:dRE/dRE!WAll/dRE!WAll.StYlE.2"
[XIMLogger] NOT writing to JSON: jsonEnabled=false logStream=false type=JH_SF (Show File)
[ExecLibrary][Trap][WaitPort] port=0x1035ec name=undefined
[ExecLibrary][Trap][GetMsg] port=0x1035ec name=undefined
[ExecLibrary][GetMsg] Door received message:
  ln_Type=6 (6=NT_REPLYMSG)
  Command=8 (at 0xE0)
  Data=0 (at 0xDC)
  String="dOORS:dRE/dRE!WAll/dRE!WAll.StYl" (at 0x14)
[SCREEN] [MCI] ========== PROCESSING MCI CODES ==========
[SCREEN] [MCI] Content length: 248
[SCREEN] [MCI] Looking for ~XC_ and ~XI codes...
[DEBUG:MCI:DEBUG] Parsing MCI codes (248 bytes) 
[SCREEN] [MCI] Total commands to execute: 0
[XIMMessageParser] Parsed jhMessage:
  Address: 0x1034e4
  Length: 264 (layout=long)
  Reply Port: 0x1035ec
  Command: 3 (JH_WRITE)
  Data: 0 (0x0)
  Node: 5, Line: 0
  Signal: 0, Task: 0x0
  Semi: 0x0
  Filler1: 0x0, Filler2: 0x0
  StrPtr: 0x0, Filler3: 0x0
  String: "[0 p"
[XIMProtocol] handleMessage: cmd=3 (JH_WRITE) usedXimInput=false string="[0 p"
[XIMLogger] NOT writing to JSON: jsonEnabled=false logStream=false type=JH_WRITE
[XIM-DEBUG] Filtering Amiga cursor codes: ["[0 p"]
[XIMLogger] NOT writing to JSON: jsonEnabled=false logStream=false type=JH_WRITE_REPLY
[ExecLibrary] replyMsg: Putting message 0x1034e4 to replyPort 0x1035ec
[ExecLibrary] PutMsg: Calling Signal(task=0x5f00, mask=0x10000) sigBit=16 portName=
[ExecLibrary] Signal APPLIED: sigRecvd 0x50000 -> 0x50000, sigWait=0x0, isWaiting=false
[ExecLibrary] replyMsg: Message delivered to replyPort
[ExecLibrary] replyMsg: Putting message 0x1034e4 to replyPort 0x1035ec
[ExecLibrary] PutMsg: Calling Signal(task=0x5f00, mask=0x10000) sigBit=16 portName=
[ExecLibrary] Signal APPLIED: sigRecvd 0x50000 -> 0x50000, sigWait=0x0, isWaiting=false
[ExecLibrary] replyMsg: Message delivered to replyPort
[DoorLifecycleManager] doorMessageCallback: Message handled for cmd=3 (XIM handler replied)
[SCREEN] [MCI DEBUG] Looking for ~SS_ codes in: [34;1m______________________________________________________________________________
  |      |   |      |   |      |   |      |   |      |   |      |   |      |  
¯¯¯¯¯¯¯¯¯¯¯¯¯¯¯¯¯¯¯¯¯¯¯¯¯¯¯¯¯¯¯¯¯¯¯
[SCREEN] [MCI DEBUG] Total ~SS_ MCI codes found in screen: 0
[XIMLogger] NOT writing to JSON: jsonEnabled=false logStream=false type=JH_SF (Show File)_REPLY
[ExecLibrary] replyMsg: Putting message 0x1034e4 to replyPort 0x1035ec
[ExecLibrary] PutMsg: Calling Signal(task=0x5f00, mask=0x10000) sigBit=16 portName=
[ExecLibrary] Signal APPLIED: sigRecvd 0x50000 -> 0x50000, sigWait=0x0, isWaiting=false
[ExecLibrary] replyMsg: Message delivered to replyPort
[DoorLifecycleManager] doorMessageCallback: Message handled for cmd=8 (XIM handler replied)
[ExecLibrary][Trap][WaitPort] port=0x1035ec name=undefined
[ExecLibrary][Trap][GetMsg] port=0x1035ec name=undefined
[ExecLibrary][GetMsg] Door received message:
  ln_Type=6 (6=NT_REPLYMSG)
  Command=3 (at 0xE0)
  Data=1 (at 0xDC)
  String="[0 p" (at 0x14)
[XIMMessageParser] Parsed jhMessage:
  Address: 0x1034e4
  Length: 264 (layout=long)
  Reply Port: 0x1035ec
  Command: 3 (JH_WRITE)
  Data: 0 (0x0)
  Node: 5, Line: 0
  Signal: 0, Task: 0x0
  Semi: 0x0
  Filler1: 0x0, Filler2: 0x0
  StrPtr: 0x0, Filler3: 0x0
  String: "[1 p"
[XIMProtocol] handleMessage: cmd=3 (JH_WRITE) usedXimInput=false string="[1 p"
[XIMLogger] NOT writing to JSON: jsonEnabled=false logStream=false type=JH_WRITE
[XIM-DEBUG] Filtering Amiga cursor codes: ["[1 p"]
[XIMLogger] NOT writing to JSON: jsonEnabled=false logStream=false type=JH_WRITE_REPLY
[ExecLibrary] replyMsg: Putting message 0x1034e4 to replyPort 0x1035ec
[ExecLibrary] PutMsg: Calling Signal(task=0x5f00, mask=0x10000) sigBit=16 portName=
[ExecLibrary] Signal APPLIED: sigRecvd 0x50000 -> 0x50000, sigWait=0x0, isWaiting=false
[ExecLibrary] replyMsg: Message delivered to replyPort
[ExecLibrary] replyMsg: Putting message 0x1034e4 to replyPort 0x1035ec
[ExecLibrary] PutMsg: Calling Signal(task=0x5f00, mask=0x10000) sigBit=16 portName=
[ExecLibrary] Signal APPLIED: sigRecvd 0x50000 -> 0x50000, sigWait=0x0, isWaiting=false
[ExecLibrary] replyMsg: Message delivered to replyPort
[DoorLifecycleManager] doorMessageCallback: Message handled for cmd=3 (XIM handler replied)
[ExecLibrary][Trap][WaitPort] port=0x1035ec name=undefined
[ExecLibrary][Trap][GetMsg] port=0x1035ec name=undefined
[ExecLibrary][GetMsg] Door received message:
  ln_Type=6 (6=NT_REPLYMSG)
  Command=3 (at 0xE0)
  Data=0 (at 0xDC)
  String="[1 p" (at 0x14)
[XIMMessageParser] Parsed jhMessage:
  Address: 0x1034e4
  Length: 264 (layout=long)
  Reply Port: 0x1035ec
  Command: 3 (JH_WRITE)
  Data: 0 (0x0)
  Node: 5, Line: 0
  Signal: 0, Task: 0x0
  Semi: 0x0
  Filler1: 0x0, Filler2: 0x0
  StrPtr: 0x0, Filler3: 0x0
  String: "
"
[XIMProtocol] handleMessage: cmd=3 (JH_WRITE) usedXimInput=false string="
"
[XIMLogger] NOT writing to JSON: jsonEnabled=false logStream=false type=JH_WRITE
[XIMLogger] NOT writing to JSON: jsonEnabled=false logStream=false type=JH_WRITE_REPLY
[ExecLibrary] replyMsg: Putting message 0x1034e4 to replyPort 0x1035ec
[ExecLibrary] PutMsg: Calling Signal(task=0x5f00, mask=0x10000) sigBit=16 portName=
[ExecLibrary] Signal APPLIED: sigRecvd 0x50000 -> 0x50000, sigWait=0x0, isWaiting=false
[ExecLibrary] replyMsg: Message delivered to replyPort
[ExecLibrary] replyMsg: Putting message 0x1034e4 to replyPort 0x1035ec
[ExecLibrary] PutMsg: Calling Signal(task=0x5f00, mask=0x10000) sigBit=16 portName=
[ExecLibrary] Signal APPLIED: sigRecvd 0x50000 -> 0x50000, sigWait=0x0, isWaiting=false
[ExecLibrary] replyMsg: Message delivered to replyPort
[DoorLifecycleManager] doorMessageCallback: Message handled for cmd=3 (XIM handler replied)
[ExecLibrary][Trap][WaitPort] port=0x1035ec name=undefined
[ExecLibrary][Trap][GetMsg] port=0x1035ec name=undefined
[ExecLibrary][GetMsg] Door received message:
  ln_Type=6 (6=NT_REPLYMSG)
  Command=3 (at 0xE0)
  Data=4 (at 0xDC)
  String="
" (at 0x14)
[XIMMessageParser] Parsed jhMessage:
  Address: 0x1034e4
  Length: 264 (layout=long)
  Reply Port: 0x1035ec
  Command: 8 (JH_SF (Show File))
  Data: 0 (0x0)
  Node: 5, Line: 0
  Signal: 0, Task: 0x0
  Semi: 0x0
  Filler1: 0x0, Filler2: 0x0
  StrPtr: 0x0, Filler3: 0x0
  String: "dOORS:dRE/dRE!WAll/dRE!WAll.StYlE.2"
[XIMProtocol] handleMessage: cmd=8 (JH_SF (Show File)) usedXimInput=false string="dOORS:dRE/dRE!WAll/dRE!WAll.StYlE.2"
[XIMLogger] NOT writing to JSON: jsonEnabled=false logStream=false type=JH_SF (Show File)
[SCREEN] [MCI] ========== PROCESSING MCI CODES ==========
[SCREEN] [MCI] Content length: 248
[SCREEN] [MCI] Looking for ~XC_ and ~XI codes...
[DEBUG:MCI:DEBUG] Parsing MCI codes (248 bytes) 
[SCREEN] [MCI] Total commands to execute: 0
[ExecLibrary][Trap][WaitPort] port=0x1035ec name=undefined
[ExecLibrary][Trap][GetMsg] port=0x1035ec name=undefined
[ExecLibrary][GetMsg] Door received message:
  ln_Type=6 (6=NT_REPLYMSG)
  Command=8 (at 0xE0)
  Data=0 (at 0xDC)
  String="dOORS:dRE/dRE!WAll/dRE!WAll.StYl" (at 0x14)
[SCREEN] [MCI DEBUG] Looking for ~SS_ codes in: [34;1m______________________________________________________________________________
  |      |   |      |   |      |   |      |   |      |   |      |   |      |  
¯¯¯¯¯¯¯¯¯¯¯¯¯¯¯¯¯¯¯¯¯¯¯¯¯¯¯¯¯¯¯¯¯¯¯
[SCREEN] [MCI DEBUG] Total ~SS_ MCI codes found in screen: 0
[XIMLogger] NOT writing to JSON: jsonEnabled=false logStream=false type=JH_SF (Show File)_REPLY
[ExecLibrary] replyMsg: Putting message 0x1034e4 to replyPort 0x1035ec
[ExecLibrary] PutMsg: Calling Signal(task=0x5f00, mask=0x10000) sigBit=16 portName=
[ExecLibrary] Signal APPLIED: sigRecvd 0x50000 -> 0x50000, sigWait=0x0, isWaiting=false
[ExecLibrary] replyMsg: Message delivered to replyPort
[DoorLifecycleManager] doorMessageCallback: Message handled for cmd=8 (XIM handler replied)
[XIMMessageParser] Parsed jhMessage:
  Address: 0x1034e4
  Length: 264 (layout=long)
  Reply Port: 0x1035ec
  Command: 3 (JH_WRITE)
  Data: 0 (0x0)
  Node: 5, Line: 0
  Signal: 0, Task: 0x0
  Semi: 0x0
  Filler1: 0x0, Filler2: 0x0
  StrPtr: 0x0, Filler3: 0x0
  String: "[22;0H [36mdRE[0m![36mWAll[0m v[33m2.0 [34m[[32mUNREGiStEREd VERSiON[34m][0m ([37mC[0m) [33m1994[0m bY [36mdR.dRE[0m ([36mtRSi [0m/[36mX[0m·[36miNNOVAtiON[0m)"
[XIMProtocol] handleMessage: cmd=3 (JH_WRITE) usedXimInput=false string="[22;0H [36mdRE[0m![36mWAll[0m v[33m2.0 [34m"
[XIMLogger] NOT writing to JSON: jsonEnabled=false logStream=false type=JH_WRITE
[XIMLogger] NOT writing to JSON: jsonEnabled=false logStream=false type=JH_WRITE_REPLY
[ExecLibrary] replyMsg: Putting message 0x1034e4 to replyPort 0x1035ec
[ExecLibrary] PutMsg: Calling Signal(task=0x5f00, mask=0x10000) sigBit=16 portName=
[ExecLibrary] Signal APPLIED: sigRecvd 0x50000 -> 0x50000, sigWait=0x0, isWaiting=false
[ExecLibrary] replyMsg: Message delivered to replyPort
[ExecLibrary] replyMsg: Putting message 0x1034e4 to replyPort 0x1035ec
[ExecLibrary] PutMsg: Calling Signal(task=0x5f00, mask=0x10000) sigBit=16 portName=
[ExecLibrary] Signal APPLIED: sigRecvd 0x50000 -> 0x50000, sigWait=0x0, isWaiting=false
[ExecLibrary] replyMsg: Message delivered to replyPort
[DoorLifecycleManager] doorMessageCallback: Message handled for cmd=3 (XIM handler replied)
[ExecLibrary][Trap][WaitPort] port=0x1035ec name=undefined
[ExecLibrary][Trap][GetMsg] port=0x1035ec name=undefined
[ExecLibrary][GetMsg] Door received message:
  ln_Type=6 (6=NT_REPLYMSG)
  Command=3 (at 0xE0)
  Data=180 (at 0xDC)
  String="[22;0H [36mdRE[0m![36mWAll[" (at 0x14)
[XIMMessageParser] Parsed jhMessage:
  Address: 0x1034e4
  Length: 264 (layout=long)
  Reply Port: 0x1035ec
  Command: 3 (JH_WRITE)
  Data: 0 (0x0)
  Node: 5, Line: 0
  Signal: 0, Task: 0x0
  Semi: 0x0
  Filler1: 0x0, Filler2: 0x0
  StrPtr: 0x0, Filler3: 0x0
  String: "[23;1H[36mEnter a Line to the Wall [32m([33mY[34m/[33mn[32m)[0m :"
[XIMProtocol] handleMessage: cmd=3 (JH_WRITE) usedXimInput=false string="[23;1H[36mEnter a Line to the Wall [32m([33mY"
[XIMLogger] NOT writing to JSON: jsonEnabled=false logStream=false type=JH_WRITE
[XIMLogger] NOT writing to JSON: jsonEnabled=false logStream=false type=JH_WRITE_REPLY
[ExecLibrary] replyMsg: Putting message 0x1034e4 to replyPort 0x1035ec
[ExecLibrary] PutMsg: Calling Signal(task=0x5f00, mask=0x10000) sigBit=16 portName=
[ExecLibrary] Signal APPLIED: sigRecvd 0x50000 -> 0x50000, sigWait=0x0, isWaiting=false
[ExecLibrary] replyMsg: Message delivered to replyPort
[ExecLibrary] replyMsg: Putting message 0x1034e4 to replyPort 0x1035ec
[ExecLibrary] PutMsg: Calling Signal(task=0x5f00, mask=0x10000) sigBit=16 portName=
[ExecLibrary] Signal APPLIED: sigRecvd 0x50000 -> 0x50000, sigWait=0x0, isWaiting=false
[ExecLibrary] replyMsg: Message delivered to replyPort
[DoorLifecycleManager] doorMessageCallback: Message handled for cmd=3 (XIM handler replied)
[ExecLibrary][Trap][WaitPort] port=0x1035ec name=undefined
[ExecLibrary][Trap][GetMsg] port=0x1035ec name=undefined
[ExecLibrary][GetMsg] Door received message:
  ln_Type=6 (6=NT_REPLYMSG)
  Command=3 (at 0xE0)
  Data=73 (at 0xDC)
  String="[23;1H[36mEnter a Line to the " (at 0x14)
[XIMMessageParser] Parsed jhMessage:
  Address: 0x1034e4
  Length: 264 (layout=long)
  Reply Port: 0x1035ec
  Command: 6 (JH_HK (Hotkey))
  Data: 73 (0x49)
  Node: 5, Line: 0
  Signal: 0, Task: 0x0
  Semi: 0x0
  Filler1: 0x0, Filler2: 0x0
  StrPtr: 0x0, Filler3: 0x0
  String: ""
[MoiraEmulator] Emulator PAUSED (waiting for async input)
[XIMProtocol] handleMessage: cmd=6 (JH_HK (Hotkey)) usedXimInput=false string=""
[XIMLogger] NOT writing to JSON: jsonEnabled=false logStream=false type=JH_HK (Hotkey)
[XIMIOHandler] JH_HK (Hotkey) received - setting usedXimInput=true
[MoiraEmulator] Emulator PAUSED (waiting for async input)
[DoorLifecycleManager] doorMessageCallback: Message handled for cmd=6 (XIM handler replied)
[COMMAND-HANDLER-ENTRY] COMMAND EVENT FIRED! j6C_ogDoQz_yovReAAAN
=== COMMAND RECEIVED [v2024-FIXED] ===
Raw data: "n" length: 1 charCode: 110
[socket-handlers] checkPauseHandler active: false, flagPauseHandler active: false
Session state: loggedon subState: door_running
Input buffer: ""
[socket-handlers] About to check door - data="n" (len=1), inDoor=true, subState=door_running
[socket-handlers] ABOUT TO CALL doorInputHandler with: "n" (length=1, charCode=110)
[executeAmigaDoor] doorInputHandler received: "n" (len=1) hasXIM=true
[executeAmigaDoor] Call stack:     at Object.session.doorInputHandler (/Users/spot/Code/amiexpress-web/web/backend/src/handlers/door.handler.ts:2307:47)
    at Socket.<anonymous> (/Users/spot/Code/amiexpress-web/web/backend/src/server/socket-handlers.ts:672:17)
    at Socket.emit (node:events:508:28)
    at Socket.emitUntyped (/Users/spot/Code/amiexpress-web/web/backend/node_modules/socket.io/dist/typed-events.js:69:22)
[DEBUG JH_HK completeHotkey] msg.stringPtr=NULL embedded=0x1034f8
[XIMMessageParser] writeCommand: msgAddr=0x1034e4 offset=224 value=1 (0x1) layout=long
[XIMLogger] NOT writing to JSON: jsonEnabled=false logStream=false type=JH_HK (Hotkey)_REPLY
[ExecLibrary] replyMsg: Putting message 0x1034e4 to replyPort 0x1035ec
[ExecLibrary] PutMsg: Calling Signal(task=0x5f00, mask=0x10000) sigBit=16 portName=
[ExecLibrary] Signal APPLIED: sigRecvd 0x50000 -> 0x50000, sigWait=0x0, isWaiting=false
[ExecLibrary] replyMsg: Message delivered to replyPort
[ExecLibrary] replyMsg: Putting message 0x1034e4 to replyPort 0x1035ec
[ExecLibrary] PutMsg: Calling Signal(task=0x5f00, mask=0x10000) sigBit=16 portName=
[ExecLibrary] Signal APPLIED: sigRecvd 0x50000 -> 0x50000, sigWait=0x0, isWaiting=false
[ExecLibrary] replyMsg: Message delivered to replyPort
[MoiraEmulator] Emulator RESUMING from pause
[XIMProtocol] shouldInjectNativeInput: registered=true waiting=false isNative=false usedXimInput=true doorPort=0x103474
[ExecLibrary][Trap][WaitPort] port=0x1035ec name=undefined
[ExecLibrary][Trap][GetMsg] port=0x1035ec name=undefined
[ExecLibrary][GetMsg] Door received message:
  ln_Type=6 (6=NT_REPLYMSG)
  Command=1 (at 0xE0)
  Data=1 (at 0xDC)
  String="n" (at 0x14)
[XIMMessageParser] Parsed jhMessage:
  Address: 0x1034e4
  Length: 264 (layout=long)
  Reply Port: 0x1035ec
  Command: 3 (JH_WRITE)
  Data: 0 (0x0)
  Node: 5, Line: 0
  Signal: 0, Task: 0x0
  Semi: 0x0
  Filler1: 0x0, Filler2: 0x0
  StrPtr: 0x0, Filler3: 0x0
  String: "[26;0H"
[XIMProtocol] handleMessage: cmd=3 (JH_WRITE) usedXimInput=true string="[26;0H"
[XIMLogger] NOT writing to JSON: jsonEnabled=false logStream=false type=JH_WRITE
[XIMLogger] NOT writing to JSON: jsonEnabled=false logStream=false type=JH_WRITE_REPLY
[ExecLibrary] replyMsg: Putting message 0x1034e4 to replyPort 0x1035ec
[ExecLibrary] PutMsg: Calling Signal(task=0x5f00, mask=0x10000) sigBit=16 portName=
[ExecLibrary] Signal APPLIED: sigRecvd 0x50000 -> 0x50000, sigWait=0x0, isWaiting=false
[ExecLibrary] replyMsg: Message delivered to replyPort
[ExecLibrary] replyMsg: Putting message 0x1034e4 to replyPort 0x1035ec
[ExecLibrary] PutMsg: Calling Signal(task=0x5f00, mask=0x10000) sigBit=16 portName=
[ExecLibrary] Signal APPLIED: sigRecvd 0x50000 -> 0x50000, sigWait=0x0, isWaiting=false
[ExecLibrary] replyMsg: Message delivered to replyPort
[DoorLifecycleManager] doorMessageCallback: Message handled for cmd=3 (XIM handler replied)
[ExecLibrary][Trap][WaitPort] port=0x1035ec name=undefined
[ExecLibrary][Trap][GetMsg] port=0x1035ec name=undefined
[ExecLibrary][GetMsg] Door received message:
  ln_Type=6 (6=NT_REPLYMSG)
  Command=3 (at 0xE0)
  Data=7 (at 0xDC)
  String="[26;0H" (at 0x14)
[XIMMessageParser] Parsed jhMessage:
  Address: 0x1034e4
  Length: 264 (layout=long)
  Reply Port: 0x1035ec
  Command: 2 (JH_SHUTDOWN)
  Data: 7 (0x7)
  Node: 5, Line: 0
  Signal: 0, Task: 0x0
  Semi: 0x0
  Filler1: 0x0, Filler2: 0x0
  StrPtr: 0x0, Filler3: 0x0
  String: "[26;0H"
[XIMProtocol] handleMessage: cmd=2 (JH_SHUTDOWN) usedXimInput=true string="[26;0H"
[XIMLogger] NOT writing to JSON: jsonEnabled=false logStream=false type=JH_SHUTDOWN
[XIMLogger] NOT writing to JSON: jsonEnabled=false logStream=false type=JH_SHUTDOWN_REPLY
[ExecLibrary] replyMsg: Putting message 0x1034e4 to replyPort 0x1035ec
[ExecLibrary] PutMsg: Calling Signal(task=0x5f00, mask=0x10000) sigBit=16 portName=
[ExecLibrary] Signal APPLIED: sigRecvd 0x50000 -> 0x50000, sigWait=0x0, isWaiting=false
[ExecLibrary] replyMsg: Message delivered to replyPort
[DoorLifecycleManager] doorMessageCallback: Message handled for cmd=2 (XIM handler replied)
[DoorLifecycleManager] doorMessageCallback: Door sent JH_SHUTDOWN - stopping execution
[executeAmigaDoor] Door execution completed
[GameMode] Disabled
[XIMProtocol] getStateSnapshot called - debugId="state_1769032235369_k20iec4tz" returnCommand="NONE", chainCommand="NONE"
[AmigaDoorSession] getExitState: hasXimProtocol=true, returnCommand="NONE"
[executeAmigaDoor] getExitState returned: ximState.returnCommand="NONE", hasXimProtocol=true
[menu] displayMenuPrompt called
  - bbsName: AmiExpress Web BBS
  - currentConf: 2
  - currentConfName: General
  - relConfNum: 0
  - currentMsgBase: 1
  - timeRemaining: 60
  - msgBasesInConf.length: 1
  - currentMsgBase found: true
 Sending single-msgbase prompt: 
[35mAmiExpress Web BBS [36m[0:General][0m Menu ([33m9999[0m mins left): 
[DoorDropFile] Deleted DOOR.SYS for Node5
[DoorDropFile] Deleted DORINFO5.DEF for Node5
[CallersLog] Node5: Door exit: WALL
[BBSEventEmitter] Emitted door_activity: sysop (node 5)
[executeDoor] Door WALL completed during segment processing - continuing segments
[CommandPriority] Executed as SysCommand
[MCI][CC_] COMMAND RESULT: wall → SUCCESS
[SCREEN] [MCI] Sequential: emitted text before ~CC_gwall
[MCI][CC_] EXECUTING INLINE COMMAND: gwall state: loggedon subState: read_command
[SCREEN] [MCI] Sequential: ~CC_ processSysCommand: gwall
[CommandPriority] Processing command: gwall with params: 
[InternalRouter] Overriding internal command 'GWALL' with external BBSCMD door.
Executing: GWALL
[SYSOP DEBUG] CMD: Executing: GWALL
[BBSConfig] Loaded configuration from bbsConfig.info
[BBSConfig] Loaded configuration overrides from bbsConfig.info.txt
[SYSOP DEBUG] COMMAND: Executing TS door: Doors/gwall
{
  "type": "TS",
  "location": "Doors/gwall"
}
Executing door: GWALL
[loadDoorManifestForExecution] Loading manifest for door: GWALL, id: gwall, path: Doors/gwall
[loadDoorManifestForExecution] Trying door.path: /Users/spot/Code/amiexpress-web/Doors/gwall/package.json
[loadDoorManifestForExecution] Found manifest via door.path, runtime: not specified
[DoorDropFile] Created DOOR.SYS for Node5
[DoorDropFile] Created DORINFO5.DEF for Node5
[CallersLog] Node5: Door: GWALL
[BBSEventEmitter] Emitted door_activity: sysop (node 5)
[executeTypeScriptDoor] ===== EXEC ID: mkok4epygq47 =====
[executeTypeScriptDoor] Starting TypeScript door: GWALL
[executeTypeScriptDoor] Door path: Doors/gwall
[executeTypeScriptDoor] Found root index.ts, using source instead of package.json main
[executeTypeScriptDoor] Resolved path: /Users/spot/Code/amiexpress-web/Doors/gwall/index.ts
[executeTypeScriptDoor] Actual filesystem path: /Users/spot/Code/amiexpress-web/Doors/gwall/index.ts
[executeTypeScriptDoor] Importing: file:///Users/spot/Code/amiexpress-web/Doors/gwall/index.ts
[executeTypeScriptDoor] SDK v2.0 Door detected, calling execute()
[executeTypeScriptDoor] Set inDoorManager=true
[executeTypeScriptDoor] Sent door:status: running, door-active: true
[createBBSApi] Created BBSApi, has enableMouseEvents: function
[executeTypeScriptDoor] Calling door.execute() with SDK context...
[COMMAND-HANDLER-ENTRY] COMMAND EVENT FIRED! j6C_ogDoQz_yovReAAAN
=== COMMAND RECEIVED [v2024-FIXED] ===
Raw data: "\r" length: 1 charCode: 13
[socket-handlers] checkPauseHandler active: false, flagPauseHandler active: false
Session state: loggedon subState: read_command
Input buffer: ""
🎯 ENTER KEY DETECTED!
🎯 Current subState: read_command
🎯 Is POST_MESSAGE_SUBJECT? false
🎯 Input buffer contents: ""
[socket-handlers] About to check door - data="" (len=1), inDoor=true, subState=read_command
[socket-handlers] ABOUT TO CALL doorInputHandler with: "" (length=1, charCode=13)
[executeTypeScriptDoor] Door.execute() returned
[executeTypeScriptDoor] Door completed successfully
[GameMode] Disabled
[executeTypeScriptDoor] Cleared inDoorManager and doorInputHandler
[executeTypeScriptDoor] Sent door:status: stopped, door-active: false
[executeTypeScriptDoor] Door GWALL completed during segment processing - continuing segments
[DoorDropFile] Deleted DOOR.SYS for Node5
[DoorDropFile] Deleted DORINFO5.DEF for Node5
[CallersLog] Node5: Door exit: GWALL
[BBSEventEmitter] Emitted door_activity: sysop (node 5)
[executeDoor] Door GWALL completed during segment processing - continuing segments
[CommandPriority] Executed as SysCommand
[MCI][CC_] COMMAND RESULT: gwall → SUCCESS
[SCREEN] [MCI] Sequential: emitted text before ~5SR_WORK:b
[SCREEN] [MCI] Sequential: ~SR_ random file: WORK:bbs/Screens/flt/flt
[SCREEN] [MCI] Sequential: ~SR_ selected: /Users/spot/Code/amiexpress-web/Screens/flt/003.flt
[SCREEN] [displayScreen] ========================================
[SCREEN] [displayScreen] REQUESTED SCREEN: /Users/spot/Code/amiexpress-web/Screens/flt/003.flt
[SCREEN] [displayScreen] Conference ID: 2
[SCREEN] [displayScreen] User: guest
[SCREEN] [displayScreen] ========================================
[SCREEN] [loadScreenFile] Loading screen: /Users/spot/Code/amiexpress-web/Screens/flt/003.flt
[SCREEN] [loadScreenFile] Base directory: /Users/spot/Code/amiexpress-web
[SCREEN] [loadScreenFile] Conference ID: 2, Node ID: 5
[SCREEN] [loadScreenFile] Terminal type: unknown (80x24)
[SCREEN] [loadScreenFile] PETSCII mode: NO
[SCREEN] [loadScreenFile] Trying 0 location(s) with case-insensitive matching:
[SCREEN] [loadScreenFile]   [1] /Users/spot/Code/amiexpress-web/Screens/flt/003.flt
[SCREEN] [loadScreenFile]  Found screen /Users/spot/Code/amiexpress-web/Screens/flt/003.flt at: /Users/spot/Code/amiexpress-web/Screens/flt/003.flt
[SCREEN] readScreenWithTransforms: /Users/spot/Code/amiexpress-web/Screens/flt/003.flt
[SCREEN]   Encoding: iso-8859-1, iCE: false
[NEWLINE-DEBUG] RAW CONTENT (/Users/spot/Code/amiexpress-web/Screens/flt/003.flt): 1050 bytes, 21 \n, 19 \r\n
[SCREEN] [displayScreen]  Screen loaded successfully: /Users/spot/Code/amiexpress-web/Screens/flt/003.flt
[SCREEN] [displayScreen] Content length: 1050 bytes
[SCREEN] [displayScreen] PETSCII: NO
[SCREEN] [displayScreen] Render event: /Users/spot/Code/amiexpress-web/Screens/flt/003.flt (node 5)
[DEBUG:SCREEN:INFO] Displaying screen: /Users/spot/Code/amiexpress-web/Screens/flt/003.flt {
  file: '/Users/spot/Code/amiexpress-web/Screens/flt/003.flt',
  size: '1050 bytes',
  isPetscii: false,
  conference: 2
}
[SCREEN] [MCI] ========== PROCESSING MCI CODES ==========
[SCREEN] [MCI] Content length: 1050
[SCREEN] [MCI] Looking for ~XC_ and ~XI codes...
[DEBUG:MCI:DEBUG] Parsing MCI codes (1050 bytes) 
[SCREEN] [MCI] Total commands to execute: 0
[SCREEN] [MCI] Sequential: emitted remaining text
[SCREEN] [MCI DEBUG] Looking for ~SS_ codes in: 
[NEWLINE-DEBUG] AFTER parseMciCodes NORMAL: 0 bytes, 0 \n, 0 \r\n
[NEWLINE-DEBUG] AFTER addAnsiEscapes: 0 bytes, 0 \n, 0 \r\n
[NEWLINE-DEBUG] AFTER NORMALIZE: 0 bytes, 0 \n, 0 \r\n
[WIPE-DEBUG] Screen: /Users/spot/Code/amiexpress-web/Screens/flt/003.flt, hasWipeAnimation: false, wipeType: null
[NEWLINE-DEBUG] SPLIT INTO LINES: 1 lines
[NEWLINE-DEBUG] FIRST 5 LINES:   [0] len=0: 
[WIPE-CHECK] hasWipeAnimation=false, wipeType=null, screenName=/Users/spot/Code/amiexpress-web/Screens/flt/003.flt
[SCREEN] [displayScreen] Content already emitted inline, skipping frame buffer
[SCREEN] [MCI DEBUG] Looking for ~SS_ codes in: 
[SCREEN] [processNextScreenSegment] Content already emitted inline
[handleCommand] handlePaginatedScreenInput returned: handled=true paginatedScreen=true
[COMMAND-HANDLER-ENTRY] COMMAND EVENT FIRED! j6C_ogDoQz_yovReAAAN
=== COMMAND RECEIVED [v2024-FIXED] ===
Raw data: "\r" length: 1 charCode: 13
[socket-handlers] checkPauseHandler active: false, flagPauseHandler active: false
Session state: loggedon subState: read_command
Input buffer: ""
🎯 ENTER KEY DETECTED!
🎯 Current subState: read_command
🎯 Is POST_MESSAGE_SUBJECT? false
🎯 Input buffer contents: ""
[socket-handlers] About to check door - data="" (len=1), inDoor=undefined, subState=read_command
[socket-handlers] ✗ NOT in door or no handler - routing to BBS command handler
[socket-handlers]   inDoorManager: undefined
[socket-handlers]   handler exists: false
=== handleCommand called ===
data: "\r"
session.state: loggedon
session.subState: read_command
[handleCommand] ENTRY: data="" subState=read_command paginatedScreen=true inDoorManager=undefined
[handleCommand] Has paginatedScreen - calling handlePaginatedScreenInput
[handlePaginatedScreenInput] ENTRY: data="" lines=1 nextIndex=1 pageSize=1
[SEGMENT] Processing segment 3/4: "~f
~SS_BBS:screens/uprough.txt..."
[SCREEN] [processNextScreenSegment] Processing segment 3: ~f
~SS_BBS:screens/uprough.txt...
[SCREEN] [MCI] ========== PROCESSING MCI CODES ==========
[SCREEN] [MCI] Content length: 30
[SCREEN] [MCI] Looking for ~XC_ and ~XI codes...
[DEBUG:MCI:DEBUG] Parsing MCI codes (30 bytes) 
[SCREEN] [MCI] Total commands to execute: 0
=== COMMAND PROCESSED ===

[SCREEN] [MCI] Sequential: emitted text before ~SS_BBS:scr
[SCREEN] [MCI] Sequential: ~SS_ displayFile: BBS:screens/uprough.txt
[SCREEN] [displayScreen] ========================================
[SCREEN] [displayScreen] REQUESTED SCREEN: BBS:screens/uprough.txt
[SCREEN] [displayScreen] Conference ID: 2
[SCREEN] [displayScreen] User: guest
[SCREEN] [displayScreen] ========================================
[SCREEN] [loadScreenFile] Loading screen: BBS:screens/uprough.txt
[SCREEN] [loadScreenFile] Base directory: /Users/spot/Code/amiexpress-web
[SCREEN] [loadScreenFile] Conference ID: 2, Node ID: 5
[SCREEN] [loadScreenFile] Terminal type: unknown (80x24)
[SCREEN] [loadScreenFile] PETSCII mode: NO
[SCREEN] [MCI] ~SS_ resolving Amiga path: BBS:screens/uprough.txt -> /Users/spot/Code/amiexpress-web/screens/uprough.txt
[SCREEN] [loadScreenFile] Trying 0 location(s) with case-insensitive matching:
[SCREEN] [loadScreenFile]   [1] /Users/spot/Code/amiexpress-web/screens/uprough.txt
[SCREEN] Found text screen: /Users/spot/Code/amiexpress-web/screens/uprough.TXT
[SCREEN] [loadScreenFile]  Found security screen for assign path: /Users/spot/Code/amiexpress-web/screens/uprough.TXT
[SCREEN] readScreenWithTransforms: /Users/spot/Code/amiexpress-web/screens/uprough.TXT
[SCREEN]   Encoding: iso-8859-1, iCE: false
[NEWLINE-DEBUG] RAW CONTENT (BBS:screens/uprough.txt): 10058 bytes, 2 \n, 2 \r\n
[SCREEN] [displayScreen]  Screen loaded successfully: BBS:screens/uprough.txt
[SCREEN] [displayScreen] Content length: 10058 bytes
[SCREEN] [displayScreen] PETSCII: NO
[SCREEN] [displayScreen] Render event: BBS:screens/uprough.txt (node 5)
[DEBUG:SCREEN:INFO] Displaying screen: BBS:screens/uprough.txt {
  file: '/Users/spot/Code/amiexpress-web/screens/uprough.TXT',
  size: '10058 bytes',
  isPetscii: false,
  conference: 2
}
[ANSI-ANIM] Detected animation: 856 cursor moves, 1389 total ANSI codes, 10058 bytes
[ANSI-ANIM] Density: 87.1 cursor/KB, 141.4 ANSI/KB
[ModemEmulator] install() skipped - already installed
[ModemEmulator] enable() called with bps=14400, enabled=true, bytesPerSecond=1440
[ANSI-ANIM] Enabled 14.4kbps modem emulation for BBS:screens/uprough.txt (was: 0 bps)
[DEBUG:SCREEN:INFO] ANSI animation detected - forced 14.4kbps playback { screen: 'BBS:screens/uprough.txt', previousSpeed: 0 }
[SCREEN] [MCI] ========== PROCESSING MCI CODES ==========
[SCREEN] [MCI] Content length: 10058
[SCREEN] [MCI] Looking for ~XC_ and ~XI codes...
[DEBUG:MCI:DEBUG] Parsing MCI codes (10058 bytes) 
[SCREEN] [MCI] Total commands to execute: 0
[ModemEmulator] Intercepting ansi-output (10055 bytes), throttling at 14400 bps
[SCREEN] [MCI] Sequential: emitted remaining text
[SCREEN] [MCI DEBUG] Looking for ~SS_ codes in: 
[NEWLINE-DEBUG] AFTER parseMciCodes NORMAL: 0 bytes, 0 \n, 0 \r\n
[NEWLINE-DEBUG] AFTER addAnsiEscapes: 0 bytes, 0 \n, 0 \r\n
[NEWLINE-DEBUG] AFTER NORMALIZE: 0 bytes, 0 \n, 0 \r\n
[WIPE-DEBUG] Screen: BBS:screens/uprough.txt, hasWipeAnimation: false, wipeType: null
[NEWLINE-DEBUG] SPLIT INTO LINES: 1 lines
[NEWLINE-DEBUG] FIRST 5 LINES:   [0] len=0: 
[WIPE-CHECK] hasWipeAnimation=false, wipeType=null, screenName=BBS:screens/uprough.txt
[SCREEN] [displayScreen] Content already emitted inline, skipping frame buffer
[SCREEN] [MCI DEBUG] Looking for ~SS_ codes in: 
[SCREEN] [processNextScreenSegment] Content already emitted inline
[ANSI-ANIM] Waiting for modem queue to drain before restoring state...
[handleCommand] handlePaginatedScreenInput returned: handled=true paginatedScreen=true
[ANSI-ANIM] Restored modem emulation to disabled (full speed)
[COMMAND-HANDLER-ENTRY] COMMAND EVENT FIRED! j6C_ogDoQz_yovReAAAN
=== COMMAND RECEIVED [v2024-FIXED] ===
Raw data: "\r" length: 1 charCode: 13
[socket-handlers] checkPauseHandler active: false, flagPauseHandler active: false
Session state: loggedon subState: read_command
Input buffer: ""
🎯 ENTER KEY DETECTED!
🎯 Current subState: read_command
🎯 Is POST_MESSAGE_SUBJECT? false
🎯 Input buffer contents: ""
[socket-handlers] About to check door - data="" (len=1), inDoor=undefined, subState=read_command
[socket-handlers] ✗ NOT in door or no handler - routing to BBS command handler
[socket-handlers]   inDoorManager: undefined
[socket-handlers]   handler exists: false
=== handleCommand called ===
data: "\r"
session.state: loggedon
session.subState: read_command
[handleCommand] ENTRY: data="" subState=read_command paginatedScreen=true inDoorManager=undefined
[handleCommand] Has paginatedScreen - calling handlePaginatedScreenInput
[handlePaginatedScreenInput] ENTRY: data="" lines=1 nextIndex=1 pageSize=1
[SEGMENT] Processing segment 4/4: "~f
~SS_BBS:screens/quicknew.txt..."
[SCREEN] [processNextScreenSegment] Processing segment 4: ~f
~SS_BBS:screens/quicknew.txt...
[SCREEN] [MCI] ========== PROCESSING MCI CODES ==========
[SCREEN] [MCI] Content length: 31
[SCREEN] [MCI] Looking for ~XC_ and ~XI codes...
[DEBUG:MCI:DEBUG] Parsing MCI codes (31 bytes) 
[SCREEN] [MCI] Total commands to execute: 0
=== COMMAND PROCESSED ===

[SCREEN] [MCI] Sequential: emitted text before ~SS_BBS:scr
[SCREEN] [MCI] Sequential: ~SS_ displayFile: BBS:screens/quicknew.txt
[SCREEN] [displayScreen] ========================================
[SCREEN] [displayScreen] REQUESTED SCREEN: BBS:screens/quicknew.txt
[SCREEN] [displayScreen] Conference ID: 2
[SCREEN] [displayScreen] User: guest
[SCREEN] [displayScreen] ========================================
[SCREEN] [loadScreenFile] Loading screen: BBS:screens/quicknew.txt
[SCREEN] [loadScreenFile] Base directory: /Users/spot/Code/amiexpress-web
[SCREEN] [loadScreenFile] Conference ID: 2, Node ID: 5
[SCREEN] [loadScreenFile] Terminal type: unknown (80x24)
[SCREEN] [loadScreenFile] PETSCII mode: NO
[SCREEN] [MCI] ~SS_ resolving Amiga path: BBS:screens/quicknew.txt -> /Users/spot/Code/amiexpress-web/screens/quicknew.txt
[SCREEN] [loadScreenFile] Trying 0 location(s) with case-insensitive matching:
[SCREEN] [loadScreenFile]   [1] /Users/spot/Code/amiexpress-web/screens/quicknew.txt
[SCREEN] Found text screen: /Users/spot/Code/amiexpress-web/screens/quicknew.TXT
[SCREEN] [loadScreenFile]  Found security screen for assign path: /Users/spot/Code/amiexpress-web/screens/quicknew.TXT
[SCREEN] readScreenWithTransforms: /Users/spot/Code/amiexpress-web/screens/quicknew.TXT
[SCREEN]   Encoding: iso-8859-1, iCE: false
[NEWLINE-DEBUG] RAW CONTENT (BBS:screens/quicknew.txt): 1677 bytes, 29 \n, 29 \r\n
[SCREEN] [displayScreen]  Screen loaded successfully: BBS:screens/quicknew.txt
[SCREEN] [displayScreen] Content length: 1677 bytes
[SCREEN] [displayScreen] PETSCII: NO
[SCREEN] [displayScreen] Render event: BBS:screens/quicknew.txt (node 5)
[DEBUG:SCREEN:INFO] Displaying screen: BBS:screens/quicknew.txt {
  file: '/Users/spot/Code/amiexpress-web/screens/quicknew.TXT',
  size: '1677 bytes',
  isPetscii: false,
  conference: 2
}
[SCREEN] [MCI] ========== PROCESSING MCI CODES ==========
[SCREEN] [MCI] Content length: 1677
[SCREEN] [MCI] Looking for ~XC_ and ~XI codes...
[DEBUG:MCI:DEBUG] Parsing MCI codes (1677 bytes) 
[SCREEN] [MCI] Total commands to execute: 0
[SCREEN] [MCI] Sequential: ~SP found in remaining text, pausing
[NEWLINE-DEBUG] AFTER parseMciCodes NORMAL: 0 bytes, 0 \n, 0 \r\n
[NEWLINE-DEBUG] AFTER addAnsiEscapes: 0 bytes, 0 \n, 0 \r\n
[NEWLINE-DEBUG] AFTER NORMALIZE: 0 bytes, 0 \n, 0 \r\n
[WIPE-DEBUG] Screen: BBS:screens/quicknew.txt, hasWipeAnimation: false, wipeType: null
[NEWLINE-DEBUG] SPLIT INTO LINES: 1 lines
[NEWLINE-DEBUG] FIRST 5 LINES:   [0] len=0: 
[WIPE-CHECK] hasWipeAnimation=false, wipeType=null, screenName=BBS:screens/quicknew.txt
[SCREEN] [displayScreen] Content already emitted inline, skipping frame buffer
[SCREEN] [MCI DEBUG] Looking for ~SS_ codes in: 
[SCREEN] [processNextScreenSegment] Content already emitted inline
[SCREEN] [processNextScreenSegment] All segments processed for LOGON
[handleCommand] handlePaginatedScreenInput returned: handled=true paginatedScreen=true
[COMMAND-HANDLER-ENTRY] COMMAND EVENT FIRED! j6C_ogDoQz_yovReAAAN
=== COMMAND RECEIVED [v2024-FIXED] ===
Raw data: "\r" length: 1 charCode: 13
[socket-handlers] checkPauseHandler active: false, flagPauseHandler active: false
Session state: loggedon subState: read_command
Input buffer: ""
🎯 ENTER KEY DETECTED!
🎯 Current subState: read_command
🎯 Is POST_MESSAGE_SUBJECT? false
🎯 Input buffer contents: ""
[socket-handlers] About to check door - data="" (len=1), inDoor=undefined, subState=read_command
[socket-handlers] ✗ NOT in door or no handler - routing to BBS command handler
[socket-handlers]   inDoorManager: undefined
[socket-handlers]   handler exists: false
=== handleCommand called ===
data: "\r"
session.state: loggedon
session.subState: read_command
[handleCommand] ENTRY: data="" subState=read_command paginatedScreen=true inDoorManager=undefined
[handleCommand] Has paginatedScreen - calling handlePaginatedScreenInput
[handlePaginatedScreenInput] ENTRY: data="" lines=1 nextIndex=1 pageSize=1
=== COMMAND PROCESSED ===

[handleCommand] handlePaginatedScreenInput returned: handled=true paginatedScreen=false
[COMMAND-HANDLER-ENTRY] COMMAND EVENT FIRED! j6C_ogDoQz_yovReAAAN
=== COMMAND RECEIVED [v2024-FIXED] ===
Raw data: "\r" length: 1 charCode: 13
[socket-handlers] checkPauseHandler active: false, flagPauseHandler active: false
Session state: loggedon subState: read_command
Input buffer: ""
🎯 ENTER KEY DETECTED!
🎯 Current subState: read_command
🎯 Is POST_MESSAGE_SUBJECT? false
🎯 Input buffer contents: ""
[socket-handlers] About to check door - data="" (len=1), inDoor=undefined, subState=read_command
[socket-handlers] ✗ NOT in door or no handler - routing to BBS command handler
[socket-handlers]   inDoorManager: undefined
[socket-handlers]   handler exists: false
=== handleCommand called ===
data: "\r"
session.state: loggedon
session.subState: read_command
[handleCommand] ENTRY: data="" subState=read_command paginatedScreen=false inDoorManager=undefined
 Checking if in POST_MESSAGE_SUBJECT state: false
 In READ_COMMAND state, reading line input
 Empty command, redisplaying menu
[menu] displayMenuPrompt called
  - bbsName: AmiExpress Web BBS
  - currentConf: 2
  - currentConfName: General
  - relConfNum: 0
  - currentMsgBase: 1
  - timeRemaining: 60
  - msgBasesInConf.length: 1
  - currentMsgBase found: true
 Sending single-msgbase prompt: 
[35mAmiExpress Web BBS [36m[0:General][0m Menu ([33m9999[0m mins left): 
=== COMMAND PROCESSED ===

[COMMAND-HANDLER-ENTRY] COMMAND EVENT FIRED! j6C_ogDoQz_yovReAAAN
=== COMMAND RECEIVED [v2024-FIXED] ===
Raw data: "i" length: 1 charCode: 105
[socket-handlers] checkPauseHandler active: false, flagPauseHandler active: false
Session state: loggedon subState: read_command
Input buffer: ""
[socket-handlers] About to check door - data="i" (len=1), inDoor=undefined, subState=read_command
[socket-handlers] ✗ NOT in door or no handler - routing to BBS command handler
[socket-handlers]   inDoorManager: undefined
[socket-handlers]   handler exists: false
=== handleCommand called ===
data: "i"
session.state: loggedon
session.subState: read_command
[handleCommand] ENTRY: data="i" subState=read_command paginatedScreen=false inDoorManager=undefined
 Checking if in POST_MESSAGE_SUBJECT state: false
 In READ_COMMAND state, reading line input
=== COMMAND PROCESSED ===

[COMMAND-HANDLER-ENTRY] COMMAND EVENT FIRED! j6C_ogDoQz_yovReAAAN
=== COMMAND RECEIVED [v2024-FIXED] ===
Raw data: "r" length: 1 charCode: 114
[socket-handlers] checkPauseHandler active: false, flagPauseHandler active: false
Session state: loggedon subState: read_command
Input buffer: "i"
[socket-handlers] About to check door - data="r" (len=1), inDoor=undefined, subState=read_command
[socket-handlers] ✗ NOT in door or no handler - routing to BBS command handler
[socket-handlers]   inDoorManager: undefined
[socket-handlers]   handler exists: false
=== handleCommand called ===
data: "r"
session.state: loggedon
session.subState: read_command
[handleCommand] ENTRY: data="r" subState=read_command paginatedScreen=false inDoorManager=undefined
 Checking if in POST_MESSAGE_SUBJECT state: false
 In READ_COMMAND state, reading line input
=== COMMAND PROCESSED ===

[COMMAND-HANDLER-ENTRY] COMMAND EVENT FIRED! j6C_ogDoQz_yovReAAAN
=== COMMAND RECEIVED [v2024-FIXED] ===
Raw data: "c" length: 1 charCode: 99
[socket-handlers] checkPauseHandler active: false, flagPauseHandler active: false
Session state: loggedon subState: read_command
Input buffer: "ir"
[socket-handlers] About to check door - data="c" (len=1), inDoor=undefined, subState=read_command
[socket-handlers] ✗ NOT in door or no handler - routing to BBS command handler
[socket-handlers]   inDoorManager: undefined
[socket-handlers]   handler exists: false
=== handleCommand called ===
data: "c"
session.state: loggedon
session.subState: read_command
[handleCommand] ENTRY: data="c" subState=read_command paginatedScreen=false inDoorManager=undefined
 Checking if in POST_MESSAGE_SUBJECT state: false
 In READ_COMMAND state, reading line input
=== COMMAND PROCESSED ===

[COMMAND-HANDLER-ENTRY] COMMAND EVENT FIRED! j6C_ogDoQz_yovReAAAN
=== COMMAND RECEIVED [v2024-FIXED] ===
Raw data: "\r" length: 1 charCode: 13
[socket-handlers] checkPauseHandler active: false, flagPauseHandler active: false
Session state: loggedon subState: read_command
Input buffer: "irc"
🎯 ENTER KEY DETECTED!
🎯 Current subState: read_command
🎯 Is POST_MESSAGE_SUBJECT? false
🎯 Input buffer contents: "irc"
[socket-handlers] About to check door - data="" (len=1), inDoor=undefined, subState=read_command
[socket-handlers] ✗ NOT in door or no handler - routing to BBS command handler
[socket-handlers]   inDoorManager: undefined
[socket-handlers]   handler exists: false
=== handleCommand called ===
data: "\r"
session.state: loggedon
session.subState: read_command
[handleCommand] ENTRY: data="" subState=read_command paginatedScreen=false inDoorManager=undefined
 Checking if in POST_MESSAGE_SUBJECT state: false
 In READ_COMMAND state, reading line input
[CommandHistory] saveHistory called for userId=7ddd39a4-9a2b-485e-ba5a-8cfec20813dd, historyLen=20
[CommandHistory] Database available, saving...
[CommandHistory] Running upsert for user 7ddd39a4-9a2b-485e-ba5a-8cfec20813dd with 20 commands
 Command text stored: IRC
=== COMMAND PROCESSED ===

[CommandHistory] Saved 20 commands for user 7ddd39a4-9a2b-485e-ba5a-8cfec20813dd
=== handleCommand called ===
data: ""
session.state: loggedon
session.subState: process_command
[handleCommand] ENTRY: data="" subState=process_command paginatedScreen=false inDoorManager=undefined
 Checking if in POST_MESSAGE_SUBJECT state: false
 In PROCESS_COMMAND state, executing command: IRC
[CommandPriority] Processing command: IRC with params: 
[InternalRouter] Overriding internal command 'IRC' with external BBSCMD door.
Executing: IRC
[SYSOP DEBUG] CMD: Executing: IRC
[BBSConfig] Loaded configuration from bbsConfig.info
[BBSConfig] Loaded configuration overrides from bbsConfig.info.txt
[SYSOP DEBUG] COMMAND: Executing TS door: Doors/livechat
{
  "type": "TS",
  "location": "Doors/livechat"
}
Executing door: IRC
[loadDoorManifestForExecution] Loading manifest for door: IRC, id: irc, path: Doors/livechat
[loadDoorManifestForExecution] Trying door.path: /Users/spot/Code/amiexpress-web/Doors/livechat/package.json
[loadDoorManifestForExecution] Found manifest via door.path, runtime: hybrid
[executeDoor] Hybrid door detected: IRC - loading client AND server
[executeClientDoor] Starting client door: IRC
[ClientDoorBridge] Starting session client-door-3-1769032249705 for door irc
[ClientDoorBridge] Registering 'command' listener for session client-door-3-1769032249705
[executeClientDoor] Set inDoorManager=true for session
[executeClientDoor] Set mouseEventsEnabled=true for session
[executeClientDoor] Emitted game-mode=true to frontend
[executeClientDoor] Set doorInputHandler (no-op)
[executeClientDoor] Client door session started: client-door-3-1769032249705
[CallersLog] Node5: Door: IRC
[CORS] Request origin: undefined
[CORS] No origin header - allowing (same-origin or non-browser request)
[DoorAPI] Serving bundle for door: irc
[DoorAPI] Entry point for irc: ./client.ts
[DoorAPI] Door base path: /Users/spot/Code/amiexpress-web/Doors/livechat
[ClientDoorBundler] Bundling door: irc from /Users/spot/Code/amiexpress-web/Doors/livechat/client.ts
[ClientDoorBundler] BBS root: /Users/spot/Code/amiexpress-web
[ClientDoorBundler] SDK path: /Users/spot/Code/amiexpress-web/sdk
[ClientDoorBundler] SDK client: /Users/spot/Code/amiexpress-web/sdk/dist/client/index.js

  .cache/door-bundles/irc.bundle.js      3.1mb ⚠️
  .cache/door-bundles/irc.bundle.js.map  5.0mb

⚡ Done in 263ms
[ClientDoorBundler] Bundle complete: irc (3156.22 KB)
[DoorDropFile] Created DOOR.SYS for Node5
[DoorDropFile] Created DORINFO5.DEF for Node5
[CallersLog] Node5: Door: IRC
[BBSEventEmitter] Emitted door_activity: sysop (node 5)
[executeTypeScriptDoor] ===== EXEC ID: mkok4kly4v7a =====
[executeTypeScriptDoor] Starting TypeScript door: IRC
[executeTypeScriptDoor] Door path: Doors/livechat
[executeTypeScriptDoor] Found root index.ts, using source instead of package.json main
[executeTypeScriptDoor] Resolved path: /Users/spot/Code/amiexpress-web/Doors/livechat/index.ts
[executeTypeScriptDoor] Actual filesystem path: /Users/spot/Code/amiexpress-web/Doors/livechat/index.ts
[executeTypeScriptDoor] Importing: file:///Users/spot/Code/amiexpress-web/Doors/livechat/index.ts
[executeTypeScriptDoor] SDK v2.0 Door detected, calling execute()
[executeTypeScriptDoor] Set inDoorManager=true
[executeTypeScriptDoor] Sent door:status: running, door-active: true
[createBBSApi] Created BBSApi, has enableMouseEvents: function
[executeTypeScriptDoor] Calling door.execute() with SDK context...
[createScreen] connectionType=web, unicodeCapable=true, needsAmigaConversion=false
[Screen] Created: 80x24, responsive=true, options.width=80, options.height=24
[createScreen] Setting up screen:resize listener via bbs.on()
[DoorInputManager] Checking blessed mouse: enableMouse= true hasScreen= true hasProgram= true
[DoorInputManager] Calling screen.program.enableMouse()
[DoorInputManager] screen.program._mouseEnabled= true
[DoorInputManager] Checking BBS mouse: enableMouse= true hasSession= true
[DoorInputManager] Set bbsSession.mouseEventsEnabled = true
[MenuBar] Creating dropdown for: Chat
[MenuBar] Dropdown created, type: object hasOpenFor: function
[MenuBar] Dropdown registered, total dropdowns: 1
[MenuBar] Creating dropdown for: Tools
[MenuBar] Dropdown created, type: object hasOpenFor: function
[MenuBar] Dropdown registered, total dropdowns: 2
[MenuBar] Creating dropdown for: View
[MenuBar] Dropdown created, type: object hasOpenFor: function
[MenuBar] Dropdown registered, total dropdowns: 3
[MenuBar] Creating dropdown for: Help
[MenuBar] Dropdown created, type: object hasOpenFor: function
[MenuBar] Dropdown registered, total dropdowns: 4
[MenuBar] Creating dropdown for: Chat
[MenuBar] Dropdown created, type: object hasOpenFor: function
[MenuBar] Dropdown registered, total dropdowns: 1
[MenuBar] Creating dropdown for: Tools
[MenuBar] Dropdown created, type: object hasOpenFor: function
[MenuBar] Dropdown registered, total dropdowns: 2
[MenuBar] Creating dropdown for: View
[MenuBar] Dropdown created, type: object hasOpenFor: function
[MenuBar] Dropdown registered, total dropdowns: 3
[MenuBar] Creating dropdown for: Help
[MenuBar] Dropdown created, type: object hasOpenFor: function
[MenuBar] Dropdown registered, total dropdowns: 4
[DoorSocket] Intercepting room:list
[DoorSocket] Intercepting room:join: { roomName: 'general' }
🚪 Room join request: 7ddd39a4-9a2b-485e-ba5a-8cfec20813dd general
ℹ️ User already in room, rejoining: sysop general
✅ User joined room: sysop general
📢 Broadcast room:user-joined: sysop to room: room:room_1766581377150_3l86i49zf
📤 [LiveChat DEBUG] Sending room:joined to sysop : {"roomId":"room_1766581377150_3l86i49zf","roomName":"general","memberCount":2,"members":[{"user_id":"a19c6efa-eea3-4999-bde4-3947594f56f4","username":"spot","is_moderator":0,"is_muted":0},{"user_id":"7ddd39a4-9a2b-485e-ba5a-8cfec20813dd","username":"sysop","is_moderator":0,"is_muted":0}]}
(node:26051) MaxListenersExceededWarning: Possible EventEmitter memory leak detected. 11 disconnect listeners added to [Socket]. MaxListeners is 10. Use emitter.setMaxListeners() to increase limit
[CORS] Request origin: http://localhost:3001
[CORS] Development mode - allowing all origins
[Program._handleData] JSON parsed: type=mouse-hover mouseEnabled=true
[Program._handleData] mouseEvent={"x":0,"y":0,"action":"mousemove","shift":false,"ctrl":false,"meta":false}
[MenuBar] Button hover: Chat index: 0
[MenuBar] openMenu called, index: 0 dropdowns: 4 buttons: 4
[MenuBar] Opening dropdown at index: 0
[MenuBar] Dropdown type: object
[MenuBar] Dropdown openFor type: function
[MenuBar] Button type: object
[DropdownMenu] openFor called
[DropdownMenu] anchor coords: { xi: 0, xl: 6, yi: 0, yl: 1, left: 0, top: 0, width: 6, height: 1 }
[DropdownMenu] Calculated position: { left: 0, top: 1 }
[DropdownMenu] openAt called: { left: 0, top: 1 }
[DropdownMenu] Screen size: { cols: 80, rows: 24 }
[DropdownMenu] Clamped position: { clampedLeft: 0, clampedTop: 1, width: 21, height: 5 }
[DropdownMenu] Calling show()
[DropdownMenu] Calling focus()
[DropdownMenu] hidden: false visible: true
[MenuBar] openFor call completed
[Program._handleData] Emitted mouse event
[Program._handleData] JSON parsed: type=mouse-hover mouseEnabled=true
[Program._handleData] mouseEvent={"x":3,"y":1,"action":"mousemove","shift":false,"ctrl":false,"meta":false}
[Program._handleData] Emitted mouse event
[Program._handleData] JSON parsed: type=mouse-hover mouseEnabled=true
[Program._handleData] mouseEvent={"x":7,"y":2,"action":"mousemove","shift":false,"ctrl":false,"meta":false}
[Program._handleData] Emitted mouse event
[Program._handleData] JSON parsed: type=mouse-hover mouseEnabled=true
[Program._handleData] mouseEvent={"x":12,"y":4,"action":"mousemove","shift":false,"ctrl":false,"meta":false}
[Program._handleData] Emitted mouse event
[Program._handleData] JSON parsed: type=mouse-hover mouseEnabled=true
[Program._handleData] mouseEvent={"x":16,"y":6,"action":"mousemove","shift":false,"ctrl":false,"meta":false}
[Program._handleData] Emitted mouse event
[Program._handleData] JSON parsed: type=mouse-hover mouseEnabled=true
[Program._handleData] mouseEvent={"x":21,"y":8,"action":"mousemove","shift":false,"ctrl":false,"meta":false}
[Program._handleData] Emitted mouse event
[Program._handleData] JSON parsed: type=mouse-hover mouseEnabled=true
[Program._handleData] mouseEvent={"x":26,"y":10,"action":"mousemove","shift":false,"ctrl":false,"meta":false}
[Program._handleData] Emitted mouse event
[Program._handleData] JSON parsed: type=mouse-hover mouseEnabled=true
[Program._handleData] mouseEvent={"x":28,"y":11,"action":"mousemove","shift":false,"ctrl":false,"meta":false}
[Program._handleData] Emitted mouse event
[Program._handleData] JSON parsed: type=mouse-hover mouseEnabled=true
[Program._handleData] mouseEvent={"x":32,"y":12,"action":"mousemove","shift":false,"ctrl":false,"meta":false}
[Program._handleData] Emitted mouse event
[Program._handleData] JSON parsed: type=mouse-hover mouseEnabled=true
[Program._handleData] mouseEvent={"x":34,"y":14,"action":"mousemove","shift":false,"ctrl":false,"meta":false}
[Program._handleData] Emitted mouse event
[Program._handleData] JSON parsed: type=mouse-hover mouseEnabled=true
[Program._handleData] mouseEvent={"x":36,"y":15,"action":"mousemove","shift":false,"ctrl":false,"meta":false}
[Program._handleData] Emitted mouse event
[Program._handleData] JSON parsed: type=mouse-hover mouseEnabled=true
[Program._handleData] mouseEvent={"x":37,"y":16,"action":"mousemove","shift":false,"ctrl":false,"meta":false}
[Program._handleData] Emitted mouse event
[Program._handleData] JSON parsed: type=mouse-hover mouseEnabled=true
[Program._handleData] mouseEvent={"x":37,"y":16,"action":"mousemove","shift":false,"ctrl":false,"meta":false}
[Program._handleData] Emitted mouse event
[Program._handleData] JSON parsed: type=mouse-hover mouseEnabled=true
[Program._handleData] mouseEvent={"x":37,"y":16,"action":"mousemove","shift":false,"ctrl":false,"meta":false}
[Program._handleData] Emitted mouse event
[Program._handleData] JSON parsed: type=mouse-hover mouseEnabled=true
[Program._handleData] mouseEvent={"x":36,"y":16,"action":"mousemove","shift":false,"ctrl":false,"meta":false}
[Program._handleData] Emitted mouse event
[Program._handleData] JSON parsed: type=mouse-hover mouseEnabled=true
[Program._handleData] mouseEvent={"x":36,"y":16,"action":"mousemove","shift":false,"ctrl":false,"meta":false}
[Program._handleData] Emitted mouse event
[Program._handleData] JSON parsed: type=mouse-hover mouseEnabled=true
[Program._handleData] mouseEvent={"x":36,"y":16,"action":"mousemove","shift":false,"ctrl":false,"meta":false}
[Program._handleData] Emitted mouse event
[Program._handleData] JSON parsed: type=mouse-hover mouseEnabled=true
[Program._handleData] mouseEvent={"x":36,"y":16,"action":"mousemove","shift":false,"ctrl":false,"meta":false}
[Program._handleData] Emitted mouse event
[Program._handleData] JSON parsed: type=mouse-hover mouseEnabled=true
[Program._handleData] mouseEvent={"x":38,"y":16,"action":"mousemove","shift":false,"ctrl":false,"meta":false}
[Program._handleData] Emitted mouse event
[Program._handleData] JSON parsed: type=mouse-hover mouseEnabled=true
[Program._handleData] mouseEvent={"x":39,"y":16,"action":"mousemove","shift":false,"ctrl":false,"meta":false}
[Program._handleData] Emitted mouse event
[Program._handleData] JSON parsed: type=mouse-hover mouseEnabled=true
[Program._handleData] mouseEvent={"x":41,"y":16,"action":"mousemove","shift":false,"ctrl":false,"meta":false}
[Program._handleData] Emitted mouse event
[Program._handleData] JSON parsed: type=mouse-hover mouseEnabled=true
[Program._handleData] mouseEvent={"x":42,"y":16,"action":"mousemove","shift":false,"ctrl":false,"meta":false}
[Program._handleData] Emitted mouse event
[Program._handleData] JSON parsed: type=mouse-hover mouseEnabled=true
[Program._handleData] mouseEvent={"x":43,"y":17,"action":"mousemove","shift":false,"ctrl":false,"meta":false}
[Program._handleData] Emitted mouse event
[Program._handleData] JSON parsed: type=mouse-hover mouseEnabled=true
[Program._handleData] mouseEvent={"x":44,"y":17,"action":"mousemove","shift":false,"ctrl":false,"meta":false}
[Program._handleData] Emitted mouse event
[Program._handleData] JSON parsed: type=mouse-hover mouseEnabled=true
[Program._handleData] mouseEvent={"x":45,"y":17,"action":"mousemove","shift":false,"ctrl":false,"meta":false}
[Program._handleData] Emitted mouse event
[Program._handleData] JSON parsed: type=mouse-hover mouseEnabled=true
[Program._handleData] mouseEvent={"x":46,"y":17,"action":"mousemove","shift":false,"ctrl":false,"meta":false}
[Program._handleData] Emitted mouse event
[Program._handleData] JSON parsed: type=mouse-hover mouseEnabled=true
[Program._handleData] mouseEvent={"x":47,"y":17,"action":"mousemove","shift":false,"ctrl":false,"meta":false}
[EDGE-DEBUG] mouse=(47,17) panel=(20,13)-(63,18) size=44x6 rel=(27,4) pos.width=44 pos.left=3
[Program._handleData] Emitted mouse event
[Program._handleData] JSON parsed: type=mouse-hover mouseEnabled=true
[Program._handleData] mouseEvent={"x":48,"y":17,"action":"mousemove","shift":false,"ctrl":false,"meta":false}
[EDGE-DEBUG] mouse=(48,17) panel=(20,13)-(63,18) size=44x6 rel=(28,4) pos.width=44 pos.left=3
[Program._handleData] Emitted mouse event
[Program._handleData] JSON parsed: type=mouse-hover mouseEnabled=true
[Program._handleData] mouseEvent={"x":51,"y":18,"action":"mousemove","shift":false,"ctrl":false,"meta":false}
[EDGE-DEBUG] mouse=(51,18) panel=(20,13)-(63,18) size=44x6 rel=(31,5) pos.width=44 pos.left=3
[Program._handleData] Emitted mouse event
[Program._handleData] JSON parsed: type=mouse-hover mouseEnabled=true
[Program._handleData] mouseEvent={"x":53,"y":18,"action":"mousemove","shift":false,"ctrl":false,"meta":false}
[EDGE-DEBUG] mouse=(53,18) panel=(20,13)-(63,18) size=44x6 rel=(33,5) pos.width=44 pos.left=3
[Program._handleData] Emitted mouse event
[Program._handleData] JSON parsed: type=mouse-hover mouseEnabled=true
[Program._handleData] mouseEvent={"x":58,"y":20,"action":"mousemove","shift":false,"ctrl":false,"meta":false}
[Program._handleData] Emitted mouse event
[Program._handleData] JSON parsed: type=mouse-hover mouseEnabled=true
[Program._handleData] mouseEvent={"x":65,"y":22,"action":"mousemove","shift":false,"ctrl":false,"meta":false}
[Program._handleData] Emitted mouse event
[Program._handleData] JSON parsed: type=mouse-hover mouseEnabled=true
[Program._handleData] mouseEvent={"x":70,"y":23,"action":"mousemove","shift":false,"ctrl":false,"meta":false}
[Program._handleData] Emitted mouse event
[BatchScheduler] Door dannounce timed out after 300s, killing process tree (pid 27172)
[BatchScheduler] Killed all processes matching: dannounce
[BatchScheduler] Door dannounce was killed due to timeout
[BatchScheduler] Amiga door runner exited with code null
[BatchScheduler] Runner output:
Configuration loaded from: amiexpress.conf
[ConfigManager] Initialized with dataDir: /Users/spot/Code/amiexpress-web
[ConfigManager] process.cwd(): /Users/spot/Code/amiexpress-web/Utils
[ConfigManager] BBS_DATA_DIR env: /Users/spot/Code/amiexpress-web
[CONFIG_DEBUG] dataDir=/Users/spot/Code/amiexpress-web
[CallersLogManager] Initialized
  BBS root: /Users/spot/Code/amiexpress-web
[UserFileManager] Initialized
  BBS root: /Users/spot/Code/amiexpress-web
  user.data: /Users/spot/Code/amiexpress-web/user.data
  user.keys: /Users/spot/Code/amiexpress-web/user.keys
  user.misc: /Users/spot/Code/amiexpress-web/user.misc
[dotenv@17.2.3] injecting env (0) from .env -- tip: ⚙️  specify custom .env file path with { path: '/custom/path/.env' }
[DoorLogger] Creating logger for door: dannounce node: 2
[DoorLogger] __dirname: /Users/spot/Code/amiexpress-web/web/backend/src/amiga-emulation, projectRoot: /Users/spot/Code/amiexpress-web, logs dir: /Users/spot/Code/amiexpress-web/logs
[SOCKET:door:status] { status: 'initializing' }
[MOIRA WASM] Memory page table updated
[MOIRA WASM]   Chip RAM pages: 0x00-0x1f
[MOIRA WASM]   Fast RAM pages: 0x20-0xf7
[MOIRA WASM]   ROM pages: 0xF8-0xFF
[MOIRA WASM] MoiraCPU initialized with vAmiga-style memory architecture!
[MOIRA WASM]   Chip RAM: 2048 KB (mask: 0x1fffff)
[MOIRA WASM]   ROM: 512 KB (mask: 0x7ffff)
[MoiraEmulator] moira.js loaded from /Users/spot/Code/amiexpress-web/web/backend/src/amiga-emulation/cpu/build/moira.js
[ROM] Loading Kickstart ROM from: /Users/spot/Code/amiexpress-web/web/backend/data/amiga-roms/Kickstart v3.1 rev 40.63 (1993)(Commodore)(A500-A600-A2000).rom
[ROM] Kickstart 3.1 loaded successfully
[ROM] Mapped to memory range: 0xF80000 - 0xFFFFFF
[ROM] ===== Kickstart ROM Info =====
[ROM] Size: 524288 bytes (512KB)
[ROM] Mapped: 0xf80000 - 0xffffff
[ROM] Initial SSP: 0x11164ef9
[ROM] Initial PC:  0x002000d2
[ROM] Exception Vectors:
[ROM]   Vector 0 (Initial SSP): 0x11164ef9
[ROM]   Vector 1 (Initial PC): 0x002000d2
[ROM]   Vector 2 (Bus Error): 0x0000ffff
[ROM]   Vector 3 (Address Error): 0x00280044
[ROM]   Vector 4 (Illegal Instruction): 0x0028000a
[ROM]   Vector 5 (Division by Zero): 0x000000-1
[ROM]   Vector 6 (CHK Instruction): 0x00414d49
[ROM]   Vector 7 (TRAPV Instruction): 0x47412052
[ROM] Version: 
[ROM] ================================
[MOIRA WASM] Memory page table updated
[MOIRA WASM]   Chip RAM pages: 0x00-0x1f
[MOIRA WASM]   Fast RAM pages: 0x20-0xf7
[MOIRA WASM]   ROM pages: 0xF8-0xFF
[MOIRA WASM] ROM loaded: 524288 bytes
[MOIRA WASM]   ROM buffer size: 524288 bytes
[MOIRA WASM]   ROM mask: 0x7ffff
[MOIRA WASM]   Exception vectors copied to chip RAM: 1024 bytes
[MoiraEmulator] ROM loaded (524288 bytes)
[MoiraEmulator] ROM mapped to 0xF80000-0xFFFFFF
[MoiraEmulator] Exception vectors copied to 0x000000
[MOIRA WASM] Memory page table updated
[MOIRA WASM]   Chip RAM pages: 0x00-0x1f
[MOIRA WASM]   Fast RAM pages: 0x20-0xf7
[MOIRA WASM]   ROM pages: 0xF8-0xFF
[MOIRA WASM] ROM loaded: 524288 bytes
[MOIRA WASM]   ROM buffer size: 524288 bytes
[MOIRA WASM]   ROM mask: 0x7ffff
[MOIRA WASM]   Exception vectors copied to chip RAM: 1024 bytes
[MoiraEmulator] ROM loaded (524288 bytes)
[MoiraEmulator] ROM mapped to 0xF80000-0xFFFFFF
[MoiraEmulator] Exception vectors copied to 0x000000
[LibraryLoader] Added search path: /Users/spot/Code/amiexpress-web/Utils/Libs
[LibraryLoader] Added search path: /Users/spot/Code/amiexpress-web/System/Libs
[LibraryLoader] Added search path: /Users/spot/Code/amiexpress-web/Libs
[LibraryManager] romtool split failed: 2026-01-21 22:48:28,553  ERROR       root        '/Users/spot/Code/amiexpress-web/web/backend/data/amiga-roms/Kickstart v3.1 rev 40.63 (1993)(Commodore)(A500-A600-A2000).rom' was not found in split database!

[LibraryLoader] Loading AEDoor.library (version >= 0)
[LibraryLoader] Found library: /Users/spot/Code/amiexpress-web/Libs/AEDoor.library
[LibraryLoader] Read 1128 bytes from /Users/spot/Code/amiexpress-web/Libs/AEDoor.library
[LibraryLoader] Parsed 1 segments
[LibraryLoader] Allocated base address: 0x200000
[LibraryLoader] Loading code segment (1036 bytes) at 0x200000
[LibraryLoader] Applying 1 relocation groups
[LibraryLoader] Stored ExecBase (0x80000) at library+0x22
[LibraryLoader] Parsed $VER: AEDoorLib 2.7 (18.5.1996)
✅ [LibraryLoader] Successfully loaded AEDoor.library at 0x200000
   Jump table entries: 0
[PathManager] Initialized assigns:
  doors: => /Users/spot/Code/amiexpress-web/Doors/
  bbs: => /Users/spot/Code/amiexpress-web/
  data: => /Users/spot/Code/amiexpress-web/data/
  screens: => /Users/spot/Code/amiexpress-web/Screens/
  bulletins: => /Users/spot/Code/amiexpress-web/Bulletins/
  s: => /Users/spot/Code/amiexpress-web/S/
  work: => /Users/spot/Code/amiexpress-web/
  sami: => /Users/spot/Code/amiexpress-web/S/
  env: => /tmp/ram/ENV/
  progdir: => /Users/spot/Code/amiexpress-web/
  sys: => /Users/spot/Code/amiexpress-web/System/
  c: => /Users/spot/Code/amiexpress-web/System/C/
  l: => /Users/spot/Code/amiexpress-web/System/L/
  libs: => /Users/spot/Code/amiexpress-web/System/Libs/
  devs: => /Users/spot/Code/amiexpress-web/System/Devs/
  fonts: => /Users/spot/Code/amiexpress-web/System/Fonts/
  locale: => /Users/spot/Code/amiexpress-web/System/Locale/
  prefs: => /Users/spot/Code/amiexpress-web/System/Prefs/
  classes: => /Users/spot/Code/amiexpress-web/System/Classes/
  ram: => /tmp/ram/
  t: => /tmp/
[PathManager] Added assign: bbs: => /Users/spot/Code/amiexpress-web
[PathManager] Added assign: bbs: => /Users/spot/Code/amiexpress-web
[PathManager] Added assign: doors: => /Users/spot/Code/amiexpress-web/Doors
[PathManager] Added assign: doors: => /Users/spot/Code/amiexpress-web/Doors
[PathManager] Added assign: node2: => /Users/spot/Code/amiexpress-web/Node2
[PathManager] Added assign: node2: => /Users/spot/Code/amiexpress-web/Node2
[PathManager] PROGDIR: assigned to /Users/spot/Code/amiexpress-web/utils/
[icon.library] PROGDIR: device set to /Users/spot/Code/amiexpress-web/utils
[icon.library] Door command set to: D
[XIMProtocol] New XIM state created with usedXimInput=false doorPort=0x100000
[DoorLogger] Creating logger for door: D node: 2
[DoorLogger] __dirname: /Users/spot/Code/amiexpress-web/web/backend/src/amiga-emulation, projectRoot: /Users/spot/Code/amiexpress-web, logs dir: /Users/spot/Code/amiexpress-web/logs
[EnvironmentManager] Initialized LocalVars list at 0x120000
[EnvironmentManager] Populating standard environment variables
[EnvironmentManager] SetVar("PATH", "Work:,S:,C:,Doors:", flags=0)
[EnvironmentManager] Created LocalVar at 0x130000
[EnvironmentManager] SetVar("PROMPT", "%N.%S>", flags=0)
[EnvironmentManager] Created LocalVar at 0x130030
[EnvironmentManager] SetVar("RETURN", "0", flags=0)
[EnvironmentManager] Created LocalVar at 0x130056
[EnvironmentManager] SetVar("RC", "0", flags=0)
[EnvironmentManager] Created LocalVar at 0x130077
[EnvironmentManager] SetVar("Result2", "0", flags=0)
[EnvironmentManager] Created LocalVar at 0x130094
[EnvironmentManager] SetVar("DEVINFO", "CON:,NIL:,SER:", flags=0)
[EnvironmentManager] Created LocalVar at 0x1300b6
[EnvironmentManager] SetVar("BBS_ROOT", "/Users/spot/Code/amiexpress-web", flags=0)
[EnvironmentManager] Created LocalVar at 0x1300e5
[EnvironmentManager] SetVar("NODE_ID", "2", flags=0)
[EnvironmentManager] Created LocalVar at 0x130126
[EnvironmentManager] SetVar("CONF_ID", "1", flags=0)
[EnvironmentManager] Created LocalVar at 0x130148
[EnvironmentManager] SetVar("USER_NAME", "Sysop", flags=0)
[EnvironmentManager] Created LocalVar at 0x13016a
[EnvironmentManager] SetVar("USER_LEVEL", "1", flags=0)
[EnvironmentManager] Created LocalVar at 0x130192
[EnvironmentManager] Populated 11 standard variables
[ENV Initializer] Creating ENV files for node 2
[ENV Initializer] Created ENV:PATH = "Work:,S:,C:,Doors:"
[ENV Initializer] Created ENV:PROMPT = "%N.%S>"
[ENV Initializer] Created ENV:RC = "0"
[ENV Initializer] Created ENV:Result2 = "0"
[ENV Initializer] Created ENV:Kickstart = "39.106"
[ENV Initializer] Created ENV:Workbench = "39.29"
[ENV Initializer] Created ENV:BBS_NAME = "AmiExpress Web BBS"
[ENV Initializer] Created ENV:SYSOP_NAME = "Sysop"
[ENV Initializer] Created ENV:NODE_NUMBER = "2"
[ENV Initializer] Created ENV:JC_PWFAIL.1 = "0"
[ENV Initializer] Created ENV:JC_PWFAIL.2 = "0"
[ENV Initializer] Created ENV:JC_PWFAIL.3 = "0"
[ENV Initializer] Created ENV:JC_PWFAIL.4 = "0"
[ENV Initializer] Created ENV:JC_PWFAIL.5 = "0"
[ENV Initializer] Created ENV:JC_PWFAIL.6 = "0"
[ENV Initializer] Created ENV:JC_PWFAIL.7 = "0"
[ENV Initializer] Created ENV:JC_PWFAIL.8 = "0"
[ENV Initializer] Created ENV:STATS@1 = "                                   -22"
[ENV Initializer] Created ENV:STATS@2 = "                                   -22"
[ENV Initializer] Created ENV:STATS@3 = "                                   -22"
[ENV Initializer] Created ENV:STATS@4 = "                                   -22"
[ENV Initializer] Created ENV:STATS@5 = "                                   -22"
[ENV Initializer] Created ENV:STATS@6 = "                                   -22"
[ENV Initializer] Created ENV:STATS@7 = "                                   -22"
[ENV Initializer] Created ENV:STATS@8 = "                                   -22"
[ENV Initializer] Created ENV:LAST_DOOR = ""
[ENV Initializer] Created ENV:DOOR_COUNT = "0"
[ENV Initializer] Created ENV files in /tmp/ram/ENV
[FileManager] Initialized standard handles:
  BPTR 1 (stdin):  [FH:'stdin'(ami='CONSOLE:',sys='/dev/stdin',nc=false)@0x0=B@0x1]
  BPTR 2 (stdout): [FH:'stdout'(ami='*',sys='/dev/stdout',nc=false)@0x0=B@0x2]
[PathManager] Mapped assign root: "doors:" => "/Users/spot/Code/amiexpress-web/Doors/"
[FileManager] stdin re-registered: BPTR 0x1 -> 0x50000
[FileManager] stdin BPTR set to 0x50000 (addr 0x140000)
[FileManager] stdout re-registered: BPTR 0x2 -> 0x5000b
[FileManager] stdout BPTR set to 0x5000b (addr 0x14002c)
[PathManager] PROGDIR: assigned to /Users/spot/Code/amiexpress-web/utils/
[PathManager] Mapped assign root: "progdir:" => "/Users/spot/Code/amiexpress-web/utils/"
[FileManager] Changed directory to: progdir: (/Users/spot/Code/amiexpress-web/utils/)
[MoiraEmulator] Library trap handler registered
[LibraryTraps] Installing Exec.library vectors at base 0x80000
  [OpenLibrary] Vector at 0x7fdd8 (offset -552)
  [CloseLibrary] Vector at 0x7fe62 (offset -414)
  [RawDoFmt] Vector at 0x7fdf6 (offset -522)
  [InitStruct] Vector at 0x7ffb2 (offset -78)
  [MakeLibrary] Vector at 0x7ffac (offset -84)
  [MakeFunctions] Vector at 0x7ffa6 (offset -90)
  [FindResident] Vector at 0x7ffa0 (offset -96)
  [InitResident] Vector at 0x7ff9a (offset -102)
  [Alert] Vector at 0x7ff94 (offset -108)
  [Forbid] Vector at 0x7ff7c (offset -132)
  [Permit] Vector at 0x7ff76 (offset -138)
  [AllocMem] Vector at 0x7ff3a (offset -198)
  [FreeMem] Vector at 0x7ff2e (offset -210)
  [FindTask] Vector at 0x7feda (offset -294)
  [SetTaskPri] Vector at 0x7fed4 (offset -300)
  [SetSignal] Vector at 0x7fece (offset -306)
  [FindPort] Vector at 0x7fe7a (offset -390)
  [PutMsg] Vector at 0x7fe92 (offset -366)
  [GetMsg] Vector at 0x7fe8c (offset -372)
  [Wait] Vector at 0x7fec2 (offset -318)
  [Signal] Vector at 0x7febc (offset -324)
  [Supervisor] Vector at 0x7ffe2 (offset -30)
  [AllocSignal] Vector at 0x7feb6 (offset -330)
  [AddPort] Vector at 0x7fe9e (offset -354)
  [ReplyMsg] Vector at 0x7fe86 (offset -378)
  [WaitPort] Vector at 0x7fe80 (offset -384)
  [CreatePort] Vector at 0x7ff8e (offset -114)
  [CreateMsgPort] Vector at 0x7fd66 (offset -666)
  [DeleteMsgPort] Vector at 0x7fd60 (offset -672)
  [AllocVec] Vector at 0x7fd54 (offset -684)
  [FreeVec] Vector at 0x7fd4e (offset -690)
  [CreatePool] Vector at 0x7fd48 (offset -696)
  [DeletePool] Vector at 0x7fd42 (offset -702)
  [AllocPooled] Vector at 0x7fd3c (offset -708)
  [FreePooled] Vector at 0x7fd36 (offset -714)
  [StackSwap] Vector at 0x7fd24 (offset -732)
[LibraryTraps] Installed 36 Exec.library vectors
[LibraryTraps] LVOs.i not found; stub vectors disabled
[LibraryLoader] Loading utility.library (version >= 37)
[LibraryLoader] ✅ utility.library is ROM-resident (using Kickstart ROM)
[LibraryLoader]   ROM libraries are native code in ROM, not loaded from disk
[LibraryTraps] Installing utility.library vectors at base 0xf0000
  [FindTagItem] Vector at 0xeffe2 (offset -30)
  [GetTagData] Vector at 0xeffdc (offset -36)
  [PackBoolTags] Vector at 0xeffd6 (offset -42)
  [NextTagItem] Vector at 0xeffd0 (offset -48)
  [FilterTagChanges] Vector at 0xeffca (offset -54)
  [Utility_-58_Stub] Vector at 0xeffc6 (offset -58)
  [MapTags] Vector at 0xeffc4 (offset -60)
  [AllocateTagItems] Vector at 0xeffbe (offset -66)
  [CloneTagItems] Vector at 0xeffb8 (offset -72)
  [FreeTagItems] Vector at 0xeffb2 (offset -78)
  [RefreshTagItemClones] Vector at 0xeffac (offset -84)
  [TagInArray] Vector at 0xeffa6 (offset -90)
  [FilterTagItems] Vector at 0xeffa0 (offset -96)
  [CallHookPkt] Vector at 0xeff9a (offset -102)
  [Amiga2Date] Vector at 0xeff88 (offset -120)
  [Date2Amiga] Vector at 0xeff82 (offset -126)
  [CheckDate] Vector at 0xeff7c (offset -132)
  [SMult32] Vector at 0xeff76 (offset -138)
  [UMult32] Vector at 0xeff70 (offset -144)
  [SDivMod32] Vector at 0xeff6a (offset -150)
  [UDivMod32] Vector at 0xeff64 (offset -156)
  [Stricmp] Vector at 0xeff5e (offset -162)
  [Strnicmp] Vector at 0xeff58 (offset -168)
  [ToUpper] Vector at 0xeff52 (offset -174)
  [ToLower] Vector at 0xeff4c (offset -180)
  [ApplyTagChanges] Vector at 0xeff46 (offset -186)
  [SMult64] Vector at 0xeff3a (offset -198)
  [UMult64] Vector at 0xeff34 (offset -204)
  [PackStructureTags] Vector at 0xeff2e (offset -210)
  [UnpackStructureTags] Vector at 0xeff28 (offset -216)
  [AddNamedObject] Vector at 0xeff22 (offset -222)
  [AllocNamedObjectA] Vector at 0xeff1c (offset -228)
  [AttemptRemNamedObject] Vector at 0xeff16 (offset -234)
  [FindNamedObject] Vector at 0xeff10 (offset -240)
  [FreeNamedObject] Vector at 0xeff0a (offset -246)
  [NamedObjectName] Vector at 0xeff04 (offset -252)
  [ReleaseNamedObject] Vector at 0xefefe (offset -258)
  [RemNamedObject] Vector at 0xefef8 (offset -264)
  [GetUniqueID] Vector at 0xefef2 (offset -270)
[LibraryTraps] Installed 39 utility.library vectors
[LibraryLoader] Loading icon.library (version >= 36)
[LibraryLoader] ✅ icon.library is ROM-resident (using Kickstart ROM)
[LibraryLoader]   ROM libraries are native code in ROM, not loaded from disk
[LibraryTraps] Installing icon.library vectors at base 0xd0000
  [GetDiskObject] Vector at 0xcffe2 (offset -30) [VERIFIED: 0x4afc]
  [PutDiskObject] Vector at 0xcffdc (offset -36) [VERIFIED: 0x4afc]
  [FreeDiskObject] Vector at 0xcffd6 (offset -42) [VERIFIED: 0x4afc]
  [FindToolType] Vector at 0xcffd0 (offset -48) [VERIFIED: 0x4afc]
  [MatchToolValue] Vector at 0xcffca (offset -54) [VERIFIED: 0x4afc]
[LibraryTraps] *** icon.library GetDiskObject at 0xcffe2 contains: 0x4afc (should be 0x4AFC) ***
[LibraryTraps] *** icon.library FULLY OPERATIONAL - ALL traps installed and ready ***
[LibraryTraps] Installed 5 icon.library vectors
[LibraryLoader] Loading dos.library (version >= 37)
[LibraryLoader] ✅ dos.library is ROM-resident (using Kickstart ROM)
[LibraryLoader]   ROM libraries are native code in ROM, not loaded from disk
[LibraryTraps] Installing dos.library vectors at base 0xb0000
  [Open] Vector at 0xaffe2 (offset -30)
  [Close] Vector at 0xaffdc (offset -36)
  [Read] Vector at 0xaffd6 (offset -42)
  [Write] Vector at 0xaffd0 (offset -48)
  [Input] Vector at 0xaffca (offset -54)
  [Output] Vector at 0xaffc4 (offset -60)
  [Seek] Vector at 0xaffbe (offset -66)
  [FGetC] Vector at 0xafece (offset -306)
  [FPutC] Vector at 0xafec8 (offset -312)
  [UnGetC] Vector at 0xafec2 (offset -318)
  [FRead] Vector at 0xafebc (offset -324)
  [FWrite] Vector at 0xafeb6 (offset -330)
  [FGets] Vector at 0xafeb0 (offset -336)
  [FPuts] Vector at 0xafeaa (offset -342)
  [Flush] Vector at 0xafe98 (offset -360)
  [Lock] Vector at 0xaffac (offset -84)
  [UnLock] Vector at 0xaffa6 (offset -90)
  [DupLock] Vector at 0xaffa0 (offset -96)
  [Examine] Vector at 0xaff9a (offset -102)
  [ExNext] Vector at 0xaff94 (offset -108)
  [CreateDir] Vector at 0xaff88 (offset -120)
  [CurrentDir] Vector at 0xaff82 (offset -126)
  [IoErr] Vector at 0xaff7c (offset -132)
  [DateStamp] Vector at 0xaff40 (offset -192)
  [Delay] Vector at 0xaff3a (offset -198)
  [WaitForChar] Vector at 0xaff34 (offset -204)
  [Exit] Vector at 0xaff70 (offset -144)
  [NameFromLock] Vector at 0xafe6e (offset -402)
  [ReadArgs] Vector at 0xafce2 (offset -798)
  [FreeArgs] Vector at 0xafca6 (offset -858)
  [DosStub_-298] Vector at 0xafed6 (offset -298)
  [DateToStr] Vector at 0xafd18 (offset -744)
  [StrToDate] Vector at 0xafd12 (offset -750)
  [SelectInput] Vector at 0xaff28 (offset -216)
  [SelectOutput] Vector at 0xaff22 (offset -222)
  [AllocDosObject] Vector at 0xaff1c (offset -228)
  [FreeDosObject] Vector at 0xaff16 (offset -234)
  [OpenFromLock] Vector at 0xafe86 (offset -378)
  [DeleteFile] Vector at 0xaffb8 (offset -72)
  [Rename] Vector at 0xaffb2 (offset -78)
  [Info] Vector at 0xaff8e (offset -114)
  [SetComment] Vector at 0xaff58 (offset -168)
  [SetProtection] Vector at 0xaff52 (offset -174)
  [AddPart] Vector at 0xafed4 (offset -300)
  [FilePart] Vector at 0xafee0 (offset -288)
  [PathPart] Vector at 0xafeda (offset -294)
  [CreateProc] Vector at 0xaff76 (offset -138)
  [LoadSeg] Vector at 0xaff6a (offset -150)
  [UnLoadSeg] Vector at 0xaff64 (offset -156)
  [DeviceProc] Vector at 0xaff5e (offset -162)
  [WaitForChar_180] Vector at 0xaff4c (offset -180)
  [VPrintf] Vector at 0xafef8 (offset -264)
  [Fault] Vector at 0xafe7a (offset -390)
  [PrintFault] Vector at 0xafe74 (offset -396)
  [Cli] Vector at 0xafe14 (offset -492)
  [FGetC_516] Vector at 0xafdfc (offset -516)
  [FPutC_522] Vector at 0xafdf6 (offset -522)
  [FRead_534] Vector at 0xafdea (offset -534)
  [FWrite_540] Vector at 0xafde4 (offset -540)
  [FGets_546] Vector at 0xafdde (offset -546)
  [FPuts_552] Vector at 0xafdd8 (offset -552)
  [VFPrintf] Vector at 0xafdcc (offset -564)
  [ReadArgs_804] Vector at 0xafcdc (offset -804)
  [FreeArgs_810] Vector at 0xafcd6 (offset -810)
[LibraryTraps] Installed 64 dos.library vectors
[LibraryTraps] Installing dos.library vectors at base 0xb0000
  [Open] Vector at 0xaffe2 (offset -30)
  [Close] Vector at 0xaffdc (offset -36)
  [Read] Vector at 0xaffd6 (offset -42)
  [Write] Vector at 0xaffd0 (offset -48)
  [Input] Vector at 0xaffca (offset -54)
  [Output] Vector at 0xaffc4 (offset -60)
  [Seek] Vector at 0xaffbe (offset -66)
  [FGetC] Vector at 0xafece (offset -306)
  [FPutC] Vector at 0xafec8 (offset -312)
  [UnGetC] Vector at 0xafec2 (offset -318)
  [FRead] Vector at 0xafebc (offset -324)
  [FWrite] Vector at 0xafeb6 (offset -330)
  [FGets] Vector at 0xafeb0 (offset -336)
  [FPuts] Vector at 0xafeaa (offset -342)
  [Flush] Vector at 0xafe98 (offset -360)
  [Lock] Vector at 0xaffac (offset -84)
  [UnLock] Vector at 0xaffa6 (offset -90)
  [DupLock] Vector at 0xaffa0 (offset -96)
  [Examine] Vector at 0xaff9a (offset -102)
  [ExNext] Vector at 0xaff94 (offset -108)
  [CreateDir] Vector at 0xaff88 (offset -120)
  [CurrentDir] Vector at 0xaff82 (offset -126)
  [IoErr] Vector at 0xaff7c (offset -132)
  [DateStamp] Vector at 0xaff40 (offset -192)
  [Delay] Vector at 0xaff3a (offset -198)
  [WaitForChar] Vector at 0xaff34 (offset -204)
  [Exit] Vector at 0xaff70 (offset -144)
  [NameFromLock] Vector at 0xafe6e (offset -402)
  [ReadArgs] Vector at 0xafce2 (offset -798)
  [FreeArgs] Vector at 0xafca6 (offset -858)
  [DosStub_-298] Vector at 0xafed6 (offset -298)
  [DateToStr] Vector at 0xafd18 (offset -744)
  [StrToDate] Vector at 0xafd12 (offset -750)
  [SelectInput] Vector at 0xaff28 (offset -216)
  [SelectOutput] Vector at 0xaff22 (offset -222)
  [AllocDosObject] Vector at 0xaff1c (offset -228)
  [FreeDosObject] Vector at 0xaff16 (offset -234)
  [OpenFromLock] Vector at 0xafe86 (offset -378)
  [DeleteFile] Vector at 0xaffb8 (offset -72)
  [Rename] Vector at 0xaffb2 (offset -78)
  [Info] Vector at 0xaff8e (offset -114)
  [SetComment] Vector at 0xaff58 (offset -168)
  [SetProtection] Vector at 0xaff52 (offset -174)
  [AddPart] Vector at 0xafed4 (offset -300)
  [FilePart] Vector at 0xafee0 (offset -288)
  [PathPart] Vector at 0xafeda (offset -294)
  [CreateProc] Vector at 0xaff76 (offset -138)
  [LoadSeg] Vector at 0xaff6a (offset -150)
  [UnLoadSeg] Vector at 0xaff64 (offset -156)
  [DeviceProc] Vector at 0xaff5e (offset -162)
  [WaitForChar_180] Vector at 0xaff4c (offset -180)
  [VPrintf] Vector at 0xafef8 (offset -264)
  [Fault] Vector at 0xafe7a (offset -390)
  [PrintFault] Vector at 0xafe74 (offset -396)
  [Cli] Vector at 0xafe14 (offset -492)
  [FGetC_516] Vector at 0xafdfc (offset -516)
  [FPutC_522] Vector at 0xafdf6 (offset -522)
  [FRead_534] Vector at 0xafdea (offset -534)
  [FWrite_540] Vector at 0xafde4 (offset -540)
  [FGets_546] Vector at 0xafdde (offset -546)
  [FPuts_552] Vector at 0xafdd8 (offset -552)
  [VFPrintf] Vector at 0xafdcc (offset -564)
  [ReadArgs_804] Vector at 0xafcdc (offset -804)
  [FreeArgs_810] Vector at 0xafcd6 (offset -810)
[LibraryTraps] Installed 64 dos.library vectors
[LibraryTraps] ============================================
[LibraryTraps] AEDoor.library vectors: TRAP MODE (TypeScript handlers)
[LibraryTraps] Base address: 0x200000
[LibraryTraps] Installing 20 trap handlers...
[LibraryTraps] ============================================
  [CreateComm] Vector at 0x1fffe2 (offset -30)
  [DeleteComm] Vector at 0x1fffdc (offset -36)
  [SendCmd] Vector at 0x1fffd6 (offset -42)
  [SendStrCmd] Vector at 0x1fffd0 (offset -48)
  [SendDataCmd] Vector at 0x1fffca (offset -54)
  [SendStrDataCmd] Vector at 0x1fffc4 (offset -60)
  [GetData] Vector at 0x1fffbe (offset -66)
  [GetString] Vector at 0x1fffb8 (offset -72)
  [Prompt] Vector at 0x1fffb2 (offset -78)
  [WriteStr] Vector at 0x1fffac (offset -84)
  [ShowGFile] Vector at 0x1fffa6 (offset -90)
  [ShowFile] Vector at 0x1fffa0 (offset -96)
  [SetDT] Vector at 0x1fff9a (offset -102)
  [GetDT] Vector at 0x1fff94 (offset -108)
  [GetStr] Vector at 0x1fff8e (offset -114)
  [CopyStr] Vector at 0x1fff88 (offset -120)
  [HotKey] Vector at 0x1fff82 (offset -126)
  [PreCreateComm] Vector at 0x1fff7c (offset -132)
  [PostDeleteComm] Vector at 0x1fff76 (offset -138)
  [Stub_-24] Vector at 0x1fffe8 (offset -24)
[LibraryTraps] Installed 20 AEDoor.library vectors
[LibraryTraps] ============================================
[LibraryTraps] AEDoor.library vectors: TRAP MODE (TypeScript handlers)
[LibraryTraps] Base address: 0x200000
[LibraryTraps] Installing 20 trap handlers...
[LibraryTraps] ============================================
  [CreateComm] Vector at 0x1fffe2 (offset -30)
  [DeleteComm] Vector at 0x1fffdc (offset -36)
  [SendCmd] Vector at 0x1fffd6 (offset -42)
  [SendStrCmd] Vector at 0x1fffd0 (offset -48)
  [SendDataCmd] Vector at 0x1fffca (offset -54)
  [SendStrDataCmd] Vector at 0x1fffc4 (offset -60)
  [GetData] Vector at 0x1fffbe (offset -66)
  [GetString] Vector at 0x1fffb8 (offset -72)
  [Prompt] Vector at 0x1fffb2 (offset -78)
  [WriteStr] Vector at 0x1fffac (offset -84)
  [ShowGFile] Vector at 0x1fffa6 (offset -90)
  [ShowFile] Vector at 0x1fffa0 (offset -96)
  [SetDT] Vector at 0x1fff9a (offset -102)
  [GetDT] Vector at 0x1fff94 (offset -108)
  [GetStr] Vector at 0x1fff8e (offset -114)
  [CopyStr] Vector at 0x1fff88 (offset -120)
  [HotKey] Vector at 0x1fff82 (offset -126)
  [PreCreateComm] Vector at 0x1fff7c (offset -132)
  [PostDeleteComm] Vector at 0x1fff76 (offset -138)
  [Stub_-24] Vector at 0x1fffe8 (offset -24)
[LibraryTraps] Installed 20 AEDoor.library vectors
[DoorLoader] Writing random seed 0x-7cf85764 to 0x400
[DoorLoader] Read back: 0x8307a89c
[Self-Mod Code] Registered CODE region: 0x2008-0x389f (6296 bytes)
[HunkLoader] Applying 2 relocations to 1 segments
[HunkLoader] Segment 0 (CODE) at 0x2008: 2 relocations
  [0] offset=0x10c addr=0x2114 before=0x152a after=0x3532 target=seg0(0x2008)
  [1] offset=0x106 addr=0x210e before=0x27e after=0x2286 target=seg0(0x2008)
[SharedBBSData] Allocated shared BBS memory:
  cmds:       0xf00300 (1976 bytes)
  sopt:       0xf00ab8 (888 bytes)
  nodeState:  0xf00e30 (32 bytes)
[CommandsStructure] Writing commands at 0xf00300
[CommandsStructure] Wrote BBS config: "AmiExpress Web BBS"
[StartOptionStructure] Writing startOption at 0xf00ab8
[StartOptionStructure] Wrote node settings
[NodeStateGlobals] Wrote node state at 0xf00e30
  currentConf: 0
  node: 2
  timeLimit: 3600
[READ8] addr=0x0f0081 page=0x0f memSrc=1
[READ8] CHIP: addr=0x0f0081 offset=0x0f0081 value=0x00 ( )
[READ8] addr=0x0f0082 page=0x0f memSrc=1
[READ8] CHIP: addr=0x0f0082 offset=0x0f0082 value=0x00 ( )
[READ8] addr=0x0f0083 page=0x0f memSrc=1
[READ8] CHIP: addr=0x0f0083 offset=0x0f0083 value=0x00 ( )
[READ8] addr=0x0f0084 page=0x0f memSrc=1
[READ8] CHIP: addr=0x0f0084 offset=0x0f0084 value=0x00 ( )
[MEMORY-READ] readMemory32(0xf0081) = 0x00000000
[MOIRA] Overclocking set to 100x
[MoiraEmulator] Overclocking set to 100x
[SOCKET:door:status] { status: 'running' }
[BBSConfig] Loaded configuration from bbsConfig.info
[BBSConfig] Loaded configuration overrides from bbsConfig.info.txt
[DoorDropFile] Initialized
  BBS root: /Users/spot/Code/amiexpress-web
  BBS name: Uptown (from bbsConfig.info)
  Sysop: Spot (from bbsConfig.info)
[NodeStatusManager] Initializing multiPort semaphore structure...
[NodeStatusManager] Node 0 singlePort at 0xb1000: (inactive)
[NodeStatusManager] Node 1 singlePort at 0xb1200: (inactive)
[NodeStatusManager] Node 2 singlePort at 0xb1400: (inactive)
[NodeStatusManager] Node 3 singlePort at 0xb1600: (inactive)
[NodeStatusManager] Node 4 singlePort at 0xb1800: (inactive)
[NodeStatusManager] Node 5 singlePort at 0xb1a00: (inactive)
[NodeStatusManager] Node 6 singlePort at 0xb1c00: (inactive)
[NodeStatusManager] Node 7 singlePort at 0xb1e00: (inactive)
[NodeStatusManager] Node 8 singlePort at 0xb2000: (inactive)
[NodeStatusManager] Node 9 singlePort at 0xb2200: (inactive)
[NodeStatusManager] Node 10 singlePort at 0xb2400: (inactive)
[NodeStatusManager] Node 11 singlePort at 0xb2600: (inactive)
[NodeStatusManager] Node 12 singlePort at 0xb2800: (inactive)
[NodeStatusManager] Node 13 singlePort at 0xb2a00: (inactive)
[NodeStatusManager] Node 14 singlePort at 0xb2c00: (inactive)
[NodeStatusManager] Node 15 singlePort at 0xb2e00: (inactive)
[NodeStatusManager] Node 16 singlePort at 0xb3000: (inactive)
[NodeStatusManager] Node 17 singlePort at 0xb3200: (inactive)
[NodeStatusManager] Node 18 singlePort at 0xb3400: (inactive)
[NodeStatusManager] Node 19 singlePort at 0xb3600: (inactive)
[NodeStatusManager] Node 20 singlePort at 0xb3800: (inactive)
[NodeStatusManager] Node 21 singlePort at 0xb3a00: (inactive)
[NodeStatusManager] Node 22 singlePort at 0xb3c00: (inactive)
[NodeStatusManager] Node 23 singlePort at 0xb3e00: (inactive)
[NodeStatusManager] Node 24 singlePort at 0xb4000: (inactive)
[NodeStatusManager] Node 25 singlePort at 0xb4200: (inactive)
[NodeStatusManager] Node 26 singlePort at 0xb4400: (inactive)
[NodeStatusManager] Node 27 singlePort at 0xb4600: (inactive)
[NodeStatusManager] Node 28 singlePort at 0xb4800: (inactive)
[NodeStatusManager] Node 29 singlePort at 0xb4a00: (inactive)
[NodeStatusManager] Node 30 singlePort at 0xb4c00: (inactive)
[NodeStatusManager] Node 31 singlePort at 0xb4e00: (inactive)
[NodeStatusManager] Node 32 singlePort at 0xb5000: (inactive)
[NodeStatusManager] Node 33 singlePort at 0xb5200: (inactive)
[NodeStatusManager] Node 34 singlePort at 0xb5400: (inactive)
[NodeStatusManager] Node 35 singlePort at 0xb5600: (inactive)
[NodeStatusManager] Node 36 singlePort at 0xb5800: (inactive)
[NodeStatusManager] Node 37 singlePort at 0xb5a00: (inactive)
[NodeStatusManager] Node 38 singlePort at 0xb5c00: (inactive)
[NodeStatusManager] Node 39 singlePort at 0xb5e00: (inactive)
[NodeStatusManager] Node 40 singlePort at 0xb6000: (inactive)
[NodeStatusManager] Node 41 singlePort at 0xb6200: (inactive)
[NodeStatusManager] Node 42 singlePort at 0xb6400: (inactive)
[NodeStatusManager] Node 43 singlePort at 0xb6600: (inactive)
[NodeStatusManager] Node 44 singlePort at 0xb6800: (inactive)
[NodeStatusManager] Node 45 singlePort at 0xb6a00: (inactive)
[NodeStatusManager] Node 46 singlePort at 0xb6c00: (inactive)
[NodeStatusManager] Node 47 singlePort at 0xb6e00: (inactive)
[NodeStatusManager] Node 48 singlePort at 0xb7000: (inactive)
[NodeStatusManager] Node 49 singlePort at 0xb7200: (inactive)
[NodeStatusManager] Node 50 singlePort at 0xb7400: (inactive)
[NodeStatusManager] Node 51 singlePort at 0xb7600: (inactive)
[NodeStatusManager] Node 52 singlePort at 0xb7800: (inactive)
[NodeStatusManager] Node 53 singlePort at 0xb7a00: (inactive)
[NodeStatusManager] Node 54 singlePort at 0xb7c00: (inactive)
[NodeStatusManager] Node 55 singlePort at 0xb7e00: (inactive)
[NodeStatusManager] Node 56 singlePort at 0xb8000: (inactive)
[NodeStatusManager] Node 57 singlePort at 0xb8200: (inactive)
[NodeStatusManager] Node 58 singlePort at 0xb8400: (inactive)
[NodeStatusManager] Node 59 singlePort at 0xb8600: (inactive)
[NodeStatusManager] Node 60 singlePort at 0xb8800: (inactive)
[NodeStatusManager] Node 61 singlePort at 0xb8a00: (inactive)
[NodeStatusManager] Node 62 singlePort at 0xb8c00: (inactive)
[NodeStatusManager] Node 63 singlePort at 0xb8e00: (inactive)
[NodeStatusManager] Node 64 singlePort at 0xb9000: (inactive)
[NodeStatusManager] Node 65 singlePort at 0xb9200: (inactive)
[NodeStatusManager] Node 66 singlePort at 0xb9400: (inactive)
[NodeStatusManager] Node 67 singlePort at 0xb9600: (inactive)
[NodeStatusManager] Node 68 singlePort at 0xb9800: (inactive)
[NodeStatusManager] Node 69 singlePort at 0xb9a00: (inactive)
[NodeStatusManager] Node 70 singlePort at 0xb9c00: (inactive)
[NodeStatusManager] Node 71 singlePort at 0xb9e00: (inactive)
[NodeStatusManager] Node 72 singlePort at 0xba000: (inactive)
[NodeStatusManager] Node 73 singlePort at 0xba200: (inactive)
[NodeStatusManager] Node 74 singlePort at 0xba400: (inactive)
[NodeStatusManager] Node 75 singlePort at 0xba600: (inactive)
[NodeStatusManager] Node 76 singlePort at 0xba800: (inactive)
[NodeStatusManager] Node 77 singlePort at 0xbaa00: (inactive)
[NodeStatusManager] Node 78 singlePort at 0xbac00: (inactive)
[NodeStatusManager] Node 79 singlePort at 0xbae00: (inactive)
[NodeStatusManager] Node 80 singlePort at 0xbb000: (inactive)
[NodeStatusManager] Node 81 singlePort at 0xbb200: (inactive)
[NodeStatusManager] Node 82 singlePort at 0xbb400: (inactive)
[NodeStatusManager] Node 83 singlePort at 0xbb600: (inactive)
[NodeStatusManager] Node 84 singlePort at 0xbb800: (inactive)
[NodeStatusManager] Node 85 singlePort at 0xbba00: (inactive)
[NodeStatusManager] Node 86 singlePort at 0xbbc00: (inactive)
[NodeStatusManager] Node 87 singlePort at 0xbbe00: (inactive)
[NodeStatusManager] Node 88 singlePort at 0xbc000: (inactive)
[NodeStatusManager] Node 89 singlePort at 0xbc200: (inactive)
[NodeStatusManager] Node 90 singlePort at 0xbc400: (inactive)
[NodeStatusManager] Node 91 singlePort at 0xbc600: (inactive)
[NodeStatusManager] Node 92 singlePort at 0xbc800: (inactive)
[NodeStatusManager] Node 93 singlePort at 0xbca00: (inactive)
[NodeStatusManager] Node 94 singlePort at 0xbcc00: (inactive)
[NodeStatusManager] Node 95 singlePort at 0xbce00: (inactive)
[NodeStatusManager] Node 96 singlePort at 0xbd000: (inactive)
[NodeStatusManager] Node 97 singlePort at 0xbd200: (inactive)
[NodeStatusManager] Node 98 singlePort at 0xbd400: (inactive)
[NodeStatusManager] Node 99 singlePort at 0xbd600: (inactive)
[NodeStatusManager] Node 100 singlePort at 0xbd800: (inactive)
[NodeStatusManager] Node 101 singlePort at 0xbda00: (inactive)
[NodeStatusManager] Node 102 singlePort at 0xbdc00: (inactive)
[NodeStatusManager] Node 103 singlePort at 0xbde00: (inactive)
[NodeStatusManager] Node 104 singlePort at 0xbe000: (inactive)
[NodeStatusManager] Node 105 singlePort at 0xbe200: (inactive)
[NodeStatusManager] Node 106 singlePort at 0xbe400: (inactive)
[NodeStatusManager] Node 107 singlePort at 0xbe600: (inactive)
[NodeStatusManager] Node 108 singlePort at 0xbe800: (inactive)
[NodeStatusManager] Node 109 singlePort at 0xbea00: (inactive)
[NodeStatusManager] Node 110 singlePort at 0xbec00: (inactive)
[NodeStatusManager] Node 111 singlePort at 0xbee00: (inactive)
[NodeStatusManager] Node 112 singlePort at 0xbf000: (inactive)
[NodeStatusManager] Node 113 singlePort at 0xbf200: (inactive)
[NodeStatusManager] Node 114 singlePort at 0xbf400: (inactive)
[NodeStatusManager] Node 115 singlePort at 0xbf600: (inactive)
[NodeStatusManager] Node 116 singlePort at 0xbf800: (inactive)
[NodeStatusManager] Node 117 singlePort at 0xbfa00: (inactive)
[NodeStatusManager] Node 118 singlePort at 0xbfc00: (inactive)
[NodeStatusManager] Node 119 singlePort at 0xbfe00: (inactive)
[NodeStatusManager] Node 120 singlePort at 0xc0000: (inactive)
[NodeStatusManager] Node 121 singlePort at 0xc0200: (inactive)
[NodeStatusManager] Node 122 singlePort at 0xc0400: (inactive)
[NodeStatusManager] Node 123 singlePort at 0xc0600: (inactive)
[NodeStatusManager] Node 124 singlePort at 0xc0800: (inactive)
[NodeStatusManager] Node 125 singlePort at 0xc0a00: (inactive)
[NodeStatusManager] Node 126 singlePort at 0xc0c00: (inactive)
[NodeStatusManager] Node 127 singlePort at 0xc0e00: (inactive)
[NodeStatusManager] Node 128 singlePort at 0xc1000: (inactive)
[NodeStatusManager] Node 129 singlePort at 0xc1200: (inactive)
[NodeStatusManager] Node 130 singlePort at 0xc1400: (inactive)
[NodeStatusManager] Node 131 singlePort at 0xc1600: (inactive)
[NodeStatusManager] Node 132 singlePort at 0xc1800: (inactive)
[NodeStatusManager] Node 133 singlePort at 0xc1a00: (inactive)
[NodeStatusManager] Node 134 singlePort at 0xc1c00: (inactive)
[NodeStatusManager] Node 135 singlePort at 0xc1e00: (inactive)
[NodeStatusManager] Node 136 singlePort at 0xc2000: (inactive)
[NodeStatusManager] Node 137 singlePort at 0xc2200: (inactive)
[NodeStatusManager] Node 138 singlePort at 0xc2400: (inactive)
[NodeStatusManager] Node 139 singlePort at 0xc2600: (inactive)
[NodeStatusManager] Node 140 singlePort at 0xc2800: (inactive)
[NodeStatusManager] Node 141 singlePort at 0xc2a00: (inactive)
[NodeStatusManager] Node 142 singlePort at 0xc2c00: (inactive)
[NodeStatusManager] Node 143 singlePort at 0xc2e00: (inactive)
[NodeStatusManager] Node 144 singlePort at 0xc3000: (inactive)
[NodeStatusManager] Node 145 singlePort at 0xc3200: (inactive)
[NodeStatusManager] Node 146 singlePort at 0xc3400: (inactive)
[NodeStatusManager] Node 147 singlePort at 0xc3600: (inactive)
[NodeStatusManager] Node 148 singlePort at 0xc3800: (inactive)
[NodeStatusManager] Node 149 singlePort at 0xc3a00: (inactive)
[NodeStatusManager] Node 150 singlePort at 0xc3c00: (inactive)
[NodeStatusManager] Node 151 singlePort at 0xc3e00: (inactive)
[NodeStatusManager] Node 152 singlePort at 0xc4000: (inactive)
[NodeStatusManager] Node 153 singlePort at 0xc4200: (inactive)
[NodeStatusManager] Node 154 singlePort at 0xc4400: (inactive)
[NodeStatusManager] Node 155 singlePort at 0xc4600: (inactive)
[NodeStatusManager] Node 156 singlePort at 0xc4800: (inactive)
[NodeStatusManager] Node 157 singlePort at 0xc4a00: (inactive)
[NodeStatusManager] Node 158 singlePort at 0xc4c00: (inactive)
[NodeStatusManager] Node 159 singlePort at 0xc4e00: (inactive)
[NodeStatusManager] Node 160 singlePort at 0xc5000: (inactive)
[NodeStatusManager] Node 161 singlePort at 0xc5200: (inactive)
[NodeStatusManager] Node 162 singlePort at 0xc5400: (inactive)
[NodeStatusManager] Node 163 singlePort at 0xc5600: (inactive)
[NodeStatusManager] Node 164 singlePort at 0xc5800: (inactive)
[NodeStatusManager] Node 165 singlePort at 0xc5a00: (inactive)
[NodeStatusManager] Node 166 singlePort at 0xc5c00: (inactive)
[NodeStatusManager] Node 167 singlePort at 0xc5e00: (inactive)
[NodeStatusManager] Node 168 singlePort at 0xc6000: (inactive)
[NodeStatusManager] Node 169 singlePort at 0xc6200: (inactive)
[NodeStatusManager] Node 170 singlePort at 0xc6400: (inactive)
[NodeStatusManager] Node 171 singlePort at 0xc6600: (inactive)
[NodeStatusManager] Node 172 singlePort at 0xc6800: (inactive)
[NodeStatusManager] Node 173 singlePort at 0xc6a00: (inactive)
[NodeStatusManager] Node 174 singlePort at 0xc6c00: (inactive)
[NodeStatusManager] Node 175 singlePort at 0xc6e00: (inactive)
[NodeStatusManager] Node 176 singlePort at 0xc7000: (inactive)
[NodeStatusManager] Node 177 singlePort at 0xc7200: (inactive)
[NodeStatusManager] Node 178 singlePort at 0xc7400: (inactive)
[NodeStatusManager] Node 179 singlePort at 0xc7600: (inactive)
[NodeStatusManager] Node 180 singlePort at 0xc7800: (inactive)
[NodeStatusManager] Node 181 singlePort at 0xc7a00: (inactive)
[NodeStatusManager] Node 182 singlePort at 0xc7c00: (inactive)
[NodeStatusManager] Node 183 singlePort at 0xc7e00: (inactive)
[NodeStatusManager] Node 184 singlePort at 0xc8000: (inactive)
[NodeStatusManager] Node 185 singlePort at 0xc8200: (inactive)
[NodeStatusManager] Node 186 singlePort at 0xc8400: (inactive)
[NodeStatusManager] Node 187 singlePort at 0xc8600: (inactive)
[NodeStatusManager] Node 188 singlePort at 0xc8800: (inactive)
[NodeStatusManager] Node 189 singlePort at 0xc8a00: (inactive)
[NodeStatusManager] Node 190 singlePort at 0xc8c00: (inactive)
[NodeStatusManager] Node 191 singlePort at 0xc8e00: (inactive)
[NodeStatusManager] Node 192 singlePort at 0xc9000: (inactive)
[NodeStatusManager] Node 193 singlePort at 0xc9200: (inactive)
[NodeStatusManager] Node 194 singlePort at 0xc9400: (inactive)
[NodeStatusManager] Node 195 singlePort at 0xc9600: (inactive)
[NodeStatusManager] Node 196 singlePort at 0xc9800: (inactive)
[NodeStatusManager] Node 197 singlePort at 0xc9a00: (inactive)
[NodeStatusManager] Node 198 singlePort at 0xc9c00: (inactive)
[NodeStatusManager] Node 199 singlePort at 0xc9e00: (inactive)
[NodeStatusManager] Node 200 singlePort at 0xca000: (inactive)
[NodeStatusManager] Node 201 singlePort at 0xca200: (inactive)
[NodeStatusManager] Node 202 singlePort at 0xca400: (inactive)
[NodeStatusManager] Node 203 singlePort at 0xca600: (inactive)
[NodeStatusManager] Node 204 singlePort at 0xca800: (inactive)
[NodeStatusManager] Node 205 singlePort at 0xcaa00: (inactive)
[NodeStatusManager] Node 206 singlePort at 0xcac00: (inactive)
[NodeStatusManager] Node 207 singlePort at 0xcae00: (inactive)
[NodeStatusManager] Node 208 singlePort at 0xcb000: (inactive)
[NodeStatusManager] Node 209 singlePort at 0xcb200: (inactive)
[NodeStatusManager] Node 210 singlePort at 0xcb400: (inactive)
[NodeStatusManager] Node 211 singlePort at 0xcb600: (inactive)
[NodeStatusManager] Node 212 singlePort at 0xcb800: (inactive)
[NodeStatusManager] Node 213 singlePort at 0xcba00: (inactive)
[NodeStatusManager] Node 214 singlePort at 0xcbc00: (inactive)
[NodeStatusManager] Node 215 singlePort at 0xcbe00: (inactive)
[NodeStatusManager] Node 216 singlePort at 0xcc000: (inactive)
[NodeStatusManager] Node 217 singlePort at 0xcc200: (inactive)
[NodeStatusManager] Node 218 singlePort at 0xcc400: (inactive)
[NodeStatusManager] Node 219 singlePort at 0xcc600: (inactive)
[NodeStatusManager] Node 220 singlePort at 0xcc800: (inactive)
[NodeStatusManager] Node 221 singlePort at 0xcca00: (inactive)
[NodeStatusManager] Node 222 singlePort at 0xccc00: (inactive)
[NodeStatusManager] Node 223 singlePort at 0xcce00: (inactive)
[NodeStatusManager] Node 224 singlePort at 0xcd000: (inactive)
[NodeStatusManager] Node 225 singlePort at 0xcd200: (inactive)
[NodeStatusManager] Node 226 singlePort at 0xcd400: (inactive)
[NodeStatusManager] Node 227 singlePort at 0xcd600: (inactive)
[NodeStatusManager] Node 228 singlePort at 0xcd800: (inactive)
[NodeStatusManager] Node 229 singlePort at 0xcda00: (inactive)
[NodeStatusManager] Node 230 singlePort at 0xcdc00: (inactive)
[NodeStatusManager] Node 231 singlePort at 0xcde00: (inactive)
[NodeStatusManager] Node 232 singlePort at 0xce000: (inactive)
[NodeStatusManager] Node 233 singlePort at 0xce200: (inactive)
[NodeStatusManager] Node 234 singlePort at 0xce400: (inactive)
[NodeStatusManager] Node 235 singlePort at 0xce600: (inactive)
[NodeStatusManager] Node 236 singlePort at 0xce800: (inactive)
[NodeStatusManager] Node 237 singlePort at 0xcea00: (inactive)
[NodeStatusManager] Node 238 singlePort at 0xcec00: (inactive)
[NodeStatusManager] Node 239 singlePort at 0xcee00: (inactive)
[NodeStatusManager] Node 240 singlePort at 0xcf000: (inactive)
[NodeStatusManager] Node 241 singlePort at 0xcf200: (inactive)
[NodeStatusManager] Node 242 singlePort at 0xcf400: (inactive)
[NodeStatusManager] Node 243 singlePort at 0xcf600: (inactive)
[NodeStatusManager] Node 244 singlePort at 0xcf800: (inactive)
[NodeStatusManager] Node 245 singlePort at 0xcfa00: (inactive)
[NodeStatusManager] Node 246 singlePort at 0xcfc00: (inactive)
[NodeStatusManager] Node 247 singlePort at 0xcfe00: (inactive)
[NodeStatusManager] Node 248 singlePort at 0xd0000: (inactive)
[NodeStatusManager] Node 249 singlePort at 0xd0200: (inactive)
[NodeStatusManager] Node 250 singlePort at 0xd0400: (inactive)
[NodeStatusManager] Node 251 singlePort at 0xd0600: (inactive)
[NodeStatusManager] Node 252 singlePort at 0xd0800: (inactive)
[NodeStatusManager] Node 253 singlePort at 0xd0a00: (inactive)
[NodeStatusManager] Node 254 singlePort at 0xd0c00: (inactive)
[NodeStatusManager] Registering AEServer semaphores...
[NodeStatusManager] MultiPort at 0xb0000
[NodeStatusManager] Node status structures initialized and registered
[DoorLifecycleManager] NodeStatusManager initialized for WHO doors
[NodeStatusManager] Node 2 singlePort at 0xb1400: Sysop
[BatchScheduler] Loaded 2 EXECUTE_ON_* tooltypes from bbsConfig.info
[NodeStatusManager] Updated node 2: Sysop - ENV_DOORS
[DoorLifecycleManager] Node 2 updated: Sysop from Local Console
[ExecLibrary] PutMsg: Calling Signal(task=0x4900, mask=0x40000) sigBit=18 portName=Door Task Port
[ExecLibrary] Signal APPLIED: sigRecvd 0x0 -> 0x40000, sigWait=0x0, isWaiting=false
[MOIRA] Overclocking set to 100x
[MoiraEmulator] Overclocking set to 100x
[LibraryTraps] VERIFICATION: All 164 ILLEGAL instructions verified OK
[LibraryTraps] Synced 164 trap addresses to MOIRA for batch execution
[exec-vectors] AllocMem TRAP: size=16232 (0x3f68) flags=0x10000
[exec-vectors] AllocMem TRAP result: 0x1034fc
[DoorLifecycleManager] DETECTED AEDoorPort via findPort at 0x103474 - updating XIMProtocol (hasXIM=true)
[XIMProtocol] setXimPortAddress: UPDATING port from 0x100000 to 0x103474
[ExecLibrary] CAPTURED actual AEDoorPort address: 0x103474 (port="AEDoorPort2")
[DoorLoader] No DATA segment found - allocating synthetic BSS for single-hunk executable
[DoorLoader] Segment types: code
[ExecLibrary] Forbid() - stub (no-op)
[ExecLibrary] Permit() - stub (no-op)
[exec-vectors] FindTask TRAP: name="(null - current task)"
[exec-vectors] FindTask TRAP result: 0x4900
[ExecLibrary][Trap][WaitPort] port=0x495c name=Door Task Port
[ExecLibrary][Trap][GetMsg] port=0x495c name=Door Task Port
[ExecLibrary][GetMsg] Door received message:
  ln_Type=5 (6=NT_REPLYMSG)
  Command=0 (at 0xE0)
  Data=0 (at 0xDC)
  String="" (at 0x14)
[exec-vectors] OpenLibrary TRAP: name="intuition.library" version=33
[LibraryLoader] Loading intuition.library (version >= 33)
[LibraryLoader] ✅ intuition.library is ROM-resident (using Kickstart ROM)
[LibraryLoader]   ROM libraries are native code in ROM, not loaded from disk
[exec-vectors] OpenLibrary TRAP result: 0xe0000
[exec-vectors] OpenLibrary TRAP: name="graphics.library" version=33
[LibraryLoader] Loading graphics.library (version >= 33)
[LibraryLoader] ✅ graphics.library is ROM-resident (using Kickstart ROM)
[LibraryLoader]   ROM libraries are native code in ROM, not loaded from disk
[exec-vectors] OpenLibrary TRAP result: 0xe8000
[exec-vectors] OpenLibrary TRAP: name="dos.library" version=33
[LibraryLoader] Loading dos.library (version >= 33)
[LibraryLoader] ✅ dos.library is ROM-resident (using Kickstart ROM)
[LibraryLoader]   ROM libraries are native code in ROM, not loaded from disk
[LibraryTraps] Installing dos.library vectors at base 0xb0000
  [Open] Vector at 0xaffe2 (offset -30)
  [Close] Vector at 0xaffdc (offset -36)
  [Read] Vector at 0xaffd6 (offset -42)
  [Write] Vector at 0xaffd0 (offset -48)
  [Input] Vector at 0xaffca (offset -54)
  [Output] Vector at 0xaffc4 (offset -60)
  [Seek] Vector at 0xaffbe (offset -66)
  [FGetC] Vector at 0xafece (offset -306)
  [FPutC] Vector at 0xafec8 (offset -312)
  [UnGetC] Vector at 0xafec2 (offset -318)
  [FRead] Vector at 0xafebc (offset -324)
  [FWrite] Vector at 0xafeb6 (offset -330)
  [FGets] Vector at 0xafeb0 (offset -336)
  [FPuts] Vector at 0xafeaa (offset -342)
  [Flush] Vector at 0xafe98 (offset -360)
  [Lock] Vector at 0xaffac (offset -84)
  [UnLock] Vector at 0xaffa6 (offset -90)
  [DupLock] Vector at 0xaffa0 (offset -96)
  [Examine] Vector at 0xaff9a (offset -102)
  [ExNext] Vector at 0xaff94 (offset -108)
  [CreateDir] Vector at 0xaff88 (offset -120)
  [CurrentDir] Vector at 0xaff82 (offset -126)
  [IoErr] Vector at 0xaff7c (offset -132)
  [DateStamp] Vector at 0xaff40 (offset -192)
  [Delay] Vector at 0xaff3a (offset -198)
  [WaitForChar] Vector at 0xaff34 (offset -204)
  [Exit] Vector at 0xaff70 (offset -144)
  [NameFromLock] Vector at 0xafe6e (offset -402)
  [ReadArgs] Vector at 0xafce2 (offset -798)
  [FreeArgs] Vector at 0xafca6 (offset -858)
  [DosStub_-298] Vector at 0xafed6 (offset -298)
  [DateToStr] Vector at 0xafd18 (offset -744)
  [StrToDate] Vector at 0xafd12 (offset -750)
  [SelectInput] Vector at 0xaff28 (offset -216)
  [SelectOutput] Vector at 0xaff22 (offset -222)
  [AllocDosObject] Vector at 0xaff1c (offset -228)
  [FreeDosObject] Vector at 0xaff16 (offset -234)
  [OpenFromLock] Vector at 0xafe86 (offset -378)
  [DeleteFile] Vector at 0xaffb8 (offset -72)
  [Rename] Vector at 0xaffb2 (offset -78)
  [Info] Vector at 0xaff8e (offset -114)
  [SetComment] Vector at 0xaff58 (offset -168)
  [SetProtection] Vector at 0xaff52 (offset -174)
  [AddPart] Vector at 0xafed4 (offset -300)
  [FilePart] Vector at 0xafee0 (offset -288)
  [PathPart] Vector at 0xafeda (offset -294)
  [CreateProc] Vector at 0xaff76 (offset -138)
  [LoadSeg] Vector at 0xaff6a (offset -150)
  [UnLoadSeg] Vector at 0xaff64 (offset -156)
  [DeviceProc] Vector at 0xaff5e (offset -162)
  [WaitForChar_180] Vector at 0xaff4c (offset -180)
  [VPrintf] Vector at 0xafef8 (offset -264)
  [Fault] Vector at 0xafe7a (offset -390)
  [PrintFault] Vector at 0xafe74 (offset -396)
  [Cli] Vector at 0xafe14 (offset -492)
  [FGetC_516] Vector at 0xafdfc (offset -516)
  [FPutC_522] Vector at 0xafdf6 (offset -522)
  [FRead_534] Vector at 0xafdea (offset -534)
  [FWrite_540] Vector at 0xafde4 (offset -540)
  [FGets_546] Vector at 0xafdde (offset -546)
  [FPuts_552] Vector at 0xafdd8 (offset -552)
  [VFPrintf] Vector at 0xafdcc (offset -564)
  [ReadArgs_804] Vector at 0xafcdc (offset -804)
  [FreeArgs_810] Vector at 0xafcd6 (offset -810)
[LibraryTraps] Installed 64 dos.library vectors
[exec-vectors] OpenLibrary TRAP result: 0xb0000
[exec-vectors] AllocMem TRAP: size=272 (0x110) flags=0x10000
[exec-vectors] AllocMem TRAP result: 0x107464
[exec-vectors] AllocMem TRAP: size=272 (0x110) flags=0x10000
[exec-vectors] AllocMem TRAP result: 0x107574
[exec-vectors] AllocMem TRAP: size=272 (0x110) flags=0x10000
[exec-vectors] AllocMem TRAP result: 0x107464
[exec-vectors] AllocMem TRAP: size=272 (0x110) flags=0x10000
[exec-vectors] AllocMem TRAP result: 0x107574
[exec-vectors] AllocMem TRAP: size=272 (0x110) flags=0x10000
[exec-vectors] AllocMem TRAP result: 0x107464
[exec-vectors] AllocMem TRAP: size=272 (0x110) flags=0x10000
[exec-vectors] AllocMem TRAP result: 0x107574
[exec-vectors] AllocMem TRAP: size=272 (0x110) flags=0x10000
[exec-vectors] AllocMem TRAP result: 0x107464
[exec-vectors] AllocMem TRAP: size=272 (0x110) flags=0x10000
[exec-vectors] AllocMem TRAP result: 0x107574
[exec-vectors] AllocMem TRAP: size=1017 (0x3f9) flags=0x10000
[exec-vectors] AllocMem TRAP result: 0x107464
[exec-vectors] AllocMem TRAP: size=613 (0x265) flags=0x10000
[exec-vectors] AllocMem TRAP result: 0x107860
[exec-vectors] OpenLibrary TRAP: name="bsdsocket.library" version=4
[LibraryLoader] Loading bsdsocket.library (version >= 4)
[LibraryLoader] Library file not found: bsdsocket.library
[LibraryTraps] Installing bsdsocket.library vectors at base 0xf2000
  [socket] Vector at 0xf1fe2 (offset -30)
  [bind] Vector at 0xf1fdc (offset -36)
  [listen] Vector at 0xf1fd6 (offset -42)
  [accept] Vector at 0xf1fd0 (offset -48)
  [connect] Vector at 0xf1fca (offset -54)
  [sendto] Vector at 0xf1fc4 (offset -60)
  [send] Vector at 0xf1fbe (offset -66)
  [recvfrom] Vector at 0xf1fb8 (offset -72)
  [recv] Vector at 0xf1fb2 (offset -78)
  [shutdown] Vector at 0xf1fac (offset -84)
  [setsockopt] Vector at 0xf1fa6 (offset -90)
  [getsockopt] Vector at 0xf1fa0 (offset -96)
  [getsockname] Vector at 0xf1f9a (offset -102)
  [getpeername] Vector at 0xf1f94 (offset -108)
  [IoctlSocket] Vector at 0xf1f8e (offset -114)
  [CloseSocket] Vector at 0xf1f88 (offset -120)
  [WaitSelect] Vector at 0xf1f82 (offset -126)
  [SetSocketSignals] Vector at 0xf1f7c (offset -132)
  [getdtablesize] Vector at 0xf1f76 (offset -138)
  [ObtainSocket] Vector at 0xf1f70 (offset -144)
  [ReleaseSocket] Vector at 0xf1f6a (offset -150)
  [ReleaseCopyOfSocket] Vector at 0xf1f64 (offset -156)
  [Errno] Vector at 0xf1f5e (offset -162)
  [SetErrnoPtr] Vector at 0xf1f58 (offset -168)
  [Inet_NtoA] Vector at 0xf1f52 (offset -174)
  [inet_addr] Vector at 0xf1f4c (offset -180)
  [Inet_LnaOf] Vector at 0xf1f46 (offset -186)
  [Inet_NetOf] Vector at 0xf1f40 (offset -192)
  [Inet_MakeAddr] Vector at 0xf1f3a (offset -198)
  [inet_network] Vector at 0xf1f34 (offset -204)
  [gethostbyname] Vector at 0xf1f2e (offset -210)
  [gethostbyaddr] Vector at 0xf1f28 (offset -216)
  [getnetbyname] Vector at 0xf1f22 (offset -222)
  [getnetbyaddr] Vector at 0xf1f1c (offset -228)
  [getservbyname] Vector at 0xf1f16 (offset -234)
  [getservbyport] Vector at 0xf1f10 (offset -240)
  [getprotobyname] Vector at 0xf1f0a (offset -246)
  [getprotobynumber] Vector at 0xf1f04 (offset -252)
  [vsyslog] Vector at 0xf1efe (offset -258)
  [Dup2Socket] Vector at 0xf1ef8 (offset -264)
  [sendmsg] Vector at 0xf1ef2 (offset -270)
  [recvmsg] Vector at 0xf1eec (offset -276)
  [gethostname] Vector at 0xf1ee6 (offset -282)
  [gethostid] Vector at 0xf1ee0 (offset -288)
  [SocketBaseTagList] Vector at 0xf1eda (offset -294)
  [GetSocketEvents] Vector at 0xf1ed4 (offset -300)
[LibraryTraps] Installed 46 bsdsocket.library vectors
[exec-vectors] OpenLibrary TRAP result: 0xf2000
[exec-vectors] OpenLibrary TRAP: name="amisslmaster.library" version=4
[LibraryLoader] Loading amisslmaster.library (version >= 4)
[LibraryLoader] Library file not found: amisslmaster.library
[LibraryTraps] Installing amisslmaster.library vectors at base 0xf4000
  [InitAmiSSLMaster] Vector at 0xf3fe2 (offset -30)
  [OpenAmiSSL] Vector at 0xf3fdc (offset -36)
  [CloseAmiSSL] Vector at 0xf3fd6 (offset -42)
[LibraryTraps] Installed 3 amisslmaster.library vectors
[exec-vectors] OpenLibrary TRAP result: 0xf4000
[DebugMonitor] A6 change pc=0x1fff76 newA6=0xf4000 allowed=false sp=0x105d50 stack=[SP+0=0x2e84 SP+4=0x0 SP+8=0x0 SP+12=0x106eac SP+16=0x27dc] lastPCs=[0x370a,0x7ff2e,0x37a0,0x7fdd8,0x2dfa,0x7fdd8,0x2e3c,0x1fff76]
[AEDoorLibrary][Trap] PostDeleteComm intercepted
[AEDoorLibrary] PostDeleteComm: creating, shutting down, and cleaning up
[AEDoorLibrary] CreateComm for node 2
[AEDoorLibrary] Found BBS port "AEDoorPort2" at 0x103474
[AEDoorLibrary] Populating BBSInfo at DIFace 0x107464
[AEDoorLibrary] Wrote node ID 2 to BBSInfo+0xf
[AEDoorLibrary] BBSInfo populated:
[AEDoorLibrary]   Username: "Sysop" at 0x1074be
[AEDoorLibrary]   Location: "Local Console" at 0x107586
[AEDoorLibrary]   BBS Name: "AmiExpress-Web" at 0x1075ca
[AEDoorLibrary]   Date: "01-21-2026" at 0x1075fa
[AEDoorLibrary]   Time: "22:48:33" at 0x10761a
[AEDoorLibrary] Verification read-back:
[AEDoorLibrary]   Username: "Sysop"
[AEDoorLibrary]   Location: "Local Console"
[AEDoorLibrary]   BBS Name: "AmiExpress-Web"
[XIMMessageParser] Parsed jhMessage:
  Address: 0x1074aa
  Length: 256 (layout=long)
  Reply Port: 0x1075ac
  Command: 2 (JH_SHUTDOWN)
  Data: 1282368353 (0x4c6f6361)
  Node: 1853058924, Line: 1694498816
  Signal: 0, Task: 0x0
  Semi: 0x0
  Filler1: 0x0, Filler2: 0x0
  StrPtr: n/a, Filler3: n/a
  String: "Sysop"
[XIMProtocol] handleMessage: cmd=2 (JH_SHUTDOWN) usedXimInput=false string="Sysop"
[XIMLogger] NOT writing to JSON: jsonEnabled=false logStream=false type=JH_SHUTDOWN
[XIMLogger] NOT writing to JSON: jsonEnabled=false logStream=false type=JH_SHUTDOWN_REPLY
[ExecLibrary] replyMsg: Putting message 0x1074aa to replyPort 0x1075ac
[ExecLibrary] PutMsg: Calling Signal(task=0x4900, mask=0x2) sigBit=1 portName=DoorReplyPort2
[ExecLibrary] Signal APPLIED: sigRecvd 0x40000 -> 0x40002, sigWait=0x0, isWaiting=false
[ExecLibrary] replyMsg: Message delivered to replyPort
[DoorLifecycleManager] doorMessageCallback: Message handled for cmd=2 (XIM handler replied)
[DoorLifecycleManager] doorMessageCallback: Door sent JH_SHUTDOWN - stopping execution
[BatchScheduler] Amiga door runner exited with code null
[BatchScheduler] Runner output:
Configuration loaded from: amiexpress.conf
[ConfigManager] Initialized with dataDir: /Users/spot/Code/amiexpress-web
[ConfigManager] process.cwd(): /Users/spot/Code/amiexpress-web/Utils
[ConfigManager] BBS_DATA_DIR env: /Users/spot/Code/amiexpress-web
[CONFIG_DEBUG] dataDir=/Users/spot/Code/amiexpress-web
[CallersLogManager] Initialized
  BBS root: /Users/spot/Code/amiexpress-web
[UserFileManager] Initialized
  BBS root: /Users/spot/Code/amiexpress-web
  user.data: /Users/spot/Code/amiexpress-web/user.data
  user.keys: /Users/spot/Code/amiexpress-web/user.keys
  user.misc: /Users/spot/Code/amiexpress-web/user.misc
[dotenv@17.2.3] injecting env (0) from .env -- tip: 🗂️ backup and recover secrets: https://dotenvx.com/ops
[DoorLogger] Creating logger for door: dannounce node: 5
[DoorLogger] __dirname: /Users/spot/Code/amiexpress-web/web/backend/src/amiga-emulation, projectRoot: /Users/spot/Code/amiexpress-web, logs dir: /Users/spot/Code/amiexpress-web/logs
[SOCKET:door:status] { status: 'initializing' }
[MOIRA WASM] Memory page table updated
[MOIRA WASM]   Chip RAM pages: 0x00-0x1f
[MOIRA WASM]   Fast RAM pages: 0x20-0xf7
[MOIRA WASM]   ROM pages: 0xF8-0xFF
[MOIRA WASM] MoiraCPU initialized with vAmiga-style memory architecture!
[MOIRA WASM]   Chip RAM: 2048 KB (mask: 0x1fffff)
[MOIRA WASM]   ROM: 512 KB (mask: 0x7ffff)
[MoiraEmulator] moira.js loaded from /Users/spot/Code/amiexpress-web/web/backend/src/amiga-emulation/cpu/build/moira.js
[ROM] Loading Kickstart ROM from: /Users/spot/Code/amiexpress-web/web/backend/data/amiga-roms/Kickstart v3.1 rev 40.63 (1993)(Commodore)(A500-A600-A2000).rom
[ROM] Kickstart 3.1 loaded successfully
[ROM] Mapped to memory range: 0xF80000 - 0xFFFFFF
[ROM] ===== Kickstart ROM Info =====
[ROM] Size: 524288 bytes (512KB)
[ROM] Mapped: 0xf80000 - 0xffffff
[ROM] Initial SSP: 0x11164ef9
[ROM] Initial PC:  0x002000d2
[ROM] Exception Vectors:
[ROM]   Vector 0 (Initial SSP): 0x11164ef9
[ROM]   Vector 1 (Initial PC): 0x002000d2
[ROM]   Vector 2 (Bus Error): 0x0000ffff
[ROM]   Vector 3 (Address Error): 0x00280044
[ROM]   Vector 4 (Illegal Instruction): 0x0028000a
[ROM]   Vector 5 (Division by Zero): 0x000000-1
[ROM]   Vector 6 (CHK Instruction): 0x00414d49
[ROM]   Vector 7 (TRAPV Instruction): 0x47412052
[ROM] Version: 
[ROM] ================================
[MOIRA WASM] Memory page table updated
[MOIRA WASM]   Chip RAM pages: 0x00-0x1f
[MOIRA WASM]   Fast RAM pages: 0x20-0xf7
[MOIRA WASM]   ROM pages: 0xF8-0xFF
[MOIRA WASM] ROM loaded: 524288 bytes
[MOIRA WASM]   ROM buffer size: 524288 bytes
[MOIRA WASM]   ROM mask: 0x7ffff
[MOIRA WASM]   Exception vectors copied to chip RAM: 1024 bytes
[MoiraEmulator] ROM loaded (524288 bytes)
[MoiraEmulator] ROM mapped to 0xF80000-0xFFFFFF
[MoiraEmulator] Exception vectors copied to 0x000000
[MOIRA WASM] Memory page table updated
[MOIRA WASM]   Chip RAM pages: 0x00-0x1f
[MOIRA WASM]   Fast RAM pages: 0x20-0xf7
[MOIRA WASM]   ROM pages: 0xF8-0xFF
[MOIRA WASM] ROM loaded: 524288 bytes
[MOIRA WASM]   ROM buffer size: 524288 bytes
[MOIRA WASM]   ROM mask: 0x7ffff
[MOIRA WASM]   Exception vectors copied to chip RAM: 1024 bytes
[MoiraEmulator] ROM loaded (524288 bytes)
[MoiraEmulator] ROM mapped to 0xF80000-0xFFFFFF
[MoiraEmulator] Exception vectors copied to 0x000000
[LibraryLoader] Added search path: /Users/spot/Code/amiexpress-web/Utils/Libs
[LibraryLoader] Added search path: /Users/spot/Code/amiexpress-web/System/Libs
[LibraryLoader] Added search path: /Users/spot/Code/amiexpress-web/Libs
[LibraryManager] romtool split failed: 2026-01-21 22:50:34,991  ERROR       root        '/Users/spot/Code/amiexpress-web/web/backend/data/amiga-roms/Kickstart v3.1 rev 40.63 (1993)(Commodore)(A500-A600-A2000).rom' was not found in split database!

[LibraryLoader] Loading AEDoor.library (version >= 0)
[LibraryLoader] Found library: /Users/spot/Code/amiexpress-web/Libs/AEDoor.library
[LibraryLoader] Read 1128 bytes from /Users/spot/Code/amiexpress-web/Libs/AEDoor.library
[LibraryLoader] Parsed 1 segments
[LibraryLoader] Allocated base address: 0x200000
[LibraryLoader] Loading code segment (1036 bytes) at 0x200000
[LibraryLoader] Applying 1 relocation groups
[LibraryLoader] Stored ExecBase (0x80000) at library+0x22
[LibraryLoader] Parsed $VER: AEDoorLib 2.7 (18.5.1996)
✅ [LibraryLoader] Successfully loaded AEDoor.library at 0x200000
   Jump table entries: 0
[PathManager] Initialized assigns:
  doors: => /Users/spot/Code/amiexpress-web/Doors/
  bbs: => /Users/spot/Code/amiexpress-web/
  data: => /Users/spot/Code/amiexpress-web/data/
  screens: => /Users/spot/Code/amiexpress-web/Screens/
  bulletins: => /Users/spot/Code/amiexpress-web/Bulletins/
  s: => /Users/spot/Code/amiexpress-web/S/
  work: => /Users/spot/Code/amiexpress-web/
  sami: => /Users/spot/Code/amiexpress-web/S/
  env: => /tmp/ram/ENV/
  progdir: => /Users/spot/Code/amiexpress-web/
  sys: => /Users/spot/Code/amiexpress-web/System/
  c: => /Users/spot/Code/amiexpress-web/System/C/
  l: => /Users/spot/Code/amiexpress-web/System/L/
  libs: => /Users/spot/Code/amiexpress-web/System/Libs/
  devs: => /Users/spot/Code/amiexpress-web/System/Devs/
  fonts: => /Users/spot/Code/amiexpress-web/System/Fonts/
  locale: => /Users/spot/Code/amiexpress-web/System/Locale/
  prefs: => /Users/spot/Code/amiexpress-web/System/Prefs/
  classes: => /Users/spot/Code/amiexpress-web/System/Classes/
  ram: => /tmp/ram/
  t: => /tmp/
[PathManager] Added assign: bbs: => /Users/spot/Code/amiexpress-web
[PathManager] Added assign: bbs: => /Users/spot/Code/amiexpress-web
[PathManager] Added assign: doors: => /Users/spot/Code/amiexpress-web/Doors
[PathManager] Added assign: doors: => /Users/spot/Code/amiexpress-web/Doors
[PathManager] Added assign: node5: => /Users/spot/Code/amiexpress-web/Node5
[PathManager] Added assign: node5: => /Users/spot/Code/amiexpress-web/Node5
[PathManager] PROGDIR: assigned to /Users/spot/Code/amiexpress-web/utils/
[icon.library] PROGDIR: device set to /Users/spot/Code/amiexpress-web/utils
[icon.library] Door command set to: D
[XIMProtocol] New XIM state created with usedXimInput=false doorPort=0x100000
[DoorLogger] Creating logger for door: D node: 5
[DoorLogger] __dirname: /Users/spot/Code/amiexpress-web/web/backend/src/amiga-emulation, projectRoot: /Users/spot/Code/amiexpress-web, logs dir: /Users/spot/Code/amiexpress-web/logs
[EnvironmentManager] Initialized LocalVars list at 0x120000
[EnvironmentManager] Populating standard environment variables
[EnvironmentManager] SetVar("PATH", "Work:,S:,C:,Doors:", flags=0)
[EnvironmentManager] Created LocalVar at 0x130000
[EnvironmentManager] SetVar("PROMPT", "%N.%S>", flags=0)
[EnvironmentManager] Created LocalVar at 0x130030
[EnvironmentManager] SetVar("RETURN", "0", flags=0)
[EnvironmentManager] Created LocalVar at 0x130056
[EnvironmentManager] SetVar("RC", "0", flags=0)
[EnvironmentManager] Created LocalVar at 0x130077
[EnvironmentManager] SetVar("Result2", "0", flags=0)
[EnvironmentManager] Created LocalVar at 0x130094
[EnvironmentManager] SetVar("DEVINFO", "CON:,NIL:,SER:", flags=0)
[EnvironmentManager] Created LocalVar at 0x1300b6
[EnvironmentManager] SetVar("BBS_ROOT", "/Users/spot/Code/amiexpress-web", flags=0)
[EnvironmentManager] Created LocalVar at 0x1300e5
[EnvironmentManager] SetVar("NODE_ID", "5", flags=0)
[EnvironmentManager] Created LocalVar at 0x130126
[EnvironmentManager] SetVar("CONF_ID", "1", flags=0)
[EnvironmentManager] Created LocalVar at 0x130148
[EnvironmentManager] SetVar("USER_NAME", "Sysop", flags=0)
[EnvironmentManager] Created LocalVar at 0x13016a
[EnvironmentManager] SetVar("USER_LEVEL", "1", flags=0)
[EnvironmentManager] Created LocalVar at 0x130192
[EnvironmentManager] Populated 11 standard variables
[ENV Initializer] Creating ENV files for node 5
[ENV Initializer] Created ENV:PATH = "Work:,S:,C:,Doors:"
[ENV Initializer] Created ENV:PROMPT = "%N.%S>"
[ENV Initializer] Created ENV:RC = "0"
[ENV Initializer] Created ENV:Result2 = "0"
[ENV Initializer] Created ENV:Kickstart = "39.106"
[ENV Initializer] Created ENV:Workbench = "39.29"
[ENV Initializer] Created ENV:BBS_NAME = "AmiExpress Web BBS"
[ENV Initializer] Created ENV:SYSOP_NAME = "Sysop"
[ENV Initializer] Created ENV:NODE_NUMBER = "5"
[ENV Initializer] Created ENV:JC_PWFAIL.1 = "0"
[ENV Initializer] Created ENV:JC_PWFAIL.2 = "0"
[ENV Initializer] Created ENV:JC_PWFAIL.3 = "0"
[ENV Initializer] Created ENV:JC_PWFAIL.4 = "0"
[ENV Initializer] Created ENV:JC_PWFAIL.5 = "0"
[ENV Initializer] Created ENV:JC_PWFAIL.6 = "0"
[ENV Initializer] Created ENV:JC_PWFAIL.7 = "0"
[ENV Initializer] Created ENV:JC_PWFAIL.8 = "0"
[ENV Initializer] Created ENV:STATS@1 = "                                   -22"
[ENV Initializer] Created ENV:STATS@2 = "                                   -22"
[ENV Initializer] Created ENV:STATS@3 = "                                   -22"
[ENV Initializer] Created ENV:STATS@4 = "                                   -22"
[ENV Initializer] Created ENV:STATS@5 = "                                   -22"
[ENV Initializer] Created ENV:STATS@6 = "                                   -22"
[ENV Initializer] Created ENV:STATS@7 = "                                   -22"
[ENV Initializer] Created ENV:STATS@8 = "                                   -22"
[ENV Initializer] Created ENV:LAST_DOOR = ""
[ENV Initializer] Created ENV:DOOR_COUNT = "0"
[ENV Initializer] Created ENV files in /tmp/ram/ENV
[FileManager] Initialized standard handles:
  BPTR 1 (stdin):  [FH:'stdin'(ami='CONSOLE:',sys='/dev/stdin',nc=false)@0x0=B@0x1]
  BPTR 2 (stdout): [FH:'stdout'(ami='*',sys='/dev/stdout',nc=false)@0x0=B@0x2]
[PathManager] Mapped assign root: "doors:" => "/Users/spot/Code/amiexpress-web/Doors/"
[FileManager] stdin re-registered: BPTR 0x1 -> 0x50000
[FileManager] stdin BPTR set to 0x50000 (addr 0x140000)
[FileManager] stdout re-registered: BPTR 0x2 -> 0x5000b
[FileManager] stdout BPTR set to 0x5000b (addr 0x14002c)
[PathManager] PROGDIR: assigned to /Users/spot/Code/amiexpress-web/utils/
[PathManager] Mapped assign root: "progdir:" => "/Users/spot/Code/amiexpress-web/utils/"
[FileManager] Changed directory to: progdir: (/Users/spot/Code/amiexpress-web/utils/)
[MoiraEmulator] Library trap handler registered
[LibraryTraps] Installing Exec.library vectors at base 0x80000
  [OpenLibrary] Vector at 0x7fdd8 (offset -552)
  [CloseLibrary] Vector at 0x7fe62 (offset -414)
  [RawDoFmt] Vector at 0x7fdf6 (offset -522)
  [InitStruct] Vector at 0x7ffb2 (offset -78)
  [MakeLibrary] Vector at 0x7ffac (offset -84)
  [MakeFunctions] Vector at 0x7ffa6 (offset -90)
  [FindResident] Vector at 0x7ffa0 (offset -96)
  [InitResident] Vector at 0x7ff9a (offset -102)
  [Alert] Vector at 0x7ff94 (offset -108)
  [Forbid] Vector at 0x7ff7c (offset -132)
  [Permit] Vector at 0x7ff76 (offset -138)
  [AllocMem] Vector at 0x7ff3a (offset -198)
  [FreeMem] Vector at 0x7ff2e (offset -210)
  [FindTask] Vector at 0x7feda (offset -294)
  [SetTaskPri] Vector at 0x7fed4 (offset -300)
  [SetSignal] Vector at 0x7fece (offset -306)
  [FindPort] Vector at 0x7fe7a (offset -390)
  [PutMsg] Vector at 0x7fe92 (offset -366)
  [GetMsg] Vector at 0x7fe8c (offset -372)
  [Wait] Vector at 0x7fec2 (offset -318)
  [Signal] Vector at 0x7febc (offset -324)
  [Supervisor] Vector at 0x7ffe2 (offset -30)
  [AllocSignal] Vector at 0x7feb6 (offset -330)
  [AddPort] Vector at 0x7fe9e (offset -354)
  [ReplyMsg] Vector at 0x7fe86 (offset -378)
  [WaitPort] Vector at 0x7fe80 (offset -384)
  [CreatePort] Vector at 0x7ff8e (offset -114)
  [CreateMsgPort] Vector at 0x7fd66 (offset -666)
  [DeleteMsgPort] Vector at 0x7fd60 (offset -672)
  [AllocVec] Vector at 0x7fd54 (offset -684)
  [FreeVec] Vector at 0x7fd4e (offset -690)
  [CreatePool] Vector at 0x7fd48 (offset -696)
  [DeletePool] Vector at 0x7fd42 (offset -702)
  [AllocPooled] Vector at 0x7fd3c (offset -708)
  [FreePooled] Vector at 0x7fd36 (offset -714)
  [StackSwap] Vector at 0x7fd24 (offset -732)
[LibraryTraps] Installed 36 Exec.library vectors
[LibraryLoader] Loading utility.library (version >= 37)
[LibraryLoader] ✅ utility.library is ROM-resident (using Kickstart ROM)
[LibraryLoader]   ROM libraries are native code in ROM, not loaded from disk
[LibraryTraps] Installing utility.library vectors at base 0xf0000
  [FindTagItem] Vector at 0xeffe2 (offset -30)
  [GetTagData] Vector at 0xeffdc (offset -36)
  [PackBoolTags] Vector at 0xeffd6 (offset -42)
  [NextTagItem] Vector at 0xeffd0 (offset -48)
  [FilterTagChanges] Vector at 0xeffca (offset -54)
  [Utility_-58_Stub] Vector at 0xeffc6 (offset -58)
  [MapTags] Vector at 0xeffc4 (offset -60)
  [AllocateTagItems] Vector at 0xeffbe (offset -66)
  [CloneTagItems] Vector at 0xeffb8 (offset -72)
  [FreeTagItems] Vector at 0xeffb2 (offset -78)
  [RefreshTagItemClones] Vector at 0xeffac (offset -84)
  [TagInArray] Vector at 0xeffa6 (offset -90)
  [FilterTagItems] Vector at 0xeffa0 (offset -96)
  [CallHookPkt] Vector at 0xeff9a (offset -102)
  [Amiga2Date] Vector at 0xeff88 (offset -120)
  [Date2Amiga] Vector at 0xeff82 (offset -126)
  [CheckDate] Vector at 0xeff7c (offset -132)
  [SMult32] Vector at 0xeff76 (offset -138)
  [UMult32] Vector at 0xeff70 (offset -144)
  [SDivMod32] Vector at 0xeff6a (offset -150)
  [UDivMod32] Vector at 0xeff64 (offset -156)
  [Stricmp] Vector at 0xeff5e (offset -162)
  [Strnicmp] Vector at 0xeff58 (offset -168)
  [ToUpper] Vector at 0xeff52 (offset -174)
  [ToLower] Vector at 0xeff4c (offset -180)
  [ApplyTagChanges] Vector at 0xeff46 (offset -186)
  [SMult64] Vector at 0xeff3a (offset -198)
  [UMult64] Vector at 0xeff34 (offset -204)
  [PackStructureTags] Vector at 0xeff2e (offset -210)
  [UnpackStructureTags] Vector at 0xeff28 (offset -216)
  [AddNamedObject] Vector at 0xeff22 (offset -222)
  [AllocNamedObjectA] Vector at 0xeff1c (offset -228)
  [AttemptRemNamedObject] Vector at 0xeff16 (offset -234)
  [FindNamedObject] Vector at 0xeff10 (offset -240)
  [FreeNamedObject] Vector at 0xeff0a (offset -246)
  [NamedObjectName] Vector at 0xeff04 (offset -252)
  [ReleaseNamedObject] Vector at 0xefefe (offset -258)
  [RemNamedObject] Vector at 0xefef8 (offset -264)
  [GetUniqueID] Vector at 0xefef2 (offset -270)
[LibraryTraps] Installed 39 utility.library vectors
[LibraryLoader] Loading icon.library (version >= 36)
[LibraryLoader] ✅ icon.library is ROM-resident (using Kickstart ROM)
[LibraryLoader]   ROM libraries are native code in ROM, not loaded from disk
[LibraryTraps] Installing icon.library vectors at base 0xd0000
  [GetDiskObject] Vector at 0xcffe2 (offset -30) [VERIFIED: 0x4afc]
  [PutDiskObject] Vector at 0xcffdc (offset -36) [VERIFIED: 0x4afc]
  [FreeDiskObject] Vector at 0xcffd6 (offset -42) [VERIFIED: 0x4afc]
  [FindToolType] Vector at 0xcffd0 (offset -48) [VERIFIED: 0x4afc]
  [MatchToolValue] Vector at 0xcffca (offset -54) [VERIFIED: 0x4afc]
[LibraryTraps] *** icon.library GetDiskObject at 0xcffe2 contains: 0x4afc (should be 0x4AFC) ***
[LibraryTraps] *** icon.library FULLY OPERATIONAL - ALL traps installed and ready ***
[LibraryTraps] Installed 5 icon.library vectors
[LibraryLoader] Loading dos.library (version >= 37)
[LibraryLoader] ✅ dos.library is ROM-resident (using Kickstart ROM)
[LibraryLoader]   ROM libraries are native code in ROM, not loaded from disk
[LibraryTraps] Installing dos.library vectors at base 0xb0000
  [Open] Vector at 0xaffe2 (offset -30)
  [Close] Vector at 0xaffdc (offset -36)
  [Read] Vector at 0xaffd6 (offset -42)
  [Write] Vector at 0xaffd0 (offset -48)
  [Input] Vector at 0xaffca (offset -54)
  [Output] Vector at 0xaffc4 (offset -60)
  [Seek] Vector at 0xaffbe (offset -66)
  [FGetC] Vector at 0xafece (offset -306)
  [FPutC] Vector at 0xafec8 (offset -312)
  [UnGetC] Vector at 0xafec2 (offset -318)
  [FRead] Vector at 0xafebc (offset -324)
  [FWrite] Vector at 0xafeb6 (offset -330)
  [FGets] Vector at 0xafeb0 (offset -336)
  [FPuts] Vector at 0xafeaa (offset -342)
  [Flush] Vector at 0xafe98 (offset -360)
  [Lock] Vector at 0xaffac (offset -84)
  [UnLock] Vector at 0xaffa6 (offset -90)
  [DupLock] Vector at 0xaffa0 (offset -96)
  [Examine] Vector at 0xaff9a (offset -102)
  [ExNext] Vector at 0xaff94 (offset -108)
  [CreateDir] Vector at 0xaff88 (offset -120)
  [CurrentDir] Vector at 0xaff82 (offset -126)
  [IoErr] Vector at 0xaff7c (offset -132)
  [DateStamp] Vector at 0xaff40 (offset -192)
  [Delay] Vector at 0xaff3a (offset -198)
  [WaitForChar] Vector at 0xaff34 (offset -204)
  [Exit] Vector at 0xaff70 (offset -144)
  [NameFromLock] Vector at 0xafe6e (offset -402)
  [ReadArgs] Vector at 0xafce2 (offset -798)
  [FreeArgs] Vector at 0xafca6 (offset -858)
  [DosStub_-298] Vector at 0xafed6 (offset -298)
  [DateToStr] Vector at 0xafd18 (offset -744)
  [StrToDate] Vector at 0xafd12 (offset -750)
  [SelectInput] Vector at 0xaff28 (offset -216)
  [SelectOutput] Vector at 0xaff22 (offset -222)
  [AllocDosObject] Vector at 0xaff1c (offset -228)
  [FreeDosObject] Vector at 0xaff16 (offset -234)
  [OpenFromLock] Vector at 0xafe86 (offset -378)
  [DeleteFile] Vector at 0xaffb8 (offset -72)
  [Rename] Vector at 0xaffb2 (offset -78)
  [Info] Vector at 0xaff8e (offset -114)
  [SetComment] Vector at 0xaff58 (offset -168)
  [SetProtection] Vector at 0xaff52 (offset -174)
  [AddPart] Vector at 0xafed4 (offset -300)
  [FilePart] Vector at 0xafee0 (offset -288)
  [PathPart] Vector at 0xafeda (offset -294)
  [CreateProc] Vector at 0xaff76 (offset -138)
  [LoadSeg] Vector at 0xaff6a (offset -150)
  [UnLoadSeg] Vector at 0xaff64 (offset -156)
  [DeviceProc] Vector at 0xaff5e (offset -162)
  [WaitForChar_180] Vector at 0xaff4c (offset -180)
  [VPrintf] Vector at 0xafef8 (offset -264)
  [Fault] Vector at 0xafe7a (offset -390)
  [PrintFault] Vector at 0xafe74 (offset -396)
  [Cli] Vector at 0xafe14 (offset -492)
  [FGetC_516] Vector at 0xafdfc (offset -516)
  [FPutC_522] Vector at 0xafdf6 (offset -522)
  [FRead_534] Vector at 0xafdea (offset -534)
  [FWrite_540] Vector at 0xafde4 (offset -540)
  [FGets_546] Vector at 0xafdde (offset -546)
  [FPuts_552] Vector at 0xafdd8 (offset -552)
  [VFPrintf] Vector at 0xafdcc (offset -564)
  [ReadArgs_804] Vector at 0xafcdc (offset -804)
  [FreeArgs_810] Vector at 0xafcd6 (offset -810)
[LibraryTraps] Installed 64 dos.library vectors
[LibraryTraps] Installing dos.library vectors at base 0xb0000
  [Open] Vector at 0xaffe2 (offset -30)
  [Close] Vector at 0xaffdc (offset -36)
  [Read] Vector at 0xaffd6 (offset -42)
  [Write] Vector at 0xaffd0 (offset -48)
  [Input] Vector at 0xaffca (offset -54)
  [Output] Vector at 0xaffc4 (offset -60)
  [Seek] Vector at 0xaffbe (offset -66)
  [FGetC] Vector at 0xafece (offset -306)
  [FPutC] Vector at 0xafec8 (offset -312)
  [UnGetC] Vector at 0xafec2 (offset -318)
  [FRead] Vector at 0xafebc (offset -324)
  [FWrite] Vector at 0xafeb6 (offset -330)
  [FGets] Vector at 0xafeb0 (offset -336)
  [FPuts] Vector at 0xafeaa (offset -342)
  [Flush] Vector at 0xafe98 (offset -360)
  [Lock] Vector at 0xaffac (offset -84)
  [UnLock] Vector at 0xaffa6 (offset -90)
  [DupLock] Vector at 0xaffa0 (offset -96)
  [Examine] Vector at 0xaff9a (offset -102)
  [ExNext] Vector at 0xaff94 (offset -108)
  [CreateDir] Vector at 0xaff88 (offset -120)
  [CurrentDir] Vector at 0xaff82 (offset -126)
  [IoErr] Vector at 0xaff7c (offset -132)
  [DateStamp] Vector at 0xaff40 (offset -192)
  [Delay] Vector at 0xaff3a (offset -198)
  [WaitForChar] Vector at 0xaff34 (offset -204)
  [Exit] Vector at 0xaff70 (offset -144)
  [NameFromLock] Vector at 0xafe6e (offset -402)
  [ReadArgs] Vector at 0xafce2 (offset -798)
  [FreeArgs] Vector at 0xafca6 (offset -858)
  [DosStub_-298] Vector at 0xafed6 (offset -298)
  [DateToStr] Vector at 0xafd18 (offset -744)
  [StrToDate] Vector at 0xafd12 (offset -750)
  [SelectInput] Vector at 0xaff28 (offset -216)
  [SelectOutput] Vector at 0xaff22 (offset -222)
  [AllocDosObject] Vector at 0xaff1c (offset -228)
  [FreeDosObject] Vector at 0xaff16 (offset -234)
  [OpenFromLock] Vector at 0xafe86 (offset -378)
  [DeleteFile] Vector at 0xaffb8 (offset -72)
  [Rename] Vector at 0xaffb2 (offset -78)
  [Info] Vector at 0xaff8e (offset -114)
  [SetComment] Vector at 0xaff58 (offset -168)
  [SetProtection] Vector at 0xaff52 (offset -174)
  [AddPart] Vector at 0xafed4 (offset -300)
  [FilePart] Vector at 0xafee0 (offset -288)
  [PathPart] Vector at 0xafeda (offset -294)
  [CreateProc] Vector at 0xaff76 (offset -138)
  [LoadSeg] Vector at 0xaff6a (offset -150)
  [UnLoadSeg] Vector at 0xaff64 (offset -156)
  [DeviceProc] Vector at 0xaff5e (offset -162)
  [WaitForChar_180] Vector at 0xaff4c (offset -180)
  [VPrintf] Vector at 0xafef8 (offset -264)
  [Fault] Vector at 0xafe7a (offset -390)
  [PrintFault] Vector at 0xafe74 (offset -396)
  [Cli] Vector at 0xafe14 (offset -492)
  [FGetC_516] Vector at 0xafdfc (offset -516)
  [FPutC_522] Vector at 0xafdf6 (offset -522)
  [FRead_534] Vector at 0xafdea (offset -534)
  [FWrite_540] Vector at 0xafde4 (offset -540)
  [FGets_546] Vector at 0xafdde (offset -546)
  [FPuts_552] Vector at 0xafdd8 (offset -552)
  [VFPrintf] Vector at 0xafdcc (offset -564)
  [ReadArgs_804] Vector at 0xafcdc (offset -804)
  [FreeArgs_810] Vector at 0xafcd6 (offset -810)
[LibraryTraps] Installed 64 dos.library vectors
[LibraryTraps] ============================================
[LibraryTraps] AEDoor.library vectors: TRAP MODE (TypeScript handlers)
[LibraryTraps] Base address: 0x200000
[LibraryTraps] Installing 20 trap handlers...
[LibraryTraps] ============================================
  [CreateComm] Vector at 0x1fffe2 (offset -30)
  [DeleteComm] Vector at 0x1fffdc (offset -36)
  [SendCmd] Vector at 0x1fffd6 (offset -42)
  [SendStrCmd] Vector at 0x1fffd0 (offset -48)
  [SendDataCmd] Vector at 0x1fffca (offset -54)
  [SendStrDataCmd] Vector at 0x1fffc4 (offset -60)
  [GetData] Vector at 0x1fffbe (offset -66)
  [GetString] Vector at 0x1fffb8 (offset -72)
  [Prompt] Vector at 0x1fffb2 (offset -78)
  [WriteStr] Vector at 0x1fffac (offset -84)
  [ShowGFile] Vector at 0x1fffa6 (offset -90)
  [ShowFile] Vector at 0x1fffa0 (offset -96)
  [SetDT] Vector at 0x1fff9a (offset -102)
  [GetDT] Vector at 0x1fff94 (offset -108)
  [GetStr] Vector at 0x1fff8e (offset -114)
  [CopyStr] Vector at 0x1fff88 (offset -120)
  [HotKey] Vector at 0x1fff82 (offset -126)
  [PreCreateComm] Vector at 0x1fff7c (offset -132)
  [PostDeleteComm] Vector at 0x1fff76 (offset -138)
  [Stub_-24] Vector at 0x1fffe8 (offset -24)
[LibraryTraps] Installed 20 AEDoor.library vectors
[LibraryTraps] ============================================
[LibraryTraps] AEDoor.library vectors: TRAP MODE (TypeScript handlers)
[LibraryTraps] Base address: 0x200000
[LibraryTraps] Installing 20 trap handlers...
[LibraryTraps] ============================================
  [CreateComm] Vector at 0x1fffe2 (offset -30)
  [DeleteComm] Vector at 0x1fffdc (offset -36)
  [SendCmd] Vector at 0x1fffd6 (offset -42)
  [SendStrCmd] Vector at 0x1fffd0 (offset -48)
  [SendDataCmd] Vector at 0x1fffca (offset -54)
  [SendStrDataCmd] Vector at 0x1fffc4 (offset -60)
  [GetData] Vector at 0x1fffbe (offset -66)
  [GetString] Vector at 0x1fffb8 (offset -72)
  [Prompt] Vector at 0x1fffb2 (offset -78)
  [WriteStr] Vector at 0x1fffac (offset -84)
  [ShowGFile] Vector at 0x1fffa6 (offset -90)
  [ShowFile] Vector at 0x1fffa0 (offset -96)
  [SetDT] Vector at 0x1fff9a (offset -102)
  [GetDT] Vector at 0x1fff94 (offset -108)
  [GetStr] Vector at 0x1fff8e (offset -114)
  [CopyStr] Vector at 0x1fff88 (offset -120)
  [HotKey] Vector at 0x1fff82 (offset -126)
  [PreCreateComm] Vector at 0x1fff7c (offset -132)
  [PostDeleteComm] Vector at 0x1fff76 (offset -138)
  [Stub_-24] Vector at 0x1fffe8 (offset -24)
[LibraryTraps] Installed 20 AEDoor.library vectors
[DoorLoader] Writing random seed 0x7e447032 to 0x400
[DoorLoader] Read back: 0x7e447032
[Self-Mod Code] Registered CODE region: 0x2008-0x389f (6296 bytes)
[HunkLoader] Applying 2 relocations to 1 segments
[HunkLoader] Segment 0 (CODE) at 0x2008: 2 relocations
  [0] offset=0x10c addr=0x2114 before=0x152a after=0x3532 target=seg0(0x2008)
  [1] offset=0x106 addr=0x210e before=0x27e after=0x2286 target=seg0(0x2008)
[SharedBBSData] Allocated shared BBS memory:
  cmds:       0xf00300 (1976 bytes)
  sopt:       0xf00ab8 (888 bytes)
  nodeState:  0xf00e30 (32 bytes)
[CommandsStructure] Writing commands at 0xf00300
[CommandsStructure] Wrote BBS config: "AmiExpress Web BBS"
[StartOptionStructure] Writing startOption at 0xf00ab8
[StartOptionStructure] Wrote node settings
[NodeStateGlobals] Wrote node state at 0xf00e30
  currentConf: 0
  node: 5
  timeLimit: 3600
[READ8] addr=0x0f0081 page=0x0f memSrc=1
[READ8] CHIP: addr=0x0f0081 offset=0x0f0081 value=0x00 ( )
[READ8] addr=0x0f0082 page=0x0f memSrc=1
[READ8] CHIP: addr=0x0f0082 offset=0x0f0082 value=0x00 ( )
[READ8] addr=0x0f0083 page=0x0f memSrc=1
[READ8] CHIP: addr=0x0f0083 offset=0x0f0083 value=0x00 ( )
[READ8] addr=0x0f0084 page=0x0f memSrc=1
[READ8] CHIP: addr=0x0f0084 offset=0x0f0084 value=0x00 ( )
[MEMORY-READ] readMemory32(0xf0081) = 0x00000000
[MOIRA] Overclocking set to 100x
[MoiraEmulator] Overclocking set to 100x
[SOCKET:door:status] { status: 'running' }
[BBSConfig] Loaded configuration from bbsConfig.info
[BBSConfig] Loaded configuration overrides from bbsConfig.info.txt
[DoorDropFile] Initialized
  BBS root: /Users/spot/Code/amiexpress-web
  BBS name: Uptown (from bbsConfig.info)
  Sysop: Spot (from bbsConfig.info)
[NodeStatusManager] Initializing multiPort semaphore structure...
[NodeStatusManager] Node 0 singlePort at 0xb1000: (inactive)
[NodeStatusManager] Node 1 singlePort at 0xb1200: (inactive)
[NodeStatusManager] Node 2 singlePort at 0xb1400: (inactive)
[NodeStatusManager] Node 3 singlePort at 0xb1600: (inactive)
[NodeStatusManager] Node 4 singlePort at 0xb1800: (inactive)
[NodeStatusManager] Node 5 singlePort at 0xb1a00: (inactive)
[NodeStatusManager] Node 6 singlePort at 0xb1c00: (inactive)
[NodeStatusManager] Node 7 singlePort at 0xb1e00: (inactive)
[NodeStatusManager] Node 8 singlePort at 0xb2000: (inactive)
[NodeStatusManager] Node 9 singlePort at 0xb2200: (inactive)
[NodeStatusManager] Node 10 singlePort at 0xb2400: (inactive)
[NodeStatusManager] Node 11 singlePort at 0xb2600: (inactive)
[NodeStatusManager] Node 12 singlePort at 0xb2800: (inactive)
[NodeStatusManager] Node 13 singlePort at 0xb2a00: (inactive)
[NodeStatusManager] Node 14 singlePort at 0xb2c00: (inactive)
[NodeStatusManager] Node 15 singlePort at 0xb2e00: (inactive)
[NodeStatusManager] Node 16 singlePort at 0xb3000: (inactive)
[NodeStatusManager] Node 17 singlePort at 0xb3200: (inactive)
[NodeStatusManager] Node 18 singlePort at 0xb3400: (inactive)
[NodeStatusManager] Node 19 singlePort at 0xb3600: (inactive)
[NodeStatusManager] Node 20 singlePort at 0xb3800: (inactive)
[NodeStatusManager] Node 21 singlePort at 0xb3a00: (inactive)
[NodeStatusManager] Node 22 singlePort at 0xb3c00: (inactive)
[NodeStatusManager] Node 23 singlePort at 0xb3e00: (inactive)
[NodeStatusManager] Node 24 singlePort at 0xb4000: (inactive)
[NodeStatusManager] Node 25 singlePort at 0xb4200: (inactive)
[NodeStatusManager] Node 26 singlePort at 0xb4400: (inactive)
[NodeStatusManager] Node 27 singlePort at 0xb4600: (inactive)
[NodeStatusManager] Node 28 singlePort at 0xb4800: (inactive)
[NodeStatusManager] Node 29 singlePort at 0xb4a00: (inactive)
[NodeStatusManager] Node 30 singlePort at 0xb4c00: (inactive)
[NodeStatusManager] Node 31 singlePort at 0xb4e00: (inactive)
[NodeStatusManager] Node 32 singlePort at 0xb5000: (inactive)
[NodeStatusManager] Node 33 singlePort at 0xb5200: (inactive)
[NodeStatusManager] Node 34 singlePort at 0xb5400: (inactive)
[NodeStatusManager] Node 35 singlePort at 0xb5600: (inactive)
[NodeStatusManager] Node 36 singlePort at 0xb5800: (inactive)
[NodeStatusManager] Node 37 singlePort at 0xb5a00: (inactive)
[NodeStatusManager] Node 38 singlePort at 0xb5c00: (inactive)
[NodeStatusManager] Node 39 singlePort at 0xb5e00: (inactive)
[NodeStatusManager] Node 40 singlePort at 0xb6000: (inactive)
[NodeStatusManager] Node 41 singlePort at 0xb6200: (inactive)
[NodeStatusManager] Node 42 singlePort at 0xb6400: (inactive)
[NodeStatusManager] Node 43 singlePort at 0xb6600: (inactive)
[NodeStatusManager] Node 44 singlePort at 0xb6800: (inactive)
[NodeStatusManager] Node 45 singlePort at 0xb6a00: (inactive)
[NodeStatusManager] Node 46 singlePort at 0xb6c00: (inactive)
[NodeStatusManager] Node 47 singlePort at 0xb6e00: (inactive)
[NodeStatusManager] Node 48 singlePort at 0xb7000: (inactive)
[NodeStatusManager] Node 49 singlePort at 0xb7200: (inactive)
[NodeStatusManager] Node 50 singlePort at 0xb7400: (inactive)
[NodeStatusManager] Node 51 singlePort at 0xb7600: (inactive)
[NodeStatusManager] Node 52 singlePort at 0xb7800: (inactive)
[NodeStatusManager] Node 53 singlePort at 0xb7a00: (inactive)
[NodeStatusManager] Node 54 singlePort at 0xb7c00: (inactive)
[NodeStatusManager] Node 55 singlePort at 0xb7e00: (inactive)
[NodeStatusManager] Node 56 singlePort at 0xb8000: (inactive)
[NodeStatusManager] Node 57 singlePort at 0xb8200: (inactive)
[NodeStatusManager] Node 58 singlePort at 0xb8400: (inactive)
[NodeStatusManager] Node 59 singlePort at 0xb8600: (inactive)
[NodeStatusManager] Node 60 singlePort at 0xb8800: (inactive)
[NodeStatusManager] Node 61 singlePort at 0xb8a00: (inactive)
[NodeStatusManager] Node 62 singlePort at 0xb8c00: (inactive)
[NodeStatusManager] Node 63 singlePort at 0xb8e00: (inactive)
[NodeStatusManager] Node 64 singlePort at 0xb9000: (inactive)
[NodeStatusManager] Node 65 singlePort at 0xb9200: (inactive)
[NodeStatusManager] Node 66 singlePort at 0xb9400: (inactive)
[NodeStatusManager] Node 67 singlePort at 0xb9600: (inactive)
[NodeStatusManager] Node 68 singlePort at 0xb9800: (inactive)
[NodeStatusManager] Node 69 singlePort at 0xb9a00: (inactive)
[NodeStatusManager] Node 70 singlePort at 0xb9c00: (inactive)
[NodeStatusManager] Node 71 singlePort at 0xb9e00: (inactive)
[NodeStatusManager] Node 72 singlePort at 0xba000: (inactive)
[NodeStatusManager] Node 73 singlePort at 0xba200: (inactive)
[NodeStatusManager] Node 74 singlePort at 0xba400: (inactive)
[NodeStatusManager] Node 75 singlePort at 0xba600: (inactive)
[NodeStatusManager] Node 76 singlePort at 0xba800: (inactive)
[NodeStatusManager] Node 77 singlePort at 0xbaa00: (inactive)
[NodeStatusManager] Node 78 singlePort at 0xbac00: (inactive)
[NodeStatusManager] Node 79 singlePort at 0xbae00: (inactive)
[NodeStatusManager] Node 80 singlePort at 0xbb000: (inactive)
[NodeStatusManager] Node 81 singlePort at 0xbb200: (inactive)
[NodeStatusManager] Node 82 singlePort at 0xbb400: (inactive)
[NodeStatusManager] Node 83 singlePort at 0xbb600: (inactive)
[NodeStatusManager] Node 84 singlePort at 0xbb800: (inactive)
[NodeStatusManager] Node 85 singlePort at 0xbba00: (inactive)
[NodeStatusManager] Node 86 singlePort at 0xbbc00: (inactive)
[NodeStatusManager] Node 87 singlePort at 0xbbe00: (inactive)
[NodeStatusManager] Node 88 singlePort at 0xbc000: (inactive)
[NodeStatusManager] Node 89 singlePort at 0xbc200: (inactive)
[NodeStatusManager] Node 90 singlePort at 0xbc400: (inactive)
[NodeStatusManager] Node 91 singlePort at 0xbc600: (inactive)
[NodeStatusManager] Node 92 singlePort at 0xbc800: (inactive)
[NodeStatusManager] Node 93 singlePort at 0xbca00: (inactive)
[NodeStatusManager] Node 94 singlePort at 0xbcc00: (inactive)
[NodeStatusManager] Node 95 singlePort at 0xbce00: (inactive)
[NodeStatusManager] Node 96 singlePort at 0xbd000: (inactive)
[NodeStatusManager] Node 97 singlePort at 0xbd200: (inactive)
[NodeStatusManager] Node 98 singlePort at 0xbd400: (inactive)
[NodeStatusManager] Node 99 singlePort at 0xbd600: (inactive)
[NodeStatusManager] Node 100 singlePort at 0xbd800: (inactive)
[NodeStatusManager] Node 101 singlePort at 0xbda00: (inactive)
[NodeStatusManager] Node 102 singlePort at 0xbdc00: (inactive)
[NodeStatusManager] Node 103 singlePort at 0xbde00: (inactive)
[NodeStatusManager] Node 104 singlePort at 0xbe000: (inactive)
[NodeStatusManager] Node 105 singlePort at 0xbe200: (inactive)
[NodeStatusManager] Node 106 singlePort at 0xbe400: (inactive)
[NodeStatusManager] Node 107 singlePort at 0xbe600: (inactive)
[NodeStatusManager] Node 108 singlePort at 0xbe800: (inactive)
[NodeStatusManager] Node 109 singlePort at 0xbea00: (inactive)
[NodeStatusManager] Node 110 singlePort at 0xbec00: (inactive)
[NodeStatusManager] Node 111 singlePort at 0xbee00: (inactive)
[NodeStatusManager] Node 112 singlePort at 0xbf000: (inactive)
[NodeStatusManager] Node 113 singlePort at 0xbf200: (inactive)
[NodeStatusManager] Node 114 singlePort at 0xbf400: (inactive)
[NodeStatusManager] Node 115 singlePort at 0xbf600: (inactive)
[NodeStatusManager] Node 116 singlePort at 0xbf800: (inactive)
[NodeStatusManager] Node 117 singlePort at 0xbfa00: (inactive)
[NodeStatusManager] Node 118 singlePort at 0xbfc00: (inactive)
[NodeStatusManager] Node 119 singlePort at 0xbfe00: (inactive)
[NodeStatusManager] Node 120 singlePort at 0xc0000: (inactive)
[NodeStatusManager] Node 121 singlePort at 0xc0200: (inactive)
[NodeStatusManager] Node 122 singlePort at 0xc0400: (inactive)
[NodeStatusManager] Node 123 singlePort at 0xc0600: (inactive)
[NodeStatusManager] Node 124 singlePort at 0xc0800: (inactive)
[NodeStatusManager] Node 125 singlePort at 0xc0a00: (inactive)
[NodeStatusManager] Node 126 singlePort at 0xc0c00: (inactive)
[NodeStatusManager] Node 127 singlePort at 0xc0e00: (inactive)
[NodeStatusManager] Node 128 singlePort at 0xc1000: (inactive)
[NodeStatusManager] Node 129 singlePort at 0xc1200: (inactive)
[NodeStatusManager] Node 130 singlePort at 0xc1400: (inactive)
[NodeStatusManager] Node 131 singlePort at 0xc1600: (inactive)
[NodeStatusManager] Node 132 singlePort at 0xc1800: (inactive)
[NodeStatusManager] Node 133 singlePort at 0xc1a00: (inactive)
[NodeStatusManager] Node 134 singlePort at 0xc1c00: (inactive)
[NodeStatusManager] Node 135 singlePort at 0xc1e00: (inactive)
[NodeStatusManager] Node 136 singlePort at 0xc2000: (inactive)
[NodeStatusManager] Node 137 singlePort at 0xc2200: (inactive)
[NodeStatusManager] Node 138 singlePort at 0xc2400: (inactive)
[NodeStatusManager] Node 139 singlePort at 0xc2600: (inactive)
[NodeStatusManager] Node 140 singlePort at 0xc2800: (inactive)
[NodeStatusManager] Node 141 singlePort at 0xc2a00: (inactive)
[NodeStatusManager] Node 142 singlePort at 0xc2c00: (inactive)
[NodeStatusManager] Node 143 singlePort at 0xc2e00: (inactive)
[NodeStatusManager] Node 144 singlePort at 0xc3000: (inactive)
[NodeStatusManager] Node 145 singlePort at 0xc3200: (inactive)
[NodeStatusManager] Node 146 singlePort at 0xc3400: (inactive)
[NodeStatusManager] Node 147 singlePort at 0xc3600: (inactive)
[NodeStatusManager] Node 148 singlePort at 0xc3800: (inactive)
[NodeStatusManager] Node 149 singlePort at 0xc3a00: (inactive)
[NodeStatusManager] Node 150 singlePort at 0xc3c00: (inactive)
[NodeStatusManager] Node 151 singlePort at 0xc3e00: (inactive)
[NodeStatusManager] Node 152 singlePort at 0xc4000: (inactive)
[NodeStatusManager] Node 153 singlePort at 0xc4200: (inactive)
[NodeStatusManager] Node 154 singlePort at 0xc4400: (inactive)
[NodeStatusManager] Node 155 singlePort at 0xc4600: (inactive)
[NodeStatusManager] Node 156 singlePort at 0xc4800: (inactive)
[NodeStatusManager] Node 157 singlePort at 0xc4a00: (inactive)
[NodeStatusManager] Node 158 singlePort at 0xc4c00: (inactive)
[NodeStatusManager] Node 159 singlePort at 0xc4e00: (inactive)
[NodeStatusManager] Node 160 singlePort at 0xc5000: (inactive)
[NodeStatusManager] Node 161 singlePort at 0xc5200: (inactive)
[NodeStatusManager] Node 162 singlePort at 0xc5400: (inactive)
[NodeStatusManager] Node 163 singlePort at 0xc5600: (inactive)
[NodeStatusManager] Node 164 singlePort at 0xc5800: (inactive)
[NodeStatusManager] Node 165 singlePort at 0xc5a00: (inactive)
[NodeStatusManager] Node 166 singlePort at 0xc5c00: (inactive)
[NodeStatusManager] Node 167 singlePort at 0xc5e00: (inactive)
[NodeStatusManager] Node 168 singlePort at 0xc6000: (inactive)
[NodeStatusManager] Node 169 singlePort at 0xc6200: (inactive)
[NodeStatusManager] Node 170 singlePort at 0xc6400: (inactive)
[NodeStatusManager] Node 171 singlePort at 0xc6600: (inactive)
[NodeStatusManager] Node 172 singlePort at 0xc6800: (inactive)
[NodeStatusManager] Node 173 singlePort at 0xc6a00: (inactive)
[NodeStatusManager] Node 174 singlePort at 0xc6c00: (inactive)
[NodeStatusManager] Node 175 singlePort at 0xc6e00: (inactive)
[NodeStatusManager] Node 176 singlePort at 0xc7000: (inactive)
[NodeStatusManager] Node 177 singlePort at 0xc7200: (inactive)
[NodeStatusManager] Node 178 singlePort at 0xc7400: (inactive)
[NodeStatusManager] Node 179 singlePort at 0xc7600: (inactive)
[NodeStatusManager] Node 180 singlePort at 0xc7800: (inactive)
[NodeStatusManager] Node 181 singlePort at 0xc7a00: (inactive)
[NodeStatusManager] Node 182 singlePort at 0xc7c00: (inactive)
[NodeStatusManager] Node 183 singlePort at 0xc7e00: (inactive)
[NodeStatusManager] Node 184 singlePort at 0xc8000: (inactive)
[NodeStatusManager] Node 185 singlePort at 0xc8200: (inactive)
[NodeStatusManager] Node 186 singlePort at 0xc8400: (inactive)
[NodeStatusManager] Node 187 singlePort at 0xc8600: (inactive)
[NodeStatusManager] Node 188 singlePort at 0xc8800: (inactive)
[NodeStatusManager] Node 189 singlePort at 0xc8a00: (inactive)
[NodeStatusManager] Node 190 singlePort at 0xc8c00: (inactive)
[NodeStatusManager] Node 191 singlePort at 0xc8e00: (inactive)
[NodeStatusManager] Node 192 singlePort at 0xc9000: (inactive)
[NodeStatusManager] Node 193 singlePort at 0xc9200: (inactive)
[NodeStatusManager] Node 194 singlePort at 0xc9400: (inactive)
[NodeStatusManager] Node 195 singlePort at 0xc9600: (inactive)
[NodeStatusManager] Node 196 singlePort at 0xc9800: (inactive)
[NodeStatusManager] Node 197 singlePort at 0xc9a00: (inactive)
[NodeStatusManager] Node 198 singlePort at 0xc9c00: (inactive)
[NodeStatusManager] Node 199 singlePort at 0xc9e00: (inactive)
[NodeStatusManager] Node 200 singlePort at 0xca000: (inactive)
[NodeStatusManager] Node 201 singlePort at 0xca200: (inactive)
[NodeStatusManager] Node 202 singlePort at 0xca400: (inactive)
[NodeStatusManager] Node 203 singlePort at 0xca600: (inactive)
[NodeStatusManager] Node 204 singlePort at 0xca800: (inactive)
[NodeStatusManager] Node 205 singlePort at 0xcaa00: (inactive)
[NodeStatusManager] Node 206 singlePort at 0xcac00: (inactive)
[NodeStatusManager] Node 207 singlePort at 0xcae00: (inactive)
[NodeStatusManager] Node 208 singlePort at 0xcb000: (inactive)
[NodeStatusManager] Node 209 singlePort at 0xcb200: (inactive)
[NodeStatusManager] Node 210 singlePort at 0xcb400: (inactive)
[NodeStatusManager] Node 211 singlePort at 0xcb600: (inactive)
[NodeStatusManager] Node 212 singlePort at 0xcb800: (inactive)
[NodeStatusManager] Node 213 singlePort at 0xcba00: (inactive)
[NodeStatusManager] Node 214 singlePort at 0xcbc00: (inactive)
[NodeStatusManager] Node 215 singlePort at 0xcbe00: (inactive)
[NodeStatusManager] Node 216 singlePort at 0xcc000: (inactive)
[NodeStatusManager] Node 217 singlePort at 0xcc200: (inactive)
[NodeStatusManager] Node 218 singlePort at 0xcc400: (inactive)
[NodeStatusManager] Node 219 singlePort at 0xcc600: (inactive)
[NodeStatusManager] Node 220 singlePort at 0xcc800: (inactive)
[NodeStatusManager] Node 221 singlePort at 0xcca00: (inactive)
[NodeStatusManager] Node 222 singlePort at 0xccc00: (inactive)
[NodeStatusManager] Node 223 singlePort at 0xcce00: (inactive)
[NodeStatusManager] Node 224 singlePort at 0xcd000: (inactive)
[NodeStatusManager] Node 225 singlePort at 0xcd200: (inactive)
[NodeStatusManager] Node 226 singlePort at 0xcd400: (inactive)
[NodeStatusManager] Node 227 singlePort at 0xcd600: (inactive)
[NodeStatusManager] Node 228 singlePort at 0xcd800: (inactive)
[NodeStatusManager] Node 229 singlePort at 0xcda00: (inactive)
[NodeStatusManager] Node 230 singlePort at 0xcdc00: (inactive)
[NodeStatusManager] Node 231 singlePort at 0xcde00: (inactive)
[NodeStatusManager] Node 232 singlePort at 0xce000: (inactive)
[NodeStatusManager] Node 233 singlePort at 0xce200: (inactive)
[NodeStatusManager] Node 234 singlePort at 0xce400: (inactive)
[NodeStatusManager] Node 235 singlePort at 0xce600: (inactive)
[NodeStatusManager] Node 236 singlePort at 0xce800: (inactive)
[NodeStatusManager] Node 237 singlePort at 0xcea00: (inactive)
[NodeStatusManager] Node 238 singlePort at 0xcec00: (inactive)
[NodeStatusManager] Node 239 singlePort at 0xcee00: (inactive)
[NodeStatusManager] Node 240 singlePort at 0xcf000: (inactive)
[NodeStatusManager] Node 241 singlePort at 0xcf200: (inactive)
[NodeStatusManager] Node 242 singlePort at 0xcf400: (inactive)
[NodeStatusManager] Node 243 singlePort at 0xcf600: (inactive)
[NodeStatusManager] Node 244 singlePort at 0xcf800: (inactive)
[NodeStatusManager] Node 245 singlePort at 0xcfa00: (inactive)
[NodeStatusManager] Node 246 singlePort at 0xcfc00: (inactive)
[NodeStatusManager] Node 247 singlePort at 0xcfe00: (inactive)
[NodeStatusManager] Node 248 singlePort at 0xd0000: (inactive)
[NodeStatusManager] Node 249 singlePort at 0xd0200: (inactive)
[NodeStatusManager] Node 250 singlePort at 0xd0400: (inactive)
[NodeStatusManager] Node 251 singlePort at 0xd0600: (inactive)
[NodeStatusManager] Node 252 singlePort at 0xd0800: (inactive)
[NodeStatusManager] Node 253 singlePort at 0xd0a00: (inactive)
[NodeStatusManager] Node 254 singlePort at 0xd0c00: (inactive)
[NodeStatusManager] Registering AEServer semaphores...
[NodeStatusManager] MultiPort at 0xb0000
[NodeStatusManager] Node status structures initialized and registered
[DoorLifecycleManager] NodeStatusManager initialized for WHO doors
[NodeStatusManager] Node 5 singlePort at 0xb1a00: Sysop
[BatchScheduler] Loaded 2 EXECUTE_ON_* tooltypes from bbsConfig.info
[NodeStatusManager] Updated node 5: Sysop - ENV_DOORS
[DoorLifecycleManager] Node 5 updated: Sysop from Local Console
[ExecLibrary] PutMsg: Calling Signal(task=0x4900, mask=0x40000) sigBit=18 portName=Door Task Port
[ExecLibrary] Signal APPLIED: sigRecvd 0x0 -> 0x40000, sigWait=0x0, isWaiting=false
[MOIRA] Overclocking set to 100x
[MoiraEmulator] Overclocking set to 100x
[LibraryTraps] VERIFICATION: All 164 ILLEGAL instructions verified OK
[LibraryTraps] Synced 164 trap addresses to MOIRA for batch execution
[exec-vectors] AllocMem TRAP: size=16232 (0x3f68) flags=0x10000
[exec-vectors] AllocMem TRAP result: 0x1034fc
[DoorLifecycleManager] DETECTED AEDoorPort via findPort at 0x103474 - updating XIMProtocol (hasXIM=true)
[XIMProtocol] setXimPortAddress: UPDATING port from 0x100000 to 0x103474
[ExecLibrary] CAPTURED actual AEDoorPort address: 0x103474 (port="AEDoorPort5")
[ExecLibrary] Forbid() - stub (no-op)
[LibraryTraps] LVOs.i not found; stub vectors disabled
[DoorLoader] No DATA segment found - allocating synthetic BSS for single-hunk executable
[DoorLoader] Segment types: code
[ExecLibrary] Permit() - stub (no-op)
[exec-vectors] FindTask TRAP: name="(null - current task)"
[exec-vectors] FindTask TRAP result: 0x4900
[ExecLibrary][Trap][WaitPort] port=0x495c name=Door Task Port
[ExecLibrary][Trap][GetMsg] port=0x495c name=Door Task Port
[ExecLibrary][GetMsg] Door received message:
  ln_Type=5 (6=NT_REPLYMSG)
  Command=0 (at 0xE0)
  Data=0 (at 0xDC)
  String="" (at 0x14)
[exec-vectors] OpenLibrary TRAP: name="intuition.library" version=33
[LibraryLoader] Loading intuition.library (version >= 33)
[LibraryLoader] ✅ intuition.library is ROM-resident (using Kickstart ROM)
[LibraryLoader]   ROM libraries are native code in ROM, not loaded from disk
[exec-vectors] OpenLibrary TRAP result: 0xe0000
[exec-vectors] OpenLibrary TRAP: name="graphics.library" version=33
[LibraryLoader] Loading graphics.library (version >= 33)
[LibraryLoader] ✅ graphics.library is ROM-resident (using Kickstart ROM)
[LibraryLoader]   ROM libraries are native code in ROM, not loaded from disk
[exec-vectors] OpenLibrary TRAP result: 0xe8000
[exec-vectors] OpenLibrary TRAP: name="dos.library" version=33
[LibraryLoader] Loading dos.library (version >= 33)
[LibraryLoader] ✅ dos.library is ROM-resident (using Kickstart ROM)
[LibraryLoader]   ROM libraries are native code in ROM, not loaded from disk
[LibraryTraps] Installing dos.library vectors at base 0xb0000
  [Open] Vector at 0xaffe2 (offset -30)
  [Close] Vector at 0xaffdc (offset -36)
  [Read] Vector at 0xaffd6 (offset -42)
  [Write] Vector at 0xaffd0 (offset -48)
  [Input] Vector at 0xaffca (offset -54)
  [Output] Vector at 0xaffc4 (offset -60)
  [Seek] Vector at 0xaffbe (offset -66)
  [FGetC] Vector at 0xafece (offset -306)
  [FPutC] Vector at 0xafec8 (offset -312)
  [UnGetC] Vector at 0xafec2 (offset -318)
  [FRead] Vector at 0xafebc (offset -324)
  [FWrite] Vector at 0xafeb6 (offset -330)
  [FGets] Vector at 0xafeb0 (offset -336)
  [FPuts] Vector at 0xafeaa (offset -342)
  [Flush] Vector at 0xafe98 (offset -360)
  [Lock] Vector at 0xaffac (offset -84)
  [UnLock] Vector at 0xaffa6 (offset -90)
  [DupLock] Vector at 0xaffa0 (offset -96)
  [Examine] Vector at 0xaff9a (offset -102)
  [ExNext] Vector at 0xaff94 (offset -108)
  [CreateDir] Vector at 0xaff88 (offset -120)
  [CurrentDir] Vector at 0xaff82 (offset -126)
  [IoErr] Vector at 0xaff7c (offset -132)
  [DateStamp] Vector at 0xaff40 (offset -192)
  [Delay] Vector at 0xaff3a (offset -198)
  [WaitForChar] Vector at 0xaff34 (offset -204)
  [Exit] Vector at 0xaff70 (offset -144)
  [NameFromLock] Vector at 0xafe6e (offset -402)
  [ReadArgs] Vector at 0xafce2 (offset -798)
  [FreeArgs] Vector at 0xafca6 (offset -858)
  [DosStub_-298] Vector at 0xafed6 (offset -298)
  [DateToStr] Vector at 0xafd18 (offset -744)
  [StrToDate] Vector at 0xafd12 (offset -750)
  [SelectInput] Vector at 0xaff28 (offset -216)
  [SelectOutput] Vector at 0xaff22 (offset -222)
  [AllocDosObject] Vector at 0xaff1c (offset -228)
  [FreeDosObject] Vector at 0xaff16 (offset -234)
  [OpenFromLock] Vector at 0xafe86 (offset -378)
  [DeleteFile] Vector at 0xaffb8 (offset -72)
  [Rename] Vector at 0xaffb2 (offset -78)
  [Info] Vector at 0xaff8e (offset -114)
  [SetComment] Vector at 0xaff58 (offset -168)
  [SetProtection] Vector at 0xaff52 (offset -174)
  [AddPart] Vector at 0xafed4 (offset -300)
  [FilePart] Vector at 0xafee0 (offset -288)
  [PathPart] Vector at 0xafeda (offset -294)
  [CreateProc] Vector at 0xaff76 (offset -138)
  [LoadSeg] Vector at 0xaff6a (offset -150)
  [UnLoadSeg] Vector at 0xaff64 (offset -156)
  [DeviceProc] Vector at 0xaff5e (offset -162)
  [WaitForChar_180] Vector at 0xaff4c (offset -180)
  [VPrintf] Vector at 0xafef8 (offset -264)
  [Fault] Vector at 0xafe7a (offset -390)
  [PrintFault] Vector at 0xafe74 (offset -396)
  [Cli] Vector at 0xafe14 (offset -492)
  [FGetC_516] Vector at 0xafdfc (offset -516)
  [FPutC_522] Vector at 0xafdf6 (offset -522)
  [FRead_534] Vector at 0xafdea (offset -534)
  [FWrite_540] Vector at 0xafde4 (offset -540)
  [FGets_546] Vector at 0xafdde (offset -546)
  [FPuts_552] Vector at 0xafdd8 (offset -552)
  [VFPrintf] Vector at 0xafdcc (offset -564)
  [ReadArgs_804] Vector at 0xafcdc (offset -804)
  [FreeArgs_810] Vector at 0xafcd6 (offset -810)
[LibraryTraps] Installed 64 dos.library vectors
[exec-vectors] OpenLibrary TRAP result: 0xb0000
[exec-vectors] AllocMem TRAP: size=272 (0x110) flags=0x10000
[exec-vectors] AllocMem TRAP result: 0x107464
[exec-vectors] AllocMem TRAP: size=272 (0x110) flags=0x10000
[exec-vectors] AllocMem TRAP result: 0x107574
[exec-vectors] AllocMem TRAP: size=272 (0x110) flags=0x10000
[exec-vectors] AllocMem TRAP result: 0x107464
[exec-vectors] AllocMem TRAP: size=272 (0x110) flags=0x10000
[exec-vectors] AllocMem TRAP result: 0x107574
[exec-vectors] AllocMem TRAP: size=272 (0x110) flags=0x10000
[exec-vectors] AllocMem TRAP result: 0x107464
[exec-vectors] AllocMem TRAP: size=272 (0x110) flags=0x10000
[exec-vectors] AllocMem TRAP result: 0x107574
[exec-vectors] AllocMem TRAP: size=272 (0x110) flags=0x10000
[exec-vectors] AllocMem TRAP result: 0x107464
[exec-vectors] AllocMem TRAP: size=272 (0x110) flags=0x10000
[exec-vectors] AllocMem TRAP result: 0x107574
[exec-vectors] AllocMem TRAP: size=1017 (0x3f9) flags=0x10000
[exec-vectors] AllocMem TRAP result: 0x107464
[exec-vectors] AllocMem TRAP: size=613 (0x265) flags=0x10000
[exec-vectors] AllocMem TRAP result: 0x107860
[exec-vectors] OpenLibrary TRAP: name="bsdsocket.library" version=4
[LibraryLoader] Loading bsdsocket.library (version >= 4)
[LibraryLoader] Library file not found: bsdsocket.library
[LibraryTraps] Installing bsdsocket.library vectors at base 0xf2000
  [socket] Vector at 0xf1fe2 (offset -30)
  [bind] Vector at 0xf1fdc (offset -36)
  [listen] Vector at 0xf1fd6 (offset -42)
  [accept] Vector at 0xf1fd0 (offset -48)
  [connect] Vector at 0xf1fca (offset -54)
  [sendto] Vector at 0xf1fc4 (offset -60)
  [send] Vector at 0xf1fbe (offset -66)
  [recvfrom] Vector at 0xf1fb8 (offset -72)
  [recv] Vector at 0xf1fb2 (offset -78)
  [shutdown] Vector at 0xf1fac (offset -84)
  [setsockopt] Vector at 0xf1fa6 (offset -90)
  [getsockopt] Vector at 0xf1fa0 (offset -96)
  [getsockname] Vector at 0xf1f9a (offset -102)
  [getpeername] Vector at 0xf1f94 (offset -108)
  [IoctlSocket] Vector at 0xf1f8e (offset -114)
  [CloseSocket] Vector at 0xf1f88 (offset -120)
  [WaitSelect] Vector at 0xf1f82 (offset -126)
  [SetSocketSignals] Vector at 0xf1f7c (offset -132)
  [getdtablesize] Vector at 0xf1f76 (offset -138)
  [ObtainSocket] Vector at 0xf1f70 (offset -144)
  [ReleaseSocket] Vector at 0xf1f6a (offset -150)
  [ReleaseCopyOfSocket] Vector at 0xf1f64 (offset -156)
  [Errno] Vector at 0xf1f5e (offset -162)
  [SetErrnoPtr] Vector at 0xf1f58 (offset -168)
  [Inet_NtoA] Vector at 0xf1f52 (offset -174)
  [inet_addr] Vector at 0xf1f4c (offset -180)
  [Inet_LnaOf] Vector at 0xf1f46 (offset -186)
  [Inet_NetOf] Vector at 0xf1f40 (offset -192)
  [Inet_MakeAddr] Vector at 0xf1f3a (offset -198)
  [inet_network] Vector at 0xf1f34 (offset -204)
  [gethostbyname] Vector at 0xf1f2e (offset -210)
  [gethostbyaddr] Vector at 0xf1f28 (offset -216)
  [getnetbyname] Vector at 0xf1f22 (offset -222)
  [getnetbyaddr] Vector at 0xf1f1c (offset -228)
  [getservbyname] Vector at 0xf1f16 (offset -234)
  [getservbyport] Vector at 0xf1f10 (offset -240)
  [getprotobyname] Vector at 0xf1f0a (offset -246)
  [getprotobynumber] Vector at 0xf1f04 (offset -252)
  [vsyslog] Vector at 0xf1efe (offset -258)
  [Dup2Socket] Vector at 0xf1ef8 (offset -264)
  [sendmsg] Vector at 0xf1ef2 (offset -270)
  [recvmsg] Vector at 0xf1eec (offset -276)
  [gethostname] Vector at 0xf1ee6 (offset -282)
  [gethostid] Vector at 0xf1ee0 (offset -288)
  [SocketBaseTagList] Vector at 0xf1eda (offset -294)
  [GetSocketEvents] Vector at 0xf1ed4 (offset -300)
[LibraryTraps] Installed 46 bsdsocket.library vectors
[exec-vectors] OpenLibrary TRAP result: 0xf2000
[exec-vectors] OpenLibrary TRAP: name="amisslmaster.library" version=4
[LibraryLoader] Loading amisslmaster.library (version >= 4)
[LibraryLoader] Library file not found: amisslmaster.library
[LibraryTraps] Installing amisslmaster.library vectors at base 0xf4000
  [InitAmiSSLMaster] Vector at 0xf3fe2 (offset -30)
  [OpenAmiSSL] Vector at 0xf3fdc (offset -36)
  [CloseAmiSSL] Vector at 0xf3fd6 (offset -42)
[LibraryTraps] Installed 3 amisslmaster.library vectors
[exec-vectors] OpenLibrary TRAP result: 0xf4000
[DebugMonitor] A6 change pc=0x1fff76 newA6=0xf4000 allowed=false sp=0x105d50 stack=[SP+0=0x2e84 SP+4=0x0 SP+8=0x0 SP+12=0x106eac SP+16=0x27dc] lastPCs=[0x370a,0x7ff2e,0x37a0,0x7fdd8,0x2dfa,0x7fdd8,0x2e3c,0x1fff76]
[AEDoorLibrary][Trap] PostDeleteComm intercepted
[AEDoorLibrary] PostDeleteComm: creating, shutting down, and cleaning up
[AEDoorLibrary] CreateComm for node 5
[AEDoorLibrary] Found BBS port "AEDoorPort5" at 0x103474
[AEDoorLibrary] Populating BBSInfo at DIFace 0x107464
[AEDoorLibrary] Wrote node ID 5 to BBSInfo+0xf
[AEDoorLibrary] BBSInfo populated:
[AEDoorLibrary]   Username: "Sysop" at 0x1074be
[AEDoorLibrary]   Location: "Local Console" at 0x107586
[AEDoorLibrary]   BBS Name: "AmiExpress-Web" at 0x1075ca
[AEDoorLibrary]   Date: "01-21-2026" at 0x1075fa
[AEDoorLibrary]   Time: "22:50:39" at 0x10761a
[AEDoorLibrary] Verification read-back:
[AEDoorLibrary]   Username: "Sysop"
[AEDoorLibrary]   Location: "Local Console"
[AEDoorLibrary]   BBS Name: "AmiExpress-Web"
[XIMMessageParser] Parsed jhMessage:
  Address: 0x1074aa
  Length: 256 (layout=long)
  Reply Port: 0x1075ac
  Command: 2 (JH_SHUTDOWN)
  Data: 1282368353 (0x4c6f6361)
  Node: 1853058924, Line: 1694498816
  Signal: 0, Task: 0x0
  Semi: 0x0
  Filler1: 0x0, Filler2: 0x0
  StrPtr: n/a, Filler3: n/a
  String: "Sysop"
[XIMProtocol] handleMessage: cmd=2 (JH_SHUTDOWN) usedXimInput=false string="Sysop"
[XIMLogger] NOT writing to JSON: jsonEnabled=false logStream=false type=JH_SHUTDOWN
[XIMLogger] NOT writing to JSON: jsonEnabled=false logStream=false type=JH_SHUTDOWN_REPLY
[ExecLibrary] replyMsg: Putting message 0x1074aa to replyPort 0x1075ac
[ExecLibrary] PutMsg: Calling Signal(task=0x4900, mask=0x2) sigBit=1 portName=DoorReplyPort5
[ExecLibrary] Signal APPLIED: sigRecvd 0x40000 -> 0x40002, sigWait=0x0, isWaiting=false
[ExecLibrary] replyMsg: Message delivered to replyPort
[DoorLifecycleManager] doorMessageCallback: Message handled for cmd=2 (XIM handler replied)
[DoorLifecycleManager] doorMessageCallback: Door sent JH_SHUTDOWN - stopping execution
[0;33m  [MODIFIED] Doors/livechat/ui/menu-bar.ts[0m
[0;37m
----------------------------------------------------[0m
[0;33m[CHANGE] Doors/livechat/ui/menu-bar.ts[0m
[0;33m-> Stopping backend...[0m
[0;32m[OK] Backend stopped[0m
[0;36m
-> Starting backend...[0m
[0;32m[OK] Backend started (PID: 29083)[0m
[0;37m----------------------------------------------------
[0m
[UserFileManager] Initialized
  BBS root: /Users/spot/Code/amiexpress-web
  user.data: /Users/spot/Code/amiexpress-web/user.data
  user.keys: /Users/spot/Code/amiexpress-web/user.keys
  user.misc: /Users/spot/Code/amiexpress-web/user.misc
Configuration loaded from: amiexpress.conf
[ConfigManager] Initialized with dataDir: /Users/spot/Code/amiexpress-web
[ConfigManager] process.cwd(): /Users/spot/Code/amiexpress-web/web/backend
[ConfigManager] BBS_DATA_DIR env: /Users/spot/Code/amiexpress-web
[CONFIG_DEBUG] dataDir=/Users/spot/Code/amiexpress-web
[dotenv@17.2.3] injecting env (6) from .env -- tip: 🔐 prevent building .env in docker: https://dotenvx.com/prebuild
Initializing SQLite database connection...
Database directory: /Users/spot/Code/amiexpress-web/web/backend/data
Database file: amiexpress.db
Full path: /Users/spot/Code/amiexpress-web/web/backend/data/amiexpress.db
✓ Directory exists: /Users/spot/Code/amiexpress-web/web/backend/data
Opening SQLite database...
✓ Database opened
Setting WAL mode...
✓ WAL mode set
Enabling foreign keys...
✓ Foreign keys enabled
✅ Connected to SQLite database
[BBSConfig] Loaded configuration from bbsConfig.info
[BBSConfig] Loaded configuration overrides from bbsConfig.info.txt
[DoorDropFile] Initialized
  BBS root: /Users/spot/Code/amiexpress-web
  BBS name: Uptown (from bbsConfig.info)
  Sysop: Spot (from bbsConfig.info)
[CallersLogManager] Initialized
  BBS root: /Users/spot/Code/amiexpress-web
[0;33m[WARN] Force killing backend...[0m
[0;31m[ERROR] Backend crashed with code null[0m
[command.handler] displayFlowStates: [
  'display_bull',
  'display_node_bull',
  'exec_quicknew',
  'conf_scan',
  'display_conf_bull',
  'auto_rejoin',
  'display_menu'
]
[CORS] NODE_ENV: development
[CORS] Configured origins: [
  'http://localhost:5173',
  'http://localhost:5174',
  'http://localhost:5175',
  'http://localhost:5176',
  'http://localhost:5177',
  'http://localhost:5178',
  'http://localhost:5179',
  'http://localhost:5180',
  'http://localhost:5181',
  'http://localhost:5182',
  'http://localhost:5183',
  'http://localhost:5184',
  'http://localhost:3000',
  'http://localhost:8080',
  'https://bbs.uprough.net'
]
[BBSEventEmitter] Initialized with Socket.IO server
Initializing database and loading data...
Creating database tables...
Loaded 0 AREXX scripts
Database tables created successfully
Running database migrations...
Checking for missing columns in users table...
Checking for missing columns in system_config table...
Checking for missing columns in conferences table...
All migrations completed successfully
Database migrations completed
[DB Init] Creating default data...
[DB Init] Default data already exists, skipping initialization
Default data initialized
Initializing user disk files...
User disk files initialized
Initializing message directories...
[MessageFileManager] Initializing message directories...
[MessageFileManager] Message directories initialized
Message directories initialized
Initializing conference database...
Conference database initialized
Initializing file area directories...
[FileAreaManager] Initializing file area directories...
[FileAreaManager] File area directories initialized
File area directories initialized
Initializing message index files (HeaderFile, MailStats, MailLock)...
Message index files initialized
Initializing user database files (user.data, user.keys, user.misc)...
User database files initialized
[ClientDoorBundler] Cache cleared
[Server] Cleared door bundle cache (development mode)
[INIT] bbsRoot=/Users/spot/Code/amiexpress-web
[INIT] Found 14 conferences in ConfConfig.info
[MessageBaseLoader] Loaded 14 message bases from disk
[FileAreas] Loaded 19 file areas from 14 conferences
  Scanning BBSCMD directory: /Users/spot/Code/amiexpress-web/Conf1/Commands/BBSCmd
    Directory does not exist, skipping
  Scanning BBSCMD directory: /Users/spot/Code/amiexpress-web/Commands/BBSCmd
  Scanning SYSCMD directory: /Users/spot/Code/amiexpress-web/Conf1/Commands/SysCmd
    Directory does not exist, skipping
  Scanning SYSCMD directory: /Users/spot/Code/amiexpress-web/Commands/SysCmd
[loadCommands] 144 commands loaded
[initializeDoors] Registered door: ADVTEST  Doors/ADVANCED-TEST (type: SIM)
[initializeDoors] Registered door: AMIGA68K  doors/SDKTEST/AMIGA68K (type: XIM)
[initializeDoors] Registered door: AMIGAGCC  doors/AMIGAGCC/amiga-gcc-hunk (type: XIM)
[initializeDoors] Registered door: ANSI-EDIT  Doors/ansi-editor (type: typescript)
[initializeDoors] Registered door: ARKANOID  Doors/arkanoid (type: typescript)
[initializeDoors] Registered door: B  doors/EmP_Tools/Bulls (type: XIM)
[initializeDoors] Registered door: BUBBLEBOBBLE  Doors/bubble-bobble (type: typescript)
[initializeDoors] Registered door: BESTCONF  doors/BestConf/BestConf.XIM (type: XIM)
[initializeDoors] Registered door: CARDLOBBY  Doors/card-lobby (type: typescript)
[initializeDoors] Registered door: CDEMO  Doors/INTERACTIVE-DEMO/interactive-demo (type: XIM)
[initializeDoors] Registered door: COMPTEST  Doors/COMPREHENSIVE-TEST (type: SIM)
[initializeDoors] Registered door: CP  Doors/CPLISTAN/cplistan (type: SIM)
[initializeDoors] Registered door: DASHBOARD  Doors/bbs-dashboard (type: typescript)
[initializeDoors] Registered door: DD  doors/TurboLister/TurboLister.XiM (type: XIM)
[initializeDoors] Registered door: DEL  doors/-mgs!-MgzListMan/MGZLISTMAN (type: XIM)
[initializeDoors] Registered door: DIAGNOSTIC  Doors/DIAGNOSTIC (type: SIM)
[initializeDoors] Registered door: DONKEYKONG  Doors/donkey-kong (type: typescript)
[initializeDoors] Registered door: DOORMAN  Doors/door-manager (type: typescript)
[initializeDoors] Registered door: DOORS  Doors/doors-menu (type: typescript)
[initializeDoors] Registered door: DUPESTART1  doors/CONFTOP/CONFTOP020.X (type: XIM)
[initializeDoors] Registered door: E  Doors/mail-composer (type: typescript)
[initializeDoors] Registered door: ED  doors/5D-Edit/5D-Edit (type: XIM)
[initializeDoors] Registered door: FILETEST  Doors/FILE-OPS-TEST (type: SIM)
[initializeDoors] Registered door: FIREEMBLEM  Doors/fire-emblem-v2 (type: typescript)
[initializeDoors] Registered door: FIREEMBLEMV2  Doors/fire-emblem-v2 (type: typescript)
[initializeDoors] Registered door: FROGGER  Doors/frogger (type: typescript)
[initializeDoors] Registered door: GALAGA  Doors/galaga (type: typescript)
[initializeDoors] Registered door: GLC  doors/glc/glcviewer (type: XIM)
[initializeDoors] Registered door: GMASTER  Doors/grandmaster (type: typescript)
[initializeDoors] Registered door: GWALL  Doors/gwall (type: typescript)
[initializeDoors] Registered door: GWWALL  Doors/bbslinkwall (type: typescript)
[initializeDoors] Registered door: HDRDROP  Doors/header-dropdown-demo (type: typescript)
[initializeDoors] Registered door: I  doors/EPUtils/SysInfo/SysInfo (type: XIM)
[initializeDoors] Registered door: INTDEMO  Doors/INTERACTIVE-DEMO (type: SIM)
[initializeDoors] Registered door: IRC  Doors/livechat (type: typescript)
[initializeDoors] Registered door: J  doors/emp_tools/joincnf (type: XIM)
[initializeDoors] Registered door: JOUST  Doors/joust (type: typescript)
[initializeDoors] Registered door: KICK  doors/!!!War!!!/WarKick'Em/WarKick'Em (type: XIM)
[initializeDoors] Registered door: LIVECHAT  Doors/livechat (type: typescript)
[initializeDoors] Registered door: MINIMAL  doors/SDKTEST/MINIMAL (type: XIM)
[initializeDoors] Registered door: MRC  doors/mrc/mrc_door (type: XIM)
[initializeDoors] Registered door: MRCSTAT1  doors/mrc/mrcstat1 (type: XIM)
[initializeDoors] Registered door: MTOP  doors/multitop/mtop (type: SIM)
[initializeDoors] Registered door: N  doors/AquaScan/AquaScan.000 (type: XIM)
[initializeDoors] Registered door: NEOBLESSEDSHOWCASE  Doors/neo-blessed-showcase (type: typescript)
[initializeDoors] Registered door: NEOSHOWCASE  Doors/neo-blessed-showcase (type: typescript)
[initializeDoors] Registered door: OLM  doors/!!!WAR!!!/WAROLM/WAROLM (type: XIM)
[initializeDoors] Registered door: PENGO  Doors/pengo (type: typescript)
[initializeDoors] Registered door: PHREAKWARS  Doors/phreakwars (type: typescript)
[initializeDoors] Registered door: PIPEDREAM  Doors/pipe-dream (type: typescript)
[initializeDoors] Registered door: PONG  Doors/ncurses-pong (type: typescript)
[initializeDoors] Registered door: PUZZLEBOBBLE  Doors/puzzle-bobble (type: typescript)
[initializeDoors] Registered door: RIP  /Users/spot/Code/amiexpress-web/Doors/rip-browser (type: typescript)
[initializeDoors] Registered door: RQ  doors/Sceptic/F!-Request/Request.rexx (type: AIM)
[initializeDoors] Registered door: RTW  doors/RTW/RTW (type: XIM)
[initializeDoors] Registered door: S  doors/ustats/stats (type: XIM)
[initializeDoors] Registered door: SCROLLWARS  Doors/scrollwars (type: typescript)
[initializeDoors] Registered door: SDKTEST  doors/SDKTEST/SIMPLETEST (type: XIM)
[initializeDoors] Registered door: SHADOWDEMO  Doors/widget-shadow-demo (type: typescript)
[initializeDoors] Registered door: SIZE  doors/SizeCheck/SizeCheck (type: XIM)
[initializeDoors] Registered door: SUPERQIX  Doors/super-qix (type: typescript)
[initializeDoors] Registered door: TC  Doors/telnet (type: typescript)
[initializeDoors] Registered door: TCONNECT  Doors/telnet (type: typescript)
[initializeDoors] Registered door: TICTACTOE  Doors/tic-tac-toe (type: typescript)
[initializeDoors] Registered door: TLIST  doors/SRH/TList/TLP2 (type: XIM)
[initializeDoors] Registered door: TELNET-FRONT  Doors/telnet-front (type: typescript)
[initializeDoors] Registered door: VOICECHAT  Doors/voice-chat (type: typescript)
[initializeDoors] Registered door: WHAT  doors/What/What (type: XIM)
[initializeDoors] Registered door: WHIP  Doors/whip (type: typescript)
[initializeDoors] Registered door: Z  doors/5D-ZippySearch/5D-ZippySearch (type: XIM)
[initializeDoors] Registered door: ZOOKEEPER  Doors/zoo-keeper (type: typescript)
[initializeDoors] Registered door: ARCL  doors/bbslink/bbslink (type: XIM)
[initializeDoors] Registered door: ASSN  doors/bbslink/bbslink (type: XIM)
[initializeDoors] Registered door: BBSC  doors/bbslink/bbslink (type: XIM)
[initializeDoors] Registered door: BCR  doors/bbslink/bbslink (type: XIM)
[initializeDoors] Registered door: BK  doors/bytekiller/bytekiller (type: XIM)
[initializeDoors] Registered door: BORD  doors/bbslink/bbslink (type: XIM)
[initializeDoors] Registered door: BRE  Doors/bbslink (type: typescript)
[initializeDoors] Registered door: CHAT  Doors/livechat (type: typescript)
[initializeDoors] Registered door: CONFTOP  doors/CONFTOP/CONFTOP020.X (type: XIM)
[initializeDoors] Registered door: CS  doors/AquaScan/AquaScan.020 (type: XIM)
[initializeDoors] Registered door: CTOP  doors/CONFTOP/ctop (type: XIM)
[initializeDoors] Registered door: DARK  doors/bbslink/bbslink (type: XIM)
[initializeDoors] Registered door: DKNS  doors/bbslink/bbslink (type: XIM)
[initializeDoors] Registered door: DMAS  doors/bbslink/bbslink (type: XIM)
[initializeDoors] Registered door: DMUD  doors/bbslink/bbslink (type: XIM)
[initializeDoors] Registered door: F  doors/AquaScan/AquaScan.020 (type: XIM)
[initializeDoors] Registered door: FAKE  doors/bytekiller/byteComment (type: XIM)
[initializeDoors] Registered door: FALC  doors/bbslink/bbslink (type: XIM)
[initializeDoors] Registered door: FHON  doors/bbslink/bbslink (type: XIM)
[initializeDoors] Registered door: FISH  doors/bbslink/bbslink (type: XIM)
[initializeDoors] Registered door: FR  doors/AquaScan/AquaScan.020 (type: XIM)
[initializeDoors] Registered door: GA  doors/GetAnswer/GetAnswer (type: XIM)
[initializeDoors] Registered door: GAMES  doors/5D-AdiMenu/5D-AdiMenu (type: XIM)
[initializeDoors] Registered door: GGAM  Doors/bbslink (type: typescript)
[initializeDoors] Registered door: GL  Doors/glc-viewer (type: typescript)
[initializeDoors] Registered door: GWAR  Doors/bbslink (type: typescript)
[initializeDoors] Registered door: HACK  doors/bbslink/bbslink (type: XIM)
[initializeDoors] Registered door: JUNK  doors/bbslink/bbslink (type: XIM)
[initializeDoors] Registered door: LEGN  doors/bbslink/bbslink (type: XIM)
[initializeDoors] Registered door: LINKMENU  Doors/bbslink (type: typescript)
[initializeDoors] Registered door: LINKWALL  Doors/bbslinkwall (type: typescript)
[initializeDoors] Registered door: LMON  doors/bbslink/bbslink (type: XIM)
[initializeDoors] Registered door: LORD  Doors/bbslink (type: typescript)
[initializeDoors] Registered door: LORD2  doors/bbslink/bbslink (type: XIM)
[initializeDoors] Registered door: LUNA  Doors/bbslink (type: typescript)
[initializeDoors] Registered door: MEGA  doors/bbslink/bbslink (type: XIM)
[initializeDoors] Registered door: MMOT  doors/bbslink/bbslink (type: XIM)
[initializeDoors] Registered door: MRCSTAT2  doors/mrc/mrcstat2 (type: XIM)
[initializeDoors] Registered door: MZKL  doors/bbslink/bbslink (type: XIM)
[initializeDoors] Registered door: NETR  doors/bbslink/bbslink (type: XIM)
[initializeDoors] Registered door: NSU  doors/AquaScan/AquaScan.020 (type: XIM)
[initializeDoors] Registered door: NUKE  Bossnuke (type: XIM)
[initializeDoors] Registered door: OOII  doors/bbslink/bbslink (type: XIM)
[initializeDoors] Registered door: REQ  Doors/Request/Request (type: XIM)
[initializeDoors] Registered door: SCAN  doors/AquaScan/AquaScan.020 (type: XIM)
[initializeDoors] Registered door: TEOS  doors/bbslink/bbslink (type: XIM)
[initializeDoors] Registered door: TTT  Doors/tic-tac-toe (type: typescript)
[initializeDoors] Registered door: TW2002  Doors/bbslink (type: typescript)
[initializeDoors] Registered door: ULIST  doors/5D-User/5D-User (type: XIM)
[initializeDoors] Registered door: USRP  Doors/bbslink (type: typescript)
[initializeDoors] Registered door: VSYS  doors/bbslink/bbslink (type: XIM)
[initializeDoors] Registered door: WALL  doors/dRE/dRE!WAll/dRE!WAll (type: XIM)
[initializeDoors] Total doors registered: 125
[AmigaDoorManager] Scanned 125 door definitions, 121 active
[DEPRECATED] setChatState called - state now managed by ChatSessionUseCase
[DEPRECATED] setConstants called - constants now imported directly
[DI Container] Initialized with all dependencies
[DI] setProcessOlmMessageQueue called, fn type: function
[DI] processOlmMessageQueue registered in container
[initializeData] Loaded 14 conferences, 14 bases, 19 areas, 125 doors
[Operator Chat] Handler initialized
[OK] Operator chat handler initialized
[Web Push] Initialized with VAPID credentials
[OK] Web push notifications enabled
[UserFileManager] Initialized
  BBS root: /Users/spot/Code/amiexpress-web
  user.data: /Users/spot/Code/amiexpress-web/user.data
  user.keys: /Users/spot/Code/amiexpress-web/user.keys
  user.misc: /Users/spot/Code/amiexpress-web/user.misc
[Static] Serving SDK Preview at /sdk from /Users/spot/Code/amiexpress-web/sdk/tools/preview/frontend/dist
[Static] Serving Admin Config at /admin from /Users/spot/Code/amiexpress-web/web/config-app/dist
[Static] Project root: /Users/spot/Code/amiexpress-web
[Static] Process cwd: /Users/spot/Code/amiexpress-web/web/backend
[Static] Frontend path: /Users/spot/Code/amiexpress-web/web/frontend/dist
[Static] Frontend path exists: true
[Static] Assets path exists: true
[Static] Fonts path exists: true
[Static] Assets count: 5, first 5: index-B0JZ_FSy.css, index-BHStx_gB.js, socket-BlgWwLEk.js, terminal-D0r5lDjn.js, vendor-BIF_SMrh.js
[Static] Fonts count: 12
[Static] Serving BBS Terminal at / from /Users/spot/Code/amiexpress-web/web/frontend/dist
[OK] HTTP routes registered
[OK] Database initialization complete
[SETUP] Found 1 sysop-level user(s)
[Telnet Server] Listening on port 64128
[OK] HTTP/WebSocket Server running on 0.0.0.0:3001
[WEB] BBS accessible at http://localhost:3001/
[OK] Telnet Server ready on port 64128
[TELNET] Connect: telnet localhost 64128
[SSH Key] Loaded SSH host key from /Users/spot/Code/amiexpress-web/web/backend/data/ssh/ssh_host_rsa_key
[SSH Server] Listening on port 31337
[OK] SSH Server ready on port 31337
[SSH] Connect: ssh -p 31337 user@localhost

━━━━━━━━━━━━━━━━━━━━━━━━━━━━━━━━━━━━━━━━
[READY] AmiExpress BBS is ready for connections!
━━━━━━━━━━━━━━━━━━━━━━━━━━━━━━━━━━━━━━━━

[Socket.IO Auth] New connection, has token: false, socket id: H4Obi-ARWwPT_hHFAAAB
[Socket.IO Auth] No token provided, allowing anonymous connection
Client connected from 127.0.0.1
[Operator Chat] Anonymous socket connected (no session)
[BBSConfig] Loaded configuration from bbsConfig.info
[BBSConfig] Loaded configuration overrides from bbsConfig.info.txt
[Connection] Starting welcome sequence for node 1
[Socket.IO Auth] New connection, has token: false, socket id: j-UzXYRq8sVbPeexAAAE
[Socket.IO Auth] No token provided, allowing anonymous connection
Client connected from 127.0.0.1
[Operator Chat] Anonymous socket connected (no session)
[BBSConfig] Loaded configuration from bbsConfig.info
[BBSConfig] Loaded configuration overrides from bbsConfig.info.txt
[Connection] Starting welcome sequence for node 2
Client connected from 127.0.0.1
[SessionLogManager] Started tracking session: H4Obi-ARWwPT_hHFAAAB (guest)
[BatchScheduler] Loaded 2 EXECUTE_ON_* tooltypes from bbsConfig.info
[socket-handlers] registerCommandHandler called, registering door:input listener
[SOCKET-DEBUG] Registering command handler for socket: H4Obi-ARWwPT_hHFAAAB
[Operator Chat] Setting up listeners for socket H4Obi-ARWwPT_hHFAAAB, user=anonymous
Executing: FRONTEND
[SYSOP DEBUG] COMMAND: Executing TS door: Doors/telnet-front
{
  "type": "TS",
  "location": "Doors/telnet-front"
}
Executing door: FRONTEND
[loadDoorManifestForExecution] Loading manifest for door: FRONTEND, id: frontend, path: Doors/telnet-front
[loadDoorManifestForExecution] Trying door.path: /Users/spot/Code/amiexpress-web/Doors/telnet-front/package.json
[loadDoorManifestForExecution] Found manifest via door.path, runtime: not specified
[DoorDropFile] Created DOOR.SYS for Node1
[DoorDropFile] Created DORINFO1.DEF for Node1
[CallersLog] Node1: Door: FRONTEND
[BBSEventEmitter] Emitted door_activity: Guest (node 1)
[executeTypeScriptDoor] ===== EXEC ID: mkok6tkh6jm6 =====
[executeTypeScriptDoor] Starting TypeScript door: FRONTEND
[executeTypeScriptDoor] Door path: Doors/telnet-front
[executeTypeScriptDoor] Found root index.ts, using source instead of package.json main
[executeTypeScriptDoor] Resolved path: /Users/spot/Code/amiexpress-web/Doors/telnet-front/index.ts
[executeTypeScriptDoor] Actual filesystem path: /Users/spot/Code/amiexpress-web/Doors/telnet-front/index.ts
[executeTypeScriptDoor] Importing: file:///Users/spot/Code/amiexpress-web/Doors/telnet-front/index.ts
[CHAT DEBUG] registerChatHandlers called for socket: H4Obi-ARWwPT_hHFAAAB
[CHAT DEBUG] Registering chat-only-login-submit handler for socket: H4Obi-ARWwPT_hHFAAAB
[executeTypeScriptDoor] SDK v2.0 Door detected, calling execute()
[executeTypeScriptDoor] Set inDoorManager=true
[executeTypeScriptDoor] Sent door:status: running, door-active: true
[createBBSApi] Created BBSApi, has enableMouseEvents: function
[executeTypeScriptDoor] Calling door.execute() with SDK context...
[TELNET-FRONT] Starting display
Client connected from 127.0.0.1
[SessionLogManager] Started tracking session: j-UzXYRq8sVbPeexAAAE (guest)
[socket-handlers] registerCommandHandler called, registering door:input listener
[SOCKET-DEBUG] Registering command handler for socket: j-UzXYRq8sVbPeexAAAE
[CHAT DEBUG] registerChatHandlers called for socket: j-UzXYRq8sVbPeexAAAE
[CHAT DEBUG] Registering chat-only-login-submit handler for socket: j-UzXYRq8sVbPeexAAAE
[Operator Chat] Setting up listeners for socket j-UzXYRq8sVbPeexAAAE, user=anonymous
Executing: FRONTEND
[SYSOP DEBUG] COMMAND: Executing TS door: Doors/telnet-front
{
  "type": "TS",
  "location": "Doors/telnet-front"
}
Executing door: FRONTEND
[loadDoorManifestForExecution] Loading manifest for door: FRONTEND, id: frontend, path: Doors/telnet-front
[loadDoorManifestForExecution] Trying door.path: /Users/spot/Code/amiexpress-web/Doors/telnet-front/package.json
[loadDoorManifestForExecution] Found manifest via door.path, runtime: not specified
[DoorDropFile] Created DOOR.SYS for Node2
[DoorDropFile] Created DORINFO2.DEF for Node2
[CallersLog] Node2: Door: FRONTEND
[BBSEventEmitter] Emitted door_activity: Guest (node 2)
[executeTypeScriptDoor] ===== EXEC ID: mkok6xawqe72 =====
[executeTypeScriptDoor] Starting TypeScript door: FRONTEND
[executeTypeScriptDoor] Door path: Doors/telnet-front
[executeTypeScriptDoor] Found root index.ts, using source instead of package.json main
[executeTypeScriptDoor] Resolved path: /Users/spot/Code/amiexpress-web/Doors/telnet-front/index.ts
[executeTypeScriptDoor] Actual filesystem path: /Users/spot/Code/amiexpress-web/Doors/telnet-front/index.ts
[executeTypeScriptDoor] Importing: file:///Users/spot/Code/amiexpress-web/Doors/telnet-front/index.ts
[executeTypeScriptDoor] SDK v2.0 Door detected, calling execute()
[executeTypeScriptDoor] Set inDoorManager=true
[executeTypeScriptDoor] Sent door:status: running, door-active: true
[createBBSApi] Created BBSApi, has enableMouseEvents: function
[executeTypeScriptDoor] Calling door.execute() with SDK context...
[TELNET-FRONT] Starting display
[telnet-front] Timeout waiting for active-users, using defaults
[TELNET-FRONT] Display complete
[telnet-front] Timeout waiting for active-users, using defaults
[TELNET-FRONT] Display complete
[executeTypeScriptDoor] Door.execute() returned
[executeTypeScriptDoor] Door completed successfully
[GameMode] Disabled
[executeTypeScriptDoor] Cleared inDoorManager and doorInputHandler
[executeTypeScriptDoor] Sent door:status: stopped, door-active: false
[DoorDropFile] Deleted DOOR.SYS for Node1
[DoorDropFile] Deleted DORINFO1.DEF for Node1
[CallersLog] Node1: Door exit: FRONTEND
[BBSEventEmitter] Emitted door_activity: Guest (node 1)
[Connection] Welcome sequence complete for node 1, waiting for ANSI response
[executeTypeScriptDoor] Door.execute() returned
[executeTypeScriptDoor] Door completed successfully
[GameMode] Disabled
[executeTypeScriptDoor] Cleared inDoorManager and doorInputHandler
[executeTypeScriptDoor] Sent door:status: stopped, door-active: false
[DoorDropFile] Deleted DOOR.SYS for Node2
[DoorDropFile] Deleted DORINFO2.DEF for Node2
[CallersLog] Node2: Door exit: FRONTEND
[BBSEventEmitter] Emitted door_activity: Guest (node 2)
[Connection] Welcome sequence complete for node 2, waiting for ANSI response
