[FileHandle] SEEK: bbs:node2/callerslog from=0 to=-1000 whence=2 offset=-1000 justEof=false
[FileHandle] SEEK: bbs:node2/callerslog from=0 to=0 whence=1 offset=0 justEof=false
[FileHandle] MEMORY: bbs:node2/callerslog bufLen=0 pos=0 avail=0 reading=0 eofSeekCount=0
[FileHandle] SEEK: bbs:node2/callerslog from=0 to=0 whence=1 offset=0 justEof=true
[FileHandle] SEEK: bbs:node2/callerslog from=0 to=-2000 whence=2 offset=-2000 justEof=true
[FileHandle] EOF-SEEK-BACK: bbs:node2/callerslog count=1 (seeking backwards after EOF)
[FileHandle] SEEK: bbs:node2/callerslog from=0 to=0 whence=1 offset=0 justEof=true
[FileHandle] MEMORY: bbs:node2/callerslog bufLen=0 pos=0 avail=0 reading=0 eofSeekCount=1
[FileHandle] SEEK: bbs:node2/callerslog from=0 to=0 whence=1 offset=0 justEof=true
[FileHandle] SEEK: bbs:node2/callerslog from=0 to=-3000 whence=2 offset=-3000 justEof=true
[FileHandle] EOF-SEEK-BACK: bbs:node2/callerslog count=2 (seeking backwards after EOF)
[FileHandle] SEEK: bbs:node2/callerslog from=0 to=0 whence=1 offset=0 justEof=true
[FileHandle] MEMORY: bbs:node2/callerslog bufLen=0 pos=0 avail=0 reading=0 eofSeekCount=2
[FileHandle] SEEK: bbs:node2/callerslog from=0 to=0 whence=1 offset=0 justEof=true
[FileHandle] SEEK: bbs:node2/callerslog from=0 to=-4000 whence=2 offset=-4000 justEof=true
[FileHandle] EOF-SEEK-BACK: bbs:node2/callerslog count=3 (seeking backwards after EOF)
[FileHandle] SEEK: bbs:node2/callerslog from=0 to=0 whence=1 offset=0 justEof=true
[FileHandle] MEMORY: bbs:node2/callerslog bufLen=0 pos=0 avail=0 reading=0 eofSeekCount=3
[FileHandle] LOOP DETECTED: bbs:node2/callerslog - LOCKING to permanent EOF after 3 seek-back cycles
[FileHandle] MEMORY: bbs:node1.user bufLen=239 pos=0 avail=239 reading=239 eofSeekCount=0
[FileHandle] MEMORY: bbs:systemstats bufLen=6 pos=0 avail=6 reading=6 eofSeekCount=0
[FileHandle] SEEK: bbs:node2/callerslog from=0 to=-933 whence=2 offset=-1000 justEof=false
[FileHandle] SEEK: bbs:node2/callerslog from=0 to=0 whence=1 offset=0 justEof=false
[FileHandle] MEMORY: bbs:node2/callerslog bufLen=67 pos=0 avail=67 reading=67 eofSeekCount=0
[FileHandle] MEMORY: bbs:node2/callerslog bufLen=67 pos=67 avail=0 reading=0 eofSeekCount=0
[FileHandle] SEEK: bbs:node2/callerslog from=67 to=67 whence=1 offset=0 justEof=true
[FileHandle] SEEK: bbs:node2/callerslog from=67 to=-1933 whence=2 offset=-2000 justEof=true
[FileHandle] EOF-SEEK-BACK: bbs:node2/callerslog count=1 (seeking backwards after EOF)
[FileHandle] SEEK: bbs:node2/callerslog from=0 to=0 whence=1 offset=0 justEof=true
[FileHandle] MEMORY: bbs:node2/callerslog bufLen=67 pos=0 avail=67 reading=67 eofSeekCount=1
[FileHandle] MEMORY: bbs:node2/callerslog bufLen=67 pos=67 avail=0 reading=0 eofSeekCount=1
[FileHandle] SEEK: bbs:node2/callerslog from=67 to=67 whence=1 offset=0 justEof=true
[FileHandle] SEEK: bbs:node2/callerslog from=67 to=-2933 whence=2 offset=-3000 justEof=true
[FileHandle] EOF-SEEK-BACK: bbs:node2/callerslog count=2 (seeking backwards after EOF)
[FileHandle] SEEK: bbs:node2/callerslog from=0 to=0 whence=1 offset=0 justEof=true
[FileHandle] MEMORY: bbs:node2/callerslog bufLen=67 pos=0 avail=67 reading=67 eofSeekCount=2
[FileHandle] MEMORY: bbs:node2/callerslog bufLen=67 pos=67 avail=0 reading=0 eofSeekCount=2
[FileHandle] SEEK: bbs:node2/callerslog from=67 to=67 whence=1 offset=0 justEof=true
[FileHandle] SEEK: bbs:node2/callerslog from=67 to=-3933 whence=2 offset=-4000 justEof=true
[FileHandle] EOF-SEEK-BACK: bbs:node2/callerslog count=3 (seeking backwards after EOF)
[FileHandle] SEEK: bbs:node2/callerslog from=0 to=0 whence=1 offset=0 justEof=true
[FileHandle] MEMORY: bbs:node2/callerslog bufLen=67 pos=0 avail=67 reading=67 eofSeekCount=3
[FileHandle] LOOP DETECTED: bbs:node2/callerslog - LOCKING to permanent EOF after 3 seek-back cycles
[FileHandle] MEMORY: bbs:node1.user bufLen=239 pos=0 avail=239 reading=239 eofSeekCount=0
[FileHandle] MEMORY: bbs:systemstats bufLen=6 pos=0 avail=6 reading=6 eofSeekCount=0
[FileHandle] SEEK: bbs:node2/callerslog from=0 to=-866 whence=2 offset=-1000 justEof=false
[FileHandle] SEEK: bbs:node2/callerslog from=0 to=0 whence=1 offset=0 justEof=false
[FileHandle] MEMORY: bbs:node2/callerslog bufLen=134 pos=0 avail=134 reading=134 eofSeekCount=0
[FileHandle] MEMORY: bbs:node2/callerslog bufLen=134 pos=134 avail=0 reading=0 eofSeekCount=0
[FileHandle] SEEK: bbs:node2/callerslog from=134 to=134 whence=1 offset=0 justEof=true
[FileHandle] SEEK: bbs:node2/callerslog from=134 to=-1866 whence=2 offset=-2000 justEof=true
[FileHandle] EOF-SEEK-BACK: bbs:node2/callerslog count=1 (seeking backwards after EOF)
[FileHandle] SEEK: bbs:node2/callerslog from=0 to=0 whence=1 offset=0 justEof=true
[FileHandle] MEMORY: bbs:node2/callerslog bufLen=134 pos=0 avail=134 reading=134 eofSeekCount=1
[FileHandle] MEMORY: bbs:node2/callerslog bufLen=134 pos=134 avail=0 reading=0 eofSeekCount=1
[FileHandle] SEEK: bbs:node2/callerslog from=134 to=134 whence=1 offset=0 justEof=true
[FileHandle] SEEK: bbs:node2/callerslog from=134 to=-2866 whence=2 offset=-3000 justEof=true
[FileHandle] EOF-SEEK-BACK: bbs:node2/callerslog count=2 (seeking backwards after EOF)
[FileHandle] SEEK: bbs:node2/callerslog from=0 to=0 whence=1 offset=0 justEof=true
[FileHandle] MEMORY: bbs:node2/callerslog bufLen=134 pos=0 avail=134 reading=134 eofSeekCount=2
[FileHandle] MEMORY: bbs:node2/callerslog bufLen=134 pos=134 avail=0 reading=0 eofSeekCount=2
[FileHandle] SEEK: bbs:node2/callerslog from=134 to=134 whence=1 offset=0 justEof=true
[FileHandle] SEEK: bbs:node2/callerslog from=134 to=-3866 whence=2 offset=-4000 justEof=true
[FileHandle] EOF-SEEK-BACK: bbs:node2/callerslog count=3 (seeking backwards after EOF)
[FileHandle] SEEK: bbs:node2/callerslog from=0 to=0 whence=1 offset=0 justEof=true
[FileHandle] MEMORY: bbs:node2/callerslog bufLen=134 pos=0 avail=134 reading=134 eofSeekCount=3
[FileHandle] LOOP DETECTED: bbs:node2/callerslog - LOCKING to permanent EOF after 3 seek-back cycles
[FileHandle] MEMORY: bbs:node1.user bufLen=239 pos=0 avail=239 reading=239 eofSeekCount=0
[FileHandle] MEMORY: bbs:systemstats bufLen=6 pos=0 avail=6 reading=6 eofSeekCount=0
[FileHandle] SEEK: bbs:node2/callerslog from=0 to=-669 whence=2 offset=-1000 justEof=false
[FileHandle] SEEK: bbs:node2/callerslog from=0 to=0 whence=1 offset=0 justEof=false
[FileHandle] MEMORY: bbs:node2/callerslog bufLen=331 pos=0 avail=331 reading=331 eofSeekCount=0
[FileHandle] SEEK: bbs:node2/callerslog from=331 to=331 whence=1 offset=0 justEof=false
[FileHandle] MEMORY: bbs:node2/callerslog bufLen=331 pos=331 avail=0 reading=0 eofSeekCount=0
[FileHandle] SEEK: bbs:node2/callerslog from=331 to=331 whence=1 offset=0 justEof=true
[FileHandle] SEEK: bbs:node2/callerslog from=331 to=264 whence=0 offset=264 justEof=true
[FileHandle] EOF-SEEK-BACK: bbs:node2/callerslog count=1 (seeking backwards after EOF)
[FileHandle] MEMORY: bbs:node2/callerslog bufLen=331 pos=264 avail=67 reading=67 eofSeekCount=1
[FileHandle] MEMORY: bbs:node2/callerslog bufLen=331 pos=331 avail=0 reading=0 eofSeekCount=1
[FileHandle] MEMORY: bbs:node2.user bufLen=239 pos=0 avail=239 reading=239 eofSeekCount=0
[FileHandle] MEMORY: bbs:systemstats bufLen=6 pos=0 avail=6 reading=6 eofSeekCount=0
[FileHandle] SEEK: bbs:node2/callerslog from=0 to=-371 whence=2 offset=-1000 justEof=false
[FileHandle] SEEK: bbs:node2/callerslog from=0 to=0 whence=1 offset=0 justEof=false
[FileHandle] MEMORY: bbs:node2/callerslog bufLen=629 pos=0 avail=629 reading=512 eofSeekCount=0
[FileHandle] SEEK: bbs:node2/callerslog from=512 to=512 whence=1 offset=0 justEof=false
[FileHandle] MEMORY: bbs:node2/callerslog bufLen=629 pos=512 avail=117 reading=117 eofSeekCount=0
[FileHandle] MEMORY: bbs:node2/callerslog bufLen=629 pos=629 avail=0 reading=0 eofSeekCount=0
[FileHandle] SEEK: bbs:node2/callerslog from=629 to=629 whence=1 offset=0 justEof=true
[FileHandle] SEEK: bbs:node2/callerslog from=629 to=264 whence=0 offset=264 justEof=true
[FileHandle] EOF-SEEK-BACK: bbs:node2/callerslog count=1 (seeking backwards after EOF)
[FileHandle] MEMORY: bbs:node2/callerslog bufLen=629 pos=264 avail=365 reading=365 eofSeekCount=1
[FileHandle] MEMORY: bbs:node2/callerslog bufLen=629 pos=629 avail=0 reading=0 eofSeekCount=1
[FileHandle] MEMORY: bbs:node1.user bufLen=239 pos=0 avail=239 reading=239 eofSeekCount=0
[FileHandle] MEMORY: bbs:systemstats bufLen=6 pos=0 avail=6 reading=6 eofSeekCount=0
[FileHandle] SEEK: bbs:node2/callerslog from=0 to=-304 whence=2 offset=-1000 justEof=false
[FileHandle] SEEK: bbs:node2/callerslog from=0 to=0 whence=1 offset=0 justEof=false
[FileHandle] MEMORY: bbs:node2/callerslog bufLen=696 pos=0 avail=696 reading=512 eofSeekCount=0
[FileHandle] SEEK: bbs:node2/callerslog from=512 to=512 whence=1 offset=0 justEof=false
[FileHandle] MEMORY: bbs:node2/callerslog bufLen=696 pos=512 avail=184 reading=184 eofSeekCount=0
[FileHandle] MEMORY: bbs:node2/callerslog bufLen=696 pos=696 avail=0 reading=0 eofSeekCount=0
[FileHandle] SEEK: bbs:node2/callerslog from=696 to=696 whence=1 offset=0 justEof=true
[FileHandle] SEEK: bbs:node2/callerslog from=696 to=264 whence=0 offset=264 justEof=true
[FileHandle] EOF-SEEK-BACK: bbs:node2/callerslog count=1 (seeking backwards after EOF)
[FileHandle] MEMORY: bbs:node2/callerslog bufLen=696 pos=264 avail=432 reading=432 eofSeekCount=1
[FileHandle] MEMORY: bbs:node2/callerslog bufLen=696 pos=696 avail=0 reading=0 eofSeekCount=1
[FileHandle] MEMORY: bbs:node3.user bufLen=239 pos=0 avail=239 reading=239 eofSeekCount=0
[FileHandle] MEMORY: bbs:systemstats bufLen=6 pos=0 avail=6 reading=6 eofSeekCount=0
[FileHandle] SEEK: bbs:node2/callerslog from=0 to=-304 whence=2 offset=-1000 justEof=false
[FileHandle] SEEK: bbs:node2/callerslog from=0 to=0 whence=1 offset=0 justEof=false
[FileHandle] MEMORY: bbs:node2/callerslog bufLen=696 pos=0 avail=696 reading=512 eofSeekCount=0
[FileHandle] SEEK: bbs:node2/callerslog from=512 to=512 whence=1 offset=0 justEof=false
[FileHandle] MEMORY: bbs:node2/callerslog bufLen=696 pos=512 avail=184 reading=184 eofSeekCount=0
[FileHandle] MEMORY: bbs:node2/callerslog bufLen=696 pos=696 avail=0 reading=0 eofSeekCount=0
[FileHandle] SEEK: bbs:node2/callerslog from=696 to=696 whence=1 offset=0 justEof=true
[FileHandle] SEEK: bbs:node2/callerslog from=696 to=264 whence=0 offset=264 justEof=true
[FileHandle] EOF-SEEK-BACK: bbs:node2/callerslog count=1 (seeking backwards after EOF)
[FileHandle] MEMORY: bbs:node2/callerslog bufLen=696 pos=264 avail=432 reading=432 eofSeekCount=1
[FileHandle] MEMORY: bbs:node2/callerslog bufLen=696 pos=696 avail=0 reading=0 eofSeekCount=1
[FileHandle] MEMORY: bbs:node1.user bufLen=239 pos=0 avail=239 reading=239 eofSeekCount=0
[FileHandle] MEMORY: bbs:systemstats bufLen=6 pos=0 avail=6 reading=6 eofSeekCount=0
[FileHandle] SEEK: bbs:node2/callerslog from=0 to=-107 whence=2 offset=-1000 justEof=false
[FileHandle] SEEK: bbs:node2/callerslog from=0 to=0 whence=1 offset=0 justEof=false
[FileHandle] MEMORY: bbs:node2/callerslog bufLen=893 pos=0 avail=893 reading=512 eofSeekCount=0
[FileHandle] SEEK: bbs:node2/callerslog from=512 to=512 whence=1 offset=0 justEof=false
[FileHandle] MEMORY: bbs:node2/callerslog bufLen=893 pos=512 avail=381 reading=381 eofSeekCount=0
[FileHandle] SEEK: bbs:node2/callerslog from=893 to=893 whence=1 offset=0 justEof=false
[FileHandle] MEMORY: bbs:node2/callerslog bufLen=893 pos=893 avail=0 reading=0 eofSeekCount=0
[FileHandle] SEEK: bbs:node2/callerslog from=893 to=893 whence=1 offset=0 justEof=true
[FileHandle] SEEK: bbs:node2/callerslog from=893 to=826 whence=0 offset=826 justEof=true
[FileHandle] EOF-SEEK-BACK: bbs:node2/callerslog count=1 (seeking backwards after EOF)
[FileHandle] MEMORY: bbs:node2/callerslog bufLen=893 pos=826 avail=67 reading=67 eofSeekCount=1
[FileHandle] MEMORY: bbs:node2/callerslog bufLen=893 pos=893 avail=0 reading=0 eofSeekCount=1
[FileHandle] MEMORY: bbs:node2.user bufLen=239 pos=0 avail=239 reading=239 eofSeekCount=0
[FileHandle] MEMORY: bbs:systemstats bufLen=6 pos=0 avail=6 reading=6 eofSeekCount=0
[FileHandle] SEEK: bbs:node2/callerslog from=0 to=156 whence=2 offset=-1000 justEof=false
[FileHandle] SEEK: bbs:node2/callerslog from=156 to=156 whence=1 offset=0 justEof=false
[FileHandle] MEMORY: bbs:node2/callerslog bufLen=1156 pos=156 avail=1000 reading=512 eofSeekCount=0
[FileHandle] SEEK: bbs:node2/callerslog from=668 to=668 whence=1 offset=0 justEof=false
[FileHandle] MEMORY: bbs:node2/callerslog bufLen=1156 pos=668 avail=488 reading=488 eofSeekCount=0
[FileHandle] SEEK: bbs:node2/callerslog from=1156 to=1156 whence=1 offset=0 justEof=false
[FileHandle] MEMORY: bbs:node2/callerslog bufLen=1156 pos=1156 avail=0 reading=0 eofSeekCount=0
[FileHandle] SEEK: bbs:node2/callerslog from=1156 to=1156 whence=1 offset=0 justEof=true
[FileHandle] SEEK: bbs:node2/callerslog from=1156 to=826 whence=0 offset=826 justEof=true
[FileHandle] EOF-SEEK-BACK: bbs:node2/callerslog count=1 (seeking backwards after EOF)
[FileHandle] MEMORY: bbs:node2/callerslog bufLen=1156 pos=826 avail=330 reading=330 eofSeekCount=1
[FileHandle] MEMORY: bbs:node2/callerslog bufLen=1156 pos=1156 avail=0 reading=0 eofSeekCount=1
[FileHandle] MEMORY: bbs:node1.user bufLen=239 pos=0 avail=239 reading=239 eofSeekCount=0
[FileHandle] MEMORY: bbs:systemstats bufLen=6 pos=0 avail=6 reading=6 eofSeekCount=0
[FileHandle] SEEK: bbs:node2/callerslog from=0 to=156 whence=2 offset=-1000 justEof=false
[FileHandle] SEEK: bbs:node2/callerslog from=156 to=156 whence=1 offset=0 justEof=false
[FileHandle] MEMORY: bbs:node2/callerslog bufLen=1156 pos=156 avail=1000 reading=512 eofSeekCount=0
[FileHandle] SEEK: bbs:node2/callerslog from=668 to=668 whence=1 offset=0 justEof=false
[FileHandle] MEMORY: bbs:node2/callerslog bufLen=1156 pos=668 avail=488 reading=488 eofSeekCount=0
[FileHandle] SEEK: bbs:node2/callerslog from=1156 to=1156 whence=1 offset=0 justEof=false
[FileHandle] MEMORY: bbs:node2/callerslog bufLen=1156 pos=1156 avail=0 reading=0 eofSeekCount=0
[FileHandle] SEEK: bbs:node2/callerslog from=1156 to=1156 whence=1 offset=0 justEof=true
[FileHandle] SEEK: bbs:node2/callerslog from=1156 to=826 whence=0 offset=826 justEof=true
[FileHandle] EOF-SEEK-BACK: bbs:node2/callerslog count=1 (seeking backwards after EOF)
[FileHandle] MEMORY: bbs:node2/callerslog bufLen=1156 pos=826 avail=330 reading=330 eofSeekCount=1
[FileHandle] MEMORY: bbs:node2/callerslog bufLen=1156 pos=1156 avail=0 reading=0 eofSeekCount=1
[FileHandle] MEMORY: bbs:node1.user bufLen=239 pos=0 avail=239 reading=239 eofSeekCount=0
[FileHandle] MEMORY: bbs:systemstats bufLen=6 pos=0 avail=6 reading=6 eofSeekCount=0
[FileHandle] MEMORY: bbs:node1.user bufLen=239 pos=0 avail=239 reading=239 eofSeekCount=0
[FileHandle] MEMORY: bbs:systemstats bufLen=6 pos=0 avail=6 reading=6 eofSeekCount=0
[FileHandle] SEEK: bbs:node2/callerslog from=0 to=383 whence=2 offset=-1000 justEof=false
[FileHandle] SEEK: bbs:node2/callerslog from=383 to=383 whence=1 offset=0 justEof=false
[FileHandle] MEMORY: bbs:node2/callerslog bufLen=1383 pos=383 avail=1000 reading=512 eofSeekCount=0
[FileHandle] SEEK: bbs:node2/callerslog from=895 to=895 whence=1 offset=0 justEof=false
[FileHandle] MEMORY: bbs:node2/callerslog bufLen=1383 pos=895 avail=488 reading=488 eofSeekCount=0
[FileHandle] SEEK: bbs:node2/callerslog from=1383 to=1383 whence=1 offset=0 justEof=false
[FileHandle] MEMORY: bbs:node2/callerslog bufLen=1383 pos=1383 avail=0 reading=0 eofSeekCount=0
[FileHandle] SEEK: bbs:node2/callerslog from=1383 to=1383 whence=1 offset=0 justEof=true
[FileHandle] SEEK: bbs:node2/callerslog from=1383 to=1286 whence=0 offset=1286 justEof=true
[FileHandle] EOF-SEEK-BACK: bbs:node2/callerslog count=1 (seeking backwards after EOF)
[FileHandle] MEMORY: bbs:node2/callerslog bufLen=1383 pos=1286 avail=97 reading=97 eofSeekCount=1
[FileHandle] MEMORY: bbs:node2/callerslog bufLen=1383 pos=1383 avail=0 reading=0 eofSeekCount=1
[FileHandle] MEMORY: bbs:node2.user bufLen=239 pos=0 avail=239 reading=239 eofSeekCount=0
[FileHandle] MEMORY: bbs:systemstats bufLen=6 pos=0 avail=6 reading=6 eofSeekCount=0
[FileHandle] SEEK: bbs:node2/callerslog from=0 to=616 whence=2 offset=-1000 justEof=false
[FileHandle] SEEK: bbs:node2/callerslog from=616 to=616 whence=1 offset=0 justEof=false
[FileHandle] MEMORY: bbs:node2/callerslog bufLen=1616 pos=616 avail=1000 reading=512 eofSeekCount=0
[FileHandle] SEEK: bbs:node2/callerslog from=1128 to=1128 whence=1 offset=0 justEof=false
[FileHandle] MEMORY: bbs:node2/callerslog bufLen=1616 pos=1128 avail=488 reading=488 eofSeekCount=0
[FileHandle] SEEK: bbs:node2/callerslog from=1616 to=1616 whence=1 offset=0 justEof=false
[FileHandle] MEMORY: bbs:node2/callerslog bufLen=1616 pos=1616 avail=0 reading=0 eofSeekCount=0
[FileHandle] SEEK: bbs:node2/callerslog from=1616 to=1616 whence=1 offset=0 justEof=true
[FileHandle] SEEK: bbs:node2/callerslog from=1616 to=1286 whence=0 offset=1286 justEof=true
[FileHandle] EOF-SEEK-BACK: bbs:node2/callerslog count=1 (seeking backwards after EOF)
[FileHandle] MEMORY: bbs:node2/callerslog bufLen=1616 pos=1286 avail=330 reading=330 eofSeekCount=1
[FileHandle] MEMORY: bbs:node2/callerslog bufLen=1616 pos=1616 avail=0 reading=0 eofSeekCount=1
[FileHandle] MEMORY: bbs:node1.user bufLen=239 pos=0 avail=239 reading=239 eofSeekCount=0
[FileHandle] MEMORY: bbs:systemstats bufLen=6 pos=0 avail=6 reading=6 eofSeekCount=0
[FileHandle] SEEK: bbs:node2/callerslog from=0 to=616 whence=2 offset=-1000 justEof=false
[FileHandle] SEEK: bbs:node2/callerslog from=616 to=616 whence=1 offset=0 justEof=false
[FileHandle] MEMORY: bbs:node2/callerslog bufLen=1616 pos=616 avail=1000 reading=512 eofSeekCount=0
[FileHandle] SEEK: bbs:node2/callerslog from=1128 to=1128 whence=1 offset=0 justEof=false
[FileHandle] MEMORY: bbs:node2/callerslog bufLen=1616 pos=1128 avail=488 reading=488 eofSeekCount=0
[FileHandle] SEEK: bbs:node2/callerslog from=1616 to=1616 whence=1 offset=0 justEof=false
[FileHandle] MEMORY: bbs:node2/callerslog bufLen=1616 pos=1616 avail=0 reading=0 eofSeekCount=0
[FileHandle] SEEK: bbs:node2/callerslog from=1616 to=1616 whence=1 offset=0 justEof=true
[FileHandle] SEEK: bbs:node2/callerslog from=1616 to=1286 whence=0 offset=1286 justEof=true
[FileHandle] EOF-SEEK-BACK: bbs:node2/callerslog count=1 (seeking backwards after EOF)
[FileHandle] MEMORY: bbs:node2/callerslog bufLen=1616 pos=1286 avail=330 reading=330 eofSeekCount=1
[FileHandle] MEMORY: bbs:node2/callerslog bufLen=1616 pos=1616 avail=0 reading=0 eofSeekCount=1
[FileHandle] MEMORY: bbs:node1.user bufLen=239 pos=0 avail=239 reading=239 eofSeekCount=0
[FileHandle] MEMORY: bbs:systemstats bufLen=6 pos=0 avail=6 reading=6 eofSeekCount=0
[FileHandle] SEEK: bbs:node2/callerslog from=0 to=616 whence=2 offset=-1000 justEof=false
[FileHandle] SEEK: bbs:node2/callerslog from=616 to=616 whence=1 offset=0 justEof=false
[FileHandle] MEMORY: bbs:node2/callerslog bufLen=1616 pos=616 avail=1000 reading=512 eofSeekCount=0
[FileHandle] SEEK: bbs:node2/callerslog from=1128 to=1128 whence=1 offset=0 justEof=false
[FileHandle] MEMORY: bbs:node2/callerslog bufLen=1616 pos=1128 avail=488 reading=488 eofSeekCount=0
[FileHandle] SEEK: bbs:node2/callerslog from=1616 to=1616 whence=1 offset=0 justEof=false
[FileHandle] MEMORY: bbs:node2/callerslog bufLen=1616 pos=1616 avail=0 reading=0 eofSeekCount=0
[FileHandle] SEEK: bbs:node2/callerslog from=1616 to=1616 whence=1 offset=0 justEof=true
[FileHandle] SEEK: bbs:node2/callerslog from=1616 to=1286 whence=0 offset=1286 justEof=true
[FileHandle] EOF-SEEK-BACK: bbs:node2/callerslog count=1 (seeking backwards after EOF)
[FileHandle] MEMORY: bbs:node2/callerslog bufLen=1616 pos=1286 avail=330 reading=330 eofSeekCount=1
[FileHandle] MEMORY: bbs:node2/callerslog bufLen=1616 pos=1616 avail=0 reading=0 eofSeekCount=1
[FileHandle] MEMORY: bbs:node1.user bufLen=239 pos=0 avail=239 reading=239 eofSeekCount=0
[FileHandle] MEMORY: bbs:systemstats bufLen=6 pos=0 avail=6 reading=6 eofSeekCount=0
[FileHandle] SEEK: bbs:node2/callerslog from=0 to=843 whence=2 offset=-1000 justEof=false
[FileHandle] SEEK: bbs:node2/callerslog from=843 to=843 whence=1 offset=0 justEof=false
[FileHandle] MEMORY: bbs:node2/callerslog bufLen=1843 pos=843 avail=1000 reading=512 eofSeekCount=0
[FileHandle] SEEK: bbs:node2/callerslog from=1355 to=1355 whence=1 offset=0 justEof=false
[FileHandle] MEMORY: bbs:node2/callerslog bufLen=1843 pos=1355 avail=488 reading=488 eofSeekCount=0
[FileHandle] SEEK: bbs:node2/callerslog from=1843 to=1843 whence=1 offset=0 justEof=false
[FileHandle] MEMORY: bbs:node2/callerslog bufLen=1843 pos=1843 avail=0 reading=0 eofSeekCount=0
[FileHandle] SEEK: bbs:node2/callerslog from=1843 to=1843 whence=1 offset=0 justEof=true
[FileHandle] SEEK: bbs:node2/callerslog from=1843 to=1746 whence=0 offset=1746 justEof=true
[FileHandle] EOF-SEEK-BACK: bbs:node2/callerslog count=1 (seeking backwards after EOF)
[FileHandle] MEMORY: bbs:node2/callerslog bufLen=1843 pos=1746 avail=97 reading=97 eofSeekCount=1
[FileHandle] MEMORY: bbs:node2/callerslog bufLen=1843 pos=1843 avail=0 reading=0 eofSeekCount=1
[FileHandle] MEMORY: dOORS:dRE/dRE!WAll/dRE!WAll.dAtA bufLen=1300 pos=0 avail=1300 reading=100 eofSeekCount=0
[FileHandle] MEMORY: dOORS:dRE/dRE!WAll/dRE!WAll.dAtA bufLen=1300 pos=100 avail=1200 reading=100 eofSeekCount=0
[FileHandle] MEMORY: dOORS:dRE/dRE!WAll/dRE!WAll.dAtA bufLen=1300 pos=200 avail=1100 reading=100 eofSeekCount=0
[FileHandle] MEMORY: dOORS:dRE/dRE!WAll/dRE!WAll.dAtA bufLen=1300 pos=300 avail=1000 reading=100 eofSeekCount=0
[FileHandle] MEMORY: dOORS:dRE/dRE!WAll/dRE!WAll.dAtA bufLen=1300 pos=400 avail=900 reading=100 eofSeekCount=0
[FileHandle] MEMORY: dOORS:dRE/dRE!WAll/dRE!WAll.dAtA bufLen=1300 pos=500 avail=800 reading=100 eofSeekCount=0
[FileHandle] MEMORY: dOORS:dRE/dRE!WAll/dRE!WAll.dAtA bufLen=1300 pos=600 avail=700 reading=100 eofSeekCount=0
[FileHandle] MEMORY: dOORS:dRE/dRE!WAll/dRE!WAll.dAtA bufLen=1300 pos=700 avail=600 reading=100 eofSeekCount=0
[FileHandle] MEMORY: dOORS:dRE/dRE!WAll/dRE!WAll.dAtA bufLen=1300 pos=800 avail=500 reading=100 eofSeekCount=0
[FileHandle] MEMORY: dOORS:dRE/dRE!WAll/dRE!WAll.dAtA bufLen=1300 pos=900 avail=400 reading=100 eofSeekCount=0
[FileHandle] MEMORY: dOORS:dRE/dRE!WAll/dRE!WAll.dAtA bufLen=1300 pos=1000 avail=300 reading=100 eofSeekCount=0
[FileHandle] MEMORY: dOORS:dRE/dRE!WAll/dRE!WAll.dAtA bufLen=1300 pos=1100 avail=200 reading=100 eofSeekCount=0
[FileHandle] MEMORY: dOORS:dRE/dRE!WAll/dRE!WAll.dAtA bufLen=1300 pos=1200 avail=100 reading=100 eofSeekCount=0
[FileHandle] MEMORY: dOORS:dRE/dRE!WAll/dRE!WAll.dAtA bufLen=1300 pos=1300 avail=0 reading=0 eofSeekCount=0
[FileHandle] MEMORY: dOORS:dRE/dRE!WAll/dRE!WAll.dAtA bufLen=100 pos=0 avail=100 reading=100 eofSeekCount=0
[FileHandle] MEMORY: dOORS:dRE/dRE!WAll/dRE!WAll.dAtA bufLen=100 pos=100 avail=0 reading=0 eofSeekCount=0
[FileHandle] SEEK: bbs:node2/callerslog from=0 to=1082 whence=2 offset=-1000 justEof=false
[FileHandle] SEEK: bbs:node2/callerslog from=1082 to=1082 whence=1 offset=0 justEof=false
[FileHandle] MEMORY: bbs:node2/callerslog bufLen=2082 pos=1082 avail=1000 reading=512 eofSeekCount=0
[FileHandle] SEEK: bbs:node2/callerslog from=1594 to=1594 whence=1 offset=0 justEof=false
[FileHandle] MEMORY: bbs:node2/callerslog bufLen=2082 pos=1594 avail=488 reading=488 eofSeekCount=0
[FileHandle] SEEK: bbs:node2/callerslog from=2082 to=2082 whence=1 offset=0 justEof=false
[FileHandle] MEMORY: bbs:node2/callerslog bufLen=2082 pos=2082 avail=0 reading=0 eofSeekCount=0
[FileHandle] SEEK: bbs:node2/callerslog from=2082 to=2082 whence=1 offset=0 justEof=true
[FileHandle] SEEK: bbs:node2/callerslog from=2082 to=1746 whence=0 offset=1746 justEof=true
[FileHandle] EOF-SEEK-BACK: bbs:node2/callerslog count=1 (seeking backwards after EOF)
[FileHandle] MEMORY: bbs:node2/callerslog bufLen=2082 pos=1746 avail=336 reading=336 eofSeekCount=1
[FileHandle] MEMORY: bbs:node2/callerslog bufLen=2082 pos=2082 avail=0 reading=0 eofSeekCount=1
[FileHandle] MEMORY: bbs:node1.user bufLen=239 pos=0 avail=239 reading=239 eofSeekCount=0
[FileHandle] MEMORY: bbs:systemstats bufLen=6 pos=0 avail=6 reading=6 eofSeekCount=0
[FileHandle] MEMORY: dOORS:dRE/dRE!WAll/dRE!WAll.dAtA bufLen=100 pos=0 avail=100 reading=100 eofSeekCount=0
[FileHandle] MEMORY: dOORS:dRE/dRE!WAll/dRE!WAll.dAtA bufLen=100 pos=100 avail=0 reading=0 eofSeekCount=0
[FileHandle] SEEK: bbs:node2/callerslog from=0 to=1149 whence=2 offset=-1000 justEof=false
[FileHandle] SEEK: bbs:node2/callerslog from=1149 to=1149 whence=1 offset=0 justEof=false
[FileHandle] MEMORY: bbs:node2/callerslog bufLen=2149 pos=1149 avail=1000 reading=512 eofSeekCount=0
[FileHandle] SEEK: bbs:node2/callerslog from=1661 to=1661 whence=1 offset=0 justEof=false
[FileHandle] MEMORY: bbs:node2/callerslog bufLen=2149 pos=1661 avail=488 reading=488 eofSeekCount=0
[FileHandle] SEEK: bbs:node2/callerslog from=2149 to=2149 whence=1 offset=0 justEof=false
[FileHandle] MEMORY: bbs:node2/callerslog bufLen=2149 pos=2149 avail=0 reading=0 eofSeekCount=0
[FileHandle] SEEK: bbs:node2/callerslog from=2149 to=2149 whence=1 offset=0 justEof=true
[FileHandle] SEEK: bbs:node2/callerslog from=2149 to=1746 whence=0 offset=1746 justEof=true
[FileHandle] EOF-SEEK-BACK: bbs:node2/callerslog count=1 (seeking backwards after EOF)
[FileHandle] MEMORY: bbs:node2/callerslog bufLen=2149 pos=1746 avail=403 reading=403 eofSeekCount=1
[FileHandle] MEMORY: bbs:node2/callerslog bufLen=2149 pos=2149 avail=0 reading=0 eofSeekCount=1
[FileHandle] MEMORY: bbs:node1.user bufLen=239 pos=0 avail=239 reading=239 eofSeekCount=0
[FileHandle] MEMORY: bbs:systemstats bufLen=6 pos=0 avail=6 reading=6 eofSeekCount=0
[FileHandle] SEEK: bbs:node2/callerslog from=0 to=1216 whence=2 offset=-1000 justEof=false
[FileHandle] SEEK: bbs:node2/callerslog from=1216 to=1216 whence=1 offset=0 justEof=false
[FileHandle] MEMORY: bbs:node2/callerslog bufLen=2216 pos=1216 avail=1000 reading=512 eofSeekCount=0
[FileHandle] SEEK: bbs:node2/callerslog from=1728 to=1728 whence=1 offset=0 justEof=false
[FileHandle] MEMORY: bbs:node2/callerslog bufLen=2216 pos=1728 avail=488 reading=488 eofSeekCount=0
[FileHandle] SEEK: bbs:node2/callerslog from=2216 to=2216 whence=1 offset=0 justEof=false
[FileHandle] MEMORY: bbs:node2/callerslog bufLen=2216 pos=2216 avail=0 reading=0 eofSeekCount=0
[FileHandle] SEEK: bbs:node2/callerslog from=2216 to=2216 whence=1 offset=0 justEof=true
[FileHandle] SEEK: bbs:node2/callerslog from=2216 to=1746 whence=0 offset=1746 justEof=true
[FileHandle] EOF-SEEK-BACK: bbs:node2/callerslog count=1 (seeking backwards after EOF)
[FileHandle] MEMORY: bbs:node2/callerslog bufLen=2216 pos=1746 avail=470 reading=470 eofSeekCount=1
[FileHandle] MEMORY: bbs:node2/callerslog bufLen=2216 pos=2216 avail=0 reading=0 eofSeekCount=1
[FileHandle] MEMORY: bbs:node1.user bufLen=239 pos=0 avail=239 reading=239 eofSeekCount=0
[FileHandle] MEMORY: bbs:systemstats bufLen=6 pos=0 avail=6 reading=6 eofSeekCount=0
[FileHandle] MEMORY: dOORS:dRE/dRE!WAll/dRE!WAll.dAtA bufLen=100 pos=0 avail=100 reading=100 eofSeekCount=0
[FileHandle] MEMORY: dOORS:dRE/dRE!WAll/dRE!WAll.dAtA bufLen=100 pos=100 avail=0 reading=0 eofSeekCount=0
[FileHandle] SEEK: bbs:node2/callerslog from=0 to=1216 whence=2 offset=-1000 justEof=false
[FileHandle] SEEK: bbs:node2/callerslog from=1216 to=1216 whence=1 offset=0 justEof=false
[FileHandle] MEMORY: bbs:node2/callerslog bufLen=2216 pos=1216 avail=1000 reading=512 eofSeekCount=0
[FileHandle] SEEK: bbs:node2/callerslog from=1728 to=1728 whence=1 offset=0 justEof=false
[FileHandle] MEMORY: bbs:node2/callerslog bufLen=2216 pos=1728 avail=488 reading=488 eofSeekCount=0
[FileHandle] SEEK: bbs:node2/callerslog from=2216 to=2216 whence=1 offset=0 justEof=false
[FileHandle] MEMORY: bbs:node2/callerslog bufLen=2216 pos=2216 avail=0 reading=0 eofSeekCount=0
[FileHandle] SEEK: bbs:node2/callerslog from=2216 to=2216 whence=1 offset=0 justEof=true
[FileHandle] SEEK: bbs:node2/callerslog from=2216 to=1746 whence=0 offset=1746 justEof=true
[FileHandle] EOF-SEEK-BACK: bbs:node2/callerslog count=1 (seeking backwards after EOF)
[FileHandle] MEMORY: bbs:node2/callerslog bufLen=2216 pos=1746 avail=470 reading=470 eofSeekCount=1
[FileHandle] MEMORY: bbs:node2/callerslog bufLen=2216 pos=2216 avail=0 reading=0 eofSeekCount=1
[FileHandle] MEMORY: bbs:node1.user bufLen=239 pos=0 avail=239 reading=239 eofSeekCount=0
[FileHandle] MEMORY: bbs:systemstats bufLen=6 pos=0 avail=6 reading=6 eofSeekCount=0
[FileHandle] MEMORY: dOORS:dRE/dRE!WAll/dRE!WAll.dAtA bufLen=100 pos=0 avail=100 reading=100 eofSeekCount=0
[FileHandle] MEMORY: dOORS:dRE/dRE!WAll/dRE!WAll.dAtA bufLen=100 pos=100 avail=0 reading=0 eofSeekCount=0
[FileHandle] SEEK: bbs:node2/callerslog from=0 to=1216 whence=2 offset=-1000 justEof=false
[FileHandle] SEEK: bbs:node2/callerslog from=1216 to=1216 whence=1 offset=0 justEof=false
[FileHandle] MEMORY: bbs:node2/callerslog bufLen=2216 pos=1216 avail=1000 reading=512 eofSeekCount=0
[FileHandle] SEEK: bbs:node2/callerslog from=1728 to=1728 whence=1 offset=0 justEof=false
[FileHandle] MEMORY: bbs:node2/callerslog bufLen=2216 pos=1728 avail=488 reading=488 eofSeekCount=0
[FileHandle] SEEK: bbs:node2/callerslog from=2216 to=2216 whence=1 offset=0 justEof=false
[FileHandle] MEMORY: bbs:node2/callerslog bufLen=2216 pos=2216 avail=0 reading=0 eofSeekCount=0
[FileHandle] SEEK: bbs:node2/callerslog from=2216 to=2216 whence=1 offset=0 justEof=true
[FileHandle] SEEK: bbs:node2/callerslog from=2216 to=1746 whence=0 offset=1746 justEof=true
[FileHandle] EOF-SEEK-BACK: bbs:node2/callerslog count=1 (seeking backwards after EOF)
[FileHandle] MEMORY: bbs:node2/callerslog bufLen=2216 pos=1746 avail=470 reading=470 eofSeekCount=1
[FileHandle] MEMORY: bbs:node2/callerslog bufLen=2216 pos=2216 avail=0 reading=0 eofSeekCount=1
[FileHandle] MEMORY: bbs:node1.user bufLen=239 pos=0 avail=239 reading=239 eofSeekCount=0
[FileHandle] MEMORY: bbs:systemstats bufLen=6 pos=0 avail=6 reading=6 eofSeekCount=0
[FileHandle] MEMORY: dOORS:dRE/dRE!WAll/dRE!WAll.dAtA bufLen=100 pos=0 avail=100 reading=100 eofSeekCount=0
[FileHandle] MEMORY: dOORS:dRE/dRE!WAll/dRE!WAll.dAtA bufLen=100 pos=100 avail=0 reading=0 eofSeekCount=0
[FileHandle] SEEK: bbs:node2/callerslog from=0 to=1216 whence=2 offset=-1000 justEof=false
[FileHandle] SEEK: bbs:node2/callerslog from=1216 to=1216 whence=1 offset=0 justEof=false
[FileHandle] MEMORY: bbs:node2/callerslog bufLen=2216 pos=1216 avail=1000 reading=512 eofSeekCount=0
[FileHandle] SEEK: bbs:node2/callerslog from=1728 to=1728 whence=1 offset=0 justEof=false
[FileHandle] MEMORY: bbs:node2/callerslog bufLen=2216 pos=1728 avail=488 reading=488 eofSeekCount=0
[FileHandle] SEEK: bbs:node2/callerslog from=2216 to=2216 whence=1 offset=0 justEof=false
[FileHandle] MEMORY: bbs:node2/callerslog bufLen=2216 pos=2216 avail=0 reading=0 eofSeekCount=0
[FileHandle] SEEK: bbs:node2/callerslog from=2216 to=2216 whence=1 offset=0 justEof=true
[FileHandle] SEEK: bbs:node2/callerslog from=2216 to=1746 whence=0 offset=1746 justEof=true
[FileHandle] EOF-SEEK-BACK: bbs:node2/callerslog count=1 (seeking backwards after EOF)
[FileHandle] MEMORY: bbs:node2/callerslog bufLen=2216 pos=1746 avail=470 reading=470 eofSeekCount=1
[FileHandle] MEMORY: bbs:node2/callerslog bufLen=2216 pos=2216 avail=0 reading=0 eofSeekCount=1
[FileHandle] MEMORY: bbs:node1.user bufLen=239 pos=0 avail=239 reading=239 eofSeekCount=0
[FileHandle] MEMORY: bbs:systemstats bufLen=6 pos=0 avail=6 reading=6 eofSeekCount=0
[FileHandle] MEMORY: dOORS:dRE/dRE!WAll/dRE!WAll.dAtA bufLen=100 pos=0 avail=100 reading=100 eofSeekCount=0
[FileHandle] MEMORY: dOORS:dRE/dRE!WAll/dRE!WAll.dAtA bufLen=100 pos=100 avail=0 reading=0 eofSeekCount=0
[FileHandle] SEEK: bbs:node2/callerslog from=0 to=1216 whence=2 offset=-1000 justEof=false
[FileHandle] SEEK: bbs:node2/callerslog from=1216 to=1216 whence=1 offset=0 justEof=false
[FileHandle] MEMORY: bbs:node2/callerslog bufLen=2216 pos=1216 avail=1000 reading=512 eofSeekCount=0
[FileHandle] SEEK: bbs:node2/callerslog from=1728 to=1728 whence=1 offset=0 justEof=false
[FileHandle] MEMORY: bbs:node2/callerslog bufLen=2216 pos=1728 avail=488 reading=488 eofSeekCount=0
[FileHandle] SEEK: bbs:node2/callerslog from=2216 to=2216 whence=1 offset=0 justEof=false
[FileHandle] MEMORY: bbs:node2/callerslog bufLen=2216 pos=2216 avail=0 reading=0 eofSeekCount=0
[FileHandle] SEEK: bbs:node2/callerslog from=2216 to=2216 whence=1 offset=0 justEof=true
[FileHandle] SEEK: bbs:node2/callerslog from=2216 to=1746 whence=0 offset=1746 justEof=true
[FileHandle] EOF-SEEK-BACK: bbs:node2/callerslog count=1 (seeking backwards after EOF)
[FileHandle] MEMORY: bbs:node2/callerslog bufLen=2216 pos=1746 avail=470 reading=470 eofSeekCount=1
[FileHandle] MEMORY: bbs:node2/callerslog bufLen=2216 pos=2216 avail=0 reading=0 eofSeekCount=1
[FileHandle] MEMORY: bbs:node1.user bufLen=239 pos=0 avail=239 reading=239 eofSeekCount=0
[FileHandle] MEMORY: bbs:systemstats bufLen=6 pos=0 avail=6 reading=6 eofSeekCount=0
[FileHandle] MEMORY: dOORS:dRE/dRE!WAll/dRE!WAll.dAtA bufLen=100 pos=0 avail=100 reading=100 eofSeekCount=0
[FileHandle] MEMORY: dOORS:dRE/dRE!WAll/dRE!WAll.dAtA bufLen=100 pos=100 avail=0 reading=0 eofSeekCount=0
[FileHandle] MEMORY: DOORS:EmP_Tools/JoinCnf.CFG bufLen=3527 pos=0 avail=3527 reading=512 eofSeekCount=0
[FileHandle] MEMORY: DOORS:EmP_Tools/JoinCnf.CFG bufLen=3527 pos=512 avail=3015 reading=512 eofSeekCount=0
[FileHandle] MEMORY: ENV:JC_PWFAIL.2 bufLen=1 pos=0 avail=1 reading=1 eofSeekCount=0
[FileHandle] MEMORY: ENV:JC_PWFAIL.2 bufLen=1 pos=1 avail=0 reading=0 eofSeekCount=0
[FileHandle] MEMORY: DOORS:EmP_Tools/JoinCnf.CFG bufLen=3527 pos=1024 avail=2503 reading=512 eofSeekCount=0
[FileHandle] MEMORY: DOORS:EmP_Tools/JoinCnf.CFG bufLen=3527 pos=1536 avail=1991 reading=512 eofSeekCount=0
[FileHandle] MEMORY: DOORS:EmP_Tools/JoinCnf.CFG bufLen=3527 pos=2048 avail=1479 reading=512 eofSeekCount=0
[FileHandle] MEMORY: DOORS:EmP_Tools/JoinCnf.CFG bufLen=3527 pos=2560 avail=967 reading=512 eofSeekCount=0
[FileHandle] MEMORY: DOORS:EmP_Tools/JoinCnf.CFG bufLen=3527 pos=3072 avail=455 reading=455 eofSeekCount=0
[FileHandle] SEEK: bbs:node2/callerslog from=0 to=1216 whence=2 offset=-1000 justEof=false
[FileHandle] SEEK: bbs:node2/callerslog from=1216 to=1216 whence=1 offset=0 justEof=false
[FileHandle] MEMORY: bbs:node2/callerslog bufLen=2216 pos=1216 avail=1000 reading=512 eofSeekCount=0
[FileHandle] SEEK: bbs:node2/callerslog from=1728 to=1728 whence=1 offset=0 justEof=false
[FileHandle] MEMORY: bbs:node2/callerslog bufLen=2216 pos=1728 avail=488 reading=488 eofSeekCount=0
[FileHandle] SEEK: bbs:node2/callerslog from=2216 to=2216 whence=1 offset=0 justEof=false
[FileHandle] MEMORY: bbs:node2/callerslog bufLen=2216 pos=2216 avail=0 reading=0 eofSeekCount=0
[FileHandle] SEEK: bbs:node2/callerslog from=2216 to=2216 whence=1 offset=0 justEof=true
[FileHandle] SEEK: bbs:node2/callerslog from=2216 to=1746 whence=0 offset=1746 justEof=true
[FileHandle] EOF-SEEK-BACK: bbs:node2/callerslog count=1 (seeking backwards after EOF)
[FileHandle] MEMORY: bbs:node2/callerslog bufLen=2216 pos=1746 avail=470 reading=470 eofSeekCount=1
[FileHandle] MEMORY: bbs:node2/callerslog bufLen=2216 pos=2216 avail=0 reading=0 eofSeekCount=1
[FileHandle] MEMORY: bbs:node1.user bufLen=239 pos=0 avail=239 reading=239 eofSeekCount=0
[FileHandle] MEMORY: bbs:systemstats bufLen=6 pos=0 avail=6 reading=6 eofSeekCount=0
[FileHandle] SEEK: bbs:node2/callerslog from=0 to=1216 whence=2 offset=-1000 justEof=false
[FileHandle] SEEK: bbs:node2/callerslog from=1216 to=1216 whence=1 offset=0 justEof=false
[FileHandle] MEMORY: bbs:node2/callerslog bufLen=2216 pos=1216 avail=1000 reading=512 eofSeekCount=0
[FileHandle] SEEK: bbs:node2/callerslog from=1728 to=1728 whence=1 offset=0 justEof=false
[FileHandle] MEMORY: bbs:node2/callerslog bufLen=2216 pos=1728 avail=488 reading=488 eofSeekCount=0
[FileHandle] SEEK: bbs:node2/callerslog from=2216 to=2216 whence=1 offset=0 justEof=false
[FileHandle] MEMORY: bbs:node2/callerslog bufLen=2216 pos=2216 avail=0 reading=0 eofSeekCount=0
[FileHandle] SEEK: bbs:node2/callerslog from=2216 to=2216 whence=1 offset=0 justEof=true
[FileHandle] SEEK: bbs:node2/callerslog from=2216 to=1746 whence=0 offset=1746 justEof=true
[FileHandle] EOF-SEEK-BACK: bbs:node2/callerslog count=1 (seeking backwards after EOF)
[FileHandle] MEMORY: bbs:node2/callerslog bufLen=2216 pos=1746 avail=470 reading=470 eofSeekCount=1
[FileHandle] MEMORY: bbs:node2/callerslog bufLen=2216 pos=2216 avail=0 reading=0 eofSeekCount=1
[FileHandle] MEMORY: bbs:node1.user bufLen=239 pos=0 avail=239 reading=239 eofSeekCount=0
[FileHandle] MEMORY: bbs:systemstats bufLen=6 pos=0 avail=6 reading=6 eofSeekCount=0
[FileHandle] SEEK: bbs:node3/callerslog from=0 to=-473 whence=2 offset=-1000 justEof=false
[FileHandle] SEEK: bbs:node3/callerslog from=0 to=0 whence=1 offset=0 justEof=false
[FileHandle] MEMORY: bbs:node3/callerslog bufLen=527 pos=0 avail=527 reading=512 eofSeekCount=0
[FileHandle] SEEK: bbs:node3/callerslog from=512 to=512 whence=1 offset=0 justEof=false
[FileHandle] MEMORY: bbs:node3/callerslog bufLen=527 pos=512 avail=15 reading=15 eofSeekCount=0
[FileHandle] MEMORY: bbs:node3/callerslog bufLen=527 pos=527 avail=0 reading=0 eofSeekCount=0
[FileHandle] SEEK: bbs:node3/callerslog from=527 to=527 whence=1 offset=0 justEof=true
[FileHandle] SEEK: bbs:node3/callerslog from=527 to=130 whence=0 offset=130 justEof=true
[FileHandle] EOF-SEEK-BACK: bbs:node3/callerslog count=1 (seeking backwards after EOF)
[FileHandle] MEMORY: bbs:node3/callerslog bufLen=527 pos=130 avail=397 reading=397 eofSeekCount=1
[FileHandle] MEMORY: bbs:node3/callerslog bufLen=527 pos=527 avail=0 reading=0 eofSeekCount=1
[FileHandle] MEMORY: bbs:node1.user bufLen=239 pos=0 avail=239 reading=239 eofSeekCount=0
[FileHandle] MEMORY: bbs:systemstats bufLen=6 pos=0 avail=6 reading=6 eofSeekCount=0
[FileHandle] SEEK: bbs:node3/callerslog from=0 to=-473 whence=2 offset=-1000 justEof=false
[FileHandle] SEEK: bbs:node3/callerslog from=0 to=0 whence=1 offset=0 justEof=false
[FileHandle] MEMORY: bbs:node3/callerslog bufLen=527 pos=0 avail=527 reading=512 eofSeekCount=0
[FileHandle] SEEK: bbs:node3/callerslog from=512 to=512 whence=1 offset=0 justEof=false
[FileHandle] MEMORY: bbs:node3/callerslog bufLen=527 pos=512 avail=15 reading=15 eofSeekCount=0
[FileHandle] MEMORY: bbs:node3/callerslog bufLen=527 pos=527 avail=0 reading=0 eofSeekCount=0
[FileHandle] SEEK: bbs:node3/callerslog from=527 to=527 whence=1 offset=0 justEof=true
[FileHandle] SEEK: bbs:node3/callerslog from=527 to=130 whence=0 offset=130 justEof=true
[FileHandle] EOF-SEEK-BACK: bbs:node3/callerslog count=1 (seeking backwards after EOF)
[FileHandle] MEMORY: bbs:node3/callerslog bufLen=527 pos=130 avail=397 reading=397 eofSeekCount=1
[FileHandle] MEMORY: bbs:node3/callerslog bufLen=527 pos=527 avail=0 reading=0 eofSeekCount=1
[FileHandle] MEMORY: bbs:node1.user bufLen=239 pos=0 avail=239 reading=239 eofSeekCount=0
[FileHandle] MEMORY: bbs:systemstats bufLen=6 pos=0 avail=6 reading=6 eofSeekCount=0
[FileHandle] SEEK: bbs:node3/callerslog from=0 to=-473 whence=2 offset=-1000 justEof=false
[FileHandle] SEEK: bbs:node3/callerslog from=0 to=0 whence=1 offset=0 justEof=false
[FileHandle] MEMORY: bbs:node3/callerslog bufLen=527 pos=0 avail=527 reading=512 eofSeekCount=0
[FileHandle] SEEK: bbs:node3/callerslog from=512 to=512 whence=1 offset=0 justEof=false
[FileHandle] MEMORY: bbs:node3/callerslog bufLen=527 pos=512 avail=15 reading=15 eofSeekCount=0
[FileHandle] MEMORY: bbs:node3/callerslog bufLen=527 pos=527 avail=0 reading=0 eofSeekCount=0
[FileHandle] SEEK: bbs:node3/callerslog from=527 to=527 whence=1 offset=0 justEof=true
[FileHandle] SEEK: bbs:node3/callerslog from=527 to=130 whence=0 offset=130 justEof=true
[FileHandle] EOF-SEEK-BACK: bbs:node3/callerslog count=1 (seeking backwards after EOF)
[FileHandle] MEMORY: bbs:node3/callerslog bufLen=527 pos=130 avail=397 reading=397 eofSeekCount=1
[FileHandle] MEMORY: bbs:node3/callerslog bufLen=527 pos=527 avail=0 reading=0 eofSeekCount=1
[FileHandle] MEMORY: dOORS:dRE/dRE!WAll/dRE!WAll.dAtA bufLen=100 pos=0 avail=100 reading=100 eofSeekCount=0
[FileHandle] MEMORY: dOORS:dRE/dRE!WAll/dRE!WAll.dAtA bufLen=100 pos=100 avail=0 reading=0 eofSeekCount=0
[FileHandle] MEMORY: DOORS:EmP_Tools/JoinCnf.CFG bufLen=3527 pos=0 avail=3527 reading=512 eofSeekCount=0
[FileHandle] MEMORY: DOORS:EmP_Tools/JoinCnf.CFG bufLen=3527 pos=512 avail=3015 reading=512 eofSeekCount=0
[FileHandle] MEMORY: ENV:JC_PWFAIL.2 bufLen=1 pos=0 avail=1 reading=1 eofSeekCount=0
[FileHandle] MEMORY: ENV:JC_PWFAIL.2 bufLen=1 pos=1 avail=0 reading=0 eofSeekCount=0
[FileHandle] MEMORY: DOORS:EmP_Tools/JoinCnf.CFG bufLen=3527 pos=1024 avail=2503 reading=512 eofSeekCount=0
[FileHandle] MEMORY: DOORS:EmP_Tools/JoinCnf.CFG bufLen=3527 pos=1536 avail=1991 reading=512 eofSeekCount=0
[FileHandle] MEMORY: DOORS:EmP_Tools/JoinCnf.CFG bufLen=3527 pos=2048 avail=1479 reading=512 eofSeekCount=0
[FileHandle] MEMORY: DOORS:EmP_Tools/JoinCnf.CFG bufLen=3527 pos=2560 avail=967 reading=512 eofSeekCount=0
[FileHandle] MEMORY: DOORS:EmP_Tools/JoinCnf.CFG bufLen=3527 pos=3072 avail=455 reading=455 eofSeekCount=0
[FileHandle] SEEK: bbs:node3/callerslog from=0 to=-473 whence=2 offset=-1000 justEof=false
[FileHandle] SEEK: bbs:node3/callerslog from=0 to=0 whence=1 offset=0 justEof=false
[FileHandle] MEMORY: bbs:node3/callerslog bufLen=527 pos=0 avail=527 reading=512 eofSeekCount=0
[FileHandle] SEEK: bbs:node3/callerslog from=512 to=512 whence=1 offset=0 justEof=false
[FileHandle] MEMORY: bbs:node3/callerslog bufLen=527 pos=512 avail=15 reading=15 eofSeekCount=0
[FileHandle] MEMORY: bbs:node3/callerslog bufLen=527 pos=527 avail=0 reading=0 eofSeekCount=0
[FileHandle] SEEK: bbs:node3/callerslog from=527 to=527 whence=1 offset=0 justEof=true
[FileHandle] SEEK: bbs:node3/callerslog from=527 to=130 whence=0 offset=130 justEof=true
[FileHandle] EOF-SEEK-BACK: bbs:node3/callerslog count=1 (seeking backwards after EOF)
[FileHandle] MEMORY: bbs:node3/callerslog bufLen=527 pos=130 avail=397 reading=397 eofSeekCount=1
[FileHandle] MEMORY: bbs:node3/callerslog bufLen=527 pos=527 avail=0 reading=0 eofSeekCount=1
[FileHandle] MEMORY: bbs:node1.user bufLen=239 pos=0 avail=239 reading=239 eofSeekCount=0
[FileHandle] MEMORY: bbs:systemstats bufLen=6 pos=0 avail=6 reading=6 eofSeekCount=0
[FileHandle] MEMORY: dOORS:dRE/dRE!WAll/dRE!WAll.dAtA bufLen=100 pos=0 avail=100 reading=100 eofSeekCount=0
[FileHandle] MEMORY: dOORS:dRE/dRE!WAll/dRE!WAll.dAtA bufLen=100 pos=100 avail=0 reading=0 eofSeekCount=0
[FileHandle] SEEK: bbs:node3/callerslog from=0 to=-473 whence=2 offset=-1000 justEof=false
[FileHandle] SEEK: bbs:node3/callerslog from=0 to=0 whence=1 offset=0 justEof=false
[FileHandle] MEMORY: bbs:node3/callerslog bufLen=527 pos=0 avail=527 reading=512 eofSeekCount=0
[FileHandle] SEEK: bbs:node3/callerslog from=512 to=512 whence=1 offset=0 justEof=false
[FileHandle] MEMORY: bbs:node3/callerslog bufLen=527 pos=512 avail=15 reading=15 eofSeekCount=0
[FileHandle] MEMORY: bbs:node3/callerslog bufLen=527 pos=527 avail=0 reading=0 eofSeekCount=0
[FileHandle] SEEK: bbs:node3/callerslog from=527 to=527 whence=1 offset=0 justEof=true
[FileHandle] SEEK: bbs:node3/callerslog from=527 to=130 whence=0 offset=130 justEof=true
[FileHandle] EOF-SEEK-BACK: bbs:node3/callerslog count=1 (seeking backwards after EOF)
[FileHandle] MEMORY: bbs:node3/callerslog bufLen=527 pos=130 avail=397 reading=397 eofSeekCount=1
[FileHandle] MEMORY: bbs:node3/callerslog bufLen=527 pos=527 avail=0 reading=0 eofSeekCount=1
[FileHandle] MEMORY: dOORS:dRE/dRE!WAll/dRE!WAll.dAtA bufLen=100 pos=0 avail=100 reading=100 eofSeekCount=0
[FileHandle] MEMORY: dOORS:dRE/dRE!WAll/dRE!WAll.dAtA bufLen=100 pos=100 avail=0 reading=0 eofSeekCount=0
[FileHandle] SEEK: bbs:node3/callerslog from=0 to=-473 whence=2 offset=-1000 justEof=false
[FileHandle] SEEK: bbs:node3/callerslog from=0 to=0 whence=1 offset=0 justEof=false
[FileHandle] MEMORY: bbs:node3/callerslog bufLen=527 pos=0 avail=527 reading=512 eofSeekCount=0
[FileHandle] SEEK: bbs:node3/callerslog from=512 to=512 whence=1 offset=0 justEof=false
[FileHandle] MEMORY: bbs:node3/callerslog bufLen=527 pos=512 avail=15 reading=15 eofSeekCount=0
[FileHandle] MEMORY: bbs:node3/callerslog bufLen=527 pos=527 avail=0 reading=0 eofSeekCount=0
[FileHandle] SEEK: bbs:node3/callerslog from=527 to=527 whence=1 offset=0 justEof=true
[FileHandle] SEEK: bbs:node3/callerslog from=527 to=130 whence=0 offset=130 justEof=true
[FileHandle] EOF-SEEK-BACK: bbs:node3/callerslog count=1 (seeking backwards after EOF)
[FileHandle] SEEK: bbs:node3/callerslog from=0 to=-473 whence=2 offset=-1000 justEof=false
[FileHandle] SEEK: bbs:node3/callerslog from=0 to=-473 whence=2 offset=-1000 justEof=false
[FileHandle] SEEK: bbs:node3/callerslog from=0 to=0 whence=1 offset=0 justEof=false
[FileHandle] SEEK: bbs:node3/callerslog from=0 to=0 whence=1 offset=0 justEof=false
[FileHandle] MEMORY: bbs:node3/callerslog bufLen=527 pos=130 avail=397 reading=397 eofSeekCount=1
[FileHandle] MEMORY: bbs:node3/callerslog bufLen=527 pos=0 avail=527 reading=512 eofSeekCount=0
[FileHandle] MEMORY: bbs:node3/callerslog bufLen=527 pos=0 avail=527 reading=512 eofSeekCount=0
[FileHandle] SEEK: bbs:node3/callerslog from=512 to=512 whence=1 offset=0 justEof=false
[FileHandle] SEEK: bbs:node3/callerslog from=512 to=512 whence=1 offset=0 justEof=false
[FileHandle] MEMORY: bbs:node3/callerslog bufLen=527 pos=512 avail=15 reading=15 eofSeekCount=0
[FileHandle] MEMORY: bbs:node3/callerslog bufLen=527 pos=512 avail=15 reading=15 eofSeekCount=0
[FileHandle] MEMORY: bbs:node3/callerslog bufLen=527 pos=527 avail=0 reading=0 eofSeekCount=0
[FileHandle] MEMORY: bbs:node3/callerslog bufLen=527 pos=527 avail=0 reading=0 eofSeekCount=0
[FileHandle] MEMORY: bbs:node3/callerslog bufLen=527 pos=527 avail=0 reading=0 eofSeekCount=1
[FileHandle] SEEK: bbs:node3/callerslog from=527 to=527 whence=1 offset=0 justEof=true
[FileHandle] SEEK: bbs:node3/callerslog from=527 to=527 whence=1 offset=0 justEof=true
[FileHandle] SEEK: bbs:node3/callerslog from=527 to=130 whence=0 offset=130 justEof=true
[FileHandle] SEEK: bbs:node3/callerslog from=527 to=130 whence=0 offset=130 justEof=true
[FileHandle] EOF-SEEK-BACK: bbs:node3/callerslog count=1 (seeking backwards after EOF)
[FileHandle] EOF-SEEK-BACK: bbs:node3/callerslog count=1 (seeking backwards after EOF)
[FileHandle] MEMORY: bbs:node3/callerslog bufLen=527 pos=130 avail=397 reading=397 eofSeekCount=1
[FileHandle] MEMORY: bbs:node3/callerslog bufLen=527 pos=130 avail=397 reading=397 eofSeekCount=1
[FileHandle] MEMORY: bbs:node3/callerslog bufLen=527 pos=527 avail=0 reading=0 eofSeekCount=1
[FileHandle] MEMORY: bbs:node3/callerslog bufLen=527 pos=527 avail=0 reading=0 eofSeekCount=1
[FileHandle] MEMORY: dOORS:dRE/dRE!WAll/dRE!WAll.dAtA bufLen=100 pos=0 avail=100 reading=100 eofSeekCount=0
[FileHandle] MEMORY: dOORS:dRE/dRE!WAll/dRE!WAll.dAtA bufLen=100 pos=100 avail=0 reading=0 eofSeekCount=0
[FileHandle] SEEK: bbs:node3/callerslog from=0 to=-473 whence=2 offset=-1000 justEof=false
[FileHandle] SEEK: bbs:node3/callerslog from=0 to=0 whence=1 offset=0 justEof=false
[FileHandle] MEMORY: bbs:node3/callerslog bufLen=527 pos=0 avail=527 reading=512 eofSeekCount=0
[FileHandle] SEEK: bbs:node3/callerslog from=512 to=512 whence=1 offset=0 justEof=false
[FileHandle] MEMORY: bbs:node3/callerslog bufLen=527 pos=512 avail=15 reading=15 eofSeekCount=0
[FileHandle] MEMORY: bbs:node3/callerslog bufLen=527 pos=527 avail=0 reading=0 eofSeekCount=0
[FileHandle] SEEK: bbs:node3/callerslog from=527 to=527 whence=1 offset=0 justEof=true
[FileHandle] SEEK: bbs:node3/callerslog from=527 to=130 whence=0 offset=130 justEof=true
[FileHandle] EOF-SEEK-BACK: bbs:node3/callerslog count=1 (seeking backwards after EOF)
[FileHandle] MEMORY: bbs:node3/callerslog bufLen=527 pos=130 avail=397 reading=397 eofSeekCount=1
[FileHandle] MEMORY: bbs:node3/callerslog bufLen=527 pos=527 avail=0 reading=0 eofSeekCount=1
[FileHandle] MEMORY: bbs:node1.user bufLen=239 pos=0 avail=239 reading=239 eofSeekCount=0
[FileHandle] MEMORY: bbs:systemstats bufLen=6 pos=0 avail=6 reading=6 eofSeekCount=0
[FileHandle] MEMORY: DOORS:EmP_Tools/JoinCnf.CFG bufLen=3527 pos=0 avail=3527 reading=512 eofSeekCount=0
[FileHandle] MEMORY: DOORS:EmP_Tools/JoinCnf.CFG bufLen=3527 pos=512 avail=3015 reading=512 eofSeekCount=0
[FileHandle] MEMORY: ENV:JC_PWFAIL.2 bufLen=1 pos=0 avail=1 reading=1 eofSeekCount=0
[FileHandle] MEMORY: ENV:JC_PWFAIL.2 bufLen=1 pos=1 avail=0 reading=0 eofSeekCount=0
[FileHandle] MEMORY: DOORS:EmP_Tools/JoinCnf.CFG bufLen=3527 pos=1024 avail=2503 reading=512 eofSeekCount=0
[FileHandle] MEMORY: DOORS:EmP_Tools/JoinCnf.CFG bufLen=3527 pos=1536 avail=1991 reading=512 eofSeekCount=0
[FileHandle] MEMORY: DOORS:EmP_Tools/JoinCnf.CFG bufLen=3527 pos=2048 avail=1479 reading=512 eofSeekCount=0
[FileHandle] MEMORY: DOORS:EmP_Tools/JoinCnf.CFG bufLen=3527 pos=2560 avail=967 reading=512 eofSeekCount=0
[FileHandle] MEMORY: DOORS:EmP_Tools/JoinCnf.CFG bufLen=3527 pos=3072 avail=455 reading=455 eofSeekCount=0
[FileHandle] SEEK: bbs:node3/callerslog from=0 to=-406 whence=2 offset=-1000 justEof=false
[FileHandle] SEEK: bbs:node3/callerslog from=0 to=0 whence=1 offset=0 justEof=false
[FileHandle] MEMORY: bbs:node3/callerslog bufLen=594 pos=0 avail=594 reading=512 eofSeekCount=0
[FileHandle] SEEK: bbs:node3/callerslog from=512 to=512 whence=1 offset=0 justEof=false
[FileHandle] MEMORY: bbs:node3/callerslog bufLen=594 pos=512 avail=82 reading=82 eofSeekCount=0
[FileHandle] MEMORY: bbs:node3/callerslog bufLen=594 pos=594 avail=0 reading=0 eofSeekCount=0
[FileHandle] SEEK: bbs:node3/callerslog from=594 to=594 whence=1 offset=0 justEof=true
[FileHandle] SEEK: bbs:node3/callerslog from=594 to=130 whence=0 offset=130 justEof=true
[FileHandle] EOF-SEEK-BACK: bbs:node3/callerslog count=1 (seeking backwards after EOF)
[FileHandle] MEMORY: bbs:node3/callerslog bufLen=594 pos=130 avail=464 reading=464 eofSeekCount=1
[FileHandle] MEMORY: bbs:node3/callerslog bufLen=594 pos=594 avail=0 reading=0 eofSeekCount=1
[FileHandle] MEMORY: bbs:node1.user bufLen=239 pos=0 avail=239 reading=239 eofSeekCount=0
[FileHandle] MEMORY: bbs:systemstats bufLen=6 pos=0 avail=6 reading=6 eofSeekCount=0
[FileHandle] MEMORY: bbs:node6.user bufLen=239 pos=0 avail=239 reading=239 eofSeekCount=0
[FileHandle] MEMORY: bbs:systemstats bufLen=6 pos=0 avail=6 reading=6 eofSeekCount=0
[FileHandle] SEEK: bbs:node3/callerslog from=0 to=-339 whence=2 offset=-1000 justEof=false
[FileHandle] SEEK: bbs:node3/callerslog from=0 to=0 whence=1 offset=0 justEof=false
[FileHandle] MEMORY: bbs:node3/callerslog bufLen=661 pos=0 avail=661 reading=512 eofSeekCount=0
[FileHandle] SEEK: bbs:node3/callerslog from=512 to=512 whence=1 offset=0 justEof=false
[FileHandle] MEMORY: bbs:node3/callerslog bufLen=661 pos=512 avail=149 reading=149 eofSeekCount=0
[FileHandle] MEMORY: bbs:node3/callerslog bufLen=661 pos=661 avail=0 reading=0 eofSeekCount=0
[FileHandle] SEEK: bbs:node3/callerslog from=661 to=661 whence=1 offset=0 justEof=true
[FileHandle] SEEK: bbs:node3/callerslog from=661 to=130 whence=0 offset=130 justEof=true
[FileHandle] EOF-SEEK-BACK: bbs:node3/callerslog count=1 (seeking backwards after EOF)
[FileHandle] MEMORY: bbs:node3/callerslog bufLen=661 pos=130 avail=531 reading=512 eofSeekCount=1
[FileHandle] MEMORY: bbs:node3/callerslog bufLen=661 pos=642 avail=19 reading=19 eofSeekCount=1
[FileHandle] MEMORY: bbs:node3/callerslog bufLen=661 pos=661 avail=0 reading=0 eofSeekCount=1
[FileHandle] MEMORY: DOORS:EmP_Tools/JoinCnf.CFG bufLen=3527 pos=0 avail=3527 reading=512 eofSeekCount=0
[FileHandle] MEMORY: DOORS:EmP_Tools/JoinCnf.CFG bufLen=3527 pos=512 avail=3015 reading=512 eofSeekCount=0
[FileHandle] MEMORY: ENV:JC_PWFAIL.2 bufLen=1 pos=0 avail=1 reading=1 eofSeekCount=0
[FileHandle] MEMORY: ENV:JC_PWFAIL.2 bufLen=1 pos=1 avail=0 reading=0 eofSeekCount=0
[FileHandle] MEMORY: DOORS:EmP_Tools/JoinCnf.CFG bufLen=3527 pos=1024 avail=2503 reading=512 eofSeekCount=0
[FileHandle] MEMORY: DOORS:EmP_Tools/JoinCnf.CFG bufLen=3527 pos=1536 avail=1991 reading=512 eofSeekCount=0
[FileHandle] MEMORY: DOORS:EmP_Tools/JoinCnf.CFG bufLen=3527 pos=2048 avail=1479 reading=512 eofSeekCount=0
[FileHandle] MEMORY: DOORS:EmP_Tools/JoinCnf.CFG bufLen=3527 pos=2560 avail=967 reading=512 eofSeekCount=0
[FileHandle] MEMORY: DOORS:EmP_Tools/JoinCnf.CFG bufLen=3527 pos=3072 avail=455 reading=455 eofSeekCount=0
[FileHandle] SEEK: bbs:node3/callerslog from=0 to=-339 whence=2 offset=-1000 justEof=false
[FileHandle] SEEK: bbs:node3/callerslog from=0 to=0 whence=1 offset=0 justEof=false
[FileHandle] MEMORY: bbs:node3/callerslog bufLen=661 pos=0 avail=661 reading=512 eofSeekCount=0
[FileHandle] SEEK: bbs:node3/callerslog from=512 to=512 whence=1 offset=0 justEof=false
[FileHandle] MEMORY: bbs:node3/callerslog bufLen=661 pos=512 avail=149 reading=149 eofSeekCount=0
[FileHandle] MEMORY: bbs:node3/callerslog bufLen=661 pos=661 avail=0 reading=0 eofSeekCount=0
[FileHandle] SEEK: bbs:node3/callerslog from=661 to=661 whence=1 offset=0 justEof=true
[FileHandle] SEEK: bbs:node3/callerslog from=661 to=130 whence=0 offset=130 justEof=true
[FileHandle] EOF-SEEK-BACK: bbs:node3/callerslog count=1 (seeking backwards after EOF)
[FileHandle] MEMORY: bbs:node3/callerslog bufLen=661 pos=130 avail=531 reading=512 eofSeekCount=1
[FileHandle] MEMORY: bbs:node3/callerslog bufLen=661 pos=642 avail=19 reading=19 eofSeekCount=1
[FileHandle] MEMORY: bbs:node3/callerslog bufLen=661 pos=661 avail=0 reading=0 eofSeekCount=1
[FileHandle] MEMORY: bbs:node7.user bufLen=239 pos=0 avail=239 reading=239 eofSeekCount=0
[FileHandle] MEMORY: bbs:systemstats bufLen=6 pos=0 avail=6 reading=6 eofSeekCount=0
[FileHandle] SEEK: bbs:node3/callerslog from=0 to=-85 whence=2 offset=-1000 justEof=false
[FileHandle] SEEK: bbs:node3/callerslog from=0 to=0 whence=1 offset=0 justEof=false
[FileHandle] MEMORY: bbs:node3/callerslog bufLen=915 pos=0 avail=915 reading=512 eofSeekCount=0
[FileHandle] SEEK: bbs:node3/callerslog from=512 to=512 whence=1 offset=0 justEof=false
[FileHandle] MEMORY: bbs:node3/callerslog bufLen=915 pos=512 avail=403 reading=403 eofSeekCount=0
[FileHandle] SEEK: bbs:node3/callerslog from=915 to=915 whence=1 offset=0 justEof=false
[FileHandle] MEMORY: bbs:node3/callerslog bufLen=915 pos=915 avail=0 reading=0 eofSeekCount=0
[FileHandle] SEEK: bbs:node3/callerslog from=915 to=915 whence=1 offset=0 justEof=true
[FileHandle] SEEK: bbs:node3/callerslog from=915 to=791 whence=0 offset=791 justEof=true
[FileHandle] EOF-SEEK-BACK: bbs:node3/callerslog count=1 (seeking backwards after EOF)
[FileHandle] MEMORY: bbs:node3/callerslog bufLen=915 pos=791 avail=124 reading=124 eofSeekCount=1
[FileHandle] MEMORY: bbs:node3/callerslog bufLen=915 pos=915 avail=0 reading=0 eofSeekCount=1
[FileHandle] MEMORY: dOORS:dRE/dRE!WAll/dRE!WAll.dAtA bufLen=100 pos=0 avail=100 reading=100 eofSeekCount=0
[FileHandle] MEMORY: dOORS:dRE/dRE!WAll/dRE!WAll.dAtA bufLen=100 pos=100 avail=0 reading=0 eofSeekCount=0
[FileHandle] SEEK: bbs:node3/callerslog from=0 to=40 whence=2 offset=-1000 justEof=false
[FileHandle] SEEK: bbs:node3/callerslog from=40 to=40 whence=1 offset=0 justEof=false
[FileHandle] MEMORY: bbs:node3/callerslog bufLen=1040 pos=40 avail=1000 reading=512 eofSeekCount=0
[FileHandle] SEEK: bbs:node3/callerslog from=552 to=552 whence=1 offset=0 justEof=false
[FileHandle] MEMORY: bbs:node3/callerslog bufLen=1040 pos=552 avail=488 reading=488 eofSeekCount=0
[FileHandle] SEEK: bbs:node3/callerslog from=1040 to=1040 whence=1 offset=0 justEof=false
[FileHandle] MEMORY: bbs:node3/callerslog bufLen=1040 pos=1040 avail=0 reading=0 eofSeekCount=0
[FileHandle] SEEK: bbs:node3/callerslog from=1040 to=1040 whence=1 offset=0 justEof=true
[FileHandle] SEEK: bbs:node3/callerslog from=1040 to=791 whence=0 offset=791 justEof=true
[FileHandle] EOF-SEEK-BACK: bbs:node3/callerslog count=1 (seeking backwards after EOF)
[FileHandle] MEMORY: bbs:node3/callerslog bufLen=1040 pos=791 avail=249 reading=249 eofSeekCount=1
[FileHandle] MEMORY: bbs:node3/callerslog bufLen=1040 pos=1040 avail=0 reading=0 eofSeekCount=1
[FileHandle] MEMORY: bbs:node1.user bufLen=239 pos=0 avail=239 reading=239 eofSeekCount=0
[FileHandle] MEMORY: bbs:systemstats bufLen=6 pos=0 avail=6 reading=6 eofSeekCount=0
[FileHandle] SEEK: bbs:node3/callerslog from=0 to=40 whence=2 offset=-1000 justEof=false
[FileHandle] SEEK: bbs:node3/callerslog from=40 to=40 whence=1 offset=0 justEof=false
[FileHandle] MEMORY: bbs:node3/callerslog bufLen=1040 pos=40 avail=1000 reading=512 eofSeekCount=0
[FileHandle] SEEK: bbs:node3/callerslog from=552 to=552 whence=1 offset=0 justEof=false
[FileHandle] MEMORY: bbs:node3/callerslog bufLen=1040 pos=552 avail=488 reading=488 eofSeekCount=0
[FileHandle] SEEK: bbs:node3/callerslog from=1040 to=1040 whence=1 offset=0 justEof=false
[FileHandle] MEMORY: bbs:node3/callerslog bufLen=1040 pos=1040 avail=0 reading=0 eofSeekCount=0
[FileHandle] SEEK: bbs:node3/callerslog from=1040 to=1040 whence=1 offset=0 justEof=true
[FileHandle] SEEK: bbs:node3/callerslog from=1040 to=791 whence=0 offset=791 justEof=true
[FileHandle] EOF-SEEK-BACK: bbs:node3/callerslog count=1 (seeking backwards after EOF)
[FileHandle] MEMORY: bbs:node3/callerslog bufLen=1040 pos=791 avail=249 reading=249 eofSeekCount=1
[FileHandle] MEMORY: bbs:node3/callerslog bufLen=1040 pos=1040 avail=0 reading=0 eofSeekCount=1
[FileHandle] MEMORY: bbs:node1.user bufLen=239 pos=0 avail=239 reading=239 eofSeekCount=0
[FileHandle] MEMORY: bbs:systemstats bufLen=6 pos=0 avail=6 reading=6 eofSeekCount=0
[FileHandle] SEEK: bbs:node3/callerslog from=0 to=40 whence=2 offset=-1000 justEof=false
[FileHandle] SEEK: bbs:node3/callerslog from=40 to=40 whence=1 offset=0 justEof=false
[FileHandle] MEMORY: bbs:node3/callerslog bufLen=1040 pos=40 avail=1000 reading=512 eofSeekCount=0
[FileHandle] SEEK: bbs:node3/callerslog from=552 to=552 whence=1 offset=0 justEof=false
[FileHandle] MEMORY: bbs:node3/callerslog bufLen=1040 pos=552 avail=488 reading=488 eofSeekCount=0
[FileHandle] SEEK: bbs:node3/callerslog from=1040 to=1040 whence=1 offset=0 justEof=false
[FileHandle] MEMORY: bbs:node3/callerslog bufLen=1040 pos=1040 avail=0 reading=0 eofSeekCount=0
[FileHandle] SEEK: bbs:node3/callerslog from=1040 to=1040 whence=1 offset=0 justEof=true
[FileHandle] SEEK: bbs:node3/callerslog from=1040 to=791 whence=0 offset=791 justEof=true
[FileHandle] EOF-SEEK-BACK: bbs:node3/callerslog count=1 (seeking backwards after EOF)
[FileHandle] MEMORY: bbs:node3/callerslog bufLen=1040 pos=791 avail=249 reading=249 eofSeekCount=1
[FileHandle] MEMORY: bbs:node3/callerslog bufLen=1040 pos=1040 avail=0 reading=0 eofSeekCount=1
[FileHandle] MEMORY: bbs:node1.user bufLen=239 pos=0 avail=239 reading=239 eofSeekCount=0
[FileHandle] MEMORY: bbs:systemstats bufLen=6 pos=0 avail=6 reading=6 eofSeekCount=0
[FileHandle] SEEK: bbs:node3/callerslog from=0 to=40 whence=2 offset=-1000 justEof=false
[FileHandle] SEEK: bbs:node3/callerslog from=40 to=40 whence=1 offset=0 justEof=false
[FileHandle] MEMORY: bbs:node3/callerslog bufLen=1040 pos=40 avail=1000 reading=512 eofSeekCount=0
[FileHandle] SEEK: bbs:node3/callerslog from=552 to=552 whence=1 offset=0 justEof=false
[FileHandle] MEMORY: bbs:node3/callerslog bufLen=1040 pos=552 avail=488 reading=488 eofSeekCount=0
[FileHandle] SEEK: bbs:node3/callerslog from=1040 to=1040 whence=1 offset=0 justEof=false
[FileHandle] MEMORY: bbs:node3/callerslog bufLen=1040 pos=1040 avail=0 reading=0 eofSeekCount=0
[FileHandle] SEEK: bbs:node3/callerslog from=1040 to=1040 whence=1 offset=0 justEof=true
[FileHandle] SEEK: bbs:node3/callerslog from=1040 to=791 whence=0 offset=791 justEof=true
[FileHandle] EOF-SEEK-BACK: bbs:node3/callerslog count=1 (seeking backwards after EOF)
[FileHandle] MEMORY: bbs:node3/callerslog bufLen=1040 pos=791 avail=249 reading=249 eofSeekCount=1
[FileHandle] MEMORY: bbs:node3/callerslog bufLen=1040 pos=1040 avail=0 reading=0 eofSeekCount=1
[FileHandle] MEMORY: bbs:node1.user bufLen=239 pos=0 avail=239 reading=239 eofSeekCount=0
[FileHandle] MEMORY: bbs:systemstats bufLen=6 pos=0 avail=6 reading=6 eofSeekCount=0
[FileHandle] MEMORY: DOORS:EmP_Tools/JoinCnf.CFG bufLen=3527 pos=0 avail=3527 reading=512 eofSeekCount=0
[FileHandle] MEMORY: DOORS:EmP_Tools/JoinCnf.CFG bufLen=3527 pos=512 avail=3015 reading=512 eofSeekCount=0
[FileHandle] MEMORY: ENV:JC_PWFAIL.2 bufLen=1 pos=0 avail=1 reading=1 eofSeekCount=0
[FileHandle] MEMORY: ENV:JC_PWFAIL.2 bufLen=1 pos=1 avail=0 reading=0 eofSeekCount=0
[FileHandle] MEMORY: DOORS:EmP_Tools/JoinCnf.CFG bufLen=3527 pos=1024 avail=2503 reading=512 eofSeekCount=0
[FileHandle] MEMORY: DOORS:EmP_Tools/JoinCnf.CFG bufLen=3527 pos=1536 avail=1991 reading=512 eofSeekCount=0
[FileHandle] MEMORY: DOORS:EmP_Tools/JoinCnf.CFG bufLen=3527 pos=2048 avail=1479 reading=512 eofSeekCount=0
[FileHandle] MEMORY: DOORS:EmP_Tools/JoinCnf.CFG bufLen=3527 pos=2560 avail=967 reading=512 eofSeekCount=0
[FileHandle] MEMORY: DOORS:EmP_Tools/JoinCnf.CFG bufLen=3527 pos=3072 avail=455 reading=455 eofSeekCount=0
[FileHandle] SEEK: bbs:node3/callerslog from=0 to=40 whence=2 offset=-1000 justEof=false
[FileHandle] SEEK: bbs:node3/callerslog from=40 to=40 whence=1 offset=0 justEof=false
[FileHandle] MEMORY: bbs:node3/callerslog bufLen=1040 pos=40 avail=1000 reading=512 eofSeekCount=0
[FileHandle] SEEK: bbs:node3/callerslog from=552 to=552 whence=1 offset=0 justEof=false
[FileHandle] MEMORY: bbs:node3/callerslog bufLen=1040 pos=552 avail=488 reading=488 eofSeekCount=0
[FileHandle] SEEK: bbs:node3/callerslog from=1040 to=1040 whence=1 offset=0 justEof=false
[FileHandle] MEMORY: bbs:node3/callerslog bufLen=1040 pos=1040 avail=0 reading=0 eofSeekCount=0
[FileHandle] SEEK: bbs:node3/callerslog from=1040 to=1040 whence=1 offset=0 justEof=true
[FileHandle] SEEK: bbs:node3/callerslog from=1040 to=791 whence=0 offset=791 justEof=true
[FileHandle] EOF-SEEK-BACK: bbs:node3/callerslog count=1 (seeking backwards after EOF)
[FileHandle] MEMORY: bbs:node3/callerslog bufLen=1040 pos=791 avail=249 reading=249 eofSeekCount=1
[FileHandle] MEMORY: bbs:node3/callerslog bufLen=1040 pos=1040 avail=0 reading=0 eofSeekCount=1
[FileHandle] MEMORY: bbs:node1.user bufLen=239 pos=0 avail=239 reading=239 eofSeekCount=0
[FileHandle] MEMORY: bbs:systemstats bufLen=6 pos=0 avail=6 reading=6 eofSeekCount=0
[FileHandle] MEMORY: DOORS:EmP_Tools/JoinCnf.CFG bufLen=3527 pos=0 avail=3527 reading=512 eofSeekCount=0
[FileHandle] MEMORY: DOORS:EmP_Tools/JoinCnf.CFG bufLen=3527 pos=512 avail=3015 reading=512 eofSeekCount=0
[FileHandle] MEMORY: ENV:JC_PWFAIL.2 bufLen=1 pos=0 avail=1 reading=1 eofSeekCount=0
[FileHandle] MEMORY: ENV:JC_PWFAIL.2 bufLen=1 pos=1 avail=0 reading=0 eofSeekCount=0
[FileHandle] MEMORY: DOORS:EmP_Tools/JoinCnf.CFG bufLen=3527 pos=1024 avail=2503 reading=512 eofSeekCount=0
[FileHandle] MEMORY: DOORS:EmP_Tools/JoinCnf.CFG bufLen=3527 pos=1536 avail=1991 reading=512 eofSeekCount=0
[FileHandle] MEMORY: DOORS:EmP_Tools/JoinCnf.CFG bufLen=3527 pos=2048 avail=1479 reading=512 eofSeekCount=0
[FileHandle] MEMORY: DOORS:EmP_Tools/JoinCnf.CFG bufLen=3527 pos=2560 avail=967 reading=512 eofSeekCount=0
[FileHandle] MEMORY: DOORS:EmP_Tools/JoinCnf.CFG bufLen=3527 pos=3072 avail=455 reading=455 eofSeekCount=0
[FileHandle] SEEK: bbs:node3/callerslog from=0 to=40 whence=2 offset=-1000 justEof=false
[FileHandle] SEEK: bbs:node3/callerslog from=40 to=40 whence=1 offset=0 justEof=false
[FileHandle] MEMORY: bbs:node3/callerslog bufLen=1040 pos=40 avail=1000 reading=512 eofSeekCount=0
[FileHandle] SEEK: bbs:node3/callerslog from=552 to=552 whence=1 offset=0 justEof=false
[FileHandle] MEMORY: bbs:node3/callerslog bufLen=1040 pos=552 avail=488 reading=488 eofSeekCount=0
[FileHandle] SEEK: bbs:node3/callerslog from=1040 to=1040 whence=1 offset=0 justEof=false
[FileHandle] MEMORY: bbs:node3/callerslog bufLen=1040 pos=1040 avail=0 reading=0 eofSeekCount=0
[FileHandle] SEEK: bbs:node3/callerslog from=1040 to=1040 whence=1 offset=0 justEof=true
[FileHandle] SEEK: bbs:node3/callerslog from=1040 to=791 whence=0 offset=791 justEof=true
[FileHandle] EOF-SEEK-BACK: bbs:node3/callerslog count=1 (seeking backwards after EOF)
[FileHandle] MEMORY: bbs:node3/callerslog bufLen=1040 pos=791 avail=249 reading=249 eofSeekCount=1
[FileHandle] MEMORY: bbs:node3/callerslog bufLen=1040 pos=1040 avail=0 reading=0 eofSeekCount=1
[FileHandle] MEMORY: bbs:node1.user bufLen=239 pos=0 avail=239 reading=239 eofSeekCount=0
[FileHandle] MEMORY: bbs:systemstats bufLen=6 pos=0 avail=6 reading=6 eofSeekCount=0
[FileHandle] MEMORY: DOORS:EmP_Tools/JoinCnf.CFG bufLen=3527 pos=0 avail=3527 reading=512 eofSeekCount=0
[FileHandle] MEMORY: DOORS:EmP_Tools/JoinCnf.CFG bufLen=3527 pos=512 avail=3015 reading=512 eofSeekCount=0
[FileHandle] MEMORY: ENV:JC_PWFAIL.2 bufLen=1 pos=0 avail=1 reading=1 eofSeekCount=0
[FileHandle] MEMORY: ENV:JC_PWFAIL.2 bufLen=1 pos=1 avail=0 reading=0 eofSeekCount=0
[FileHandle] MEMORY: DOORS:EmP_Tools/JoinCnf.CFG bufLen=3527 pos=1024 avail=2503 reading=512 eofSeekCount=0
[FileHandle] MEMORY: DOORS:EmP_Tools/JoinCnf.CFG bufLen=3527 pos=1536 avail=1991 reading=512 eofSeekCount=0
[FileHandle] MEMORY: DOORS:EmP_Tools/JoinCnf.CFG bufLen=3527 pos=2048 avail=1479 reading=512 eofSeekCount=0
[FileHandle] MEMORY: DOORS:EmP_Tools/JoinCnf.CFG bufLen=3527 pos=2560 avail=967 reading=512 eofSeekCount=0
[FileHandle] MEMORY: DOORS:EmP_Tools/JoinCnf.CFG bufLen=3527 pos=3072 avail=455 reading=455 eofSeekCount=0
[FileHandle] SEEK: bbs:node3/callerslog from=0 to=40 whence=2 offset=-1000 justEof=false
[FileHandle] SEEK: bbs:node3/callerslog from=40 to=40 whence=1 offset=0 justEof=false
[FileHandle] MEMORY: bbs:node3/callerslog bufLen=1040 pos=40 avail=1000 reading=512 eofSeekCount=0
[FileHandle] SEEK: bbs:node3/callerslog from=552 to=552 whence=1 offset=0 justEof=false
[FileHandle] MEMORY: bbs:node3/callerslog bufLen=1040 pos=552 avail=488 reading=488 eofSeekCount=0
[FileHandle] SEEK: bbs:node3/callerslog from=1040 to=1040 whence=1 offset=0 justEof=false
[FileHandle] MEMORY: bbs:node3/callerslog bufLen=1040 pos=1040 avail=0 reading=0 eofSeekCount=0
[FileHandle] SEEK: bbs:node3/callerslog from=1040 to=1040 whence=1 offset=0 justEof=true
[FileHandle] SEEK: bbs:node3/callerslog from=1040 to=791 whence=0 offset=791 justEof=true
[FileHandle] EOF-SEEK-BACK: bbs:node3/callerslog count=1 (seeking backwards after EOF)
[FileHandle] MEMORY: bbs:node3/callerslog bufLen=1040 pos=791 avail=249 reading=249 eofSeekCount=1
[FileHandle] MEMORY: bbs:node3/callerslog bufLen=1040 pos=1040 avail=0 reading=0 eofSeekCount=1
[FileHandle] MEMORY: dOORS:dRE/dRE!WAll/dRE!WAll.dAtA bufLen=100 pos=0 avail=100 reading=100 eofSeekCount=0
[FileHandle] MEMORY: dOORS:dRE/dRE!WAll/dRE!WAll.dAtA bufLen=100 pos=100 avail=0 reading=0 eofSeekCount=0
[FileHandle] SEEK: bbs:node3/callerslog from=0 to=107 whence=2 offset=-1000 justEof=false
[FileHandle] SEEK: bbs:node3/callerslog from=107 to=107 whence=1 offset=0 justEof=false
[FileHandle] MEMORY: bbs:node3/callerslog bufLen=1107 pos=107 avail=1000 reading=512 eofSeekCount=0
[FileHandle] SEEK: bbs:node3/callerslog from=619 to=619 whence=1 offset=0 justEof=false
[FileHandle] MEMORY: bbs:node3/callerslog bufLen=1107 pos=619 avail=488 reading=488 eofSeekCount=0
[FileHandle] SEEK: bbs:node3/callerslog from=1107 to=1107 whence=1 offset=0 justEof=false
[FileHandle] MEMORY: bbs:node3/callerslog bufLen=1107 pos=1107 avail=0 reading=0 eofSeekCount=0
[FileHandle] SEEK: bbs:node3/callerslog from=1107 to=1107 whence=1 offset=0 justEof=true
[FileHandle] SEEK: bbs:node3/callerslog from=1107 to=791 whence=0 offset=791 justEof=true
[FileHandle] EOF-SEEK-BACK: bbs:node3/callerslog count=1 (seeking backwards after EOF)
[FileHandle] MEMORY: bbs:node3/callerslog bufLen=1107 pos=791 avail=316 reading=316 eofSeekCount=1
[FileHandle] MEMORY: bbs:node3/callerslog bufLen=1107 pos=1107 avail=0 reading=0 eofSeekCount=1
[FileHandle] MEMORY: dOORS:dRE/dRE!WAll/dRE!WAll.dAtA bufLen=100 pos=0 avail=100 reading=100 eofSeekCount=0
[FileHandle] MEMORY: dOORS:dRE/dRE!WAll/dRE!WAll.dAtA bufLen=100 pos=100 avail=0 reading=0 eofSeekCount=0
[FileHandle] SEEK: bbs:node3/callerslog from=0 to=107 whence=2 offset=-1000 justEof=false
[FileHandle] SEEK: bbs:node3/callerslog from=107 to=107 whence=1 offset=0 justEof=false
[FileHandle] MEMORY: bbs:node3/callerslog bufLen=1107 pos=107 avail=1000 reading=512 eofSeekCount=0
[FileHandle] SEEK: bbs:node3/callerslog from=619 to=619 whence=1 offset=0 justEof=false
[FileHandle] MEMORY: bbs:node3/callerslog bufLen=1107 pos=619 avail=488 reading=488 eofSeekCount=0
[FileHandle] SEEK: bbs:node3/callerslog from=1107 to=1107 whence=1 offset=0 justEof=false
[FileHandle] MEMORY: bbs:node3/callerslog bufLen=1107 pos=1107 avail=0 reading=0 eofSeekCount=0
[FileHandle] SEEK: bbs:node3/callerslog from=1107 to=1107 whence=1 offset=0 justEof=true
[FileHandle] SEEK: bbs:node3/callerslog from=1107 to=791 whence=0 offset=791 justEof=true
[FileHandle] EOF-SEEK-BACK: bbs:node3/callerslog count=1 (seeking backwards after EOF)
[FileHandle] MEMORY: bbs:node3/callerslog bufLen=1107 pos=791 avail=316 reading=316 eofSeekCount=1
[FileHandle] MEMORY: bbs:node3/callerslog bufLen=1107 pos=1107 avail=0 reading=0 eofSeekCount=1
[FileHandle] MEMORY: bbs:node1.user bufLen=239 pos=0 avail=239 reading=239 eofSeekCount=0
[FileHandle] MEMORY: bbs:systemstats bufLen=6 pos=0 avail=6 reading=6 eofSeekCount=0
[FileHandle] MEMORY: DOORS:EmP_Tools/JoinCnf.CFG bufLen=3527 pos=0 avail=3527 reading=512 eofSeekCount=0
[FileHandle] MEMORY: DOORS:EmP_Tools/JoinCnf.CFG bufLen=3527 pos=512 avail=3015 reading=512 eofSeekCount=0
[FileHandle] MEMORY: ENV:JC_PWFAIL.2 bufLen=1 pos=0 avail=1 reading=1 eofSeekCount=0
[FileHandle] MEMORY: ENV:JC_PWFAIL.2 bufLen=1 pos=1 avail=0 reading=0 eofSeekCount=0
[FileHandle] MEMORY: DOORS:EmP_Tools/JoinCnf.CFG bufLen=3527 pos=1024 avail=2503 reading=512 eofSeekCount=0
[FileHandle] MEMORY: DOORS:EmP_Tools/JoinCnf.CFG bufLen=3527 pos=1536 avail=1991 reading=512 eofSeekCount=0
[FileHandle] MEMORY: DOORS:EmP_Tools/JoinCnf.CFG bufLen=3527 pos=2048 avail=1479 reading=512 eofSeekCount=0
[FileHandle] MEMORY: DOORS:EmP_Tools/JoinCnf.CFG bufLen=3527 pos=2560 avail=967 reading=512 eofSeekCount=0
[FileHandle] MEMORY: DOORS:EmP_Tools/JoinCnf.CFG bufLen=3527 pos=3072 avail=455 reading=455 eofSeekCount=0
[FileHandle] SEEK: bbs:node3/callerslog from=0 to=107 whence=2 offset=-1000 justEof=false
[FileHandle] SEEK: bbs:node3/callerslog from=107 to=107 whence=1 offset=0 justEof=false
[FileHandle] MEMORY: bbs:node3/callerslog bufLen=1107 pos=107 avail=1000 reading=512 eofSeekCount=0
[FileHandle] SEEK: bbs:node3/callerslog from=619 to=619 whence=1 offset=0 justEof=false
[FileHandle] MEMORY: bbs:node3/callerslog bufLen=1107 pos=619 avail=488 reading=488 eofSeekCount=0
[FileHandle] SEEK: bbs:node3/callerslog from=1107 to=1107 whence=1 offset=0 justEof=false
[FileHandle] MEMORY: bbs:node3/callerslog bufLen=1107 pos=1107 avail=0 reading=0 eofSeekCount=0
[FileHandle] SEEK: bbs:node3/callerslog from=1107 to=1107 whence=1 offset=0 justEof=true
[FileHandle] SEEK: bbs:node3/callerslog from=1107 to=791 whence=0 offset=791 justEof=true
[FileHandle] EOF-SEEK-BACK: bbs:node3/callerslog count=1 (seeking backwards after EOF)
[FileHandle] MEMORY: bbs:node3/callerslog bufLen=1107 pos=791 avail=316 reading=316 eofSeekCount=1
[FileHandle] MEMORY: bbs:node3/callerslog bufLen=1107 pos=1107 avail=0 reading=0 eofSeekCount=1
[FileHandle] MEMORY: dOORS:dRE/dRE!WAll/dRE!WAll.dAtA bufLen=100 pos=0 avail=100 reading=100 eofSeekCount=0
[FileHandle] MEMORY: dOORS:dRE/dRE!WAll/dRE!WAll.dAtA bufLen=100 pos=100 avail=0 reading=0 eofSeekCount=0
[FileHandle] MEMORY: DOORS:EmP_Tools/JoinCnf.CFG bufLen=3527 pos=0 avail=3527 reading=512 eofSeekCount=0
[FileHandle] MEMORY: DOORS:EmP_Tools/JoinCnf.CFG bufLen=3527 pos=512 avail=3015 reading=512 eofSeekCount=0
[FileHandle] MEMORY: ENV:JC_PWFAIL.2 bufLen=1 pos=0 avail=1 reading=1 eofSeekCount=0
[FileHandle] MEMORY: ENV:JC_PWFAIL.2 bufLen=1 pos=1 avail=0 reading=0 eofSeekCount=0
[FileHandle] MEMORY: DOORS:EmP_Tools/JoinCnf.CFG bufLen=3527 pos=1024 avail=2503 reading=512 eofSeekCount=0
[FileHandle] MEMORY: DOORS:EmP_Tools/JoinCnf.CFG bufLen=3527 pos=1536 avail=1991 reading=512 eofSeekCount=0
[FileHandle] MEMORY: DOORS:EmP_Tools/JoinCnf.CFG bufLen=3527 pos=2048 avail=1479 reading=512 eofSeekCount=0
[FileHandle] MEMORY: DOORS:EmP_Tools/JoinCnf.CFG bufLen=3527 pos=2560 avail=967 reading=512 eofSeekCount=0
[FileHandle] MEMORY: DOORS:EmP_Tools/JoinCnf.CFG bufLen=3527 pos=3072 avail=455 reading=455 eofSeekCount=0
[FileHandle] SEEK: bbs:node3/callerslog from=0 to=107 whence=2 offset=-1000 justEof=false
[FileHandle] SEEK: bbs:node3/callerslog from=107 to=107 whence=1 offset=0 justEof=false
[FileHandle] MEMORY: bbs:node3/callerslog bufLen=1107 pos=107 avail=1000 reading=512 eofSeekCount=0
[FileHandle] SEEK: bbs:node3/callerslog from=619 to=619 whence=1 offset=0 justEof=false
[FileHandle] MEMORY: bbs:node3/callerslog bufLen=1107 pos=619 avail=488 reading=488 eofSeekCount=0
[FileHandle] SEEK: bbs:node3/callerslog from=1107 to=1107 whence=1 offset=0 justEof=false
[FileHandle] MEMORY: bbs:node3/callerslog bufLen=1107 pos=1107 avail=0 reading=0 eofSeekCount=0
[FileHandle] SEEK: bbs:node3/callerslog from=1107 to=1107 whence=1 offset=0 justEof=true
[FileHandle] SEEK: bbs:node3/callerslog from=1107 to=791 whence=0 offset=791 justEof=true
[FileHandle] EOF-SEEK-BACK: bbs:node3/callerslog count=1 (seeking backwards after EOF)
[FileHandle] MEMORY: bbs:node3/callerslog bufLen=1107 pos=791 avail=316 reading=316 eofSeekCount=1
[FileHandle] MEMORY: bbs:node3/callerslog bufLen=1107 pos=1107 avail=0 reading=0 eofSeekCount=1
[FileHandle] MEMORY: dOORS:dRE/dRE!WAll/dRE!WAll.dAtA bufLen=100 pos=0 avail=100 reading=100 eofSeekCount=0
[FileHandle] MEMORY: dOORS:dRE/dRE!WAll/dRE!WAll.dAtA bufLen=100 pos=100 avail=0 reading=0 eofSeekCount=0
[FileHandle] MEMORY: DOORS:EmP_Tools/JoinCnf.CFG bufLen=3527 pos=0 avail=3527 reading=512 eofSeekCount=0
[FileHandle] MEMORY: DOORS:EmP_Tools/JoinCnf.CFG bufLen=3527 pos=512 avail=3015 reading=512 eofSeekCount=0
[FileHandle] MEMORY: ENV:JC_PWFAIL.2 bufLen=1 pos=0 avail=1 reading=1 eofSeekCount=0
[FileHandle] MEMORY: ENV:JC_PWFAIL.2 bufLen=1 pos=1 avail=0 reading=0 eofSeekCount=0
[FileHandle] MEMORY: DOORS:EmP_Tools/JoinCnf.CFG bufLen=3527 pos=1024 avail=2503 reading=512 eofSeekCount=0
[FileHandle] MEMORY: DOORS:EmP_Tools/JoinCnf.CFG bufLen=3527 pos=1536 avail=1991 reading=512 eofSeekCount=0
[FileHandle] MEMORY: DOORS:EmP_Tools/JoinCnf.CFG bufLen=3527 pos=2048 avail=1479 reading=512 eofSeekCount=0
[FileHandle] MEMORY: DOORS:EmP_Tools/JoinCnf.CFG bufLen=3527 pos=2560 avail=967 reading=512 eofSeekCount=0
[FileHandle] MEMORY: DOORS:EmP_Tools/JoinCnf.CFG bufLen=3527 pos=3072 avail=455 reading=455 eofSeekCount=0
[FileHandle] SEEK: bbs:node3/callerslog from=0 to=107 whence=2 offset=-1000 justEof=false
[FileHandle] SEEK: bbs:node3/callerslog from=107 to=107 whence=1 offset=0 justEof=false
[FileHandle] MEMORY: bbs:node3/callerslog bufLen=1107 pos=107 avail=1000 reading=512 eofSeekCount=0
[FileHandle] SEEK: bbs:node3/callerslog from=619 to=619 whence=1 offset=0 justEof=false
[FileHandle] MEMORY: bbs:node3/callerslog bufLen=1107 pos=619 avail=488 reading=488 eofSeekCount=0
[FileHandle] SEEK: bbs:node3/callerslog from=1107 to=1107 whence=1 offset=0 justEof=false
[FileHandle] MEMORY: bbs:node3/callerslog bufLen=1107 pos=1107 avail=0 reading=0 eofSeekCount=0
[FileHandle] SEEK: bbs:node3/callerslog from=1107 to=1107 whence=1 offset=0 justEof=true
[FileHandle] SEEK: bbs:node3/callerslog from=1107 to=791 whence=0 offset=791 justEof=true
[FileHandle] EOF-SEEK-BACK: bbs:node3/callerslog count=1 (seeking backwards after EOF)
[FileHandle] MEMORY: bbs:node3/callerslog bufLen=1107 pos=791 avail=316 reading=316 eofSeekCount=1
[FileHandle] MEMORY: bbs:node3/callerslog bufLen=1107 pos=1107 avail=0 reading=0 eofSeekCount=1
[FileHandle] MEMORY: bbs:node1.user bufLen=239 pos=0 avail=239 reading=239 eofSeekCount=0
[FileHandle] MEMORY: bbs:systemstats bufLen=6 pos=0 avail=6 reading=6 eofSeekCount=0
[FileHandle] MEMORY: DOORS:EmP_Tools/JoinCnf.CFG bufLen=3527 pos=0 avail=3527 reading=512 eofSeekCount=0
[FileHandle] MEMORY: DOORS:EmP_Tools/JoinCnf.CFG bufLen=3527 pos=512 avail=3015 reading=512 eofSeekCount=0
[FileHandle] MEMORY: ENV:JC_PWFAIL.2 bufLen=1 pos=0 avail=1 reading=1 eofSeekCount=0
[FileHandle] MEMORY: ENV:JC_PWFAIL.2 bufLen=1 pos=1 avail=0 reading=0 eofSeekCount=0
[FileHandle] MEMORY: DOORS:EmP_Tools/JoinCnf.CFG bufLen=3527 pos=1024 avail=2503 reading=512 eofSeekCount=0
[FileHandle] MEMORY: DOORS:EmP_Tools/JoinCnf.CFG bufLen=3527 pos=1536 avail=1991 reading=512 eofSeekCount=0
[FileHandle] MEMORY: DOORS:EmP_Tools/JoinCnf.CFG bufLen=3527 pos=2048 avail=1479 reading=512 eofSeekCount=0
[FileHandle] MEMORY: DOORS:EmP_Tools/JoinCnf.CFG bufLen=3527 pos=2560 avail=967 reading=512 eofSeekCount=0
[FileHandle] MEMORY: DOORS:EmP_Tools/JoinCnf.CFG bufLen=3527 pos=3072 avail=455 reading=455 eofSeekCount=0
[FileHandle] SEEK: bbs:node3/callerslog from=0 to=107 whence=2 offset=-1000 justEof=false
[FileHandle] SEEK: bbs:node3/callerslog from=107 to=107 whence=1 offset=0 justEof=false
[FileHandle] MEMORY: bbs:node3/callerslog bufLen=1107 pos=107 avail=1000 reading=512 eofSeekCount=0
[FileHandle] SEEK: bbs:node3/callerslog from=619 to=619 whence=1 offset=0 justEof=false
[FileHandle] MEMORY: bbs:node3/callerslog bufLen=1107 pos=619 avail=488 reading=488 eofSeekCount=0
[FileHandle] SEEK: bbs:node3/callerslog from=1107 to=1107 whence=1 offset=0 justEof=false
[FileHandle] MEMORY: bbs:node3/callerslog bufLen=1107 pos=1107 avail=0 reading=0 eofSeekCount=0
[FileHandle] SEEK: bbs:node3/callerslog from=1107 to=1107 whence=1 offset=0 justEof=true
[FileHandle] SEEK: bbs:node3/callerslog from=1107 to=791 whence=0 offset=791 justEof=true
[FileHandle] EOF-SEEK-BACK: bbs:node3/callerslog count=1 (seeking backwards after EOF)
[FileHandle] MEMORY: bbs:node3/callerslog bufLen=1107 pos=791 avail=316 reading=316 eofSeekCount=1
[FileHandle] MEMORY: bbs:node3/callerslog bufLen=1107 pos=1107 avail=0 reading=0 eofSeekCount=1
[FileHandle] MEMORY: bbs:node1.user bufLen=239 pos=0 avail=239 reading=239 eofSeekCount=0
[FileHandle] MEMORY: bbs:systemstats bufLen=6 pos=0 avail=6 reading=6 eofSeekCount=0
[FileHandle] SEEK: bbs:node3/callerslog from=0 to=107 whence=2 offset=-1000 justEof=false
[FileHandle] SEEK: bbs:node3/callerslog from=107 to=107 whence=1 offset=0 justEof=false
[FileHandle] MEMORY: bbs:node3/callerslog bufLen=1107 pos=107 avail=1000 reading=512 eofSeekCount=0
[FileHandle] SEEK: bbs:node3/callerslog from=619 to=619 whence=1 offset=0 justEof=false
[FileHandle] MEMORY: bbs:node3/callerslog bufLen=1107 pos=619 avail=488 reading=488 eofSeekCount=0
[FileHandle] SEEK: bbs:node3/callerslog from=1107 to=1107 whence=1 offset=0 justEof=false
[FileHandle] MEMORY: bbs:node3/callerslog bufLen=1107 pos=1107 avail=0 reading=0 eofSeekCount=0
[FileHandle] SEEK: bbs:node3/callerslog from=1107 to=1107 whence=1 offset=0 justEof=true
[FileHandle] SEEK: bbs:node3/callerslog from=1107 to=791 whence=0 offset=791 justEof=true
[FileHandle] EOF-SEEK-BACK: bbs:node3/callerslog count=1 (seeking backwards after EOF)
[FileHandle] MEMORY: bbs:node3/callerslog bufLen=1107 pos=791 avail=316 reading=316 eofSeekCount=1
[FileHandle] MEMORY: bbs:node3/callerslog bufLen=1107 pos=1107 avail=0 reading=0 eofSeekCount=1
[FileHandle] MEMORY: bbs:node1.user bufLen=239 pos=0 avail=239 reading=239 eofSeekCount=0
[FileHandle] MEMORY: bbs:systemstats bufLen=6 pos=0 avail=6 reading=6 eofSeekCount=0
[FileHandle] SEEK: bbs:node3/callerslog from=0 to=107 whence=2 offset=-1000 justEof=false
[FileHandle] SEEK: bbs:node3/callerslog from=107 to=107 whence=1 offset=0 justEof=false
[FileHandle] MEMORY: bbs:node3/callerslog bufLen=1107 pos=107 avail=1000 reading=512 eofSeekCount=0
[FileHandle] SEEK: bbs:node3/callerslog from=619 to=619 whence=1 offset=0 justEof=false
[FileHandle] MEMORY: bbs:node3/callerslog bufLen=1107 pos=619 avail=488 reading=488 eofSeekCount=0
[FileHandle] SEEK: bbs:node3/callerslog from=1107 to=1107 whence=1 offset=0 justEof=false
[FileHandle] MEMORY: bbs:node3/callerslog bufLen=1107 pos=1107 avail=0 reading=0 eofSeekCount=0
[FileHandle] SEEK: bbs:node3/callerslog from=1107 to=1107 whence=1 offset=0 justEof=true
[FileHandle] SEEK: bbs:node3/callerslog from=1107 to=791 whence=0 offset=791 justEof=true
[FileHandle] EOF-SEEK-BACK: bbs:node3/callerslog count=1 (seeking backwards after EOF)
[FileHandle] MEMORY: bbs:node3/callerslog bufLen=1107 pos=791 avail=316 reading=316 eofSeekCount=1
[FileHandle] MEMORY: bbs:node3/callerslog bufLen=1107 pos=1107 avail=0 reading=0 eofSeekCount=1
[FileHandle] MEMORY: bbs:node1.user bufLen=239 pos=0 avail=239 reading=239 eofSeekCount=0
[FileHandle] MEMORY: bbs:systemstats bufLen=6 pos=0 avail=6 reading=6 eofSeekCount=0
[FileHandle] SEEK: bbs:node3/callerslog from=0 to=361 whence=2 offset=-1000 justEof=false
[FileHandle] SEEK: bbs:node3/callerslog from=361 to=361 whence=1 offset=0 justEof=false
[FileHandle] MEMORY: bbs:node3/callerslog bufLen=1361 pos=361 avail=1000 reading=512 eofSeekCount=0
[FileHandle] SEEK: bbs:node3/callerslog from=873 to=873 whence=1 offset=0 justEof=false
[FileHandle] MEMORY: bbs:node3/callerslog bufLen=1361 pos=873 avail=488 reading=488 eofSeekCount=0
[FileHandle] SEEK: bbs:node3/callerslog from=1361 to=1361 whence=1 offset=0 justEof=false
[FileHandle] MEMORY: bbs:node3/callerslog bufLen=1361 pos=1361 avail=0 reading=0 eofSeekCount=0
[FileHandle] SEEK: bbs:node3/callerslog from=1361 to=1361 whence=1 offset=0 justEof=true
[FileHandle] SEEK: bbs:node3/callerslog from=1361 to=1237 whence=0 offset=1237 justEof=true
[FileHandle] EOF-SEEK-BACK: bbs:node3/callerslog count=1 (seeking backwards after EOF)
[FileHandle] MEMORY: bbs:node3/callerslog bufLen=1361 pos=1237 avail=124 reading=124 eofSeekCount=1
[FileHandle] MEMORY: bbs:node3/callerslog bufLen=1361 pos=1361 avail=0 reading=0 eofSeekCount=1
[FileHandle] MEMORY: dOORS:dRE/dRE!WAll/dRE!WAll.dAtA bufLen=100 pos=0 avail=100 reading=100 eofSeekCount=0
[FileHandle] MEMORY: dOORS:dRE/dRE!WAll/dRE!WAll.dAtA bufLen=100 pos=100 avail=0 reading=0 eofSeekCount=0
[FileHandle] SEEK: bbs:node3/callerslog from=0 to=533 whence=2 offset=-1000 justEof=false
[FileHandle] SEEK: bbs:node3/callerslog from=533 to=533 whence=1 offset=0 justEof=false
[FileHandle] SEEK: bbs:node3/callerslog from=0 to=533 whence=2 offset=-1000 justEof=false
[FileHandle] SEEK: bbs:node3/callerslog from=533 to=533 whence=1 offset=0 justEof=false
[FileHandle] MEMORY: bbs:node3/callerslog bufLen=1533 pos=533 avail=1000 reading=512 eofSeekCount=0
[FileHandle] SEEK: bbs:node3/callerslog from=1045 to=1045 whence=1 offset=0 justEof=false
[FileHandle] MEMORY: bbs:node3/callerslog bufLen=1533 pos=533 avail=1000 reading=512 eofSeekCount=0
[FileHandle] SEEK: bbs:node3/callerslog from=1045 to=1045 whence=1 offset=0 justEof=false
[FileHandle] MEMORY: bbs:node3/callerslog bufLen=1533 pos=1045 avail=488 reading=488 eofSeekCount=0
[FileHandle] SEEK: bbs:node3/callerslog from=0 to=533 whence=2 offset=-1000 justEof=false
[FileHandle] SEEK: bbs:node3/callerslog from=533 to=533 whence=1 offset=0 justEof=false
[FileHandle] SEEK: bbs:node3/callerslog from=1533 to=1533 whence=1 offset=0 justEof=false
[FileHandle] SEEK: bbs:node3/callerslog from=1533 to=1533 whence=1 offset=0 justEof=false
[FileHandle] MEMORY: bbs:node3/callerslog bufLen=1533 pos=533 avail=1000 reading=512 eofSeekCount=0
[FileHandle] MEMORY: bbs:node3/callerslog bufLen=1533 pos=1533 avail=0 reading=0 eofSeekCount=0
[FileHandle] SEEK: bbs:node3/callerslog from=1533 to=1533 whence=1 offset=0 justEof=true
[FileHandle] SEEK: bbs:node3/callerslog from=1045 to=1045 whence=1 offset=0 justEof=false
[FileHandle] SEEK: bbs:node3/callerslog from=1533 to=1491 whence=0 offset=1491 justEof=true
[FileHandle] EOF-SEEK-BACK: bbs:node3/callerslog count=1 (seeking backwards after EOF)
[FileHandle] MEMORY: bbs:node3/callerslog bufLen=1533 pos=1045 avail=488 reading=488 eofSeekCount=0
[FileHandle] SEEK: bbs:node3/callerslog from=1533 to=1533 whence=1 offset=0 justEof=false
[FileHandle] SEEK: bbs:node3/callerslog from=1533 to=1533 whence=1 offset=0 justEof=false
[FileHandle] MEMORY: bbs:node3/callerslog bufLen=1533 pos=1491 avail=42 reading=42 eofSeekCount=1
[FileHandle] MEMORY: bbs:node3/callerslog bufLen=1533 pos=1045 avail=488 reading=488 eofSeekCount=0
[FileHandle] MEMORY: bbs:node3/callerslog bufLen=1533 pos=1533 avail=0 reading=0 eofSeekCount=0
[FileHandle] SEEK: bbs:node3/callerslog from=1533 to=1533 whence=1 offset=0 justEof=false
[FileHandle] SEEK: bbs:node3/callerslog from=1533 to=1533 whence=1 offset=0 justEof=true
[FileHandle] SEEK: bbs:node3/callerslog from=1533 to=1533 whence=1 offset=0 justEof=false
[FileHandle] SEEK: bbs:node3/callerslog from=1533 to=1491 whence=0 offset=1491 justEof=true
[FileHandle] EOF-SEEK-BACK: bbs:node3/callerslog count=1 (seeking backwards after EOF)
[FileHandle] MEMORY: bbs:node3/callerslog bufLen=1533 pos=1533 avail=0 reading=0 eofSeekCount=0
[FileHandle] MEMORY: bbs:node3/callerslog bufLen=1533 pos=1491 avail=42 reading=42 eofSeekCount=1
[FileHandle] SEEK: bbs:node3/callerslog from=1533 to=1533 whence=1 offset=0 justEof=true
[FileHandle] SEEK: bbs:node3/callerslog from=1533 to=1491 whence=0 offset=1491 justEof=true
[FileHandle] EOF-SEEK-BACK: bbs:node3/callerslog count=1 (seeking backwards after EOF)
[FileHandle] MEMORY: bbs:node3/callerslog bufLen=1533 pos=1533 avail=0 reading=0 eofSeekCount=1
[FileHandle] MEMORY: bbs:node3/callerslog bufLen=1533 pos=1533 avail=0 reading=0 eofSeekCount=1
[FileHandle] MEMORY: bbs:node3/callerslog bufLen=1533 pos=1491 avail=42 reading=42 eofSeekCount=1
[FileHandle] MEMORY: bbs:node3/callerslog bufLen=1533 pos=1533 avail=0 reading=0 eofSeekCount=1
[FileHandle] MEMORY: dOORS:dRE/dRE!WAll/dRE!WAll.dAtA bufLen=100 pos=0 avail=100 reading=100 eofSeekCount=0
[FileHandle] MEMORY: dOORS:dRE/dRE!WAll/dRE!WAll.dAtA bufLen=100 pos=100 avail=0 reading=0 eofSeekCount=0
[FileHandle] MEMORY: dOORS:dRE/dRE!WAll/dRE!WAll.dAtA bufLen=100 pos=0 avail=100 reading=100 eofSeekCount=0
[FileHandle] MEMORY: dOORS:dRE/dRE!WAll/dRE!WAll.dAtA bufLen=100 pos=100 avail=0 reading=0 eofSeekCount=0
[FileHandle] SEEK: bbs:node3/callerslog from=0 to=600 whence=2 offset=-1000 justEof=false
[FileHandle] SEEK: bbs:node3/callerslog from=600 to=600 whence=1 offset=0 justEof=false
[FileHandle] MEMORY: bbs:node3/callerslog bufLen=1600 pos=600 avail=1000 reading=512 eofSeekCount=0
[FileHandle] SEEK: bbs:node3/callerslog from=1112 to=1112 whence=1 offset=0 justEof=false
[FileHandle] MEMORY: bbs:node3/callerslog bufLen=1600 pos=1112 avail=488 reading=488 eofSeekCount=0
[FileHandle] SEEK: bbs:node3/callerslog from=1600 to=1600 whence=1 offset=0 justEof=false
[FileHandle] SEEK: bbs:node3/callerslog from=1600 to=1600 whence=1 offset=0 justEof=false
[FileHandle] MEMORY: bbs:node3/callerslog bufLen=1600 pos=1600 avail=0 reading=0 eofSeekCount=0
[FileHandle] SEEK: bbs:node3/callerslog from=1600 to=1600 whence=1 offset=0 justEof=true
[FileHandle] SEEK: bbs:node3/callerslog from=1600 to=1491 whence=0 offset=1491 justEof=true
[FileHandle] EOF-SEEK-BACK: bbs:node3/callerslog count=1 (seeking backwards after EOF)
[FileHandle] MEMORY: bbs:node3/callerslog bufLen=1600 pos=1491 avail=109 reading=109 eofSeekCount=1
[FileHandle] MEMORY: bbs:node3/callerslog bufLen=1600 pos=1600 avail=0 reading=0 eofSeekCount=1
[FileHandle] MEMORY: bbs:node7.user bufLen=239 pos=0 avail=239 reading=239 eofSeekCount=0
[FileHandle] MEMORY: bbs:systemstats bufLen=6 pos=0 avail=6 reading=6 eofSeekCount=0
[FileHandle] SEEK: bbs:node3/callerslog from=0 to=854 whence=2 offset=-1000 justEof=false
[FileHandle] SEEK: bbs:node3/callerslog from=854 to=854 whence=1 offset=0 justEof=false
[FileHandle] MEMORY: bbs:node3/callerslog bufLen=1854 pos=854 avail=1000 reading=512 eofSeekCount=0
[FileHandle] SEEK: bbs:node3/callerslog from=1366 to=1366 whence=1 offset=0 justEof=false
[FileHandle] MEMORY: bbs:node3/callerslog bufLen=1854 pos=1366 avail=488 reading=488 eofSeekCount=0
[FileHandle] SEEK: bbs:node3/callerslog from=1854 to=1854 whence=1 offset=0 justEof=false
[FileHandle] SEEK: bbs:node3/callerslog from=1854 to=1854 whence=1 offset=0 justEof=false
[FileHandle] MEMORY: bbs:node3/callerslog bufLen=1854 pos=1854 avail=0 reading=0 eofSeekCount=0
[FileHandle] SEEK: bbs:node3/callerslog from=1854 to=1854 whence=1 offset=0 justEof=true
[FileHandle] SEEK: bbs:node3/callerslog from=1854 to=1730 whence=0 offset=1730 justEof=true
[FileHandle] EOF-SEEK-BACK: bbs:node3/callerslog count=1 (seeking backwards after EOF)
[FileHandle] MEMORY: bbs:node3/callerslog bufLen=1854 pos=1730 avail=124 reading=124 eofSeekCount=1
[FileHandle] MEMORY: bbs:node3/callerslog bufLen=1854 pos=1854 avail=0 reading=0 eofSeekCount=1
[FileHandle] MEMORY: dOORS:dRE/dRE!WAll/dRE!WAll.dAtA bufLen=100 pos=0 avail=100 reading=100 eofSeekCount=0
[FileHandle] MEMORY: dOORS:dRE/dRE!WAll/dRE!WAll.dAtA bufLen=100 pos=100 avail=0 reading=0 eofSeekCount=0
[FileHandle] MEMORY: DOORS:EmP_Tools/JoinCnf.CFG bufLen=3527 pos=0 avail=3527 reading=512 eofSeekCount=0
[FileHandle] MEMORY: DOORS:EmP_Tools/JoinCnf.CFG bufLen=3527 pos=512 avail=3015 reading=512 eofSeekCount=0
[FileHandle] MEMORY: ENV:JC_PWFAIL.2 bufLen=1 pos=0 avail=1 reading=1 eofSeekCount=0
[FileHandle] MEMORY: ENV:JC_PWFAIL.2 bufLen=1 pos=1 avail=0 reading=0 eofSeekCount=0
[FileHandle] MEMORY: DOORS:EmP_Tools/JoinCnf.CFG bufLen=3527 pos=1024 avail=2503 reading=512 eofSeekCount=0
[FileHandle] MEMORY: DOORS:EmP_Tools/JoinCnf.CFG bufLen=3527 pos=1536 avail=1991 reading=512 eofSeekCount=0
[FileHandle] MEMORY: DOORS:EmP_Tools/JoinCnf.CFG bufLen=3527 pos=2048 avail=1479 reading=512 eofSeekCount=0
[FileHandle] MEMORY: DOORS:EmP_Tools/JoinCnf.CFG bufLen=3527 pos=2560 avail=967 reading=512 eofSeekCount=0
[FileHandle] MEMORY: DOORS:EmP_Tools/JoinCnf.CFG bufLen=3527 pos=3072 avail=455 reading=455 eofSeekCount=0
[FileHandle] MEMORY: DOORS:EmP_Tools/Bulls.CFG bufLen=4983 pos=0 avail=4983 reading=512 eofSeekCount=0
[FileHandle] MEMORY: DOORS:EmP_Tools/Bulls.CFG bufLen=4983 pos=512 avail=4471 reading=512 eofSeekCount=0
[FileHandle] MEMORY: DOORS:EmP_Tools/Bulls.CFG bufLen=4983 pos=1024 avail=3959 reading=512 eofSeekCount=0
[FileHandle] MEMORY: DOORS:EmP_Tools/Bulls.CFG bufLen=4983 pos=1536 avail=3447 reading=512 eofSeekCount=0
[FileHandle] MEMORY: DOORS:EmP_Tools/Bulls.CFG bufLen=4983 pos=2048 avail=2935 reading=512 eofSeekCount=0
[FileHandle] MEMORY: DOORS:EmP_Tools/Bulls.CFG bufLen=4983 pos=2560 avail=2423 reading=512 eofSeekCount=0
[FileHandle] MEMORY: DOORS:EmP_Tools/Bulls.CFG bufLen=4983 pos=3072 avail=1911 reading=512 eofSeekCount=0
[FileHandle] MEMORY: DOORS:EmP_Tools/Bulls.CFG bufLen=4983 pos=3584 avail=1399 reading=512 eofSeekCount=0
[FileHandle] MEMORY: DOORS:EmP_Tools/Bulls.CFG bufLen=4983 pos=4096 avail=887 reading=512 eofSeekCount=0
[FileHandle] MEMORY: DOORS:EmP_Tools/Bulls.CFG bufLen=4983 pos=4608 avail=375 reading=375 eofSeekCount=0
[FileHandle] SEEK: bbs:node3/callerslog from=0 to=1024 whence=2 offset=-1000 justEof=false
[FileHandle] SEEK: bbs:node3/callerslog from=1024 to=1024 whence=1 offset=0 justEof=false
[FileHandle] MEMORY: bbs:node3/callerslog bufLen=2024 pos=1024 avail=1000 reading=512 eofSeekCount=0
[FileHandle] SEEK: bbs:node3/callerslog from=1536 to=1536 whence=1 offset=0 justEof=false
[FileHandle] SEEK: bbs:node3/callerslog from=1536 to=1536 whence=1 offset=0 justEof=false
[FileHandle] MEMORY: bbs:node3/callerslog bufLen=2024 pos=1536 avail=488 reading=488 eofSeekCount=0
[FileHandle] SEEK: bbs:node3/callerslog from=2024 to=2024 whence=1 offset=0 justEof=false
[FileHandle] MEMORY: bbs:node3/callerslog bufLen=2024 pos=2024 avail=0 reading=0 eofSeekCount=0
[FileHandle] SEEK: bbs:node3/callerslog from=2024 to=2024 whence=1 offset=0 justEof=true
[FileHandle] SEEK: bbs:node3/callerslog from=2024 to=1730 whence=0 offset=1730 justEof=true
[FileHandle] EOF-SEEK-BACK: bbs:node3/callerslog count=1 (seeking backwards after EOF)
[FileHandle] MEMORY: bbs:node3/callerslog bufLen=2024 pos=1730 avail=294 reading=294 eofSeekCount=1
[FileHandle] MEMORY: bbs:node3/callerslog bufLen=2024 pos=2024 avail=0 reading=0 eofSeekCount=1
[FileHandle] MEMORY: bbs:node1.user bufLen=239 pos=0 avail=239 reading=239 eofSeekCount=0
[FileHandle] MEMORY: bbs:systemstats bufLen=6 pos=0 avail=6 reading=6 eofSeekCount=0
[FileHandle] SEEK: bbs:node3/callerslog from=0 to=1024 whence=2 offset=-1000 justEof=false
[FileHandle] SEEK: bbs:node3/callerslog from=1024 to=1024 whence=1 offset=0 justEof=false
[FileHandle] MEMORY: bbs:node3/callerslog bufLen=2024 pos=1024 avail=1000 reading=512 eofSeekCount=0
[FileHandle] SEEK: bbs:node3/callerslog from=1536 to=1536 whence=1 offset=0 justEof=false
[FileHandle] SEEK: bbs:node3/callerslog from=1536 to=1536 whence=1 offset=0 justEof=false
[FileHandle] MEMORY: bbs:node3/callerslog bufLen=2024 pos=1536 avail=488 reading=488 eofSeekCount=0
[FileHandle] SEEK: bbs:node3/callerslog from=2024 to=2024 whence=1 offset=0 justEof=false
[FileHandle] MEMORY: bbs:node3/callerslog bufLen=2024 pos=2024 avail=0 reading=0 eofSeekCount=0
[FileHandle] SEEK: bbs:node3/callerslog from=2024 to=2024 whence=1 offset=0 justEof=true
[FileHandle] SEEK: bbs:node3/callerslog from=2024 to=1730 whence=0 offset=1730 justEof=true
[FileHandle] EOF-SEEK-BACK: bbs:node3/callerslog count=1 (seeking backwards after EOF)
[FileHandle] MEMORY: bbs:node3/callerslog bufLen=2024 pos=1730 avail=294 reading=294 eofSeekCount=1
[FileHandle] MEMORY: bbs:node3/callerslog bufLen=2024 pos=2024 avail=0 reading=0 eofSeekCount=1
[FileHandle] MEMORY: bbs:node1.user bufLen=239 pos=0 avail=239 reading=239 eofSeekCount=0
[FileHandle] MEMORY: bbs:systemstats bufLen=6 pos=0 avail=6 reading=6 eofSeekCount=0
[FileHandle] SEEK: bbs:node3/callerslog from=0 to=1091 whence=2 offset=-1000 justEof=false
[FileHandle] SEEK: bbs:node3/callerslog from=1091 to=1091 whence=1 offset=0 justEof=false
[FileHandle] MEMORY: bbs:node3/callerslog bufLen=2091 pos=1091 avail=1000 reading=512 eofSeekCount=0
[FileHandle] SEEK: bbs:node3/callerslog from=1603 to=1603 whence=1 offset=0 justEof=false
[FileHandle] SEEK: bbs:node3/callerslog from=1603 to=1603 whence=1 offset=0 justEof=false
[FileHandle] MEMORY: bbs:node3/callerslog bufLen=2091 pos=1603 avail=488 reading=488 eofSeekCount=0
[FileHandle] SEEK: bbs:node3/callerslog from=2091 to=2091 whence=1 offset=0 justEof=false
[FileHandle] MEMORY: bbs:node3/callerslog bufLen=2091 pos=2091 avail=0 reading=0 eofSeekCount=0
[FileHandle] SEEK: bbs:node3/callerslog from=2091 to=2091 whence=1 offset=0 justEof=true
[FileHandle] SEEK: bbs:node3/callerslog from=2091 to=1730 whence=0 offset=1730 justEof=true
[FileHandle] EOF-SEEK-BACK: bbs:node3/callerslog count=1 (seeking backwards after EOF)
[FileHandle] MEMORY: bbs:node3/callerslog bufLen=2091 pos=1730 avail=361 reading=361 eofSeekCount=1
[FileHandle] MEMORY: bbs:node3/callerslog bufLen=2091 pos=2091 avail=0 reading=0 eofSeekCount=1
[FileHandle] SEEK: bbs:node3/callerslog from=0 to=1091 whence=2 offset=-1000 justEof=false
[FileHandle] SEEK: bbs:node3/callerslog from=1091 to=1091 whence=1 offset=0 justEof=false
[FileHandle] MEMORY: bbs:node3/callerslog bufLen=2091 pos=1091 avail=1000 reading=512 eofSeekCount=0
[FileHandle] SEEK: bbs:node3/callerslog from=1603 to=1603 whence=1 offset=0 justEof=false
[FileHandle] SEEK: bbs:node3/callerslog from=1603 to=1603 whence=1 offset=0 justEof=false
[FileHandle] MEMORY: bbs:node3/callerslog bufLen=2091 pos=1603 avail=488 reading=488 eofSeekCount=0
[FileHandle] SEEK: bbs:node3/callerslog from=2091 to=2091 whence=1 offset=0 justEof=false
[FileHandle] MEMORY: bbs:node3/callerslog bufLen=2091 pos=2091 avail=0 reading=0 eofSeekCount=0
[FileHandle] SEEK: bbs:node3/callerslog from=2091 to=2091 whence=1 offset=0 justEof=true
[FileHandle] SEEK: bbs:node3/callerslog from=2091 to=1730 whence=0 offset=1730 justEof=true
[FileHandle] EOF-SEEK-BACK: bbs:node3/callerslog count=1 (seeking backwards after EOF)
[FileHandle] MEMORY: bbs:node3/callerslog bufLen=2091 pos=1730 avail=361 reading=361 eofSeekCount=1
[FileHandle] MEMORY: bbs:node3/callerslog bufLen=2091 pos=2091 avail=0 reading=0 eofSeekCount=1
[FileHandle] SEEK: bbs:node3/callerslog from=0 to=1091 whence=2 offset=-1000 justEof=false
[FileHandle] SEEK: bbs:node3/callerslog from=1091 to=1091 whence=1 offset=0 justEof=false
[FileHandle] MEMORY: bbs:node3/callerslog bufLen=2091 pos=1091 avail=1000 reading=512 eofSeekCount=0
[FileHandle] SEEK: bbs:node3/callerslog from=1603 to=1603 whence=1 offset=0 justEof=false
[FileHandle] SEEK: bbs:node3/callerslog from=1603 to=1603 whence=1 offset=0 justEof=false
[FileHandle] MEMORY: bbs:node3/callerslog bufLen=2091 pos=1603 avail=488 reading=488 eofSeekCount=0
[FileHandle] SEEK: bbs:node3/callerslog from=2091 to=2091 whence=1 offset=0 justEof=false
[FileHandle] MEMORY: bbs:node3/callerslog bufLen=2091 pos=2091 avail=0 reading=0 eofSeekCount=0
[FileHandle] SEEK: bbs:node3/callerslog from=2091 to=2091 whence=1 offset=0 justEof=true
[FileHandle] SEEK: bbs:node3/callerslog from=2091 to=1730 whence=0 offset=1730 justEof=true
[FileHandle] EOF-SEEK-BACK: bbs:node3/callerslog count=1 (seeking backwards after EOF)
[FileHandle] MEMORY: bbs:node3/callerslog bufLen=2091 pos=1730 avail=361 reading=361 eofSeekCount=1
[FileHandle] MEMORY: bbs:node3/callerslog bufLen=2091 pos=2091 avail=0 reading=0 eofSeekCount=1
[FileHandle] MEMORY: bbs:node1.user bufLen=239 pos=0 avail=239 reading=239 eofSeekCount=0
[FileHandle] MEMORY: bbs:systemstats bufLen=6 pos=0 avail=6 reading=6 eofSeekCount=0
[FileHandle] SEEK: bbs:node3/callerslog from=0 to=1091 whence=2 offset=-1000 justEof=false
[FileHandle] SEEK: bbs:node3/callerslog from=1091 to=1091 whence=1 offset=0 justEof=false
[FileHandle] MEMORY: bbs:node3/callerslog bufLen=2091 pos=1091 avail=1000 reading=512 eofSeekCount=0
[FileHandle] SEEK: bbs:node3/callerslog from=1603 to=1603 whence=1 offset=0 justEof=false
[FileHandle] SEEK: bbs:node3/callerslog from=1603 to=1603 whence=1 offset=0 justEof=false
[FileHandle] MEMORY: bbs:node3/callerslog bufLen=2091 pos=1603 avail=488 reading=488 eofSeekCount=0
[FileHandle] SEEK: bbs:node3/callerslog from=2091 to=2091 whence=1 offset=0 justEof=false
[FileHandle] MEMORY: bbs:node3/callerslog bufLen=2091 pos=2091 avail=0 reading=0 eofSeekCount=0
[FileHandle] SEEK: bbs:node3/callerslog from=2091 to=2091 whence=1 offset=0 justEof=true
[FileHandle] SEEK: bbs:node3/callerslog from=2091 to=1730 whence=0 offset=1730 justEof=true
[FileHandle] EOF-SEEK-BACK: bbs:node3/callerslog count=1 (seeking backwards after EOF)
[FileHandle] MEMORY: bbs:node3/callerslog bufLen=2091 pos=1730 avail=361 reading=361 eofSeekCount=1
[FileHandle] MEMORY: bbs:node3/callerslog bufLen=2091 pos=2091 avail=0 reading=0 eofSeekCount=1
[FileHandle] MEMORY: bbs:node1.user bufLen=239 pos=0 avail=239 reading=239 eofSeekCount=0
[FileHandle] MEMORY: bbs:systemstats bufLen=6 pos=0 avail=6 reading=6 eofSeekCount=0
[FileHandle] SEEK: bbs:node3/callerslog from=0 to=1091 whence=2 offset=-1000 justEof=false
[FileHandle] SEEK: bbs:node3/callerslog from=1091 to=1091 whence=1 offset=0 justEof=false
[FileHandle] MEMORY: bbs:node3/callerslog bufLen=2091 pos=1091 avail=1000 reading=512 eofSeekCount=0
[FileHandle] SEEK: bbs:node3/callerslog from=1603 to=1603 whence=1 offset=0 justEof=false
[FileHandle] SEEK: bbs:node3/callerslog from=1603 to=1603 whence=1 offset=0 justEof=false
[FileHandle] MEMORY: bbs:node3/callerslog bufLen=2091 pos=1603 avail=488 reading=488 eofSeekCount=0
[FileHandle] SEEK: bbs:node3/callerslog from=2091 to=2091 whence=1 offset=0 justEof=false
[FileHandle] MEMORY: bbs:node3/callerslog bufLen=2091 pos=2091 avail=0 reading=0 eofSeekCount=0
[FileHandle] SEEK: bbs:node3/callerslog from=2091 to=2091 whence=1 offset=0 justEof=true
[FileHandle] SEEK: bbs:node3/callerslog from=2091 to=1730 whence=0 offset=1730 justEof=true
[FileHandle] EOF-SEEK-BACK: bbs:node3/callerslog count=1 (seeking backwards after EOF)
[FileHandle] MEMORY: bbs:node3/callerslog bufLen=2091 pos=1730 avail=361 reading=361 eofSeekCount=1
[FileHandle] MEMORY: bbs:node3/callerslog bufLen=2091 pos=2091 avail=0 reading=0 eofSeekCount=1
[FileHandle] MEMORY: bbs:node1.user bufLen=239 pos=0 avail=239 reading=239 eofSeekCount=0
[FileHandle] MEMORY: bbs:systemstats bufLen=6 pos=0 avail=6 reading=6 eofSeekCount=0
[FileHandle] SEEK: bbs:node3/callerslog from=0 to=1091 whence=2 offset=-1000 justEof=false
[FileHandle] SEEK: bbs:node3/callerslog from=1091 to=1091 whence=1 offset=0 justEof=false
[FileHandle] MEMORY: bbs:node3/callerslog bufLen=2091 pos=1091 avail=1000 reading=512 eofSeekCount=0
[FileHandle] SEEK: bbs:node3/callerslog from=1603 to=1603 whence=1 offset=0 justEof=false
[FileHandle] SEEK: bbs:node3/callerslog from=1603 to=1603 whence=1 offset=0 justEof=false
[FileHandle] MEMORY: bbs:node3/callerslog bufLen=2091 pos=1603 avail=488 reading=488 eofSeekCount=0
[FileHandle] SEEK: bbs:node3/callerslog from=2091 to=2091 whence=1 offset=0 justEof=false
[FileHandle] MEMORY: bbs:node3/callerslog bufLen=2091 pos=2091 avail=0 reading=0 eofSeekCount=0
[FileHandle] SEEK: bbs:node3/callerslog from=2091 to=2091 whence=1 offset=0 justEof=true
[FileHandle] SEEK: bbs:node3/callerslog from=2091 to=1730 whence=0 offset=1730 justEof=true
[FileHandle] EOF-SEEK-BACK: bbs:node3/callerslog count=1 (seeking backwards after EOF)
[FileHandle] MEMORY: bbs:node3/callerslog bufLen=2091 pos=1730 avail=361 reading=361 eofSeekCount=1
[FileHandle] MEMORY: bbs:node3/callerslog bufLen=2091 pos=2091 avail=0 reading=0 eofSeekCount=1
[FileHandle] SEEK: bbs:node3/callerslog from=0 to=1091 whence=2 offset=-1000 justEof=false
[FileHandle] SEEK: bbs:node3/callerslog from=1091 to=1091 whence=1 offset=0 justEof=false
[FileHandle] MEMORY: bbs:node3/callerslog bufLen=2091 pos=1091 avail=1000 reading=512 eofSeekCount=0
[FileHandle] SEEK: bbs:node3/callerslog from=1603 to=1603 whence=1 offset=0 justEof=false
[FileHandle] SEEK: bbs:node3/callerslog from=1603 to=1603 whence=1 offset=0 justEof=false
[FileHandle] MEMORY: bbs:node3/callerslog bufLen=2091 pos=1603 avail=488 reading=488 eofSeekCount=0
[FileHandle] SEEK: bbs:node3/callerslog from=2091 to=2091 whence=1 offset=0 justEof=false
[FileHandle] MEMORY: bbs:node3/callerslog bufLen=2091 pos=2091 avail=0 reading=0 eofSeekCount=0
[FileHandle] SEEK: bbs:node3/callerslog from=2091 to=2091 whence=1 offset=0 justEof=true
[FileHandle] SEEK: bbs:node3/callerslog from=2091 to=1730 whence=0 offset=1730 justEof=true
[FileHandle] EOF-SEEK-BACK: bbs:node3/callerslog count=1 (seeking backwards after EOF)
[FileHandle] MEMORY: bbs:node3/callerslog bufLen=2091 pos=1730 avail=361 reading=361 eofSeekCount=1
[FileHandle] MEMORY: bbs:node3/callerslog bufLen=2091 pos=2091 avail=0 reading=0 eofSeekCount=1
[FileHandle] SEEK: bbs:node3/callerslog from=0 to=1091 whence=2 offset=-1000 justEof=false
[FileHandle] SEEK: bbs:node3/callerslog from=1091 to=1091 whence=1 offset=0 justEof=false
[FileHandle] MEMORY: bbs:node3/callerslog bufLen=2091 pos=1091 avail=1000 reading=512 eofSeekCount=0
[FileHandle] SEEK: bbs:node3/callerslog from=1603 to=1603 whence=1 offset=0 justEof=false
[FileHandle] SEEK: bbs:node3/callerslog from=1603 to=1603 whence=1 offset=0 justEof=false
[FileHandle] MEMORY: bbs:node3/callerslog bufLen=2091 pos=1603 avail=488 reading=488 eofSeekCount=0
[FileHandle] SEEK: bbs:node3/callerslog from=2091 to=2091 whence=1 offset=0 justEof=false
[FileHandle] MEMORY: bbs:node3/callerslog bufLen=2091 pos=2091 avail=0 reading=0 eofSeekCount=0
[FileHandle] SEEK: bbs:node3/callerslog from=2091 to=2091 whence=1 offset=0 justEof=true
[FileHandle] SEEK: bbs:node3/callerslog from=2091 to=1730 whence=0 offset=1730 justEof=true
[FileHandle] EOF-SEEK-BACK: bbs:node3/callerslog count=1 (seeking backwards after EOF)
[FileHandle] MEMORY: bbs:node3/callerslog bufLen=2091 pos=1730 avail=361 reading=361 eofSeekCount=1
[FileHandle] MEMORY: bbs:node3/callerslog bufLen=2091 pos=2091 avail=0 reading=0 eofSeekCount=1
[FileHandle] MEMORY: bbs:node1.user bufLen=239 pos=0 avail=239 reading=239 eofSeekCount=0
[FileHandle] MEMORY: bbs:systemstats bufLen=6 pos=0 avail=6 reading=6 eofSeekCount=0
[FileHandle] SEEK: bbs:node3/callerslog from=0 to=1091 whence=2 offset=-1000 justEof=false
[FileHandle] SEEK: bbs:node3/callerslog from=1091 to=1091 whence=1 offset=0 justEof=false
[FileHandle] MEMORY: bbs:node3/callerslog bufLen=2091 pos=1091 avail=1000 reading=512 eofSeekCount=0
[FileHandle] SEEK: bbs:node3/callerslog from=1603 to=1603 whence=1 offset=0 justEof=false
[FileHandle] SEEK: bbs:node3/callerslog from=1603 to=1603 whence=1 offset=0 justEof=false
[FileHandle] MEMORY: bbs:node3/callerslog bufLen=2091 pos=1603 avail=488 reading=488 eofSeekCount=0
[FileHandle] SEEK: bbs:node3/callerslog from=2091 to=2091 whence=1 offset=0 justEof=false
[FileHandle] MEMORY: bbs:node3/callerslog bufLen=2091 pos=2091 avail=0 reading=0 eofSeekCount=0
[FileHandle] SEEK: bbs:node3/callerslog from=2091 to=2091 whence=1 offset=0 justEof=true
[FileHandle] SEEK: bbs:node3/callerslog from=2091 to=1730 whence=0 offset=1730 justEof=true
[FileHandle] EOF-SEEK-BACK: bbs:node3/callerslog count=1 (seeking backwards after EOF)
[FileHandle] MEMORY: bbs:node3/callerslog bufLen=2091 pos=1730 avail=361 reading=361 eofSeekCount=1
[FileHandle] MEMORY: bbs:node3/callerslog bufLen=2091 pos=2091 avail=0 reading=0 eofSeekCount=1
[FileHandle] MEMORY: bbs:node1.user bufLen=239 pos=0 avail=239 reading=239 eofSeekCount=0
[FileHandle] MEMORY: bbs:systemstats bufLen=6 pos=0 avail=6 reading=6 eofSeekCount=0
[FileHandle] SEEK: bbs:node3/callerslog from=0 to=1091 whence=2 offset=-1000 justEof=false
[FileHandle] SEEK: bbs:node3/callerslog from=1091 to=1091 whence=1 offset=0 justEof=false
[FileHandle] MEMORY: bbs:node3/callerslog bufLen=2091 pos=1091 avail=1000 reading=512 eofSeekCount=0
[FileHandle] SEEK: bbs:node3/callerslog from=1603 to=1603 whence=1 offset=0 justEof=false
[FileHandle] SEEK: bbs:node3/callerslog from=1603 to=1603 whence=1 offset=0 justEof=false
[FileHandle] MEMORY: bbs:node3/callerslog bufLen=2091 pos=1603 avail=488 reading=488 eofSeekCount=0
[FileHandle] SEEK: bbs:node3/callerslog from=2091 to=2091 whence=1 offset=0 justEof=false
[FileHandle] MEMORY: bbs:node3/callerslog bufLen=2091 pos=2091 avail=0 reading=0 eofSeekCount=0
[FileHandle] SEEK: bbs:node3/callerslog from=2091 to=2091 whence=1 offset=0 justEof=true
[FileHandle] SEEK: bbs:node3/callerslog from=2091 to=1730 whence=0 offset=1730 justEof=true
[FileHandle] EOF-SEEK-BACK: bbs:node3/callerslog count=1 (seeking backwards after EOF)
[FileHandle] MEMORY: bbs:node3/callerslog bufLen=2091 pos=1730 avail=361 reading=361 eofSeekCount=1
[FileHandle] MEMORY: bbs:node3/callerslog bufLen=2091 pos=2091 avail=0 reading=0 eofSeekCount=1
[FileHandle] MEMORY: bbs:node1.user bufLen=239 pos=0 avail=239 reading=239 eofSeekCount=0
[FileHandle] MEMORY: bbs:systemstats bufLen=6 pos=0 avail=6 reading=6 eofSeekCount=0
[FileHandle] SEEK: bbs:node3/callerslog from=0 to=1091 whence=2 offset=-1000 justEof=false
[FileHandle] SEEK: bbs:node3/callerslog from=1091 to=1091 whence=1 offset=0 justEof=false
[FileHandle] MEMORY: bbs:node3/callerslog bufLen=2091 pos=1091 avail=1000 reading=512 eofSeekCount=0
[FileHandle] SEEK: bbs:node3/callerslog from=1603 to=1603 whence=1 offset=0 justEof=false
[FileHandle] SEEK: bbs:node3/callerslog from=1603 to=1603 whence=1 offset=0 justEof=false
[FileHandle] MEMORY: bbs:node3/callerslog bufLen=2091 pos=1603 avail=488 reading=488 eofSeekCount=0
[FileHandle] SEEK: bbs:node3/callerslog from=2091 to=2091 whence=1 offset=0 justEof=false
[FileHandle] MEMORY: bbs:node3/callerslog bufLen=2091 pos=2091 avail=0 reading=0 eofSeekCount=0
[FileHandle] SEEK: bbs:node3/callerslog from=2091 to=2091 whence=1 offset=0 justEof=true
[FileHandle] SEEK: bbs:node3/callerslog from=2091 to=1730 whence=0 offset=1730 justEof=true
[FileHandle] EOF-SEEK-BACK: bbs:node3/callerslog count=1 (seeking backwards after EOF)
[FileHandle] MEMORY: bbs:node3/callerslog bufLen=2091 pos=1730 avail=361 reading=361 eofSeekCount=1
[FileHandle] MEMORY: bbs:node3/callerslog bufLen=2091 pos=2091 avail=0 reading=0 eofSeekCount=1
[FileHandle] MEMORY: dOORS:dRE/dRE!WAll/dRE!WAll.dAtA bufLen=100 pos=0 avail=100 reading=100 eofSeekCount=0
[FileHandle] MEMORY: dOORS:dRE/dRE!WAll/dRE!WAll.dAtA bufLen=100 pos=100 avail=0 reading=0 eofSeekCount=0
[FileHandle] SEEK: bbs:node3/callerslog from=0 to=1091 whence=2 offset=-1000 justEof=false
[FileHandle] SEEK: bbs:node3/callerslog from=1091 to=1091 whence=1 offset=0 justEof=false
[FileHandle] MEMORY: bbs:node3/callerslog bufLen=2091 pos=1091 avail=1000 reading=512 eofSeekCount=0
[FileHandle] SEEK: bbs:node3/callerslog from=1603 to=1603 whence=1 offset=0 justEof=false
[FileHandle] SEEK: bbs:node3/callerslog from=1603 to=1603 whence=1 offset=0 justEof=false
[FileHandle] MEMORY: bbs:node3/callerslog bufLen=2091 pos=1603 avail=488 reading=488 eofSeekCount=0
[FileHandle] SEEK: bbs:node3/callerslog from=2091 to=2091 whence=1 offset=0 justEof=false
[FileHandle] MEMORY: bbs:node3/callerslog bufLen=2091 pos=2091 avail=0 reading=0 eofSeekCount=0
[FileHandle] SEEK: bbs:node3/callerslog from=2091 to=2091 whence=1 offset=0 justEof=true
[FileHandle] SEEK: bbs:node3/callerslog from=2091 to=1730 whence=0 offset=1730 justEof=true
[FileHandle] EOF-SEEK-BACK: bbs:node3/callerslog count=1 (seeking backwards after EOF)
[FileHandle] MEMORY: bbs:node3/callerslog bufLen=2091 pos=1730 avail=361 reading=361 eofSeekCount=1
[FileHandle] MEMORY: bbs:node3/callerslog bufLen=2091 pos=2091 avail=0 reading=0 eofSeekCount=1
[FileHandle] MEMORY: bbs:node1.user bufLen=239 pos=0 avail=239 reading=239 eofSeekCount=0
[FileHandle] MEMORY: bbs:systemstats bufLen=6 pos=0 avail=6 reading=6 eofSeekCount=0
[FileHandle] MEMORY: bbs:node1.user bufLen=239 pos=0 avail=239 reading=239 eofSeekCount=0
[FileHandle] MEMORY: bbs:systemstats bufLen=6 pos=0 avail=6 reading=6 eofSeekCount=0
[FileHandle] SEEK: bbs:node3/callerslog from=0 to=1091 whence=2 offset=-1000 justEof=false
[FileHandle] SEEK: bbs:node3/callerslog from=1091 to=1091 whence=1 offset=0 justEof=false
[FileHandle] MEMORY: bbs:node3/callerslog bufLen=2091 pos=1091 avail=1000 reading=512 eofSeekCount=0
[FileHandle] SEEK: bbs:node3/callerslog from=1603 to=1603 whence=1 offset=0 justEof=false
[FileHandle] SEEK: bbs:node3/callerslog from=1603 to=1603 whence=1 offset=0 justEof=false
[FileHandle] MEMORY: bbs:node3/callerslog bufLen=2091 pos=1603 avail=488 reading=488 eofSeekCount=0
[FileHandle] SEEK: bbs:node3/callerslog from=2091 to=2091 whence=1 offset=0 justEof=false
[FileHandle] MEMORY: bbs:node3/callerslog bufLen=2091 pos=2091 avail=0 reading=0 eofSeekCount=0
[FileHandle] SEEK: bbs:node3/callerslog from=2091 to=2091 whence=1 offset=0 justEof=true
[FileHandle] SEEK: bbs:node3/callerslog from=2091 to=1730 whence=0 offset=1730 justEof=true
[FileHandle] EOF-SEEK-BACK: bbs:node3/callerslog count=1 (seeking backwards after EOF)
[FileHandle] MEMORY: bbs:node3/callerslog bufLen=2091 pos=1730 avail=361 reading=361 eofSeekCount=1
[FileHandle] MEMORY: bbs:node3/callerslog bufLen=2091 pos=2091 avail=0 reading=0 eofSeekCount=1
[FileHandle] SEEK: bbs:node3/callerslog from=0 to=1091 whence=2 offset=-1000 justEof=false
[FileHandle] SEEK: bbs:node3/callerslog from=1091 to=1091 whence=1 offset=0 justEof=false
[FileHandle] MEMORY: bbs:node3/callerslog bufLen=2091 pos=1091 avail=1000 reading=512 eofSeekCount=0
[FileHandle] SEEK: bbs:node3/callerslog from=1603 to=1603 whence=1 offset=0 justEof=false
[FileHandle] SEEK: bbs:node3/callerslog from=1603 to=1603 whence=1 offset=0 justEof=false
[FileHandle] MEMORY: bbs:node3/callerslog bufLen=2091 pos=1603 avail=488 reading=488 eofSeekCount=0
[FileHandle] SEEK: bbs:node3/callerslog from=2091 to=2091 whence=1 offset=0 justEof=false
[FileHandle] MEMORY: bbs:node3/callerslog bufLen=2091 pos=2091 avail=0 reading=0 eofSeekCount=0
[FileHandle] SEEK: bbs:node3/callerslog from=2091 to=2091 whence=1 offset=0 justEof=true
[FileHandle] SEEK: bbs:node3/callerslog from=2091 to=1730 whence=0 offset=1730 justEof=true
[FileHandle] EOF-SEEK-BACK: bbs:node3/callerslog count=1 (seeking backwards after EOF)
[FileHandle] MEMORY: bbs:node3/callerslog bufLen=2091 pos=1730 avail=361 reading=361 eofSeekCount=1
[FileHandle] MEMORY: bbs:node3/callerslog bufLen=2091 pos=2091 avail=0 reading=0 eofSeekCount=1
[FileHandle] MEMORY: bbs:node1.user bufLen=239 pos=0 avail=239 reading=239 eofSeekCount=0
[FileHandle] MEMORY: bbs:systemstats bufLen=6 pos=0 avail=6 reading=6 eofSeekCount=0
[FileHandle] SEEK: bbs:node3/callerslog from=0 to=1091 whence=2 offset=-1000 justEof=false
[FileHandle] SEEK: bbs:node3/callerslog from=1091 to=1091 whence=1 offset=0 justEof=false
[FileHandle] MEMORY: bbs:node3/callerslog bufLen=2091 pos=1091 avail=1000 reading=512 eofSeekCount=0
[FileHandle] SEEK: bbs:node3/callerslog from=1603 to=1603 whence=1 offset=0 justEof=false
[FileHandle] SEEK: bbs:node3/callerslog from=1603 to=1603 whence=1 offset=0 justEof=false
[FileHandle] MEMORY: bbs:node3/callerslog bufLen=2091 pos=1603 avail=488 reading=488 eofSeekCount=0
[FileHandle] SEEK: bbs:node3/callerslog from=2091 to=2091 whence=1 offset=0 justEof=false
[FileHandle] MEMORY: bbs:node3/callerslog bufLen=2091 pos=2091 avail=0 reading=0 eofSeekCount=0
[FileHandle] SEEK: bbs:node3/callerslog from=2091 to=2091 whence=1 offset=0 justEof=true
[FileHandle] SEEK: bbs:node3/callerslog from=2091 to=1730 whence=0 offset=1730 justEof=true
[FileHandle] EOF-SEEK-BACK: bbs:node3/callerslog count=1 (seeking backwards after EOF)
[FileHandle] MEMORY: bbs:node3/callerslog bufLen=2091 pos=1730 avail=361 reading=361 eofSeekCount=1
[FileHandle] MEMORY: bbs:node3/callerslog bufLen=2091 pos=2091 avail=0 reading=0 eofSeekCount=1
[FileHandle] MEMORY: bbs:node1.user bufLen=239 pos=0 avail=239 reading=239 eofSeekCount=0
[FileHandle] MEMORY: bbs:systemstats bufLen=6 pos=0 avail=6 reading=6 eofSeekCount=0
[FileHandle] SEEK: bbs:node3/callerslog from=0 to=1091 whence=2 offset=-1000 justEof=false
[FileHandle] SEEK: bbs:node3/callerslog from=1091 to=1091 whence=1 offset=0 justEof=false
[FileHandle] MEMORY: bbs:node3/callerslog bufLen=2091 pos=1091 avail=1000 reading=512 eofSeekCount=0
[FileHandle] SEEK: bbs:node3/callerslog from=1603 to=1603 whence=1 offset=0 justEof=false
[FileHandle] SEEK: bbs:node3/callerslog from=1603 to=1603 whence=1 offset=0 justEof=false
[FileHandle] MEMORY: bbs:node3/callerslog bufLen=2091 pos=1603 avail=488 reading=488 eofSeekCount=0
[FileHandle] SEEK: bbs:node3/callerslog from=2091 to=2091 whence=1 offset=0 justEof=false
[FileHandle] MEMORY: bbs:node3/callerslog bufLen=2091 pos=2091 avail=0 reading=0 eofSeekCount=0
[FileHandle] SEEK: bbs:node3/callerslog from=2091 to=2091 whence=1 offset=0 justEof=true
[FileHandle] SEEK: bbs:node3/callerslog from=2091 to=1730 whence=0 offset=1730 justEof=true
[FileHandle] EOF-SEEK-BACK: bbs:node3/callerslog count=1 (seeking backwards after EOF)
[FileHandle] MEMORY: bbs:node3/callerslog bufLen=2091 pos=1730 avail=361 reading=361 eofSeekCount=1
[FileHandle] MEMORY: bbs:node3/callerslog bufLen=2091 pos=2091 avail=0 reading=0 eofSeekCount=1
[FileHandle] MEMORY: bbs:node1.user bufLen=239 pos=0 avail=239 reading=239 eofSeekCount=0
[FileHandle] MEMORY: bbs:systemstats bufLen=6 pos=0 avail=6 reading=6 eofSeekCount=0
[FileHandle] SEEK: bbs:node3/callerslog from=0 to=1091 whence=2 offset=-1000 justEof=false
[FileHandle] SEEK: bbs:node3/callerslog from=1091 to=1091 whence=1 offset=0 justEof=false
[FileHandle] MEMORY: bbs:node3/callerslog bufLen=2091 pos=1091 avail=1000 reading=512 eofSeekCount=0
[FileHandle] SEEK: bbs:node3/callerslog from=1603 to=1603 whence=1 offset=0 justEof=false
[FileHandle] SEEK: bbs:node3/callerslog from=1603 to=1603 whence=1 offset=0 justEof=false
[FileHandle] MEMORY: bbs:node3/callerslog bufLen=2091 pos=1603 avail=488 reading=488 eofSeekCount=0
[FileHandle] SEEK: bbs:node3/callerslog from=2091 to=2091 whence=1 offset=0 justEof=false
[FileHandle] MEMORY: bbs:node3/callerslog bufLen=2091 pos=2091 avail=0 reading=0 eofSeekCount=0
[FileHandle] SEEK: bbs:node3/callerslog from=2091 to=2091 whence=1 offset=0 justEof=true
[FileHandle] SEEK: bbs:node3/callerslog from=2091 to=1730 whence=0 offset=1730 justEof=true
[FileHandle] EOF-SEEK-BACK: bbs:node3/callerslog count=1 (seeking backwards after EOF)
[FileHandle] MEMORY: bbs:node3/callerslog bufLen=2091 pos=1730 avail=361 reading=361 eofSeekCount=1
[FileHandle] MEMORY: bbs:node3/callerslog bufLen=2091 pos=2091 avail=0 reading=0 eofSeekCount=1
[FileHandle] MEMORY: bbs:node1.user bufLen=239 pos=0 avail=239 reading=239 eofSeekCount=0
[FileHandle] MEMORY: bbs:systemstats bufLen=6 pos=0 avail=6 reading=6 eofSeekCount=0
[FileHandle] SEEK: bbs:node3/callerslog from=0 to=1091 whence=2 offset=-1000 justEof=false
[FileHandle] SEEK: bbs:node3/callerslog from=1091 to=1091 whence=1 offset=0 justEof=false
[FileHandle] MEMORY: bbs:node3/callerslog bufLen=2091 pos=1091 avail=1000 reading=512 eofSeekCount=0
[FileHandle] SEEK: bbs:node3/callerslog from=1603 to=1603 whence=1 offset=0 justEof=false
[FileHandle] SEEK: bbs:node3/callerslog from=1603 to=1603 whence=1 offset=0 justEof=false
[FileHandle] MEMORY: bbs:node3/callerslog bufLen=2091 pos=1603 avail=488 reading=488 eofSeekCount=0
[FileHandle] SEEK: bbs:node3/callerslog from=2091 to=2091 whence=1 offset=0 justEof=false
[FileHandle] MEMORY: bbs:node3/callerslog bufLen=2091 pos=2091 avail=0 reading=0 eofSeekCount=0
[FileHandle] SEEK: bbs:node3/callerslog from=2091 to=2091 whence=1 offset=0 justEof=true
[FileHandle] SEEK: bbs:node3/callerslog from=2091 to=1730 whence=0 offset=1730 justEof=true
[FileHandle] EOF-SEEK-BACK: bbs:node3/callerslog count=1 (seeking backwards after EOF)
[FileHandle] MEMORY: bbs:node3/callerslog bufLen=2091 pos=1730 avail=361 reading=361 eofSeekCount=1
[FileHandle] MEMORY: bbs:node3/callerslog bufLen=2091 pos=2091 avail=0 reading=0 eofSeekCount=1
[FileHandle] MEMORY: bbs:node1.user bufLen=239 pos=0 avail=239 reading=239 eofSeekCount=0
[FileHandle] MEMORY: bbs:systemstats bufLen=6 pos=0 avail=6 reading=6 eofSeekCount=0
[FileHandle] SEEK: bbs:node3/callerslog from=0 to=1091 whence=2 offset=-1000 justEof=false
[FileHandle] SEEK: bbs:node3/callerslog from=1091 to=1091 whence=1 offset=0 justEof=false
[FileHandle] MEMORY: bbs:node3/callerslog bufLen=2091 pos=1091 avail=1000 reading=512 eofSeekCount=0
[FileHandle] SEEK: bbs:node3/callerslog from=1603 to=1603 whence=1 offset=0 justEof=false
[FileHandle] SEEK: bbs:node3/callerslog from=1603 to=1603 whence=1 offset=0 justEof=false
[FileHandle] MEMORY: bbs:node3/callerslog bufLen=2091 pos=1603 avail=488 reading=488 eofSeekCount=0
[FileHandle] SEEK: bbs:node3/callerslog from=2091 to=2091 whence=1 offset=0 justEof=false
[FileHandle] MEMORY: bbs:node3/callerslog bufLen=2091 pos=2091 avail=0 reading=0 eofSeekCount=0
[FileHandle] SEEK: bbs:node3/callerslog from=2091 to=2091 whence=1 offset=0 justEof=true
[FileHandle] SEEK: bbs:node3/callerslog from=2091 to=1730 whence=0 offset=1730 justEof=true
[FileHandle] EOF-SEEK-BACK: bbs:node3/callerslog count=1 (seeking backwards after EOF)
[FileHandle] MEMORY: bbs:node3/callerslog bufLen=2091 pos=1730 avail=361 reading=361 eofSeekCount=1
[FileHandle] MEMORY: bbs:node3/callerslog bufLen=2091 pos=2091 avail=0 reading=0 eofSeekCount=1
[FileHandle] MEMORY: bbs:node1.user bufLen=239 pos=0 avail=239 reading=239 eofSeekCount=0
[FileHandle] MEMORY: bbs:systemstats bufLen=6 pos=0 avail=6 reading=6 eofSeekCount=0
[FileHandle] SEEK: bbs:node3/callerslog from=0 to=1091 whence=2 offset=-1000 justEof=false
[FileHandle] SEEK: bbs:node3/callerslog from=1091 to=1091 whence=1 offset=0 justEof=false
[FileHandle] MEMORY: bbs:node3/callerslog bufLen=2091 pos=1091 avail=1000 reading=512 eofSeekCount=0
[FileHandle] SEEK: bbs:node3/callerslog from=1603 to=1603 whence=1 offset=0 justEof=false
[FileHandle] SEEK: bbs:node3/callerslog from=1603 to=1603 whence=1 offset=0 justEof=false
[FileHandle] MEMORY: bbs:node3/callerslog bufLen=2091 pos=1603 avail=488 reading=488 eofSeekCount=0
[FileHandle] SEEK: bbs:node3/callerslog from=2091 to=2091 whence=1 offset=0 justEof=false
[FileHandle] MEMORY: bbs:node3/callerslog bufLen=2091 pos=2091 avail=0 reading=0 eofSeekCount=0
[FileHandle] SEEK: bbs:node3/callerslog from=2091 to=2091 whence=1 offset=0 justEof=true
[FileHandle] SEEK: bbs:node3/callerslog from=2091 to=1730 whence=0 offset=1730 justEof=true
[FileHandle] EOF-SEEK-BACK: bbs:node3/callerslog count=1 (seeking backwards after EOF)
[FileHandle] MEMORY: bbs:node3/callerslog bufLen=2091 pos=1730 avail=361 reading=361 eofSeekCount=1
[FileHandle] MEMORY: bbs:node3/callerslog bufLen=2091 pos=2091 avail=0 reading=0 eofSeekCount=1
[FileHandle] MEMORY: dOORS:dRE/dRE!WAll/dRE!WAll.dAtA bufLen=100 pos=0 avail=100 reading=100 eofSeekCount=0
[FileHandle] MEMORY: dOORS:dRE/dRE!WAll/dRE!WAll.dAtA bufLen=100 pos=100 avail=0 reading=0 eofSeekCount=0
[FileHandle] MEMORY: DOORS:EmP_Tools/JoinCnf.CFG bufLen=3527 pos=0 avail=3527 reading=512 eofSeekCount=0
[FileHandle] MEMORY: DOORS:EmP_Tools/JoinCnf.CFG bufLen=3527 pos=512 avail=3015 reading=512 eofSeekCount=0
[FileHandle] MEMORY: ENV:JC_PWFAIL.2 bufLen=1 pos=0 avail=1 reading=1 eofSeekCount=0
[FileHandle] MEMORY: ENV:JC_PWFAIL.2 bufLen=1 pos=1 avail=0 reading=0 eofSeekCount=0
[FileHandle] MEMORY: DOORS:EmP_Tools/JoinCnf.CFG bufLen=3527 pos=1024 avail=2503 reading=512 eofSeekCount=0
[FileHandle] MEMORY: DOORS:EmP_Tools/JoinCnf.CFG bufLen=3527 pos=1536 avail=1991 reading=512 eofSeekCount=0
[FileHandle] MEMORY: DOORS:EmP_Tools/JoinCnf.CFG bufLen=3527 pos=2048 avail=1479 reading=512 eofSeekCount=0
[FileHandle] MEMORY: DOORS:EmP_Tools/JoinCnf.CFG bufLen=3527 pos=2560 avail=967 reading=512 eofSeekCount=0
[FileHandle] MEMORY: DOORS:EmP_Tools/JoinCnf.CFG bufLen=3527 pos=3072 avail=455 reading=455 eofSeekCount=0
[FileHandle] SEEK: bbs:node3/callerslog from=0 to=1158 whence=2 offset=-1000 justEof=false
[FileHandle] SEEK: bbs:node3/callerslog from=1158 to=1158 whence=1 offset=0 justEof=false
[FileHandle] MEMORY: bbs:node3/callerslog bufLen=2158 pos=1158 avail=1000 reading=512 eofSeekCount=0
[FileHandle] SEEK: bbs:node3/callerslog from=1670 to=1670 whence=1 offset=0 justEof=false
[FileHandle] SEEK: bbs:node3/callerslog from=1670 to=1670 whence=1 offset=0 justEof=false
[FileHandle] MEMORY: bbs:node3/callerslog bufLen=2158 pos=1670 avail=488 reading=488 eofSeekCount=0
[FileHandle] SEEK: bbs:node3/callerslog from=2158 to=2158 whence=1 offset=0 justEof=false
[FileHandle] MEMORY: bbs:node3/callerslog bufLen=2158 pos=2158 avail=0 reading=0 eofSeekCount=0
[FileHandle] SEEK: bbs:node3/callerslog from=2158 to=2158 whence=1 offset=0 justEof=true
[FileHandle] SEEK: bbs:node3/callerslog from=2158 to=1730 whence=0 offset=1730 justEof=true
[FileHandle] EOF-SEEK-BACK: bbs:node3/callerslog count=1 (seeking backwards after EOF)
[FileHandle] MEMORY: bbs:node3/callerslog bufLen=2158 pos=1730 avail=428 reading=428 eofSeekCount=1
[FileHandle] MEMORY: bbs:node3/callerslog bufLen=2158 pos=2158 avail=0 reading=0 eofSeekCount=1
[FileHandle] SEEK: bbs:node3/callerslog from=0 to=1158 whence=2 offset=-1000 justEof=false
[FileHandle] SEEK: bbs:node3/callerslog from=1158 to=1158 whence=1 offset=0 justEof=false
[FileHandle] MEMORY: bbs:node3/callerslog bufLen=2158 pos=1158 avail=1000 reading=512 eofSeekCount=0
[FileHandle] SEEK: bbs:node3/callerslog from=1670 to=1670 whence=1 offset=0 justEof=false
[FileHandle] SEEK: bbs:node3/callerslog from=1670 to=1670 whence=1 offset=0 justEof=false
[FileHandle] MEMORY: bbs:node3/callerslog bufLen=2158 pos=1670 avail=488 reading=488 eofSeekCount=0
[FileHandle] SEEK: bbs:node3/callerslog from=2158 to=2158 whence=1 offset=0 justEof=false
[FileHandle] MEMORY: bbs:node3/callerslog bufLen=2158 pos=2158 avail=0 reading=0 eofSeekCount=0
[FileHandle] SEEK: bbs:node3/callerslog from=2158 to=2158 whence=1 offset=0 justEof=true
[FileHandle] SEEK: bbs:node3/callerslog from=2158 to=1730 whence=0 offset=1730 justEof=true
[FileHandle] EOF-SEEK-BACK: bbs:node3/callerslog count=1 (seeking backwards after EOF)
[FileHandle] MEMORY: bbs:node3/callerslog bufLen=2158 pos=1730 avail=428 reading=428 eofSeekCount=1
[FileHandle] MEMORY: bbs:node3/callerslog bufLen=2158 pos=2158 avail=0 reading=0 eofSeekCount=1
[FileHandle] MEMORY: bbs:node1.user bufLen=239 pos=0 avail=239 reading=239 eofSeekCount=0
[FileHandle] MEMORY: bbs:systemstats bufLen=6 pos=0 avail=6 reading=6 eofSeekCount=0
[FileHandle] SEEK: bbs:node3/callerslog from=0 to=1225 whence=2 offset=-1000 justEof=false
[FileHandle] SEEK: bbs:node3/callerslog from=1225 to=1225 whence=1 offset=0 justEof=false
[FileHandle] MEMORY: bbs:node3/callerslog bufLen=2225 pos=1225 avail=1000 reading=512 eofSeekCount=0
[FileHandle] SEEK: bbs:node3/callerslog from=1737 to=1737 whence=1 offset=0 justEof=false
[FileHandle] SEEK: bbs:node3/callerslog from=1737 to=1737 whence=1 offset=0 justEof=false
[FileHandle] SEEK: bbs:node3/callerslog from=1737 to=1737 whence=1 offset=0 justEof=false
[FileHandle] MEMORY: bbs:node3/callerslog bufLen=2225 pos=1737 avail=488 reading=488 eofSeekCount=0
[FileHandle] MEMORY: bbs:node3/callerslog bufLen=2225 pos=2225 avail=0 reading=0 eofSeekCount=0
[FileHandle] SEEK: bbs:node3/callerslog from=2225 to=2225 whence=1 offset=0 justEof=true
[FileHandle] SEEK: bbs:node3/callerslog from=2225 to=1730 whence=0 offset=1730 justEof=true
[FileHandle] EOF-SEEK-BACK: bbs:node3/callerslog count=1 (seeking backwards after EOF)
[FileHandle] MEMORY: bbs:node3/callerslog bufLen=2225 pos=1730 avail=495 reading=495 eofSeekCount=1
[FileHandle] MEMORY: bbs:node3/callerslog bufLen=2225 pos=2225 avail=0 reading=0 eofSeekCount=1
[FileHandle] MEMORY: bbs:node1.user bufLen=239 pos=0 avail=239 reading=239 eofSeekCount=0
[FileHandle] MEMORY: bbs:systemstats bufLen=6 pos=0 avail=6 reading=6 eofSeekCount=0
[FileHandle] SEEK: bbs:node3/callerslog from=0 to=1225 whence=2 offset=-1000 justEof=false
[FileHandle] SEEK: bbs:node3/callerslog from=1225 to=1225 whence=1 offset=0 justEof=false
[FileHandle] MEMORY: bbs:node3/callerslog bufLen=2225 pos=1225 avail=1000 reading=512 eofSeekCount=0
[FileHandle] SEEK: bbs:node3/callerslog from=1737 to=1737 whence=1 offset=0 justEof=false
[FileHandle] SEEK: bbs:node3/callerslog from=1737 to=1737 whence=1 offset=0 justEof=false
[FileHandle] SEEK: bbs:node3/callerslog from=1737 to=1737 whence=1 offset=0 justEof=false
[FileHandle] MEMORY: bbs:node3/callerslog bufLen=2225 pos=1737 avail=488 reading=488 eofSeekCount=0
[FileHandle] MEMORY: bbs:node3/callerslog bufLen=2225 pos=2225 avail=0 reading=0 eofSeekCount=0
[FileHandle] SEEK: bbs:node3/callerslog from=2225 to=2225 whence=1 offset=0 justEof=true
[FileHandle] SEEK: bbs:node3/callerslog from=2225 to=1730 whence=0 offset=1730 justEof=true
[FileHandle] EOF-SEEK-BACK: bbs:node3/callerslog count=1 (seeking backwards after EOF)
[FileHandle] MEMORY: bbs:node3/callerslog bufLen=2225 pos=1730 avail=495 reading=495 eofSeekCount=1
[FileHandle] MEMORY: bbs:node3/callerslog bufLen=2225 pos=2225 avail=0 reading=0 eofSeekCount=1
[FileHandle] MEMORY: bbs:node1.user bufLen=239 pos=0 avail=239 reading=239 eofSeekCount=0
[FileHandle] MEMORY: bbs:systemstats bufLen=6 pos=0 avail=6 reading=6 eofSeekCount=0
[FileHandle] SEEK: bbs:node3/callerslog from=0 to=1225 whence=2 offset=-1000 justEof=false
[FileHandle] SEEK: bbs:node3/callerslog from=1225 to=1225 whence=1 offset=0 justEof=false
[FileHandle] MEMORY: bbs:node3/callerslog bufLen=2225 pos=1225 avail=1000 reading=512 eofSeekCount=0
[FileHandle] SEEK: bbs:node3/callerslog from=1737 to=1737 whence=1 offset=0 justEof=false
[FileHandle] SEEK: bbs:node3/callerslog from=1737 to=1737 whence=1 offset=0 justEof=false
[FileHandle] SEEK: bbs:node3/callerslog from=1737 to=1737 whence=1 offset=0 justEof=false
[FileHandle] MEMORY: bbs:node3/callerslog bufLen=2225 pos=1737 avail=488 reading=488 eofSeekCount=0
[FileHandle] MEMORY: bbs:node3/callerslog bufLen=2225 pos=2225 avail=0 reading=0 eofSeekCount=0
[FileHandle] SEEK: bbs:node3/callerslog from=2225 to=2225 whence=1 offset=0 justEof=true
[FileHandle] SEEK: bbs:node3/callerslog from=2225 to=1730 whence=0 offset=1730 justEof=true
[FileHandle] EOF-SEEK-BACK: bbs:node3/callerslog count=1 (seeking backwards after EOF)
[FileHandle] MEMORY: bbs:node3/callerslog bufLen=2225 pos=1730 avail=495 reading=495 eofSeekCount=1
[FileHandle] MEMORY: bbs:node3/callerslog bufLen=2225 pos=2225 avail=0 reading=0 eofSeekCount=1
[FileHandle] MEMORY: bbs:node1.user bufLen=239 pos=0 avail=239 reading=239 eofSeekCount=0
[FileHandle] MEMORY: bbs:systemstats bufLen=6 pos=0 avail=6 reading=6 eofSeekCount=0
[FileHandle] SEEK: bbs:node3/callerslog from=0 to=1225 whence=2 offset=-1000 justEof=false
[FileHandle] SEEK: bbs:node3/callerslog from=1225 to=1225 whence=1 offset=0 justEof=false
[FileHandle] MEMORY: bbs:node3/callerslog bufLen=2225 pos=1225 avail=1000 reading=512 eofSeekCount=0
[FileHandle] SEEK: bbs:node3/callerslog from=1737 to=1737 whence=1 offset=0 justEof=false
[FileHandle] SEEK: bbs:node3/callerslog from=1737 to=1737 whence=1 offset=0 justEof=false
[FileHandle] SEEK: bbs:node3/callerslog from=1737 to=1737 whence=1 offset=0 justEof=false
[FileHandle] MEMORY: bbs:node3/callerslog bufLen=2225 pos=1737 avail=488 reading=488 eofSeekCount=0
[FileHandle] MEMORY: bbs:node3/callerslog bufLen=2225 pos=2225 avail=0 reading=0 eofSeekCount=0
[FileHandle] SEEK: bbs:node3/callerslog from=2225 to=2225 whence=1 offset=0 justEof=true
[FileHandle] SEEK: bbs:node3/callerslog from=2225 to=1730 whence=0 offset=1730 justEof=true
[FileHandle] EOF-SEEK-BACK: bbs:node3/callerslog count=1 (seeking backwards after EOF)
[FileHandle] MEMORY: bbs:node3/callerslog bufLen=2225 pos=1730 avail=495 reading=495 eofSeekCount=1
[FileHandle] MEMORY: bbs:node3/callerslog bufLen=2225 pos=2225 avail=0 reading=0 eofSeekCount=1
[FileHandle] MEMORY: bbs:node1.user bufLen=239 pos=0 avail=239 reading=239 eofSeekCount=0
[FileHandle] MEMORY: bbs:systemstats bufLen=6 pos=0 avail=6 reading=6 eofSeekCount=0
[FileHandle] MEMORY: DOORS:EmP_Tools/JoinCnf.CFG bufLen=3527 pos=0 avail=3527 reading=512 eofSeekCount=0
[FileHandle] MEMORY: DOORS:EmP_Tools/JoinCnf.CFG bufLen=3527 pos=512 avail=3015 reading=512 eofSeekCount=0
[FileHandle] MEMORY: ENV:JC_PWFAIL.2 bufLen=1 pos=0 avail=1 reading=1 eofSeekCount=0
[FileHandle] MEMORY: ENV:JC_PWFAIL.2 bufLen=1 pos=1 avail=0 reading=0 eofSeekCount=0
[FileHandle] MEMORY: DOORS:EmP_Tools/JoinCnf.CFG bufLen=3527 pos=1024 avail=2503 reading=512 eofSeekCount=0
[FileHandle] MEMORY: DOORS:EmP_Tools/JoinCnf.CFG bufLen=3527 pos=1536 avail=1991 reading=512 eofSeekCount=0
[FileHandle] MEMORY: DOORS:EmP_Tools/JoinCnf.CFG bufLen=3527 pos=2048 avail=1479 reading=512 eofSeekCount=0
[FileHandle] MEMORY: DOORS:EmP_Tools/JoinCnf.CFG bufLen=3527 pos=2560 avail=967 reading=512 eofSeekCount=0
[FileHandle] MEMORY: DOORS:EmP_Tools/JoinCnf.CFG bufLen=3527 pos=3072 avail=455 reading=455 eofSeekCount=0
[FileHandle] SEEK: bbs:node3/callerslog from=0 to=1225 whence=2 offset=-1000 justEof=false
[FileHandle] SEEK: bbs:node3/callerslog from=1225 to=1225 whence=1 offset=0 justEof=false
[FileHandle] MEMORY: bbs:node3/callerslog bufLen=2225 pos=1225 avail=1000 reading=512 eofSeekCount=0
[FileHandle] SEEK: bbs:node3/callerslog from=1737 to=1737 whence=1 offset=0 justEof=false
[FileHandle] SEEK: bbs:node3/callerslog from=1737 to=1737 whence=1 offset=0 justEof=false
[FileHandle] SEEK: bbs:node3/callerslog from=1737 to=1737 whence=1 offset=0 justEof=false
[FileHandle] MEMORY: bbs:node3/callerslog bufLen=2225 pos=1737 avail=488 reading=488 eofSeekCount=0
[FileHandle] MEMORY: bbs:node3/callerslog bufLen=2225 pos=2225 avail=0 reading=0 eofSeekCount=0
[FileHandle] SEEK: bbs:node3/callerslog from=2225 to=2225 whence=1 offset=0 justEof=true
[FileHandle] SEEK: bbs:node3/callerslog from=2225 to=1730 whence=0 offset=1730 justEof=true
[FileHandle] EOF-SEEK-BACK: bbs:node3/callerslog count=1 (seeking backwards after EOF)
[FileHandle] MEMORY: bbs:node3/callerslog bufLen=2225 pos=1730 avail=495 reading=495 eofSeekCount=1
[FileHandle] MEMORY: bbs:node3/callerslog bufLen=2225 pos=2225 avail=0 reading=0 eofSeekCount=1
[FileHandle] MEMORY: bbs:node1.user bufLen=239 pos=0 avail=239 reading=239 eofSeekCount=0
[FileHandle] SEEK: bbs:node3/callerslog from=0 to=1225 whence=2 offset=-1000 justEof=false
[FileHandle] SEEK: bbs:node3/callerslog from=1225 to=1225 whence=1 offset=0 justEof=false
[FileHandle] MEMORY: bbs:node3/callerslog bufLen=2225 pos=1225 avail=1000 reading=512 eofSeekCount=0
[FileHandle] SEEK: bbs:node3/callerslog from=1737 to=1737 whence=1 offset=0 justEof=false
[FileHandle] SEEK: bbs:node3/callerslog from=1737 to=1737 whence=1 offset=0 justEof=false
[FileHandle] SEEK: bbs:node3/callerslog from=1737 to=1737 whence=1 offset=0 justEof=false
[FileHandle] MEMORY: bbs:node3/callerslog bufLen=2225 pos=1737 avail=488 reading=488 eofSeekCount=0
[FileHandle] MEMORY: bbs:node3/callerslog bufLen=2225 pos=2225 avail=0 reading=0 eofSeekCount=0
[FileHandle] SEEK: bbs:node3/callerslog from=2225 to=2225 whence=1 offset=0 justEof=true
[FileHandle] SEEK: bbs:node3/callerslog from=2225 to=1730 whence=0 offset=1730 justEof=true
[FileHandle] EOF-SEEK-BACK: bbs:node3/callerslog count=1 (seeking backwards after EOF)
[FileHandle] MEMORY: bbs:systemstats bufLen=6 pos=0 avail=6 reading=6 eofSeekCount=0
[FileHandle] MEMORY: bbs:node3/callerslog bufLen=2225 pos=1730 avail=495 reading=495 eofSeekCount=1
[FileHandle] MEMORY: bbs:node3/callerslog bufLen=2225 pos=2225 avail=0 reading=0 eofSeekCount=1
[FileHandle] SEEK: bbs:node3/callerslog from=0 to=1225 whence=2 offset=-1000 justEof=false
[FileHandle] SEEK: bbs:node3/callerslog from=1225 to=1225 whence=1 offset=0 justEof=false
[FileHandle] MEMORY: bbs:node3/callerslog bufLen=2225 pos=1225 avail=1000 reading=512 eofSeekCount=0
[FileHandle] SEEK: bbs:node3/callerslog from=1737 to=1737 whence=1 offset=0 justEof=false
[FileHandle] SEEK: bbs:node3/callerslog from=1737 to=1737 whence=1 offset=0 justEof=false
[FileHandle] SEEK: bbs:node3/callerslog from=1737 to=1737 whence=1 offset=0 justEof=false
[FileHandle] MEMORY: bbs:node3/callerslog bufLen=2225 pos=1737 avail=488 reading=488 eofSeekCount=0
[FileHandle] MEMORY: bbs:node3/callerslog bufLen=2225 pos=2225 avail=0 reading=0 eofSeekCount=0
[FileHandle] SEEK: bbs:node3/callerslog from=2225 to=2225 whence=1 offset=0 justEof=true
[FileHandle] SEEK: bbs:node3/callerslog from=2225 to=1730 whence=0 offset=1730 justEof=true
[FileHandle] EOF-SEEK-BACK: bbs:node3/callerslog count=1 (seeking backwards after EOF)
[FileHandle] MEMORY: bbs:node3/callerslog bufLen=2225 pos=1730 avail=495 reading=495 eofSeekCount=1
[FileHandle] MEMORY: bbs:node3/callerslog bufLen=2225 pos=2225 avail=0 reading=0 eofSeekCount=1
[FileHandle] MEMORY: bbs:node1.user bufLen=239 pos=0 avail=239 reading=239 eofSeekCount=0
[FileHandle] MEMORY: bbs:systemstats bufLen=6 pos=0 avail=6 reading=6 eofSeekCount=0
[FileHandle] MEMORY: dOORS:dRE/dRE!WAll/dRE!WAll.dAtA bufLen=100 pos=0 avail=100 reading=100 eofSeekCount=0
[FileHandle] MEMORY: dOORS:dRE/dRE!WAll/dRE!WAll.dAtA bufLen=100 pos=100 avail=0 reading=0 eofSeekCount=0
[FileHandle] SEEK: bbs:node3/callerslog from=0 to=1292 whence=2 offset=-1000 justEof=false
[FileHandle] SEEK: bbs:node3/callerslog from=1292 to=1292 whence=1 offset=0 justEof=false
[FileHandle] MEMORY: bbs:node3/callerslog bufLen=2292 pos=1292 avail=1000 reading=512 eofSeekCount=0
[FileHandle] SEEK: bbs:node3/callerslog from=1804 to=1804 whence=1 offset=0 justEof=false
[FileHandle] SEEK: bbs:node3/callerslog from=1804 to=1804 whence=1 offset=0 justEof=false
[FileHandle] MEMORY: bbs:node3/callerslog bufLen=2292 pos=1804 avail=488 reading=488 eofSeekCount=0
[FileHandle] MEMORY: bbs:node3/callerslog bufLen=2292 pos=2292 avail=0 reading=0 eofSeekCount=0
[FileHandle] SEEK: bbs:node3/callerslog from=2292 to=2292 whence=1 offset=0 justEof=true
[FileHandle] SEEK: bbs:node3/callerslog from=2292 to=1730 whence=0 offset=1730 justEof=true
[FileHandle] EOF-SEEK-BACK: bbs:node3/callerslog count=1 (seeking backwards after EOF)
[FileHandle] MEMORY: bbs:node3/callerslog bufLen=2292 pos=1730 avail=562 reading=512 eofSeekCount=1
[FileHandle] MEMORY: bbs:node3/callerslog bufLen=2292 pos=2242 avail=50 reading=50 eofSeekCount=1
[FileHandle] MEMORY: bbs:node3/callerslog bufLen=2292 pos=2292 avail=0 reading=0 eofSeekCount=1
[FileHandle] SEEK: bbs:node3/callerslog from=0 to=1292 whence=2 offset=-1000 justEof=false
[FileHandle] SEEK: bbs:node3/callerslog from=1292 to=1292 whence=1 offset=0 justEof=false
[FileHandle] MEMORY: bbs:node3/callerslog bufLen=2292 pos=1292 avail=1000 reading=512 eofSeekCount=0
[FileHandle] SEEK: bbs:node3/callerslog from=1804 to=1804 whence=1 offset=0 justEof=false
[FileHandle] SEEK: bbs:node3/callerslog from=1804 to=1804 whence=1 offset=0 justEof=false
[FileHandle] MEMORY: bbs:node3/callerslog bufLen=2292 pos=1804 avail=488 reading=488 eofSeekCount=0
[FileHandle] MEMORY: bbs:node3/callerslog bufLen=2292 pos=2292 avail=0 reading=0 eofSeekCount=0
[FileHandle] SEEK: bbs:node3/callerslog from=2292 to=2292 whence=1 offset=0 justEof=true
[FileHandle] SEEK: bbs:node3/callerslog from=2292 to=1730 whence=0 offset=1730 justEof=true
[FileHandle] EOF-SEEK-BACK: bbs:node3/callerslog count=1 (seeking backwards after EOF)
[FileHandle] MEMORY: bbs:node3/callerslog bufLen=2292 pos=1730 avail=562 reading=512 eofSeekCount=1
[FileHandle] MEMORY: bbs:node3/callerslog bufLen=2292 pos=2242 avail=50 reading=50 eofSeekCount=1
[FileHandle] MEMORY: bbs:node3/callerslog bufLen=2292 pos=2292 avail=0 reading=0 eofSeekCount=1
[FileHandle] MEMORY: bbs:node1.user bufLen=239 pos=0 avail=239 reading=239 eofSeekCount=0
[FileHandle] MEMORY: bbs:systemstats bufLen=6 pos=0 avail=6 reading=6 eofSeekCount=0
[FileHandle] SEEK: bbs:node3/callerslog from=0 to=1292 whence=2 offset=-1000 justEof=false
[FileHandle] SEEK: bbs:node3/callerslog from=1292 to=1292 whence=1 offset=0 justEof=false
[FileHandle] MEMORY: bbs:node3/callerslog bufLen=2292 pos=1292 avail=1000 reading=512 eofSeekCount=0
[FileHandle] SEEK: bbs:node3/callerslog from=1804 to=1804 whence=1 offset=0 justEof=false
[FileHandle] SEEK: bbs:node3/callerslog from=1804 to=1804 whence=1 offset=0 justEof=false
[FileHandle] MEMORY: bbs:node3/callerslog bufLen=2292 pos=1804 avail=488 reading=488 eofSeekCount=0
[FileHandle] MEMORY: bbs:node3/callerslog bufLen=2292 pos=2292 avail=0 reading=0 eofSeekCount=0
[FileHandle] SEEK: bbs:node3/callerslog from=2292 to=2292 whence=1 offset=0 justEof=true
[FileHandle] SEEK: bbs:node3/callerslog from=2292 to=1730 whence=0 offset=1730 justEof=true
[FileHandle] EOF-SEEK-BACK: bbs:node3/callerslog count=1 (seeking backwards after EOF)
[FileHandle] MEMORY: bbs:node3/callerslog bufLen=2292 pos=1730 avail=562 reading=512 eofSeekCount=1
[FileHandle] MEMORY: bbs:node3/callerslog bufLen=2292 pos=2242 avail=50 reading=50 eofSeekCount=1
[FileHandle] MEMORY: bbs:node3/callerslog bufLen=2292 pos=2292 avail=0 reading=0 eofSeekCount=1
[FileHandle] MEMORY: bbs:node1.user bufLen=239 pos=0 avail=239 reading=239 eofSeekCount=0
[FileHandle] MEMORY: bbs:systemstats bufLen=6 pos=0 avail=6 reading=6 eofSeekCount=0
[FileHandle] MEMORY: DOORS:EmP_Tools/JoinCnf.CFG bufLen=3527 pos=0 avail=3527 reading=512 eofSeekCount=0
[FileHandle] MEMORY: DOORS:EmP_Tools/JoinCnf.CFG bufLen=3527 pos=512 avail=3015 reading=512 eofSeekCount=0
[FileHandle] MEMORY: ENV:JC_PWFAIL.2 bufLen=1 pos=0 avail=1 reading=1 eofSeekCount=0
[FileHandle] MEMORY: ENV:JC_PWFAIL.2 bufLen=1 pos=1 avail=0 reading=0 eofSeekCount=0
[FileHandle] MEMORY: DOORS:EmP_Tools/JoinCnf.CFG bufLen=3527 pos=1024 avail=2503 reading=512 eofSeekCount=0
[FileHandle] MEMORY: DOORS:EmP_Tools/JoinCnf.CFG bufLen=3527 pos=1536 avail=1991 reading=512 eofSeekCount=0
[FileHandle] MEMORY: DOORS:EmP_Tools/JoinCnf.CFG bufLen=3527 pos=2048 avail=1479 reading=512 eofSeekCount=0
[FileHandle] MEMORY: DOORS:EmP_Tools/JoinCnf.CFG bufLen=3527 pos=2560 avail=967 reading=512 eofSeekCount=0
[FileHandle] MEMORY: DOORS:EmP_Tools/JoinCnf.CFG bufLen=3527 pos=3072 avail=455 reading=455 eofSeekCount=0
[FileHandle] MEMORY: dOORS:dRE/dRE!WAll/dRE!WAll.dAtA bufLen=100 pos=0 avail=100 reading=100 eofSeekCount=0
[FileHandle] MEMORY: dOORS:dRE/dRE!WAll/dRE!WAll.dAtA bufLen=100 pos=100 avail=0 reading=0 eofSeekCount=0
[FileHandle] SEEK: bbs:node4/callerslog from=0 to=-37 whence=2 offset=-1000 justEof=false
[FileHandle] SEEK: bbs:node4/callerslog from=0 to=0 whence=1 offset=0 justEof=false
[FileHandle] MEMORY: bbs:node4/callerslog bufLen=963 pos=0 avail=963 reading=512 eofSeekCount=0
[FileHandle] SEEK: bbs:node4/callerslog from=512 to=512 whence=1 offset=0 justEof=false
[FileHandle] MEMORY: bbs:node4/callerslog bufLen=963 pos=512 avail=451 reading=451 eofSeekCount=0
[FileHandle] SEEK: bbs:node4/callerslog from=963 to=963 whence=1 offset=0 justEof=false
[FileHandle] MEMORY: bbs:node4/callerslog bufLen=963 pos=963 avail=0 reading=0 eofSeekCount=0
[FileHandle] SEEK: bbs:node4/callerslog from=963 to=963 whence=1 offset=0 justEof=true
[FileHandle] SEEK: bbs:node4/callerslog from=963 to=645 whence=0 offset=645 justEof=true
[FileHandle] EOF-SEEK-BACK: bbs:node4/callerslog count=1 (seeking backwards after EOF)
[FileHandle] MEMORY: bbs:node4/callerslog bufLen=963 pos=645 avail=318 reading=318 eofSeekCount=1
[FileHandle] MEMORY: bbs:node4/callerslog bufLen=963 pos=963 avail=0 reading=0 eofSeekCount=1
[FileHandle] MEMORY: dOORS:dRE/dRE!WAll/dRE!WAll.dAtA bufLen=100 pos=0 avail=100 reading=100 eofSeekCount=0
[FileHandle] MEMORY: dOORS:dRE/dRE!WAll/dRE!WAll.dAtA bufLen=100 pos=100 avail=0 reading=0 eofSeekCount=0
[FileHandle] MEMORY: dOORS:dRE/dRE!WAll/dRE!WAll.dAtA bufLen=100 pos=0 avail=100 reading=100 eofSeekCount=0
[FileHandle] MEMORY: dOORS:dRE/dRE!WAll/dRE!WAll.dAtA bufLen=100 pos=100 avail=0 reading=0 eofSeekCount=0
[FileHandle] MEMORY: dOORS:dRE/dRE!WAll/dRE!WAll.dAtA bufLen=100 pos=0 avail=100 reading=100 eofSeekCount=0
[FileHandle] MEMORY: dOORS:dRE/dRE!WAll/dRE!WAll.dAtA bufLen=100 pos=100 avail=0 reading=0 eofSeekCount=0
[FileHandle] SEEK: bbs:node4/callerslog from=0 to=-37 whence=2 offset=-1000 justEof=false
[FileHandle] SEEK: bbs:node4/callerslog from=0 to=0 whence=1 offset=0 justEof=false
[FileHandle] MEMORY: bbs:node4/callerslog bufLen=963 pos=0 avail=963 reading=512 eofSeekCount=0
[FileHandle] SEEK: bbs:node4/callerslog from=512 to=512 whence=1 offset=0 justEof=false
[FileHandle] MEMORY: bbs:node4/callerslog bufLen=963 pos=512 avail=451 reading=451 eofSeekCount=0
[FileHandle] SEEK: bbs:node4/callerslog from=963 to=963 whence=1 offset=0 justEof=false
[FileHandle] MEMORY: bbs:node4/callerslog bufLen=963 pos=963 avail=0 reading=0 eofSeekCount=0
[FileHandle] SEEK: bbs:node4/callerslog from=963 to=963 whence=1 offset=0 justEof=true
[FileHandle] SEEK: bbs:node4/callerslog from=963 to=645 whence=0 offset=645 justEof=true
[FileHandle] EOF-SEEK-BACK: bbs:node4/callerslog count=1 (seeking backwards after EOF)
[FileHandle] MEMORY: bbs:node4/callerslog bufLen=963 pos=645 avail=318 reading=318 eofSeekCount=1
[FileHandle] MEMORY: bbs:node4/callerslog bufLen=963 pos=963 avail=0 reading=0 eofSeekCount=1
[FileHandle] MEMORY: bbs:node1.user bufLen=239 pos=0 avail=239 reading=239 eofSeekCount=0
[FileHandle] MEMORY: bbs:systemstats bufLen=6 pos=0 avail=6 reading=6 eofSeekCount=0
[FileHandle] SEEK: bbs:node4/callerslog from=0 to=-37 whence=2 offset=-1000 justEof=false
[FileHandle] SEEK: bbs:node4/callerslog from=0 to=0 whence=1 offset=0 justEof=false
[FileHandle] MEMORY: bbs:node4/callerslog bufLen=963 pos=0 avail=963 reading=512 eofSeekCount=0
[FileHandle] SEEK: bbs:node4/callerslog from=512 to=512 whence=1 offset=0 justEof=false
[FileHandle] MEMORY: bbs:node4/callerslog bufLen=963 pos=512 avail=451 reading=451 eofSeekCount=0
[FileHandle] SEEK: bbs:node4/callerslog from=963 to=963 whence=1 offset=0 justEof=false
[FileHandle] MEMORY: bbs:node4/callerslog bufLen=963 pos=963 avail=0 reading=0 eofSeekCount=0
[FileHandle] SEEK: bbs:node4/callerslog from=963 to=963 whence=1 offset=0 justEof=true
[FileHandle] SEEK: bbs:node4/callerslog from=963 to=645 whence=0 offset=645 justEof=true
[FileHandle] EOF-SEEK-BACK: bbs:node4/callerslog count=1 (seeking backwards after EOF)
[FileHandle] MEMORY: bbs:node4/callerslog bufLen=963 pos=645 avail=318 reading=318 eofSeekCount=1
[FileHandle] MEMORY: bbs:node4/callerslog bufLen=963 pos=963 avail=0 reading=0 eofSeekCount=1
[FileHandle] MEMORY: bbs:node1.user bufLen=239 pos=0 avail=239 reading=239 eofSeekCount=0
[FileHandle] MEMORY: bbs:systemstats bufLen=6 pos=0 avail=6 reading=6 eofSeekCount=0
[FileHandle] SEEK: bbs:node4/callerslog from=0 to=-37 whence=2 offset=-1000 justEof=false
[FileHandle] SEEK: bbs:node4/callerslog from=0 to=0 whence=1 offset=0 justEof=false
[FileHandle] MEMORY: bbs:node4/callerslog bufLen=963 pos=0 avail=963 reading=512 eofSeekCount=0
[FileHandle] SEEK: bbs:node4/callerslog from=512 to=512 whence=1 offset=0 justEof=false
[FileHandle] MEMORY: bbs:node4/callerslog bufLen=963 pos=512 avail=451 reading=451 eofSeekCount=0
[FileHandle] SEEK: bbs:node4/callerslog from=963 to=963 whence=1 offset=0 justEof=false
[FileHandle] MEMORY: bbs:node4/callerslog bufLen=963 pos=963 avail=0 reading=0 eofSeekCount=0
[FileHandle] SEEK: bbs:node4/callerslog from=963 to=963 whence=1 offset=0 justEof=true
[FileHandle] SEEK: bbs:node4/callerslog from=963 to=645 whence=0 offset=645 justEof=true
[FileHandle] EOF-SEEK-BACK: bbs:node4/callerslog count=1 (seeking backwards after EOF)
[FileHandle] MEMORY: bbs:node4/callerslog bufLen=963 pos=645 avail=318 reading=318 eofSeekCount=1
[FileHandle] MEMORY: bbs:node4/callerslog bufLen=963 pos=963 avail=0 reading=0 eofSeekCount=1
[FileHandle] MEMORY: bbs:node1.user bufLen=239 pos=0 avail=239 reading=239 eofSeekCount=0
[FileHandle] MEMORY: bbs:systemstats bufLen=6 pos=0 avail=6 reading=6 eofSeekCount=0
[FileHandle] SEEK: bbs:node4/callerslog from=0 to=-37 whence=2 offset=-1000 justEof=false
[FileHandle] SEEK: bbs:node4/callerslog from=0 to=0 whence=1 offset=0 justEof=false
[FileHandle] MEMORY: bbs:node4/callerslog bufLen=963 pos=0 avail=963 reading=512 eofSeekCount=0
[FileHandle] SEEK: bbs:node4/callerslog from=512 to=512 whence=1 offset=0 justEof=false
[FileHandle] MEMORY: bbs:node4/callerslog bufLen=963 pos=512 avail=451 reading=451 eofSeekCount=0
[FileHandle] SEEK: bbs:node4/callerslog from=963 to=963 whence=1 offset=0 justEof=false
[FileHandle] MEMORY: bbs:node4/callerslog bufLen=963 pos=963 avail=0 reading=0 eofSeekCount=0
[FileHandle] SEEK: bbs:node4/callerslog from=963 to=963 whence=1 offset=0 justEof=true
[FileHandle] SEEK: bbs:node4/callerslog from=963 to=645 whence=0 offset=645 justEof=true
[FileHandle] EOF-SEEK-BACK: bbs:node4/callerslog count=1 (seeking backwards after EOF)
[FileHandle] MEMORY: bbs:node4/callerslog bufLen=963 pos=645 avail=318 reading=318 eofSeekCount=1
[FileHandle] MEMORY: bbs:node4/callerslog bufLen=963 pos=963 avail=0 reading=0 eofSeekCount=1
[FileHandle] MEMORY: bbs:node1.user bufLen=239 pos=0 avail=239 reading=239 eofSeekCount=0
[FileHandle] MEMORY: bbs:systemstats bufLen=6 pos=0 avail=6 reading=6 eofSeekCount=0
[FileHandle] MEMORY: DOORS:EmP_Tools/JoinCnf.CFG bufLen=3527 pos=0 avail=3527 reading=512 eofSeekCount=0
[FileHandle] MEMORY: DOORS:EmP_Tools/JoinCnf.CFG bufLen=3527 pos=512 avail=3015 reading=512 eofSeekCount=0
[FileHandle] MEMORY: ENV:JC_PWFAIL.2 bufLen=1 pos=0 avail=1 reading=1 eofSeekCount=0
[FileHandle] MEMORY: ENV:JC_PWFAIL.2 bufLen=1 pos=1 avail=0 reading=0 eofSeekCount=0
[FileHandle] MEMORY: DOORS:EmP_Tools/JoinCnf.CFG bufLen=3527 pos=1024 avail=2503 reading=512 eofSeekCount=0
[FileHandle] MEMORY: DOORS:EmP_Tools/JoinCnf.CFG bufLen=3527 pos=1536 avail=1991 reading=512 eofSeekCount=0
[FileHandle] MEMORY: DOORS:EmP_Tools/JoinCnf.CFG bufLen=3527 pos=2048 avail=1479 reading=512 eofSeekCount=0
[FileHandle] MEMORY: DOORS:EmP_Tools/JoinCnf.CFG bufLen=3527 pos=2560 avail=967 reading=512 eofSeekCount=0
[FileHandle] MEMORY: DOORS:EmP_Tools/JoinCnf.CFG bufLen=3527 pos=3072 avail=455 reading=455 eofSeekCount=0
[FileHandle] SEEK: bbs:node4/callerslog from=0 to=-37 whence=2 offset=-1000 justEof=false
[FileHandle] SEEK: bbs:node4/callerslog from=0 to=0 whence=1 offset=0 justEof=false
[FileHandle] MEMORY: bbs:node4/callerslog bufLen=963 pos=0 avail=963 reading=512 eofSeekCount=0
[FileHandle] SEEK: bbs:node4/callerslog from=512 to=512 whence=1 offset=0 justEof=false
[FileHandle] MEMORY: bbs:node4/callerslog bufLen=963 pos=512 avail=451 reading=451 eofSeekCount=0
[FileHandle] SEEK: bbs:node4/callerslog from=963 to=963 whence=1 offset=0 justEof=false
[FileHandle] MEMORY: bbs:node4/callerslog bufLen=963 pos=963 avail=0 reading=0 eofSeekCount=0
[FileHandle] SEEK: bbs:node4/callerslog from=963 to=963 whence=1 offset=0 justEof=true
[FileHandle] SEEK: bbs:node4/callerslog from=963 to=645 whence=0 offset=645 justEof=true
[FileHandle] EOF-SEEK-BACK: bbs:node4/callerslog count=1 (seeking backwards after EOF)
[FileHandle] MEMORY: bbs:node4/callerslog bufLen=963 pos=645 avail=318 reading=318 eofSeekCount=1
[FileHandle] MEMORY: bbs:node4/callerslog bufLen=963 pos=963 avail=0 reading=0 eofSeekCount=1
[FileHandle] MEMORY: dOORS:dRE/dRE!WAll/dRE!WAll.dAtA bufLen=100 pos=0 avail=100 reading=100 eofSeekCount=0
[FileHandle] MEMORY: dOORS:dRE/dRE!WAll/dRE!WAll.dAtA bufLen=100 pos=100 avail=0 reading=0 eofSeekCount=0
[FileHandle] SEEK: bbs:node4/callerslog from=0 to=217 whence=2 offset=-1000 justEof=false
[FileHandle] SEEK: bbs:node4/callerslog from=217 to=217 whence=1 offset=0 justEof=false
[FileHandle] MEMORY: bbs:node4/callerslog bufLen=1217 pos=217 avail=1000 reading=512 eofSeekCount=0
[FileHandle] SEEK: bbs:node4/callerslog from=729 to=729 whence=1 offset=0 justEof=false
[FileHandle] SEEK: bbs:node4/callerslog from=729 to=729 whence=1 offset=0 justEof=false
[FileHandle] MEMORY: bbs:node4/callerslog bufLen=1217 pos=729 avail=488 reading=488 eofSeekCount=0
[FileHandle] SEEK: bbs:node4/callerslog from=1217 to=1217 whence=1 offset=0 justEof=false
[FileHandle] MEMORY: bbs:node4/callerslog bufLen=1217 pos=1217 avail=0 reading=0 eofSeekCount=0
[FileHandle] SEEK: bbs:node4/callerslog from=1217 to=1217 whence=1 offset=0 justEof=true
[FileHandle] SEEK: bbs:node4/callerslog from=1217 to=1093 whence=0 offset=1093 justEof=true
[FileHandle] EOF-SEEK-BACK: bbs:node4/callerslog count=1 (seeking backwards after EOF)
[FileHandle] MEMORY: bbs:node4/callerslog bufLen=1217 pos=1093 avail=124 reading=124 eofSeekCount=1
[FileHandle] MEMORY: bbs:node4/callerslog bufLen=1217 pos=1217 avail=0 reading=0 eofSeekCount=1
[FileHandle] MEMORY: dOORS:dRE/dRE!WAll/dRE!WAll.dAtA bufLen=100 pos=0 avail=100 reading=100 eofSeekCount=0
[FileHandle] MEMORY: dOORS:dRE/dRE!WAll/dRE!WAll.dAtA bufLen=100 pos=100 avail=0 reading=0 eofSeekCount=0
[FileHandle] SEEK: bbs:node4/callerslog from=0 to=465 whence=2 offset=-1000 justEof=false
[FileHandle] SEEK: bbs:node4/callerslog from=465 to=465 whence=1 offset=0 justEof=false
[FileHandle] MEMORY: bbs:node4/callerslog bufLen=1465 pos=465 avail=1000 reading=512 eofSeekCount=0
[FileHandle] SEEK: bbs:node4/callerslog from=977 to=977 whence=1 offset=0 justEof=false
[FileHandle] SEEK: bbs:node4/callerslog from=0 to=465 whence=2 offset=-1000 justEof=false
[FileHandle] SEEK: bbs:node4/callerslog from=0 to=465 whence=2 offset=-1000 justEof=false
[FileHandle] MEMORY: bbs:node4/callerslog bufLen=1465 pos=977 avail=488 reading=488 eofSeekCount=0
[FileHandle] SEEK: bbs:node4/callerslog from=1465 to=1465 whence=1 offset=0 justEof=false
[FileHandle] SEEK: bbs:node4/callerslog from=465 to=465 whence=1 offset=0 justEof=false
[FileHandle] SEEK: bbs:node4/callerslog from=465 to=465 whence=1 offset=0 justEof=false
[FileHandle] MEMORY: bbs:node4/callerslog bufLen=1465 pos=465 avail=1000 reading=512 eofSeekCount=0
[FileHandle] MEMORY: bbs:node4/callerslog bufLen=1465 pos=1465 avail=0 reading=0 eofSeekCount=0
[FileHandle] MEMORY: bbs:node4/callerslog bufLen=1465 pos=465 avail=1000 reading=512 eofSeekCount=0
[FileHandle] SEEK: bbs:node4/callerslog from=977 to=977 whence=1 offset=0 justEof=false
[FileHandle] SEEK: bbs:node4/callerslog from=1465 to=1465 whence=1 offset=0 justEof=true
[FileHandle] SEEK: bbs:node4/callerslog from=977 to=977 whence=1 offset=0 justEof=false
[FileHandle] SEEK: bbs:node4/callerslog from=1465 to=1093 whence=0 offset=1093 justEof=true
[FileHandle] EOF-SEEK-BACK: bbs:node4/callerslog count=1 (seeking backwards after EOF)
[FileHandle] MEMORY: bbs:node4/callerslog bufLen=1465 pos=1093 avail=372 reading=372 eofSeekCount=1
[FileHandle] MEMORY: bbs:node4/callerslog bufLen=1465 pos=977 avail=488 reading=488 eofSeekCount=0
[FileHandle] MEMORY: bbs:node4/callerslog bufLen=1465 pos=977 avail=488 reading=488 eofSeekCount=0
[FileHandle] SEEK: bbs:node4/callerslog from=1465 to=1465 whence=1 offset=0 justEof=false
[FileHandle] SEEK: bbs:node4/callerslog from=1465 to=1465 whence=1 offset=0 justEof=false
[FileHandle] MEMORY: bbs:node4/callerslog bufLen=1465 pos=1465 avail=0 reading=0 eofSeekCount=0
[FileHandle] MEMORY: bbs:node4/callerslog bufLen=1465 pos=1465 avail=0 reading=0 eofSeekCount=0
[FileHandle] SEEK: bbs:node4/callerslog from=1465 to=1465 whence=1 offset=0 justEof=true
[FileHandle] SEEK: bbs:node4/callerslog from=1465 to=1465 whence=1 offset=0 justEof=true
[FileHandle] SEEK: bbs:node4/callerslog from=1465 to=1093 whence=0 offset=1093 justEof=true
[FileHandle] SEEK: bbs:node4/callerslog from=1465 to=1093 whence=0 offset=1093 justEof=true
[FileHandle] EOF-SEEK-BACK: bbs:node4/callerslog count=1 (seeking backwards after EOF)
[FileHandle] EOF-SEEK-BACK: bbs:node4/callerslog count=1 (seeking backwards after EOF)
[FileHandle] MEMORY: bbs:node4/callerslog bufLen=1465 pos=1093 avail=372 reading=372 eofSeekCount=1
[FileHandle] MEMORY: bbs:node4/callerslog bufLen=1465 pos=1093 avail=372 reading=372 eofSeekCount=1
[FileHandle] MEMORY: bbs:node4/callerslog bufLen=1465 pos=1465 avail=0 reading=0 eofSeekCount=1
[FileHandle] MEMORY: bbs:node4/callerslog bufLen=1465 pos=1465 avail=0 reading=0 eofSeekCount=1
[FileHandle] MEMORY: bbs:node4/callerslog bufLen=1465 pos=1465 avail=0 reading=0 eofSeekCount=1
[FileHandle] SEEK: bbs:node4/callerslog from=0 to=465 whence=2 offset=-1000 justEof=false
[FileHandle] SEEK: bbs:node4/callerslog from=465 to=465 whence=1 offset=0 justEof=false
[FileHandle] MEMORY: bbs:node4/callerslog bufLen=1465 pos=465 avail=1000 reading=512 eofSeekCount=0
[FileHandle] SEEK: bbs:node4/callerslog from=977 to=977 whence=1 offset=0 justEof=false
[FileHandle] SEEK: bbs:node4/callerslog from=0 to=465 whence=2 offset=-1000 justEof=false
[FileHandle] SEEK: bbs:node4/callerslog from=465 to=465 whence=1 offset=0 justEof=false
[FileHandle] MEMORY: bbs:node4/callerslog bufLen=1465 pos=465 avail=1000 reading=512 eofSeekCount=0
[FileHandle] SEEK: bbs:node4/callerslog from=977 to=977 whence=1 offset=0 justEof=false
[FileHandle] MEMORY: bbs:node4/callerslog bufLen=1465 pos=977 avail=488 reading=488 eofSeekCount=0
[FileHandle] SEEK: bbs:node4/callerslog from=1465 to=1465 whence=1 offset=0 justEof=false
[FileHandle] MEMORY: bbs:node4/callerslog bufLen=1465 pos=977 avail=488 reading=488 eofSeekCount=0
[FileHandle] MEMORY: bbs:node4/callerslog bufLen=1465 pos=1465 avail=0 reading=0 eofSeekCount=0
[FileHandle] SEEK: bbs:node4/callerslog from=1465 to=1465 whence=1 offset=0 justEof=false
[FileHandle] SEEK: bbs:node4/callerslog from=1465 to=1465 whence=1 offset=0 justEof=true
[FileHandle] SEEK: bbs:node4/callerslog from=1465 to=1093 whence=0 offset=1093 justEof=true
[FileHandle] EOF-SEEK-BACK: bbs:node4/callerslog count=1 (seeking backwards after EOF)
[FileHandle] MEMORY: bbs:node4/callerslog bufLen=1465 pos=1465 avail=0 reading=0 eofSeekCount=0
[FileHandle] SEEK: bbs:node4/callerslog from=1465 to=1465 whence=1 offset=0 justEof=true
[FileHandle] MEMORY: bbs:node4/callerslog bufLen=1465 pos=1093 avail=372 reading=372 eofSeekCount=1
[FileHandle] SEEK: bbs:node4/callerslog from=1465 to=1093 whence=0 offset=1093 justEof=true
[FileHandle] EOF-SEEK-BACK: bbs:node4/callerslog count=1 (seeking backwards after EOF)
[FileHandle] SEEK: bbs:node4/callerslog from=0 to=465 whence=2 offset=-1000 justEof=false
[FileHandle] SEEK: bbs:node4/callerslog from=465 to=465 whence=1 offset=0 justEof=false
[FileHandle] MEMORY: bbs:node4/callerslog bufLen=1465 pos=465 avail=1000 reading=512 eofSeekCount=0
[FileHandle] SEEK: bbs:node4/callerslog from=977 to=977 whence=1 offset=0 justEof=false
[FileHandle] MEMORY: bbs:node4/callerslog bufLen=1465 pos=1093 avail=372 reading=372 eofSeekCount=1
[FileHandle] MEMORY: bbs:node4/callerslog bufLen=1465 pos=977 avail=488 reading=488 eofSeekCount=0
[FileHandle] SEEK: bbs:node4/callerslog from=1465 to=1465 whence=1 offset=0 justEof=false
[FileHandle] MEMORY: bbs:node4/callerslog bufLen=1465 pos=1465 avail=0 reading=0 eofSeekCount=0
[FileHandle] SEEK: bbs:node4/callerslog from=1465 to=1465 whence=1 offset=0 justEof=true
[FileHandle] SEEK: bbs:node4/callerslog from=1465 to=1093 whence=0 offset=1093 justEof=true
[FileHandle] EOF-SEEK-BACK: bbs:node4/callerslog count=1 (seeking backwards after EOF)
[FileHandle] MEMORY: bbs:node4/callerslog bufLen=1465 pos=1465 avail=0 reading=0 eofSeekCount=1
[FileHandle] MEMORY: bbs:node4/callerslog bufLen=1465 pos=1093 avail=372 reading=372 eofSeekCount=1
[FileHandle] MEMORY: bbs:node4/callerslog bufLen=1465 pos=1465 avail=0 reading=0 eofSeekCount=1
[FileHandle] MEMORY: bbs:node4/callerslog bufLen=1465 pos=1465 avail=0 reading=0 eofSeekCount=1
[FileHandle] MEMORY: bbs:node1.user bufLen=239 pos=0 avail=239 reading=239 eofSeekCount=0
[FileHandle] MEMORY: bbs:systemstats bufLen=6 pos=0 avail=6 reading=6 eofSeekCount=0
[FileHandle] MEMORY: DOORS:EmP_Tools/JoinCnf.CFG bufLen=3527 pos=0 avail=3527 reading=512 eofSeekCount=0
[FileHandle] MEMORY: DOORS:EmP_Tools/JoinCnf.CFG bufLen=3527 pos=512 avail=3015 reading=512 eofSeekCount=0
[FileHandle] MEMORY: ENV:JC_PWFAIL.2 bufLen=1 pos=0 avail=1 reading=1 eofSeekCount=0
[FileHandle] MEMORY: ENV:JC_PWFAIL.2 bufLen=1 pos=1 avail=0 reading=0 eofSeekCount=0
[FileHandle] MEMORY: DOORS:EmP_Tools/JoinCnf.CFG bufLen=3527 pos=1024 avail=2503 reading=512 eofSeekCount=0
[FileHandle] MEMORY: DOORS:EmP_Tools/JoinCnf.CFG bufLen=3527 pos=1536 avail=1991 reading=512 eofSeekCount=0
[FileHandle] MEMORY: DOORS:EmP_Tools/JoinCnf.CFG bufLen=3527 pos=2048 avail=1479 reading=512 eofSeekCount=0
[FileHandle] MEMORY: DOORS:EmP_Tools/JoinCnf.CFG bufLen=3527 pos=2560 avail=967 reading=512 eofSeekCount=0
[FileHandle] MEMORY: DOORS:EmP_Tools/JoinCnf.CFG bufLen=3527 pos=3072 avail=455 reading=455 eofSeekCount=0
[FileHandle] SEEK: bbs:node4/callerslog from=0 to=465 whence=2 offset=-1000 justEof=false
[FileHandle] SEEK: bbs:node4/callerslog from=465 to=465 whence=1 offset=0 justEof=false
[FileHandle] MEMORY: bbs:node4/callerslog bufLen=1465 pos=465 avail=1000 reading=512 eofSeekCount=0
[FileHandle] SEEK: bbs:node4/callerslog from=977 to=977 whence=1 offset=0 justEof=false
[FileHandle] MEMORY: bbs:node4/callerslog bufLen=1465 pos=977 avail=488 reading=488 eofSeekCount=0
[FileHandle] SEEK: bbs:node4/callerslog from=1465 to=1465 whence=1 offset=0 justEof=false
[FileHandle] MEMORY: bbs:node4/callerslog bufLen=1465 pos=1465 avail=0 reading=0 eofSeekCount=0
[FileHandle] SEEK: bbs:node4/callerslog from=1465 to=1465 whence=1 offset=0 justEof=true
[FileHandle] SEEK: bbs:node4/callerslog from=1465 to=1093 whence=0 offset=1093 justEof=true
[FileHandle] EOF-SEEK-BACK: bbs:node4/callerslog count=1 (seeking backwards after EOF)
[FileHandle] MEMORY: bbs:node4/callerslog bufLen=1465 pos=1093 avail=372 reading=372 eofSeekCount=1
[FileHandle] MEMORY: bbs:node4/callerslog bufLen=1465 pos=1465 avail=0 reading=0 eofSeekCount=1
[FileHandle] MEMORY: bbs:node1.user bufLen=239 pos=0 avail=239 reading=239 eofSeekCount=0
[FileHandle] MEMORY: bbs:systemstats bufLen=6 pos=0 avail=6 reading=6 eofSeekCount=0
[FileHandle] MEMORY: DOORS:EmP_Tools/JoinCnf.CFG bufLen=3527 pos=0 avail=3527 reading=512 eofSeekCount=0
[FileHandle] MEMORY: DOORS:EmP_Tools/JoinCnf.CFG bufLen=3527 pos=512 avail=3015 reading=512 eofSeekCount=0
[FileHandle] MEMORY: ENV:JC_PWFAIL.2 bufLen=1 pos=0 avail=1 reading=1 eofSeekCount=0
[FileHandle] MEMORY: ENV:JC_PWFAIL.2 bufLen=1 pos=1 avail=0 reading=0 eofSeekCount=0
[FileHandle] MEMORY: DOORS:EmP_Tools/JoinCnf.CFG bufLen=3527 pos=1024 avail=2503 reading=512 eofSeekCount=0
[FileHandle] MEMORY: DOORS:EmP_Tools/JoinCnf.CFG bufLen=3527 pos=1536 avail=1991 reading=512 eofSeekCount=0
[FileHandle] MEMORY: DOORS:EmP_Tools/JoinCnf.CFG bufLen=3527 pos=2048 avail=1479 reading=512 eofSeekCount=0
[FileHandle] MEMORY: DOORS:EmP_Tools/JoinCnf.CFG bufLen=3527 pos=2560 avail=967 reading=512 eofSeekCount=0
[FileHandle] MEMORY: DOORS:EmP_Tools/JoinCnf.CFG bufLen=3527 pos=3072 avail=455 reading=455 eofSeekCount=0
[FileHandle] SEEK: bbs:node4/callerslog from=0 to=465 whence=2 offset=-1000 justEof=false
[FileHandle] SEEK: bbs:node4/callerslog from=465 to=465 whence=1 offset=0 justEof=false
[FileHandle] MEMORY: bbs:node4/callerslog bufLen=1465 pos=465 avail=1000 reading=512 eofSeekCount=0
[FileHandle] SEEK: bbs:node4/callerslog from=977 to=977 whence=1 offset=0 justEof=false
[FileHandle] MEMORY: bbs:node4/callerslog bufLen=1465 pos=977 avail=488 reading=488 eofSeekCount=0
[FileHandle] SEEK: bbs:node4/callerslog from=1465 to=1465 whence=1 offset=0 justEof=false
[FileHandle] MEMORY: bbs:node4/callerslog bufLen=1465 pos=1465 avail=0 reading=0 eofSeekCount=0
[FileHandle] SEEK: bbs:node4/callerslog from=1465 to=1465 whence=1 offset=0 justEof=true
[FileHandle] SEEK: bbs:node4/callerslog from=1465 to=1093 whence=0 offset=1093 justEof=true
[FileHandle] EOF-SEEK-BACK: bbs:node4/callerslog count=1 (seeking backwards after EOF)
[FileHandle] MEMORY: bbs:node4/callerslog bufLen=1465 pos=1093 avail=372 reading=372 eofSeekCount=1
[FileHandle] MEMORY: bbs:node4/callerslog bufLen=1465 pos=1465 avail=0 reading=0 eofSeekCount=1
[FileHandle] MEMORY: dOORS:dRE/dRE!WAll/dRE!WAll.dAtA bufLen=100 pos=0 avail=100 reading=100 eofSeekCount=0
[FileHandle] MEMORY: dOORS:dRE/dRE!WAll/dRE!WAll.dAtA bufLen=100 pos=100 avail=0 reading=0 eofSeekCount=0
[FileHandle] MEMORY: dOORS:dRE/dRE!WAll/dRE!WAll.dAtA bufLen=100 pos=0 avail=100 reading=100 eofSeekCount=0
[FileHandle] MEMORY: dOORS:dRE/dRE!WAll/dRE!WAll.dAtA bufLen=100 pos=100 avail=0 reading=0 eofSeekCount=0
[FileHandle] SEEK: bbs:node4/callerslog from=0 to=465 whence=2 offset=-1000 justEof=false
[FileHandle] SEEK: bbs:node4/callerslog from=465 to=465 whence=1 offset=0 justEof=false
[FileHandle] MEMORY: bbs:node4/callerslog bufLen=1465 pos=465 avail=1000 reading=512 eofSeekCount=0
[FileHandle] SEEK: bbs:node4/callerslog from=977 to=977 whence=1 offset=0 justEof=false
[FileHandle] MEMORY: bbs:node4/callerslog bufLen=1465 pos=977 avail=488 reading=488 eofSeekCount=0
[FileHandle] SEEK: bbs:node4/callerslog from=1465 to=1465 whence=1 offset=0 justEof=false
[FileHandle] MEMORY: bbs:node4/callerslog bufLen=1465 pos=1465 avail=0 reading=0 eofSeekCount=0
[FileHandle] SEEK: bbs:node4/callerslog from=1465 to=1465 whence=1 offset=0 justEof=true
[FileHandle] SEEK: bbs:node4/callerslog from=1465 to=1093 whence=0 offset=1093 justEof=true
[FileHandle] EOF-SEEK-BACK: bbs:node4/callerslog count=1 (seeking backwards after EOF)
[FileHandle] MEMORY: bbs:node4/callerslog bufLen=1465 pos=1093 avail=372 reading=372 eofSeekCount=1
[FileHandle] MEMORY: bbs:node4/callerslog bufLen=1465 pos=1465 avail=0 reading=0 eofSeekCount=1
[FileHandle] MEMORY: DOORS:EmP_Tools/JoinCnf.CFG bufLen=3527 pos=0 avail=3527 reading=512 eofSeekCount=0
[FileHandle] MEMORY: DOORS:EmP_Tools/JoinCnf.CFG bufLen=3527 pos=512 avail=3015 reading=512 eofSeekCount=0
[FileHandle] MEMORY: ENV:JC_PWFAIL.2 bufLen=1 pos=0 avail=1 reading=1 eofSeekCount=0
[FileHandle] MEMORY: ENV:JC_PWFAIL.2 bufLen=1 pos=1 avail=0 reading=0 eofSeekCount=0
[FileHandle] MEMORY: DOORS:EmP_Tools/JoinCnf.CFG bufLen=3527 pos=1024 avail=2503 reading=512 eofSeekCount=0
[FileHandle] MEMORY: DOORS:EmP_Tools/JoinCnf.CFG bufLen=3527 pos=1536 avail=1991 reading=512 eofSeekCount=0
[FileHandle] MEMORY: DOORS:EmP_Tools/JoinCnf.CFG bufLen=3527 pos=2048 avail=1479 reading=512 eofSeekCount=0
[FileHandle] MEMORY: DOORS:EmP_Tools/JoinCnf.CFG bufLen=3527 pos=2560 avail=967 reading=512 eofSeekCount=0
[FileHandle] MEMORY: DOORS:EmP_Tools/JoinCnf.CFG bufLen=3527 pos=3072 avail=455 reading=455 eofSeekCount=0
[FileHandle] SEEK: bbs:node4/callerslog from=0 to=465 whence=2 offset=-1000 justEof=false
[FileHandle] SEEK: bbs:node4/callerslog from=465 to=465 whence=1 offset=0 justEof=false
[FileHandle] MEMORY: bbs:node4/callerslog bufLen=1465 pos=465 avail=1000 reading=512 eofSeekCount=0
[FileHandle] SEEK: bbs:node4/callerslog from=977 to=977 whence=1 offset=0 justEof=false
[FileHandle] MEMORY: bbs:node4/callerslog bufLen=1465 pos=977 avail=488 reading=488 eofSeekCount=0
[FileHandle] SEEK: bbs:node4/callerslog from=1465 to=1465 whence=1 offset=0 justEof=false
[FileHandle] MEMORY: bbs:node4/callerslog bufLen=1465 pos=1465 avail=0 reading=0 eofSeekCount=0
[FileHandle] SEEK: bbs:node4/callerslog from=1465 to=1465 whence=1 offset=0 justEof=true
[FileHandle] SEEK: bbs:node4/callerslog from=1465 to=1093 whence=0 offset=1093 justEof=true
[FileHandle] EOF-SEEK-BACK: bbs:node4/callerslog count=1 (seeking backwards after EOF)
[FileHandle] MEMORY: bbs:node4/callerslog bufLen=1465 pos=1093 avail=372 reading=372 eofSeekCount=1
[FileHandle] MEMORY: bbs:node4/callerslog bufLen=1465 pos=1465 avail=0 reading=0 eofSeekCount=1
[FileHandle] MEMORY: dOORS:dRE/dRE!WAll/dRE!WAll.dAtA bufLen=100 pos=0 avail=100 reading=100 eofSeekCount=0
[FileHandle] MEMORY: dOORS:dRE/dRE!WAll/dRE!WAll.dAtA bufLen=100 pos=100 avail=0 reading=0 eofSeekCount=0
[FileHandle] MEMORY: DOORS:EmP_Tools/JoinCnf.CFG bufLen=3527 pos=0 avail=3527 reading=512 eofSeekCount=0
[FileHandle] MEMORY: DOORS:EmP_Tools/JoinCnf.CFG bufLen=3527 pos=512 avail=3015 reading=512 eofSeekCount=0
[FileHandle] MEMORY: ENV:JC_PWFAIL.2 bufLen=1 pos=0 avail=1 reading=1 eofSeekCount=0
[FileHandle] MEMORY: ENV:JC_PWFAIL.2 bufLen=1 pos=1 avail=0 reading=0 eofSeekCount=0
[FileHandle] MEMORY: DOORS:EmP_Tools/JoinCnf.CFG bufLen=3527 pos=1024 avail=2503 reading=512 eofSeekCount=0
[FileHandle] MEMORY: DOORS:EmP_Tools/JoinCnf.CFG bufLen=3527 pos=1536 avail=1991 reading=512 eofSeekCount=0
[FileHandle] MEMORY: DOORS:EmP_Tools/JoinCnf.CFG bufLen=3527 pos=2048 avail=1479 reading=512 eofSeekCount=0
[FileHandle] MEMORY: DOORS:EmP_Tools/JoinCnf.CFG bufLen=3527 pos=2560 avail=967 reading=512 eofSeekCount=0
[FileHandle] MEMORY: DOORS:EmP_Tools/JoinCnf.CFG bufLen=3527 pos=3072 avail=455 reading=455 eofSeekCount=0
[FileHandle] MEMORY: bbs:node1.user bufLen=239 pos=0 avail=239 reading=239 eofSeekCount=0
[FileHandle] MEMORY: bbs:systemstats bufLen=6 pos=0 avail=6 reading=6 eofSeekCount=0
[FileHandle] SEEK: bbs:node4/callerslog from=0 to=465 whence=2 offset=-1000 justEof=false
[FileHandle] SEEK: bbs:node4/callerslog from=465 to=465 whence=1 offset=0 justEof=false
[FileHandle] MEMORY: bbs:node4/callerslog bufLen=1465 pos=465 avail=1000 reading=512 eofSeekCount=0
[FileHandle] SEEK: bbs:node4/callerslog from=977 to=977 whence=1 offset=0 justEof=false
[FileHandle] MEMORY: bbs:node4/callerslog bufLen=1465 pos=977 avail=488 reading=488 eofSeekCount=0
[FileHandle] SEEK: bbs:node4/callerslog from=1465 to=1465 whence=1 offset=0 justEof=false
[FileHandle] MEMORY: bbs:node4/callerslog bufLen=1465 pos=1465 avail=0 reading=0 eofSeekCount=0
[FileHandle] SEEK: bbs:node4/callerslog from=1465 to=1465 whence=1 offset=0 justEof=true
[FileHandle] SEEK: bbs:node4/callerslog from=1465 to=1093 whence=0 offset=1093 justEof=true
[FileHandle] EOF-SEEK-BACK: bbs:node4/callerslog count=1 (seeking backwards after EOF)
[FileHandle] MEMORY: bbs:node4/callerslog bufLen=1465 pos=1093 avail=372 reading=372 eofSeekCount=1
[FileHandle] MEMORY: bbs:node4/callerslog bufLen=1465 pos=1465 avail=0 reading=0 eofSeekCount=1
[FileHandle] MEMORY: DOORS:EmP_Tools/JoinCnf.CFG bufLen=3527 pos=0 avail=3527 reading=512 eofSeekCount=0
[FileHandle] MEMORY: DOORS:EmP_Tools/JoinCnf.CFG bufLen=3527 pos=512 avail=3015 reading=512 eofSeekCount=0
[FileHandle] MEMORY: ENV:JC_PWFAIL.2 bufLen=1 pos=0 avail=1 reading=1 eofSeekCount=0
[FileHandle] MEMORY: ENV:JC_PWFAIL.2 bufLen=1 pos=1 avail=0 reading=0 eofSeekCount=0
[FileHandle] MEMORY: DOORS:EmP_Tools/JoinCnf.CFG bufLen=3527 pos=1024 avail=2503 reading=512 eofSeekCount=0
[FileHandle] MEMORY: DOORS:EmP_Tools/JoinCnf.CFG bufLen=3527 pos=1536 avail=1991 reading=512 eofSeekCount=0
[FileHandle] MEMORY: DOORS:EmP_Tools/JoinCnf.CFG bufLen=3527 pos=2048 avail=1479 reading=512 eofSeekCount=0
[FileHandle] MEMORY: DOORS:EmP_Tools/JoinCnf.CFG bufLen=3527 pos=2560 avail=967 reading=512 eofSeekCount=0
[FileHandle] MEMORY: DOORS:EmP_Tools/JoinCnf.CFG bufLen=3527 pos=3072 avail=455 reading=455 eofSeekCount=0
[FileHandle] SEEK: bbs:node4/callerslog from=0 to=465 whence=2 offset=-1000 justEof=false
[FileHandle] SEEK: bbs:node4/callerslog from=465 to=465 whence=1 offset=0 justEof=false
[FileHandle] MEMORY: bbs:node4/callerslog bufLen=1465 pos=465 avail=1000 reading=512 eofSeekCount=0
[FileHandle] SEEK: bbs:node4/callerslog from=977 to=977 whence=1 offset=0 justEof=false
[FileHandle] MEMORY: bbs:node4/callerslog bufLen=1465 pos=977 avail=488 reading=488 eofSeekCount=0
[FileHandle] SEEK: bbs:node4/callerslog from=1465 to=1465 whence=1 offset=0 justEof=false
[FileHandle] MEMORY: bbs:node4/callerslog bufLen=1465 pos=1465 avail=0 reading=0 eofSeekCount=0
[FileHandle] SEEK: bbs:node4/callerslog from=1465 to=1465 whence=1 offset=0 justEof=true
[FileHandle] SEEK: bbs:node4/callerslog from=1465 to=1093 whence=0 offset=1093 justEof=true
[FileHandle] EOF-SEEK-BACK: bbs:node4/callerslog count=1 (seeking backwards after EOF)
[FileHandle] MEMORY: bbs:node4/callerslog bufLen=1465 pos=1093 avail=372 reading=372 eofSeekCount=1
[FileHandle] MEMORY: bbs:node4/callerslog bufLen=1465 pos=1465 avail=0 reading=0 eofSeekCount=1
[FileHandle] MEMORY: bbs:node1.user bufLen=239 pos=0 avail=239 reading=239 eofSeekCount=0
[FileHandle] MEMORY: bbs:systemstats bufLen=6 pos=0 avail=6 reading=6 eofSeekCount=0
[FileHandle] MEMORY: DOORS:EmP_Tools/JoinCnf.CFG bufLen=3551 pos=0 avail=3551 reading=512 eofSeekCount=0
[FileHandle] MEMORY: DOORS:EmP_Tools/JoinCnf.CFG bufLen=3551 pos=512 avail=3039 reading=512 eofSeekCount=0
[FileHandle] MEMORY: ENV:JC_PWFAIL.2 bufLen=1 pos=0 avail=1 reading=1 eofSeekCount=0
[FileHandle] MEMORY: ENV:JC_PWFAIL.2 bufLen=1 pos=1 avail=0 reading=0 eofSeekCount=0
[FileHandle] MEMORY: DOORS:EmP_Tools/JoinCnf.CFG bufLen=3551 pos=1024 avail=2527 reading=512 eofSeekCount=0
[FileHandle] MEMORY: DOORS:EmP_Tools/JoinCnf.CFG bufLen=3551 pos=1536 avail=2015 reading=512 eofSeekCount=0
[FileHandle] MEMORY: DOORS:EmP_Tools/JoinCnf.CFG bufLen=3551 pos=2048 avail=1503 reading=512 eofSeekCount=0
[FileHandle] MEMORY: DOORS:EmP_Tools/JoinCnf.CFG bufLen=3551 pos=2560 avail=991 reading=512 eofSeekCount=0
[FileHandle] MEMORY: DOORS:EmP_Tools/JoinCnf.CFG bufLen=3551 pos=3072 avail=479 reading=479 eofSeekCount=0
[FileHandle] MEMORY: dOORS:dRE/dRE!WAll/dRE!WAll.dAtA bufLen=100 pos=0 avail=100 reading=100 eofSeekCount=0
[FileHandle] MEMORY: dOORS:dRE/dRE!WAll/dRE!WAll.dAtA bufLen=100 pos=100 avail=0 reading=0 eofSeekCount=0
[FileHandle] SEEK: bbs:node4/callerslog from=0 to=465 whence=2 offset=-1000 justEof=false
[FileHandle] SEEK: bbs:node4/callerslog from=465 to=465 whence=1 offset=0 justEof=false
[FileHandle] MEMORY: bbs:node4/callerslog bufLen=1465 pos=465 avail=1000 reading=512 eofSeekCount=0
[FileHandle] SEEK: bbs:node4/callerslog from=977 to=977 whence=1 offset=0 justEof=false
[FileHandle] MEMORY: bbs:node4/callerslog bufLen=1465 pos=977 avail=488 reading=488 eofSeekCount=0
[FileHandle] SEEK: bbs:node4/callerslog from=1465 to=1465 whence=1 offset=0 justEof=false
[FileHandle] MEMORY: bbs:node4/callerslog bufLen=1465 pos=1465 avail=0 reading=0 eofSeekCount=0
[FileHandle] SEEK: bbs:node4/callerslog from=1465 to=1465 whence=1 offset=0 justEof=true
[FileHandle] SEEK: bbs:node4/callerslog from=1465 to=1093 whence=0 offset=1093 justEof=true
[FileHandle] EOF-SEEK-BACK: bbs:node4/callerslog count=1 (seeking backwards after EOF)
[FileHandle] MEMORY: bbs:node4/callerslog bufLen=1465 pos=1093 avail=372 reading=372 eofSeekCount=1
[FileHandle] MEMORY: bbs:node4/callerslog bufLen=1465 pos=1465 avail=0 reading=0 eofSeekCount=1
[FileHandle] MEMORY: dOORS:dRE/dRE!WAll/dRE!WAll.dAtA bufLen=100 pos=0 avail=100 reading=100 eofSeekCount=0
[FileHandle] MEMORY: dOORS:dRE/dRE!WAll/dRE!WAll.dAtA bufLen=100 pos=100 avail=0 reading=0 eofSeekCount=0
[FileHandle] SEEK: bbs:node4/callerslog from=0 to=465 whence=2 offset=-1000 justEof=false
[FileHandle] SEEK: bbs:node4/callerslog from=465 to=465 whence=1 offset=0 justEof=false
[FileHandle] MEMORY: bbs:node4/callerslog bufLen=1465 pos=465 avail=1000 reading=512 eofSeekCount=0
[FileHandle] SEEK: bbs:node4/callerslog from=977 to=977 whence=1 offset=0 justEof=false
[FileHandle] MEMORY: bbs:node4/callerslog bufLen=1465 pos=977 avail=488 reading=488 eofSeekCount=0
[FileHandle] SEEK: bbs:node4/callerslog from=1465 to=1465 whence=1 offset=0 justEof=false
[FileHandle] MEMORY: bbs:node4/callerslog bufLen=1465 pos=1465 avail=0 reading=0 eofSeekCount=0
[FileHandle] SEEK: bbs:node4/callerslog from=1465 to=1465 whence=1 offset=0 justEof=true
[FileHandle] SEEK: bbs:node4/callerslog from=1465 to=1093 whence=0 offset=1093 justEof=true
[FileHandle] EOF-SEEK-BACK: bbs:node4/callerslog count=1 (seeking backwards after EOF)
[FileHandle] MEMORY: bbs:node4/callerslog bufLen=1465 pos=1093 avail=372 reading=372 eofSeekCount=1
[FileHandle] MEMORY: bbs:node4/callerslog bufLen=1465 pos=1465 avail=0 reading=0 eofSeekCount=1
[FileHandle] MEMORY: DOORS:EmP_Tools/Bulls.CFG bufLen=4983 pos=0 avail=4983 reading=512 eofSeekCount=0
[FileHandle] MEMORY: DOORS:EmP_Tools/Bulls.CFG bufLen=4983 pos=512 avail=4471 reading=512 eofSeekCount=0
[FileHandle] MEMORY: DOORS:EmP_Tools/Bulls.CFG bufLen=4983 pos=1024 avail=3959 reading=512 eofSeekCount=0
[FileHandle] MEMORY: DOORS:EmP_Tools/Bulls.CFG bufLen=4983 pos=1536 avail=3447 reading=512 eofSeekCount=0
[FileHandle] MEMORY: DOORS:EmP_Tools/Bulls.CFG bufLen=4983 pos=2048 avail=2935 reading=512 eofSeekCount=0
[FileHandle] MEMORY: DOORS:EmP_Tools/Bulls.CFG bufLen=4983 pos=2560 avail=2423 reading=512 eofSeekCount=0
[FileHandle] MEMORY: DOORS:EmP_Tools/Bulls.CFG bufLen=4983 pos=3072 avail=1911 reading=512 eofSeekCount=0
[FileHandle] MEMORY: DOORS:EmP_Tools/Bulls.CFG bufLen=4983 pos=3584 avail=1399 reading=512 eofSeekCount=0
[FileHandle] MEMORY: DOORS:EmP_Tools/Bulls.CFG bufLen=4983 pos=4096 avail=887 reading=512 eofSeekCount=0
[FileHandle] MEMORY: DOORS:EmP_Tools/Bulls.CFG bufLen=4983 pos=4608 avail=375 reading=375 eofSeekCount=0
[FileHandle] SEEK: bbs:node4/callerslog from=0 to=465 whence=2 offset=-1000 justEof=false
[FileHandle] SEEK: bbs:node4/callerslog from=465 to=465 whence=1 offset=0 justEof=false
[FileHandle] MEMORY: bbs:node4/callerslog bufLen=1465 pos=465 avail=1000 reading=512 eofSeekCount=0
[FileHandle] SEEK: bbs:node4/callerslog from=977 to=977 whence=1 offset=0 justEof=false
[FileHandle] MEMORY: bbs:node4/callerslog bufLen=1465 pos=977 avail=488 reading=488 eofSeekCount=0
[FileHandle] SEEK: bbs:node4/callerslog from=1465 to=1465 whence=1 offset=0 justEof=false
[FileHandle] MEMORY: bbs:node4/callerslog bufLen=1465 pos=1465 avail=0 reading=0 eofSeekCount=0
[FileHandle] SEEK: bbs:node4/callerslog from=1465 to=1465 whence=1 offset=0 justEof=true
[FileHandle] SEEK: bbs:node4/callerslog from=1465 to=1093 whence=0 offset=1093 justEof=true
[FileHandle] EOF-SEEK-BACK: bbs:node4/callerslog count=1 (seeking backwards after EOF)
[FileHandle] MEMORY: bbs:node4/callerslog bufLen=1465 pos=1093 avail=372 reading=372 eofSeekCount=1
[FileHandle] MEMORY: bbs:node4/callerslog bufLen=1465 pos=1465 avail=0 reading=0 eofSeekCount=1
[FileHandle] MEMORY: bbs:node1.user bufLen=239 pos=0 avail=239 reading=239 eofSeekCount=0
[FileHandle] MEMORY: bbs:systemstats bufLen=6 pos=0 avail=6 reading=6 eofSeekCount=0
[FileHandle] SEEK: bbs:node4/callerslog from=0 to=465 whence=2 offset=-1000 justEof=false
[FileHandle] SEEK: bbs:node4/callerslog from=465 to=465 whence=1 offset=0 justEof=false
[FileHandle] MEMORY: bbs:node4/callerslog bufLen=1465 pos=465 avail=1000 reading=512 eofSeekCount=0
[FileHandle] SEEK: bbs:node4/callerslog from=977 to=977 whence=1 offset=0 justEof=false
[FileHandle] MEMORY: bbs:node4/callerslog bufLen=1465 pos=977 avail=488 reading=488 eofSeekCount=0
[FileHandle] SEEK: bbs:node4/callerslog from=1465 to=1465 whence=1 offset=0 justEof=false
[FileHandle] MEMORY: bbs:node4/callerslog bufLen=1465 pos=1465 avail=0 reading=0 eofSeekCount=0
[FileHandle] SEEK: bbs:node4/callerslog from=1465 to=1465 whence=1 offset=0 justEof=true
[FileHandle] SEEK: bbs:node4/callerslog from=1465 to=1093 whence=0 offset=1093 justEof=true
[FileHandle] EOF-SEEK-BACK: bbs:node4/callerslog count=1 (seeking backwards after EOF)
[FileHandle] MEMORY: bbs:node4/callerslog bufLen=1465 pos=1093 avail=372 reading=372 eofSeekCount=1
[FileHandle] MEMORY: bbs:node4/callerslog bufLen=1465 pos=1465 avail=0 reading=0 eofSeekCount=1
[FileHandle] MEMORY: bbs:node1.user bufLen=239 pos=0 avail=239 reading=239 eofSeekCount=0
[FileHandle] MEMORY: bbs:systemstats bufLen=6 pos=0 avail=6 reading=6 eofSeekCount=0
[FileHandle] MEMORY: DOORS:EmP_Tools/Bulls.CFG bufLen=4983 pos=0 avail=4983 reading=512 eofSeekCount=0
[FileHandle] MEMORY: DOORS:EmP_Tools/Bulls.CFG bufLen=4983 pos=512 avail=4471 reading=512 eofSeekCount=0
[FileHandle] MEMORY: DOORS:EmP_Tools/Bulls.CFG bufLen=4983 pos=1024 avail=3959 reading=512 eofSeekCount=0
[FileHandle] MEMORY: DOORS:EmP_Tools/Bulls.CFG bufLen=4983 pos=1536 avail=3447 reading=512 eofSeekCount=0
[FileHandle] MEMORY: DOORS:EmP_Tools/Bulls.CFG bufLen=4983 pos=2048 avail=2935 reading=512 eofSeekCount=0
[FileHandle] MEMORY: DOORS:EmP_Tools/Bulls.CFG bufLen=4983 pos=2560 avail=2423 reading=512 eofSeekCount=0
[FileHandle] MEMORY: DOORS:EmP_Tools/Bulls.CFG bufLen=4983 pos=3072 avail=1911 reading=512 eofSeekCount=0
[FileHandle] MEMORY: DOORS:EmP_Tools/Bulls.CFG bufLen=4983 pos=3584 avail=1399 reading=512 eofSeekCount=0
[FileHandle] MEMORY: DOORS:EmP_Tools/Bulls.CFG bufLen=4983 pos=4096 avail=887 reading=512 eofSeekCount=0
[FileHandle] MEMORY: DOORS:EmP_Tools/Bulls.CFG bufLen=4983 pos=4608 avail=375 reading=375 eofSeekCount=0
[FileHandle] SEEK: bbs:node4/callerslog from=0 to=465 whence=2 offset=-1000 justEof=false
[FileHandle] SEEK: bbs:node4/callerslog from=465 to=465 whence=1 offset=0 justEof=false
[FileHandle] MEMORY: bbs:node4/callerslog bufLen=1465 pos=465 avail=1000 reading=512 eofSeekCount=0
[FileHandle] SEEK: bbs:node4/callerslog from=977 to=977 whence=1 offset=0 justEof=false
[FileHandle] MEMORY: bbs:node4/callerslog bufLen=1465 pos=977 avail=488 reading=488 eofSeekCount=0
[FileHandle] SEEK: bbs:node4/callerslog from=1465 to=1465 whence=1 offset=0 justEof=false
[FileHandle] MEMORY: bbs:node4/callerslog bufLen=1465 pos=1465 avail=0 reading=0 eofSeekCount=0
[FileHandle] SEEK: bbs:node4/callerslog from=1465 to=1465 whence=1 offset=0 justEof=true
[FileHandle] SEEK: bbs:node4/callerslog from=1465 to=1093 whence=0 offset=1093 justEof=true
[FileHandle] EOF-SEEK-BACK: bbs:node4/callerslog count=1 (seeking backwards after EOF)
[FileHandle] MEMORY: bbs:node4/callerslog bufLen=1465 pos=1093 avail=372 reading=372 eofSeekCount=1
[FileHandle] MEMORY: bbs:node4/callerslog bufLen=1465 pos=1465 avail=0 reading=0 eofSeekCount=1
[FileHandle] MEMORY: dOORS:dRE/dRE!WAll/dRE!WAll.dAtA bufLen=100 pos=0 avail=100 reading=100 eofSeekCount=0
[FileHandle] MEMORY: dOORS:dRE/dRE!WAll/dRE!WAll.dAtA bufLen=100 pos=100 avail=0 reading=0 eofSeekCount=0
[FileHandle] MEMORY: dOORS:dRE/dRE!WAll/dRE!WAll.dAtA bufLen=100 pos=0 avail=100 reading=100 eofSeekCount=0
[FileHandle] MEMORY: dOORS:dRE/dRE!WAll/dRE!WAll.dAtA bufLen=100 pos=100 avail=0 reading=0 eofSeekCount=0
[FileHandle] MEMORY: dOORS:dRE/dRE!WAll/dRE!WAll.dAtA bufLen=100 pos=0 avail=100 reading=100 eofSeekCount=0
[FileHandle] MEMORY: dOORS:dRE/dRE!WAll/dRE!WAll.dAtA bufLen=100 pos=100 avail=0 reading=0 eofSeekCount=0
[FileHandle] SEEK: bbs:node4/callerslog from=0 to=465 whence=2 offset=-1000 justEof=false
[FileHandle] SEEK: bbs:node4/callerslog from=465 to=465 whence=1 offset=0 justEof=false
[FileHandle] MEMORY: bbs:node4/callerslog bufLen=1465 pos=465 avail=1000 reading=512 eofSeekCount=0
[FileHandle] SEEK: bbs:node4/callerslog from=977 to=977 whence=1 offset=0 justEof=false
[FileHandle] MEMORY: bbs:node4/callerslog bufLen=1465 pos=977 avail=488 reading=488 eofSeekCount=0
[FileHandle] SEEK: bbs:node4/callerslog from=1465 to=1465 whence=1 offset=0 justEof=false
[FileHandle] MEMORY: bbs:node4/callerslog bufLen=1465 pos=1465 avail=0 reading=0 eofSeekCount=0
[FileHandle] SEEK: bbs:node4/callerslog from=1465 to=1465 whence=1 offset=0 justEof=true
[FileHandle] SEEK: bbs:node4/callerslog from=1465 to=1093 whence=0 offset=1093 justEof=true
[FileHandle] EOF-SEEK-BACK: bbs:node4/callerslog count=1 (seeking backwards after EOF)
[FileHandle] MEMORY: bbs:node4/callerslog bufLen=1465 pos=1093 avail=372 reading=372 eofSeekCount=1
[FileHandle] MEMORY: bbs:node4/callerslog bufLen=1465 pos=1465 avail=0 reading=0 eofSeekCount=1
[FileHandle] MEMORY: bbs:node1.user bufLen=239 pos=0 avail=239 reading=239 eofSeekCount=0
[FileHandle] MEMORY: bbs:systemstats bufLen=6 pos=0 avail=6 reading=6 eofSeekCount=0
[FileHandle] MEMORY: dOORS:dRE/dRE!WAll/dRE!WAll.dAtA bufLen=100 pos=0 avail=100 reading=100 eofSeekCount=0
[FileHandle] MEMORY: dOORS:dRE/dRE!WAll/dRE!WAll.dAtA bufLen=100 pos=100 avail=0 reading=0 eofSeekCount=0
[FileHandle] SEEK: bbs:node4/callerslog from=0 to=465 whence=2 offset=-1000 justEof=false
[FileHandle] SEEK: bbs:node4/callerslog from=465 to=465 whence=1 offset=0 justEof=false
[FileHandle] MEMORY: bbs:node4/callerslog bufLen=1465 pos=465 avail=1000 reading=512 eofSeekCount=0
[FileHandle] SEEK: bbs:node4/callerslog from=977 to=977 whence=1 offset=0 justEof=false
[FileHandle] MEMORY: bbs:node4/callerslog bufLen=1465 pos=977 avail=488 reading=488 eofSeekCount=0
[FileHandle] SEEK: bbs:node4/callerslog from=1465 to=1465 whence=1 offset=0 justEof=false
[FileHandle] MEMORY: bbs:node4/callerslog bufLen=1465 pos=1465 avail=0 reading=0 eofSeekCount=0
[FileHandle] SEEK: bbs:node4/callerslog from=1465 to=1465 whence=1 offset=0 justEof=true
[FileHandle] SEEK: bbs:node4/callerslog from=1465 to=1093 whence=0 offset=1093 justEof=true
[FileHandle] EOF-SEEK-BACK: bbs:node4/callerslog count=1 (seeking backwards after EOF)
[FileHandle] MEMORY: bbs:node4/callerslog bufLen=1465 pos=1093 avail=372 reading=372 eofSeekCount=1
[FileHandle] MEMORY: bbs:node4/callerslog bufLen=1465 pos=1465 avail=0 reading=0 eofSeekCount=1
[FileHandle] MEMORY: bbs:node1.user bufLen=239 pos=0 avail=239 reading=239 eofSeekCount=0
[FileHandle] MEMORY: bbs:systemstats bufLen=6 pos=0 avail=6 reading=6 eofSeekCount=0
[FileHandle] SEEK: bbs:node4/callerslog from=0 to=465 whence=2 offset=-1000 justEof=false
[FileHandle] SEEK: bbs:node4/callerslog from=465 to=465 whence=1 offset=0 justEof=false
[FileHandle] MEMORY: bbs:node4/callerslog bufLen=1465 pos=465 avail=1000 reading=512 eofSeekCount=0
[FileHandle] SEEK: bbs:node4/callerslog from=977 to=977 whence=1 offset=0 justEof=false
[FileHandle] MEMORY: bbs:node4/callerslog bufLen=1465 pos=977 avail=488 reading=488 eofSeekCount=0
[FileHandle] SEEK: bbs:node4/callerslog from=1465 to=1465 whence=1 offset=0 justEof=false
[FileHandle] MEMORY: bbs:node4/callerslog bufLen=1465 pos=1465 avail=0 reading=0 eofSeekCount=0
[FileHandle] SEEK: bbs:node4/callerslog from=1465 to=1465 whence=1 offset=0 justEof=true
[FileHandle] SEEK: bbs:node4/callerslog from=1465 to=1093 whence=0 offset=1093 justEof=true
[FileHandle] EOF-SEEK-BACK: bbs:node4/callerslog count=1 (seeking backwards after EOF)
[FileHandle] MEMORY: bbs:node4/callerslog bufLen=1465 pos=1093 avail=372 reading=372 eofSeekCount=1
[FileHandle] MEMORY: bbs:node4/callerslog bufLen=1465 pos=1465 avail=0 reading=0 eofSeekCount=1
[FileHandle] MEMORY: bbs:node1.user bufLen=239 pos=0 avail=239 reading=239 eofSeekCount=0
[FileHandle] MEMORY: bbs:systemstats bufLen=6 pos=0 avail=6 reading=6 eofSeekCount=0
[FileHandle] MEMORY: dOORS:dRE/dRE!WAll/dRE!WAll.dAtA bufLen=100 pos=0 avail=100 reading=100 eofSeekCount=0
[FileHandle] MEMORY: dOORS:dRE/dRE!WAll/dRE!WAll.dAtA bufLen=100 pos=100 avail=0 reading=0 eofSeekCount=0
[FileHandle] SEEK: bbs:node4/callerslog from=0 to=465 whence=2 offset=-1000 justEof=false
[FileHandle] SEEK: bbs:node4/callerslog from=465 to=465 whence=1 offset=0 justEof=false
[FileHandle] MEMORY: bbs:node4/callerslog bufLen=1465 pos=465 avail=1000 reading=512 eofSeekCount=0
[FileHandle] SEEK: bbs:node4/callerslog from=977 to=977 whence=1 offset=0 justEof=false
[FileHandle] MEMORY: bbs:node4/callerslog bufLen=1465 pos=977 avail=488 reading=488 eofSeekCount=0
[FileHandle] SEEK: bbs:node4/callerslog from=1465 to=1465 whence=1 offset=0 justEof=false
[FileHandle] MEMORY: bbs:node4/callerslog bufLen=1465 pos=1465 avail=0 reading=0 eofSeekCount=0
[FileHandle] SEEK: bbs:node4/callerslog from=1465 to=1465 whence=1 offset=0 justEof=true
[FileHandle] SEEK: bbs:node4/callerslog from=1465 to=1093 whence=0 offset=1093 justEof=true
[FileHandle] EOF-SEEK-BACK: bbs:node4/callerslog count=1 (seeking backwards after EOF)
[FileHandle] MEMORY: bbs:node4/callerslog bufLen=1465 pos=1093 avail=372 reading=372 eofSeekCount=1
[FileHandle] MEMORY: bbs:node4/callerslog bufLen=1465 pos=1465 avail=0 reading=0 eofSeekCount=1
[FileHandle] MEMORY: bbs:node1.user bufLen=239 pos=0 avail=239 reading=239 eofSeekCount=0
[FileHandle] MEMORY: bbs:systemstats bufLen=6 pos=0 avail=6 reading=6 eofSeekCount=0
[FileHandle] MEMORY: dOORS:dRE/dRE!WAll/dRE!WAll.dAtA bufLen=100 pos=0 avail=100 reading=100 eofSeekCount=0
[FileHandle] MEMORY: dOORS:dRE/dRE!WAll/dRE!WAll.dAtA bufLen=100 pos=100 avail=0 reading=0 eofSeekCount=0
[FileHandle] MEMORY: dOORS:dRE/dRE!WAll/dRE!WAll.dAtA bufLen=100 pos=0 avail=100 reading=100 eofSeekCount=0
[FileHandle] MEMORY: dOORS:dRE/dRE!WAll/dRE!WAll.dAtA bufLen=100 pos=100 avail=0 reading=0 eofSeekCount=0
[FileHandle] SEEK: bbs:node4/callerslog from=0 to=465 whence=2 offset=-1000 justEof=false
[FileHandle] SEEK: bbs:node4/callerslog from=465 to=465 whence=1 offset=0 justEof=false
[FileHandle] MEMORY: bbs:node4/callerslog bufLen=1465 pos=465 avail=1000 reading=512 eofSeekCount=0
[FileHandle] SEEK: bbs:node4/callerslog from=977 to=977 whence=1 offset=0 justEof=false
[FileHandle] MEMORY: bbs:node4/callerslog bufLen=1465 pos=977 avail=488 reading=488 eofSeekCount=0
[FileHandle] SEEK: bbs:node4/callerslog from=1465 to=1465 whence=1 offset=0 justEof=false
[FileHandle] MEMORY: bbs:node4/callerslog bufLen=1465 pos=1465 avail=0 reading=0 eofSeekCount=0
[FileHandle] SEEK: bbs:node4/callerslog from=1465 to=1465 whence=1 offset=0 justEof=true
[FileHandle] SEEK: bbs:node4/callerslog from=1465 to=1093 whence=0 offset=1093 justEof=true
[FileHandle] EOF-SEEK-BACK: bbs:node4/callerslog count=1 (seeking backwards after EOF)
[FileHandle] MEMORY: bbs:node4/callerslog bufLen=1465 pos=1093 avail=372 reading=372 eofSeekCount=1
[FileHandle] MEMORY: bbs:node4/callerslog bufLen=1465 pos=1465 avail=0 reading=0 eofSeekCount=1
[FileHandle] MEMORY: bbs:node1.user bufLen=239 pos=0 avail=239 reading=239 eofSeekCount=0
[FileHandle] MEMORY: bbs:systemstats bufLen=6 pos=0 avail=6 reading=6 eofSeekCount=0
[FileHandle] SEEK: bbs:node4/callerslog from=0 to=465 whence=2 offset=-1000 justEof=false
[FileHandle] SEEK: bbs:node4/callerslog from=465 to=465 whence=1 offset=0 justEof=false
[FileHandle] MEMORY: bbs:node4/callerslog bufLen=1465 pos=465 avail=1000 reading=512 eofSeekCount=0
[FileHandle] SEEK: bbs:node4/callerslog from=977 to=977 whence=1 offset=0 justEof=false
[FileHandle] MEMORY: bbs:node4/callerslog bufLen=1465 pos=977 avail=488 reading=488 eofSeekCount=0
[FileHandle] SEEK: bbs:node4/callerslog from=1465 to=1465 whence=1 offset=0 justEof=false
[FileHandle] MEMORY: bbs:node4/callerslog bufLen=1465 pos=1465 avail=0 reading=0 eofSeekCount=0
[FileHandle] SEEK: bbs:node4/callerslog from=1465 to=1465 whence=1 offset=0 justEof=true
[FileHandle] SEEK: bbs:node4/callerslog from=1465 to=1093 whence=0 offset=1093 justEof=true
[FileHandle] EOF-SEEK-BACK: bbs:node4/callerslog count=1 (seeking backwards after EOF)
[FileHandle] MEMORY: bbs:node4/callerslog bufLen=1465 pos=1093 avail=372 reading=372 eofSeekCount=1
[FileHandle] MEMORY: bbs:node4/callerslog bufLen=1465 pos=1465 avail=0 reading=0 eofSeekCount=1
[FileHandle] MEMORY: bbs:node1.user bufLen=239 pos=0 avail=239 reading=239 eofSeekCount=0
[FileHandle] MEMORY: bbs:systemstats bufLen=6 pos=0 avail=6 reading=6 eofSeekCount=0
[FileHandle] MEMORY: dOORS:dRE/dRE!WAll/dRE!WAll.dAtA bufLen=100 pos=0 avail=100 reading=100 eofSeekCount=0
[FileHandle] MEMORY: dOORS:dRE/dRE!WAll/dRE!WAll.dAtA bufLen=100 pos=100 avail=0 reading=0 eofSeekCount=0
[FileHandle] MEMORY: dOORS:dRE/dRE!WAll/dRE!WAll.dAtA bufLen=100 pos=0 avail=100 reading=100 eofSeekCount=0
[FileHandle] MEMORY: dOORS:dRE/dRE!WAll/dRE!WAll.dAtA bufLen=100 pos=100 avail=0 reading=0 eofSeekCount=0
[FileHandle] SEEK: bbs:node4/callerslog from=0 to=465 whence=2 offset=-1000 justEof=false
[FileHandle] SEEK: bbs:node4/callerslog from=465 to=465 whence=1 offset=0 justEof=false
[FileHandle] MEMORY: bbs:node4/callerslog bufLen=1465 pos=465 avail=1000 reading=512 eofSeekCount=0
[FileHandle] SEEK: bbs:node4/callerslog from=977 to=977 whence=1 offset=0 justEof=false
[FileHandle] MEMORY: bbs:node4/callerslog bufLen=1465 pos=977 avail=488 reading=488 eofSeekCount=0
[FileHandle] SEEK: bbs:node4/callerslog from=1465 to=1465 whence=1 offset=0 justEof=false
[FileHandle] MEMORY: bbs:node4/callerslog bufLen=1465 pos=1465 avail=0 reading=0 eofSeekCount=0
[FileHandle] SEEK: bbs:node4/callerslog from=1465 to=1465 whence=1 offset=0 justEof=true
[FileHandle] SEEK: bbs:node4/callerslog from=1465 to=1093 whence=0 offset=1093 justEof=true
[FileHandle] EOF-SEEK-BACK: bbs:node4/callerslog count=1 (seeking backwards after EOF)
[FileHandle] MEMORY: bbs:node4/callerslog bufLen=1465 pos=1093 avail=372 reading=372 eofSeekCount=1
[FileHandle] MEMORY: bbs:node4/callerslog bufLen=1465 pos=1465 avail=0 reading=0 eofSeekCount=1
[FileHandle] MEMORY: bbs:node1.user bufLen=239 pos=0 avail=239 reading=239 eofSeekCount=0
[FileHandle] MEMORY: bbs:systemstats bufLen=6 pos=0 avail=6 reading=6 eofSeekCount=0
[FileHandle] MEMORY: dOORS:dRE/dRE!WAll/dRE!WAll.dAtA bufLen=100 pos=0 avail=100 reading=100 eofSeekCount=0
[FileHandle] MEMORY: dOORS:dRE/dRE!WAll/dRE!WAll.dAtA bufLen=100 pos=100 avail=0 reading=0 eofSeekCount=0
[FileHandle] SEEK: bbs:node4/callerslog from=0 to=465 whence=2 offset=-1000 justEof=false
[FileHandle] SEEK: bbs:node4/callerslog from=465 to=465 whence=1 offset=0 justEof=false
[FileHandle] MEMORY: bbs:node4/callerslog bufLen=1465 pos=465 avail=1000 reading=512 eofSeekCount=0
[FileHandle] SEEK: bbs:node4/callerslog from=977 to=977 whence=1 offset=0 justEof=false
[FileHandle] MEMORY: bbs:node4/callerslog bufLen=1465 pos=977 avail=488 reading=488 eofSeekCount=0
[FileHandle] SEEK: bbs:node4/callerslog from=1465 to=1465 whence=1 offset=0 justEof=false
[FileHandle] MEMORY: bbs:node4/callerslog bufLen=1465 pos=1465 avail=0 reading=0 eofSeekCount=0
[FileHandle] SEEK: bbs:node4/callerslog from=1465 to=1465 whence=1 offset=0 justEof=true
[FileHandle] SEEK: bbs:node4/callerslog from=1465 to=1093 whence=0 offset=1093 justEof=true
[FileHandle] EOF-SEEK-BACK: bbs:node4/callerslog count=1 (seeking backwards after EOF)
[FileHandle] MEMORY: bbs:node4/callerslog bufLen=1465 pos=1093 avail=372 reading=372 eofSeekCount=1
[FileHandle] MEMORY: bbs:node4/callerslog bufLen=1465 pos=1465 avail=0 reading=0 eofSeekCount=1
[FileHandle] MEMORY: bbs:node1.user bufLen=239 pos=0 avail=239 reading=239 eofSeekCount=0
[FileHandle] MEMORY: bbs:systemstats bufLen=6 pos=0 avail=6 reading=6 eofSeekCount=0
[FileHandle] MEMORY: dOORS:dRE/dRE!WAll/dRE!WAll.dAtA bufLen=100 pos=0 avail=100 reading=100 eofSeekCount=0
[FileHandle] MEMORY: dOORS:dRE/dRE!WAll/dRE!WAll.dAtA bufLen=100 pos=100 avail=0 reading=0 eofSeekCount=0
[FileHandle] MEMORY: dOORS:dRE/dRE!WAll/dRE!WAll.dAtA bufLen=100 pos=0 avail=100 reading=100 eofSeekCount=0
[FileHandle] MEMORY: dOORS:dRE/dRE!WAll/dRE!WAll.dAtA bufLen=100 pos=100 avail=0 reading=0 eofSeekCount=0
[FileHandle] MEMORY: dOORS:dRE/dRE!WAll/dRE!WAll.dAtA bufLen=100 pos=0 avail=100 reading=100 eofSeekCount=0
[FileHandle] MEMORY: dOORS:dRE/dRE!WAll/dRE!WAll.dAtA bufLen=100 pos=100 avail=0 reading=0 eofSeekCount=0
[FileHandle] SEEK: BBS:Conf1/Dir1 from=0 to=0 whence=2 offset=0 justEof=false
[FileHandle] SEEK: BBS:Conf1/Dir1 from=0 to=0 whence=0 offset=0 justEof=false
[FileHandle] MEMORY: BBS:Conf1/Dir1 bufLen=0 pos=0 avail=0 reading=0 eofSeekCount=0
[FileHandle] MEMORY: T:5D-Edit.1 bufLen=0 pos=0 avail=0 reading=0 eofSeekCount=0
[FileHandle] SEEK: bbs:node4/callerslog from=0 to=465 whence=2 offset=-1000 justEof=false
[FileHandle] SEEK: bbs:node4/callerslog from=465 to=465 whence=1 offset=0 justEof=false
[FileHandle] MEMORY: bbs:node4/callerslog bufLen=1465 pos=465 avail=1000 reading=512 eofSeekCount=0
[FileHandle] SEEK: bbs:node4/callerslog from=977 to=977 whence=1 offset=0 justEof=false
[FileHandle] MEMORY: bbs:node4/callerslog bufLen=1465 pos=977 avail=488 reading=488 eofSeekCount=0
[FileHandle] SEEK: bbs:node4/callerslog from=1465 to=1465 whence=1 offset=0 justEof=false
[FileHandle] MEMORY: bbs:node4/callerslog bufLen=1465 pos=1465 avail=0 reading=0 eofSeekCount=0
[FileHandle] SEEK: bbs:node4/callerslog from=1465 to=1465 whence=1 offset=0 justEof=true
[FileHandle] SEEK: bbs:node4/callerslog from=1465 to=1093 whence=0 offset=1093 justEof=true
[FileHandle] EOF-SEEK-BACK: bbs:node4/callerslog count=1 (seeking backwards after EOF)
[FileHandle] MEMORY: bbs:node4/callerslog bufLen=1465 pos=1093 avail=372 reading=372 eofSeekCount=1
[FileHandle] MEMORY: bbs:node4/callerslog bufLen=1465 pos=1465 avail=0 reading=0 eofSeekCount=1
[FileHandle] MEMORY: bbs:node1.user bufLen=239 pos=0 avail=239 reading=239 eofSeekCount=0
[FileHandle] MEMORY: bbs:systemstats bufLen=6 pos=0 avail=6 reading=6 eofSeekCount=0
[FileHandle] SEEK: BBS:Conf1/Dir1 from=0 to=0 whence=2 offset=0 justEof=false
[FileHandle] SEEK: BBS:Conf1/Dir1 from=0 to=0 whence=0 offset=0 justEof=false
[FileHandle] MEMORY: BBS:Conf1/Dir1 bufLen=0 pos=0 avail=0 reading=0 eofSeekCount=0
[FileHandle] MEMORY: T:5D-Edit.1 bufLen=0 pos=0 avail=0 reading=0 eofSeekCount=0
[FileHandle] MEMORY: dOORS:dRE/dRE!WAll/dRE!WAll.dAtA bufLen=100 pos=0 avail=100 reading=100 eofSeekCount=0
[FileHandle] MEMORY: dOORS:dRE/dRE!WAll/dRE!WAll.dAtA bufLen=100 pos=100 avail=0 reading=0 eofSeekCount=0
[FileHandle] SEEK: bbs:node4/callerslog from=0 to=465 whence=2 offset=-1000 justEof=false
[FileHandle] SEEK: bbs:node4/callerslog from=465 to=465 whence=1 offset=0 justEof=false
[FileHandle] MEMORY: bbs:node4/callerslog bufLen=1465 pos=465 avail=1000 reading=512 eofSeekCount=0
[FileHandle] SEEK: bbs:node4/callerslog from=977 to=977 whence=1 offset=0 justEof=false
[FileHandle] MEMORY: bbs:node4/callerslog bufLen=1465 pos=977 avail=488 reading=488 eofSeekCount=0
[FileHandle] SEEK: bbs:node4/callerslog from=1465 to=1465 whence=1 offset=0 justEof=false
[FileHandle] MEMORY: bbs:node4/callerslog bufLen=1465 pos=1465 avail=0 reading=0 eofSeekCount=0
[FileHandle] SEEK: bbs:node4/callerslog from=1465 to=1465 whence=1 offset=0 justEof=true
[FileHandle] SEEK: bbs:node4/callerslog from=1465 to=1093 whence=0 offset=1093 justEof=true
[FileHandle] EOF-SEEK-BACK: bbs:node4/callerslog count=1 (seeking backwards after EOF)
[FileHandle] MEMORY: bbs:node4/callerslog bufLen=1465 pos=1093 avail=372 reading=372 eofSeekCount=1
[FileHandle] MEMORY: bbs:node4/callerslog bufLen=1465 pos=1465 avail=0 reading=0 eofSeekCount=1
[FileHandle] SEEK: bbs:node4/callerslog from=0 to=465 whence=2 offset=-1000 justEof=false
[FileHandle] SEEK: bbs:node4/callerslog from=465 to=465 whence=1 offset=0 justEof=false
[FileHandle] MEMORY: bbs:node4/callerslog bufLen=1465 pos=465 avail=1000 reading=512 eofSeekCount=0
[FileHandle] SEEK: bbs:node4/callerslog from=977 to=977 whence=1 offset=0 justEof=false
[FileHandle] MEMORY: bbs:node4/callerslog bufLen=1465 pos=977 avail=488 reading=488 eofSeekCount=0
[FileHandle] SEEK: bbs:node4/callerslog from=1465 to=1465 whence=1 offset=0 justEof=false
[FileHandle] MEMORY: bbs:node4/callerslog bufLen=1465 pos=1465 avail=0 reading=0 eofSeekCount=0
[FileHandle] SEEK: bbs:node4/callerslog from=1465 to=1465 whence=1 offset=0 justEof=true
[FileHandle] SEEK: bbs:node4/callerslog from=1465 to=1093 whence=0 offset=1093 justEof=true
[FileHandle] EOF-SEEK-BACK: bbs:node4/callerslog count=1 (seeking backwards after EOF)
[FileHandle] MEMORY: bbs:node4/callerslog bufLen=1465 pos=1093 avail=372 reading=372 eofSeekCount=1
[FileHandle] MEMORY: bbs:node4/callerslog bufLen=1465 pos=1465 avail=0 reading=0 eofSeekCount=1
[FileHandle] MEMORY: dOORS:dRE/dRE!WAll/dRE!WAll.dAtA bufLen=100 pos=0 avail=100 reading=100 eofSeekCount=0
[FileHandle] MEMORY: dOORS:dRE/dRE!WAll/dRE!WAll.dAtA bufLen=100 pos=100 avail=0 reading=0 eofSeekCount=0
[FileHandle] SEEK: DOORS:TurboLister/Turbolister.cfg from=0 to=707 whence=2 offset=0 justEof=false
[FileHandle] SEEK: DOORS:TurboLister/Turbolister.cfg from=707 to=0 whence=0 offset=0 justEof=false
[FileHandle] MEMORY: DOORS:TurboLister/Turbolister.cfg bufLen=707 pos=0 avail=707 reading=707 eofSeekCount=0
[FileHandle] SEEK: bbs:node4/callerslog from=0 to=465 whence=2 offset=-1000 justEof=false
[FileHandle] SEEK: bbs:node4/callerslog from=465 to=465 whence=1 offset=0 justEof=false
[FileHandle] MEMORY: bbs:node4/callerslog bufLen=1465 pos=465 avail=1000 reading=512 eofSeekCount=0
[FileHandle] SEEK: bbs:node4/callerslog from=977 to=977 whence=1 offset=0 justEof=false
[FileHandle] MEMORY: bbs:node4/callerslog bufLen=1465 pos=977 avail=488 reading=488 eofSeekCount=0
[FileHandle] SEEK: bbs:node4/callerslog from=1465 to=1465 whence=1 offset=0 justEof=false
[FileHandle] MEMORY: bbs:node4/callerslog bufLen=1465 pos=1465 avail=0 reading=0 eofSeekCount=0
[FileHandle] SEEK: bbs:node4/callerslog from=1465 to=1465 whence=1 offset=0 justEof=true
[FileHandle] SEEK: bbs:node4/callerslog from=1465 to=1093 whence=0 offset=1093 justEof=true
[FileHandle] EOF-SEEK-BACK: bbs:node4/callerslog count=1 (seeking backwards after EOF)
[FileHandle] MEMORY: bbs:node4/callerslog bufLen=1465 pos=1093 avail=372 reading=372 eofSeekCount=1
[FileHandle] MEMORY: bbs:node4/callerslog bufLen=1465 pos=1465 avail=0 reading=0 eofSeekCount=1
[FileHandle] MEMORY: bbs:node1.user bufLen=239 pos=0 avail=239 reading=239 eofSeekCount=0
[FileHandle] MEMORY: bbs:systemstats bufLen=6 pos=0 avail=6 reading=6 eofSeekCount=0
[FileHandle] SEEK: DOORS:TurboLister/Turbolister.cfg from=0 to=707 whence=2 offset=0 justEof=false
[FileHandle] SEEK: DOORS:TurboLister/Turbolister.cfg from=707 to=0 whence=0 offset=0 justEof=false
[FileHandle] MEMORY: DOORS:TurboLister/Turbolister.cfg bufLen=707 pos=0 avail=707 reading=707 eofSeekCount=0
[FileHandle] SEEK: bbs:node4/callerslog from=0 to=465 whence=2 offset=-1000 justEof=false
[FileHandle] SEEK: bbs:node4/callerslog from=465 to=465 whence=1 offset=0 justEof=false
[FileHandle] MEMORY: bbs:node4/callerslog bufLen=1465 pos=465 avail=1000 reading=512 eofSeekCount=0
[FileHandle] SEEK: bbs:node4/callerslog from=977 to=977 whence=1 offset=0 justEof=false
[FileHandle] MEMORY: bbs:node4/callerslog bufLen=1465 pos=977 avail=488 reading=488 eofSeekCount=0
[FileHandle] SEEK: bbs:node4/callerslog from=1465 to=1465 whence=1 offset=0 justEof=false
[FileHandle] MEMORY: bbs:node4/callerslog bufLen=1465 pos=1465 avail=0 reading=0 eofSeekCount=0
[FileHandle] SEEK: bbs:node4/callerslog from=1465 to=1465 whence=1 offset=0 justEof=true
[FileHandle] SEEK: bbs:node4/callerslog from=1465 to=1093 whence=0 offset=1093 justEof=true
[FileHandle] EOF-SEEK-BACK: bbs:node4/callerslog count=1 (seeking backwards after EOF)
[FileHandle] MEMORY: bbs:node4/callerslog bufLen=1465 pos=1093 avail=372 reading=372 eofSeekCount=1
[FileHandle] MEMORY: bbs:node4/callerslog bufLen=1465 pos=1465 avail=0 reading=0 eofSeekCount=1
[FileHandle] MEMORY: bbs:node1.user bufLen=239 pos=0 avail=239 reading=239 eofSeekCount=0
[FileHandle] MEMORY: bbs:systemstats bufLen=6 pos=0 avail=6 reading=6 eofSeekCount=0
[FileHandle] SEEK: DOORS:TurboLister/Turbolister.cfg from=0 to=707 whence=2 offset=0 justEof=false
[FileHandle] SEEK: DOORS:TurboLister/Turbolister.cfg from=707 to=0 whence=0 offset=0 justEof=false
[FileHandle] MEMORY: DOORS:TurboLister/Turbolister.cfg bufLen=707 pos=0 avail=707 reading=707 eofSeekCount=0
[FileHandle] SEEK: bbs:node4/callerslog from=0 to=465 whence=2 offset=-1000 justEof=false
[FileHandle] SEEK: bbs:node4/callerslog from=465 to=465 whence=1 offset=0 justEof=false
[FileHandle] MEMORY: bbs:node4/callerslog bufLen=1465 pos=465 avail=1000 reading=512 eofSeekCount=0
[FileHandle] SEEK: bbs:node4/callerslog from=977 to=977 whence=1 offset=0 justEof=false
[FileHandle] MEMORY: bbs:node4/callerslog bufLen=1465 pos=977 avail=488 reading=488 eofSeekCount=0
[FileHandle] SEEK: bbs:node4/callerslog from=1465 to=1465 whence=1 offset=0 justEof=false
[FileHandle] MEMORY: bbs:node4/callerslog bufLen=1465 pos=1465 avail=0 reading=0 eofSeekCount=0
[FileHandle] SEEK: bbs:node4/callerslog from=1465 to=1465 whence=1 offset=0 justEof=true
[FileHandle] SEEK: bbs:node4/callerslog from=1465 to=1093 whence=0 offset=1093 justEof=true
[FileHandle] EOF-SEEK-BACK: bbs:node4/callerslog count=1 (seeking backwards after EOF)
[FileHandle] MEMORY: bbs:node4/callerslog bufLen=1465 pos=1093 avail=372 reading=372 eofSeekCount=1
[FileHandle] MEMORY: bbs:node4/callerslog bufLen=1465 pos=1465 avail=0 reading=0 eofSeekCount=1
[FileHandle] MEMORY: bbs:node1.user bufLen=239 pos=0 avail=239 reading=239 eofSeekCount=0
[FileHandle] MEMORY: bbs:systemstats bufLen=6 pos=0 avail=6 reading=6 eofSeekCount=0
[FileHandle] SEEK: DOORS:TurboLister/Turbolister.cfg from=0 to=707 whence=2 offset=0 justEof=false
[FileHandle] SEEK: DOORS:TurboLister/Turbolister.cfg from=707 to=0 whence=0 offset=0 justEof=false
[FileHandle] MEMORY: DOORS:TurboLister/Turbolister.cfg bufLen=707 pos=0 avail=707 reading=707 eofSeekCount=0
[FileHandle] SEEK: bbs:node4/callerslog from=0 to=465 whence=2 offset=-1000 justEof=false
[FileHandle] SEEK: bbs:node4/callerslog from=465 to=465 whence=1 offset=0 justEof=false
[FileHandle] MEMORY: bbs:node4/callerslog bufLen=1465 pos=465 avail=1000 reading=512 eofSeekCount=0
[FileHandle] SEEK: bbs:node4/callerslog from=977 to=977 whence=1 offset=0 justEof=false
[FileHandle] MEMORY: bbs:node4/callerslog bufLen=1465 pos=977 avail=488 reading=488 eofSeekCount=0
[FileHandle] SEEK: bbs:node4/callerslog from=1465 to=1465 whence=1 offset=0 justEof=false
[FileHandle] MEMORY: bbs:node4/callerslog bufLen=1465 pos=1465 avail=0 reading=0 eofSeekCount=0
[FileHandle] SEEK: bbs:node4/callerslog from=1465 to=1465 whence=1 offset=0 justEof=true
[FileHandle] SEEK: bbs:node4/callerslog from=1465 to=1093 whence=0 offset=1093 justEof=true
[FileHandle] EOF-SEEK-BACK: bbs:node4/callerslog count=1 (seeking backwards after EOF)
[FileHandle] MEMORY: bbs:node4/callerslog bufLen=1465 pos=1093 avail=372 reading=372 eofSeekCount=1
[FileHandle] MEMORY: bbs:node4/callerslog bufLen=1465 pos=1465 avail=0 reading=0 eofSeekCount=1
[FileHandle] MEMORY: bbs:node1.user bufLen=239 pos=0 avail=239 reading=239 eofSeekCount=0
[FileHandle] MEMORY: bbs:systemstats bufLen=6 pos=0 avail=6 reading=6 eofSeekCount=0
[FileHandle] SEEK: DOORS:TurboLister/Turbolister.cfg from=0 to=707 whence=2 offset=0 justEof=false
[FileHandle] SEEK: DOORS:TurboLister/Turbolister.cfg from=707 to=0 whence=0 offset=0 justEof=false
[FileHandle] MEMORY: DOORS:TurboLister/Turbolister.cfg bufLen=707 pos=0 avail=707 reading=707 eofSeekCount=0
[FileHandle] SEEK: bbs:node4/callerslog from=0 to=465 whence=2 offset=-1000 justEof=false
[FileHandle] SEEK: bbs:node4/callerslog from=465 to=465 whence=1 offset=0 justEof=false
[FileHandle] MEMORY: bbs:node4/callerslog bufLen=1465 pos=465 avail=1000 reading=512 eofSeekCount=0
[FileHandle] SEEK: bbs:node4/callerslog from=977 to=977 whence=1 offset=0 justEof=false
[FileHandle] MEMORY: bbs:node4/callerslog bufLen=1465 pos=977 avail=488 reading=488 eofSeekCount=0
[FileHandle] SEEK: bbs:node4/callerslog from=1465 to=1465 whence=1 offset=0 justEof=false
[FileHandle] MEMORY: bbs:node4/callerslog bufLen=1465 pos=1465 avail=0 reading=0 eofSeekCount=0
[FileHandle] SEEK: bbs:node4/callerslog from=1465 to=1465 whence=1 offset=0 justEof=true
[FileHandle] SEEK: bbs:node4/callerslog from=1465 to=1093 whence=0 offset=1093 justEof=true
[FileHandle] EOF-SEEK-BACK: bbs:node4/callerslog count=1 (seeking backwards after EOF)
[FileHandle] MEMORY: bbs:node4/callerslog bufLen=1465 pos=1093 avail=372 reading=372 eofSeekCount=1
[FileHandle] MEMORY: bbs:node4/callerslog bufLen=1465 pos=1465 avail=0 reading=0 eofSeekCount=1
[FileHandle] MEMORY: bbs:node1.user bufLen=239 pos=0 avail=239 reading=239 eofSeekCount=0
[FileHandle] MEMORY: bbs:systemstats bufLen=6 pos=0 avail=6 reading=6 eofSeekCount=0
[FileHandle] SEEK: DOORS:TurboLister/Turbolister.cfg from=0 to=707 whence=2 offset=0 justEof=false
[FileHandle] SEEK: DOORS:TurboLister/Turbolister.cfg from=707 to=0 whence=0 offset=0 justEof=false
[FileHandle] MEMORY: DOORS:TurboLister/Turbolister.cfg bufLen=707 pos=0 avail=707 reading=707 eofSeekCount=0
[FileHandle] MEMORY: bbs:node1.user bufLen=239 pos=0 avail=239 reading=239 eofSeekCount=0
[FileHandle] MEMORY: bbs:systemstats bufLen=6 pos=0 avail=6 reading=6 eofSeekCount=0
[FileHandle] SEEK: bbs:node4/callerslog from=0 to=465 whence=2 offset=-1000 justEof=false
[FileHandle] SEEK: bbs:node4/callerslog from=465 to=465 whence=1 offset=0 justEof=false
[FileHandle] MEMORY: bbs:node4/callerslog bufLen=1465 pos=465 avail=1000 reading=512 eofSeekCount=0
[FileHandle] SEEK: bbs:node4/callerslog from=977 to=977 whence=1 offset=0 justEof=false
[FileHandle] MEMORY: bbs:node4/callerslog bufLen=1465 pos=977 avail=488 reading=488 eofSeekCount=0
[FileHandle] SEEK: bbs:node4/callerslog from=1465 to=1465 whence=1 offset=0 justEof=false
[FileHandle] MEMORY: bbs:node4/callerslog bufLen=1465 pos=1465 avail=0 reading=0 eofSeekCount=0
[FileHandle] SEEK: bbs:node4/callerslog from=1465 to=1465 whence=1 offset=0 justEof=true
[FileHandle] SEEK: bbs:node4/callerslog from=1465 to=1093 whence=0 offset=1093 justEof=true
[FileHandle] EOF-SEEK-BACK: bbs:node4/callerslog count=1 (seeking backwards after EOF)
[FileHandle] MEMORY: bbs:node4/callerslog bufLen=1465 pos=1093 avail=372 reading=372 eofSeekCount=1
[FileHandle] MEMORY: bbs:node4/callerslog bufLen=1465 pos=1465 avail=0 reading=0 eofSeekCount=1
[FileHandle] MEMORY: dOORS:dRE/dRE!WAll/dRE!WAll.dAtA bufLen=100 pos=0 avail=100 reading=100 eofSeekCount=0
[FileHandle] MEMORY: dOORS:dRE/dRE!WAll/dRE!WAll.dAtA bufLen=100 pos=100 avail=0 reading=0 eofSeekCount=0
[FileHandle] SEEK: bbs:node4/callerslog from=0 to=465 whence=2 offset=-1000 justEof=false
[FileHandle] SEEK: bbs:node4/callerslog from=465 to=465 whence=1 offset=0 justEof=false
[FileHandle] MEMORY: bbs:node4/callerslog bufLen=1465 pos=465 avail=1000 reading=512 eofSeekCount=0
[FileHandle] SEEK: bbs:node4/callerslog from=977 to=977 whence=1 offset=0 justEof=false
[FileHandle] MEMORY: bbs:node4/callerslog bufLen=1465 pos=977 avail=488 reading=488 eofSeekCount=0
[FileHandle] SEEK: bbs:node4/callerslog from=1465 to=1465 whence=1 offset=0 justEof=false
[FileHandle] MEMORY: bbs:node4/callerslog bufLen=1465 pos=1465 avail=0 reading=0 eofSeekCount=0
[FileHandle] SEEK: bbs:node4/callerslog from=1465 to=1465 whence=1 offset=0 justEof=true
[FileHandle] SEEK: bbs:node4/callerslog from=1465 to=1093 whence=0 offset=1093 justEof=true
[FileHandle] EOF-SEEK-BACK: bbs:node4/callerslog count=1 (seeking backwards after EOF)
[FileHandle] MEMORY: bbs:node4/callerslog bufLen=1465 pos=1093 avail=372 reading=372 eofSeekCount=1
[FileHandle] MEMORY: bbs:node4/callerslog bufLen=1465 pos=1465 avail=0 reading=0 eofSeekCount=1
[FileHandle] SEEK: bbs:node4/callerslog from=0 to=465 whence=2 offset=-1000 justEof=false
[FileHandle] SEEK: bbs:node4/callerslog from=465 to=465 whence=1 offset=0 justEof=false
[FileHandle] MEMORY: bbs:node4/callerslog bufLen=1465 pos=465 avail=1000 reading=512 eofSeekCount=0
[FileHandle] SEEK: bbs:node4/callerslog from=977 to=977 whence=1 offset=0 justEof=false
[FileHandle] MEMORY: bbs:node4/callerslog bufLen=1465 pos=977 avail=488 reading=488 eofSeekCount=0
[FileHandle] SEEK: bbs:node4/callerslog from=1465 to=1465 whence=1 offset=0 justEof=false
[FileHandle] MEMORY: bbs:node4/callerslog bufLen=1465 pos=1465 avail=0 reading=0 eofSeekCount=0
[FileHandle] SEEK: bbs:node4/callerslog from=1465 to=1465 whence=1 offset=0 justEof=true
[FileHandle] SEEK: bbs:node4/callerslog from=1465 to=1093 whence=0 offset=1093 justEof=true
[FileHandle] EOF-SEEK-BACK: bbs:node4/callerslog count=1 (seeking backwards after EOF)
[FileHandle] MEMORY: bbs:node4/callerslog bufLen=1465 pos=1093 avail=372 reading=372 eofSeekCount=1
[FileHandle] MEMORY: bbs:node4/callerslog bufLen=1465 pos=1465 avail=0 reading=0 eofSeekCount=1
[FileHandle] MEMORY: bbs:node1.user bufLen=239 pos=0 avail=239 reading=239 eofSeekCount=0
[FileHandle] MEMORY: bbs:systemstats bufLen=6 pos=0 avail=6 reading=6 eofSeekCount=0
[FileHandle] SEEK: T:SysInfo.TMP from=0 to=28 whence=2 offset=0 justEof=false
[FileHandle] SEEK: T:SysInfo.TMP from=28 to=0 whence=0 offset=0 justEof=false
[FileHandle] MEMORY: T:SysInfo.TMP bufLen=28 pos=0 avail=28 reading=27 eofSeekCount=0
[FileHandle] SEEK: T:SysInfo.TMP from=0 to=28 whence=2 offset=0 justEof=false
[FileHandle] SEEK: T:SysInfo.TMP from=28 to=0 whence=0 offset=0 justEof=false
[FileHandle] MEMORY: T:SysInfo.TMP bufLen=28 pos=0 avail=28 reading=27 eofSeekCount=0
[FileHandle] SEEK: T:SysInfo.TMP from=0 to=28 whence=2 offset=0 justEof=false
[FileHandle] SEEK: T:SysInfo.TMP from=28 to=0 whence=0 offset=0 justEof=false
[FileHandle] MEMORY: T:SysInfo.TMP bufLen=28 pos=0 avail=28 reading=27 eofSeekCount=0
[FileHandle] SEEK: T:SysInfo.TMP from=0 to=28 whence=2 offset=0 justEof=false
[FileHandle] SEEK: T:SysInfo.TMP from=28 to=0 whence=0 offset=0 justEof=false
[FileHandle] MEMORY: T:SysInfo.TMP bufLen=28 pos=0 avail=28 reading=27 eofSeekCount=0
[FileHandle] SEEK: bbs:node4/callerslog from=0 to=465 whence=2 offset=-1000 justEof=false
[FileHandle] SEEK: bbs:node4/callerslog from=465 to=465 whence=1 offset=0 justEof=false
[FileHandle] MEMORY: bbs:node4/callerslog bufLen=1465 pos=465 avail=1000 reading=512 eofSeekCount=0
[FileHandle] SEEK: bbs:node4/callerslog from=977 to=977 whence=1 offset=0 justEof=false
[FileHandle] MEMORY: bbs:node4/callerslog bufLen=1465 pos=977 avail=488 reading=488 eofSeekCount=0
[FileHandle] SEEK: bbs:node4/callerslog from=1465 to=1465 whence=1 offset=0 justEof=false
[FileHandle] MEMORY: bbs:node4/callerslog bufLen=1465 pos=1465 avail=0 reading=0 eofSeekCount=0
[FileHandle] SEEK: bbs:node4/callerslog from=1465 to=1465 whence=1 offset=0 justEof=true
[FileHandle] SEEK: bbs:node4/callerslog from=1465 to=1093 whence=0 offset=1093 justEof=true
[FileHandle] EOF-SEEK-BACK: bbs:node4/callerslog count=1 (seeking backwards after EOF)
[FileHandle] MEMORY: bbs:node4/callerslog bufLen=1465 pos=1093 avail=372 reading=372 eofSeekCount=1
[FileHandle] MEMORY: bbs:node4/callerslog bufLen=1465 pos=1465 avail=0 reading=0 eofSeekCount=1
[FileHandle] MEMORY: bbs:node1.user bufLen=239 pos=0 avail=239 reading=239 eofSeekCount=0
[FileHandle] MEMORY: bbs:systemstats bufLen=6 pos=0 avail=6 reading=6 eofSeekCount=0
[FileHandle] SEEK: T:SysInfo.TMP from=0 to=28 whence=2 offset=0 justEof=false
[FileHandle] SEEK: T:SysInfo.TMP from=28 to=0 whence=0 offset=0 justEof=false
[FileHandle] MEMORY: T:SysInfo.TMP bufLen=28 pos=0 avail=28 reading=27 eofSeekCount=0
[FileHandle] SEEK: T:SysInfo.TMP from=0 to=28 whence=2 offset=0 justEof=false
[FileHandle] SEEK: T:SysInfo.TMP from=28 to=0 whence=0 offset=0 justEof=false
[FileHandle] MEMORY: T:SysInfo.TMP bufLen=28 pos=0 avail=28 reading=27 eofSeekCount=0
[FileHandle] SEEK: T:SysInfo.TMP from=0 to=28 whence=2 offset=0 justEof=false
[FileHandle] SEEK: T:SysInfo.TMP from=28 to=0 whence=0 offset=0 justEof=false
[FileHandle] MEMORY: T:SysInfo.TMP bufLen=28 pos=0 avail=28 reading=27 eofSeekCount=0
[FileHandle] SEEK: T:SysInfo.TMP from=0 to=28 whence=2 offset=0 justEof=false
[FileHandle] SEEK: T:SysInfo.TMP from=28 to=0 whence=0 offset=0 justEof=false
[FileHandle] MEMORY: T:SysInfo.TMP bufLen=28 pos=0 avail=28 reading=27 eofSeekCount=0
[FileHandle] SEEK: bbs:node4/callerslog from=0 to=465 whence=2 offset=-1000 justEof=false
[FileHandle] SEEK: bbs:node4/callerslog from=465 to=465 whence=1 offset=0 justEof=false
[FileHandle] MEMORY: bbs:node4/callerslog bufLen=1465 pos=465 avail=1000 reading=512 eofSeekCount=0
[FileHandle] SEEK: bbs:node4/callerslog from=977 to=977 whence=1 offset=0 justEof=false
[FileHandle] MEMORY: bbs:node4/callerslog bufLen=1465 pos=977 avail=488 reading=488 eofSeekCount=0
[FileHandle] SEEK: bbs:node4/callerslog from=1465 to=1465 whence=1 offset=0 justEof=false
[FileHandle] MEMORY: bbs:node4/callerslog bufLen=1465 pos=1465 avail=0 reading=0 eofSeekCount=0
[FileHandle] SEEK: bbs:node4/callerslog from=1465 to=1465 whence=1 offset=0 justEof=true
[FileHandle] SEEK: bbs:node4/callerslog from=1465 to=1093 whence=0 offset=1093 justEof=true
[FileHandle] EOF-SEEK-BACK: bbs:node4/callerslog count=1 (seeking backwards after EOF)
[FileHandle] MEMORY: bbs:node4/callerslog bufLen=1465 pos=1093 avail=372 reading=372 eofSeekCount=1
[FileHandle] MEMORY: bbs:node4/callerslog bufLen=1465 pos=1465 avail=0 reading=0 eofSeekCount=1
[FileHandle] MEMORY: dOORS:dRE/dRE!WAll/dRE!WAll.dAtA bufLen=100 pos=0 avail=100 reading=100 eofSeekCount=0
[FileHandle] MEMORY: dOORS:dRE/dRE!WAll/dRE!WAll.dAtA bufLen=100 pos=100 avail=0 reading=0 eofSeekCount=0
[FileHandle] SEEK: bbs:node4/callerslog from=0 to=465 whence=2 offset=-1000 justEof=false
[FileHandle] SEEK: bbs:node4/callerslog from=465 to=465 whence=1 offset=0 justEof=false
[FileHandle] MEMORY: bbs:node4/callerslog bufLen=1465 pos=465 avail=1000 reading=512 eofSeekCount=0
[FileHandle] SEEK: bbs:node4/callerslog from=977 to=977 whence=1 offset=0 justEof=false
[FileHandle] MEMORY: bbs:node4/callerslog bufLen=1465 pos=977 avail=488 reading=488 eofSeekCount=0
[FileHandle] SEEK: bbs:node4/callerslog from=1465 to=1465 whence=1 offset=0 justEof=false
[FileHandle] MEMORY: bbs:node4/callerslog bufLen=1465 pos=1465 avail=0 reading=0 eofSeekCount=0
[FileHandle] SEEK: bbs:node4/callerslog from=1465 to=1465 whence=1 offset=0 justEof=true
[FileHandle] SEEK: bbs:node4/callerslog from=1465 to=1093 whence=0 offset=1093 justEof=true
[FileHandle] EOF-SEEK-BACK: bbs:node4/callerslog count=1 (seeking backwards after EOF)
[FileHandle] MEMORY: bbs:node4/callerslog bufLen=1465 pos=1093 avail=372 reading=372 eofSeekCount=1
[FileHandle] MEMORY: bbs:node4/callerslog bufLen=1465 pos=1465 avail=0 reading=0 eofSeekCount=1
[FileHandle] MEMORY: bbs:node1.user bufLen=239 pos=0 avail=239 reading=239 eofSeekCount=0
[FileHandle] MEMORY: bbs:systemstats bufLen=6 pos=0 avail=6 reading=6 eofSeekCount=0
[FileHandle] MEMORY: dOORS:dRE/dRE!WAll/dRE!WAll.dAtA bufLen=100 pos=0 avail=100 reading=100 eofSeekCount=0
[FileHandle] MEMORY: dOORS:dRE/dRE!WAll/dRE!WAll.dAtA bufLen=100 pos=100 avail=0 reading=0 eofSeekCount=0
[FileHandle] SEEK: bbs:node4/callerslog from=0 to=465 whence=2 offset=-1000 justEof=false
[FileHandle] SEEK: bbs:node4/callerslog from=465 to=465 whence=1 offset=0 justEof=false
[FileHandle] MEMORY: bbs:node4/callerslog bufLen=1465 pos=465 avail=1000 reading=512 eofSeekCount=0
[FileHandle] SEEK: bbs:node4/callerslog from=977 to=977 whence=1 offset=0 justEof=false
[FileHandle] MEMORY: bbs:node4/callerslog bufLen=1465 pos=977 avail=488 reading=488 eofSeekCount=0
[FileHandle] SEEK: bbs:node4/callerslog from=1465 to=1465 whence=1 offset=0 justEof=false
[FileHandle] MEMORY: bbs:node4/callerslog bufLen=1465 pos=1465 avail=0 reading=0 eofSeekCount=0
[FileHandle] SEEK: bbs:node4/callerslog from=1465 to=1465 whence=1 offset=0 justEof=true
[FileHandle] SEEK: bbs:node4/callerslog from=1465 to=1093 whence=0 offset=1093 justEof=true
[FileHandle] EOF-SEEK-BACK: bbs:node4/callerslog count=1 (seeking backwards after EOF)
[FileHandle] MEMORY: bbs:node4/callerslog bufLen=1465 pos=1093 avail=372 reading=372 eofSeekCount=1
[FileHandle] MEMORY: bbs:node4/callerslog bufLen=1465 pos=1465 avail=0 reading=0 eofSeekCount=1
[FileHandle] SEEK: bbs:node4/callerslog from=0 to=465 whence=2 offset=-1000 justEof=false
[FileHandle] SEEK: bbs:node4/callerslog from=465 to=465 whence=1 offset=0 justEof=false
[FileHandle] MEMORY: bbs:node4/callerslog bufLen=1465 pos=465 avail=1000 reading=512 eofSeekCount=0
[FileHandle] SEEK: bbs:node4/callerslog from=977 to=977 whence=1 offset=0 justEof=false
[FileHandle] MEMORY: bbs:node4/callerslog bufLen=1465 pos=977 avail=488 reading=488 eofSeekCount=0
[FileHandle] SEEK: bbs:node4/callerslog from=1465 to=1465 whence=1 offset=0 justEof=false
[FileHandle] MEMORY: bbs:node4/callerslog bufLen=1465 pos=1465 avail=0 reading=0 eofSeekCount=0
[FileHandle] SEEK: bbs:node4/callerslog from=1465 to=1465 whence=1 offset=0 justEof=true
[FileHandle] SEEK: bbs:node4/callerslog from=1465 to=1093 whence=0 offset=1093 justEof=true
[FileHandle] EOF-SEEK-BACK: bbs:node4/callerslog count=1 (seeking backwards after EOF)
[FileHandle] MEMORY: bbs:node4/callerslog bufLen=1465 pos=1093 avail=372 reading=372 eofSeekCount=1
[FileHandle] MEMORY: bbs:node4/callerslog bufLen=1465 pos=1465 avail=0 reading=0 eofSeekCount=1
[FileHandle] MEMORY: dOORS:dRE/dRE!WAll/dRE!WAll.dAtA bufLen=100 pos=0 avail=100 reading=100 eofSeekCount=0
[FileHandle] MEMORY: dOORS:dRE/dRE!WAll/dRE!WAll.dAtA bufLen=100 pos=100 avail=0 reading=0 eofSeekCount=0
[FileHandle] SEEK: T:SysInfo.TMP from=0 to=84 whence=2 offset=0 justEof=false
[FileHandle] SEEK: T:SysInfo.TMP from=84 to=0 whence=0 offset=0 justEof=false
[FileHandle] MEMORY: T:SysInfo.TMP bufLen=84 pos=0 avail=84 reading=83 eofSeekCount=0
[FileHandle] SEEK: T:SysInfo.TMP from=0 to=84 whence=2 offset=0 justEof=false
[FileHandle] SEEK: T:SysInfo.TMP from=84 to=0 whence=0 offset=0 justEof=false
[FileHandle] MEMORY: T:SysInfo.TMP bufLen=84 pos=0 avail=84 reading=83 eofSeekCount=0
[FileHandle] SEEK: T:SysInfo.TMP from=0 to=84 whence=2 offset=0 justEof=false
[FileHandle] SEEK: T:SysInfo.TMP from=84 to=0 whence=0 offset=0 justEof=false
[FileHandle] MEMORY: T:SysInfo.TMP bufLen=84 pos=0 avail=84 reading=83 eofSeekCount=0
[FileHandle] SEEK: T:SysInfo.TMP from=0 to=84 whence=2 offset=0 justEof=false
[FileHandle] SEEK: T:SysInfo.TMP from=84 to=0 whence=0 offset=0 justEof=false
[FileHandle] MEMORY: T:SysInfo.TMP bufLen=84 pos=0 avail=84 reading=83 eofSeekCount=0
[FileHandle] MEMORY: dOORS:dRE/dRE!WAll/dRE!WAll.dAtA bufLen=100 pos=0 avail=100 reading=100 eofSeekCount=0
[FileHandle] MEMORY: dOORS:dRE/dRE!WAll/dRE!WAll.dAtA bufLen=100 pos=100 avail=0 reading=0 eofSeekCount=0
[FileHandle] SEEK: bbs:node4/callerslog from=0 to=465 whence=2 offset=-1000 justEof=false
[FileHandle] SEEK: bbs:node4/callerslog from=465 to=465 whence=1 offset=0 justEof=false
[FileHandle] MEMORY: bbs:node4/callerslog bufLen=1465 pos=465 avail=1000 reading=512 eofSeekCount=0
[FileHandle] SEEK: bbs:node4/callerslog from=977 to=977 whence=1 offset=0 justEof=false
[FileHandle] MEMORY: bbs:node4/callerslog bufLen=1465 pos=977 avail=488 reading=488 eofSeekCount=0
[FileHandle] SEEK: bbs:node4/callerslog from=1465 to=1465 whence=1 offset=0 justEof=false
[FileHandle] MEMORY: bbs:node4/callerslog bufLen=1465 pos=1465 avail=0 reading=0 eofSeekCount=0
[FileHandle] SEEK: bbs:node4/callerslog from=1465 to=1465 whence=1 offset=0 justEof=true
[FileHandle] SEEK: bbs:node4/callerslog from=1465 to=1093 whence=0 offset=1093 justEof=true
[FileHandle] EOF-SEEK-BACK: bbs:node4/callerslog count=1 (seeking backwards after EOF)
[FileHandle] MEMORY: bbs:node4/callerslog bufLen=1465 pos=1093 avail=372 reading=372 eofSeekCount=1
[FileHandle] MEMORY: bbs:node4/callerslog bufLen=1465 pos=1465 avail=0 reading=0 eofSeekCount=1
[FileHandle] SEEK: bbs:node5/callerslog from=0 to=-332 whence=2 offset=-1000 justEof=false
[FileHandle] SEEK: bbs:node5/callerslog from=0 to=0 whence=1 offset=0 justEof=false
[FileHandle] MEMORY: bbs:node5/callerslog bufLen=668 pos=0 avail=668 reading=512 eofSeekCount=0
[FileHandle] SEEK: bbs:node5/callerslog from=512 to=512 whence=1 offset=0 justEof=false
[FileHandle] SEEK: bbs:node5/callerslog from=512 to=512 whence=1 offset=0 justEof=false
[FileHandle] MEMORY: bbs:node5/callerslog bufLen=668 pos=512 avail=156 reading=156 eofSeekCount=0
[FileHandle] MEMORY: bbs:node5/callerslog bufLen=668 pos=668 avail=0 reading=0 eofSeekCount=0
[FileHandle] SEEK: bbs:node5/callerslog from=668 to=668 whence=1 offset=0 justEof=true
[FileHandle] SEEK: bbs:node5/callerslog from=668 to=464 whence=0 offset=464 justEof=true
[FileHandle] EOF-SEEK-BACK: bbs:node5/callerslog count=1 (seeking backwards after EOF)
[FileHandle] MEMORY: bbs:node5/callerslog bufLen=668 pos=464 avail=204 reading=204 eofSeekCount=1
[FileHandle] MEMORY: bbs:node5/callerslog bufLen=668 pos=668 avail=0 reading=0 eofSeekCount=1
[FileHandle] MEMORY: bbs:node1.user bufLen=239 pos=0 avail=239 reading=239 eofSeekCount=0
[FileHandle] MEMORY: bbs:systemstats bufLen=6 pos=0 avail=6 reading=6 eofSeekCount=0
[FileHandle] SEEK: bbs:node5/callerslog from=0 to=-332 whence=2 offset=-1000 justEof=false
[FileHandle] SEEK: bbs:node5/callerslog from=0 to=0 whence=1 offset=0 justEof=false
[FileHandle] MEMORY: bbs:node5/callerslog bufLen=668 pos=0 avail=668 reading=512 eofSeekCount=0
[FileHandle] SEEK: bbs:node5/callerslog from=512 to=512 whence=1 offset=0 justEof=false
[FileHandle] SEEK: bbs:node5/callerslog from=512 to=512 whence=1 offset=0 justEof=false
[FileHandle] MEMORY: bbs:node5/callerslog bufLen=668 pos=512 avail=156 reading=156 eofSeekCount=0
[FileHandle] MEMORY: bbs:node5/callerslog bufLen=668 pos=668 avail=0 reading=0 eofSeekCount=0
[FileHandle] SEEK: bbs:node5/callerslog from=668 to=668 whence=1 offset=0 justEof=true
[FileHandle] SEEK: bbs:node5/callerslog from=668 to=464 whence=0 offset=464 justEof=true
[FileHandle] EOF-SEEK-BACK: bbs:node5/callerslog count=1 (seeking backwards after EOF)
[FileHandle] MEMORY: bbs:node5/callerslog bufLen=668 pos=464 avail=204 reading=204 eofSeekCount=1
[FileHandle] MEMORY: bbs:node5/callerslog bufLen=668 pos=668 avail=0 reading=0 eofSeekCount=1
[FileHandle] MEMORY: bbs:node1.user bufLen=239 pos=0 avail=239 reading=239 eofSeekCount=0
[FileHandle] MEMORY: bbs:systemstats bufLen=6 pos=0 avail=6 reading=6 eofSeekCount=0
[FileHandle] SEEK: T:SysInfo.TMP from=0 to=69 whence=2 offset=0 justEof=false
[FileHandle] SEEK: T:SysInfo.TMP from=69 to=0 whence=0 offset=0 justEof=false
[FileHandle] MEMORY: T:SysInfo.TMP bufLen=69 pos=0 avail=69 reading=68 eofSeekCount=0
[FileHandle] SEEK: T:SysInfo.TMP from=0 to=69 whence=2 offset=0 justEof=false
[FileHandle] SEEK: T:SysInfo.TMP from=69 to=0 whence=0 offset=0 justEof=false
[FileHandle] MEMORY: T:SysInfo.TMP bufLen=69 pos=0 avail=69 reading=68 eofSeekCount=0
[FileHandle] SEEK: T:SysInfo.TMP from=0 to=69 whence=2 offset=0 justEof=false
[FileHandle] SEEK: T:SysInfo.TMP from=69 to=0 whence=0 offset=0 justEof=false
[FileHandle] MEMORY: T:SysInfo.TMP bufLen=69 pos=0 avail=69 reading=68 eofSeekCount=0
[FileHandle] SEEK: T:SysInfo.TMP from=0 to=69 whence=2 offset=0 justEof=false
[FileHandle] SEEK: T:SysInfo.TMP from=69 to=0 whence=0 offset=0 justEof=false
[FileHandle] MEMORY: T:SysInfo.TMP bufLen=69 pos=0 avail=69 reading=68 eofSeekCount=0
[FileHandle] SEEK: bbs:node5/callerslog from=0 to=-332 whence=2 offset=-1000 justEof=false
[FileHandle] SEEK: bbs:node5/callerslog from=0 to=0 whence=1 offset=0 justEof=false
[FileHandle] MEMORY: bbs:node5/callerslog bufLen=668 pos=0 avail=668 reading=512 eofSeekCount=0
[FileHandle] SEEK: bbs:node5/callerslog from=512 to=512 whence=1 offset=0 justEof=false
[FileHandle] SEEK: bbs:node5/callerslog from=512 to=512 whence=1 offset=0 justEof=false
[FileHandle] MEMORY: bbs:node5/callerslog bufLen=668 pos=512 avail=156 reading=156 eofSeekCount=0
[FileHandle] MEMORY: bbs:node5/callerslog bufLen=668 pos=668 avail=0 reading=0 eofSeekCount=0
[FileHandle] SEEK: bbs:node5/callerslog from=668 to=668 whence=1 offset=0 justEof=true
[FileHandle] SEEK: bbs:node5/callerslog from=668 to=464 whence=0 offset=464 justEof=true
[FileHandle] EOF-SEEK-BACK: bbs:node5/callerslog count=1 (seeking backwards after EOF)
[FileHandle] MEMORY: bbs:node5/callerslog bufLen=668 pos=464 avail=204 reading=204 eofSeekCount=1
[FileHandle] MEMORY: bbs:node5/callerslog bufLen=668 pos=668 avail=0 reading=0 eofSeekCount=1
[FileHandle] MEMORY: dOORS:dRE/dRE!WAll/dRE!WAll.dAtA bufLen=100 pos=0 avail=100 reading=100 eofSeekCount=0
[FileHandle] MEMORY: dOORS:dRE/dRE!WAll/dRE!WAll.dAtA bufLen=100 pos=100 avail=0 reading=0 eofSeekCount=0
[FileHandle] SEEK: bbs:node5/callerslog from=0 to=-332 whence=2 offset=-1000 justEof=false
[FileHandle] SEEK: bbs:node5/callerslog from=0 to=0 whence=1 offset=0 justEof=false
[FileHandle] MEMORY: bbs:node5/callerslog bufLen=668 pos=0 avail=668 reading=512 eofSeekCount=0
[FileHandle] SEEK: bbs:node5/callerslog from=512 to=512 whence=1 offset=0 justEof=false
[FileHandle] SEEK: bbs:node5/callerslog from=512 to=512 whence=1 offset=0 justEof=false
[FileHandle] MEMORY: bbs:node5/callerslog bufLen=668 pos=512 avail=156 reading=156 eofSeekCount=0
[FileHandle] MEMORY: bbs:node5/callerslog bufLen=668 pos=668 avail=0 reading=0 eofSeekCount=0
[FileHandle] SEEK: bbs:node5/callerslog from=668 to=668 whence=1 offset=0 justEof=true
[FileHandle] SEEK: bbs:node5/callerslog from=668 to=464 whence=0 offset=464 justEof=true
[FileHandle] EOF-SEEK-BACK: bbs:node5/callerslog count=1 (seeking backwards after EOF)
[FileHandle] MEMORY: bbs:node5/callerslog bufLen=668 pos=464 avail=204 reading=204 eofSeekCount=1
[FileHandle] MEMORY: bbs:node5/callerslog bufLen=668 pos=668 avail=0 reading=0 eofSeekCount=1
[FileHandle] MEMORY: bbs:node1.user bufLen=239 pos=0 avail=239 reading=239 eofSeekCount=0
[FileHandle] MEMORY: bbs:systemstats bufLen=6 pos=0 avail=6 reading=6 eofSeekCount=0
[FileHandle] SEEK: bbs:node5/callerslog from=0 to=-332 whence=2 offset=-1000 justEof=false
[FileHandle] SEEK: bbs:node5/callerslog from=0 to=0 whence=1 offset=0 justEof=false
[FileHandle] MEMORY: bbs:node5/callerslog bufLen=668 pos=0 avail=668 reading=512 eofSeekCount=0
[FileHandle] SEEK: bbs:node5/callerslog from=512 to=512 whence=1 offset=0 justEof=false
[FileHandle] SEEK: bbs:node5/callerslog from=512 to=512 whence=1 offset=0 justEof=false
[FileHandle] MEMORY: bbs:node5/callerslog bufLen=668 pos=512 avail=156 reading=156 eofSeekCount=0
[FileHandle] MEMORY: bbs:node5/callerslog bufLen=668 pos=668 avail=0 reading=0 eofSeekCount=0
[FileHandle] SEEK: bbs:node5/callerslog from=668 to=668 whence=1 offset=0 justEof=true
[FileHandle] SEEK: bbs:node5/callerslog from=668 to=464 whence=0 offset=464 justEof=true
[FileHandle] EOF-SEEK-BACK: bbs:node5/callerslog count=1 (seeking backwards after EOF)
[FileHandle] MEMORY: bbs:node5/callerslog bufLen=668 pos=464 avail=204 reading=204 eofSeekCount=1
[FileHandle] MEMORY: bbs:node5/callerslog bufLen=668 pos=668 avail=0 reading=0 eofSeekCount=1
[FileHandle] MEMORY: bbs:node1.user bufLen=239 pos=0 avail=239 reading=239 eofSeekCount=0
[FileHandle] MEMORY: bbs:systemstats bufLen=6 pos=0 avail=6 reading=6 eofSeekCount=0
[FileHandle] SEEK: T:SysInfo.TMP from=0 to=82 whence=2 offset=0 justEof=false
[FileHandle] SEEK: T:SysInfo.TMP from=82 to=0 whence=0 offset=0 justEof=false
[FileHandle] MEMORY: T:SysInfo.TMP bufLen=82 pos=0 avail=82 reading=81 eofSeekCount=0
[FileHandle] SEEK: T:SysInfo.TMP from=0 to=82 whence=2 offset=0 justEof=false
[FileHandle] SEEK: T:SysInfo.TMP from=82 to=0 whence=0 offset=0 justEof=false
[FileHandle] MEMORY: T:SysInfo.TMP bufLen=82 pos=0 avail=82 reading=81 eofSeekCount=0
[FileHandle] SEEK: T:SysInfo.TMP from=0 to=82 whence=2 offset=0 justEof=false
[FileHandle] SEEK: T:SysInfo.TMP from=82 to=0 whence=0 offset=0 justEof=false
[FileHandle] MEMORY: T:SysInfo.TMP bufLen=82 pos=0 avail=82 reading=81 eofSeekCount=0
[FileHandle] SEEK: T:SysInfo.TMP from=0 to=82 whence=2 offset=0 justEof=false
[FileHandle] SEEK: T:SysInfo.TMP from=82 to=0 whence=0 offset=0 justEof=false
[FileHandle] MEMORY: T:SysInfo.TMP bufLen=82 pos=0 avail=82 reading=81 eofSeekCount=0
[FileHandle] SEEK: bbs:node5/callerslog from=0 to=-332 whence=2 offset=-1000 justEof=false
[FileHandle] SEEK: bbs:node5/callerslog from=0 to=0 whence=1 offset=0 justEof=false
[FileHandle] MEMORY: bbs:node5/callerslog bufLen=668 pos=0 avail=668 reading=512 eofSeekCount=0
[FileHandle] SEEK: bbs:node5/callerslog from=512 to=512 whence=1 offset=0 justEof=false
[FileHandle] SEEK: bbs:node5/callerslog from=512 to=512 whence=1 offset=0 justEof=false
[FileHandle] MEMORY: bbs:node5/callerslog bufLen=668 pos=512 avail=156 reading=156 eofSeekCount=0
[FileHandle] MEMORY: bbs:node5/callerslog bufLen=668 pos=668 avail=0 reading=0 eofSeekCount=0
[FileHandle] SEEK: bbs:node5/callerslog from=668 to=668 whence=1 offset=0 justEof=true
[FileHandle] SEEK: bbs:node5/callerslog from=668 to=464 whence=0 offset=464 justEof=true
[FileHandle] EOF-SEEK-BACK: bbs:node5/callerslog count=1 (seeking backwards after EOF)
[FileHandle] MEMORY: bbs:node5/callerslog bufLen=668 pos=464 avail=204 reading=204 eofSeekCount=1
[FileHandle] MEMORY: bbs:node5/callerslog bufLen=668 pos=668 avail=0 reading=0 eofSeekCount=1
[FileHandle] MEMORY: dOORS:dRE/dRE!WAll/dRE!WAll.dAtA bufLen=100 pos=0 avail=100 reading=100 eofSeekCount=0
[FileHandle] MEMORY: dOORS:dRE/dRE!WAll/dRE!WAll.dAtA bufLen=100 pos=100 avail=0 reading=0 eofSeekCount=0
[FileHandle] MEMORY: bbs:node1.user bufLen=239 pos=0 avail=239 reading=239 eofSeekCount=0
[FileHandle] MEMORY: bbs:systemstats bufLen=6 pos=0 avail=6 reading=6 eofSeekCount=0
[FileHandle] SEEK: bbs:node5/callerslog from=0 to=-332 whence=2 offset=-1000 justEof=false
[FileHandle] SEEK: bbs:node5/callerslog from=0 to=0 whence=1 offset=0 justEof=false
[FileHandle] MEMORY: bbs:node5/callerslog bufLen=668 pos=0 avail=668 reading=512 eofSeekCount=0
[FileHandle] SEEK: bbs:node5/callerslog from=512 to=512 whence=1 offset=0 justEof=false
[FileHandle] SEEK: bbs:node5/callerslog from=512 to=512 whence=1 offset=0 justEof=false
[FileHandle] MEMORY: bbs:node5/callerslog bufLen=668 pos=512 avail=156 reading=156 eofSeekCount=0
[FileHandle] MEMORY: bbs:node5/callerslog bufLen=668 pos=668 avail=0 reading=0 eofSeekCount=0
[FileHandle] SEEK: bbs:node5/callerslog from=668 to=668 whence=1 offset=0 justEof=true
[FileHandle] SEEK: bbs:node5/callerslog from=668 to=464 whence=0 offset=464 justEof=true
[FileHandle] EOF-SEEK-BACK: bbs:node5/callerslog count=1 (seeking backwards after EOF)
[FileHandle] MEMORY: bbs:node5/callerslog bufLen=668 pos=464 avail=204 reading=204 eofSeekCount=1
[FileHandle] MEMORY: bbs:node5/callerslog bufLen=668 pos=668 avail=0 reading=0 eofSeekCount=1
[FileHandle] SEEK: bbs:node5/callerslog from=0 to=-332 whence=2 offset=-1000 justEof=false
[FileHandle] SEEK: bbs:node5/callerslog from=0 to=0 whence=1 offset=0 justEof=false
[FileHandle] MEMORY: bbs:node5/callerslog bufLen=668 pos=0 avail=668 reading=512 eofSeekCount=0
[FileHandle] SEEK: bbs:node5/callerslog from=512 to=512 whence=1 offset=0 justEof=false
[FileHandle] SEEK: bbs:node5/callerslog from=512 to=512 whence=1 offset=0 justEof=false
[FileHandle] MEMORY: bbs:node5/callerslog bufLen=668 pos=512 avail=156 reading=156 eofSeekCount=0
[FileHandle] MEMORY: bbs:node5/callerslog bufLen=668 pos=668 avail=0 reading=0 eofSeekCount=0
[FileHandle] SEEK: bbs:node5/callerslog from=668 to=668 whence=1 offset=0 justEof=true
[FileHandle] SEEK: bbs:node5/callerslog from=668 to=464 whence=0 offset=464 justEof=true
[FileHandle] EOF-SEEK-BACK: bbs:node5/callerslog count=1 (seeking backwards after EOF)
[FileHandle] MEMORY: bbs:node5/callerslog bufLen=668 pos=464 avail=204 reading=204 eofSeekCount=1
[FileHandle] MEMORY: bbs:node5/callerslog bufLen=668 pos=668 avail=0 reading=0 eofSeekCount=1
[FileHandle] MEMORY: bbs:node1.user bufLen=239 pos=0 avail=239 reading=239 eofSeekCount=0
[FileHandle] MEMORY: bbs:systemstats bufLen=6 pos=0 avail=6 reading=6 eofSeekCount=0
[FileHandle] SEEK: bbs:node5/callerslog from=0 to=-332 whence=2 offset=-1000 justEof=false
[FileHandle] SEEK: bbs:node5/callerslog from=0 to=0 whence=1 offset=0 justEof=false
[FileHandle] MEMORY: bbs:node5/callerslog bufLen=668 pos=0 avail=668 reading=512 eofSeekCount=0
[FileHandle] SEEK: bbs:node5/callerslog from=512 to=512 whence=1 offset=0 justEof=false
[FileHandle] SEEK: bbs:node5/callerslog from=512 to=512 whence=1 offset=0 justEof=false
[FileHandle] MEMORY: bbs:node5/callerslog bufLen=668 pos=512 avail=156 reading=156 eofSeekCount=0
[FileHandle] MEMORY: bbs:node5/callerslog bufLen=668 pos=668 avail=0 reading=0 eofSeekCount=0
[FileHandle] SEEK: bbs:node5/callerslog from=668 to=668 whence=1 offset=0 justEof=true
[FileHandle] SEEK: bbs:node5/callerslog from=668 to=464 whence=0 offset=464 justEof=true
[FileHandle] EOF-SEEK-BACK: bbs:node5/callerslog count=1 (seeking backwards after EOF)
[FileHandle] MEMORY: bbs:node5/callerslog bufLen=668 pos=464 avail=204 reading=204 eofSeekCount=1
[FileHandle] MEMORY: bbs:node5/callerslog bufLen=668 pos=668 avail=0 reading=0 eofSeekCount=1
[FileHandle] MEMORY: bbs:node1.user bufLen=239 pos=0 avail=239 reading=239 eofSeekCount=0
[FileHandle] MEMORY: bbs:systemstats bufLen=6 pos=0 avail=6 reading=6 eofSeekCount=0
[FileHandle] SEEK: bbs:node5/callerslog from=0 to=-332 whence=2 offset=-1000 justEof=false
[FileHandle] SEEK: bbs:node5/callerslog from=0 to=0 whence=1 offset=0 justEof=false
[FileHandle] MEMORY: bbs:node5/callerslog bufLen=668 pos=0 avail=668 reading=512 eofSeekCount=0
[FileHandle] SEEK: bbs:node5/callerslog from=512 to=512 whence=1 offset=0 justEof=false
[FileHandle] SEEK: bbs:node5/callerslog from=512 to=512 whence=1 offset=0 justEof=false
[FileHandle] MEMORY: bbs:node5/callerslog bufLen=668 pos=512 avail=156 reading=156 eofSeekCount=0
[FileHandle] MEMORY: bbs:node5/callerslog bufLen=668 pos=668 avail=0 reading=0 eofSeekCount=0
[FileHandle] SEEK: bbs:node5/callerslog from=668 to=668 whence=1 offset=0 justEof=true
[FileHandle] SEEK: bbs:node5/callerslog from=668 to=464 whence=0 offset=464 justEof=true
[FileHandle] EOF-SEEK-BACK: bbs:node5/callerslog count=1 (seeking backwards after EOF)
[FileHandle] MEMORY: bbs:node5/callerslog bufLen=668 pos=464 avail=204 reading=204 eofSeekCount=1
[FileHandle] MEMORY: bbs:node5/callerslog bufLen=668 pos=668 avail=0 reading=0 eofSeekCount=1
[FileHandle] MEMORY: bbs:node1.user bufLen=239 pos=0 avail=239 reading=239 eofSeekCount=0
[FileHandle] MEMORY: bbs:systemstats bufLen=6 pos=0 avail=6 reading=6 eofSeekCount=0
[FileHandle] FILE SEEK: T:SysInfo.TMP from=0 to=82 whence=2 offset=0 justEof=false
[FileHandle] FILE SEEK: T:SysInfo.TMP from=82 to=0 whence=0 offset=0 justEof=false
[FileHandle] FILE NO-SNAPSHOT: T:SysInfo.TMP pos=0 req=81
[FileHandle] FILE SEEK: T:SysInfo.TMP from=0 to=82 whence=2 offset=0 justEof=false
[FileHandle] FILE SEEK: T:SysInfo.TMP from=82 to=0 whence=0 offset=0 justEof=false
[FileHandle] FILE NO-SNAPSHOT: T:SysInfo.TMP pos=0 req=81
[FileHandle] FILE SEEK: T:SysInfo.TMP from=0 to=82 whence=2 offset=0 justEof=false
[FileHandle] FILE SEEK: T:SysInfo.TMP from=82 to=0 whence=0 offset=0 justEof=false
[FileHandle] FILE NO-SNAPSHOT: T:SysInfo.TMP pos=0 req=81
[FileHandle] FILE SEEK: T:SysInfo.TMP from=0 to=82 whence=2 offset=0 justEof=false
[FileHandle] FILE SEEK: T:SysInfo.TMP from=82 to=0 whence=0 offset=0 justEof=false
[FileHandle] FILE NO-SNAPSHOT: T:SysInfo.TMP pos=0 req=81
[FileHandle] SEEK: bbs:node5/callerslog from=0 to=-332 whence=2 offset=-1000 justEof=false
[FileHandle] SEEK: bbs:node5/callerslog from=0 to=0 whence=1 offset=0 justEof=false
[FileHandle] MEMORY: bbs:node5/callerslog bufLen=668 pos=0 avail=668 reading=512 eofSeekCount=0
[FileHandle] SEEK: bbs:node5/callerslog from=512 to=512 whence=1 offset=0 justEof=false
[FileHandle] SEEK: bbs:node5/callerslog from=512 to=512 whence=1 offset=0 justEof=false
[FileHandle] MEMORY: bbs:node5/callerslog bufLen=668 pos=512 avail=156 reading=156 eofSeekCount=0
[FileHandle] MEMORY: bbs:node5/callerslog bufLen=668 pos=668 avail=0 reading=0 eofSeekCount=0
[FileHandle] SEEK: bbs:node5/callerslog from=668 to=668 whence=1 offset=0 justEof=true
[FileHandle] SEEK: bbs:node5/callerslog from=668 to=464 whence=0 offset=464 justEof=true
[FileHandle] EOF-SEEK-BACK: bbs:node5/callerslog count=1 (seeking backwards after EOF)
[FileHandle] MEMORY: bbs:node5/callerslog bufLen=668 pos=464 avail=204 reading=204 eofSeekCount=1
[FileHandle] MEMORY: bbs:node5/callerslog bufLen=668 pos=668 avail=0 reading=0 eofSeekCount=1
[FileHandle] MEMORY: bbs:node1.user bufLen=239 pos=0 avail=239 reading=239 eofSeekCount=0
[FileHandle] MEMORY: bbs:systemstats bufLen=6 pos=0 avail=6 reading=6 eofSeekCount=0
[FileHandle] SEEK: bbs:node5/callerslog from=0 to=-332 whence=2 offset=-1000 justEof=false
[FileHandle] SEEK: bbs:node5/callerslog from=0 to=0 whence=1 offset=0 justEof=false
[FileHandle] MEMORY: bbs:node5/callerslog bufLen=668 pos=0 avail=668 reading=512 eofSeekCount=0
[FileHandle] SEEK: bbs:node5/callerslog from=512 to=512 whence=1 offset=0 justEof=false
[FileHandle] SEEK: bbs:node5/callerslog from=512 to=512 whence=1 offset=0 justEof=false
[FileHandle] MEMORY: bbs:node5/callerslog bufLen=668 pos=512 avail=156 reading=156 eofSeekCount=0
[FileHandle] MEMORY: bbs:node5/callerslog bufLen=668 pos=668 avail=0 reading=0 eofSeekCount=0
[FileHandle] SEEK: bbs:node5/callerslog from=668 to=668 whence=1 offset=0 justEof=true
[FileHandle] SEEK: bbs:node5/callerslog from=668 to=464 whence=0 offset=464 justEof=true
[FileHandle] EOF-SEEK-BACK: bbs:node5/callerslog count=1 (seeking backwards after EOF)
[FileHandle] MEMORY: bbs:node5/callerslog bufLen=668 pos=464 avail=204 reading=204 eofSeekCount=1
[FileHandle] MEMORY: bbs:node5/callerslog bufLen=668 pos=668 avail=0 reading=0 eofSeekCount=1
[FileHandle] MEMORY: bbs:node1.user bufLen=239 pos=0 avail=239 reading=239 eofSeekCount=0
[FileHandle] MEMORY: bbs:systemstats bufLen=6 pos=0 avail=6 reading=6 eofSeekCount=0
[FileHandle] SEEK: bbs:node5/callerslog from=0 to=-332 whence=2 offset=-1000 justEof=false
[FileHandle] SEEK: bbs:node5/callerslog from=0 to=0 whence=1 offset=0 justEof=false
[FileHandle] MEMORY: bbs:node5/callerslog bufLen=668 pos=0 avail=668 reading=512 eofSeekCount=0
[FileHandle] SEEK: bbs:node5/callerslog from=512 to=512 whence=1 offset=0 justEof=false
[FileHandle] SEEK: bbs:node5/callerslog from=512 to=512 whence=1 offset=0 justEof=false
[FileHandle] MEMORY: bbs:node5/callerslog bufLen=668 pos=512 avail=156 reading=156 eofSeekCount=0
[FileHandle] MEMORY: bbs:node5/callerslog bufLen=668 pos=668 avail=0 reading=0 eofSeekCount=0
[FileHandle] SEEK: bbs:node5/callerslog from=668 to=668 whence=1 offset=0 justEof=true
[FileHandle] SEEK: bbs:node5/callerslog from=668 to=464 whence=0 offset=464 justEof=true
[FileHandle] EOF-SEEK-BACK: bbs:node5/callerslog count=1 (seeking backwards after EOF)
[FileHandle] MEMORY: bbs:node5/callerslog bufLen=668 pos=464 avail=204 reading=204 eofSeekCount=1
[FileHandle] MEMORY: bbs:node5/callerslog bufLen=668 pos=668 avail=0 reading=0 eofSeekCount=1
[FileHandle] MEMORY: dOORS:dRE/dRE!WAll/dRE!WAll.dAtA bufLen=100 pos=0 avail=100 reading=100 eofSeekCount=0
[FileHandle] MEMORY: dOORS:dRE/dRE!WAll/dRE!WAll.dAtA bufLen=100 pos=100 avail=0 reading=0 eofSeekCount=0
[FileHandle] SEEK: bbs:node5/callerslog from=0 to=-332 whence=2 offset=-1000 justEof=false
[FileHandle] SEEK: bbs:node5/callerslog from=0 to=0 whence=1 offset=0 justEof=false
[FileHandle] MEMORY: bbs:node5/callerslog bufLen=668 pos=0 avail=668 reading=512 eofSeekCount=0
[FileHandle] SEEK: bbs:node5/callerslog from=512 to=512 whence=1 offset=0 justEof=false
[FileHandle] SEEK: bbs:node5/callerslog from=512 to=512 whence=1 offset=0 justEof=false
[FileHandle] MEMORY: bbs:node5/callerslog bufLen=668 pos=512 avail=156 reading=156 eofSeekCount=0
[FileHandle] MEMORY: bbs:node5/callerslog bufLen=668 pos=668 avail=0 reading=0 eofSeekCount=0
[FileHandle] SEEK: bbs:node5/callerslog from=668 to=668 whence=1 offset=0 justEof=true
[FileHandle] SEEK: bbs:node5/callerslog from=668 to=464 whence=0 offset=464 justEof=true
[FileHandle] EOF-SEEK-BACK: bbs:node5/callerslog count=1 (seeking backwards after EOF)
[FileHandle] MEMORY: bbs:node5/callerslog bufLen=668 pos=464 avail=204 reading=204 eofSeekCount=1
[FileHandle] MEMORY: bbs:node5/callerslog bufLen=668 pos=668 avail=0 reading=0 eofSeekCount=1
[FileHandle] MEMORY: dOORS:dRE/dRE!WAll/dRE!WAll.dAtA bufLen=100 pos=0 avail=100 reading=100 eofSeekCount=0
[FileHandle] MEMORY: dOORS:dRE/dRE!WAll/dRE!WAll.dAtA bufLen=100 pos=100 avail=0 reading=0 eofSeekCount=0
[FileHandle] SEEK: bbs:node5/callerslog from=0 to=-132 whence=2 offset=-1000 justEof=false
[FileHandle] SEEK: bbs:node5/callerslog from=0 to=0 whence=1 offset=0 justEof=false
[FileHandle] MEMORY: bbs:node5/callerslog bufLen=868 pos=0 avail=868 reading=512 eofSeekCount=0
[FileHandle] SEEK: bbs:node5/callerslog from=512 to=512 whence=1 offset=0 justEof=false
[FileHandle] SEEK: bbs:node5/callerslog from=512 to=512 whence=1 offset=0 justEof=false
[FileHandle] MEMORY: bbs:node5/callerslog bufLen=868 pos=512 avail=356 reading=356 eofSeekCount=0
[FileHandle] SEEK: bbs:node5/callerslog from=868 to=868 whence=1 offset=0 justEof=false
[FileHandle] MEMORY: bbs:node5/callerslog bufLen=868 pos=868 avail=0 reading=0 eofSeekCount=0
[FileHandle] SEEK: bbs:node5/callerslog from=868 to=868 whence=1 offset=0 justEof=true
[FileHandle] SEEK: bbs:node5/callerslog from=868 to=798 whence=0 offset=798 justEof=true
[FileHandle] EOF-SEEK-BACK: bbs:node5/callerslog count=1 (seeking backwards after EOF)
[FileHandle] MEMORY: bbs:node5/callerslog bufLen=868 pos=798 avail=70 reading=70 eofSeekCount=1
[FileHandle] MEMORY: bbs:node5/callerslog bufLen=868 pos=868 avail=0 reading=0 eofSeekCount=1
[FileHandle] SEEK: bbs:node5/callerslog from=0 to=-132 whence=2 offset=-1000 justEof=false
[FileHandle] SEEK: bbs:node5/callerslog from=0 to=0 whence=1 offset=0 justEof=false
[FileHandle] MEMORY: bbs:node5/callerslog bufLen=868 pos=0 avail=868 reading=512 eofSeekCount=0
[FileHandle] SEEK: bbs:node5/callerslog from=512 to=512 whence=1 offset=0 justEof=false
[FileHandle] SEEK: bbs:node5/callerslog from=512 to=512 whence=1 offset=0 justEof=false
[FileHandle] MEMORY: bbs:node5/callerslog bufLen=868 pos=512 avail=356 reading=356 eofSeekCount=0
[FileHandle] SEEK: bbs:node5/callerslog from=868 to=868 whence=1 offset=0 justEof=false
[FileHandle] MEMORY: bbs:node5/callerslog bufLen=868 pos=868 avail=0 reading=0 eofSeekCount=0
[FileHandle] SEEK: bbs:node5/callerslog from=868 to=868 whence=1 offset=0 justEof=true
[FileHandle] SEEK: bbs:node5/callerslog from=868 to=798 whence=0 offset=798 justEof=true
[FileHandle] EOF-SEEK-BACK: bbs:node5/callerslog count=1 (seeking backwards after EOF)
[FileHandle] MEMORY: bbs:node5/callerslog bufLen=868 pos=798 avail=70 reading=70 eofSeekCount=1
[FileHandle] MEMORY: bbs:node5/callerslog bufLen=868 pos=868 avail=0 reading=0 eofSeekCount=1
[FileHandle] MEMORY: bbs:node1.user bufLen=239 pos=0 avail=239 reading=239 eofSeekCount=0
[FileHandle] MEMORY: bbs:systemstats bufLen=6 pos=0 avail=6 reading=6 eofSeekCount=0
[FileHandle] SEEK: bbs:node5/callerslog from=0 to=-132 whence=2 offset=-1000 justEof=false
[FileHandle] SEEK: bbs:node5/callerslog from=0 to=0 whence=1 offset=0 justEof=false
[FileHandle] MEMORY: bbs:node5/callerslog bufLen=868 pos=0 avail=868 reading=512 eofSeekCount=0
[FileHandle] SEEK: bbs:node5/callerslog from=512 to=512 whence=1 offset=0 justEof=false
[FileHandle] SEEK: bbs:node5/callerslog from=512 to=512 whence=1 offset=0 justEof=false
[FileHandle] MEMORY: bbs:node5/callerslog bufLen=868 pos=512 avail=356 reading=356 eofSeekCount=0
[FileHandle] SEEK: bbs:node5/callerslog from=868 to=868 whence=1 offset=0 justEof=false
[FileHandle] MEMORY: bbs:node5/callerslog bufLen=868 pos=868 avail=0 reading=0 eofSeekCount=0
[FileHandle] SEEK: bbs:node5/callerslog from=868 to=868 whence=1 offset=0 justEof=true
[FileHandle] SEEK: bbs:node5/callerslog from=868 to=798 whence=0 offset=798 justEof=true
[FileHandle] EOF-SEEK-BACK: bbs:node5/callerslog count=1 (seeking backwards after EOF)
[FileHandle] MEMORY: bbs:node5/callerslog bufLen=868 pos=798 avail=70 reading=70 eofSeekCount=1
[FileHandle] MEMORY: bbs:node5/callerslog bufLen=868 pos=868 avail=0 reading=0 eofSeekCount=1
[FileHandle] MEMORY: bbs:node1.user bufLen=239 pos=0 avail=239 reading=239 eofSeekCount=0
[FileHandle] MEMORY: bbs:systemstats bufLen=6 pos=0 avail=6 reading=6 eofSeekCount=0
[FileHandle] SEEK: bbs:node5/callerslog from=0 to=-132 whence=2 offset=-1000 justEof=false
[FileHandle] SEEK: bbs:node5/callerslog from=0 to=0 whence=1 offset=0 justEof=false
[FileHandle] MEMORY: bbs:node5/callerslog bufLen=868 pos=0 avail=868 reading=512 eofSeekCount=0
[FileHandle] SEEK: bbs:node5/callerslog from=512 to=512 whence=1 offset=0 justEof=false
[FileHandle] SEEK: bbs:node5/callerslog from=512 to=512 whence=1 offset=0 justEof=false
[FileHandle] MEMORY: bbs:node5/callerslog bufLen=868 pos=512 avail=356 reading=356 eofSeekCount=0
[FileHandle] SEEK: bbs:node5/callerslog from=868 to=868 whence=1 offset=0 justEof=false
[FileHandle] MEMORY: bbs:node5/callerslog bufLen=868 pos=868 avail=0 reading=0 eofSeekCount=0
[FileHandle] SEEK: bbs:node5/callerslog from=868 to=868 whence=1 offset=0 justEof=true
[FileHandle] SEEK: bbs:node5/callerslog from=868 to=798 whence=0 offset=798 justEof=true
[FileHandle] EOF-SEEK-BACK: bbs:node5/callerslog count=1 (seeking backwards after EOF)
[FileHandle] MEMORY: bbs:node5/callerslog bufLen=868 pos=798 avail=70 reading=70 eofSeekCount=1
[FileHandle] MEMORY: bbs:node5/callerslog bufLen=868 pos=868 avail=0 reading=0 eofSeekCount=1
[FileHandle] MEMORY: dOORS:dRE/dRE!WAll/dRE!WAll.dAtA bufLen=100 pos=0 avail=100 reading=100 eofSeekCount=0
[FileHandle] MEMORY: dOORS:dRE/dRE!WAll/dRE!WAll.dAtA bufLen=100 pos=100 avail=0 reading=0 eofSeekCount=0
[FileHandle] SEEK: bbs:node5/callerslog from=0 to=-132 whence=2 offset=-1000 justEof=false
[FileHandle] SEEK: bbs:node5/callerslog from=0 to=0 whence=1 offset=0 justEof=false
[FileHandle] MEMORY: bbs:node5/callerslog bufLen=868 pos=0 avail=868 reading=512 eofSeekCount=0
[FileHandle] SEEK: bbs:node5/callerslog from=512 to=512 whence=1 offset=0 justEof=false
[FileHandle] SEEK: bbs:node5/callerslog from=512 to=512 whence=1 offset=0 justEof=false
[FileHandle] MEMORY: bbs:node5/callerslog bufLen=868 pos=512 avail=356 reading=356 eofSeekCount=0
[FileHandle] SEEK: bbs:node5/callerslog from=868 to=868 whence=1 offset=0 justEof=false
[FileHandle] MEMORY: bbs:node5/callerslog bufLen=868 pos=868 avail=0 reading=0 eofSeekCount=0
[FileHandle] SEEK: bbs:node5/callerslog from=868 to=868 whence=1 offset=0 justEof=true
[FileHandle] SEEK: bbs:node5/callerslog from=868 to=798 whence=0 offset=798 justEof=true
[FileHandle] EOF-SEEK-BACK: bbs:node5/callerslog count=1 (seeking backwards after EOF)
[FileHandle] MEMORY: bbs:node5/callerslog bufLen=868 pos=798 avail=70 reading=70 eofSeekCount=1
[FileHandle] MEMORY: bbs:node5/callerslog bufLen=868 pos=868 avail=0 reading=0 eofSeekCount=1
[FileHandle] MEMORY: bbs:node1.user bufLen=239 pos=0 avail=239 reading=239 eofSeekCount=0
[FileHandle] MEMORY: bbs:systemstats bufLen=6 pos=0 avail=6 reading=6 eofSeekCount=0
[FileHandle] SEEK: bbs:node5/callerslog from=0 to=-132 whence=2 offset=-1000 justEof=false
[FileHandle] SEEK: bbs:node5/callerslog from=0 to=0 whence=1 offset=0 justEof=false
[FileHandle] MEMORY: bbs:node5/callerslog bufLen=868 pos=0 avail=868 reading=512 eofSeekCount=0
[FileHandle] SEEK: bbs:node5/callerslog from=512 to=512 whence=1 offset=0 justEof=false
[FileHandle] SEEK: bbs:node5/callerslog from=512 to=512 whence=1 offset=0 justEof=false
[FileHandle] MEMORY: bbs:node5/callerslog bufLen=868 pos=512 avail=356 reading=356 eofSeekCount=0
[FileHandle] SEEK: bbs:node5/callerslog from=868 to=868 whence=1 offset=0 justEof=false
[FileHandle] MEMORY: bbs:node5/callerslog bufLen=868 pos=868 avail=0 reading=0 eofSeekCount=0
[FileHandle] SEEK: bbs:node5/callerslog from=868 to=868 whence=1 offset=0 justEof=true
[FileHandle] SEEK: bbs:node5/callerslog from=868 to=798 whence=0 offset=798 justEof=true
[FileHandle] EOF-SEEK-BACK: bbs:node5/callerslog count=1 (seeking backwards after EOF)
[FileHandle] MEMORY: bbs:node5/callerslog bufLen=868 pos=798 avail=70 reading=70 eofSeekCount=1
[FileHandle] MEMORY: bbs:node5/callerslog bufLen=868 pos=868 avail=0 reading=0 eofSeekCount=1
[FileHandle] MEMORY: bbs:node1.user bufLen=239 pos=0 avail=239 reading=239 eofSeekCount=0
[FileHandle] MEMORY: bbs:systemstats bufLen=6 pos=0 avail=6 reading=6 eofSeekCount=0
[FileHandle] SEEK: bbs:node5/callerslog from=0 to=-132 whence=2 offset=-1000 justEof=false
[FileHandle] SEEK: bbs:node5/callerslog from=0 to=0 whence=1 offset=0 justEof=false
[FileHandle] MEMORY: bbs:node5/callerslog bufLen=868 pos=0 avail=868 reading=512 eofSeekCount=0
[FileHandle] SEEK: bbs:node5/callerslog from=512 to=512 whence=1 offset=0 justEof=false
[FileHandle] SEEK: bbs:node5/callerslog from=512 to=512 whence=1 offset=0 justEof=false
[FileHandle] MEMORY: bbs:node5/callerslog bufLen=868 pos=512 avail=356 reading=356 eofSeekCount=0
[FileHandle] SEEK: bbs:node5/callerslog from=868 to=868 whence=1 offset=0 justEof=false
[FileHandle] MEMORY: bbs:node5/callerslog bufLen=868 pos=868 avail=0 reading=0 eofSeekCount=0
[FileHandle] SEEK: bbs:node5/callerslog from=868 to=868 whence=1 offset=0 justEof=true
[FileHandle] SEEK: bbs:node5/callerslog from=868 to=798 whence=0 offset=798 justEof=true
[FileHandle] EOF-SEEK-BACK: bbs:node5/callerslog count=1 (seeking backwards after EOF)
[FileHandle] MEMORY: bbs:node5/callerslog bufLen=868 pos=798 avail=70 reading=70 eofSeekCount=1
[FileHandle] MEMORY: bbs:node5/callerslog bufLen=868 pos=868 avail=0 reading=0 eofSeekCount=1
[FileHandle] MEMORY: bbs:node1.user bufLen=239 pos=0 avail=239 reading=239 eofSeekCount=0
[FileHandle] MEMORY: bbs:systemstats bufLen=6 pos=0 avail=6 reading=6 eofSeekCount=0
[FileHandle] MEMORY: bbs:node1.user bufLen=239 pos=0 avail=239 reading=239 eofSeekCount=0
[FileHandle] MEMORY: bbs:systemstats bufLen=6 pos=0 avail=6 reading=6 eofSeekCount=0
[FileHandle] SEEK: bbs:node5/callerslog from=0 to=-132 whence=2 offset=-1000 justEof=false
[FileHandle] SEEK: bbs:node5/callerslog from=0 to=0 whence=1 offset=0 justEof=false
[FileHandle] MEMORY: bbs:node5/callerslog bufLen=868 pos=0 avail=868 reading=512 eofSeekCount=0
[FileHandle] SEEK: bbs:node5/callerslog from=512 to=512 whence=1 offset=0 justEof=false
[FileHandle] SEEK: bbs:node5/callerslog from=512 to=512 whence=1 offset=0 justEof=false
[FileHandle] MEMORY: bbs:node5/callerslog bufLen=868 pos=512 avail=356 reading=356 eofSeekCount=0
[FileHandle] SEEK: bbs:node5/callerslog from=868 to=868 whence=1 offset=0 justEof=false
[FileHandle] MEMORY: bbs:node5/callerslog bufLen=868 pos=868 avail=0 reading=0 eofSeekCount=0
[FileHandle] SEEK: bbs:node5/callerslog from=868 to=868 whence=1 offset=0 justEof=true
[FileHandle] SEEK: bbs:node5/callerslog from=868 to=798 whence=0 offset=798 justEof=true
[FileHandle] EOF-SEEK-BACK: bbs:node5/callerslog count=1 (seeking backwards after EOF)
[FileHandle] MEMORY: bbs:node5/callerslog bufLen=868 pos=798 avail=70 reading=70 eofSeekCount=1
[FileHandle] MEMORY: bbs:node5/callerslog bufLen=868 pos=868 avail=0 reading=0 eofSeekCount=1
[FileHandle] SEEK: bbs:node5/callerslog from=0 to=-132 whence=2 offset=-1000 justEof=false
[FileHandle] SEEK: bbs:node5/callerslog from=0 to=0 whence=1 offset=0 justEof=false
[FileHandle] MEMORY: bbs:node5/callerslog bufLen=868 pos=0 avail=868 reading=512 eofSeekCount=0
[FileHandle] SEEK: bbs:node5/callerslog from=512 to=512 whence=1 offset=0 justEof=false
[FileHandle] SEEK: bbs:node5/callerslog from=512 to=512 whence=1 offset=0 justEof=false
[FileHandle] MEMORY: bbs:node5/callerslog bufLen=868 pos=512 avail=356 reading=356 eofSeekCount=0
[FileHandle] SEEK: bbs:node5/callerslog from=868 to=868 whence=1 offset=0 justEof=false
[FileHandle] MEMORY: bbs:node5/callerslog bufLen=868 pos=868 avail=0 reading=0 eofSeekCount=0
[FileHandle] SEEK: bbs:node5/callerslog from=868 to=868 whence=1 offset=0 justEof=true
[FileHandle] SEEK: bbs:node5/callerslog from=868 to=798 whence=0 offset=798 justEof=true
[FileHandle] EOF-SEEK-BACK: bbs:node5/callerslog count=1 (seeking backwards after EOF)
[FileHandle] MEMORY: bbs:node5/callerslog bufLen=868 pos=798 avail=70 reading=70 eofSeekCount=1
[FileHandle] MEMORY: bbs:node5/callerslog bufLen=868 pos=868 avail=0 reading=0 eofSeekCount=1
[FileHandle] MEMORY: bbs:node1.user bufLen=239 pos=0 avail=239 reading=239 eofSeekCount=0
[FileHandle] MEMORY: bbs:systemstats bufLen=6 pos=0 avail=6 reading=6 eofSeekCount=0
[FileHandle] SEEK: bbs:node5/callerslog from=0 to=-132 whence=2 offset=-1000 justEof=false
[FileHandle] SEEK: bbs:node5/callerslog from=0 to=0 whence=1 offset=0 justEof=false
[FileHandle] MEMORY: bbs:node5/callerslog bufLen=868 pos=0 avail=868 reading=512 eofSeekCount=0
[FileHandle] SEEK: bbs:node5/callerslog from=512 to=512 whence=1 offset=0 justEof=false
[FileHandle] SEEK: bbs:node5/callerslog from=512 to=512 whence=1 offset=0 justEof=false
[FileHandle] MEMORY: bbs:node5/callerslog bufLen=868 pos=512 avail=356 reading=356 eofSeekCount=0
[FileHandle] SEEK: bbs:node5/callerslog from=868 to=868 whence=1 offset=0 justEof=false
[FileHandle] MEMORY: bbs:node5/callerslog bufLen=868 pos=868 avail=0 reading=0 eofSeekCount=0
[FileHandle] SEEK: bbs:node5/callerslog from=868 to=868 whence=1 offset=0 justEof=true
[FileHandle] SEEK: bbs:node5/callerslog from=868 to=798 whence=0 offset=798 justEof=true
[FileHandle] EOF-SEEK-BACK: bbs:node5/callerslog count=1 (seeking backwards after EOF)
[FileHandle] MEMORY: bbs:node5/callerslog bufLen=868 pos=798 avail=70 reading=70 eofSeekCount=1
[FileHandle] MEMORY: bbs:node5/callerslog bufLen=868 pos=868 avail=0 reading=0 eofSeekCount=1
[FileHandle] MEMORY: dOORS:dRE/dRE!WAll/dRE!WAll.dAtA bufLen=100 pos=0 avail=100 reading=100 eofSeekCount=0
[FileHandle] MEMORY: dOORS:dRE/dRE!WAll/dRE!WAll.dAtA bufLen=100 pos=100 avail=0 reading=0 eofSeekCount=0
[FileHandle] SEEK: bbs:node5/callerslog from=0 to=-132 whence=2 offset=-1000 justEof=false
[FileHandle] SEEK: bbs:node5/callerslog from=0 to=0 whence=1 offset=0 justEof=false
[FileHandle] MEMORY: bbs:node5/callerslog bufLen=868 pos=0 avail=868 reading=512 eofSeekCount=0
[FileHandle] SEEK: bbs:node5/callerslog from=512 to=512 whence=1 offset=0 justEof=false
[FileHandle] SEEK: bbs:node5/callerslog from=512 to=512 whence=1 offset=0 justEof=false
[FileHandle] MEMORY: bbs:node5/callerslog bufLen=868 pos=512 avail=356 reading=356 eofSeekCount=0
[FileHandle] SEEK: bbs:node5/callerslog from=868 to=868 whence=1 offset=0 justEof=false
[FileHandle] MEMORY: bbs:node5/callerslog bufLen=868 pos=868 avail=0 reading=0 eofSeekCount=0
[FileHandle] SEEK: bbs:node5/callerslog from=868 to=868 whence=1 offset=0 justEof=true
[FileHandle] SEEK: bbs:node5/callerslog from=868 to=798 whence=0 offset=798 justEof=true
[FileHandle] EOF-SEEK-BACK: bbs:node5/callerslog count=1 (seeking backwards after EOF)
[FileHandle] MEMORY: bbs:node5/callerslog bufLen=868 pos=798 avail=70 reading=70 eofSeekCount=1
[FileHandle] MEMORY: bbs:node5/callerslog bufLen=868 pos=868 avail=0 reading=0 eofSeekCount=1
[FileHandle] MEMORY: dOORS:dRE/dRE!WAll/dRE!WAll.dAtA bufLen=100 pos=0 avail=100 reading=100 eofSeekCount=0
[FileHandle] MEMORY: dOORS:dRE/dRE!WAll/dRE!WAll.dAtA bufLen=100 pos=100 avail=0 reading=0 eofSeekCount=0
[FileHandle] SEEK: bbs:node5/callerslog from=0 to=-132 whence=2 offset=-1000 justEof=false
[FileHandle] SEEK: bbs:node5/callerslog from=0 to=0 whence=1 offset=0 justEof=false
[FileHandle] MEMORY: bbs:node5/callerslog bufLen=868 pos=0 avail=868 reading=512 eofSeekCount=0
[FileHandle] SEEK: bbs:node5/callerslog from=512 to=512 whence=1 offset=0 justEof=false
[FileHandle] SEEK: bbs:node5/callerslog from=512 to=512 whence=1 offset=0 justEof=false
[FileHandle] MEMORY: bbs:node5/callerslog bufLen=868 pos=512 avail=356 reading=356 eofSeekCount=0
[FileHandle] SEEK: bbs:node5/callerslog from=868 to=868 whence=1 offset=0 justEof=false
[FileHandle] MEMORY: bbs:node5/callerslog bufLen=868 pos=868 avail=0 reading=0 eofSeekCount=0
[FileHandle] SEEK: bbs:node5/callerslog from=868 to=868 whence=1 offset=0 justEof=true
[FileHandle] SEEK: bbs:node5/callerslog from=868 to=798 whence=0 offset=798 justEof=true
[FileHandle] EOF-SEEK-BACK: bbs:node5/callerslog count=1 (seeking backwards after EOF)
[FileHandle] MEMORY: bbs:node5/callerslog bufLen=868 pos=798 avail=70 reading=70 eofSeekCount=1
[FileHandle] MEMORY: bbs:node5/callerslog bufLen=868 pos=868 avail=0 reading=0 eofSeekCount=1
[FileHandle] MEMORY: dOORS:dRE/dRE!WAll/dRE!WAll.dAtA bufLen=100 pos=0 avail=100 reading=100 eofSeekCount=0
[FileHandle] MEMORY: dOORS:dRE/dRE!WAll/dRE!WAll.dAtA bufLen=100 pos=100 avail=0 reading=0 eofSeekCount=0
[FileHandle] SEEK: bbs:node5/callerslog from=0 to=-132 whence=2 offset=-1000 justEof=false
[FileHandle] SEEK: bbs:node5/callerslog from=0 to=0 whence=1 offset=0 justEof=false
[FileHandle] MEMORY: bbs:node5/callerslog bufLen=868 pos=0 avail=868 reading=512 eofSeekCount=0
[FileHandle] SEEK: bbs:node5/callerslog from=512 to=512 whence=1 offset=0 justEof=false
[FileHandle] SEEK: bbs:node5/callerslog from=512 to=512 whence=1 offset=0 justEof=false
[FileHandle] MEMORY: bbs:node5/callerslog bufLen=868 pos=512 avail=356 reading=356 eofSeekCount=0
[FileHandle] SEEK: bbs:node5/callerslog from=868 to=868 whence=1 offset=0 justEof=false
[FileHandle] MEMORY: bbs:node5/callerslog bufLen=868 pos=868 avail=0 reading=0 eofSeekCount=0
[FileHandle] SEEK: bbs:node5/callerslog from=868 to=868 whence=1 offset=0 justEof=true
[FileHandle] SEEK: bbs:node5/callerslog from=868 to=798 whence=0 offset=798 justEof=true
[FileHandle] EOF-SEEK-BACK: bbs:node5/callerslog count=1 (seeking backwards after EOF)
[FileHandle] MEMORY: bbs:node5/callerslog bufLen=868 pos=798 avail=70 reading=70 eofSeekCount=1
[FileHandle] MEMORY: bbs:node5/callerslog bufLen=868 pos=868 avail=0 reading=0 eofSeekCount=1
[FileHandle] MEMORY: bbs:node1.user bufLen=239 pos=0 avail=239 reading=239 eofSeekCount=0
[FileHandle] MEMORY: bbs:systemstats bufLen=6 pos=0 avail=6 reading=6 eofSeekCount=0
[FileHandle] SEEK: bbs:node5/callerslog from=0 to=-132 whence=2 offset=-1000 justEof=false
[FileHandle] SEEK: bbs:node5/callerslog from=0 to=0 whence=1 offset=0 justEof=false
[FileHandle] MEMORY: bbs:node5/callerslog bufLen=868 pos=0 avail=868 reading=512 eofSeekCount=0
[FileHandle] SEEK: bbs:node5/callerslog from=512 to=512 whence=1 offset=0 justEof=false
[FileHandle] SEEK: bbs:node5/callerslog from=512 to=512 whence=1 offset=0 justEof=false
[FileHandle] MEMORY: bbs:node5/callerslog bufLen=868 pos=512 avail=356 reading=356 eofSeekCount=0
[FileHandle] SEEK: bbs:node5/callerslog from=868 to=868 whence=1 offset=0 justEof=false
[FileHandle] MEMORY: bbs:node5/callerslog bufLen=868 pos=868 avail=0 reading=0 eofSeekCount=0
[FileHandle] SEEK: bbs:node5/callerslog from=868 to=868 whence=1 offset=0 justEof=true
[FileHandle] SEEK: bbs:node5/callerslog from=868 to=798 whence=0 offset=798 justEof=true
[FileHandle] EOF-SEEK-BACK: bbs:node5/callerslog count=1 (seeking backwards after EOF)
[FileHandle] MEMORY: bbs:node5/callerslog bufLen=868 pos=798 avail=70 reading=70 eofSeekCount=1
[FileHandle] MEMORY: bbs:node5/callerslog bufLen=868 pos=868 avail=0 reading=0 eofSeekCount=1
[FileHandle] MEMORY: bbs:node1.user bufLen=239 pos=0 avail=239 reading=239 eofSeekCount=0
[FileHandle] MEMORY: bbs:systemstats bufLen=6 pos=0 avail=6 reading=6 eofSeekCount=0
[FileHandle] MEMORY: DOORS:EmP_Tools/JoinCnf.CFG bufLen=3527 pos=0 avail=3527 reading=512 eofSeekCount=0
[FileHandle] MEMORY: DOORS:EmP_Tools/JoinCnf.CFG bufLen=3527 pos=512 avail=3015 reading=512 eofSeekCount=0
[FileHandle] MEMORY: ENV:JC_PWFAIL.2 bufLen=1 pos=0 avail=1 reading=1 eofSeekCount=0
[FileHandle] MEMORY: ENV:JC_PWFAIL.2 bufLen=1 pos=1 avail=0 reading=0 eofSeekCount=0
[FileHandle] MEMORY: DOORS:EmP_Tools/JoinCnf.CFG bufLen=3527 pos=1024 avail=2503 reading=512 eofSeekCount=0
[FileHandle] MEMORY: DOORS:EmP_Tools/JoinCnf.CFG bufLen=3527 pos=1536 avail=1991 reading=512 eofSeekCount=0
[FileHandle] MEMORY: DOORS:EmP_Tools/JoinCnf.CFG bufLen=3527 pos=2048 avail=1479 reading=512 eofSeekCount=0
[FileHandle] MEMORY: DOORS:EmP_Tools/JoinCnf.CFG bufLen=3527 pos=2560 avail=967 reading=512 eofSeekCount=0
[FileHandle] MEMORY: DOORS:EmP_Tools/JoinCnf.CFG bufLen=3527 pos=3072 avail=455 reading=455 eofSeekCount=0
[FileHandle] MEMORY: dOORS:dRE/dRE!WAll/dRE!WAll.dAtA bufLen=100 pos=0 avail=100 reading=100 eofSeekCount=0
[FileHandle] MEMORY: dOORS:dRE/dRE!WAll/dRE!WAll.dAtA bufLen=100 pos=100 avail=0 reading=0 eofSeekCount=0
[FileHandle] SEEK: bbs:node5/callerslog from=0 to=-132 whence=2 offset=-1000 justEof=false
[FileHandle] SEEK: bbs:node5/callerslog from=0 to=0 whence=1 offset=0 justEof=false
[FileHandle] MEMORY: bbs:node5/callerslog bufLen=868 pos=0 avail=868 reading=512 eofSeekCount=0
[FileHandle] SEEK: bbs:node5/callerslog from=512 to=512 whence=1 offset=0 justEof=false
[FileHandle] SEEK: bbs:node5/callerslog from=512 to=512 whence=1 offset=0 justEof=false
[FileHandle] MEMORY: bbs:node5/callerslog bufLen=868 pos=512 avail=356 reading=356 eofSeekCount=0
[FileHandle] SEEK: bbs:node5/callerslog from=868 to=868 whence=1 offset=0 justEof=false
[FileHandle] MEMORY: bbs:node5/callerslog bufLen=868 pos=868 avail=0 reading=0 eofSeekCount=0
[FileHandle] SEEK: bbs:node5/callerslog from=868 to=868 whence=1 offset=0 justEof=true
[FileHandle] SEEK: bbs:node5/callerslog from=868 to=798 whence=0 offset=798 justEof=true
[FileHandle] EOF-SEEK-BACK: bbs:node5/callerslog count=1 (seeking backwards after EOF)
[FileHandle] MEMORY: bbs:node5/callerslog bufLen=868 pos=798 avail=70 reading=70 eofSeekCount=1
[FileHandle] MEMORY: bbs:node5/callerslog bufLen=868 pos=868 avail=0 reading=0 eofSeekCount=1
[FileHandle] SEEK: bbs:node5/callerslog from=0 to=-132 whence=2 offset=-1000 justEof=false
[FileHandle] SEEK: bbs:node5/callerslog from=0 to=0 whence=1 offset=0 justEof=false
[FileHandle] MEMORY: bbs:node5/callerslog bufLen=868 pos=0 avail=868 reading=512 eofSeekCount=0
[FileHandle] SEEK: bbs:node5/callerslog from=512 to=512 whence=1 offset=0 justEof=false
[FileHandle] SEEK: bbs:node5/callerslog from=512 to=512 whence=1 offset=0 justEof=false
[FileHandle] MEMORY: bbs:node5/callerslog bufLen=868 pos=512 avail=356 reading=356 eofSeekCount=0
[FileHandle] SEEK: bbs:node5/callerslog from=868 to=868 whence=1 offset=0 justEof=false
[FileHandle] MEMORY: bbs:node5/callerslog bufLen=868 pos=868 avail=0 reading=0 eofSeekCount=0
[FileHandle] SEEK: bbs:node5/callerslog from=868 to=868 whence=1 offset=0 justEof=true
[FileHandle] SEEK: bbs:node5/callerslog from=868 to=798 whence=0 offset=798 justEof=true
[FileHandle] EOF-SEEK-BACK: bbs:node5/callerslog count=1 (seeking backwards after EOF)
[FileHandle] MEMORY: bbs:node5/callerslog bufLen=868 pos=798 avail=70 reading=70 eofSeekCount=1
[FileHandle] MEMORY: bbs:node5/callerslog bufLen=868 pos=868 avail=0 reading=0 eofSeekCount=1
[FileHandle] MEMORY: dOORS:dRE/dRE!WAll/dRE!WAll.dAtA bufLen=100 pos=0 avail=100 reading=100 eofSeekCount=0
[FileHandle] MEMORY: dOORS:dRE/dRE!WAll/dRE!WAll.dAtA bufLen=100 pos=100 avail=0 reading=0 eofSeekCount=0
[FileHandle] SEEK: bbs:node5/callerslog from=0 to=-132 whence=2 offset=-1000 justEof=false
[FileHandle] SEEK: bbs:node5/callerslog from=0 to=0 whence=1 offset=0 justEof=false
[FileHandle] MEMORY: bbs:node5/callerslog bufLen=868 pos=0 avail=868 reading=512 eofSeekCount=0
[FileHandle] SEEK: bbs:node5/callerslog from=512 to=512 whence=1 offset=0 justEof=false
[FileHandle] SEEK: bbs:node5/callerslog from=512 to=512 whence=1 offset=0 justEof=false
[FileHandle] MEMORY: bbs:node5/callerslog bufLen=868 pos=512 avail=356 reading=356 eofSeekCount=0
[FileHandle] SEEK: bbs:node5/callerslog from=868 to=868 whence=1 offset=0 justEof=false
[FileHandle] MEMORY: bbs:node5/callerslog bufLen=868 pos=868 avail=0 reading=0 eofSeekCount=0
[FileHandle] SEEK: bbs:node5/callerslog from=868 to=868 whence=1 offset=0 justEof=true
[FileHandle] SEEK: bbs:node5/callerslog from=868 to=798 whence=0 offset=798 justEof=true
[FileHandle] EOF-SEEK-BACK: bbs:node5/callerslog count=1 (seeking backwards after EOF)
[FileHandle] MEMORY: bbs:node5/callerslog bufLen=868 pos=798 avail=70 reading=70 eofSeekCount=1
[FileHandle] MEMORY: bbs:node5/callerslog bufLen=868 pos=868 avail=0 reading=0 eofSeekCount=1
[FileHandle] MEMORY: bbs:node1.user bufLen=239 pos=0 avail=239 reading=239 eofSeekCount=0
[FileHandle] MEMORY: bbs:systemstats bufLen=6 pos=0 avail=6 reading=6 eofSeekCount=0
[FileHandle] SEEK: bbs:node5/callerslog from=0 to=-132 whence=2 offset=-1000 justEof=false
[FileHandle] SEEK: bbs:node5/callerslog from=0 to=0 whence=1 offset=0 justEof=false
[FileHandle] MEMORY: bbs:node5/callerslog bufLen=868 pos=0 avail=868 reading=512 eofSeekCount=0
[FileHandle] SEEK: bbs:node5/callerslog from=512 to=512 whence=1 offset=0 justEof=false
[FileHandle] SEEK: bbs:node5/callerslog from=512 to=512 whence=1 offset=0 justEof=false
[FileHandle] MEMORY: bbs:node5/callerslog bufLen=868 pos=512 avail=356 reading=356 eofSeekCount=0
[FileHandle] SEEK: bbs:node5/callerslog from=868 to=868 whence=1 offset=0 justEof=false
[FileHandle] MEMORY: bbs:node5/callerslog bufLen=868 pos=868 avail=0 reading=0 eofSeekCount=0
[FileHandle] SEEK: bbs:node5/callerslog from=868 to=868 whence=1 offset=0 justEof=true
[FileHandle] SEEK: bbs:node5/callerslog from=868 to=798 whence=0 offset=798 justEof=true
[FileHandle] EOF-SEEK-BACK: bbs:node5/callerslog count=1 (seeking backwards after EOF)
[FileHandle] MEMORY: bbs:node5/callerslog bufLen=868 pos=798 avail=70 reading=70 eofSeekCount=1
[FileHandle] MEMORY: bbs:node5/callerslog bufLen=868 pos=868 avail=0 reading=0 eofSeekCount=1
[FileHandle] SEEK: bbs:node5/callerslog from=0 to=-132 whence=2 offset=-1000 justEof=false
[FileHandle] SEEK: bbs:node5/callerslog from=0 to=0 whence=1 offset=0 justEof=false
[FileHandle] MEMORY: bbs:node5/callerslog bufLen=868 pos=0 avail=868 reading=512 eofSeekCount=0
[FileHandle] SEEK: bbs:node5/callerslog from=512 to=512 whence=1 offset=0 justEof=false
[FileHandle] SEEK: bbs:node5/callerslog from=512 to=512 whence=1 offset=0 justEof=false
[FileHandle] MEMORY: bbs:node5/callerslog bufLen=868 pos=512 avail=356 reading=356 eofSeekCount=0
[FileHandle] SEEK: bbs:node5/callerslog from=868 to=868 whence=1 offset=0 justEof=false
[FileHandle] MEMORY: bbs:node5/callerslog bufLen=868 pos=868 avail=0 reading=0 eofSeekCount=0
[FileHandle] SEEK: bbs:node5/callerslog from=868 to=868 whence=1 offset=0 justEof=true
[FileHandle] SEEK: bbs:node5/callerslog from=868 to=798 whence=0 offset=798 justEof=true
[FileHandle] EOF-SEEK-BACK: bbs:node5/callerslog count=1 (seeking backwards after EOF)
[FileHandle] MEMORY: bbs:node5/callerslog bufLen=868 pos=798 avail=70 reading=70 eofSeekCount=1
[FileHandle] MEMORY: bbs:node5/callerslog bufLen=868 pos=868 avail=0 reading=0 eofSeekCount=1
[FileHandle] MEMORY: dOORS:dRE/dRE!WAll/dRE!WAll.dAtA bufLen=100 pos=0 avail=100 reading=100 eofSeekCount=0
[FileHandle] MEMORY: dOORS:dRE/dRE!WAll/dRE!WAll.dAtA bufLen=100 pos=100 avail=0 reading=0 eofSeekCount=0
[FileHandle] SEEK: bbs:node5/callerslog from=0 to=-65 whence=2 offset=-1000 justEof=false
[FileHandle] SEEK: bbs:node5/callerslog from=0 to=0 whence=1 offset=0 justEof=false
[FileHandle] MEMORY: bbs:node5/callerslog bufLen=935 pos=0 avail=935 reading=512 eofSeekCount=0
[FileHandle] SEEK: bbs:node5/callerslog from=512 to=512 whence=1 offset=0 justEof=false
[FileHandle] SEEK: bbs:node5/callerslog from=512 to=512 whence=1 offset=0 justEof=false
[FileHandle] MEMORY: bbs:node5/callerslog bufLen=935 pos=512 avail=423 reading=423 eofSeekCount=0
[FileHandle] SEEK: bbs:node5/callerslog from=935 to=935 whence=1 offset=0 justEof=false
[FileHandle] MEMORY: bbs:node5/callerslog bufLen=935 pos=935 avail=0 reading=0 eofSeekCount=0
[FileHandle] SEEK: bbs:node5/callerslog from=935 to=935 whence=1 offset=0 justEof=true
[FileHandle] SEEK: bbs:node5/callerslog from=935 to=798 whence=0 offset=798 justEof=true
[FileHandle] EOF-SEEK-BACK: bbs:node5/callerslog count=1 (seeking backwards after EOF)
[FileHandle] MEMORY: bbs:node5/callerslog bufLen=935 pos=798 avail=137 reading=137 eofSeekCount=1
[FileHandle] MEMORY: bbs:node5/callerslog bufLen=935 pos=935 avail=0 reading=0 eofSeekCount=1
[FileHandle] SEEK: bbs:node5/callerslog from=0 to=-65 whence=2 offset=-1000 justEof=false
[FileHandle] SEEK: bbs:node5/callerslog from=0 to=0 whence=1 offset=0 justEof=false
[FileHandle] MEMORY: bbs:node5/callerslog bufLen=935 pos=0 avail=935 reading=512 eofSeekCount=0
[FileHandle] SEEK: bbs:node5/callerslog from=512 to=512 whence=1 offset=0 justEof=false
[FileHandle] SEEK: bbs:node5/callerslog from=512 to=512 whence=1 offset=0 justEof=false
[FileHandle] MEMORY: bbs:node5/callerslog bufLen=935 pos=512 avail=423 reading=423 eofSeekCount=0
[FileHandle] SEEK: bbs:node5/callerslog from=935 to=935 whence=1 offset=0 justEof=false
[FileHandle] MEMORY: bbs:node5/callerslog bufLen=935 pos=935 avail=0 reading=0 eofSeekCount=0
[FileHandle] SEEK: bbs:node5/callerslog from=935 to=935 whence=1 offset=0 justEof=true
[FileHandle] SEEK: bbs:node5/callerslog from=935 to=798 whence=0 offset=798 justEof=true
[FileHandle] EOF-SEEK-BACK: bbs:node5/callerslog count=1 (seeking backwards after EOF)
[FileHandle] MEMORY: bbs:node5/callerslog bufLen=935 pos=798 avail=137 reading=137 eofSeekCount=1
[FileHandle] MEMORY: bbs:node5/callerslog bufLen=935 pos=935 avail=0 reading=0 eofSeekCount=1
[FileHandle] SEEK: bbs:node6/callerslog from=0 to=-194 whence=2 offset=-1000 justEof=false
[FileHandle] SEEK: bbs:node6/callerslog from=0 to=0 whence=1 offset=0 justEof=false
[FileHandle] MEMORY: bbs:node6/callerslog bufLen=806 pos=0 avail=806 reading=512 eofSeekCount=0
[FileHandle] SEEK: bbs:node6/callerslog from=512 to=512 whence=1 offset=0 justEof=false
[FileHandle] MEMORY: bbs:node6/callerslog bufLen=806 pos=512 avail=294 reading=294 eofSeekCount=0
[FileHandle] SEEK: bbs:node6/callerslog from=806 to=806 whence=1 offset=0 justEof=false
[FileHandle] SEEK: bbs:node6/callerslog from=806 to=806 whence=1 offset=0 justEof=false
[FileHandle] MEMORY: bbs:node6/callerslog bufLen=806 pos=806 avail=0 reading=0 eofSeekCount=0
[FileHandle] SEEK: bbs:node6/callerslog from=806 to=806 whence=1 offset=0 justEof=true
[FileHandle] SEEK: bbs:node6/callerslog from=806 to=708 whence=0 offset=708 justEof=true
[FileHandle] EOF-SEEK-BACK: bbs:node6/callerslog count=1 (seeking backwards after EOF)
[FileHandle] MEMORY: bbs:node6/callerslog bufLen=806 pos=708 avail=98 reading=98 eofSeekCount=1
[FileHandle] MEMORY: bbs:node6/callerslog bufLen=806 pos=806 avail=0 reading=0 eofSeekCount=1
[FileHandle] SEEK: bbs:node6/callerslog from=0 to=-194 whence=2 offset=-1000 justEof=false
[FileHandle] SEEK: bbs:node6/callerslog from=0 to=0 whence=1 offset=0 justEof=false
[FileHandle] MEMORY: bbs:node6/callerslog bufLen=806 pos=0 avail=806 reading=512 eofSeekCount=0
[FileHandle] SEEK: bbs:node6/callerslog from=512 to=512 whence=1 offset=0 justEof=false
[FileHandle] MEMORY: bbs:node6/callerslog bufLen=806 pos=512 avail=294 reading=294 eofSeekCount=0
[FileHandle] SEEK: bbs:node6/callerslog from=806 to=806 whence=1 offset=0 justEof=false
[FileHandle] SEEK: bbs:node6/callerslog from=806 to=806 whence=1 offset=0 justEof=false
[FileHandle] MEMORY: bbs:node6/callerslog bufLen=806 pos=806 avail=0 reading=0 eofSeekCount=0
[FileHandle] SEEK: bbs:node6/callerslog from=806 to=806 whence=1 offset=0 justEof=true
[FileHandle] SEEK: bbs:node6/callerslog from=806 to=708 whence=0 offset=708 justEof=true
[FileHandle] EOF-SEEK-BACK: bbs:node6/callerslog count=1 (seeking backwards after EOF)
[FileHandle] MEMORY: bbs:node6/callerslog bufLen=806 pos=708 avail=98 reading=98 eofSeekCount=1
[FileHandle] MEMORY: bbs:node6/callerslog bufLen=806 pos=806 avail=0 reading=0 eofSeekCount=1
[FileHandle] MEMORY: dOORS:dRE/dRE!WAll/dRE!WAll.dAtA bufLen=100 pos=0 avail=100 reading=100 eofSeekCount=0
[FileHandle] MEMORY: dOORS:dRE/dRE!WAll/dRE!WAll.dAtA bufLen=100 pos=100 avail=0 reading=0 eofSeekCount=0
[FileHandle] MEMORY: DOORS:EmP_Tools/JoinCnf.CFG bufLen=3527 pos=0 avail=3527 reading=512 eofSeekCount=0
[FileHandle] MEMORY: DOORS:EmP_Tools/JoinCnf.CFG bufLen=3527 pos=512 avail=3015 reading=512 eofSeekCount=0
[FileHandle] MEMORY: ENV:JC_PWFAIL.2 bufLen=1 pos=0 avail=1 reading=1 eofSeekCount=0
[FileHandle] MEMORY: ENV:JC_PWFAIL.2 bufLen=1 pos=1 avail=0 reading=0 eofSeekCount=0
[FileHandle] MEMORY: DOORS:EmP_Tools/JoinCnf.CFG bufLen=3527 pos=1024 avail=2503 reading=512 eofSeekCount=0
[FileHandle] MEMORY: DOORS:EmP_Tools/JoinCnf.CFG bufLen=3527 pos=1536 avail=1991 reading=512 eofSeekCount=0
[FileHandle] MEMORY: DOORS:EmP_Tools/JoinCnf.CFG bufLen=3527 pos=2048 avail=1479 reading=512 eofSeekCount=0
[FileHandle] MEMORY: DOORS:EmP_Tools/JoinCnf.CFG bufLen=3527 pos=2560 avail=967 reading=512 eofSeekCount=0
[FileHandle] MEMORY: DOORS:EmP_Tools/JoinCnf.CFG bufLen=3527 pos=3072 avail=455 reading=455 eofSeekCount=0
[FileHandle] SEEK: bbs:node6/callerslog from=0 to=-194 whence=2 offset=-1000 justEof=false
[FileHandle] SEEK: bbs:node6/callerslog from=0 to=0 whence=1 offset=0 justEof=false
[FileHandle] MEMORY: bbs:node6/callerslog bufLen=806 pos=0 avail=806 reading=512 eofSeekCount=0
[FileHandle] SEEK: bbs:node6/callerslog from=512 to=512 whence=1 offset=0 justEof=false
[FileHandle] MEMORY: bbs:node6/callerslog bufLen=806 pos=512 avail=294 reading=294 eofSeekCount=0
[FileHandle] SEEK: bbs:node6/callerslog from=806 to=806 whence=1 offset=0 justEof=false
[FileHandle] SEEK: bbs:node6/callerslog from=806 to=806 whence=1 offset=0 justEof=false
[FileHandle] MEMORY: bbs:node6/callerslog bufLen=806 pos=806 avail=0 reading=0 eofSeekCount=0
[FileHandle] SEEK: bbs:node6/callerslog from=806 to=806 whence=1 offset=0 justEof=true
[FileHandle] SEEK: bbs:node6/callerslog from=806 to=708 whence=0 offset=708 justEof=true
[FileHandle] EOF-SEEK-BACK: bbs:node6/callerslog count=1 (seeking backwards after EOF)
[FileHandle] MEMORY: bbs:node6/callerslog bufLen=806 pos=708 avail=98 reading=98 eofSeekCount=1
[FileHandle] MEMORY: bbs:node6/callerslog bufLen=806 pos=806 avail=0 reading=0 eofSeekCount=1
[FileHandle] SEEK: bbs:node6/callerslog from=0 to=-194 whence=2 offset=-1000 justEof=false
[FileHandle] SEEK: bbs:node6/callerslog from=0 to=0 whence=1 offset=0 justEof=false
[FileHandle] MEMORY: bbs:node6/callerslog bufLen=806 pos=0 avail=806 reading=512 eofSeekCount=0
[FileHandle] SEEK: bbs:node6/callerslog from=512 to=512 whence=1 offset=0 justEof=false
[FileHandle] MEMORY: bbs:node6/callerslog bufLen=806 pos=512 avail=294 reading=294 eofSeekCount=0
[FileHandle] SEEK: bbs:node6/callerslog from=806 to=806 whence=1 offset=0 justEof=false
[FileHandle] SEEK: bbs:node6/callerslog from=806 to=806 whence=1 offset=0 justEof=false
[FileHandle] MEMORY: bbs:node6/callerslog bufLen=806 pos=806 avail=0 reading=0 eofSeekCount=0
[FileHandle] SEEK: bbs:node6/callerslog from=806 to=806 whence=1 offset=0 justEof=true
[FileHandle] SEEK: bbs:node6/callerslog from=806 to=708 whence=0 offset=708 justEof=true
[FileHandle] EOF-SEEK-BACK: bbs:node6/callerslog count=1 (seeking backwards after EOF)
[FileHandle] MEMORY: bbs:node6/callerslog bufLen=806 pos=708 avail=98 reading=98 eofSeekCount=1
[FileHandle] MEMORY: bbs:node6/callerslog bufLen=806 pos=806 avail=0 reading=0 eofSeekCount=1
[FileHandle] MEMORY: bbs:node1.user bufLen=239 pos=0 avail=239 reading=239 eofSeekCount=0
[FileHandle] MEMORY: bbs:systemstats bufLen=6 pos=0 avail=6 reading=6 eofSeekCount=0
[FileHandle] MEMORY: dOORS:dRE/dRE!WAll/dRE!WAll.dAtA bufLen=100 pos=0 avail=100 reading=100 eofSeekCount=0
[FileHandle] MEMORY: dOORS:dRE/dRE!WAll/dRE!WAll.dAtA bufLen=100 pos=100 avail=0 reading=0 eofSeekCount=0
[FileHandle] SEEK: bbs:node6/callerslog from=0 to=-194 whence=2 offset=-1000 justEof=false
[FileHandle] SEEK: bbs:node6/callerslog from=0 to=0 whence=1 offset=0 justEof=false
[FileHandle] MEMORY: bbs:node6/callerslog bufLen=806 pos=0 avail=806 reading=512 eofSeekCount=0
[FileHandle] SEEK: bbs:node6/callerslog from=512 to=512 whence=1 offset=0 justEof=false
[FileHandle] MEMORY: bbs:node6/callerslog bufLen=806 pos=512 avail=294 reading=294 eofSeekCount=0
[FileHandle] SEEK: bbs:node6/callerslog from=806 to=806 whence=1 offset=0 justEof=false
[FileHandle] SEEK: bbs:node6/callerslog from=806 to=806 whence=1 offset=0 justEof=false
[FileHandle] MEMORY: bbs:node6/callerslog bufLen=806 pos=806 avail=0 reading=0 eofSeekCount=0
[FileHandle] SEEK: bbs:node6/callerslog from=806 to=806 whence=1 offset=0 justEof=true
[FileHandle] SEEK: bbs:node6/callerslog from=806 to=708 whence=0 offset=708 justEof=true
[FileHandle] EOF-SEEK-BACK: bbs:node6/callerslog count=1 (seeking backwards after EOF)
[FileHandle] MEMORY: bbs:node6/callerslog bufLen=806 pos=708 avail=98 reading=98 eofSeekCount=1
[FileHandle] MEMORY: bbs:node6/callerslog bufLen=806 pos=806 avail=0 reading=0 eofSeekCount=1
[FileHandle] SEEK: bbs:node6/callerslog from=0 to=-194 whence=2 offset=-1000 justEof=false
[FileHandle] SEEK: bbs:node6/callerslog from=0 to=0 whence=1 offset=0 justEof=false
[FileHandle] MEMORY: bbs:node6/callerslog bufLen=806 pos=0 avail=806 reading=512 eofSeekCount=0
[FileHandle] SEEK: bbs:node6/callerslog from=512 to=512 whence=1 offset=0 justEof=false
[FileHandle] MEMORY: bbs:node6/callerslog bufLen=806 pos=512 avail=294 reading=294 eofSeekCount=0
[FileHandle] SEEK: bbs:node6/callerslog from=806 to=806 whence=1 offset=0 justEof=false
[FileHandle] SEEK: bbs:node6/callerslog from=806 to=806 whence=1 offset=0 justEof=false
[FileHandle] MEMORY: bbs:node6/callerslog bufLen=806 pos=806 avail=0 reading=0 eofSeekCount=0
[FileHandle] SEEK: bbs:node6/callerslog from=806 to=806 whence=1 offset=0 justEof=true
[FileHandle] SEEK: bbs:node6/callerslog from=806 to=708 whence=0 offset=708 justEof=true
[FileHandle] EOF-SEEK-BACK: bbs:node6/callerslog count=1 (seeking backwards after EOF)
[FileHandle] MEMORY: bbs:node6/callerslog bufLen=806 pos=708 avail=98 reading=98 eofSeekCount=1
[FileHandle] MEMORY: bbs:node6/callerslog bufLen=806 pos=806 avail=0 reading=0 eofSeekCount=1
[FileHandle] MEMORY: bbs:node1.user bufLen=239 pos=0 avail=239 reading=239 eofSeekCount=0
[FileHandle] MEMORY: bbs:systemstats bufLen=6 pos=0 avail=6 reading=6 eofSeekCount=0
[FileHandle] SEEK: bbs:node6/callerslog from=0 to=-194 whence=2 offset=-1000 justEof=false
[FileHandle] SEEK: bbs:node6/callerslog from=0 to=0 whence=1 offset=0 justEof=false
[FileHandle] MEMORY: bbs:node6/callerslog bufLen=806 pos=0 avail=806 reading=512 eofSeekCount=0
[FileHandle] SEEK: bbs:node6/callerslog from=512 to=512 whence=1 offset=0 justEof=false
[FileHandle] MEMORY: bbs:node6/callerslog bufLen=806 pos=512 avail=294 reading=294 eofSeekCount=0
[FileHandle] SEEK: bbs:node6/callerslog from=806 to=806 whence=1 offset=0 justEof=false
[FileHandle] SEEK: bbs:node6/callerslog from=806 to=806 whence=1 offset=0 justEof=false
[FileHandle] MEMORY: bbs:node6/callerslog bufLen=806 pos=806 avail=0 reading=0 eofSeekCount=0
[FileHandle] SEEK: bbs:node6/callerslog from=806 to=806 whence=1 offset=0 justEof=true
[FileHandle] SEEK: bbs:node6/callerslog from=806 to=708 whence=0 offset=708 justEof=true
[FileHandle] EOF-SEEK-BACK: bbs:node6/callerslog count=1 (seeking backwards after EOF)
[FileHandle] MEMORY: bbs:node6/callerslog bufLen=806 pos=708 avail=98 reading=98 eofSeekCount=1
[FileHandle] MEMORY: bbs:node6/callerslog bufLen=806 pos=806 avail=0 reading=0 eofSeekCount=1
[FileHandle] MEMORY: bbs:node1.user bufLen=239 pos=0 avail=239 reading=239 eofSeekCount=0
[FileHandle] MEMORY: bbs:systemstats bufLen=6 pos=0 avail=6 reading=6 eofSeekCount=0
[FileHandle] SEEK: bbs:node6/callerslog from=0 to=-194 whence=2 offset=-1000 justEof=false
[FileHandle] SEEK: bbs:node6/callerslog from=0 to=0 whence=1 offset=0 justEof=false
[FileHandle] MEMORY: bbs:node6/callerslog bufLen=806 pos=0 avail=806 reading=512 eofSeekCount=0
[FileHandle] SEEK: bbs:node6/callerslog from=512 to=512 whence=1 offset=0 justEof=false
[FileHandle] MEMORY: bbs:node6/callerslog bufLen=806 pos=512 avail=294 reading=294 eofSeekCount=0
[FileHandle] SEEK: bbs:node6/callerslog from=806 to=806 whence=1 offset=0 justEof=false
[FileHandle] SEEK: bbs:node6/callerslog from=806 to=806 whence=1 offset=0 justEof=false
[FileHandle] MEMORY: bbs:node6/callerslog bufLen=806 pos=806 avail=0 reading=0 eofSeekCount=0
[FileHandle] SEEK: bbs:node6/callerslog from=806 to=806 whence=1 offset=0 justEof=true
[FileHandle] SEEK: bbs:node6/callerslog from=806 to=708 whence=0 offset=708 justEof=true
[FileHandle] EOF-SEEK-BACK: bbs:node6/callerslog count=1 (seeking backwards after EOF)
[FileHandle] MEMORY: bbs:node6/callerslog bufLen=806 pos=708 avail=98 reading=98 eofSeekCount=1
[FileHandle] MEMORY: bbs:node6/callerslog bufLen=806 pos=806 avail=0 reading=0 eofSeekCount=1
[FileHandle] MEMORY: dOORS:dRE/dRE!WAll/dRE!WAll.dAtA bufLen=100 pos=0 avail=100 reading=100 eofSeekCount=0
[FileHandle] MEMORY: dOORS:dRE/dRE!WAll/dRE!WAll.dAtA bufLen=100 pos=100 avail=0 reading=0 eofSeekCount=0
[FileHandle] MEMORY: dOORS:dRE/dRE!WAll/dRE!WAll.dAtA bufLen=100 pos=0 avail=100 reading=100 eofSeekCount=0
[FileHandle] MEMORY: dOORS:dRE/dRE!WAll/dRE!WAll.dAtA bufLen=100 pos=100 avail=0 reading=0 eofSeekCount=0
[FileHandle] SEEK: bbs:node6/callerslog from=0 to=-194 whence=2 offset=-1000 justEof=false
[FileHandle] SEEK: bbs:node6/callerslog from=0 to=0 whence=1 offset=0 justEof=false
[FileHandle] MEMORY: bbs:node6/callerslog bufLen=806 pos=0 avail=806 reading=512 eofSeekCount=0
[FileHandle] SEEK: bbs:node6/callerslog from=512 to=512 whence=1 offset=0 justEof=false
[FileHandle] MEMORY: bbs:node6/callerslog bufLen=806 pos=512 avail=294 reading=294 eofSeekCount=0
[FileHandle] SEEK: bbs:node6/callerslog from=806 to=806 whence=1 offset=0 justEof=false
[FileHandle] SEEK: bbs:node6/callerslog from=806 to=806 whence=1 offset=0 justEof=false
[FileHandle] MEMORY: bbs:node6/callerslog bufLen=806 pos=806 avail=0 reading=0 eofSeekCount=0
[FileHandle] SEEK: bbs:node6/callerslog from=806 to=806 whence=1 offset=0 justEof=true
[FileHandle] SEEK: bbs:node6/callerslog from=806 to=708 whence=0 offset=708 justEof=true
[FileHandle] EOF-SEEK-BACK: bbs:node6/callerslog count=1 (seeking backwards after EOF)
[FileHandle] MEMORY: bbs:node6/callerslog bufLen=806 pos=708 avail=98 reading=98 eofSeekCount=1
[FileHandle] MEMORY: bbs:node6/callerslog bufLen=806 pos=806 avail=0 reading=0 eofSeekCount=1
[FileHandle] MEMORY: DOORS:EmP_Tools/JoinCnf.CFG bufLen=3527 pos=0 avail=3527 reading=512 eofSeekCount=0
[FileHandle] MEMORY: DOORS:EmP_Tools/JoinCnf.CFG bufLen=3527 pos=512 avail=3015 reading=512 eofSeekCount=0
[FileHandle] MEMORY: ENV:JC_PWFAIL.2 bufLen=1 pos=0 avail=1 reading=1 eofSeekCount=0
[FileHandle] MEMORY: ENV:JC_PWFAIL.2 bufLen=1 pos=1 avail=0 reading=0 eofSeekCount=0
[FileHandle] MEMORY: DOORS:EmP_Tools/JoinCnf.CFG bufLen=3527 pos=1024 avail=2503 reading=512 eofSeekCount=0
[FileHandle] MEMORY: DOORS:EmP_Tools/JoinCnf.CFG bufLen=3527 pos=1536 avail=1991 reading=512 eofSeekCount=0
[FileHandle] MEMORY: DOORS:EmP_Tools/JoinCnf.CFG bufLen=3527 pos=2048 avail=1479 reading=512 eofSeekCount=0
[FileHandle] MEMORY: DOORS:EmP_Tools/JoinCnf.CFG bufLen=3527 pos=2560 avail=967 reading=512 eofSeekCount=0
[FileHandle] MEMORY: DOORS:EmP_Tools/JoinCnf.CFG bufLen=3527 pos=3072 avail=455 reading=455 eofSeekCount=0
[FileHandle] MEMORY: bbs:node1.user bufLen=239 pos=0 avail=239 reading=239 eofSeekCount=0
[FileHandle] MEMORY: bbs:systemstats bufLen=6 pos=0 avail=6 reading=6 eofSeekCount=0
[FileHandle] SEEK: bbs:node6/callerslog from=0 to=-194 whence=2 offset=-1000 justEof=false
[FileHandle] SEEK: bbs:node6/callerslog from=0 to=0 whence=1 offset=0 justEof=false
[FileHandle] MEMORY: bbs:node6/callerslog bufLen=806 pos=0 avail=806 reading=512 eofSeekCount=0
[FileHandle] SEEK: bbs:node6/callerslog from=512 to=512 whence=1 offset=0 justEof=false
[FileHandle] MEMORY: bbs:node6/callerslog bufLen=806 pos=512 avail=294 reading=294 eofSeekCount=0
[FileHandle] SEEK: bbs:node6/callerslog from=806 to=806 whence=1 offset=0 justEof=false
[FileHandle] SEEK: bbs:node6/callerslog from=806 to=806 whence=1 offset=0 justEof=false
[FileHandle] MEMORY: bbs:node6/callerslog bufLen=806 pos=806 avail=0 reading=0 eofSeekCount=0
[FileHandle] SEEK: bbs:node6/callerslog from=806 to=806 whence=1 offset=0 justEof=true
[FileHandle] SEEK: bbs:node6/callerslog from=806 to=708 whence=0 offset=708 justEof=true
[FileHandle] EOF-SEEK-BACK: bbs:node6/callerslog count=1 (seeking backwards after EOF)
[FileHandle] MEMORY: bbs:node6/callerslog bufLen=806 pos=708 avail=98 reading=98 eofSeekCount=1
[FileHandle] MEMORY: bbs:node6/callerslog bufLen=806 pos=806 avail=0 reading=0 eofSeekCount=1
[FileHandle] SEEK: bbs:node6/callerslog from=0 to=-194 whence=2 offset=-1000 justEof=false
[FileHandle] SEEK: bbs:node6/callerslog from=0 to=0 whence=1 offset=0 justEof=false
[FileHandle] MEMORY: bbs:node6/callerslog bufLen=806 pos=0 avail=806 reading=512 eofSeekCount=0
[FileHandle] SEEK: bbs:node6/callerslog from=512 to=512 whence=1 offset=0 justEof=false
[FileHandle] MEMORY: bbs:node6/callerslog bufLen=806 pos=512 avail=294 reading=294 eofSeekCount=0
[FileHandle] SEEK: bbs:node6/callerslog from=806 to=806 whence=1 offset=0 justEof=false
[FileHandle] SEEK: bbs:node6/callerslog from=806 to=806 whence=1 offset=0 justEof=false
[FileHandle] MEMORY: bbs:node6/callerslog bufLen=806 pos=806 avail=0 reading=0 eofSeekCount=0
[FileHandle] SEEK: bbs:node6/callerslog from=806 to=806 whence=1 offset=0 justEof=true
[FileHandle] SEEK: bbs:node6/callerslog from=806 to=708 whence=0 offset=708 justEof=true
[FileHandle] EOF-SEEK-BACK: bbs:node6/callerslog count=1 (seeking backwards after EOF)
[FileHandle] MEMORY: bbs:node6/callerslog bufLen=806 pos=708 avail=98 reading=98 eofSeekCount=1
[FileHandle] MEMORY: bbs:node6/callerslog bufLen=806 pos=806 avail=0 reading=0 eofSeekCount=1
[FileHandle] MEMORY: bbs:node1.user bufLen=239 pos=0 avail=239 reading=239 eofSeekCount=0
[FileHandle] MEMORY: bbs:systemstats bufLen=6 pos=0 avail=6 reading=6 eofSeekCount=0
[FileHandle] SEEK: bbs:node6/callerslog from=0 to=-194 whence=2 offset=-1000 justEof=false
[FileHandle] SEEK: bbs:node6/callerslog from=0 to=0 whence=1 offset=0 justEof=false
[FileHandle] MEMORY: bbs:node6/callerslog bufLen=806 pos=0 avail=806 reading=512 eofSeekCount=0
[FileHandle] SEEK: bbs:node6/callerslog from=512 to=512 whence=1 offset=0 justEof=false
[FileHandle] MEMORY: bbs:node6/callerslog bufLen=806 pos=512 avail=294 reading=294 eofSeekCount=0
[FileHandle] SEEK: bbs:node6/callerslog from=806 to=806 whence=1 offset=0 justEof=false
[FileHandle] SEEK: bbs:node6/callerslog from=806 to=806 whence=1 offset=0 justEof=false
[FileHandle] MEMORY: bbs:node6/callerslog bufLen=806 pos=806 avail=0 reading=0 eofSeekCount=0
[FileHandle] SEEK: bbs:node6/callerslog from=806 to=806 whence=1 offset=0 justEof=true
[FileHandle] SEEK: bbs:node6/callerslog from=806 to=708 whence=0 offset=708 justEof=true
[FileHandle] EOF-SEEK-BACK: bbs:node6/callerslog count=1 (seeking backwards after EOF)
[FileHandle] MEMORY: bbs:node6/callerslog bufLen=806 pos=708 avail=98 reading=98 eofSeekCount=1
[FileHandle] MEMORY: bbs:node6/callerslog bufLen=806 pos=806 avail=0 reading=0 eofSeekCount=1
[FileHandle] MEMORY: bbs:node1.user bufLen=239 pos=0 avail=239 reading=239 eofSeekCount=0
[FileHandle] MEMORY: bbs:systemstats bufLen=6 pos=0 avail=6 reading=6 eofSeekCount=0
[FileHandle] SEEK: bbs:node6/callerslog from=0 to=-194 whence=2 offset=-1000 justEof=false
[FileHandle] SEEK: bbs:node6/callerslog from=0 to=0 whence=1 offset=0 justEof=false
[FileHandle] MEMORY: bbs:node6/callerslog bufLen=806 pos=0 avail=806 reading=512 eofSeekCount=0
[FileHandle] SEEK: bbs:node6/callerslog from=512 to=512 whence=1 offset=0 justEof=false
[FileHandle] MEMORY: bbs:node6/callerslog bufLen=806 pos=512 avail=294 reading=294 eofSeekCount=0
[FileHandle] SEEK: bbs:node6/callerslog from=806 to=806 whence=1 offset=0 justEof=false
[FileHandle] SEEK: bbs:node6/callerslog from=806 to=806 whence=1 offset=0 justEof=false
[FileHandle] MEMORY: bbs:node6/callerslog bufLen=806 pos=806 avail=0 reading=0 eofSeekCount=0
[FileHandle] SEEK: bbs:node6/callerslog from=806 to=806 whence=1 offset=0 justEof=true
[FileHandle] SEEK: bbs:node6/callerslog from=806 to=708 whence=0 offset=708 justEof=true
[FileHandle] EOF-SEEK-BACK: bbs:node6/callerslog count=1 (seeking backwards after EOF)
[FileHandle] MEMORY: bbs:node6/callerslog bufLen=806 pos=708 avail=98 reading=98 eofSeekCount=1
[FileHandle] MEMORY: bbs:node6/callerslog bufLen=806 pos=806 avail=0 reading=0 eofSeekCount=1
[FileHandle] MEMORY: dOORS:dRE/dRE!WAll/dRE!WAll.dAtA bufLen=100 pos=0 avail=100 reading=100 eofSeekCount=0
[FileHandle] MEMORY: dOORS:dRE/dRE!WAll/dRE!WAll.dAtA bufLen=100 pos=100 avail=0 reading=0 eofSeekCount=0
[FileHandle] MEMORY: dOORS:dRE/dRE!WAll/dRE!WAll.dAtA bufLen=100 pos=0 avail=100 reading=100 eofSeekCount=0
[FileHandle] MEMORY: dOORS:dRE/dRE!WAll/dRE!WAll.dAtA bufLen=100 pos=100 avail=0 reading=0 eofSeekCount=0
[FileHandle] SEEK: bbs:node6/callerslog from=0 to=-194 whence=2 offset=-1000 justEof=false
[FileHandle] SEEK: bbs:node6/callerslog from=0 to=0 whence=1 offset=0 justEof=false
[FileHandle] MEMORY: bbs:node6/callerslog bufLen=806 pos=0 avail=806 reading=512 eofSeekCount=0
[FileHandle] SEEK: bbs:node6/callerslog from=512 to=512 whence=1 offset=0 justEof=false
[FileHandle] MEMORY: bbs:node6/callerslog bufLen=806 pos=512 avail=294 reading=294 eofSeekCount=0
[FileHandle] SEEK: bbs:node6/callerslog from=806 to=806 whence=1 offset=0 justEof=false
[FileHandle] SEEK: bbs:node6/callerslog from=806 to=806 whence=1 offset=0 justEof=false
[FileHandle] MEMORY: bbs:node6/callerslog bufLen=806 pos=806 avail=0 reading=0 eofSeekCount=0
[FileHandle] SEEK: bbs:node6/callerslog from=806 to=806 whence=1 offset=0 justEof=true
[FileHandle] SEEK: bbs:node6/callerslog from=806 to=708 whence=0 offset=708 justEof=true
[FileHandle] EOF-SEEK-BACK: bbs:node6/callerslog count=1 (seeking backwards after EOF)
[FileHandle] MEMORY: bbs:node6/callerslog bufLen=806 pos=708 avail=98 reading=98 eofSeekCount=1
[FileHandle] MEMORY: bbs:node6/callerslog bufLen=806 pos=806 avail=0 reading=0 eofSeekCount=1
[FileHandle] MEMORY: dOORS:dRE/dRE!WAll/dRE!WAll.dAtA bufLen=100 pos=0 avail=100 reading=100 eofSeekCount=0
[FileHandle] MEMORY: dOORS:dRE/dRE!WAll/dRE!WAll.dAtA bufLen=100 pos=100 avail=0 reading=0 eofSeekCount=0
[FileHandle] MEMORY: bbs:node3.user bufLen=239 pos=0 avail=239 reading=239 eofSeekCount=0
[FileHandle] MEMORY: bbs:systemstats bufLen=6 pos=0 avail=6 reading=6 eofSeekCount=0
[FileHandle] SEEK: bbs:node6/callerslog from=0 to=-194 whence=2 offset=-1000 justEof=false
[FileHandle] SEEK: bbs:node6/callerslog from=0 to=0 whence=1 offset=0 justEof=false
[FileHandle] MEMORY: bbs:node6/callerslog bufLen=806 pos=0 avail=806 reading=512 eofSeekCount=0
[FileHandle] SEEK: bbs:node6/callerslog from=512 to=512 whence=1 offset=0 justEof=false
[FileHandle] MEMORY: bbs:node6/callerslog bufLen=806 pos=512 avail=294 reading=294 eofSeekCount=0
[FileHandle] SEEK: bbs:node6/callerslog from=806 to=806 whence=1 offset=0 justEof=false
[FileHandle] SEEK: bbs:node6/callerslog from=806 to=806 whence=1 offset=0 justEof=false
[FileHandle] MEMORY: bbs:node6/callerslog bufLen=806 pos=806 avail=0 reading=0 eofSeekCount=0
[FileHandle] SEEK: bbs:node6/callerslog from=806 to=806 whence=1 offset=0 justEof=true
[FileHandle] SEEK: bbs:node6/callerslog from=806 to=708 whence=0 offset=708 justEof=true
[FileHandle] EOF-SEEK-BACK: bbs:node6/callerslog count=1 (seeking backwards after EOF)
[FileHandle] MEMORY: bbs:node6/callerslog bufLen=806 pos=708 avail=98 reading=98 eofSeekCount=1
[FileHandle] MEMORY: bbs:node6/callerslog bufLen=806 pos=806 avail=0 reading=0 eofSeekCount=1
[FileHandle] MEMORY: dOORS:dRE/dRE!WAll/dRE!WAll.dAtA bufLen=100 pos=0 avail=100 reading=100 eofSeekCount=0
[FileHandle] MEMORY: dOORS:dRE/dRE!WAll/dRE!WAll.dAtA bufLen=100 pos=100 avail=0 reading=0 eofSeekCount=0
[FileHandle] MEMORY: dOORS:dRE/dRE!WAll/dRE!WAll.dAtA bufLen=100 pos=0 avail=100 reading=100 eofSeekCount=0
[FileHandle] MEMORY: dOORS:dRE/dRE!WAll/dRE!WAll.dAtA bufLen=100 pos=100 avail=0 reading=0 eofSeekCount=0
[FileHandle] SEEK: bbs:node6/callerslog from=0 to=-194 whence=2 offset=-1000 justEof=false
[FileHandle] SEEK: bbs:node6/callerslog from=0 to=0 whence=1 offset=0 justEof=false
[FileHandle] MEMORY: bbs:node6/callerslog bufLen=806 pos=0 avail=806 reading=512 eofSeekCount=0
[FileHandle] SEEK: bbs:node6/callerslog from=512 to=512 whence=1 offset=0 justEof=false
[FileHandle] MEMORY: bbs:node6/callerslog bufLen=806 pos=512 avail=294 reading=294 eofSeekCount=0
[FileHandle] SEEK: bbs:node6/callerslog from=806 to=806 whence=1 offset=0 justEof=false
[FileHandle] SEEK: bbs:node6/callerslog from=806 to=806 whence=1 offset=0 justEof=false
[FileHandle] MEMORY: bbs:node6/callerslog bufLen=806 pos=806 avail=0 reading=0 eofSeekCount=0
[FileHandle] SEEK: bbs:node6/callerslog from=806 to=806 whence=1 offset=0 justEof=true
[FileHandle] SEEK: bbs:node6/callerslog from=806 to=708 whence=0 offset=708 justEof=true
[FileHandle] EOF-SEEK-BACK: bbs:node6/callerslog count=1 (seeking backwards after EOF)
[FileHandle] MEMORY: bbs:node6/callerslog bufLen=806 pos=708 avail=98 reading=98 eofSeekCount=1
[FileHandle] MEMORY: bbs:node6/callerslog bufLen=806 pos=806 avail=0 reading=0 eofSeekCount=1
[FileHandle] MEMORY: dOORS:dRE/dRE!WAll/dRE!WAll.dAtA bufLen=100 pos=0 avail=100 reading=100 eofSeekCount=0
[FileHandle] MEMORY: dOORS:dRE/dRE!WAll/dRE!WAll.dAtA bufLen=100 pos=100 avail=0 reading=0 eofSeekCount=0
[FileHandle] SEEK: bbs:node6/callerslog from=0 to=-22 whence=2 offset=-1000 justEof=false
[FileHandle] SEEK: bbs:node6/callerslog from=0 to=0 whence=1 offset=0 justEof=false
[FileHandle] MEMORY: bbs:node6/callerslog bufLen=978 pos=0 avail=978 reading=512 eofSeekCount=0
[FileHandle] SEEK: bbs:node6/callerslog from=512 to=512 whence=1 offset=0 justEof=false
[FileHandle] MEMORY: bbs:node6/callerslog bufLen=978 pos=512 avail=466 reading=466 eofSeekCount=0
[FileHandle] SEEK: bbs:node6/callerslog from=978 to=978 whence=1 offset=0 justEof=false
[FileHandle] SEEK: bbs:node6/callerslog from=978 to=978 whence=1 offset=0 justEof=false
[FileHandle] SEEK: bbs:node6/callerslog from=978 to=978 whence=1 offset=0 justEof=false
[FileHandle] MEMORY: bbs:node6/callerslog bufLen=978 pos=978 avail=0 reading=0 eofSeekCount=0
[FileHandle] SEEK: bbs:node6/callerslog from=978 to=978 whence=1 offset=0 justEof=true
[FileHandle] SEEK: bbs:node6/callerslog from=978 to=936 whence=0 offset=936 justEof=true
[FileHandle] EOF-SEEK-BACK: bbs:node6/callerslog count=1 (seeking backwards after EOF)
[FileHandle] MEMORY: bbs:node6/callerslog bufLen=978 pos=936 avail=42 reading=42 eofSeekCount=1
[FileHandle] MEMORY: bbs:node6/callerslog bufLen=978 pos=978 avail=0 reading=0 eofSeekCount=1
[FileHandle] MEMORY: dOORS:dRE/dRE!WAll/dRE!WAll.dAtA bufLen=100 pos=0 avail=100 reading=100 eofSeekCount=0
[FileHandle] MEMORY: dOORS:dRE/dRE!WAll/dRE!WAll.dAtA bufLen=100 pos=100 avail=0 reading=0 eofSeekCount=0
[FileHandle] SEEK: bbs:node6/callerslog from=0 to=153 whence=2 offset=-1000 justEof=false
[FileHandle] SEEK: bbs:node6/callerslog from=153 to=153 whence=1 offset=0 justEof=false
[FileHandle] MEMORY: bbs:node6/callerslog bufLen=1153 pos=153 avail=1000 reading=512 eofSeekCount=0
[FileHandle] SEEK: bbs:node6/callerslog from=665 to=665 whence=1 offset=0 justEof=false
[FileHandle] MEMORY: bbs:node6/callerslog bufLen=1153 pos=665 avail=488 reading=488 eofSeekCount=0
[FileHandle] SEEK: bbs:node6/callerslog from=1153 to=1153 whence=1 offset=0 justEof=false
[FileHandle] SEEK: bbs:node6/callerslog from=1153 to=1153 whence=1 offset=0 justEof=false
[FileHandle] MEMORY: bbs:node6/callerslog bufLen=1153 pos=1153 avail=0 reading=0 eofSeekCount=0
[FileHandle] SEEK: bbs:node6/callerslog from=1153 to=1153 whence=1 offset=0 justEof=true
[FileHandle] SEEK: bbs:node6/callerslog from=1153 to=936 whence=0 offset=936 justEof=true
[FileHandle] EOF-SEEK-BACK: bbs:node6/callerslog count=1 (seeking backwards after EOF)
[FileHandle] MEMORY: bbs:node6/callerslog bufLen=1153 pos=936 avail=217 reading=217 eofSeekCount=1
[FileHandle] MEMORY: bbs:node6/callerslog bufLen=1153 pos=1153 avail=0 reading=0 eofSeekCount=1
[FileHandle] MEMORY: dOORS:dRE/dRE!WAll/dRE!WAll.dAtA bufLen=100 pos=0 avail=100 reading=100 eofSeekCount=0
[FileHandle] MEMORY: dOORS:dRE/dRE!WAll/dRE!WAll.dAtA bufLen=100 pos=100 avail=0 reading=0 eofSeekCount=0
[FileHandle] MEMORY: DOORS:EmP_Tools/JoinCnf.CFG bufLen=3527 pos=0 avail=3527 reading=512 eofSeekCount=0
[FileHandle] MEMORY: DOORS:EmP_Tools/JoinCnf.CFG bufLen=3527 pos=512 avail=3015 reading=512 eofSeekCount=0
[FileHandle] MEMORY: ENV:JC_PWFAIL.2 bufLen=1 pos=0 avail=1 reading=1 eofSeekCount=0
[FileHandle] MEMORY: ENV:JC_PWFAIL.2 bufLen=1 pos=1 avail=0 reading=0 eofSeekCount=0
[FileHandle] MEMORY: DOORS:EmP_Tools/JoinCnf.CFG bufLen=3527 pos=1024 avail=2503 reading=512 eofSeekCount=0
[FileHandle] MEMORY: DOORS:EmP_Tools/JoinCnf.CFG bufLen=3527 pos=1536 avail=1991 reading=512 eofSeekCount=0
[FileHandle] MEMORY: DOORS:EmP_Tools/JoinCnf.CFG bufLen=3527 pos=2048 avail=1479 reading=512 eofSeekCount=0
[FileHandle] MEMORY: DOORS:EmP_Tools/JoinCnf.CFG bufLen=3527 pos=2560 avail=967 reading=512 eofSeekCount=0
[FileHandle] MEMORY: DOORS:EmP_Tools/JoinCnf.CFG bufLen=3527 pos=3072 avail=455 reading=455 eofSeekCount=0
[FileHandle] MEMORY: DOORS:BestConf/BestConf.Config bufLen=79 pos=0 avail=79 reading=79 eofSeekCount=0
[FileHandle] MEMORY: BBS:User.Data bufLen=299976 pos=0 avail=299976 reading=299976 eofSeekCount=0
[FileHandle] MEMORY: BBS:Conf8/CONF.DB bufLen=74000 pos=0 avail=74000 reading=74000 eofSeekCount=0
[FileHandle] MEMORY: dOORS:dRE/dRE!WAll/dRE!WAll.dAtA bufLen=100 pos=0 avail=100 reading=100 eofSeekCount=0
[FileHandle] MEMORY: dOORS:dRE/dRE!WAll/dRE!WAll.dAtA bufLen=100 pos=100 avail=0 reading=0 eofSeekCount=0
[FileHandle] SEEK: bbs:node6/callerslog from=0 to=153 whence=2 offset=-1000 justEof=false
[FileHandle] SEEK: bbs:node6/callerslog from=153 to=153 whence=1 offset=0 justEof=false
[FileHandle] MEMORY: bbs:node6/callerslog bufLen=1153 pos=153 avail=1000 reading=512 eofSeekCount=0
[FileHandle] SEEK: bbs:node6/callerslog from=665 to=665 whence=1 offset=0 justEof=false
[FileHandle] MEMORY: bbs:node6/callerslog bufLen=1153 pos=665 avail=488 reading=488 eofSeekCount=0
[FileHandle] SEEK: bbs:node6/callerslog from=1153 to=1153 whence=1 offset=0 justEof=false
[FileHandle] SEEK: bbs:node6/callerslog from=1153 to=1153 whence=1 offset=0 justEof=false
[FileHandle] MEMORY: bbs:node6/callerslog bufLen=1153 pos=1153 avail=0 reading=0 eofSeekCount=0
[FileHandle] SEEK: bbs:node6/callerslog from=1153 to=1153 whence=1 offset=0 justEof=true
[FileHandle] SEEK: bbs:node6/callerslog from=1153 to=936 whence=0 offset=936 justEof=true
[FileHandle] EOF-SEEK-BACK: bbs:node6/callerslog count=1 (seeking backwards after EOF)
[FileHandle] MEMORY: bbs:node6/callerslog bufLen=1153 pos=936 avail=217 reading=217 eofSeekCount=1
[FileHandle] MEMORY: bbs:node6/callerslog bufLen=1153 pos=1153 avail=0 reading=0 eofSeekCount=1
[FileHandle] SEEK: bbs:node2/callerslog from=0 to=16910 whence=2 offset=-1000 justEof=false
[FileHandle] SEEK: bbs:node2/callerslog from=16910 to=16910 whence=1 offset=0 justEof=false
[FileHandle] MEMORY: bbs:node2/callerslog bufLen=17910 pos=16910 avail=1000 reading=512 eofSeekCount=0
[FileHandle] SEEK: bbs:node2/callerslog from=17422 to=17422 whence=1 offset=0 justEof=false
[FileHandle] MEMORY: bbs:node2/callerslog bufLen=17910 pos=17422 avail=488 reading=488 eofSeekCount=0
[FileHandle] SEEK: bbs:node2/callerslog from=17910 to=17910 whence=1 offset=0 justEof=false
[FileHandle] MEMORY: bbs:node2/callerslog bufLen=17910 pos=17910 avail=0 reading=0 eofSeekCount=0
[FileHandle] SEEK: bbs:node2/callerslog from=17910 to=17910 whence=1 offset=0 justEof=true
[FileHandle] SEEK: bbs:node2/callerslog from=17910 to=17567 whence=0 offset=17567 justEof=true
[FileHandle] EOF-SEEK-BACK: bbs:node2/callerslog count=1 (seeking backwards after EOF)
[FileHandle] MEMORY: bbs:node2/callerslog bufLen=17910 pos=17567 avail=343 reading=343 eofSeekCount=1
[FileHandle] MEMORY: bbs:node2/callerslog bufLen=17910 pos=17910 avail=0 reading=0 eofSeekCount=1
[FileHandle] MEMORY: dOORS:dRE/dRE!WAll/dRE!WAll.dAtA bufLen=100 pos=0 avail=100 reading=100 eofSeekCount=0
[FileHandle] MEMORY: dOORS:dRE/dRE!WAll/dRE!WAll.dAtA bufLen=100 pos=100 avail=0 reading=0 eofSeekCount=0
[FileHandle] MEMORY: DOORS:EmP_Tools/JoinCnf.CFG bufLen=3527 pos=0 avail=3527 reading=512 eofSeekCount=0
[FileHandle] MEMORY: DOORS:EmP_Tools/JoinCnf.CFG bufLen=3527 pos=512 avail=3015 reading=512 eofSeekCount=0
[FileHandle] MEMORY: ENV:JC_PWFAIL.2 bufLen=1 pos=0 avail=1 reading=1 eofSeekCount=0
[FileHandle] MEMORY: ENV:JC_PWFAIL.2 bufLen=1 pos=1 avail=0 reading=0 eofSeekCount=0
[FileHandle] MEMORY: DOORS:EmP_Tools/JoinCnf.CFG bufLen=3527 pos=1024 avail=2503 reading=512 eofSeekCount=0
[FileHandle] MEMORY: DOORS:EmP_Tools/JoinCnf.CFG bufLen=3527 pos=1536 avail=1991 reading=512 eofSeekCount=0
[FileHandle] MEMORY: DOORS:EmP_Tools/JoinCnf.CFG bufLen=3527 pos=2048 avail=1479 reading=512 eofSeekCount=0
[FileHandle] MEMORY: DOORS:EmP_Tools/JoinCnf.CFG bufLen=3527 pos=2560 avail=967 reading=512 eofSeekCount=0
[FileHandle] MEMORY: DOORS:EmP_Tools/JoinCnf.CFG bufLen=3527 pos=3072 avail=455 reading=455 eofSeekCount=0
[FileHandle] SEEK: bbs:node2/callerslog from=0 to=16977 whence=2 offset=-1000 justEof=false
[FileHandle] SEEK: bbs:node2/callerslog from=16977 to=16977 whence=1 offset=0 justEof=false
[FileHandle] MEMORY: bbs:node2/callerslog bufLen=17977 pos=16977 avail=1000 reading=512 eofSeekCount=0
[FileHandle] MEMORY: bbs:node2/callerslog bufLen=17977 pos=17489 avail=488 reading=488 eofSeekCount=0
[FileHandle] SEEK: bbs:node2/callerslog from=17977 to=17977 whence=1 offset=0 justEof=false
[FileHandle] MEMORY: bbs:node2/callerslog bufLen=17977 pos=17977 avail=0 reading=0 eofSeekCount=0
[FileHandle] SEEK: bbs:node2/callerslog from=17977 to=17977 whence=1 offset=0 justEof=true
[FileHandle] SEEK: bbs:node2/callerslog from=17977 to=17567 whence=0 offset=17567 justEof=true
[FileHandle] EOF-SEEK-BACK: bbs:node2/callerslog count=1 (seeking backwards after EOF)
[FileHandle] MEMORY: bbs:node2/callerslog bufLen=17977 pos=17567 avail=410 reading=410 eofSeekCount=1
[FileHandle] MEMORY: bbs:node2/callerslog bufLen=17977 pos=17977 avail=0 reading=0 eofSeekCount=1
[FileHandle] MEMORY: dOORS:dRE/dRE!WAll/dRE!WAll.dAtA bufLen=100 pos=0 avail=100 reading=100 eofSeekCount=0
[FileHandle] MEMORY: dOORS:dRE/dRE!WAll/dRE!WAll.dAtA bufLen=100 pos=100 avail=0 reading=0 eofSeekCount=0
[FileHandle] SEEK: bbs:node2/callerslog from=0 to=17044 whence=2 offset=-1000 justEof=false
[FileHandle] SEEK: bbs:node2/callerslog from=17044 to=17044 whence=1 offset=0 justEof=false
[FileHandle] MEMORY: bbs:node2/callerslog bufLen=18044 pos=17044 avail=1000 reading=512 eofSeekCount=0
[FileHandle] MEMORY: bbs:node2/callerslog bufLen=18044 pos=17556 avail=488 reading=488 eofSeekCount=0
[FileHandle] SEEK: bbs:node2/callerslog from=18044 to=18044 whence=1 offset=0 justEof=false
[FileHandle] MEMORY: bbs:node2/callerslog bufLen=18044 pos=18044 avail=0 reading=0 eofSeekCount=0
[FileHandle] SEEK: bbs:node2/callerslog from=18044 to=18044 whence=1 offset=0 justEof=true
[FileHandle] SEEK: bbs:node2/callerslog from=18044 to=17567 whence=0 offset=17567 justEof=true
[FileHandle] EOF-SEEK-BACK: bbs:node2/callerslog count=1 (seeking backwards after EOF)
[FileHandle] MEMORY: bbs:node2/callerslog bufLen=18044 pos=17567 avail=477 reading=477 eofSeekCount=1
[FileHandle] MEMORY: bbs:node2/callerslog bufLen=18044 pos=18044 avail=0 reading=0 eofSeekCount=1
[FileHandle] MEMORY: dOORS:dRE/dRE!WAll/dRE!WAll.dAtA bufLen=100 pos=0 avail=100 reading=100 eofSeekCount=0
[FileHandle] MEMORY: dOORS:dRE/dRE!WAll/dRE!WAll.dAtA bufLen=100 pos=100 avail=0 reading=0 eofSeekCount=0
[FileHandle] SEEK: bbs:node2/callerslog from=0 to=17111 whence=2 offset=-1000 justEof=false
[FileHandle] SEEK: bbs:node2/callerslog from=17111 to=17111 whence=1 offset=0 justEof=false
[FileHandle] MEMORY: bbs:node2/callerslog bufLen=18111 pos=17111 avail=1000 reading=512 eofSeekCount=0
[FileHandle] SEEK: bbs:node2/callerslog from=17623 to=17623 whence=1 offset=0 justEof=false
[FileHandle] MEMORY: bbs:node2/callerslog bufLen=18111 pos=17623 avail=488 reading=488 eofSeekCount=0
[FileHandle] MEMORY: bbs:node2/callerslog bufLen=18111 pos=18111 avail=0 reading=0 eofSeekCount=0
[FileHandle] SEEK: bbs:node2/callerslog from=18111 to=18111 whence=1 offset=0 justEof=true
[FileHandle] SEEK: bbs:node2/callerslog from=18111 to=17567 whence=0 offset=17567 justEof=true
[FileHandle] EOF-SEEK-BACK: bbs:node2/callerslog count=1 (seeking backwards after EOF)
[FileHandle] MEMORY: bbs:node2/callerslog bufLen=18111 pos=17567 avail=544 reading=512 eofSeekCount=1
[FileHandle] MEMORY: bbs:node2/callerslog bufLen=18111 pos=18079 avail=32 reading=32 eofSeekCount=1
[FileHandle] MEMORY: bbs:node2/callerslog bufLen=18111 pos=18111 avail=0 reading=0 eofSeekCount=1
[FileHandle] MEMORY: dOORS:dRE/dRE!WAll/dRE!WAll.dAtA bufLen=100 pos=0 avail=100 reading=100 eofSeekCount=0
[FileHandle] MEMORY: dOORS:dRE/dRE!WAll/dRE!WAll.dAtA bufLen=100 pos=100 avail=0 reading=0 eofSeekCount=0
[FileHandle] SEEK: bbs:node2/callerslog from=0 to=17365 whence=2 offset=-1000 justEof=false
[FileHandle] SEEK: bbs:node2/callerslog from=17365 to=17365 whence=1 offset=0 justEof=false
[FileHandle] MEMORY: bbs:node2/callerslog bufLen=18365 pos=17365 avail=1000 reading=512 eofSeekCount=0
[FileHandle] SEEK: bbs:node2/callerslog from=17877 to=17877 whence=1 offset=0 justEof=false
[FileHandle] MEMORY: bbs:node2/callerslog bufLen=18365 pos=17877 avail=488 reading=488 eofSeekCount=0
[FileHandle] SEEK: bbs:node2/callerslog from=18365 to=18365 whence=1 offset=0 justEof=false
[FileHandle] MEMORY: bbs:node2/callerslog bufLen=18365 pos=18365 avail=0 reading=0 eofSeekCount=0
[FileHandle] SEEK: bbs:node2/callerslog from=18365 to=18365 whence=1 offset=0 justEof=true
[FileHandle] SEEK: bbs:node2/callerslog from=18365 to=18241 whence=0 offset=18241 justEof=true
[FileHandle] EOF-SEEK-BACK: bbs:node2/callerslog count=1 (seeking backwards after EOF)
[FileHandle] MEMORY: bbs:node2/callerslog bufLen=18365 pos=18241 avail=124 reading=124 eofSeekCount=1
[FileHandle] MEMORY: bbs:node2/callerslog bufLen=18365 pos=18365 avail=0 reading=0 eofSeekCount=1
[FileHandle] MEMORY: dOORS:dRE/dRE!WAll/dRE!WAll.dAtA bufLen=100 pos=0 avail=100 reading=100 eofSeekCount=0
[FileHandle] MEMORY: dOORS:dRE/dRE!WAll/dRE!WAll.dAtA bufLen=100 pos=100 avail=0 reading=0 eofSeekCount=0
[FileHandle] SEEK: bbs:node2/callerslog from=0 to=17492 whence=2 offset=-1000 justEof=false
[FileHandle] SEEK: bbs:node2/callerslog from=17492 to=17492 whence=1 offset=0 justEof=false
[FileHandle] MEMORY: bbs:node2/callerslog bufLen=18492 pos=17492 avail=1000 reading=512 eofSeekCount=0
[FileHandle] SEEK: bbs:node2/callerslog from=18004 to=18004 whence=1 offset=0 justEof=false
[FileHandle] MEMORY: bbs:node2/callerslog bufLen=18492 pos=18004 avail=488 reading=488 eofSeekCount=0
[FileHandle] SEEK: bbs:node2/callerslog from=18492 to=18492 whence=1 offset=0 justEof=false
[FileHandle] MEMORY: bbs:node2/callerslog bufLen=18492 pos=18492 avail=0 reading=0 eofSeekCount=0
[FileHandle] SEEK: bbs:node2/callerslog from=18492 to=18492 whence=1 offset=0 justEof=true
[FileHandle] SEEK: bbs:node2/callerslog from=18492 to=18241 whence=0 offset=18241 justEof=true
[FileHandle] EOF-SEEK-BACK: bbs:node2/callerslog count=1 (seeking backwards after EOF)
[FileHandle] MEMORY: bbs:node2/callerslog bufLen=18492 pos=18241 avail=251 reading=251 eofSeekCount=1
[FileHandle] MEMORY: bbs:node2/callerslog bufLen=18492 pos=18492 avail=0 reading=0 eofSeekCount=1
[FileHandle] MEMORY: dOORS:dRE/dRE!WAll/dRE!WAll.dAtA bufLen=100 pos=0 avail=100 reading=100 eofSeekCount=0
[FileHandle] MEMORY: dOORS:dRE/dRE!WAll/dRE!WAll.dAtA bufLen=100 pos=100 avail=0 reading=0 eofSeekCount=0
[FileHandle] SEEK: bbs:node2/callerslog from=0 to=17559 whence=2 offset=-1000 justEof=false
[FileHandle] SEEK: bbs:node2/callerslog from=17559 to=17559 whence=1 offset=0 justEof=false
[FileHandle] MEMORY: bbs:node2/callerslog bufLen=18559 pos=17559 avail=1000 reading=512 eofSeekCount=0
[FileHandle] SEEK: bbs:node2/callerslog from=18071 to=18071 whence=1 offset=0 justEof=false
[FileHandle] MEMORY: bbs:node2/callerslog bufLen=18559 pos=18071 avail=488 reading=488 eofSeekCount=0
[FileHandle] SEEK: bbs:node2/callerslog from=18559 to=18559 whence=1 offset=0 justEof=false
[FileHandle] MEMORY: bbs:node2/callerslog bufLen=18559 pos=18559 avail=0 reading=0 eofSeekCount=0
[FileHandle] SEEK: bbs:node2/callerslog from=18559 to=18559 whence=1 offset=0 justEof=true
[FileHandle] SEEK: bbs:node2/callerslog from=18559 to=18241 whence=0 offset=18241 justEof=true
[FileHandle] EOF-SEEK-BACK: bbs:node2/callerslog count=1 (seeking backwards after EOF)
[FileHandle] MEMORY: bbs:node2/callerslog bufLen=18559 pos=18241 avail=318 reading=318 eofSeekCount=1
[FileHandle] MEMORY: bbs:node2/callerslog bufLen=18559 pos=18559 avail=0 reading=0 eofSeekCount=1
[FileHandle] MEMORY: dOORS:dRE/dRE!WAll/dRE!WAll.dAtA bufLen=100 pos=0 avail=100 reading=100 eofSeekCount=0
[FileHandle] MEMORY: dOORS:dRE/dRE!WAll/dRE!WAll.dAtA bufLen=100 pos=100 avail=0 reading=0 eofSeekCount=0
[FileHandle] SEEK: bbs:node2/callerslog from=0 to=17626 whence=2 offset=-1000 justEof=false
[FileHandle] SEEK: bbs:node2/callerslog from=17626 to=17626 whence=1 offset=0 justEof=false
[FileHandle] MEMORY: bbs:node2/callerslog bufLen=18626 pos=17626 avail=1000 reading=512 eofSeekCount=0
[FileHandle] MEMORY: bbs:node2/callerslog bufLen=18626 pos=18138 avail=488 reading=488 eofSeekCount=0
[FileHandle] SEEK: bbs:node2/callerslog from=18626 to=18626 whence=1 offset=0 justEof=false
[FileHandle] MEMORY: bbs:node2/callerslog bufLen=18626 pos=18626 avail=0 reading=0 eofSeekCount=0
[FileHandle] SEEK: bbs:node2/callerslog from=18626 to=18626 whence=1 offset=0 justEof=true
[FileHandle] SEEK: bbs:node2/callerslog from=18626 to=18241 whence=0 offset=18241 justEof=true
[FileHandle] EOF-SEEK-BACK: bbs:node2/callerslog count=1 (seeking backwards after EOF)
[FileHandle] MEMORY: bbs:node2/callerslog bufLen=18626 pos=18241 avail=385 reading=385 eofSeekCount=1
[FileHandle] MEMORY: bbs:node2/callerslog bufLen=18626 pos=18626 avail=0 reading=0 eofSeekCount=1
[FileHandle] MEMORY: dOORS:dRE/dRE!WAll/dRE!WAll.dAtA bufLen=100 pos=0 avail=100 reading=100 eofSeekCount=0
[FileHandle] MEMORY: dOORS:dRE/dRE!WAll/dRE!WAll.dAtA bufLen=100 pos=100 avail=0 reading=0 eofSeekCount=0
[FileHandle] SEEK: bbs:node2/callerslog from=0 to=17693 whence=2 offset=-1000 justEof=false
[FileHandle] SEEK: bbs:node2/callerslog from=17693 to=17693 whence=1 offset=0 justEof=false
[FileHandle] MEMORY: bbs:node2/callerslog bufLen=18693 pos=17693 avail=1000 reading=512 eofSeekCount=0
[FileHandle] MEMORY: bbs:node2/callerslog bufLen=18693 pos=18205 avail=488 reading=488 eofSeekCount=0
[FileHandle] SEEK: bbs:node2/callerslog from=18693 to=18693 whence=1 offset=0 justEof=false
[FileHandle] MEMORY: bbs:node2/callerslog bufLen=18693 pos=18693 avail=0 reading=0 eofSeekCount=0
[FileHandle] SEEK: bbs:node2/callerslog from=18693 to=18693 whence=1 offset=0 justEof=true
[FileHandle] SEEK: bbs:node2/callerslog from=18693 to=18241 whence=0 offset=18241 justEof=true
[FileHandle] EOF-SEEK-BACK: bbs:node2/callerslog count=1 (seeking backwards after EOF)
[FileHandle] MEMORY: bbs:node2/callerslog bufLen=18693 pos=18241 avail=452 reading=452 eofSeekCount=1
[FileHandle] MEMORY: bbs:node2/callerslog bufLen=18693 pos=18693 avail=0 reading=0 eofSeekCount=1
[FileHandle] MEMORY: dOORS:dRE/dRE!WAll/dRE!WAll.dAtA bufLen=100 pos=0 avail=100 reading=100 eofSeekCount=0
[FileHandle] MEMORY: dOORS:dRE/dRE!WAll/dRE!WAll.dAtA bufLen=100 pos=100 avail=0 reading=0 eofSeekCount=0
[FileHandle] SEEK: bbs:node2/callerslog from=0 to=17760 whence=2 offset=-1000 justEof=false
[FileHandle] SEEK: bbs:node2/callerslog from=17760 to=17760 whence=1 offset=0 justEof=false
[FileHandle] MEMORY: bbs:node2/callerslog bufLen=18760 pos=17760 avail=1000 reading=512 eofSeekCount=0
[FileHandle] SEEK: bbs:node2/callerslog from=18272 to=18272 whence=1 offset=0 justEof=false
[FileHandle] MEMORY: bbs:node2/callerslog bufLen=18760 pos=18272 avail=488 reading=488 eofSeekCount=0
[FileHandle] MEMORY: bbs:node2/callerslog bufLen=18760 pos=18760 avail=0 reading=0 eofSeekCount=0
[FileHandle] SEEK: bbs:node2/callerslog from=18760 to=18760 whence=1 offset=0 justEof=true
[FileHandle] SEEK: bbs:node2/callerslog from=18760 to=18241 whence=0 offset=18241 justEof=true
[FileHandle] EOF-SEEK-BACK: bbs:node2/callerslog count=1 (seeking backwards after EOF)
[FileHandle] MEMORY: bbs:node2/callerslog bufLen=18760 pos=18241 avail=519 reading=512 eofSeekCount=1
[FileHandle] MEMORY: bbs:node2/callerslog bufLen=18760 pos=18753 avail=7 reading=7 eofSeekCount=1
[FileHandle] MEMORY: bbs:node2/callerslog bufLen=18760 pos=18760 avail=0 reading=0 eofSeekCount=1
[FileHandle] MEMORY: dOORS:dRE/dRE!WAll/dRE!WAll.dAtA bufLen=100 pos=0 avail=100 reading=100 eofSeekCount=0
[FileHandle] MEMORY: dOORS:dRE/dRE!WAll/dRE!WAll.dAtA bufLen=100 pos=100 avail=0 reading=0 eofSeekCount=0
[FileHandle] SEEK: bbs:node2/callerslog from=0 to=17827 whence=2 offset=-1000 justEof=false
[FileHandle] SEEK: bbs:node2/callerslog from=17827 to=17827 whence=1 offset=0 justEof=false
[FileHandle] MEMORY: bbs:node2/callerslog bufLen=18827 pos=17827 avail=1000 reading=512 eofSeekCount=0
[FileHandle] SEEK: bbs:node2/callerslog from=18339 to=18339 whence=1 offset=0 justEof=false
[FileHandle] MEMORY: bbs:node2/callerslog bufLen=18827 pos=18339 avail=488 reading=488 eofSeekCount=0
[FileHandle] MEMORY: bbs:node2/callerslog bufLen=18827 pos=18827 avail=0 reading=0 eofSeekCount=0
[FileHandle] SEEK: bbs:node2/callerslog from=18827 to=18827 whence=1 offset=0 justEof=true
[FileHandle] SEEK: bbs:node2/callerslog from=18827 to=18241 whence=0 offset=18241 justEof=true
[FileHandle] EOF-SEEK-BACK: bbs:node2/callerslog count=1 (seeking backwards after EOF)
[FileHandle] MEMORY: bbs:node2/callerslog bufLen=18827 pos=18241 avail=586 reading=512 eofSeekCount=1
[FileHandle] MEMORY: bbs:node2/callerslog bufLen=18827 pos=18753 avail=74 reading=74 eofSeekCount=1
[FileHandle] MEMORY: bbs:node2/callerslog bufLen=18827 pos=18827 avail=0 reading=0 eofSeekCount=1
[FileHandle] MEMORY: dOORS:dRE/dRE!WAll/dRE!WAll.dAtA bufLen=100 pos=0 avail=100 reading=100 eofSeekCount=0
[FileHandle] MEMORY: dOORS:dRE/dRE!WAll/dRE!WAll.dAtA bufLen=100 pos=100 avail=0 reading=0 eofSeekCount=0
[FileHandle] MEMORY: dOORS:dRE/dRE!WAll/dRE!WAll.dAtA bufLen=100 pos=0 avail=100 reading=100 eofSeekCount=0
[FileHandle] MEMORY: dOORS:dRE/dRE!WAll/dRE!WAll.dAtA bufLen=100 pos=100 avail=0 reading=0 eofSeekCount=0
[FileHandle] SEEK: bbs:node2/callerslog from=0 to=18066 whence=2 offset=-1000 justEof=false
[FileHandle] SEEK: bbs:node2/callerslog from=18066 to=18066 whence=1 offset=0 justEof=false
[FileHandle] MEMORY: bbs:node2/callerslog bufLen=19066 pos=18066 avail=1000 reading=512 eofSeekCount=0
[FileHandle] SEEK: bbs:node2/callerslog from=0 to=18066 whence=2 offset=-1000 justEof=false
[FileHandle] SEEK: bbs:node2/callerslog from=18066 to=18066 whence=1 offset=0 justEof=false
[FileHandle] SEEK: bbs:node2/callerslog from=18578 to=18578 whence=1 offset=0 justEof=false
[FileHandle] MEMORY: bbs:node2/callerslog bufLen=19066 pos=18578 avail=488 reading=488 eofSeekCount=0
[FileHandle] MEMORY: bbs:node2/callerslog bufLen=19066 pos=18066 avail=1000 reading=512 eofSeekCount=0
[FileHandle] SEEK: bbs:node2/callerslog from=18578 to=18578 whence=1 offset=0 justEof=false
[FileHandle] SEEK: bbs:node2/callerslog from=19066 to=19066 whence=1 offset=0 justEof=false
[FileHandle] MEMORY: bbs:node2/callerslog bufLen=19066 pos=19066 avail=0 reading=0 eofSeekCount=0
[FileHandle] MEMORY: bbs:node2/callerslog bufLen=19066 pos=18578 avail=488 reading=488 eofSeekCount=0
[FileHandle] SEEK: bbs:node2/callerslog from=0 to=18066 whence=2 offset=-1000 justEof=false
[FileHandle] SEEK: bbs:node2/callerslog from=19066 to=19066 whence=1 offset=0 justEof=false
[FileHandle] SEEK: bbs:node2/callerslog from=18066 to=18066 whence=1 offset=0 justEof=false
[FileHandle] SEEK: bbs:node2/callerslog from=19066 to=19066 whence=1 offset=0 justEof=true
[FileHandle] SEEK: bbs:node2/callerslog from=19066 to=19024 whence=0 offset=19024 justEof=true
[FileHandle] EOF-SEEK-BACK: bbs:node2/callerslog count=1 (seeking backwards after EOF)
[FileHandle] MEMORY: bbs:node2/callerslog bufLen=19066 pos=18066 avail=1000 reading=512 eofSeekCount=0
[FileHandle] MEMORY: bbs:node2/callerslog bufLen=19066 pos=19024 avail=42 reading=42 eofSeekCount=1
[FileHandle] MEMORY: bbs:node2/callerslog bufLen=19066 pos=19066 avail=0 reading=0 eofSeekCount=0
[FileHandle] SEEK: bbs:node2/callerslog from=18578 to=18578 whence=1 offset=0 justEof=false
[FileHandle] SEEK: bbs:node2/callerslog from=19066 to=19066 whence=1 offset=0 justEof=true
[FileHandle] SEEK: bbs:node2/callerslog from=19066 to=19024 whence=0 offset=19024 justEof=true
[FileHandle] EOF-SEEK-BACK: bbs:node2/callerslog count=1 (seeking backwards after EOF)
[FileHandle] MEMORY: bbs:node2/callerslog bufLen=19066 pos=19024 avail=42 reading=42 eofSeekCount=1
[FileHandle] MEMORY: bbs:node2/callerslog bufLen=19066 pos=18578 avail=488 reading=488 eofSeekCount=0
[FileHandle] SEEK: bbs:node2/callerslog from=19066 to=19066 whence=1 offset=0 justEof=false
[FileHandle] MEMORY: bbs:node2/callerslog bufLen=19066 pos=19066 avail=0 reading=0 eofSeekCount=0
[FileHandle] SEEK: bbs:node2/callerslog from=19066 to=19066 whence=1 offset=0 justEof=true
[FileHandle] SEEK: bbs:node2/callerslog from=19066 to=19024 whence=0 offset=19024 justEof=true
[FileHandle] EOF-SEEK-BACK: bbs:node2/callerslog count=1 (seeking backwards after EOF)
[FileHandle] MEMORY: bbs:node2/callerslog bufLen=19066 pos=19024 avail=42 reading=42 eofSeekCount=1
[FileHandle] MEMORY: bbs:node2/callerslog bufLen=19066 pos=19066 avail=0 reading=0 eofSeekCount=1
[FileHandle] MEMORY: bbs:node2/callerslog bufLen=19066 pos=19066 avail=0 reading=0 eofSeekCount=1
[FileHandle] MEMORY: bbs:node2/callerslog bufLen=19066 pos=19066 avail=0 reading=0 eofSeekCount=1
[FileHandle] SEEK: bbs:node2/callerslog from=0 to=18320 whence=2 offset=-1000 justEof=false
[FileHandle] SEEK: bbs:node2/callerslog from=18320 to=18320 whence=1 offset=0 justEof=false
[FileHandle] MEMORY: bbs:node2/callerslog bufLen=19320 pos=18320 avail=1000 reading=512 eofSeekCount=0
[FileHandle] MEMORY: bbs:node2/callerslog bufLen=19320 pos=18832 avail=488 reading=488 eofSeekCount=0
[FileHandle] SEEK: bbs:node2/callerslog from=19320 to=19320 whence=1 offset=0 justEof=false
[FileHandle] SEEK: bbs:node2/callerslog from=19320 to=19320 whence=1 offset=0 justEof=false
[FileHandle] MEMORY: bbs:node2/callerslog bufLen=19320 pos=19320 avail=0 reading=0 eofSeekCount=0
[FileHandle] SEEK: bbs:node2/callerslog from=19320 to=19320 whence=1 offset=0 justEof=true
[FileHandle] SEEK: bbs:node2/callerslog from=19320 to=19196 whence=0 offset=19196 justEof=true
[FileHandle] EOF-SEEK-BACK: bbs:node2/callerslog count=1 (seeking backwards after EOF)
[FileHandle] MEMORY: bbs:node2/callerslog bufLen=19320 pos=19196 avail=124 reading=124 eofSeekCount=1
[FileHandle] MEMORY: bbs:node2/callerslog bufLen=19320 pos=19320 avail=0 reading=0 eofSeekCount=1
[FileHandle] MEMORY: dOORS:dRE/dRE!WAll/dRE!WAll.dAtA bufLen=100 pos=0 avail=100 reading=100 eofSeekCount=0
[FileHandle] MEMORY: dOORS:dRE/dRE!WAll/dRE!WAll.dAtA bufLen=100 pos=100 avail=0 reading=0 eofSeekCount=0
[FileHandle] SEEK: bbs:node2/callerslog from=0 to=18739 whence=2 offset=-1000 justEof=false
[FileHandle] SEEK: bbs:node2/callerslog from=18739 to=18739 whence=1 offset=0 justEof=false
[FileHandle] MEMORY: bbs:node2/callerslog bufLen=19739 pos=18739 avail=1000 reading=512 eofSeekCount=0
[FileHandle] SEEK: bbs:node2/callerslog from=19251 to=19251 whence=1 offset=0 justEof=false
[FileHandle] SEEK: bbs:node2/callerslog from=19251 to=19251 whence=1 offset=0 justEof=false
[FileHandle] MEMORY: bbs:node2/callerslog bufLen=19739 pos=19251 avail=488 reading=488 eofSeekCount=0
[FileHandle] SEEK: bbs:node2/callerslog from=19739 to=19739 whence=1 offset=0 justEof=false
[FileHandle] SEEK: bbs:node2/callerslog from=19739 to=19739 whence=1 offset=0 justEof=false
[FileHandle] MEMORY: bbs:node2/callerslog bufLen=19739 pos=19739 avail=0 reading=0 eofSeekCount=0
[FileHandle] SEEK: bbs:node2/callerslog from=19739 to=19739 whence=1 offset=0 justEof=true
[FileHandle] SEEK: bbs:node2/callerslog from=19739 to=19615 whence=0 offset=19615 justEof=true
[FileHandle] EOF-SEEK-BACK: bbs:node2/callerslog count=1 (seeking backwards after EOF)
[FileHandle] MEMORY: bbs:node2/callerslog bufLen=19739 pos=19615 avail=124 reading=124 eofSeekCount=1
[FileHandle] MEMORY: bbs:node2/callerslog bufLen=19739 pos=19739 avail=0 reading=0 eofSeekCount=1
[FileHandle] SEEK: bbs:node2/callerslog from=0 to=18739 whence=2 offset=-1000 justEof=false
[FileHandle] SEEK: bbs:node2/callerslog from=18739 to=18739 whence=1 offset=0 justEof=false
[FileHandle] SEEK: bbs:node2/callerslog from=0 to=18739 whence=2 offset=-1000 justEof=false
[FileHandle] SEEK: bbs:node2/callerslog from=18739 to=18739 whence=1 offset=0 justEof=false
[FileHandle] MEMORY: bbs:node2/callerslog bufLen=19739 pos=18739 avail=1000 reading=512 eofSeekCount=0
[FileHandle] SEEK: bbs:node2/callerslog from=19251 to=19251 whence=1 offset=0 justEof=false
[FileHandle] SEEK: bbs:node2/callerslog from=19251 to=19251 whence=1 offset=0 justEof=false
[FileHandle] MEMORY: bbs:node2/callerslog bufLen=19739 pos=19251 avail=488 reading=488 eofSeekCount=0
[FileHandle] MEMORY: bbs:node2/callerslog bufLen=19739 pos=18739 avail=1000 reading=512 eofSeekCount=0
[FileHandle] SEEK: bbs:node2/callerslog from=19739 to=19739 whence=1 offset=0 justEof=false
[FileHandle] SEEK: bbs:node2/callerslog from=19251 to=19251 whence=1 offset=0 justEof=false
[FileHandle] SEEK: bbs:node2/callerslog from=19251 to=19251 whence=1 offset=0 justEof=false
[FileHandle] SEEK: bbs:node2/callerslog from=19739 to=19739 whence=1 offset=0 justEof=false
[FileHandle] MEMORY: bbs:node2/callerslog bufLen=19739 pos=19739 avail=0 reading=0 eofSeekCount=0
[FileHandle] MEMORY: bbs:node2/callerslog bufLen=19739 pos=19251 avail=488 reading=488 eofSeekCount=0
[FileHandle] SEEK: bbs:node2/callerslog from=19739 to=19739 whence=1 offset=0 justEof=true
[FileHandle] SEEK: bbs:node2/callerslog from=19739 to=19739 whence=1 offset=0 justEof=false
[FileHandle] SEEK: bbs:node2/callerslog from=19739 to=19615 whence=0 offset=19615 justEof=true
[FileHandle] SEEK: bbs:node2/callerslog from=19739 to=19739 whence=1 offset=0 justEof=false
[FileHandle] EOF-SEEK-BACK: bbs:node2/callerslog count=1 (seeking backwards after EOF)
[FileHandle] MEMORY: bbs:node2/callerslog bufLen=19739 pos=19739 avail=0 reading=0 eofSeekCount=0
[FileHandle] MEMORY: bbs:node2/callerslog bufLen=19739 pos=19615 avail=124 reading=124 eofSeekCount=1
[FileHandle] SEEK: bbs:node2/callerslog from=19739 to=19739 whence=1 offset=0 justEof=true
[FileHandle] SEEK: bbs:node2/callerslog from=19739 to=19615 whence=0 offset=19615 justEof=true
[FileHandle] EOF-SEEK-BACK: bbs:node2/callerslog count=1 (seeking backwards after EOF)
[FileHandle] MEMORY: bbs:node2/callerslog bufLen=19739 pos=19615 avail=124 reading=124 eofSeekCount=1
[FileHandle] MEMORY: bbs:node2/callerslog bufLen=19739 pos=19739 avail=0 reading=0 eofSeekCount=1
[FileHandle] MEMORY: bbs:node2/callerslog bufLen=19739 pos=19739 avail=0 reading=0 eofSeekCount=1
[FileHandle] SEEK: bbs:node2/callerslog from=0 to=18933 whence=2 offset=-1000 justEof=false
[FileHandle] SEEK: bbs:node2/callerslog from=18933 to=18933 whence=1 offset=0 justEof=false
[FileHandle] MEMORY: bbs:node2/callerslog bufLen=19933 pos=18933 avail=1000 reading=512 eofSeekCount=0
[FileHandle] SEEK: bbs:node2/callerslog from=19445 to=19445 whence=1 offset=0 justEof=false
[FileHandle] SEEK: bbs:node2/callerslog from=19445 to=19445 whence=1 offset=0 justEof=false
[FileHandle] MEMORY: bbs:node2/callerslog bufLen=19933 pos=19445 avail=488 reading=488 eofSeekCount=0
[FileHandle] SEEK: bbs:node2/callerslog from=19933 to=19933 whence=1 offset=0 justEof=false
[FileHandle] SEEK: bbs:node2/callerslog from=19933 to=19933 whence=1 offset=0 justEof=false
[FileHandle] MEMORY: bbs:node2/callerslog bufLen=19933 pos=19933 avail=0 reading=0 eofSeekCount=0
[FileHandle] SEEK: bbs:node2/callerslog from=19933 to=19933 whence=1 offset=0 justEof=true
[FileHandle] SEEK: bbs:node2/callerslog from=19933 to=19615 whence=0 offset=19615 justEof=true
[FileHandle] EOF-SEEK-BACK: bbs:node2/callerslog count=1 (seeking backwards after EOF)
[FileHandle] MEMORY: bbs:node2/callerslog bufLen=19933 pos=19615 avail=318 reading=318 eofSeekCount=1
[FileHandle] MEMORY: bbs:node2/callerslog bufLen=19933 pos=19933 avail=0 reading=0 eofSeekCount=1
[FileHandle] MEMORY: dOORS:dRE/dRE!WAll/dRE!WAll.dAtA bufLen=100 pos=0 avail=100 reading=100 eofSeekCount=0
[FileHandle] MEMORY: dOORS:dRE/dRE!WAll/dRE!WAll.dAtA bufLen=100 pos=100 avail=0 reading=0 eofSeekCount=0
[FileHandle] MEMORY: dOORS:dRE/dRE!WAll/dRE!WAll.dAtA bufLen=100 pos=0 avail=100 reading=100 eofSeekCount=0
[FileHandle] MEMORY: dOORS:dRE/dRE!WAll/dRE!WAll.dAtA bufLen=100 pos=100 avail=0 reading=0 eofSeekCount=0
[FileHandle] MEMORY: dOORS:dRE/dRE!WAll/dRE!WAll.dAtA bufLen=100 pos=0 avail=100 reading=100 eofSeekCount=0
[FileHandle] MEMORY: dOORS:dRE/dRE!WAll/dRE!WAll.dAtA bufLen=100 pos=100 avail=0 reading=0 eofSeekCount=0
[FileHandle] SEEK: bbs:node2/callerslog from=0 to=19000 whence=2 offset=-1000 justEof=false
[FileHandle] SEEK: bbs:node2/callerslog from=19000 to=19000 whence=1 offset=0 justEof=false
[FileHandle] MEMORY: bbs:node2/callerslog bufLen=20000 pos=19000 avail=1000 reading=512 eofSeekCount=0
[FileHandle] SEEK: bbs:node2/callerslog from=19512 to=19512 whence=1 offset=0 justEof=false
[FileHandle] SEEK: bbs:node2/callerslog from=19512 to=19512 whence=1 offset=0 justEof=false
[FileHandle] SEEK: bbs:node2/callerslog from=19512 to=19512 whence=1 offset=0 justEof=false
[FileHandle] MEMORY: bbs:node2/callerslog bufLen=20000 pos=19512 avail=488 reading=488 eofSeekCount=0
[FileHandle] SEEK: bbs:node2/callerslog from=20000 to=20000 whence=1 offset=0 justEof=false
[FileHandle] MEMORY: bbs:node2/callerslog bufLen=20000 pos=20000 avail=0 reading=0 eofSeekCount=0
[FileHandle] SEEK: bbs:node2/callerslog from=20000 to=20000 whence=1 offset=0 justEof=true
[FileHandle] SEEK: bbs:node2/callerslog from=20000 to=19615 whence=0 offset=19615 justEof=true
[FileHandle] EOF-SEEK-BACK: bbs:node2/callerslog count=1 (seeking backwards after EOF)
[FileHandle] MEMORY: bbs:node2/callerslog bufLen=20000 pos=19615 avail=385 reading=385 eofSeekCount=1
[FileHandle] MEMORY: bbs:node2/callerslog bufLen=20000 pos=20000 avail=0 reading=0 eofSeekCount=1
[FileHandle] SEEK: bbs:node2/callerslog from=0 to=19067 whence=2 offset=-1000 justEof=false
[FileHandle] SEEK: bbs:node2/callerslog from=19067 to=19067 whence=1 offset=0 justEof=false
[FileHandle] MEMORY: bbs:node2/callerslog bufLen=20067 pos=19067 avail=1000 reading=512 eofSeekCount=0
[FileHandle] SEEK: bbs:node2/callerslog from=19579 to=19579 whence=1 offset=0 justEof=false
[FileHandle] SEEK: bbs:node2/callerslog from=19579 to=19579 whence=1 offset=0 justEof=false
[FileHandle] MEMORY: bbs:node2/callerslog bufLen=20067 pos=19579 avail=488 reading=488 eofSeekCount=0
[FileHandle] SEEK: bbs:node2/callerslog from=20067 to=20067 whence=1 offset=0 justEof=false
[FileHandle] MEMORY: bbs:node2/callerslog bufLen=20067 pos=20067 avail=0 reading=0 eofSeekCount=0
[FileHandle] SEEK: bbs:node2/callerslog from=20067 to=20067 whence=1 offset=0 justEof=true
[FileHandle] SEEK: bbs:node2/callerslog from=20067 to=19615 whence=0 offset=19615 justEof=true
[FileHandle] EOF-SEEK-BACK: bbs:node2/callerslog count=1 (seeking backwards after EOF)
[FileHandle] MEMORY: bbs:node2/callerslog bufLen=20067 pos=19615 avail=452 reading=452 eofSeekCount=1
[FileHandle] MEMORY: bbs:node2/callerslog bufLen=20067 pos=20067 avail=0 reading=0 eofSeekCount=1
[FileHandle] MEMORY: dOORS:dRE/dRE!WAll/dRE!WAll.dAtA bufLen=100 pos=0 avail=100 reading=100 eofSeekCount=0
[FileHandle] MEMORY: dOORS:dRE/dRE!WAll/dRE!WAll.dAtA bufLen=100 pos=100 avail=0 reading=0 eofSeekCount=0
[FileHandle] SEEK: bbs:node2/callerslog from=0 to=19134 whence=2 offset=-1000 justEof=false
[FileHandle] SEEK: bbs:node2/callerslog from=19134 to=19134 whence=1 offset=0 justEof=false
[FileHandle] MEMORY: bbs:node2/callerslog bufLen=20134 pos=19134 avail=1000 reading=512 eofSeekCount=0
[FileHandle] SEEK: bbs:node2/callerslog from=19646 to=19646 whence=1 offset=0 justEof=false
[FileHandle] SEEK: bbs:node2/callerslog from=19646 to=19646 whence=1 offset=0 justEof=false
[FileHandle] SEEK: bbs:node2/callerslog from=19646 to=19646 whence=1 offset=0 justEof=false
[FileHandle] MEMORY: bbs:node2/callerslog bufLen=20134 pos=19646 avail=488 reading=488 eofSeekCount=0
[FileHandle] MEMORY: bbs:node2/callerslog bufLen=20134 pos=20134 avail=0 reading=0 eofSeekCount=0
[FileHandle] SEEK: bbs:node2/callerslog from=20134 to=20134 whence=1 offset=0 justEof=true
[FileHandle] SEEK: bbs:node2/callerslog from=20134 to=19615 whence=0 offset=19615 justEof=true
[FileHandle] EOF-SEEK-BACK: bbs:node2/callerslog count=1 (seeking backwards after EOF)
[FileHandle] MEMORY: bbs:node2/callerslog bufLen=20134 pos=19615 avail=519 reading=512 eofSeekCount=1
[FileHandle] MEMORY: bbs:node2/callerslog bufLen=20134 pos=20127 avail=7 reading=7 eofSeekCount=1
[FileHandle] MEMORY: bbs:node2/callerslog bufLen=20134 pos=20134 avail=0 reading=0 eofSeekCount=1
[FileHandle] MEMORY: dOORS:dRE/dRE!WAll/dRE!WAll.dAtA bufLen=100 pos=0 avail=100 reading=100 eofSeekCount=0
[FileHandle] MEMORY: dOORS:dRE/dRE!WAll/dRE!WAll.dAtA bufLen=100 pos=100 avail=0 reading=0 eofSeekCount=0
[FileHandle] SEEK: bbs:node2/callerslog from=0 to=19134 whence=2 offset=-1000 justEof=false
[FileHandle] SEEK: bbs:node2/callerslog from=19134 to=19134 whence=1 offset=0 justEof=false
[FileHandle] MEMORY: bbs:node2/callerslog bufLen=20134 pos=19134 avail=1000 reading=512 eofSeekCount=0
[FileHandle] SEEK: bbs:node2/callerslog from=19646 to=19646 whence=1 offset=0 justEof=false
[FileHandle] SEEK: bbs:node2/callerslog from=19646 to=19646 whence=1 offset=0 justEof=false
[FileHandle] SEEK: bbs:node2/callerslog from=19646 to=19646 whence=1 offset=0 justEof=false
[FileHandle] MEMORY: bbs:node2/callerslog bufLen=20134 pos=19646 avail=488 reading=488 eofSeekCount=0
[FileHandle] MEMORY: bbs:node2/callerslog bufLen=20134 pos=20134 avail=0 reading=0 eofSeekCount=0
[FileHandle] SEEK: bbs:node2/callerslog from=20134 to=20134 whence=1 offset=0 justEof=true
[FileHandle] SEEK: bbs:node2/callerslog from=20134 to=19615 whence=0 offset=19615 justEof=true
[FileHandle] EOF-SEEK-BACK: bbs:node2/callerslog count=1 (seeking backwards after EOF)
[FileHandle] MEMORY: bbs:node2/callerslog bufLen=20134 pos=19615 avail=519 reading=512 eofSeekCount=1
[FileHandle] MEMORY: bbs:node2/callerslog bufLen=20134 pos=20127 avail=7 reading=7 eofSeekCount=1
[FileHandle] MEMORY: bbs:node2/callerslog bufLen=20134 pos=20134 avail=0 reading=0 eofSeekCount=1
[FileHandle] MEMORY: dOORS:dRE/dRE!WAll/dRE!WAll.dAtA bufLen=100 pos=0 avail=100 reading=100 eofSeekCount=0
[FileHandle] MEMORY: dOORS:dRE/dRE!WAll/dRE!WAll.dAtA bufLen=100 pos=100 avail=0 reading=0 eofSeekCount=0
[FileHandle] SEEK: bbs:node2/callerslog from=0 to=19134 whence=2 offset=-1000 justEof=false
[FileHandle] SEEK: bbs:node2/callerslog from=19134 to=19134 whence=1 offset=0 justEof=false
[FileHandle] MEMORY: bbs:node2/callerslog bufLen=20134 pos=19134 avail=1000 reading=512 eofSeekCount=0
[FileHandle] SEEK: bbs:node2/callerslog from=19646 to=19646 whence=1 offset=0 justEof=false
[FileHandle] SEEK: bbs:node2/callerslog from=19646 to=19646 whence=1 offset=0 justEof=false
[FileHandle] SEEK: bbs:node2/callerslog from=19646 to=19646 whence=1 offset=0 justEof=false
[FileHandle] MEMORY: bbs:node2/callerslog bufLen=20134 pos=19646 avail=488 reading=488 eofSeekCount=0
[FileHandle] MEMORY: bbs:node2/callerslog bufLen=20134 pos=20134 avail=0 reading=0 eofSeekCount=0
[FileHandle] SEEK: bbs:node2/callerslog from=20134 to=20134 whence=1 offset=0 justEof=true
[FileHandle] SEEK: bbs:node2/callerslog from=20134 to=19615 whence=0 offset=19615 justEof=true
[FileHandle] EOF-SEEK-BACK: bbs:node2/callerslog count=1 (seeking backwards after EOF)
[FileHandle] MEMORY: bbs:node2/callerslog bufLen=20134 pos=19615 avail=519 reading=512 eofSeekCount=1
[FileHandle] MEMORY: bbs:node2/callerslog bufLen=20134 pos=20127 avail=7 reading=7 eofSeekCount=1
[FileHandle] MEMORY: bbs:node2/callerslog bufLen=20134 pos=20134 avail=0 reading=0 eofSeekCount=1
[FileHandle] MEMORY: dOORS:dRE/dRE!WAll/dRE!WAll.dAtA bufLen=100 pos=0 avail=100 reading=100 eofSeekCount=0
[FileHandle] MEMORY: dOORS:dRE/dRE!WAll/dRE!WAll.dAtA bufLen=100 pos=100 avail=0 reading=0 eofSeekCount=0
[FileHandle] SEEK: bbs:node2/callerslog from=0 to=19134 whence=2 offset=-1000 justEof=false
[FileHandle] SEEK: bbs:node2/callerslog from=19134 to=19134 whence=1 offset=0 justEof=false
[FileHandle] MEMORY: bbs:node2/callerslog bufLen=20134 pos=19134 avail=1000 reading=512 eofSeekCount=0
[FileHandle] SEEK: bbs:node2/callerslog from=19646 to=19646 whence=1 offset=0 justEof=false
[FileHandle] SEEK: bbs:node2/callerslog from=19646 to=19646 whence=1 offset=0 justEof=false
[FileHandle] SEEK: bbs:node2/callerslog from=19646 to=19646 whence=1 offset=0 justEof=false
[FileHandle] MEMORY: bbs:node2/callerslog bufLen=20134 pos=19646 avail=488 reading=488 eofSeekCount=0
[FileHandle] MEMORY: bbs:node2/callerslog bufLen=20134 pos=20134 avail=0 reading=0 eofSeekCount=0
[FileHandle] SEEK: bbs:node2/callerslog from=20134 to=20134 whence=1 offset=0 justEof=true
[FileHandle] SEEK: bbs:node2/callerslog from=20134 to=19615 whence=0 offset=19615 justEof=true
[FileHandle] EOF-SEEK-BACK: bbs:node2/callerslog count=1 (seeking backwards after EOF)
[FileHandle] MEMORY: bbs:node2/callerslog bufLen=20134 pos=19615 avail=519 reading=512 eofSeekCount=1
[FileHandle] MEMORY: bbs:node2/callerslog bufLen=20134 pos=20127 avail=7 reading=7 eofSeekCount=1
[FileHandle] MEMORY: bbs:node2/callerslog bufLen=20134 pos=20134 avail=0 reading=0 eofSeekCount=1
[FileHandle] MEMORY: dOORS:dRE/dRE!WAll/dRE!WAll.dAtA bufLen=100 pos=0 avail=100 reading=100 eofSeekCount=0
[FileHandle] MEMORY: dOORS:dRE/dRE!WAll/dRE!WAll.dAtA bufLen=100 pos=100 avail=0 reading=0 eofSeekCount=0
[FileHandle] SEEK: bbs:node2/callerslog from=0 to=19134 whence=2 offset=-1000 justEof=false
[FileHandle] SEEK: bbs:node2/callerslog from=19134 to=19134 whence=1 offset=0 justEof=false
[FileHandle] MEMORY: bbs:node2/callerslog bufLen=20134 pos=19134 avail=1000 reading=512 eofSeekCount=0
[FileHandle] SEEK: bbs:node2/callerslog from=19646 to=19646 whence=1 offset=0 justEof=false
[FileHandle] SEEK: bbs:node2/callerslog from=19646 to=19646 whence=1 offset=0 justEof=false
[FileHandle] SEEK: bbs:node2/callerslog from=19646 to=19646 whence=1 offset=0 justEof=false
[FileHandle] MEMORY: bbs:node2/callerslog bufLen=20134 pos=19646 avail=488 reading=488 eofSeekCount=0
[FileHandle] MEMORY: bbs:node2/callerslog bufLen=20134 pos=20134 avail=0 reading=0 eofSeekCount=0
[FileHandle] SEEK: bbs:node2/callerslog from=20134 to=20134 whence=1 offset=0 justEof=true
[FileHandle] SEEK: bbs:node2/callerslog from=20134 to=19615 whence=0 offset=19615 justEof=true
[FileHandle] EOF-SEEK-BACK: bbs:node2/callerslog count=1 (seeking backwards after EOF)
[FileHandle] MEMORY: bbs:node2/callerslog bufLen=20134 pos=19615 avail=519 reading=512 eofSeekCount=1
[FileHandle] MEMORY: bbs:node2/callerslog bufLen=20134 pos=20127 avail=7 reading=7 eofSeekCount=1
[FileHandle] MEMORY: bbs:node2/callerslog bufLen=20134 pos=20134 avail=0 reading=0 eofSeekCount=1
[FileHandle] MEMORY: dOORS:dRE/dRE!WAll/dRE!WAll.dAtA bufLen=100 pos=0 avail=100 reading=100 eofSeekCount=0
[FileHandle] MEMORY: dOORS:dRE/dRE!WAll/dRE!WAll.dAtA bufLen=100 pos=100 avail=0 reading=0 eofSeekCount=0
[FileHandle] MEMORY: dOORS:dRE/dRE!WAll/dRE!WAll.dAtA bufLen=100 pos=0 avail=100 reading=100 eofSeekCount=0
[FileHandle] MEMORY: dOORS:dRE/dRE!WAll/dRE!WAll.dAtA bufLen=100 pos=100 avail=0 reading=0 eofSeekCount=0
[FileHandle] SEEK: bbs:node2/callerslog from=0 to=19388 whence=2 offset=-1000 justEof=false
[FileHandle] SEEK: bbs:node2/callerslog from=19388 to=19388 whence=1 offset=0 justEof=false
[FileHandle] MEMORY: bbs:node2/callerslog bufLen=20388 pos=19388 avail=1000 reading=512 eofSeekCount=0
[FileHandle] SEEK: bbs:node2/callerslog from=19900 to=19900 whence=1 offset=0 justEof=false
[FileHandle] SEEK: bbs:node2/callerslog from=19900 to=19900 whence=1 offset=0 justEof=false
[FileHandle] MEMORY: bbs:node2/callerslog bufLen=20388 pos=19900 avail=488 reading=488 eofSeekCount=0
[FileHandle] SEEK: bbs:node2/callerslog from=20388 to=20388 whence=1 offset=0 justEof=false
[FileHandle] MEMORY: bbs:node2/callerslog bufLen=20388 pos=20388 avail=0 reading=0 eofSeekCount=0
[FileHandle] SEEK: bbs:node2/callerslog from=20388 to=20388 whence=1 offset=0 justEof=true
[FileHandle] SEEK: bbs:node2/callerslog from=20388 to=20264 whence=0 offset=20264 justEof=true
[FileHandle] EOF-SEEK-BACK: bbs:node2/callerslog count=1 (seeking backwards after EOF)
[FileHandle] MEMORY: bbs:node2/callerslog bufLen=20388 pos=20264 avail=124 reading=124 eofSeekCount=1
[FileHandle] MEMORY: bbs:node2/callerslog bufLen=20388 pos=20388 avail=0 reading=0 eofSeekCount=1
[FileHandle] MEMORY: dOORS:dRE/dRE!WAll/dRE!WAll.dAtA bufLen=100 pos=0 avail=100 reading=100 eofSeekCount=0
[FileHandle] MEMORY: dOORS:dRE/dRE!WAll/dRE!WAll.dAtA bufLen=100 pos=100 avail=0 reading=0 eofSeekCount=0
[FileHandle] SEEK: bbs:node2/callerslog from=0 to=19448 whence=2 offset=-1000 justEof=false
[FileHandle] SEEK: bbs:node2/callerslog from=19448 to=19448 whence=1 offset=0 justEof=false
[FileHandle] MEMORY: bbs:node2/callerslog bufLen=20448 pos=19448 avail=1000 reading=512 eofSeekCount=0
[FileHandle] SEEK: bbs:node2/callerslog from=19960 to=19960 whence=1 offset=0 justEof=false
[FileHandle] SEEK: bbs:node2/callerslog from=19960 to=19960 whence=1 offset=0 justEof=false
[FileHandle] MEMORY: bbs:node2/callerslog bufLen=20448 pos=19960 avail=488 reading=488 eofSeekCount=0
[FileHandle] SEEK: bbs:node2/callerslog from=20448 to=20448 whence=1 offset=0 justEof=false
[FileHandle] MEMORY: bbs:node2/callerslog bufLen=20448 pos=20448 avail=0 reading=0 eofSeekCount=0
[FileHandle] SEEK: bbs:node2/callerslog from=20448 to=20448 whence=1 offset=0 justEof=true
[FileHandle] SEEK: bbs:node2/callerslog from=20448 to=20264 whence=0 offset=20264 justEof=true
[FileHandle] EOF-SEEK-BACK: bbs:node2/callerslog count=1 (seeking backwards after EOF)
[FileHandle] MEMORY: bbs:node2/callerslog bufLen=20448 pos=20264 avail=184 reading=184 eofSeekCount=1
[FileHandle] MEMORY: bbs:node2/callerslog bufLen=20448 pos=20448 avail=0 reading=0 eofSeekCount=1
[FileHandle] MEMORY: dOORS:dRE/dRE!WAll/dRE!WAll.dAtA bufLen=100 pos=0 avail=100 reading=100 eofSeekCount=0
[FileHandle] MEMORY: dOORS:dRE/dRE!WAll/dRE!WAll.dAtA bufLen=100 pos=100 avail=0 reading=0 eofSeekCount=0
[FileHandle] SEEK: bbs:node2/callerslog from=0 to=19702 whence=2 offset=-1000 justEof=false
[FileHandle] SEEK: bbs:node2/callerslog from=19702 to=19702 whence=1 offset=0 justEof=false
[FileHandle] MEMORY: bbs:node2/callerslog bufLen=20702 pos=19702 avail=1000 reading=512 eofSeekCount=0
[FileHandle] MEMORY: dOORS:dRE/dRE!WAll/dRE!WAll.dAtA bufLen=100 pos=0 avail=100 reading=100 eofSeekCount=0
[FileHandle] MEMORY: dOORS:dRE/dRE!WAll/dRE!WAll.dAtA bufLen=100 pos=0 avail=100 reading=100 eofSeekCount=0
[FileHandle] SEEK: bbs:node2/callerslog from=0 to=19854 whence=2 offset=-1000 justEof=false
[FileHandle] SEEK: bbs:node2/callerslog from=19854 to=19854 whence=1 offset=0 justEof=false
[FileHandle] MEMORY: bbs:node2/callerslog bufLen=20854 pos=19854 avail=1000 reading=512 eofSeekCount=0
[FileHandle] SEEK: bbs:node2/callerslog from=20366 to=20366 whence=1 offset=0 justEof=false
[FileHandle] MEMORY: bbs:node2/callerslog bufLen=20854 pos=20366 avail=488 reading=488 eofSeekCount=0
[FileHandle] SEEK: bbs:node2/callerslog from=20854 to=20854 whence=1 offset=0 justEof=false
[FileHandle] MEMORY: bbs:node2/callerslog bufLen=20854 pos=20854 avail=0 reading=0 eofSeekCount=0
[FileHandle] SEEK: bbs:node2/callerslog from=20854 to=20854 whence=1 offset=0 justEof=true
[FileHandle] SEEK: bbs:node2/callerslog from=20854 to=20578 whence=0 offset=20578 justEof=true
[FileHandle] EOF-SEEK-BACK: bbs:node2/callerslog count=1 (seeking backwards after EOF)
[FileHandle] MEMORY: bbs:node2/callerslog bufLen=20854 pos=20578 avail=276 reading=276 eofSeekCount=1
[FileHandle] MEMORY: bbs:node2/callerslog bufLen=20854 pos=20854 avail=0 reading=0 eofSeekCount=1
[FileHandle] MEMORY: dOORS:dRE/dRE!WAll/dRE!WAll.dAtA bufLen=100 pos=0 avail=100 reading=100 eofSeekCount=0
[FileHandle] MEMORY: dOORS:dRE/dRE!WAll/dRE!WAll.dAtA bufLen=100 pos=100 avail=0 reading=0 eofSeekCount=0
[FileHandle] MEMORY: dOORS:dRE/dRE!WAll/dRE!WAll.dAtA bufLen=100 pos=0 avail=100 reading=100 eofSeekCount=0
[FileHandle] MEMORY: dOORS:dRE/dRE!WAll/dRE!WAll.dAtA bufLen=100 pos=100 avail=0 reading=0 eofSeekCount=0
[FileHandle] SEEK: bbs:node2/callerslog from=0 to=19854 whence=2 offset=-1000 justEof=false
[FileHandle] SEEK: bbs:node2/callerslog from=19854 to=19854 whence=1 offset=0 justEof=false
[FileHandle] MEMORY: bbs:node2/callerslog bufLen=20854 pos=19854 avail=1000 reading=512 eofSeekCount=0
[FileHandle] SEEK: bbs:node2/callerslog from=20366 to=20366 whence=1 offset=0 justEof=false
[FileHandle] MEMORY: bbs:node2/callerslog bufLen=20854 pos=20366 avail=488 reading=488 eofSeekCount=0
[FileHandle] SEEK: bbs:node2/callerslog from=20854 to=20854 whence=1 offset=0 justEof=false
[FileHandle] MEMORY: bbs:node2/callerslog bufLen=20854 pos=20854 avail=0 reading=0 eofSeekCount=0
[FileHandle] SEEK: bbs:node2/callerslog from=20854 to=20854 whence=1 offset=0 justEof=true
[FileHandle] SEEK: bbs:node2/callerslog from=20854 to=20578 whence=0 offset=20578 justEof=true
[FileHandle] EOF-SEEK-BACK: bbs:node2/callerslog count=1 (seeking backwards after EOF)
[FileHandle] MEMORY: bbs:node2/callerslog bufLen=20854 pos=20578 avail=276 reading=276 eofSeekCount=1
[FileHandle] MEMORY: bbs:node2/callerslog bufLen=20854 pos=20854 avail=0 reading=0 eofSeekCount=1
[FileHandle] SEEK: bbs:node2/callerslog from=0 to=20108 whence=2 offset=-1000 justEof=false
[FileHandle] SEEK: bbs:node2/callerslog from=20108 to=20108 whence=1 offset=0 justEof=false
[FileHandle] MEMORY: bbs:node2/callerslog bufLen=21108 pos=20108 avail=1000 reading=512 eofSeekCount=0
[FileHandle] SEEK: bbs:node2/callerslog from=20620 to=20620 whence=1 offset=0 justEof=false
[FileHandle] SEEK: bbs:node2/callerslog from=20620 to=20620 whence=1 offset=0 justEof=false
[FileHandle] MEMORY: bbs:node2/callerslog bufLen=21108 pos=20620 avail=488 reading=488 eofSeekCount=0
[FileHandle] SEEK: bbs:node2/callerslog from=21108 to=21108 whence=1 offset=0 justEof=false
[FileHandle] MEMORY: bbs:node2/callerslog bufLen=21108 pos=21108 avail=0 reading=0 eofSeekCount=0
[FileHandle] SEEK: bbs:node2/callerslog from=21108 to=21108 whence=1 offset=0 justEof=true
[FileHandle] SEEK: bbs:node2/callerslog from=21108 to=20984 whence=0 offset=20984 justEof=true
[FileHandle] EOF-SEEK-BACK: bbs:node2/callerslog count=1 (seeking backwards after EOF)
[FileHandle] MEMORY: bbs:node2/callerslog bufLen=21108 pos=20984 avail=124 reading=124 eofSeekCount=1
[FileHandle] MEMORY: bbs:node2/callerslog bufLen=21108 pos=21108 avail=0 reading=0 eofSeekCount=1
[FileHandle] MEMORY: dOORS:dRE/dRE!WAll/dRE!WAll.dAtA bufLen=100 pos=0 avail=100 reading=100 eofSeekCount=0
[FileHandle] MEMORY: dOORS:dRE/dRE!WAll/dRE!WAll.dAtA bufLen=100 pos=100 avail=0 reading=0 eofSeekCount=0
[FileHandle] SEEK: bbs:node2/callerslog from=0 to=20256 whence=2 offset=-1000 justEof=false
[FileHandle] SEEK: bbs:node2/callerslog from=20256 to=20256 whence=1 offset=0 justEof=false
[FileHandle] MEMORY: bbs:node2/callerslog bufLen=21256 pos=20256 avail=1000 reading=512 eofSeekCount=0
[FileHandle] SEEK: bbs:node2/callerslog from=20768 to=20768 whence=1 offset=0 justEof=false
[FileHandle] SEEK: bbs:node2/callerslog from=20768 to=20768 whence=1 offset=0 justEof=false
[FileHandle] MEMORY: bbs:node2/callerslog bufLen=21256 pos=20768 avail=488 reading=488 eofSeekCount=0
[FileHandle] SEEK: bbs:node2/callerslog from=21256 to=21256 whence=1 offset=0 justEof=false
[FileHandle] MEMORY: bbs:node2/callerslog bufLen=21256 pos=21256 avail=0 reading=0 eofSeekCount=0
[FileHandle] SEEK: bbs:node2/callerslog from=21256 to=21256 whence=1 offset=0 justEof=true
[FileHandle] SEEK: bbs:node2/callerslog from=21256 to=20984 whence=0 offset=20984 justEof=true
[FileHandle] EOF-SEEK-BACK: bbs:node2/callerslog count=1 (seeking backwards after EOF)
[FileHandle] MEMORY: bbs:node2/callerslog bufLen=21256 pos=20984 avail=272 reading=272 eofSeekCount=1
[FileHandle] MEMORY: bbs:node2/callerslog bufLen=21256 pos=21256 avail=0 reading=0 eofSeekCount=1
[FileHandle] MEMORY: dOORS:dRE/dRE!WAll/dRE!WAll.dAtA bufLen=100 pos=0 avail=100 reading=100 eofSeekCount=0
[FileHandle] MEMORY: dOORS:dRE/dRE!WAll/dRE!WAll.dAtA bufLen=100 pos=100 avail=0 reading=0 eofSeekCount=0
[FileHandle] SEEK: bbs:node2/callerslog from=0 to=20256 whence=2 offset=-1000 justEof=false
[FileHandle] SEEK: bbs:node2/callerslog from=20256 to=20256 whence=1 offset=0 justEof=false
[FileHandle] MEMORY: bbs:node2/callerslog bufLen=21256 pos=20256 avail=1000 reading=512 eofSeekCount=0
[FileHandle] SEEK: bbs:node2/callerslog from=20768 to=20768 whence=1 offset=0 justEof=false
[FileHandle] SEEK: bbs:node2/callerslog from=20768 to=20768 whence=1 offset=0 justEof=false
[FileHandle] MEMORY: bbs:node2/callerslog bufLen=21256 pos=20768 avail=488 reading=488 eofSeekCount=0
[FileHandle] SEEK: bbs:node2/callerslog from=21256 to=21256 whence=1 offset=0 justEof=false
[FileHandle] MEMORY: bbs:node2/callerslog bufLen=21256 pos=21256 avail=0 reading=0 eofSeekCount=0
[FileHandle] SEEK: bbs:node2/callerslog from=21256 to=21256 whence=1 offset=0 justEof=true
[FileHandle] SEEK: bbs:node2/callerslog from=21256 to=20984 whence=0 offset=20984 justEof=true
[FileHandle] EOF-SEEK-BACK: bbs:node2/callerslog count=1 (seeking backwards after EOF)
[FileHandle] MEMORY: bbs:node2/callerslog bufLen=21256 pos=20984 avail=272 reading=272 eofSeekCount=1
[FileHandle] MEMORY: bbs:node2/callerslog bufLen=21256 pos=21256 avail=0 reading=0 eofSeekCount=1
[FileHandle] MEMORY: dOORS:dRE/dRE!WAll/dRE!WAll.dAtA bufLen=100 pos=0 avail=100 reading=100 eofSeekCount=0
[FileHandle] MEMORY: dOORS:dRE/dRE!WAll/dRE!WAll.dAtA bufLen=100 pos=100 avail=0 reading=0 eofSeekCount=0
[FileHandle] SEEK: bbs:node2/callerslog from=0 to=20256 whence=2 offset=-1000 justEof=false
[FileHandle] SEEK: bbs:node2/callerslog from=20256 to=20256 whence=1 offset=0 justEof=false
[FileHandle] MEMORY: bbs:node2/callerslog bufLen=21256 pos=20256 avail=1000 reading=512 eofSeekCount=0
[FileHandle] SEEK: bbs:node2/callerslog from=20768 to=20768 whence=1 offset=0 justEof=false
[FileHandle] SEEK: bbs:node2/callerslog from=20768 to=20768 whence=1 offset=0 justEof=false
[FileHandle] MEMORY: bbs:node2/callerslog bufLen=21256 pos=20768 avail=488 reading=488 eofSeekCount=0
[FileHandle] SEEK: bbs:node2/callerslog from=21256 to=21256 whence=1 offset=0 justEof=false
[FileHandle] MEMORY: bbs:node2/callerslog bufLen=21256 pos=21256 avail=0 reading=0 eofSeekCount=0
[FileHandle] SEEK: bbs:node2/callerslog from=21256 to=21256 whence=1 offset=0 justEof=true
[FileHandle] SEEK: bbs:node2/callerslog from=21256 to=20984 whence=0 offset=20984 justEof=true
[FileHandle] EOF-SEEK-BACK: bbs:node2/callerslog count=1 (seeking backwards after EOF)
[FileHandle] MEMORY: bbs:node2/callerslog bufLen=21256 pos=20984 avail=272 reading=272 eofSeekCount=1
[FileHandle] MEMORY: bbs:node2/callerslog bufLen=21256 pos=21256 avail=0 reading=0 eofSeekCount=1
[FileHandle] MEMORY: dOORS:dRE/dRE!WAll/dRE!WAll.dAtA bufLen=100 pos=0 avail=100 reading=100 eofSeekCount=0
[FileHandle] MEMORY: dOORS:dRE/dRE!WAll/dRE!WAll.dAtA bufLen=100 pos=100 avail=0 reading=0 eofSeekCount=0
[FileHandle] SEEK: bbs:node2/callerslog from=0 to=20256 whence=2 offset=-1000 justEof=false
[FileHandle] SEEK: bbs:node2/callerslog from=20256 to=20256 whence=1 offset=0 justEof=false
[FileHandle] MEMORY: bbs:node2/callerslog bufLen=21256 pos=20256 avail=1000 reading=512 eofSeekCount=0
[FileHandle] SEEK: bbs:node2/callerslog from=20768 to=20768 whence=1 offset=0 justEof=false
[FileHandle] SEEK: bbs:node2/callerslog from=20768 to=20768 whence=1 offset=0 justEof=false
[FileHandle] MEMORY: bbs:node2/callerslog bufLen=21256 pos=20768 avail=488 reading=488 eofSeekCount=0
[FileHandle] SEEK: bbs:node2/callerslog from=21256 to=21256 whence=1 offset=0 justEof=false
[FileHandle] MEMORY: bbs:node2/callerslog bufLen=21256 pos=21256 avail=0 reading=0 eofSeekCount=0
[FileHandle] SEEK: bbs:node2/callerslog from=21256 to=21256 whence=1 offset=0 justEof=true
[FileHandle] SEEK: bbs:node2/callerslog from=21256 to=20984 whence=0 offset=20984 justEof=true
[FileHandle] EOF-SEEK-BACK: bbs:node2/callerslog count=1 (seeking backwards after EOF)
[FileHandle] MEMORY: bbs:node2/callerslog bufLen=21256 pos=20984 avail=272 reading=272 eofSeekCount=1
[FileHandle] MEMORY: bbs:node2/callerslog bufLen=21256 pos=21256 avail=0 reading=0 eofSeekCount=1
[FileHandle] MEMORY: dOORS:dRE/dRE!WAll/dRE!WAll.dAtA bufLen=100 pos=0 avail=100 reading=100 eofSeekCount=0
[FileHandle] MEMORY: dOORS:dRE/dRE!WAll/dRE!WAll.dAtA bufLen=100 pos=100 avail=0 reading=0 eofSeekCount=0
[FileHandle] SEEK: bbs:node2/callerslog from=0 to=20256 whence=2 offset=-1000 justEof=false
[FileHandle] MEMORY: dOORS:dRE/dRE!WAll/dRE!WAll.dAtA bufLen=100 pos=0 avail=100 reading=100 eofSeekCount=0
[FileHandle] SEEK: bbs:node2/callerslog from=20256 to=20256 whence=1 offset=0 justEof=false
[FileHandle] MEMORY: bbs:node2/callerslog bufLen=21256 pos=20256 avail=1000 reading=512 eofSeekCount=0
[FileHandle] MEMORY: dOORS:dRE/dRE!WAll/dRE!WAll.dAtA bufLen=100 pos=100 avail=0 reading=0 eofSeekCount=0
[FileHandle] SEEK: bbs:node2/callerslog from=20768 to=20768 whence=1 offset=0 justEof=false
[FileHandle] SEEK: bbs:node2/callerslog from=20768 to=20768 whence=1 offset=0 justEof=false
[FileHandle] MEMORY: bbs:node2/callerslog bufLen=21256 pos=20768 avail=488 reading=488 eofSeekCount=0
[FileHandle] SEEK: bbs:node2/callerslog from=21256 to=21256 whence=1 offset=0 justEof=false
[FileHandle] MEMORY: bbs:node2/callerslog bufLen=21256 pos=21256 avail=0 reading=0 eofSeekCount=0
[FileHandle] SEEK: bbs:node2/callerslog from=21256 to=21256 whence=1 offset=0 justEof=true
[FileHandle] SEEK: bbs:node2/callerslog from=21256 to=20984 whence=0 offset=20984 justEof=true
[FileHandle] EOF-SEEK-BACK: bbs:node2/callerslog count=1 (seeking backwards after EOF)
[FileHandle] MEMORY: bbs:node2/callerslog bufLen=21256 pos=20984 avail=272 reading=272 eofSeekCount=1
[FileHandle] MEMORY: bbs:node2/callerslog bufLen=21256 pos=21256 avail=0 reading=0 eofSeekCount=1
[FileHandle] SEEK: bbs:node2/callerslog from=0 to=20256 whence=2 offset=-1000 justEof=false
[FileHandle] SEEK: bbs:node2/callerslog from=20256 to=20256 whence=1 offset=0 justEof=false
[FileHandle] MEMORY: bbs:node2/callerslog bufLen=21256 pos=20256 avail=1000 reading=512 eofSeekCount=0
[FileHandle] SEEK: bbs:node2/callerslog from=20768 to=20768 whence=1 offset=0 justEof=false
[FileHandle] SEEK: bbs:node2/callerslog from=20768 to=20768 whence=1 offset=0 justEof=false
[FileHandle] MEMORY: bbs:node2/callerslog bufLen=21256 pos=20768 avail=488 reading=488 eofSeekCount=0
[FileHandle] SEEK: bbs:node2/callerslog from=21256 to=21256 whence=1 offset=0 justEof=false
[FileHandle] MEMORY: bbs:node2/callerslog bufLen=21256 pos=21256 avail=0 reading=0 eofSeekCount=0
[FileHandle] SEEK: bbs:node2/callerslog from=21256 to=21256 whence=1 offset=0 justEof=true
[FileHandle] SEEK: bbs:node2/callerslog from=21256 to=20984 whence=0 offset=20984 justEof=true
[FileHandle] EOF-SEEK-BACK: bbs:node2/callerslog count=1 (seeking backwards after EOF)
[FileHandle] MEMORY: bbs:node2/callerslog bufLen=21256 pos=20984 avail=272 reading=272 eofSeekCount=1
[FileHandle] MEMORY: bbs:node2/callerslog bufLen=21256 pos=21256 avail=0 reading=0 eofSeekCount=1
[FileHandle] MEMORY: dOORS:dRE/dRE!WAll/dRE!WAll.dAtA bufLen=100 pos=0 avail=100 reading=100 eofSeekCount=0
[FileHandle] MEMORY: dOORS:dRE/dRE!WAll/dRE!WAll.dAtA bufLen=100 pos=100 avail=0 reading=0 eofSeekCount=0
[FileHandle] SEEK: bbs:node2/callerslog from=0 to=20256 whence=2 offset=-1000 justEof=false
[FileHandle] SEEK: bbs:node2/callerslog from=20256 to=20256 whence=1 offset=0 justEof=false
[FileHandle] MEMORY: bbs:node2/callerslog bufLen=21256 pos=20256 avail=1000 reading=512 eofSeekCount=0
[FileHandle] SEEK: bbs:node2/callerslog from=20768 to=20768 whence=1 offset=0 justEof=false
[FileHandle] SEEK: bbs:node2/callerslog from=20768 to=20768 whence=1 offset=0 justEof=false
[FileHandle] MEMORY: bbs:node2/callerslog bufLen=21256 pos=20768 avail=488 reading=488 eofSeekCount=0
[FileHandle] SEEK: bbs:node2/callerslog from=21256 to=21256 whence=1 offset=0 justEof=false
[FileHandle] MEMORY: bbs:node2/callerslog bufLen=21256 pos=21256 avail=0 reading=0 eofSeekCount=0
[FileHandle] SEEK: bbs:node2/callerslog from=21256 to=21256 whence=1 offset=0 justEof=true
[FileHandle] SEEK: bbs:node2/callerslog from=21256 to=20984 whence=0 offset=20984 justEof=true
[FileHandle] EOF-SEEK-BACK: bbs:node2/callerslog count=1 (seeking backwards after EOF)
[FileHandle] MEMORY: bbs:node2/callerslog bufLen=21256 pos=20984 avail=272 reading=272 eofSeekCount=1
[FileHandle] MEMORY: dOORS:dRE/dRE!WAll/dRE!WAll.dAtA bufLen=100 pos=0 avail=100 reading=100 eofSeekCount=0
[FileHandle] MEMORY: bbs:node2/callerslog bufLen=21256 pos=21256 avail=0 reading=0 eofSeekCount=1
[FileHandle] MEMORY: dOORS:dRE/dRE!WAll/dRE!WAll.dAtA bufLen=100 pos=100 avail=0 reading=0 eofSeekCount=0
[FileHandle] SEEK: bbs:node3/callerslog from=0 to=9373 whence=2 offset=-1000 justEof=false
[FileHandle] SEEK: bbs:node3/callerslog from=9373 to=9373 whence=1 offset=0 justEof=false
[FileHandle] MEMORY: bbs:node3/callerslog bufLen=10373 pos=9373 avail=1000 reading=512 eofSeekCount=0
[FileHandle] SEEK: bbs:node3/callerslog from=9885 to=9885 whence=1 offset=0 justEof=false
[FileHandle] SEEK: bbs:node3/callerslog from=9885 to=9885 whence=1 offset=0 justEof=false
[FileHandle] MEMORY: bbs:node3/callerslog bufLen=10373 pos=9885 avail=488 reading=488 eofSeekCount=0
[FileHandle] SEEK: bbs:node3/callerslog from=10373 to=10373 whence=1 offset=0 justEof=false
[FileHandle] MEMORY: bbs:node3/callerslog bufLen=10373 pos=10373 avail=0 reading=0 eofSeekCount=0
[FileHandle] SEEK: bbs:node3/callerslog from=10373 to=10373 whence=1 offset=0 justEof=true
[FileHandle] SEEK: bbs:node3/callerslog from=10373 to=10189 whence=0 offset=10189 justEof=true
[FileHandle] EOF-SEEK-BACK: bbs:node3/callerslog count=1 (seeking backwards after EOF)
[FileHandle] MEMORY: bbs:node3/callerslog bufLen=10373 pos=10189 avail=184 reading=184 eofSeekCount=1
[FileHandle] MEMORY: bbs:node3/callerslog bufLen=10373 pos=10373 avail=0 reading=0 eofSeekCount=1
[FileHandle] MEMORY: dOORS:dRE/dRE!WAll/dRE!WAll.dAtA bufLen=100 pos=0 avail=100 reading=100 eofSeekCount=0
[FileHandle] MEMORY: dOORS:dRE/dRE!WAll/dRE!WAll.dAtA bufLen=100 pos=100 avail=0 reading=0 eofSeekCount=0
[FileHandle] SEEK: bbs:node3/callerslog from=0 to=9373 whence=2 offset=-1000 justEof=false
[FileHandle] SEEK: bbs:node3/callerslog from=9373 to=9373 whence=1 offset=0 justEof=false
[FileHandle] MEMORY: bbs:node3/callerslog bufLen=10373 pos=9373 avail=1000 reading=512 eofSeekCount=0
[FileHandle] SEEK: bbs:node3/callerslog from=9885 to=9885 whence=1 offset=0 justEof=false
[FileHandle] SEEK: bbs:node3/callerslog from=9885 to=9885 whence=1 offset=0 justEof=false
[FileHandle] MEMORY: bbs:node3/callerslog bufLen=10373 pos=9885 avail=488 reading=488 eofSeekCount=0
[FileHandle] SEEK: bbs:node3/callerslog from=10373 to=10373 whence=1 offset=0 justEof=false
[FileHandle] MEMORY: dOORS:dRE/dRE!WAll/dRE!WAll.dAtA bufLen=100 pos=0 avail=100 reading=100 eofSeekCount=0
[FileHandle] MEMORY: bbs:node3/callerslog bufLen=10373 pos=10373 avail=0 reading=0 eofSeekCount=0
[FileHandle] SEEK: bbs:node3/callerslog from=10373 to=10373 whence=1 offset=0 justEof=true
[FileHandle] SEEK: bbs:node3/callerslog from=10373 to=10189 whence=0 offset=10189 justEof=true
[FileHandle] EOF-SEEK-BACK: bbs:node3/callerslog count=1 (seeking backwards after EOF)
[FileHandle] MEMORY: dOORS:dRE/dRE!WAll/dRE!WAll.dAtA bufLen=100 pos=100 avail=0 reading=0 eofSeekCount=0
[FileHandle] MEMORY: bbs:node3/callerslog bufLen=10373 pos=10189 avail=184 reading=184 eofSeekCount=1
[FileHandle] MEMORY: bbs:node3/callerslog bufLen=10373 pos=10373 avail=0 reading=0 eofSeekCount=1
[FileHandle] MEMORY: dOORS:dRE/dRE!WAll/dRE!WAll.dAtA bufLen=100 pos=0 avail=100 reading=100 eofSeekCount=0
[FileHandle] MEMORY: dOORS:dRE/dRE!WAll/dRE!WAll.dAtA bufLen=100 pos=100 avail=0 reading=0 eofSeekCount=0
[FileHandle] SEEK: bbs:node3/callerslog from=0 to=9373 whence=2 offset=-1000 justEof=false
[FileHandle] SEEK: bbs:node3/callerslog from=9373 to=9373 whence=1 offset=0 justEof=false
[FileHandle] MEMORY: bbs:node3/callerslog bufLen=10373 pos=9373 avail=1000 reading=512 eofSeekCount=0
[FileHandle] SEEK: bbs:node3/callerslog from=9885 to=9885 whence=1 offset=0 justEof=false
[FileHandle] SEEK: bbs:node3/callerslog from=9885 to=9885 whence=1 offset=0 justEof=false
[FileHandle] MEMORY: bbs:node3/callerslog bufLen=10373 pos=9885 avail=488 reading=488 eofSeekCount=0
[FileHandle] SEEK: bbs:node3/callerslog from=10373 to=10373 whence=1 offset=0 justEof=false
[FileHandle] MEMORY: bbs:node3/callerslog bufLen=10373 pos=10373 avail=0 reading=0 eofSeekCount=0
[FileHandle] SEEK: bbs:node3/callerslog from=10373 to=10373 whence=1 offset=0 justEof=true
[FileHandle] SEEK: bbs:node3/callerslog from=10373 to=10189 whence=0 offset=10189 justEof=true
[FileHandle] EOF-SEEK-BACK: bbs:node3/callerslog count=1 (seeking backwards after EOF)
[FileHandle] MEMORY: bbs:node3/callerslog bufLen=10373 pos=10189 avail=184 reading=184 eofSeekCount=1
[FileHandle] MEMORY: bbs:node3/callerslog bufLen=10373 pos=10373 avail=0 reading=0 eofSeekCount=1
[FileHandle] SEEK: Doors:AquaScan/AquaScan.Date.2 from=0 to=188 whence=2 offset=0 justEof=false
[FileHandle] SEEK: Doors:AquaScan/AquaScan.Date.2 from=188 to=0 whence=0 offset=0 justEof=false
[FileHandle] MEMORY: Doors:AquaScan/AquaScan.Date.2 bufLen=188 pos=0 avail=188 reading=188 eofSeekCount=0
[FileHandle] SEEK: Doors:AquaScan/AquaScan.Div.2 from=0 to=78 whence=2 offset=0 justEof=false
[FileHandle] SEEK: Doors:AquaScan/AquaScan.Div.2 from=78 to=0 whence=0 offset=0 justEof=false
[FileHandle] MEMORY: Doors:AquaScan/AquaScan.Div.2 bufLen=78 pos=0 avail=78 reading=78 eofSeekCount=0
[FileHandle] MEMORY: /Users/spot/Code/amiexpress-web/Conf3/Dir1 bufLen=1 pos=0 avail=1 reading=1 eofSeekCount=0
[FileHandle] SEEK: Doors:AquaScan/AquaScan.Date.2 from=0 to=188 whence=2 offset=0 justEof=false
[FileHandle] SEEK: Doors:AquaScan/AquaScan.Date.2 from=188 to=0 whence=0 offset=0 justEof=false
[FileHandle] MEMORY: Doors:AquaScan/AquaScan.Date.2 bufLen=188 pos=0 avail=188 reading=188 eofSeekCount=0
[FileHandle] SEEK: Doors:AquaScan/AquaScan.Div.2 from=0 to=78 whence=2 offset=0 justEof=false
[FileHandle] SEEK: Doors:AquaScan/AquaScan.Div.2 from=78 to=0 whence=0 offset=0 justEof=false
[FileHandle] MEMORY: Doors:AquaScan/AquaScan.Div.2 bufLen=78 pos=0 avail=78 reading=78 eofSeekCount=0
[FileHandle] MEMORY: /Users/spot/Code/amiexpress-web/Conf2/Dir1 bufLen=1 pos=0 avail=1 reading=1 eofSeekCount=0
[FileHandle] SEEK: Doors:AquaScan/AquaScan.Date.2 from=0 to=188 whence=2 offset=0 justEof=false
[FileHandle] SEEK: Doors:AquaScan/AquaScan.Date.2 from=188 to=0 whence=0 offset=0 justEof=false
[FileHandle] MEMORY: Doors:AquaScan/AquaScan.Date.2 bufLen=188 pos=0 avail=188 reading=188 eofSeekCount=0
[FileHandle] SEEK: Doors:AquaScan/AquaScan.Div.2 from=0 to=78 whence=2 offset=0 justEof=false
[FileHandle] SEEK: Doors:AquaScan/AquaScan.Div.2 from=78 to=0 whence=0 offset=0 justEof=false
[FileHandle] MEMORY: Doors:AquaScan/AquaScan.Div.2 bufLen=78 pos=0 avail=78 reading=78 eofSeekCount=0
[FileHandle] MEMORY: /Users/spot/Code/amiexpress-web/Conf3/Dir1 bufLen=1 pos=0 avail=1 reading=1 eofSeekCount=0
[FileHandle] MEMORY: bbs:node2.user bufLen=239 pos=0 avail=239 reading=239 eofSeekCount=0
[FileHandle] MEMORY: bbs:systemstats bufLen=6 pos=0 avail=6 reading=6 eofSeekCount=0
[FileHandle] SEEK: Doors:AquaScan/AquaScan.Date.2 from=0 to=188 whence=2 offset=0 justEof=false
[FileHandle] SEEK: Doors:AquaScan/AquaScan.Date.2 from=188 to=0 whence=0 offset=0 justEof=false
[FileHandle] MEMORY: Doors:AquaScan/AquaScan.Date.2 bufLen=188 pos=0 avail=188 reading=188 eofSeekCount=0
[FileHandle] SEEK: Doors:AquaScan/AquaScan.Div.2 from=0 to=78 whence=2 offset=0 justEof=false
[FileHandle] SEEK: Doors:AquaScan/AquaScan.Div.2 from=78 to=0 whence=0 offset=0 justEof=false
[FileHandle] MEMORY: Doors:AquaScan/AquaScan.Div.2 bufLen=78 pos=0 avail=78 reading=78 eofSeekCount=0
[FileHandle] MEMORY: /Users/spot/Code/amiexpress-web/Conf3/Dir1 bufLen=584 pos=0 avail=584 reading=584 eofSeekCount=0
[FileHandle] MEMORY: dOORS:dRE/dRE!WAll/dRE!WAll.dAtA bufLen=100 pos=0 avail=100 reading=100 eofSeekCount=0
[FileHandle] MEMORY: dOORS:dRE/dRE!WAll/dRE!WAll.dAtA bufLen=100 pos=100 avail=0 reading=0 eofSeekCount=0
[FileHandle] SEEK: bbs:node3/callerslog from=0 to=9373 whence=2 offset=-1000 justEof=false
[FileHandle] SEEK: bbs:node3/callerslog from=9373 to=9373 whence=1 offset=0 justEof=false
[FileHandle] MEMORY: bbs:node3/callerslog bufLen=10373 pos=9373 avail=1000 reading=512 eofSeekCount=0
[FileHandle] SEEK: bbs:node3/callerslog from=9885 to=9885 whence=1 offset=0 justEof=false
[FileHandle] SEEK: bbs:node3/callerslog from=9885 to=9885 whence=1 offset=0 justEof=false
[FileHandle] MEMORY: bbs:node3/callerslog bufLen=10373 pos=9885 avail=488 reading=488 eofSeekCount=0
[FileHandle] SEEK: bbs:node3/callerslog from=10373 to=10373 whence=1 offset=0 justEof=false
[FileHandle] MEMORY: bbs:node3/callerslog bufLen=10373 pos=10373 avail=0 reading=0 eofSeekCount=0
[FileHandle] SEEK: bbs:node3/callerslog from=10373 to=10373 whence=1 offset=0 justEof=true
[FileHandle] SEEK: bbs:node3/callerslog from=10373 to=10189 whence=0 offset=10189 justEof=true
[FileHandle] EOF-SEEK-BACK: bbs:node3/callerslog count=1 (seeking backwards after EOF)
[FileHandle] MEMORY: bbs:node3/callerslog bufLen=10373 pos=10189 avail=184 reading=184 eofSeekCount=1
[FileHandle] MEMORY: bbs:node3/callerslog bufLen=10373 pos=10373 avail=0 reading=0 eofSeekCount=1
[FileHandle] SEEK: Doors:AquaScan/AquaScan.Date.2 from=0 to=188 whence=2 offset=0 justEof=false
[FileHandle] SEEK: Doors:AquaScan/AquaScan.Date.2 from=188 to=0 whence=0 offset=0 justEof=false
[FileHandle] MEMORY: Doors:AquaScan/AquaScan.Date.2 bufLen=188 pos=0 avail=188 reading=188 eofSeekCount=0
[FileHandle] SEEK: Doors:AquaScan/AquaScan.Div.2 from=0 to=78 whence=2 offset=0 justEof=false
[FileHandle] SEEK: Doors:AquaScan/AquaScan.Div.2 from=78 to=0 whence=0 offset=0 justEof=false
[FileHandle] MEMORY: Doors:AquaScan/AquaScan.Div.2 bufLen=78 pos=0 avail=78 reading=78 eofSeekCount=0
[FileHandle] MEMORY: /Users/spot/Code/amiexpress-web/Conf3/Dir1 bufLen=584 pos=0 avail=584 reading=584 eofSeekCount=0
[FileHandle] SEEK: Doors:AquaScan/AquaScan.Date.2 from=0 to=188 whence=2 offset=0 justEof=false
[FileHandle] SEEK: Doors:AquaScan/AquaScan.Date.2 from=188 to=0 whence=0 offset=0 justEof=false
[FileHandle] MEMORY: Doors:AquaScan/AquaScan.Date.2 bufLen=188 pos=0 avail=188 reading=188 eofSeekCount=0
[FileHandle] SEEK: Doors:AquaScan/AquaScan.Div.2 from=0 to=78 whence=2 offset=0 justEof=false
[FileHandle] SEEK: Doors:AquaScan/AquaScan.Div.2 from=78 to=0 whence=0 offset=0 justEof=false
[FileHandle] MEMORY: Doors:AquaScan/AquaScan.Div.2 bufLen=78 pos=0 avail=78 reading=78 eofSeekCount=0
[FileHandle] MEMORY: /Users/spot/Code/amiexpress-web/Conf3/Dir1 bufLen=584 pos=0 avail=584 reading=584 eofSeekCount=0
[FileHandle] SEEK: bbs:node3/callerslog from=0 to=9373 whence=2 offset=-1000 justEof=false
[FileHandle] SEEK: bbs:node3/callerslog from=9373 to=9373 whence=1 offset=0 justEof=false
[FileHandle] MEMORY: bbs:node3/callerslog bufLen=10373 pos=9373 avail=1000 reading=512 eofSeekCount=0
[FileHandle] SEEK: bbs:node3/callerslog from=9885 to=9885 whence=1 offset=0 justEof=false
[FileHandle] SEEK: bbs:node3/callerslog from=9885 to=9885 whence=1 offset=0 justEof=false
[FileHandle] MEMORY: bbs:node3/callerslog bufLen=10373 pos=9885 avail=488 reading=488 eofSeekCount=0
[FileHandle] SEEK: bbs:node3/callerslog from=10373 to=10373 whence=1 offset=0 justEof=false
[FileHandle] MEMORY: bbs:node3/callerslog bufLen=10373 pos=10373 avail=0 reading=0 eofSeekCount=0
[FileHandle] SEEK: bbs:node3/callerslog from=10373 to=10373 whence=1 offset=0 justEof=true
[FileHandle] SEEK: bbs:node3/callerslog from=10373 to=10189 whence=0 offset=10189 justEof=true
[FileHandle] EOF-SEEK-BACK: bbs:node3/callerslog count=1 (seeking backwards after EOF)
[FileHandle] MEMORY: bbs:node3/callerslog bufLen=10373 pos=10189 avail=184 reading=184 eofSeekCount=1
[FileHandle] MEMORY: dOORS:dRE/dRE!WAll/dRE!WAll.dAtA bufLen=100 pos=0 avail=100 reading=100 eofSeekCount=0
[FileHandle] MEMORY: dOORS:dRE/dRE!WAll/dRE!WAll.dAtA bufLen=100 pos=100 avail=0 reading=0 eofSeekCount=0
[FileHandle] MEMORY: bbs:node3/callerslog bufLen=10373 pos=10373 avail=0 reading=0 eofSeekCount=1
[FileHandle] SEEK: Doors:AquaScan/AquaScan.Date.2 from=0 to=188 whence=2 offset=0 justEof=false
[FileHandle] SEEK: Doors:AquaScan/AquaScan.Date.2 from=188 to=0 whence=0 offset=0 justEof=false
[FileHandle] MEMORY: Doors:AquaScan/AquaScan.Date.2 bufLen=188 pos=0 avail=188 reading=188 eofSeekCount=0
[FileHandle] SEEK: Doors:AquaScan/AquaScan.Div.2 from=0 to=78 whence=2 offset=0 justEof=false
[FileHandle] SEEK: Doors:AquaScan/AquaScan.Div.2 from=78 to=0 whence=0 offset=0 justEof=false
[FileHandle] MEMORY: Doors:AquaScan/AquaScan.Div.2 bufLen=78 pos=0 avail=78 reading=78 eofSeekCount=0
[FileHandle] MEMORY: /Users/spot/Code/amiexpress-web/Conf3/Dir1 bufLen=584 pos=0 avail=584 reading=584 eofSeekCount=0
[FileHandle] MEMORY: dOORS:dRE/dRE!WAll/dRE!WAll.dAtA bufLen=100 pos=0 avail=100 reading=100 eofSeekCount=0
[FileHandle] MEMORY: dOORS:dRE/dRE!WAll/dRE!WAll.dAtA bufLen=100 pos=100 avail=0 reading=0 eofSeekCount=0
[FileHandle] SEEK: bbs:node3/callerslog from=0 to=9373 whence=2 offset=-1000 justEof=false
[FileHandle] SEEK: bbs:node3/callerslog from=9373 to=9373 whence=1 offset=0 justEof=false
[FileHandle] MEMORY: bbs:node3/callerslog bufLen=10373 pos=9373 avail=1000 reading=512 eofSeekCount=0
[FileHandle] SEEK: bbs:node3/callerslog from=9885 to=9885 whence=1 offset=0 justEof=false
[FileHandle] SEEK: bbs:node3/callerslog from=9885 to=9885 whence=1 offset=0 justEof=false
[FileHandle] MEMORY: bbs:node3/callerslog bufLen=10373 pos=9885 avail=488 reading=488 eofSeekCount=0
[FileHandle] SEEK: bbs:node3/callerslog from=10373 to=10373 whence=1 offset=0 justEof=false
[FileHandle] MEMORY: bbs:node3/callerslog bufLen=10373 pos=10373 avail=0 reading=0 eofSeekCount=0
[FileHandle] SEEK: bbs:node3/callerslog from=10373 to=10373 whence=1 offset=0 justEof=true
[FileHandle] SEEK: bbs:node3/callerslog from=10373 to=10189 whence=0 offset=10189 justEof=true
[FileHandle] EOF-SEEK-BACK: bbs:node3/callerslog count=1 (seeking backwards after EOF)
[FileHandle] MEMORY: bbs:node3/callerslog bufLen=10373 pos=10189 avail=184 reading=184 eofSeekCount=1
[FileHandle] MEMORY: bbs:node3/callerslog bufLen=10373 pos=10373 avail=0 reading=0 eofSeekCount=1
[FileHandle] SEEK: bbs:node3/callerslog from=0 to=9373 whence=2 offset=-1000 justEof=false
[FileHandle] SEEK: bbs:node3/callerslog from=9373 to=9373 whence=1 offset=0 justEof=false
[FileHandle] MEMORY: bbs:node3/callerslog bufLen=10373 pos=9373 avail=1000 reading=512 eofSeekCount=0
[FileHandle] SEEK: bbs:node3/callerslog from=9885 to=9885 whence=1 offset=0 justEof=false
[FileHandle] SEEK: bbs:node3/callerslog from=9885 to=9885 whence=1 offset=0 justEof=false
[FileHandle] MEMORY: bbs:node3/callerslog bufLen=10373 pos=9885 avail=488 reading=488 eofSeekCount=0
[FileHandle] SEEK: bbs:node3/callerslog from=10373 to=10373 whence=1 offset=0 justEof=false
[FileHandle] MEMORY: bbs:node3/callerslog bufLen=10373 pos=10373 avail=0 reading=0 eofSeekCount=0
[FileHandle] SEEK: bbs:node3/callerslog from=10373 to=10373 whence=1 offset=0 justEof=true
[FileHandle] SEEK: bbs:node3/callerslog from=10373 to=10189 whence=0 offset=10189 justEof=true
[FileHandle] EOF-SEEK-BACK: bbs:node3/callerslog count=1 (seeking backwards after EOF)
[FileHandle] MEMORY: bbs:node3/callerslog bufLen=10373 pos=10189 avail=184 reading=184 eofSeekCount=1
[FileHandle] MEMORY: bbs:node3/callerslog bufLen=10373 pos=10373 avail=0 reading=0 eofSeekCount=1
[FileHandle] MEMORY: dOORS:dRE/dRE!WAll/dRE!WAll.dAtA bufLen=100 pos=0 avail=100 reading=100 eofSeekCount=0
[FileHandle] MEMORY: dOORS:dRE/dRE!WAll/dRE!WAll.dAtA bufLen=100 pos=100 avail=0 reading=0 eofSeekCount=0
[FileHandle] SEEK: Doors:AquaScan/AquaScan.Date.2 from=0 to=188 whence=2 offset=0 justEof=false
[FileHandle] SEEK: Doors:AquaScan/AquaScan.Date.2 from=188 to=0 whence=0 offset=0 justEof=false
[FileHandle] MEMORY: Doors:AquaScan/AquaScan.Date.2 bufLen=188 pos=0 avail=188 reading=188 eofSeekCount=0
[FileHandle] SEEK: Doors:AquaScan/AquaScan.Div.2 from=0 to=78 whence=2 offset=0 justEof=false
[FileHandle] SEEK: Doors:AquaScan/AquaScan.Div.2 from=78 to=0 whence=0 offset=0 justEof=false
[FileHandle] MEMORY: Doors:AquaScan/AquaScan.Div.2 bufLen=78 pos=0 avail=78 reading=78 eofSeekCount=0
[FileHandle] SEEK: Doors:AquaScan/AquaScan.Date.2 from=0 to=188 whence=2 offset=0 justEof=false
[FileHandle] SEEK: Doors:AquaScan/AquaScan.Date.2 from=188 to=0 whence=0 offset=0 justEof=false
[FileHandle] MEMORY: Doors:AquaScan/AquaScan.Date.2 bufLen=188 pos=0 avail=188 reading=188 eofSeekCount=0
[FileHandle] SEEK: Doors:AquaScan/AquaScan.Div.2 from=0 to=78 whence=2 offset=0 justEof=false
[FileHandle] SEEK: Doors:AquaScan/AquaScan.Div.2 from=78 to=0 whence=0 offset=0 justEof=false
[FileHandle] MEMORY: Doors:AquaScan/AquaScan.Div.2 bufLen=78 pos=0 avail=78 reading=78 eofSeekCount=0
[FileHandle] SEEK: Doors:AquaScan/AquaScan.Date.2 from=0 to=188 whence=2 offset=0 justEof=false
[FileHandle] SEEK: Doors:AquaScan/AquaScan.Date.2 from=188 to=0 whence=0 offset=0 justEof=false
[FileHandle] MEMORY: Doors:AquaScan/AquaScan.Date.2 bufLen=188 pos=0 avail=188 reading=188 eofSeekCount=0
[FileHandle] SEEK: Doors:AquaScan/AquaScan.Div.2 from=0 to=78 whence=2 offset=0 justEof=false
[FileHandle] SEEK: Doors:AquaScan/AquaScan.Div.2 from=78 to=0 whence=0 offset=0 justEof=false
[FileHandle] MEMORY: Doors:AquaScan/AquaScan.Div.2 bufLen=78 pos=0 avail=78 reading=78 eofSeekCount=0
[FileHandle] SEEK: bbs:node3/callerslog from=0 to=9373 whence=2 offset=-1000 justEof=false
[FileHandle] SEEK: bbs:node3/callerslog from=9373 to=9373 whence=1 offset=0 justEof=false
[FileHandle] MEMORY: bbs:node3/callerslog bufLen=10373 pos=9373 avail=1000 reading=512 eofSeekCount=0
[FileHandle] SEEK: bbs:node3/callerslog from=9885 to=9885 whence=1 offset=0 justEof=false
[FileHandle] SEEK: bbs:node3/callerslog from=9885 to=9885 whence=1 offset=0 justEof=false
[FileHandle] MEMORY: bbs:node3/callerslog bufLen=10373 pos=9885 avail=488 reading=488 eofSeekCount=0
[FileHandle] SEEK: bbs:node3/callerslog from=10373 to=10373 whence=1 offset=0 justEof=false
[FileHandle] MEMORY: bbs:node3/callerslog bufLen=10373 pos=10373 avail=0 reading=0 eofSeekCount=0
[FileHandle] SEEK: bbs:node3/callerslog from=10373 to=10373 whence=1 offset=0 justEof=true
[FileHandle] SEEK: bbs:node3/callerslog from=10373 to=10189 whence=0 offset=10189 justEof=true
[FileHandle] EOF-SEEK-BACK: bbs:node3/callerslog count=1 (seeking backwards after EOF)
[FileHandle] MEMORY: bbs:node3/callerslog bufLen=10373 pos=10189 avail=184 reading=184 eofSeekCount=1
[FileHandle] MEMORY: bbs:node3/callerslog bufLen=10373 pos=10373 avail=0 reading=0 eofSeekCount=1
[FileHandle] MEMORY: dOORS:dRE/dRE!WAll/dRE!WAll.dAtA bufLen=100 pos=0 avail=100 reading=100 eofSeekCount=0
[FileHandle] MEMORY: dOORS:dRE/dRE!WAll/dRE!WAll.dAtA bufLen=100 pos=100 avail=0 reading=0 eofSeekCount=0
[FileHandle] SEEK: Doors:AquaScan/AquaScan.Date.2 from=0 to=188 whence=2 offset=0 justEof=false
[FileHandle] SEEK: Doors:AquaScan/AquaScan.Date.2 from=188 to=0 whence=0 offset=0 justEof=false
[FileHandle] MEMORY: Doors:AquaScan/AquaScan.Date.2 bufLen=188 pos=0 avail=188 reading=188 eofSeekCount=0
[FileHandle] SEEK: Doors:AquaScan/AquaScan.Div.2 from=0 to=78 whence=2 offset=0 justEof=false
[FileHandle] SEEK: Doors:AquaScan/AquaScan.Div.2 from=78 to=0 whence=0 offset=0 justEof=false
[FileHandle] MEMORY: Doors:AquaScan/AquaScan.Div.2 bufLen=78 pos=0 avail=78 reading=78 eofSeekCount=0
[FileHandle] MEMORY: /Users/spot/Code/amiexpress-web/Conf3/Dir1 bufLen=595 pos=0 avail=595 reading=595 eofSeekCount=0
[FileHandle] SEEK: Doors:AquaScan/AquaScan.Date.2 from=0 to=188 whence=2 offset=0 justEof=false
[FileHandle] SEEK: Doors:AquaScan/AquaScan.Date.2 from=188 to=0 whence=0 offset=0 justEof=false
[FileHandle] MEMORY: Doors:AquaScan/AquaScan.Date.2 bufLen=188 pos=0 avail=188 reading=188 eofSeekCount=0
[FileHandle] SEEK: Doors:AquaScan/AquaScan.Div.2 from=0 to=78 whence=2 offset=0 justEof=false
[FileHandle] SEEK: Doors:AquaScan/AquaScan.Div.2 from=78 to=0 whence=0 offset=0 justEof=false
[FileHandle] MEMORY: Doors:AquaScan/AquaScan.Div.2 bufLen=78 pos=0 avail=78 reading=78 eofSeekCount=0
[FileHandle] MEMORY: /Users/spot/Code/amiexpress-web/Conf2/Dir1 bufLen=1 pos=0 avail=1 reading=1 eofSeekCount=0
[FileHandle] SEEK: Doors:AquaScan/AquaScan.Date.2 from=0 to=188 whence=2 offset=0 justEof=false
[FileHandle] SEEK: Doors:AquaScan/AquaScan.Date.2 from=188 to=0 whence=0 offset=0 justEof=false
[FileHandle] MEMORY: Doors:AquaScan/AquaScan.Date.2 bufLen=188 pos=0 avail=188 reading=188 eofSeekCount=0
[FileHandle] SEEK: Doors:AquaScan/AquaScan.Div.2 from=0 to=78 whence=2 offset=0 justEof=false
[FileHandle] SEEK: Doors:AquaScan/AquaScan.Div.2 from=78 to=0 whence=0 offset=0 justEof=false
[FileHandle] MEMORY: Doors:AquaScan/AquaScan.Div.2 bufLen=78 pos=0 avail=78 reading=78 eofSeekCount=0
[FileHandle] SEEK: bbs:node3/callerslog from=0 to=9373 whence=2 offset=-1000 justEof=false
[FileHandle] SEEK: bbs:node3/callerslog from=9373 to=9373 whence=1 offset=0 justEof=false
[FileHandle] MEMORY: bbs:node3/callerslog bufLen=10373 pos=9373 avail=1000 reading=512 eofSeekCount=0
[FileHandle] SEEK: bbs:node3/callerslog from=9885 to=9885 whence=1 offset=0 justEof=false
[FileHandle] SEEK: bbs:node3/callerslog from=9885 to=9885 whence=1 offset=0 justEof=false
[FileHandle] MEMORY: dOORS:dRE/dRE!WAll/dRE!WAll.dAtA bufLen=100 pos=0 avail=100 reading=100 eofSeekCount=0
[FileHandle] MEMORY: bbs:node3/callerslog bufLen=10373 pos=9885 avail=488 reading=488 eofSeekCount=0
[FileHandle] SEEK: bbs:node3/callerslog from=10373 to=10373 whence=1 offset=0 justEof=false
[FileHandle] MEMORY: dOORS:dRE/dRE!WAll/dRE!WAll.dAtA bufLen=100 pos=100 avail=0 reading=0 eofSeekCount=0
[FileHandle] MEMORY: bbs:node3/callerslog bufLen=10373 pos=10373 avail=0 reading=0 eofSeekCount=0
[FileHandle] SEEK: bbs:node3/callerslog from=10373 to=10373 whence=1 offset=0 justEof=true
[FileHandle] SEEK: bbs:node3/callerslog from=10373 to=10189 whence=0 offset=10189 justEof=true
[FileHandle] EOF-SEEK-BACK: bbs:node3/callerslog count=1 (seeking backwards after EOF)
[FileHandle] MEMORY: bbs:node3/callerslog bufLen=10373 pos=10189 avail=184 reading=184 eofSeekCount=1
[FileHandle] MEMORY: bbs:node3/callerslog bufLen=10373 pos=10373 avail=0 reading=0 eofSeekCount=1
[FileHandle] SEEK: bbs:node3/callerslog from=0 to=9373 whence=2 offset=-1000 justEof=false
[FileHandle] SEEK: bbs:node3/callerslog from=9373 to=9373 whence=1 offset=0 justEof=false
[FileHandle] MEMORY: bbs:node3/callerslog bufLen=10373 pos=9373 avail=1000 reading=512 eofSeekCount=0
[FileHandle] SEEK: bbs:node3/callerslog from=9885 to=9885 whence=1 offset=0 justEof=false
[FileHandle] SEEK: bbs:node3/callerslog from=9885 to=9885 whence=1 offset=0 justEof=false
[FileHandle] MEMORY: bbs:node3/callerslog bufLen=10373 pos=9885 avail=488 reading=488 eofSeekCount=0
[FileHandle] SEEK: bbs:node3/callerslog from=10373 to=10373 whence=1 offset=0 justEof=false
[FileHandle] MEMORY: bbs:node3/callerslog bufLen=10373 pos=10373 avail=0 reading=0 eofSeekCount=0
[FileHandle] SEEK: bbs:node3/callerslog from=10373 to=10373 whence=1 offset=0 justEof=true
[FileHandle] SEEK: bbs:node3/callerslog from=10373 to=10189 whence=0 offset=10189 justEof=true
[FileHandle] EOF-SEEK-BACK: bbs:node3/callerslog count=1 (seeking backwards after EOF)
[FileHandle] MEMORY: bbs:node3/callerslog bufLen=10373 pos=10189 avail=184 reading=184 eofSeekCount=1
[FileHandle] MEMORY: bbs:node3/callerslog bufLen=10373 pos=10373 avail=0 reading=0 eofSeekCount=1
[FileHandle] MEMORY: dOORS:dRE/dRE!WAll/dRE!WAll.dAtA bufLen=100 pos=0 avail=100 reading=100 eofSeekCount=0
[FileHandle] MEMORY: dOORS:dRE/dRE!WAll/dRE!WAll.dAtA bufLen=100 pos=100 avail=0 reading=0 eofSeekCount=0
[FileHandle] SEEK: Doors:AquaScan/AquaScan.Date.2 from=0 to=188 whence=2 offset=0 justEof=false
[FileHandle] SEEK: Doors:AquaScan/AquaScan.Date.2 from=188 to=0 whence=0 offset=0 justEof=false
[FileHandle] MEMORY: Doors:AquaScan/AquaScan.Date.2 bufLen=188 pos=0 avail=188 reading=188 eofSeekCount=0
[FileHandle] SEEK: Doors:AquaScan/AquaScan.Div.2 from=0 to=78 whence=2 offset=0 justEof=false
[FileHandle] SEEK: Doors:AquaScan/AquaScan.Div.2 from=78 to=0 whence=0 offset=0 justEof=false
[FileHandle] MEMORY: Doors:AquaScan/AquaScan.Div.2 bufLen=78 pos=0 avail=78 reading=78 eofSeekCount=0
[FileHandle] MEMORY: /Users/spot/Code/amiexpress-web/Conf1/Dir1 bufLen=113 pos=0 avail=113 reading=113 eofSeekCount=0
[FileHandle] SEEK: bbs:node3/callerslog from=0 to=9373 whence=2 offset=-1000 justEof=false
[FileHandle] SEEK: bbs:node3/callerslog from=9373 to=9373 whence=1 offset=0 justEof=false
[FileHandle] MEMORY: bbs:node3/callerslog bufLen=10373 pos=9373 avail=1000 reading=512 eofSeekCount=0
[FileHandle] SEEK: bbs:node3/callerslog from=9885 to=9885 whence=1 offset=0 justEof=false
[FileHandle] SEEK: bbs:node3/callerslog from=9885 to=9885 whence=1 offset=0 justEof=false
[FileHandle] MEMORY: bbs:node3/callerslog bufLen=10373 pos=9885 avail=488 reading=488 eofSeekCount=0
[FileHandle] SEEK: bbs:node3/callerslog from=10373 to=10373 whence=1 offset=0 justEof=false
[FileHandle] MEMORY: bbs:node3/callerslog bufLen=10373 pos=10373 avail=0 reading=0 eofSeekCount=0
[FileHandle] SEEK: bbs:node3/callerslog from=10373 to=10373 whence=1 offset=0 justEof=true
[FileHandle] SEEK: bbs:node3/callerslog from=10373 to=10189 whence=0 offset=10189 justEof=true
[FileHandle] EOF-SEEK-BACK: bbs:node3/callerslog count=1 (seeking backwards after EOF)
[FileHandle] MEMORY: bbs:node3/callerslog bufLen=10373 pos=10189 avail=184 reading=184 eofSeekCount=1
[FileHandle] MEMORY: bbs:node3/callerslog bufLen=10373 pos=10373 avail=0 reading=0 eofSeekCount=1
[FileHandle] MEMORY: dOORS:dRE/dRE!WAll/dRE!WAll.dAtA bufLen=100 pos=0 avail=100 reading=100 eofSeekCount=0
[FileHandle] MEMORY: dOORS:dRE/dRE!WAll/dRE!WAll.dAtA bufLen=100 pos=100 avail=0 reading=0 eofSeekCount=0
[FileHandle] SEEK: Doors:AquaScan/AquaScan.Date.2 from=0 to=188 whence=2 offset=0 justEof=false
[FileHandle] SEEK: Doors:AquaScan/AquaScan.Date.2 from=188 to=0 whence=0 offset=0 justEof=false
[FileHandle] MEMORY: Doors:AquaScan/AquaScan.Date.2 bufLen=188 pos=0 avail=188 reading=188 eofSeekCount=0
[FileHandle] SEEK: Doors:AquaScan/AquaScan.Div.2 from=0 to=78 whence=2 offset=0 justEof=false
[FileHandle] SEEK: Doors:AquaScan/AquaScan.Div.2 from=78 to=0 whence=0 offset=0 justEof=false
[FileHandle] MEMORY: Doors:AquaScan/AquaScan.Div.2 bufLen=78 pos=0 avail=78 reading=78 eofSeekCount=0
[FileHandle] MEMORY: /Users/spot/Code/amiexpress-web/Conf1/Dir1 bufLen=113 pos=0 avail=113 reading=113 eofSeekCount=0
[FileHandle] SEEK: Doors:AquaScan/AquaScan.Date.2 from=0 to=188 whence=2 offset=0 justEof=false
[FileHandle] SEEK: Doors:AquaScan/AquaScan.Date.2 from=188 to=0 whence=0 offset=0 justEof=false
[FileHandle] MEMORY: Doors:AquaScan/AquaScan.Date.2 bufLen=188 pos=0 avail=188 reading=188 eofSeekCount=0
[FileHandle] SEEK: Doors:AquaScan/AquaScan.Div.2 from=0 to=78 whence=2 offset=0 justEof=false
[FileHandle] SEEK: Doors:AquaScan/AquaScan.Div.2 from=78 to=0 whence=0 offset=0 justEof=false
[FileHandle] MEMORY: Doors:AquaScan/AquaScan.Div.2 bufLen=78 pos=0 avail=78 reading=78 eofSeekCount=0
[FileHandle] MEMORY: /Users/spot/Code/amiexpress-web/Conf1/Dir1 bufLen=113 pos=0 avail=113 reading=113 eofSeekCount=0
[FileHandle] SEEK: Doors:AquaScan/AquaScan.Date.2 from=0 to=188 whence=2 offset=0 justEof=false
[FileHandle] SEEK: Doors:AquaScan/AquaScan.Date.2 from=188 to=0 whence=0 offset=0 justEof=false
[FileHandle] MEMORY: Doors:AquaScan/AquaScan.Date.2 bufLen=188 pos=0 avail=188 reading=188 eofSeekCount=0
[FileHandle] SEEK: Doors:AquaScan/AquaScan.Div.2 from=0 to=78 whence=2 offset=0 justEof=false
[FileHandle] SEEK: Doors:AquaScan/AquaScan.Div.2 from=78 to=0 whence=0 offset=0 justEof=false
[FileHandle] MEMORY: Doors:AquaScan/AquaScan.Div.2 bufLen=78 pos=0 avail=78 reading=78 eofSeekCount=0
[FileHandle] MEMORY: /Users/spot/Code/amiexpress-web/Conf3/Dir1 bufLen=598 pos=0 avail=598 reading=598 eofSeekCount=0
[FileHandle] SEEK: Doors:AquaScan/AquaScan.Date.2 from=0 to=188 whence=2 offset=0 justEof=false
[FileHandle] SEEK: Doors:AquaScan/AquaScan.Date.2 from=188 to=0 whence=0 offset=0 justEof=false
[FileHandle] MEMORY: Doors:AquaScan/AquaScan.Date.2 bufLen=188 pos=0 avail=188 reading=188 eofSeekCount=0
[FileHandle] SEEK: Doors:AquaScan/AquaScan.Div.2 from=0 to=78 whence=2 offset=0 justEof=false
[FileHandle] SEEK: Doors:AquaScan/AquaScan.Div.2 from=78 to=0 whence=0 offset=0 justEof=false
[FileHandle] MEMORY: Doors:AquaScan/AquaScan.Div.2 bufLen=78 pos=0 avail=78 reading=78 eofSeekCount=0
[FileHandle] MEMORY: /Users/spot/Code/amiexpress-web/Conf5/Dir1 bufLen=1 pos=0 avail=1 reading=1 eofSeekCount=0
[FileHandle] SEEK: Doors:AquaScan/AquaScan.Date.2 from=0 to=188 whence=2 offset=0 justEof=false
[FileHandle] SEEK: Doors:AquaScan/AquaScan.Date.2 from=188 to=0 whence=0 offset=0 justEof=false
[FileHandle] MEMORY: Doors:AquaScan/AquaScan.Date.2 bufLen=188 pos=0 avail=188 reading=188 eofSeekCount=0
[FileHandle] SEEK: Doors:AquaScan/AquaScan.Div.2 from=0 to=78 whence=2 offset=0 justEof=false
[FileHandle] SEEK: Doors:AquaScan/AquaScan.Div.2 from=78 to=0 whence=0 offset=0 justEof=false
[FileHandle] MEMORY: Doors:AquaScan/AquaScan.Div.2 bufLen=78 pos=0 avail=78 reading=78 eofSeekCount=0
[FileHandle] MEMORY: /Users/spot/Code/amiexpress-web/Conf5/Dir1 bufLen=1 pos=0 avail=1 reading=1 eofSeekCount=0
[FileHandle] MEMORY: dOORS:dRE/dRE!WAll/dRE!WAll.dAtA bufLen=100 pos=0 avail=100 reading=100 eofSeekCount=0
[FileHandle] MEMORY: dOORS:dRE/dRE!WAll/dRE!WAll.dAtA bufLen=100 pos=100 avail=0 reading=0 eofSeekCount=0
[FileHandle] SEEK: bbs:node3/callerslog from=0 to=9373 whence=2 offset=-1000 justEof=false
[FileHandle] SEEK: bbs:node3/callerslog from=9373 to=9373 whence=1 offset=0 justEof=false
[FileHandle] MEMORY: bbs:node3/callerslog bufLen=10373 pos=9373 avail=1000 reading=512 eofSeekCount=0
[FileHandle] SEEK: bbs:node3/callerslog from=9885 to=9885 whence=1 offset=0 justEof=false
[FileHandle] SEEK: bbs:node3/callerslog from=9885 to=9885 whence=1 offset=0 justEof=false
[FileHandle] MEMORY: bbs:node3/callerslog bufLen=10373 pos=9885 avail=488 reading=488 eofSeekCount=0
[FileHandle] SEEK: bbs:node3/callerslog from=10373 to=10373 whence=1 offset=0 justEof=false
[FileHandle] MEMORY: bbs:node3/callerslog bufLen=10373 pos=10373 avail=0 reading=0 eofSeekCount=0
[FileHandle] SEEK: bbs:node3/callerslog from=10373 to=10373 whence=1 offset=0 justEof=true
[FileHandle] SEEK: bbs:node3/callerslog from=10373 to=10189 whence=0 offset=10189 justEof=true
[FileHandle] EOF-SEEK-BACK: bbs:node3/callerslog count=1 (seeking backwards after EOF)
[FileHandle] MEMORY: bbs:node3/callerslog bufLen=10373 pos=10189 avail=184 reading=184 eofSeekCount=1
[FileHandle] MEMORY: bbs:node3/callerslog bufLen=10373 pos=10373 avail=0 reading=0 eofSeekCount=1
[FileHandle] SEEK: Doors:AquaScan/AquaScan.Date.2 from=0 to=188 whence=2 offset=0 justEof=false
[FileHandle] SEEK: Doors:AquaScan/AquaScan.Date.2 from=188 to=0 whence=0 offset=0 justEof=false
[FileHandle] MEMORY: Doors:AquaScan/AquaScan.Date.2 bufLen=188 pos=0 avail=188 reading=188 eofSeekCount=0
[FileHandle] SEEK: Doors:AquaScan/AquaScan.Div.2 from=0 to=78 whence=2 offset=0 justEof=false
[FileHandle] SEEK: Doors:AquaScan/AquaScan.Div.2 from=78 to=0 whence=0 offset=0 justEof=false
[FileHandle] MEMORY: Doors:AquaScan/AquaScan.Div.2 bufLen=78 pos=0 avail=78 reading=78 eofSeekCount=0
[FileHandle] MEMORY: /Users/spot/Code/amiexpress-web/Conf5/Dir1 bufLen=1 pos=0 avail=1 reading=1 eofSeekCount=0
[FileHandle] SEEK: Doors:AquaScan/AquaScan.Date.2 from=0 to=188 whence=2 offset=0 justEof=false
[FileHandle] SEEK: Doors:AquaScan/AquaScan.Date.2 from=188 to=0 whence=0 offset=0 justEof=false
[FileHandle] MEMORY: Doors:AquaScan/AquaScan.Date.2 bufLen=188 pos=0 avail=188 reading=188 eofSeekCount=0
[FileHandle] SEEK: Doors:AquaScan/AquaScan.Div.2 from=0 to=78 whence=2 offset=0 justEof=false
[FileHandle] SEEK: Doors:AquaScan/AquaScan.Div.2 from=78 to=0 whence=0 offset=0 justEof=false
[FileHandle] MEMORY: Doors:AquaScan/AquaScan.Div.2 bufLen=78 pos=0 avail=78 reading=78 eofSeekCount=0
[FileHandle] MEMORY: /Users/spot/Code/amiexpress-web/Conf2/Dir1 bufLen=108 pos=0 avail=108 reading=108 eofSeekCount=0
[FileHandle] SEEK: bbs:node3/callerslog from=0 to=9373 whence=2 offset=-1000 justEof=false
[FileHandle] SEEK: bbs:node3/callerslog from=9373 to=9373 whence=1 offset=0 justEof=false
[FileHandle] MEMORY: bbs:node3/callerslog bufLen=10373 pos=9373 avail=1000 reading=512 eofSeekCount=0
[FileHandle] SEEK: bbs:node3/callerslog from=9885 to=9885 whence=1 offset=0 justEof=false
[FileHandle] SEEK: bbs:node3/callerslog from=9885 to=9885 whence=1 offset=0 justEof=false
[FileHandle] MEMORY: bbs:node3/callerslog bufLen=10373 pos=9885 avail=488 reading=488 eofSeekCount=0
[FileHandle] SEEK: bbs:node3/callerslog from=10373 to=10373 whence=1 offset=0 justEof=false
[FileHandle] MEMORY: bbs:node3/callerslog bufLen=10373 pos=10373 avail=0 reading=0 eofSeekCount=0
[FileHandle] SEEK: bbs:node3/callerslog from=10373 to=10373 whence=1 offset=0 justEof=true
[FileHandle] SEEK: bbs:node3/callerslog from=10373 to=10189 whence=0 offset=10189 justEof=true
[FileHandle] EOF-SEEK-BACK: bbs:node3/callerslog count=1 (seeking backwards after EOF)
[FileHandle] MEMORY: bbs:node3/callerslog bufLen=10373 pos=10189 avail=184 reading=184 eofSeekCount=1
[FileHandle] MEMORY: dOORS:dRE/dRE!WAll/dRE!WAll.dAtA bufLen=100 pos=0 avail=100 reading=100 eofSeekCount=0
[FileHandle] MEMORY: dOORS:dRE/dRE!WAll/dRE!WAll.dAtA bufLen=100 pos=100 avail=0 reading=0 eofSeekCount=0
[FileHandle] MEMORY: bbs:node3/callerslog bufLen=10373 pos=10373 avail=0 reading=0 eofSeekCount=1
[FileHandle] MEMORY: /Users/spot/Code/amiexpress-web/Conf2/Dir1 bufLen=108 pos=0 avail=108 reading=108 eofSeekCount=0
[FileHandle] MEMORY: /Users/spot/Code/amiexpress-web/Conf2/Dir1 bufLen=108 pos=0 avail=108 reading=108 eofSeekCount=0
[FileHandle] MEMORY: /Users/spot/Code/amiexpress-web/Conf4/Dir1 bufLen=1 pos=0 avail=1 reading=1 eofSeekCount=0
[FileHandle] SEEK: bbs:node3/callerslog from=0 to=9373 whence=2 offset=-1000 justEof=false
[FileHandle] SEEK: bbs:node3/callerslog from=9373 to=9373 whence=1 offset=0 justEof=false
[FileHandle] MEMORY: bbs:node3/callerslog bufLen=10373 pos=9373 avail=1000 reading=512 eofSeekCount=0
[FileHandle] SEEK: bbs:node3/callerslog from=9885 to=9885 whence=1 offset=0 justEof=false
[FileHandle] SEEK: bbs:node3/callerslog from=9885 to=9885 whence=1 offset=0 justEof=false
[FileHandle] MEMORY: bbs:node3/callerslog bufLen=10373 pos=9885 avail=488 reading=488 eofSeekCount=0
[FileHandle] SEEK: bbs:node3/callerslog from=10373 to=10373 whence=1 offset=0 justEof=false
[FileHandle] MEMORY: bbs:node3/callerslog bufLen=10373 pos=10373 avail=0 reading=0 eofSeekCount=0
[FileHandle] SEEK: bbs:node3/callerslog from=10373 to=10373 whence=1 offset=0 justEof=true
[FileHandle] SEEK: bbs:node3/callerslog from=10373 to=10189 whence=0 offset=10189 justEof=true
[FileHandle] EOF-SEEK-BACK: bbs:node3/callerslog count=1 (seeking backwards after EOF)
[FileHandle] MEMORY: bbs:node3/callerslog bufLen=10373 pos=10189 avail=184 reading=184 eofSeekCount=1
[FileHandle] MEMORY: bbs:node3/callerslog bufLen=10373 pos=10373 avail=0 reading=0 eofSeekCount=1
[FileHandle] MEMORY: dOORS:dRE/dRE!WAll/dRE!WAll.dAtA bufLen=100 pos=0 avail=100 reading=100 eofSeekCount=0
[FileHandle] MEMORY: dOORS:dRE/dRE!WAll/dRE!WAll.dAtA bufLen=100 pos=100 avail=0 reading=0 eofSeekCount=0
[FileHandle] MEMORY: /Users/spot/Code/amiexpress-web/Conf4/Dir1 bufLen=1 pos=0 avail=1 reading=1 eofSeekCount=0
[FileHandle] MEMORY: /Users/spot/Code/amiexpress-web/Conf1/Dir1 bufLen=111 pos=0 avail=111 reading=111 eofSeekCount=0
[FileHandle] MEMORY: bbs:node1.user bufLen=239 pos=0 avail=239 reading=239 eofSeekCount=0
[FileHandle] MEMORY: bbs:systemstats bufLen=6 pos=0 avail=6 reading=6 eofSeekCount=0
[FileHandle] MEMORY: /Users/spot/Code/amiexpress-web/Conf1/Dir1 bufLen=111 pos=0 avail=111 reading=111 eofSeekCount=0
[FileHandle] MEMORY: dOORS:dRE/dRE!WAll/dRE!WAll.dAtA bufLen=100 pos=0 avail=100 reading=100 eofSeekCount=0
[FileHandle] MEMORY: dOORS:dRE/dRE!WAll/dRE!WAll.dAtA bufLen=100 pos=100 avail=0 reading=0 eofSeekCount=0
[FileHandle] SEEK: bbs:node3/callerslog from=0 to=9373 whence=2 offset=-1000 justEof=false
[FileHandle] SEEK: bbs:node3/callerslog from=9373 to=9373 whence=1 offset=0 justEof=false
[FileHandle] MEMORY: bbs:node3/callerslog bufLen=10373 pos=9373 avail=1000 reading=512 eofSeekCount=0
[FileHandle] SEEK: bbs:node3/callerslog from=9885 to=9885 whence=1 offset=0 justEof=false
[FileHandle] SEEK: bbs:node3/callerslog from=9885 to=9885 whence=1 offset=0 justEof=false
[FileHandle] MEMORY: bbs:node3/callerslog bufLen=10373 pos=9885 avail=488 reading=488 eofSeekCount=0
[FileHandle] SEEK: bbs:node3/callerslog from=10373 to=10373 whence=1 offset=0 justEof=false
[FileHandle] MEMORY: bbs:node3/callerslog bufLen=10373 pos=10373 avail=0 reading=0 eofSeekCount=0
[FileHandle] SEEK: bbs:node3/callerslog from=10373 to=10373 whence=1 offset=0 justEof=true
[FileHandle] SEEK: bbs:node3/callerslog from=10373 to=10189 whence=0 offset=10189 justEof=true
[FileHandle] EOF-SEEK-BACK: bbs:node3/callerslog count=1 (seeking backwards after EOF)
[FileHandle] MEMORY: bbs:node3/callerslog bufLen=10373 pos=10189 avail=184 reading=184 eofSeekCount=1
[FileHandle] MEMORY: bbs:node3/callerslog bufLen=10373 pos=10373 avail=0 reading=0 eofSeekCount=1
[FileHandle] MEMORY: bbs:node2.user bufLen=239 pos=0 avail=239 reading=239 eofSeekCount=0
[FileHandle] MEMORY: bbs:systemstats bufLen=6 pos=0 avail=6 reading=6 eofSeekCount=0
[FileHandle] SEEK: bbs:node3/callerslog from=0 to=9373 whence=2 offset=-1000 justEof=false
[FileHandle] SEEK: bbs:node3/callerslog from=9373 to=9373 whence=1 offset=0 justEof=false
[FileHandle] MEMORY: bbs:node3/callerslog bufLen=10373 pos=9373 avail=1000 reading=512 eofSeekCount=0
[FileHandle] SEEK: bbs:node3/callerslog from=9885 to=9885 whence=1 offset=0 justEof=false
[FileHandle] SEEK: bbs:node3/callerslog from=9885 to=9885 whence=1 offset=0 justEof=false
[FileHandle] MEMORY: bbs:node3/callerslog bufLen=10373 pos=9885 avail=488 reading=488 eofSeekCount=0
[FileHandle] SEEK: bbs:node3/callerslog from=10373 to=10373 whence=1 offset=0 justEof=false
[FileHandle] MEMORY: bbs:node3/callerslog bufLen=10373 pos=10373 avail=0 reading=0 eofSeekCount=0
[FileHandle] SEEK: bbs:node3/callerslog from=10373 to=10373 whence=1 offset=0 justEof=true
[FileHandle] SEEK: bbs:node3/callerslog from=10373 to=10189 whence=0 offset=10189 justEof=true
[FileHandle] EOF-SEEK-BACK: bbs:node3/callerslog count=1 (seeking backwards after EOF)
[FileHandle] MEMORY: bbs:node3/callerslog bufLen=10373 pos=10189 avail=184 reading=184 eofSeekCount=1
[FileHandle] MEMORY: bbs:node3/callerslog bufLen=10373 pos=10373 avail=0 reading=0 eofSeekCount=1
[FileHandle] MEMORY: dOORS:dRE/dRE!WAll/dRE!WAll.dAtA bufLen=100 pos=0 avail=100 reading=100 eofSeekCount=0
[FileHandle] MEMORY: dOORS:dRE/dRE!WAll/dRE!WAll.dAtA bufLen=100 pos=100 avail=0 reading=0 eofSeekCount=0
[FileHandle] MEMORY: bbs:node1.user bufLen=239 pos=0 avail=239 reading=239 eofSeekCount=0
[FileHandle] MEMORY: bbs:systemstats bufLen=6 pos=0 avail=6 reading=6 eofSeekCount=0
[FileHandle] MEMORY: /Users/spot/Code/amiexpress-web/Conf1/Dir1 bufLen=111 pos=0 avail=111 reading=111 eofSeekCount=0
[FileHandle] MEMORY: bbs:node1.user bufLen=239 pos=0 avail=239 reading=239 eofSeekCount=0
[FileHandle] MEMORY: bbs:systemstats bufLen=6 pos=0 avail=6 reading=6 eofSeekCount=0
[FileHandle] SEEK: bbs:node3/callerslog from=0 to=9373 whence=2 offset=-1000 justEof=false
[FileHandle] SEEK: bbs:node3/callerslog from=9373 to=9373 whence=1 offset=0 justEof=false
[FileHandle] MEMORY: bbs:node3/callerslog bufLen=10373 pos=9373 avail=1000 reading=512 eofSeekCount=0
[FileHandle] SEEK: bbs:node3/callerslog from=9885 to=9885 whence=1 offset=0 justEof=false
[FileHandle] SEEK: bbs:node3/callerslog from=9885 to=9885 whence=1 offset=0 justEof=false
[FileHandle] MEMORY: bbs:node3/callerslog bufLen=10373 pos=9885 avail=488 reading=488 eofSeekCount=0
[FileHandle] SEEK: bbs:node3/callerslog from=10373 to=10373 whence=1 offset=0 justEof=false
[FileHandle] MEMORY: bbs:node3/callerslog bufLen=10373 pos=10373 avail=0 reading=0 eofSeekCount=0
[FileHandle] SEEK: bbs:node3/callerslog from=10373 to=10373 whence=1 offset=0 justEof=true
[FileHandle] SEEK: bbs:node3/callerslog from=10373 to=10189 whence=0 offset=10189 justEof=true
[FileHandle] EOF-SEEK-BACK: bbs:node3/callerslog count=1 (seeking backwards after EOF)
[FileHandle] MEMORY: bbs:node3/callerslog bufLen=10373 pos=10189 avail=184 reading=184 eofSeekCount=1
[FileHandle] MEMORY: bbs:node3/callerslog bufLen=10373 pos=10373 avail=0 reading=0 eofSeekCount=1
[FileHandle] MEMORY: dOORS:dRE/dRE!WAll/dRE!WAll.dAtA bufLen=100 pos=0 avail=100 reading=100 eofSeekCount=0
[FileHandle] MEMORY: dOORS:dRE/dRE!WAll/dRE!WAll.dAtA bufLen=100 pos=100 avail=0 reading=0 eofSeekCount=0
[FileHandle] SEEK: bbs:node3/callerslog from=0 to=9373 whence=2 offset=-1000 justEof=false
[FileHandle] SEEK: bbs:node3/callerslog from=9373 to=9373 whence=1 offset=0 justEof=false
[FileHandle] MEMORY: bbs:node3/callerslog bufLen=10373 pos=9373 avail=1000 reading=512 eofSeekCount=0
[FileHandle] SEEK: bbs:node3/callerslog from=9885 to=9885 whence=1 offset=0 justEof=false
[FileHandle] SEEK: bbs:node3/callerslog from=9885 to=9885 whence=1 offset=0 justEof=false
[FileHandle] MEMORY: bbs:node3/callerslog bufLen=10373 pos=9885 avail=488 reading=488 eofSeekCount=0
[FileHandle] SEEK: bbs:node3/callerslog from=10373 to=10373 whence=1 offset=0 justEof=false
[FileHandle] MEMORY: bbs:node3/callerslog bufLen=10373 pos=10373 avail=0 reading=0 eofSeekCount=0
[FileHandle] SEEK: bbs:node3/callerslog from=10373 to=10373 whence=1 offset=0 justEof=true
[FileHandle] SEEK: bbs:node3/callerslog from=10373 to=10189 whence=0 offset=10189 justEof=true
[FileHandle] EOF-SEEK-BACK: bbs:node3/callerslog count=1 (seeking backwards after EOF)
[FileHandle] MEMORY: bbs:node3/callerslog bufLen=10373 pos=10189 avail=184 reading=184 eofSeekCount=1
[FileHandle] MEMORY: bbs:node3/callerslog bufLen=10373 pos=10373 avail=0 reading=0 eofSeekCount=1
[FileHandle] MEMORY: dOORS:dRE/dRE!WAll/dRE!WAll.dAtA bufLen=100 pos=0 avail=100 reading=100 eofSeekCount=0
[FileHandle] MEMORY: dOORS:dRE/dRE!WAll/dRE!WAll.dAtA bufLen=100 pos=100 avail=0 reading=0 eofSeekCount=0
[FileHandle] MEMORY: /Users/spot/Code/amiexpress-web/Conf1/Dir1 bufLen=111 pos=0 avail=111 reading=111 eofSeekCount=0
[FileHandle] MEMORY: bbs:node1.user bufLen=239 pos=0 avail=239 reading=239 eofSeekCount=0
[FileHandle] MEMORY: bbs:systemstats bufLen=6 pos=0 avail=6 reading=6 eofSeekCount=0
[FileHandle] SEEK: bbs:node3/callerslog from=0 to=9373 whence=2 offset=-1000 justEof=false
[FileHandle] SEEK: bbs:node3/callerslog from=9373 to=9373 whence=1 offset=0 justEof=false
[FileHandle] MEMORY: bbs:node3/callerslog bufLen=10373 pos=9373 avail=1000 reading=512 eofSeekCount=0
[FileHandle] SEEK: bbs:node3/callerslog from=9885 to=9885 whence=1 offset=0 justEof=false
[FileHandle] SEEK: bbs:node3/callerslog from=9885 to=9885 whence=1 offset=0 justEof=false
[FileHandle] MEMORY: bbs:node3/callerslog bufLen=10373 pos=9885 avail=488 reading=488 eofSeekCount=0
[FileHandle] SEEK: bbs:node3/callerslog from=10373 to=10373 whence=1 offset=0 justEof=false
[FileHandle] MEMORY: bbs:node3/callerslog bufLen=10373 pos=10373 avail=0 reading=0 eofSeekCount=0
[FileHandle] SEEK: bbs:node3/callerslog from=10373 to=10373 whence=1 offset=0 justEof=true
[FileHandle] SEEK: bbs:node3/callerslog from=10373 to=10189 whence=0 offset=10189 justEof=true
[FileHandle] EOF-SEEK-BACK: bbs:node3/callerslog count=1 (seeking backwards after EOF)
[FileHandle] MEMORY: bbs:node3/callerslog bufLen=10373 pos=10189 avail=184 reading=184 eofSeekCount=1
[FileHandle] MEMORY: bbs:node3/callerslog bufLen=10373 pos=10373 avail=0 reading=0 eofSeekCount=1
[FileHandle] MEMORY: dOORS:dRE/dRE!WAll/dRE!WAll.dAtA bufLen=100 pos=0 avail=100 reading=100 eofSeekCount=0
[FileHandle] MEMORY: dOORS:dRE/dRE!WAll/dRE!WAll.dAtA bufLen=100 pos=100 avail=0 reading=0 eofSeekCount=0
[FileHandle] MEMORY: bbs:node1.user bufLen=239 pos=0 avail=239 reading=239 eofSeekCount=0
[FileHandle] MEMORY: bbs:systemstats bufLen=6 pos=0 avail=6 reading=6 eofSeekCount=0
[FileHandle] MEMORY: bbs:node1.user bufLen=239 pos=0 avail=239 reading=239 eofSeekCount=0
[FileHandle] MEMORY: bbs:systemstats bufLen=6 pos=0 avail=6 reading=6 eofSeekCount=0
[FileHandle] MEMORY: /Users/spot/Code/amiexpress-web/Conf1/Dir1 bufLen=111 pos=0 avail=111 reading=111 eofSeekCount=0
[FileHandle] SEEK: bbs:node3/callerslog from=0 to=9373 whence=2 offset=-1000 justEof=false
[FileHandle] SEEK: bbs:node3/callerslog from=9373 to=9373 whence=1 offset=0 justEof=false
[FileHandle] MEMORY: bbs:node3/callerslog bufLen=10373 pos=9373 avail=1000 reading=512 eofSeekCount=0
[FileHandle] SEEK: bbs:node3/callerslog from=9885 to=9885 whence=1 offset=0 justEof=false
[FileHandle] SEEK: bbs:node3/callerslog from=9885 to=9885 whence=1 offset=0 justEof=false
[FileHandle] MEMORY: dOORS:dRE/dRE!WAll/dRE!WAll.dAtA bufLen=100 pos=0 avail=100 reading=100 eofSeekCount=0
[FileHandle] MEMORY: bbs:node3/callerslog bufLen=10373 pos=9885 avail=488 reading=488 eofSeekCount=0
[FileHandle] SEEK: bbs:node3/callerslog from=10373 to=10373 whence=1 offset=0 justEof=false
[FileHandle] MEMORY: dOORS:dRE/dRE!WAll/dRE!WAll.dAtA bufLen=100 pos=100 avail=0 reading=0 eofSeekCount=0
[FileHandle] MEMORY: bbs:node3/callerslog bufLen=10373 pos=10373 avail=0 reading=0 eofSeekCount=0
[FileHandle] SEEK: bbs:node3/callerslog from=10373 to=10373 whence=1 offset=0 justEof=true
[FileHandle] SEEK: bbs:node3/callerslog from=10373 to=10189 whence=0 offset=10189 justEof=true
[FileHandle] EOF-SEEK-BACK: bbs:node3/callerslog count=1 (seeking backwards after EOF)
[FileHandle] MEMORY: bbs:node3/callerslog bufLen=10373 pos=10189 avail=184 reading=184 eofSeekCount=1
[FileHandle] MEMORY: bbs:node3/callerslog bufLen=10373 pos=10373 avail=0 reading=0 eofSeekCount=1
[FileHandle] MEMORY: /Users/spot/Code/amiexpress-web/Conf1/Dir2 bufLen=7219 pos=0 avail=7219 reading=7219 eofSeekCount=0
[FileHandle] MEMORY: DOORS:EmP_Tools/JoinCnf.CFG bufLen=3527 pos=0 avail=3527 reading=512 eofSeekCount=0
[FileHandle] MEMORY: DOORS:EmP_Tools/JoinCnf.CFG bufLen=3527 pos=512 avail=3015 reading=512 eofSeekCount=0
[FileHandle] MEMORY: ENV:JC_PWFAIL.2 bufLen=1 pos=0 avail=1 reading=1 eofSeekCount=0
[FileHandle] MEMORY: ENV:JC_PWFAIL.2 bufLen=1 pos=1 avail=0 reading=0 eofSeekCount=0
[FileHandle] MEMORY: DOORS:EmP_Tools/JoinCnf.CFG bufLen=3527 pos=1024 avail=2503 reading=512 eofSeekCount=0
[FileHandle] MEMORY: DOORS:EmP_Tools/JoinCnf.CFG bufLen=3527 pos=1536 avail=1991 reading=512 eofSeekCount=0
[FileHandle] MEMORY: DOORS:EmP_Tools/JoinCnf.CFG bufLen=3527 pos=2048 avail=1479 reading=512 eofSeekCount=0
[FileHandle] MEMORY: DOORS:EmP_Tools/JoinCnf.CFG bufLen=3527 pos=2560 avail=967 reading=512 eofSeekCount=0
[FileHandle] MEMORY: DOORS:EmP_Tools/JoinCnf.CFG bufLen=3527 pos=3072 avail=455 reading=455 eofSeekCount=0
[FileHandle] SEEK: bbs:node3/callerslog from=0 to=9373 whence=2 offset=-1000 justEof=false
[FileHandle] SEEK: bbs:node3/callerslog from=9373 to=9373 whence=1 offset=0 justEof=false
[FileHandle] MEMORY: bbs:node3/callerslog bufLen=10373 pos=9373 avail=1000 reading=512 eofSeekCount=0
[FileHandle] SEEK: bbs:node3/callerslog from=9885 to=9885 whence=1 offset=0 justEof=false
[FileHandle] SEEK: bbs:node3/callerslog from=9885 to=9885 whence=1 offset=0 justEof=false
[FileHandle] MEMORY: bbs:node3/callerslog bufLen=10373 pos=9885 avail=488 reading=488 eofSeekCount=0
[FileHandle] SEEK: bbs:node3/callerslog from=10373 to=10373 whence=1 offset=0 justEof=false
[FileHandle] MEMORY: bbs:node3/callerslog bufLen=10373 pos=10373 avail=0 reading=0 eofSeekCount=0
[FileHandle] SEEK: bbs:node3/callerslog from=10373 to=10373 whence=1 offset=0 justEof=true
[FileHandle] SEEK: bbs:node3/callerslog from=10373 to=10189 whence=0 offset=10189 justEof=true
[FileHandle] EOF-SEEK-BACK: bbs:node3/callerslog count=1 (seeking backwards after EOF)
[FileHandle] MEMORY: bbs:node3/callerslog bufLen=10373 pos=10189 avail=184 reading=184 eofSeekCount=1
[FileHandle] MEMORY: bbs:node3/callerslog bufLen=10373 pos=10373 avail=0 reading=0 eofSeekCount=1
[FileHandle] MEMORY: dOORS:dRE/dRE!WAll/dRE!WAll.dAtA bufLen=100 pos=0 avail=100 reading=100 eofSeekCount=0
[FileHandle] MEMORY: dOORS:dRE/dRE!WAll/dRE!WAll.dAtA bufLen=100 pos=100 avail=0 reading=0 eofSeekCount=0
[FileHandle] MEMORY: /Users/spot/Code/amiexpress-web/Conf2/Dir1 bufLen=266 pos=0 avail=266 reading=266 eofSeekCount=0
[FileHandle] MEMORY: dOORS:dRE/dRE!WAll/dRE!WAll.dAtA bufLen=100 pos=0 avail=100 reading=100 eofSeekCount=0
[FileHandle] MEMORY: dOORS:dRE/dRE!WAll/dRE!WAll.dAtA bufLen=100 pos=100 avail=0 reading=0 eofSeekCount=0
[FileHandle] SEEK: bbs:node3/callerslog from=0 to=9373 whence=2 offset=-1000 justEof=false
[FileHandle] SEEK: bbs:node3/callerslog from=9373 to=9373 whence=1 offset=0 justEof=false
[FileHandle] MEMORY: bbs:node3/callerslog bufLen=10373 pos=9373 avail=1000 reading=512 eofSeekCount=0
[FileHandle] SEEK: bbs:node3/callerslog from=9885 to=9885 whence=1 offset=0 justEof=false
[FileHandle] SEEK: bbs:node3/callerslog from=9885 to=9885 whence=1 offset=0 justEof=false
[FileHandle] MEMORY: bbs:node3/callerslog bufLen=10373 pos=9885 avail=488 reading=488 eofSeekCount=0
[FileHandle] SEEK: bbs:node3/callerslog from=10373 to=10373 whence=1 offset=0 justEof=false
[FileHandle] MEMORY: bbs:node3/callerslog bufLen=10373 pos=10373 avail=0 reading=0 eofSeekCount=0
[FileHandle] SEEK: bbs:node3/callerslog from=10373 to=10373 whence=1 offset=0 justEof=true
[FileHandle] SEEK: bbs:node3/callerslog from=10373 to=10189 whence=0 offset=10189 justEof=true
[FileHandle] EOF-SEEK-BACK: bbs:node3/callerslog count=1 (seeking backwards after EOF)
[FileHandle] MEMORY: bbs:node3/callerslog bufLen=10373 pos=10189 avail=184 reading=184 eofSeekCount=1
[FileHandle] MEMORY: bbs:node3/callerslog bufLen=10373 pos=10373 avail=0 reading=0 eofSeekCount=1
[FileHandle] MEMORY: /Users/spot/Code/amiexpress-web/Conf2/Dir1 bufLen=266 pos=0 avail=266 reading=266 eofSeekCount=0
[FileHandle] MEMORY: dOORS:dRE/dRE!WAll/dRE!WAll.dAtA bufLen=100 pos=0 avail=100 reading=100 eofSeekCount=0
[FileHandle] MEMORY: dOORS:dRE/dRE!WAll/dRE!WAll.dAtA bufLen=100 pos=100 avail=0 reading=0 eofSeekCount=0
[FileHandle] SEEK: bbs:node3/callerslog from=0 to=9373 whence=2 offset=-1000 justEof=false
[FileHandle] SEEK: bbs:node3/callerslog from=9373 to=9373 whence=1 offset=0 justEof=false
[FileHandle] MEMORY: bbs:node3/callerslog bufLen=10373 pos=9373 avail=1000 reading=512 eofSeekCount=0
[FileHandle] SEEK: bbs:node3/callerslog from=9885 to=9885 whence=1 offset=0 justEof=false
[FileHandle] SEEK: bbs:node3/callerslog from=9885 to=9885 whence=1 offset=0 justEof=false
[FileHandle] MEMORY: bbs:node3/callerslog bufLen=10373 pos=9885 avail=488 reading=488 eofSeekCount=0
[FileHandle] SEEK: bbs:node3/callerslog from=10373 to=10373 whence=1 offset=0 justEof=false
[FileHandle] MEMORY: bbs:node3/callerslog bufLen=10373 pos=10373 avail=0 reading=0 eofSeekCount=0
[FileHandle] SEEK: bbs:node3/callerslog from=10373 to=10373 whence=1 offset=0 justEof=true
[FileHandle] SEEK: bbs:node3/callerslog from=10373 to=10189 whence=0 offset=10189 justEof=true
[FileHandle] EOF-SEEK-BACK: bbs:node3/callerslog count=1 (seeking backwards after EOF)
[FileHandle] MEMORY: bbs:node3/callerslog bufLen=10373 pos=10189 avail=184 reading=184 eofSeekCount=1
[FileHandle] MEMORY: bbs:node3/callerslog bufLen=10373 pos=10373 avail=0 reading=0 eofSeekCount=1
[FileHandle] MEMORY: /Users/spot/Code/amiexpress-web/Conf2/Dir1 bufLen=266 pos=0 avail=266 reading=266 eofSeekCount=0
[FileHandle] SEEK: bbs:node3/callerslog from=0 to=9627 whence=2 offset=-1000 justEof=false
[FileHandle] SEEK: bbs:node3/callerslog from=9627 to=9627 whence=1 offset=0 justEof=false
[FileHandle] MEMORY: bbs:node3/callerslog bufLen=10627 pos=9627 avail=1000 reading=512 eofSeekCount=0
[FileHandle] SEEK: bbs:node3/callerslog from=10139 to=10139 whence=1 offset=0 justEof=false
[FileHandle] MEMORY: bbs:node3/callerslog bufLen=10627 pos=10139 avail=488 reading=488 eofSeekCount=0
[FileHandle] MEMORY: dOORS:dRE/dRE!WAll/dRE!WAll.dAtA bufLen=100 pos=0 avail=100 reading=100 eofSeekCount=0
[FileHandle] SEEK: bbs:node3/callerslog from=10627 to=10627 whence=1 offset=0 justEof=false
[FileHandle] SEEK: bbs:node3/callerslog from=10627 to=10627 whence=1 offset=0 justEof=false
[FileHandle] MEMORY: bbs:node3/callerslog bufLen=10627 pos=10627 avail=0 reading=0 eofSeekCount=0
[FileHandle] SEEK: bbs:node3/callerslog from=10627 to=10627 whence=1 offset=0 justEof=true
[FileHandle] SEEK: bbs:node3/callerslog from=10627 to=10503 whence=0 offset=10503 justEof=true
[FileHandle] EOF-SEEK-BACK: bbs:node3/callerslog count=1 (seeking backwards after EOF)
[FileHandle] MEMORY: bbs:node3/callerslog bufLen=10627 pos=10503 avail=124 reading=124 eofSeekCount=1
[FileHandle] MEMORY: bbs:node3/callerslog bufLen=10627 pos=10627 avail=0 reading=0 eofSeekCount=1
[FileHandle] MEMORY: dOORS:dRE/dRE!WAll/dRE!WAll.dAtA bufLen=100 pos=100 avail=0 reading=0 eofSeekCount=0
[FileHandle] SEEK: bbs:node3/callerslog from=0 to=9747 whence=2 offset=-1000 justEof=false
[FileHandle] SEEK: bbs:node3/callerslog from=9747 to=9747 whence=1 offset=0 justEof=false
[FileHandle] MEMORY: bbs:node3/callerslog bufLen=10747 pos=9747 avail=1000 reading=512 eofSeekCount=0
[FileHandle] SEEK: bbs:node3/callerslog from=10259 to=10259 whence=1 offset=0 justEof=false
[FileHandle] SEEK: bbs:node3/callerslog from=10259 to=10259 whence=1 offset=0 justEof=false
[FileHandle] MEMORY: bbs:node3/callerslog bufLen=10747 pos=10259 avail=488 reading=488 eofSeekCount=0
[FileHandle] SEEK: bbs:node3/callerslog from=10747 to=10747 whence=1 offset=0 justEof=false
[FileHandle] MEMORY: bbs:node3/callerslog bufLen=10747 pos=10747 avail=0 reading=0 eofSeekCount=0
[FileHandle] SEEK: bbs:node3/callerslog from=10747 to=10747 whence=1 offset=0 justEof=true
[FileHandle] SEEK: bbs:node3/callerslog from=10747 to=10503 whence=0 offset=10503 justEof=true
[FileHandle] EOF-SEEK-BACK: bbs:node3/callerslog count=1 (seeking backwards after EOF)
[FileHandle] MEMORY: bbs:node3/callerslog bufLen=10747 pos=10503 avail=244 reading=244 eofSeekCount=1
[FileHandle] MEMORY: bbs:node3/callerslog bufLen=10747 pos=10747 avail=0 reading=0 eofSeekCount=1
[FileHandle] MEMORY: dOORS:dRE/dRE!WAll/dRE!WAll.dAtA bufLen=100 pos=0 avail=100 reading=100 eofSeekCount=0
[FileHandle] MEMORY: dOORS:dRE/dRE!WAll/dRE!WAll.dAtA bufLen=100 pos=100 avail=0 reading=0 eofSeekCount=0
[FileHandle] MEMORY: /Users/spot/Code/amiexpress-web/Conf2/Dir1 bufLen=266 pos=0 avail=266 reading=266 eofSeekCount=0
[FileHandle] SEEK: bbs:node3/callerslog from=0 to=9747 whence=2 offset=-1000 justEof=false
[FileHandle] SEEK: bbs:node3/callerslog from=9747 to=9747 whence=1 offset=0 justEof=false
[FileHandle] MEMORY: bbs:node3/callerslog bufLen=10747 pos=9747 avail=1000 reading=512 eofSeekCount=0
[FileHandle] SEEK: bbs:node3/callerslog from=10259 to=10259 whence=1 offset=0 justEof=false
[FileHandle] SEEK: bbs:node3/callerslog from=10259 to=10259 whence=1 offset=0 justEof=false
[FileHandle] MEMORY: bbs:node3/callerslog bufLen=10747 pos=10259 avail=488 reading=488 eofSeekCount=0
[FileHandle] SEEK: bbs:node3/callerslog from=10747 to=10747 whence=1 offset=0 justEof=false
[FileHandle] MEMORY: bbs:node3/callerslog bufLen=10747 pos=10747 avail=0 reading=0 eofSeekCount=0
[FileHandle] SEEK: bbs:node3/callerslog from=10747 to=10747 whence=1 offset=0 justEof=true
[FileHandle] SEEK: bbs:node3/callerslog from=10747 to=10503 whence=0 offset=10503 justEof=true
[FileHandle] EOF-SEEK-BACK: bbs:node3/callerslog count=1 (seeking backwards after EOF)
[FileHandle] MEMORY: bbs:node3/callerslog bufLen=10747 pos=10503 avail=244 reading=244 eofSeekCount=1
[FileHandle] MEMORY: bbs:node3/callerslog bufLen=10747 pos=10747 avail=0 reading=0 eofSeekCount=1
[FileHandle] MEMORY: dOORS:dRE/dRE!WAll/dRE!WAll.dAtA bufLen=100 pos=0 avail=100 reading=100 eofSeekCount=0
[FileHandle] MEMORY: dOORS:dRE/dRE!WAll/dRE!WAll.dAtA bufLen=100 pos=100 avail=0 reading=0 eofSeekCount=0
[FileHandle] MEMORY: /Users/spot/Code/amiexpress-web/Conf2/Dir1 bufLen=266 pos=0 avail=266 reading=266 eofSeekCount=0
[FileHandle] MEMORY: dOORS:dRE/dRE!WAll/dRE!WAll.dAtA bufLen=100 pos=0 avail=100 reading=100 eofSeekCount=0
[FileHandle] MEMORY: dOORS:dRE/dRE!WAll/dRE!WAll.dAtA bufLen=100 pos=100 avail=0 reading=0 eofSeekCount=0
[FileHandle] SEEK: bbs:node3/callerslog from=0 to=9747 whence=2 offset=-1000 justEof=false
[FileHandle] SEEK: bbs:node3/callerslog from=9747 to=9747 whence=1 offset=0 justEof=false
[FileHandle] MEMORY: bbs:node3/callerslog bufLen=10747 pos=9747 avail=1000 reading=512 eofSeekCount=0
[FileHandle] SEEK: bbs:node3/callerslog from=10259 to=10259 whence=1 offset=0 justEof=false
[FileHandle] SEEK: bbs:node3/callerslog from=10259 to=10259 whence=1 offset=0 justEof=false
[FileHandle] MEMORY: bbs:node3/callerslog bufLen=10747 pos=10259 avail=488 reading=488 eofSeekCount=0
[FileHandle] SEEK: bbs:node3/callerslog from=10747 to=10747 whence=1 offset=0 justEof=false
[FileHandle] MEMORY: bbs:node3/callerslog bufLen=10747 pos=10747 avail=0 reading=0 eofSeekCount=0
[FileHandle] SEEK: bbs:node3/callerslog from=10747 to=10747 whence=1 offset=0 justEof=true
[FileHandle] SEEK: bbs:node3/callerslog from=10747 to=10503 whence=0 offset=10503 justEof=true
[FileHandle] EOF-SEEK-BACK: bbs:node3/callerslog count=1 (seeking backwards after EOF)
[FileHandle] MEMORY: bbs:node3/callerslog bufLen=10747 pos=10503 avail=244 reading=244 eofSeekCount=1
[FileHandle] MEMORY: bbs:node3/callerslog bufLen=10747 pos=10747 avail=0 reading=0 eofSeekCount=1
[FileHandle] SEEK: bbs:node3/callerslog from=0 to=10001 whence=2 offset=-1000 justEof=false
[FileHandle] SEEK: bbs:node3/callerslog from=10001 to=10001 whence=1 offset=0 justEof=false
[FileHandle] MEMORY: bbs:node3/callerslog bufLen=11001 pos=10001 avail=1000 reading=512 eofSeekCount=0
[FileHandle] SEEK: bbs:node3/callerslog from=10513 to=10513 whence=1 offset=0 justEof=false
[FileHandle] SEEK: bbs:node3/callerslog from=10513 to=10513 whence=1 offset=0 justEof=false
[FileHandle] MEMORY: bbs:node3/callerslog bufLen=11001 pos=10513 avail=488 reading=488 eofSeekCount=0
[FileHandle] SEEK: bbs:node3/callerslog from=11001 to=11001 whence=1 offset=0 justEof=false
[FileHandle] MEMORY: bbs:node3/callerslog bufLen=11001 pos=11001 avail=0 reading=0 eofSeekCount=0
[FileHandle] SEEK: bbs:node3/callerslog from=11001 to=11001 whence=1 offset=0 justEof=true
[FileHandle] MEMORY: dOORS:dRE/dRE!WAll/dRE!WAll.dAtA bufLen=100 pos=0 avail=100 reading=100 eofSeekCount=0
[FileHandle] SEEK: bbs:node3/callerslog from=11001 to=10877 whence=0 offset=10877 justEof=true
[FileHandle] EOF-SEEK-BACK: bbs:node3/callerslog count=1 (seeking backwards after EOF)
[FileHandle] MEMORY: dOORS:dRE/dRE!WAll/dRE!WAll.dAtA bufLen=100 pos=100 avail=0 reading=0 eofSeekCount=0
[FileHandle] MEMORY: bbs:node3/callerslog bufLen=11001 pos=10877 avail=124 reading=124 eofSeekCount=1
[FileHandle] MEMORY: bbs:node3/callerslog bufLen=11001 pos=11001 avail=0 reading=0 eofSeekCount=1
[FileHandle] SEEK: bbs:node3/callerslog from=0 to=10259 whence=2 offset=-1000 justEof=false
[FileHandle] SEEK: bbs:node3/callerslog from=10259 to=10259 whence=1 offset=0 justEof=false
[FileHandle] MEMORY: bbs:node3/callerslog bufLen=11259 pos=10259 avail=1000 reading=512 eofSeekCount=0
[FileHandle] SEEK: bbs:node3/callerslog from=10771 to=10771 whence=1 offset=0 justEof=false
[FileHandle] MEMORY: bbs:node3/callerslog bufLen=11259 pos=10771 avail=488 reading=488 eofSeekCount=0
[FileHandle] SEEK: bbs:node3/callerslog from=11259 to=11259 whence=1 offset=0 justEof=false
[FileHandle] MEMORY: bbs:node3/callerslog bufLen=11259 pos=11259 avail=0 reading=0 eofSeekCount=0
[FileHandle] SEEK: bbs:node3/callerslog from=11259 to=11259 whence=1 offset=0 justEof=true
[FileHandle] SEEK: bbs:node3/callerslog from=11259 to=10877 whence=0 offset=10877 justEof=true
[FileHandle] EOF-SEEK-BACK: bbs:node3/callerslog count=1 (seeking backwards after EOF)
[FileHandle] MEMORY: bbs:node3/callerslog bufLen=11259 pos=10877 avail=382 reading=382 eofSeekCount=1
[FileHandle] MEMORY: bbs:node3/callerslog bufLen=11259 pos=11259 avail=0 reading=0 eofSeekCount=1
[FileHandle] MEMORY: dOORS:dRE/dRE!WAll/dRE!WAll.dAtA bufLen=100 pos=0 avail=100 reading=100 eofSeekCount=0
[FileHandle] MEMORY: dOORS:dRE/dRE!WAll/dRE!WAll.dAtA bufLen=100 pos=100 avail=0 reading=0 eofSeekCount=0
[FileHandle] SEEK: bbs:node3/callerslog from=0 to=10259 whence=2 offset=-1000 justEof=false
[FileHandle] SEEK: bbs:node3/callerslog from=10259 to=10259 whence=1 offset=0 justEof=false
[FileHandle] MEMORY: bbs:node3/callerslog bufLen=11259 pos=10259 avail=1000 reading=512 eofSeekCount=0
[FileHandle] SEEK: bbs:node3/callerslog from=10771 to=10771 whence=1 offset=0 justEof=false
[FileHandle] MEMORY: bbs:node3/callerslog bufLen=11259 pos=10771 avail=488 reading=488 eofSeekCount=0
[FileHandle] SEEK: bbs:node3/callerslog from=11259 to=11259 whence=1 offset=0 justEof=false
[FileHandle] MEMORY: bbs:node3/callerslog bufLen=11259 pos=11259 avail=0 reading=0 eofSeekCount=0
[FileHandle] SEEK: bbs:node3/callerslog from=11259 to=11259 whence=1 offset=0 justEof=true
[FileHandle] SEEK: bbs:node3/callerslog from=11259 to=10877 whence=0 offset=10877 justEof=true
[FileHandle] EOF-SEEK-BACK: bbs:node3/callerslog count=1 (seeking backwards after EOF)
[FileHandle] MEMORY: bbs:node3/callerslog bufLen=11259 pos=10877 avail=382 reading=382 eofSeekCount=1
[FileHandle] MEMORY: dOORS:dRE/dRE!WAll/dRE!WAll.dAtA bufLen=100 pos=0 avail=100 reading=100 eofSeekCount=0
[FileHandle] MEMORY: bbs:node3/callerslog bufLen=11259 pos=11259 avail=0 reading=0 eofSeekCount=1
[FileHandle] MEMORY: dOORS:dRE/dRE!WAll/dRE!WAll.dAtA bufLen=100 pos=100 avail=0 reading=0 eofSeekCount=0
[FileHandle] SEEK: bbs:node3/callerslog from=0 to=10259 whence=2 offset=-1000 justEof=false
[FileHandle] SEEK: bbs:node3/callerslog from=10259 to=10259 whence=1 offset=0 justEof=false
[FileHandle] MEMORY: bbs:node3/callerslog bufLen=11259 pos=10259 avail=1000 reading=512 eofSeekCount=0
[FileHandle] SEEK: bbs:node3/callerslog from=10771 to=10771 whence=1 offset=0 justEof=false
[FileHandle] MEMORY: bbs:node3/callerslog bufLen=11259 pos=10771 avail=488 reading=488 eofSeekCount=0
[FileHandle] SEEK: bbs:node3/callerslog from=11259 to=11259 whence=1 offset=0 justEof=false
[FileHandle] MEMORY: bbs:node3/callerslog bufLen=11259 pos=11259 avail=0 reading=0 eofSeekCount=0
[FileHandle] SEEK: bbs:node3/callerslog from=11259 to=11259 whence=1 offset=0 justEof=true
[FileHandle] SEEK: bbs:node3/callerslog from=11259 to=10877 whence=0 offset=10877 justEof=true
[FileHandle] EOF-SEEK-BACK: bbs:node3/callerslog count=1 (seeking backwards after EOF)
[FileHandle] MEMORY: bbs:node3/callerslog bufLen=11259 pos=10877 avail=382 reading=382 eofSeekCount=1
[FileHandle] MEMORY: bbs:node3/callerslog bufLen=11259 pos=11259 avail=0 reading=0 eofSeekCount=1
[FileHandle] MEMORY: dOORS:dRE/dRE!WAll/dRE!WAll.dAtA bufLen=100 pos=0 avail=100 reading=100 eofSeekCount=0
[FileHandle] MEMORY: dOORS:dRE/dRE!WAll/dRE!WAll.dAtA bufLen=100 pos=100 avail=0 reading=0 eofSeekCount=0
[FileHandle] SEEK: bbs:node3/callerslog from=0 to=10259 whence=2 offset=-1000 justEof=false
[FileHandle] SEEK: bbs:node3/callerslog from=10259 to=10259 whence=1 offset=0 justEof=false
[FileHandle] MEMORY: bbs:node3/callerslog bufLen=11259 pos=10259 avail=1000 reading=512 eofSeekCount=0
[FileHandle] SEEK: bbs:node3/callerslog from=10771 to=10771 whence=1 offset=0 justEof=false
[FileHandle] MEMORY: bbs:node3/callerslog bufLen=11259 pos=10771 avail=488 reading=488 eofSeekCount=0
[FileHandle] SEEK: bbs:node3/callerslog from=11259 to=11259 whence=1 offset=0 justEof=false
[FileHandle] MEMORY: bbs:node3/callerslog bufLen=11259 pos=11259 avail=0 reading=0 eofSeekCount=0
[FileHandle] SEEK: bbs:node3/callerslog from=11259 to=11259 whence=1 offset=0 justEof=true
[FileHandle] SEEK: bbs:node3/callerslog from=11259 to=10877 whence=0 offset=10877 justEof=true
[FileHandle] EOF-SEEK-BACK: bbs:node3/callerslog count=1 (seeking backwards after EOF)
[FileHandle] MEMORY: bbs:node3/callerslog bufLen=11259 pos=10877 avail=382 reading=382 eofSeekCount=1
[FileHandle] MEMORY: bbs:node3/callerslog bufLen=11259 pos=11259 avail=0 reading=0 eofSeekCount=1
[FileHandle] MEMORY: dOORS:dRE/dRE!WAll/dRE!WAll.dAtA bufLen=100 pos=0 avail=100 reading=100 eofSeekCount=0
[FileHandle] MEMORY: dOORS:dRE/dRE!WAll/dRE!WAll.dAtA bufLen=100 pos=100 avail=0 reading=0 eofSeekCount=0
[FileHandle] SEEK: bbs:node3/callerslog from=0 to=10259 whence=2 offset=-1000 justEof=false
[FileHandle] SEEK: bbs:node3/callerslog from=10259 to=10259 whence=1 offset=0 justEof=false
[FileHandle] MEMORY: bbs:node3/callerslog bufLen=11259 pos=10259 avail=1000 reading=512 eofSeekCount=0
[FileHandle] SEEK: bbs:node3/callerslog from=10771 to=10771 whence=1 offset=0 justEof=false
[FileHandle] MEMORY: bbs:node3/callerslog bufLen=11259 pos=10771 avail=488 reading=488 eofSeekCount=0
[FileHandle] SEEK: bbs:node3/callerslog from=11259 to=11259 whence=1 offset=0 justEof=false
[FileHandle] MEMORY: bbs:node3/callerslog bufLen=11259 pos=11259 avail=0 reading=0 eofSeekCount=0
[FileHandle] SEEK: bbs:node3/callerslog from=11259 to=11259 whence=1 offset=0 justEof=true
[FileHandle] SEEK: bbs:node3/callerslog from=11259 to=10877 whence=0 offset=10877 justEof=true
[FileHandle] EOF-SEEK-BACK: bbs:node3/callerslog count=1 (seeking backwards after EOF)
[FileHandle] MEMORY: bbs:node3/callerslog bufLen=11259 pos=10877 avail=382 reading=382 eofSeekCount=1
[FileHandle] MEMORY: bbs:node3/callerslog bufLen=11259 pos=11259 avail=0 reading=0 eofSeekCount=1
[FileHandle] MEMORY: dOORS:dRE/dRE!WAll/dRE!WAll.dAtA bufLen=100 pos=0 avail=100 reading=100 eofSeekCount=0
[FileHandle] MEMORY: dOORS:dRE/dRE!WAll/dRE!WAll.dAtA bufLen=100 pos=100 avail=0 reading=0 eofSeekCount=0
[FileHandle] MEMORY: dOORS:dRE/dRE!WAll/dRE!WAll.dAtA bufLen=100 pos=0 avail=100 reading=100 eofSeekCount=0
[FileHandle] SEEK: bbs:node3/callerslog from=0 to=10513 whence=2 offset=-1000 justEof=false
[FileHandle] SEEK: bbs:node3/callerslog from=10513 to=10513 whence=1 offset=0 justEof=false
[FileHandle] MEMORY: dOORS:dRE/dRE!WAll/dRE!WAll.dAtA bufLen=100 pos=100 avail=0 reading=0 eofSeekCount=0
[FileHandle] MEMORY: bbs:node3/callerslog bufLen=11513 pos=10513 avail=1000 reading=512 eofSeekCount=0
[FileHandle] SEEK: bbs:node3/callerslog from=11025 to=11025 whence=1 offset=0 justEof=false
[FileHandle] MEMORY: bbs:node3/callerslog bufLen=11513 pos=11025 avail=488 reading=488 eofSeekCount=0
[FileHandle] SEEK: bbs:node3/callerslog from=11513 to=11513 whence=1 offset=0 justEof=false
[FileHandle] MEMORY: bbs:node3/callerslog bufLen=11513 pos=11513 avail=0 reading=0 eofSeekCount=0
[FileHandle] SEEK: bbs:node3/callerslog from=11513 to=11513 whence=1 offset=0 justEof=true
[FileHandle] SEEK: bbs:node3/callerslog from=11513 to=11389 whence=0 offset=11389 justEof=true
[FileHandle] EOF-SEEK-BACK: bbs:node3/callerslog count=1 (seeking backwards after EOF)
[FileHandle] MEMORY: bbs:node3/callerslog bufLen=11513 pos=11389 avail=124 reading=124 eofSeekCount=1
[FileHandle] MEMORY: bbs:node3/callerslog bufLen=11513 pos=11513 avail=0 reading=0 eofSeekCount=1
[FileHandle] SEEK: bbs:node3/callerslog from=0 to=10658 whence=2 offset=-1000 justEof=false
[FileHandle] SEEK: bbs:node3/callerslog from=10658 to=10658 whence=1 offset=0 justEof=false
[FileHandle] MEMORY: bbs:node3/callerslog bufLen=11658 pos=10658 avail=1000 reading=512 eofSeekCount=0
[FileHandle] SEEK: bbs:node3/callerslog from=11170 to=11170 whence=1 offset=0 justEof=false
[FileHandle] MEMORY: bbs:node3/callerslog bufLen=11658 pos=11170 avail=488 reading=488 eofSeekCount=0
[FileHandle] SEEK: bbs:node3/callerslog from=11658 to=11658 whence=1 offset=0 justEof=false
[FileHandle] MEMORY: bbs:node3/callerslog bufLen=11658 pos=11658 avail=0 reading=0 eofSeekCount=0
[FileHandle] SEEK: bbs:node3/callerslog from=11658 to=11658 whence=1 offset=0 justEof=true
[FileHandle] SEEK: bbs:node3/callerslog from=11658 to=11389 whence=0 offset=11389 justEof=true
[FileHandle] EOF-SEEK-BACK: bbs:node3/callerslog count=1 (seeking backwards after EOF)
[FileHandle] MEMORY: bbs:node3/callerslog bufLen=11658 pos=11389 avail=269 reading=269 eofSeekCount=1
[FileHandle] MEMORY: bbs:node3/callerslog bufLen=11658 pos=11658 avail=0 reading=0 eofSeekCount=1
[FileHandle] MEMORY: dOORS:dRE/dRE!WAll/dRE!WAll.dAtA bufLen=100 pos=0 avail=100 reading=100 eofSeekCount=0
[FileHandle] MEMORY: dOORS:dRE/dRE!WAll/dRE!WAll.dAtA bufLen=100 pos=100 avail=0 reading=0 eofSeekCount=0
[FileHandle] SEEK: bbs:node3/callerslog from=0 to=10658 whence=2 offset=-1000 justEof=false
[FileHandle] SEEK: bbs:node3/callerslog from=10658 to=10658 whence=1 offset=0 justEof=false
[FileHandle] MEMORY: bbs:node3/callerslog bufLen=11658 pos=10658 avail=1000 reading=512 eofSeekCount=0
[FileHandle] SEEK: bbs:node3/callerslog from=11170 to=11170 whence=1 offset=0 justEof=false
[FileHandle] MEMORY: bbs:node3/callerslog bufLen=11658 pos=11170 avail=488 reading=488 eofSeekCount=0
[FileHandle] SEEK: bbs:node3/callerslog from=11658 to=11658 whence=1 offset=0 justEof=false
[FileHandle] SEEK: bbs:node3/callerslog from=0 to=10658 whence=2 offset=-1000 justEof=false
[FileHandle] SEEK: bbs:node3/callerslog from=10658 to=10658 whence=1 offset=0 justEof=false
[FileHandle] MEMORY: bbs:node3/callerslog bufLen=11658 pos=10658 avail=1000 reading=512 eofSeekCount=0
[FileHandle] SEEK: bbs:node3/callerslog from=11170 to=11170 whence=1 offset=0 justEof=false
[FileHandle] MEMORY: bbs:node3/callerslog bufLen=11658 pos=11170 avail=488 reading=488 eofSeekCount=0
[FileHandle] MEMORY: bbs:node3/callerslog bufLen=11658 pos=11658 avail=0 reading=0 eofSeekCount=0
[FileHandle] SEEK: bbs:node3/callerslog from=11658 to=11658 whence=1 offset=0 justEof=false
[FileHandle] SEEK: bbs:node3/callerslog from=11658 to=11658 whence=1 offset=0 justEof=true
[FileHandle] SEEK: bbs:node3/callerslog from=11658 to=11389 whence=0 offset=11389 justEof=true
[FileHandle] EOF-SEEK-BACK: bbs:node3/callerslog count=1 (seeking backwards after EOF)
[FileHandle] MEMORY: bbs:node3/callerslog bufLen=11658 pos=11389 avail=269 reading=269 eofSeekCount=1
[FileHandle] MEMORY: bbs:node3/callerslog bufLen=11658 pos=11658 avail=0 reading=0 eofSeekCount=0
[FileHandle] SEEK: bbs:node3/callerslog from=11658 to=11658 whence=1 offset=0 justEof=true
[FileHandle] SEEK: bbs:node3/callerslog from=11658 to=11389 whence=0 offset=11389 justEof=true
[FileHandle] EOF-SEEK-BACK: bbs:node3/callerslog count=1 (seeking backwards after EOF)
[FileHandle] MEMORY: bbs:node3/callerslog bufLen=11658 pos=11389 avail=269 reading=269 eofSeekCount=1
[FileHandle] SEEK: bbs:node3/callerslog from=0 to=10658 whence=2 offset=-1000 justEof=false
[FileHandle] SEEK: bbs:node3/callerslog from=10658 to=10658 whence=1 offset=0 justEof=false
[FileHandle] MEMORY: bbs:node3/callerslog bufLen=11658 pos=11658 avail=0 reading=0 eofSeekCount=1
[FileHandle] MEMORY: bbs:node3/callerslog bufLen=11658 pos=10658 avail=1000 reading=512 eofSeekCount=0
[FileHandle] SEEK: bbs:node3/callerslog from=11170 to=11170 whence=1 offset=0 justEof=false
[FileHandle] MEMORY: bbs:node3/callerslog bufLen=11658 pos=11170 avail=488 reading=488 eofSeekCount=0
[FileHandle] SEEK: bbs:node3/callerslog from=11658 to=11658 whence=1 offset=0 justEof=false
[FileHandle] MEMORY: bbs:node3/callerslog bufLen=11658 pos=11658 avail=0 reading=0 eofSeekCount=0
[FileHandle] SEEK: bbs:node3/callerslog from=11658 to=11658 whence=1 offset=0 justEof=true
[FileHandle] SEEK: bbs:node3/callerslog from=11658 to=11389 whence=0 offset=11389 justEof=true
[FileHandle] EOF-SEEK-BACK: bbs:node3/callerslog count=1 (seeking backwards after EOF)
[FileHandle] MEMORY: bbs:node3/callerslog bufLen=11658 pos=11389 avail=269 reading=269 eofSeekCount=1
[FileHandle] MEMORY: bbs:node3/callerslog bufLen=11658 pos=11658 avail=0 reading=0 eofSeekCount=1
[FileHandle] MEMORY: dOORS:dRE/dRE!WAll/dRE!WAll.dAtA bufLen=100 pos=0 avail=100 reading=100 eofSeekCount=0
[FileHandle] MEMORY: dOORS:dRE/dRE!WAll/dRE!WAll.dAtA bufLen=100 pos=100 avail=0 reading=0 eofSeekCount=0
[FileHandle] MEMORY: bbs:node3/callerslog bufLen=11658 pos=11658 avail=0 reading=0 eofSeekCount=1
[FileHandle] MEMORY: dOORS:dRE/dRE!WAll/dRE!WAll.dAtA bufLen=100 pos=0 avail=100 reading=100 eofSeekCount=0
[FileHandle] MEMORY: dOORS:dRE/dRE!WAll/dRE!WAll.dAtA bufLen=100 pos=100 avail=0 reading=0 eofSeekCount=0
[FileHandle] SEEK: bbs:node3/callerslog from=0 to=10658 whence=2 offset=-1000 justEof=false
[FileHandle] SEEK: bbs:node3/callerslog from=10658 to=10658 whence=1 offset=0 justEof=false
[FileHandle] MEMORY: bbs:node3/callerslog bufLen=11658 pos=10658 avail=1000 reading=512 eofSeekCount=0
[FileHandle] SEEK: bbs:node3/callerslog from=11170 to=11170 whence=1 offset=0 justEof=false
[FileHandle] MEMORY: bbs:node3/callerslog bufLen=11658 pos=11170 avail=488 reading=488 eofSeekCount=0
[FileHandle] SEEK: bbs:node3/callerslog from=11658 to=11658 whence=1 offset=0 justEof=false
[FileHandle] MEMORY: bbs:node3/callerslog bufLen=11658 pos=11658 avail=0 reading=0 eofSeekCount=0
[FileHandle] SEEK: bbs:node3/callerslog from=11658 to=11658 whence=1 offset=0 justEof=true
[FileHandle] SEEK: bbs:node3/callerslog from=11658 to=11389 whence=0 offset=11389 justEof=true
[FileHandle] EOF-SEEK-BACK: bbs:node3/callerslog count=1 (seeking backwards after EOF)
[FileHandle] MEMORY: bbs:node3/callerslog bufLen=11658 pos=11389 avail=269 reading=269 eofSeekCount=1
[FileHandle] MEMORY: bbs:node3/callerslog bufLen=11658 pos=11658 avail=0 reading=0 eofSeekCount=1
[FileHandle] MEMORY: dOORS:dRE/dRE!WAll/dRE!WAll.dAtA bufLen=100 pos=0 avail=100 reading=100 eofSeekCount=0
[FileHandle] MEMORY: dOORS:dRE/dRE!WAll/dRE!WAll.dAtA bufLen=100 pos=100 avail=0 reading=0 eofSeekCount=0
[FileHandle] SEEK: bbs:node3/callerslog from=0 to=10658 whence=2 offset=-1000 justEof=false
[FileHandle] SEEK: bbs:node3/callerslog from=10658 to=10658 whence=1 offset=0 justEof=false
[FileHandle] MEMORY: bbs:node3/callerslog bufLen=11658 pos=10658 avail=1000 reading=512 eofSeekCount=0
[FileHandle] SEEK: bbs:node3/callerslog from=11170 to=11170 whence=1 offset=0 justEof=false
[FileHandle] MEMORY: bbs:node3/callerslog bufLen=11658 pos=11170 avail=488 reading=488 eofSeekCount=0
[FileHandle] SEEK: bbs:node3/callerslog from=11658 to=11658 whence=1 offset=0 justEof=false
[FileHandle] MEMORY: bbs:node3/callerslog bufLen=11658 pos=11658 avail=0 reading=0 eofSeekCount=0
[FileHandle] SEEK: bbs:node3/callerslog from=11658 to=11658 whence=1 offset=0 justEof=true
[FileHandle] SEEK: bbs:node3/callerslog from=11658 to=11389 whence=0 offset=11389 justEof=true
[FileHandle] EOF-SEEK-BACK: bbs:node3/callerslog count=1 (seeking backwards after EOF)
[FileHandle] MEMORY: bbs:node3/callerslog bufLen=11658 pos=11389 avail=269 reading=269 eofSeekCount=1
[FileHandle] MEMORY: bbs:node3/callerslog bufLen=11658 pos=11658 avail=0 reading=0 eofSeekCount=1
[FileHandle] MEMORY: dOORS:dRE/dRE!WAll/dRE!WAll.dAtA bufLen=100 pos=0 avail=100 reading=100 eofSeekCount=0
[FileHandle] MEMORY: dOORS:dRE/dRE!WAll/dRE!WAll.dAtA bufLen=100 pos=100 avail=0 reading=0 eofSeekCount=0
[FileHandle] SEEK: bbs:node3/callerslog from=0 to=10658 whence=2 offset=-1000 justEof=false
[FileHandle] SEEK: bbs:node3/callerslog from=10658 to=10658 whence=1 offset=0 justEof=false
[FileHandle] MEMORY: bbs:node3/callerslog bufLen=11658 pos=10658 avail=1000 reading=512 eofSeekCount=0
[FileHandle] SEEK: bbs:node3/callerslog from=11170 to=11170 whence=1 offset=0 justEof=false
[FileHandle] MEMORY: bbs:node3/callerslog bufLen=11658 pos=11170 avail=488 reading=488 eofSeekCount=0
[FileHandle] SEEK: bbs:node3/callerslog from=11658 to=11658 whence=1 offset=0 justEof=false
[FileHandle] MEMORY: bbs:node3/callerslog bufLen=11658 pos=11658 avail=0 reading=0 eofSeekCount=0
[FileHandle] SEEK: bbs:node3/callerslog from=11658 to=11658 whence=1 offset=0 justEof=true
[FileHandle] SEEK: bbs:node3/callerslog from=11658 to=11389 whence=0 offset=11389 justEof=true
[FileHandle] EOF-SEEK-BACK: bbs:node3/callerslog count=1 (seeking backwards after EOF)
[FileHandle] MEMORY: bbs:node3/callerslog bufLen=11658 pos=11389 avail=269 reading=269 eofSeekCount=1
[FileHandle] MEMORY: bbs:node3/callerslog bufLen=11658 pos=11658 avail=0 reading=0 eofSeekCount=1
[FileHandle] MEMORY: dOORS:dRE/dRE!WAll/dRE!WAll.dAtA bufLen=100 pos=0 avail=100 reading=100 eofSeekCount=0
[FileHandle] MEMORY: dOORS:dRE/dRE!WAll/dRE!WAll.dAtA bufLen=100 pos=100 avail=0 reading=0 eofSeekCount=0
[FileHandle] SEEK: bbs:node3/callerslog from=0 to=10658 whence=2 offset=-1000 justEof=false
[FileHandle] SEEK: bbs:node3/callerslog from=10658 to=10658 whence=1 offset=0 justEof=false
[FileHandle] MEMORY: bbs:node3/callerslog bufLen=11658 pos=10658 avail=1000 reading=512 eofSeekCount=0
[FileHandle] SEEK: bbs:node3/callerslog from=11170 to=11170 whence=1 offset=0 justEof=false
[FileHandle] MEMORY: bbs:node3/callerslog bufLen=11658 pos=11170 avail=488 reading=488 eofSeekCount=0
[FileHandle] SEEK: bbs:node3/callerslog from=11658 to=11658 whence=1 offset=0 justEof=false
[FileHandle] MEMORY: bbs:node3/callerslog bufLen=11658 pos=11658 avail=0 reading=0 eofSeekCount=0
[FileHandle] SEEK: bbs:node3/callerslog from=11658 to=11658 whence=1 offset=0 justEof=true
[FileHandle] SEEK: bbs:node3/callerslog from=11658 to=11389 whence=0 offset=11389 justEof=true
[FileHandle] EOF-SEEK-BACK: bbs:node3/callerslog count=1 (seeking backwards after EOF)
[FileHandle] MEMORY: bbs:node3/callerslog bufLen=11658 pos=11389 avail=269 reading=269 eofSeekCount=1
[FileHandle] MEMORY: bbs:node3/callerslog bufLen=11658 pos=11658 avail=0 reading=0 eofSeekCount=1
[FileHandle] MEMORY: dOORS:dRE/dRE!WAll/dRE!WAll.dAtA bufLen=100 pos=0 avail=100 reading=100 eofSeekCount=0
[FileHandle] MEMORY: dOORS:dRE/dRE!WAll/dRE!WAll.dAtA bufLen=100 pos=100 avail=0 reading=0 eofSeekCount=0
[FileHandle] SEEK: bbs:node3/callerslog from=0 to=10658 whence=2 offset=-1000 justEof=false
[FileHandle] SEEK: bbs:node3/callerslog from=10658 to=10658 whence=1 offset=0 justEof=false
[FileHandle] MEMORY: bbs:node3/callerslog bufLen=11658 pos=10658 avail=1000 reading=512 eofSeekCount=0
[FileHandle] SEEK: bbs:node3/callerslog from=11170 to=11170 whence=1 offset=0 justEof=false
[FileHandle] MEMORY: bbs:node3/callerslog bufLen=11658 pos=11170 avail=488 reading=488 eofSeekCount=0
[FileHandle] SEEK: bbs:node3/callerslog from=11658 to=11658 whence=1 offset=0 justEof=false
[FileHandle] MEMORY: bbs:node3/callerslog bufLen=11658 pos=11658 avail=0 reading=0 eofSeekCount=0
[FileHandle] SEEK: bbs:node3/callerslog from=11658 to=11658 whence=1 offset=0 justEof=true
[FileHandle] SEEK: bbs:node3/callerslog from=11658 to=11389 whence=0 offset=11389 justEof=true
[FileHandle] EOF-SEEK-BACK: bbs:node3/callerslog count=1 (seeking backwards after EOF)
[FileHandle] MEMORY: bbs:node3/callerslog bufLen=11658 pos=11389 avail=269 reading=269 eofSeekCount=1
[FileHandle] MEMORY: bbs:node3/callerslog bufLen=11658 pos=11658 avail=0 reading=0 eofSeekCount=1
[FileHandle] MEMORY: dOORS:dRE/dRE!WAll/dRE!WAll.dAtA bufLen=100 pos=0 avail=100 reading=100 eofSeekCount=0
[FileHandle] MEMORY: dOORS:dRE/dRE!WAll/dRE!WAll.dAtA bufLen=100 pos=100 avail=0 reading=0 eofSeekCount=0
[FileHandle] SEEK: bbs:node3/callerslog from=0 to=10725 whence=2 offset=-1000 justEof=false
[FileHandle] SEEK: bbs:node3/callerslog from=10725 to=10725 whence=1 offset=0 justEof=false
[FileHandle] MEMORY: bbs:node3/callerslog bufLen=11725 pos=10725 avail=1000 reading=512 eofSeekCount=0
[FileHandle] SEEK: bbs:node3/callerslog from=11237 to=11237 whence=1 offset=0 justEof=false
[FileHandle] MEMORY: bbs:node3/callerslog bufLen=11725 pos=11237 avail=488 reading=488 eofSeekCount=0
[FileHandle] SEEK: bbs:node3/callerslog from=11725 to=11725 whence=1 offset=0 justEof=false
[FileHandle] MEMORY: bbs:node3/callerslog bufLen=11725 pos=11725 avail=0 reading=0 eofSeekCount=0
[FileHandle] SEEK: bbs:node3/callerslog from=11725 to=11725 whence=1 offset=0 justEof=true
[FileHandle] SEEK: bbs:node3/callerslog from=11725 to=11389 whence=0 offset=11389 justEof=true
[FileHandle] EOF-SEEK-BACK: bbs:node3/callerslog count=1 (seeking backwards after EOF)
[FileHandle] MEMORY: bbs:node3/callerslog bufLen=11725 pos=11389 avail=336 reading=336 eofSeekCount=1
[FileHandle] MEMORY: bbs:node3/callerslog bufLen=11725 pos=11725 avail=0 reading=0 eofSeekCount=1
[FileHandle] MEMORY: dOORS:dRE/dRE!WAll/dRE!WAll.dAtA bufLen=100 pos=0 avail=100 reading=100 eofSeekCount=0
[FileHandle] MEMORY: dOORS:dRE/dRE!WAll/dRE!WAll.dAtA bufLen=100 pos=100 avail=0 reading=0 eofSeekCount=0
[FileHandle] SEEK: bbs:node3/callerslog from=0 to=10725 whence=2 offset=-1000 justEof=false
[FileHandle] SEEK: bbs:node3/callerslog from=10725 to=10725 whence=1 offset=0 justEof=false
[FileHandle] MEMORY: bbs:node3/callerslog bufLen=11725 pos=10725 avail=1000 reading=512 eofSeekCount=0
[FileHandle] SEEK: bbs:node3/callerslog from=11237 to=11237 whence=1 offset=0 justEof=false
[FileHandle] MEMORY: bbs:node3/callerslog bufLen=11725 pos=11237 avail=488 reading=488 eofSeekCount=0
[FileHandle] SEEK: bbs:node3/callerslog from=11725 to=11725 whence=1 offset=0 justEof=false
[FileHandle] MEMORY: bbs:node3/callerslog bufLen=11725 pos=11725 avail=0 reading=0 eofSeekCount=0
[FileHandle] SEEK: bbs:node3/callerslog from=11725 to=11725 whence=1 offset=0 justEof=true
[FileHandle] SEEK: bbs:node3/callerslog from=11725 to=11389 whence=0 offset=11389 justEof=true
[FileHandle] EOF-SEEK-BACK: bbs:node3/callerslog count=1 (seeking backwards after EOF)
[FileHandle] MEMORY: bbs:node3/callerslog bufLen=11725 pos=11389 avail=336 reading=336 eofSeekCount=1
[FileHandle] MEMORY: bbs:node3/callerslog bufLen=11725 pos=11725 avail=0 reading=0 eofSeekCount=1
[FileHandle] MEMORY: dOORS:dRE/dRE!WAll/dRE!WAll.dAtA bufLen=100 pos=0 avail=100 reading=100 eofSeekCount=0
[FileHandle] MEMORY: dOORS:dRE/dRE!WAll/dRE!WAll.dAtA bufLen=100 pos=100 avail=0 reading=0 eofSeekCount=0
[FileHandle] MEMORY: dOORS:dRE/dRE!WAll/dRE!WAll.dAtA bufLen=100 pos=0 avail=100 reading=100 eofSeekCount=0
[FileHandle] MEMORY: dOORS:dRE/dRE!WAll/dRE!WAll.dAtA bufLen=100 pos=100 avail=0 reading=0 eofSeekCount=0
[FileHandle] SEEK: bbs:node3/callerslog from=0 to=10725 whence=2 offset=-1000 justEof=false
[FileHandle] SEEK: bbs:node3/callerslog from=10725 to=10725 whence=1 offset=0 justEof=false
[FileHandle] MEMORY: bbs:node3/callerslog bufLen=11725 pos=10725 avail=1000 reading=512 eofSeekCount=0
[FileHandle] SEEK: bbs:node3/callerslog from=11237 to=11237 whence=1 offset=0 justEof=false
[FileHandle] MEMORY: bbs:node3/callerslog bufLen=11725 pos=11237 avail=488 reading=488 eofSeekCount=0
[FileHandle] SEEK: bbs:node3/callerslog from=11725 to=11725 whence=1 offset=0 justEof=false
[FileHandle] MEMORY: bbs:node3/callerslog bufLen=11725 pos=11725 avail=0 reading=0 eofSeekCount=0
[FileHandle] SEEK: bbs:node3/callerslog from=11725 to=11725 whence=1 offset=0 justEof=true
[FileHandle] SEEK: bbs:node3/callerslog from=11725 to=11389 whence=0 offset=11389 justEof=true
[FileHandle] EOF-SEEK-BACK: bbs:node3/callerslog count=1 (seeking backwards after EOF)
[FileHandle] MEMORY: bbs:node3/callerslog bufLen=11725 pos=11389 avail=336 reading=336 eofSeekCount=1
[FileHandle] MEMORY: bbs:node3/callerslog bufLen=11725 pos=11725 avail=0 reading=0 eofSeekCount=1
[FileHandle] SEEK: bbs:node3/callerslog from=0 to=10725 whence=2 offset=-1000 justEof=false
[FileHandle] SEEK: bbs:node3/callerslog from=10725 to=10725 whence=1 offset=0 justEof=false
[FileHandle] MEMORY: bbs:node3/callerslog bufLen=11725 pos=10725 avail=1000 reading=512 eofSeekCount=0
[FileHandle] SEEK: bbs:node3/callerslog from=11237 to=11237 whence=1 offset=0 justEof=false
[FileHandle] MEMORY: bbs:node3/callerslog bufLen=11725 pos=11237 avail=488 reading=488 eofSeekCount=0
[FileHandle] SEEK: bbs:node3/callerslog from=11725 to=11725 whence=1 offset=0 justEof=false
[FileHandle] MEMORY: bbs:node3/callerslog bufLen=11725 pos=11725 avail=0 reading=0 eofSeekCount=0
[FileHandle] SEEK: bbs:node3/callerslog from=11725 to=11725 whence=1 offset=0 justEof=true
[FileHandle] SEEK: bbs:node3/callerslog from=11725 to=11389 whence=0 offset=11389 justEof=true
[FileHandle] EOF-SEEK-BACK: bbs:node3/callerslog count=1 (seeking backwards after EOF)
[FileHandle] MEMORY: bbs:node3/callerslog bufLen=11725 pos=11389 avail=336 reading=336 eofSeekCount=1
[FileHandle] MEMORY: bbs:node3/callerslog bufLen=11725 pos=11725 avail=0 reading=0 eofSeekCount=1
[FileHandle] MEMORY: dOORS:dRE/dRE!WAll/dRE!WAll.dAtA bufLen=100 pos=0 avail=100 reading=100 eofSeekCount=0
[FileHandle] MEMORY: dOORS:dRE/dRE!WAll/dRE!WAll.dAtA bufLen=100 pos=100 avail=0 reading=0 eofSeekCount=0
[FileHandle] SEEK: bbs:node3/callerslog from=0 to=10725 whence=2 offset=-1000 justEof=false
[FileHandle] SEEK: bbs:node3/callerslog from=10725 to=10725 whence=1 offset=0 justEof=false
[FileHandle] MEMORY: bbs:node3/callerslog bufLen=11725 pos=10725 avail=1000 reading=512 eofSeekCount=0
[FileHandle] SEEK: bbs:node3/callerslog from=11237 to=11237 whence=1 offset=0 justEof=false
[FileHandle] MEMORY: bbs:node3/callerslog bufLen=11725 pos=11237 avail=488 reading=488 eofSeekCount=0
[FileHandle] SEEK: bbs:node3/callerslog from=11725 to=11725 whence=1 offset=0 justEof=false
[FileHandle] MEMORY: bbs:node3/callerslog bufLen=11725 pos=11725 avail=0 reading=0 eofSeekCount=0
[FileHandle] SEEK: bbs:node3/callerslog from=11725 to=11725 whence=1 offset=0 justEof=true
[FileHandle] SEEK: bbs:node3/callerslog from=11725 to=11389 whence=0 offset=11389 justEof=true
[FileHandle] EOF-SEEK-BACK: bbs:node3/callerslog count=1 (seeking backwards after EOF)
[FileHandle] MEMORY: bbs:node3/callerslog bufLen=11725 pos=11389 avail=336 reading=336 eofSeekCount=1
[FileHandle] MEMORY: bbs:node3/callerslog bufLen=11725 pos=11725 avail=0 reading=0 eofSeekCount=1
[FileHandle] MEMORY: dOORS:dRE/dRE!WAll/dRE!WAll.dAtA bufLen=100 pos=0 avail=100 reading=100 eofSeekCount=0
[FileHandle] MEMORY: dOORS:dRE/dRE!WAll/dRE!WAll.dAtA bufLen=100 pos=100 avail=0 reading=0 eofSeekCount=0
[FileHandle] SEEK: bbs:node3/callerslog from=0 to=10979 whence=2 offset=-1000 justEof=false
[FileHandle] SEEK: bbs:node3/callerslog from=10979 to=10979 whence=1 offset=0 justEof=false
[FileHandle] MEMORY: bbs:node3/callerslog bufLen=11979 pos=10979 avail=1000 reading=512 eofSeekCount=0
[FileHandle] SEEK: bbs:node3/callerslog from=11491 to=11491 whence=1 offset=0 justEof=false
[FileHandle] MEMORY: bbs:node3/callerslog bufLen=11979 pos=11491 avail=488 reading=488 eofSeekCount=0
[FileHandle] SEEK: bbs:node3/callerslog from=11979 to=11979 whence=1 offset=0 justEof=false
[FileHandle] MEMORY: bbs:node3/callerslog bufLen=11979 pos=11979 avail=0 reading=0 eofSeekCount=0
[FileHandle] SEEK: bbs:node3/callerslog from=11979 to=11979 whence=1 offset=0 justEof=true
[FileHandle] SEEK: bbs:node3/callerslog from=11979 to=11855 whence=0 offset=11855 justEof=true
[FileHandle] EOF-SEEK-BACK: bbs:node3/callerslog count=1 (seeking backwards after EOF)
[FileHandle] MEMORY: bbs:node3/callerslog bufLen=11979 pos=11855 avail=124 reading=124 eofSeekCount=1
[FileHandle] MEMORY: bbs:node3/callerslog bufLen=11979 pos=11979 avail=0 reading=0 eofSeekCount=1
[FileHandle] MEMORY: dOORS:dRE/dRE!WAll/dRE!WAll.dAtA bufLen=100 pos=0 avail=100 reading=100 eofSeekCount=0
[FileHandle] MEMORY: dOORS:dRE/dRE!WAll/dRE!WAll.dAtA bufLen=100 pos=100 avail=0 reading=0 eofSeekCount=0
[FileHandle] SEEK: bbs:node3/callerslog from=0 to=11103 whence=2 offset=-1000 justEof=false
[FileHandle] SEEK: bbs:node3/callerslog from=11103 to=11103 whence=1 offset=0 justEof=false
[FileHandle] MEMORY: bbs:node3/callerslog bufLen=12103 pos=11103 avail=1000 reading=512 eofSeekCount=0
[FileHandle] SEEK: bbs:node3/callerslog from=11615 to=11615 whence=1 offset=0 justEof=false
[FileHandle] MEMORY: bbs:node3/callerslog bufLen=12103 pos=11615 avail=488 reading=488 eofSeekCount=0
[FileHandle] SEEK: bbs:node3/callerslog from=12103 to=12103 whence=1 offset=0 justEof=false
[FileHandle] MEMORY: bbs:node3/callerslog bufLen=12103 pos=12103 avail=0 reading=0 eofSeekCount=0
[FileHandle] SEEK: bbs:node3/callerslog from=12103 to=12103 whence=1 offset=0 justEof=true
[FileHandle] SEEK: bbs:node3/callerslog from=12103 to=11855 whence=0 offset=11855 justEof=true
[FileHandle] EOF-SEEK-BACK: bbs:node3/callerslog count=1 (seeking backwards after EOF)
[FileHandle] MEMORY: bbs:node3/callerslog bufLen=12103 pos=11855 avail=248 reading=248 eofSeekCount=1
[FileHandle] MEMORY: bbs:node3/callerslog bufLen=12103 pos=12103 avail=0 reading=0 eofSeekCount=1
[FileHandle] SEEK: bbs:node3/callerslog from=0 to=11103 whence=2 offset=-1000 justEof=false
[FileHandle] SEEK: bbs:node3/callerslog from=11103 to=11103 whence=1 offset=0 justEof=false
[FileHandle] MEMORY: bbs:node3/callerslog bufLen=12103 pos=11103 avail=1000 reading=512 eofSeekCount=0
[FileHandle] SEEK: bbs:node3/callerslog from=11615 to=11615 whence=1 offset=0 justEof=false
[FileHandle] MEMORY: bbs:node3/callerslog bufLen=12103 pos=11615 avail=488 reading=488 eofSeekCount=0
[FileHandle] SEEK: bbs:node3/callerslog from=12103 to=12103 whence=1 offset=0 justEof=false
[FileHandle] MEMORY: bbs:node3/callerslog bufLen=12103 pos=12103 avail=0 reading=0 eofSeekCount=0
[FileHandle] SEEK: bbs:node3/callerslog from=12103 to=12103 whence=1 offset=0 justEof=true
[FileHandle] SEEK: bbs:node3/callerslog from=12103 to=11855 whence=0 offset=11855 justEof=true
[FileHandle] EOF-SEEK-BACK: bbs:node3/callerslog count=1 (seeking backwards after EOF)
[FileHandle] MEMORY: bbs:node3/callerslog bufLen=12103 pos=11855 avail=248 reading=248 eofSeekCount=1
[FileHandle] MEMORY: bbs:node3/callerslog bufLen=12103 pos=12103 avail=0 reading=0 eofSeekCount=1
[FileHandle] MEMORY: dOORS:dRE/dRE!WAll/dRE!WAll.dAtA bufLen=100 pos=0 avail=100 reading=100 eofSeekCount=0
[FileHandle] MEMORY: dOORS:dRE/dRE!WAll/dRE!WAll.dAtA bufLen=100 pos=100 avail=0 reading=0 eofSeekCount=0
[FileHandle] MEMORY: dOORS:dRE/dRE!WAll/dRE!WAll.dAtA bufLen=100 pos=0 avail=100 reading=100 eofSeekCount=0
[FileHandle] MEMORY: dOORS:dRE/dRE!WAll/dRE!WAll.dAtA bufLen=100 pos=100 avail=0 reading=0 eofSeekCount=0
[FileHandle] SEEK: bbs:node3/callerslog from=0 to=11103 whence=2 offset=-1000 justEof=false
[FileHandle] SEEK: bbs:node3/callerslog from=11103 to=11103 whence=1 offset=0 justEof=false
[FileHandle] MEMORY: bbs:node3/callerslog bufLen=12103 pos=11103 avail=1000 reading=512 eofSeekCount=0
[FileHandle] SEEK: bbs:node3/callerslog from=11615 to=11615 whence=1 offset=0 justEof=false
[FileHandle] MEMORY: bbs:node3/callerslog bufLen=12103 pos=11615 avail=488 reading=488 eofSeekCount=0
[FileHandle] SEEK: bbs:node3/callerslog from=12103 to=12103 whence=1 offset=0 justEof=false
[FileHandle] MEMORY: bbs:node3/callerslog bufLen=12103 pos=12103 avail=0 reading=0 eofSeekCount=0
[FileHandle] SEEK: bbs:node3/callerslog from=12103 to=12103 whence=1 offset=0 justEof=true
[FileHandle] SEEK: bbs:node3/callerslog from=12103 to=11855 whence=0 offset=11855 justEof=true
[FileHandle] EOF-SEEK-BACK: bbs:node3/callerslog count=1 (seeking backwards after EOF)
[FileHandle] MEMORY: bbs:node3/callerslog bufLen=12103 pos=11855 avail=248 reading=248 eofSeekCount=1
[FileHandle] MEMORY: bbs:node3/callerslog bufLen=12103 pos=12103 avail=0 reading=0 eofSeekCount=1
[FileHandle] SEEK: bbs:node3/callerslog from=0 to=11103 whence=2 offset=-1000 justEof=false
[FileHandle] SEEK: bbs:node3/callerslog from=11103 to=11103 whence=1 offset=0 justEof=false
[FileHandle] MEMORY: bbs:node3/callerslog bufLen=12103 pos=11103 avail=1000 reading=512 eofSeekCount=0
[FileHandle] SEEK: bbs:node3/callerslog from=11615 to=11615 whence=1 offset=0 justEof=false
[FileHandle] MEMORY: bbs:node3/callerslog bufLen=12103 pos=11615 avail=488 reading=488 eofSeekCount=0
[FileHandle] SEEK: bbs:node3/callerslog from=12103 to=12103 whence=1 offset=0 justEof=false
[FileHandle] MEMORY: bbs:node3/callerslog bufLen=12103 pos=12103 avail=0 reading=0 eofSeekCount=0
[FileHandle] SEEK: bbs:node3/callerslog from=12103 to=12103 whence=1 offset=0 justEof=true
[FileHandle] SEEK: bbs:node3/callerslog from=12103 to=11855 whence=0 offset=11855 justEof=true
[FileHandle] EOF-SEEK-BACK: bbs:node3/callerslog count=1 (seeking backwards after EOF)
[FileHandle] MEMORY: bbs:node3/callerslog bufLen=12103 pos=11855 avail=248 reading=248 eofSeekCount=1
[FileHandle] MEMORY: bbs:node3/callerslog bufLen=12103 pos=12103 avail=0 reading=0 eofSeekCount=1
[FileHandle] MEMORY: dOORS:dRE/dRE!WAll/dRE!WAll.dAtA bufLen=100 pos=0 avail=100 reading=100 eofSeekCount=0
[FileHandle] MEMORY: dOORS:dRE/dRE!WAll/dRE!WAll.dAtA bufLen=100 pos=100 avail=0 reading=0 eofSeekCount=0
[FileHandle] SEEK: bbs:node3/callerslog from=0 to=11103 whence=2 offset=-1000 justEof=false
[FileHandle] SEEK: bbs:node3/callerslog from=11103 to=11103 whence=1 offset=0 justEof=false
[FileHandle] MEMORY: bbs:node3/callerslog bufLen=12103 pos=11103 avail=1000 reading=512 eofSeekCount=0
[FileHandle] SEEK: bbs:node3/callerslog from=11615 to=11615 whence=1 offset=0 justEof=false
[FileHandle] MEMORY: bbs:node3/callerslog bufLen=12103 pos=11615 avail=488 reading=488 eofSeekCount=0
[FileHandle] SEEK: bbs:node3/callerslog from=12103 to=12103 whence=1 offset=0 justEof=false
[FileHandle] MEMORY: bbs:node3/callerslog bufLen=12103 pos=12103 avail=0 reading=0 eofSeekCount=0
[FileHandle] SEEK: bbs:node3/callerslog from=12103 to=12103 whence=1 offset=0 justEof=true
[FileHandle] SEEK: bbs:node3/callerslog from=12103 to=11855 whence=0 offset=11855 justEof=true
[FileHandle] EOF-SEEK-BACK: bbs:node3/callerslog count=1 (seeking backwards after EOF)
[FileHandle] MEMORY: bbs:node3/callerslog bufLen=12103 pos=11855 avail=248 reading=248 eofSeekCount=1
[FileHandle] MEMORY: bbs:node3/callerslog bufLen=12103 pos=12103 avail=0 reading=0 eofSeekCount=1
[FileHandle] MEMORY: dOORS:dRE/dRE!WAll/dRE!WAll.dAtA bufLen=100 pos=0 avail=100 reading=100 eofSeekCount=0
[FileHandle] MEMORY: dOORS:dRE/dRE!WAll/dRE!WAll.dAtA bufLen=100 pos=100 avail=0 reading=0 eofSeekCount=0
[FileHandle] MEMORY: dOORS:dRE/dRE!WAll/dRE!WAll.dAtA bufLen=100 pos=0 avail=100 reading=100 eofSeekCount=0
[FileHandle] MEMORY: dOORS:dRE/dRE!WAll/dRE!WAll.dAtA bufLen=100 pos=100 avail=0 reading=0 eofSeekCount=0
[FileHandle] SEEK: bbs:node3/callerslog from=0 to=11103 whence=2 offset=-1000 justEof=false
[FileHandle] SEEK: bbs:node3/callerslog from=11103 to=11103 whence=1 offset=0 justEof=false
[FileHandle] MEMORY: bbs:node3/callerslog bufLen=12103 pos=11103 avail=1000 reading=512 eofSeekCount=0
[FileHandle] SEEK: bbs:node3/callerslog from=11615 to=11615 whence=1 offset=0 justEof=false
[FileHandle] MEMORY: bbs:node3/callerslog bufLen=12103 pos=11615 avail=488 reading=488 eofSeekCount=0
[FileHandle] SEEK: bbs:node3/callerslog from=12103 to=12103 whence=1 offset=0 justEof=false
[FileHandle] MEMORY: bbs:node3/callerslog bufLen=12103 pos=12103 avail=0 reading=0 eofSeekCount=0
[FileHandle] SEEK: bbs:node3/callerslog from=12103 to=12103 whence=1 offset=0 justEof=true
[FileHandle] SEEK: bbs:node3/callerslog from=12103 to=11855 whence=0 offset=11855 justEof=true
[FileHandle] EOF-SEEK-BACK: bbs:node3/callerslog count=1 (seeking backwards after EOF)
[FileHandle] MEMORY: bbs:node3/callerslog bufLen=12103 pos=11855 avail=248 reading=248 eofSeekCount=1
[FileHandle] MEMORY: bbs:node3/callerslog bufLen=12103 pos=12103 avail=0 reading=0 eofSeekCount=1
[FileHandle] MEMORY: dOORS:dRE/dRE!WAll/dRE!WAll.dAtA bufLen=100 pos=0 avail=100 reading=100 eofSeekCount=0
[FileHandle] MEMORY: dOORS:dRE/dRE!WAll/dRE!WAll.dAtA bufLen=100 pos=100 avail=0 reading=0 eofSeekCount=0
[FileHandle] SEEK: bbs:node3/callerslog from=0 to=11103 whence=2 offset=-1000 justEof=false
[FileHandle] SEEK: bbs:node3/callerslog from=11103 to=11103 whence=1 offset=0 justEof=false
[FileHandle] MEMORY: bbs:node3/callerslog bufLen=12103 pos=11103 avail=1000 reading=512 eofSeekCount=0
[FileHandle] SEEK: bbs:node3/callerslog from=11615 to=11615 whence=1 offset=0 justEof=false
[FileHandle] MEMORY: bbs:node3/callerslog bufLen=12103 pos=11615 avail=488 reading=488 eofSeekCount=0
[FileHandle] SEEK: bbs:node3/callerslog from=12103 to=12103 whence=1 offset=0 justEof=false
[FileHandle] MEMORY: bbs:node3/callerslog bufLen=12103 pos=12103 avail=0 reading=0 eofSeekCount=0
[FileHandle] SEEK: bbs:node3/callerslog from=12103 to=12103 whence=1 offset=0 justEof=true
[FileHandle] SEEK: bbs:node3/callerslog from=12103 to=11855 whence=0 offset=11855 justEof=true
[FileHandle] EOF-SEEK-BACK: bbs:node3/callerslog count=1 (seeking backwards after EOF)
[FileHandle] MEMORY: bbs:node3/callerslog bufLen=12103 pos=11855 avail=248 reading=248 eofSeekCount=1
[FileHandle] MEMORY: bbs:node3/callerslog bufLen=12103 pos=12103 avail=0 reading=0 eofSeekCount=1
[FileHandle] SEEK: bbs:node3/callerslog from=0 to=11103 whence=2 offset=-1000 justEof=false
[FileHandle] SEEK: bbs:node3/callerslog from=11103 to=11103 whence=1 offset=0 justEof=false
[FileHandle] MEMORY: bbs:node3/callerslog bufLen=12103 pos=11103 avail=1000 reading=512 eofSeekCount=0
[FileHandle] SEEK: bbs:node3/callerslog from=11615 to=11615 whence=1 offset=0 justEof=false
[FileHandle] MEMORY: bbs:node3/callerslog bufLen=12103 pos=11615 avail=488 reading=488 eofSeekCount=0
[FileHandle] SEEK: bbs:node3/callerslog from=12103 to=12103 whence=1 offset=0 justEof=false
[FileHandle] MEMORY: bbs:node3/callerslog bufLen=12103 pos=12103 avail=0 reading=0 eofSeekCount=0
[FileHandle] SEEK: bbs:node3/callerslog from=12103 to=12103 whence=1 offset=0 justEof=true
[FileHandle] SEEK: bbs:node3/callerslog from=12103 to=11855 whence=0 offset=11855 justEof=true
[FileHandle] EOF-SEEK-BACK: bbs:node3/callerslog count=1 (seeking backwards after EOF)
[FileHandle] MEMORY: bbs:node3/callerslog bufLen=12103 pos=11855 avail=248 reading=248 eofSeekCount=1
[FileHandle] MEMORY: bbs:node3/callerslog bufLen=12103 pos=12103 avail=0 reading=0 eofSeekCount=1
[FileHandle] MEMORY: dOORS:dRE/dRE!WAll/dRE!WAll.dAtA bufLen=100 pos=0 avail=100 reading=100 eofSeekCount=0
[FileHandle] MEMORY: dOORS:dRE/dRE!WAll/dRE!WAll.dAtA bufLen=100 pos=100 avail=0 reading=0 eofSeekCount=0
[FileHandle] SEEK: bbs:node3/callerslog from=0 to=11103 whence=2 offset=-1000 justEof=false
[FileHandle] SEEK: bbs:node3/callerslog from=11103 to=11103 whence=1 offset=0 justEof=false
[FileHandle] MEMORY: bbs:node3/callerslog bufLen=12103 pos=11103 avail=1000 reading=512 eofSeekCount=0
[FileHandle] SEEK: bbs:node3/callerslog from=11615 to=11615 whence=1 offset=0 justEof=false
[FileHandle] MEMORY: bbs:node3/callerslog bufLen=12103 pos=11615 avail=488 reading=488 eofSeekCount=0
[FileHandle] SEEK: bbs:node3/callerslog from=12103 to=12103 whence=1 offset=0 justEof=false
[FileHandle] MEMORY: bbs:node3/callerslog bufLen=12103 pos=12103 avail=0 reading=0 eofSeekCount=0
[FileHandle] SEEK: bbs:node3/callerslog from=12103 to=12103 whence=1 offset=0 justEof=true
[FileHandle] SEEK: bbs:node3/callerslog from=12103 to=11855 whence=0 offset=11855 justEof=true
[FileHandle] EOF-SEEK-BACK: bbs:node3/callerslog count=1 (seeking backwards after EOF)
[FileHandle] MEMORY: bbs:node3/callerslog bufLen=12103 pos=11855 avail=248 reading=248 eofSeekCount=1
[FileHandle] MEMORY: bbs:node3/callerslog bufLen=12103 pos=12103 avail=0 reading=0 eofSeekCount=1
[FileHandle] MEMORY: dOORS:dRE/dRE!WAll/dRE!WAll.dAtA bufLen=100 pos=0 avail=100 reading=100 eofSeekCount=0
[FileHandle] MEMORY: dOORS:dRE/dRE!WAll/dRE!WAll.dAtA bufLen=100 pos=100 avail=0 reading=0 eofSeekCount=0
[FileHandle] MEMORY: dOORS:dRE/dRE!WAll/dRE!WAll.dAtA bufLen=100 pos=0 avail=100 reading=100 eofSeekCount=0
[FileHandle] MEMORY: dOORS:dRE/dRE!WAll/dRE!WAll.dAtA bufLen=100 pos=100 avail=0 reading=0 eofSeekCount=0
[FileHandle] SEEK: bbs:node3/callerslog from=0 to=11103 whence=2 offset=-1000 justEof=false
[FileHandle] SEEK: bbs:node3/callerslog from=11103 to=11103 whence=1 offset=0 justEof=false
[FileHandle] MEMORY: bbs:node3/callerslog bufLen=12103 pos=11103 avail=1000 reading=512 eofSeekCount=0
[FileHandle] SEEK: bbs:node3/callerslog from=11615 to=11615 whence=1 offset=0 justEof=false
[FileHandle] MEMORY: bbs:node3/callerslog bufLen=12103 pos=11615 avail=488 reading=488 eofSeekCount=0
[FileHandle] SEEK: bbs:node3/callerslog from=12103 to=12103 whence=1 offset=0 justEof=false
[FileHandle] MEMORY: bbs:node3/callerslog bufLen=12103 pos=12103 avail=0 reading=0 eofSeekCount=0
[FileHandle] SEEK: bbs:node3/callerslog from=12103 to=12103 whence=1 offset=0 justEof=true
[FileHandle] SEEK: bbs:node3/callerslog from=12103 to=11855 whence=0 offset=11855 justEof=true
[FileHandle] EOF-SEEK-BACK: bbs:node3/callerslog count=1 (seeking backwards after EOF)
[FileHandle] MEMORY: bbs:node3/callerslog bufLen=12103 pos=11855 avail=248 reading=248 eofSeekCount=1
[FileHandle] MEMORY: bbs:node3/callerslog bufLen=12103 pos=12103 avail=0 reading=0 eofSeekCount=1
[FileHandle] MEMORY: dOORS:dRE/dRE!WAll/dRE!WAll.dAtA bufLen=100 pos=0 avail=100 reading=100 eofSeekCount=0
[FileHandle] MEMORY: dOORS:dRE/dRE!WAll/dRE!WAll.dAtA bufLen=100 pos=100 avail=0 reading=0 eofSeekCount=0
[FileHandle] MEMORY: dOORS:dRE/dRE!WAll/dRE!WAll.dAtA bufLen=100 pos=0 avail=100 reading=100 eofSeekCount=0
[FileHandle] MEMORY: dOORS:dRE/dRE!WAll/dRE!WAll.dAtA bufLen=100 pos=100 avail=0 reading=0 eofSeekCount=0
[FileHandle] SEEK: bbs:node3/callerslog from=0 to=11103 whence=2 offset=-1000 justEof=false
[FileHandle] SEEK: bbs:node3/callerslog from=11103 to=11103 whence=1 offset=0 justEof=false
[FileHandle] MEMORY: bbs:node3/callerslog bufLen=12103 pos=11103 avail=1000 reading=512 eofSeekCount=0
[FileHandle] SEEK: bbs:node3/callerslog from=11615 to=11615 whence=1 offset=0 justEof=false
[FileHandle] MEMORY: bbs:node3/callerslog bufLen=12103 pos=11615 avail=488 reading=488 eofSeekCount=0
[FileHandle] SEEK: bbs:node3/callerslog from=12103 to=12103 whence=1 offset=0 justEof=false
[FileHandle] MEMORY: bbs:node3/callerslog bufLen=12103 pos=12103 avail=0 reading=0 eofSeekCount=0
[FileHandle] SEEK: bbs:node3/callerslog from=12103 to=12103 whence=1 offset=0 justEof=true
[FileHandle] SEEK: bbs:node3/callerslog from=12103 to=11855 whence=0 offset=11855 justEof=true
[FileHandle] EOF-SEEK-BACK: bbs:node3/callerslog count=1 (seeking backwards after EOF)
[FileHandle] MEMORY: bbs:node3/callerslog bufLen=12103 pos=11855 avail=248 reading=248 eofSeekCount=1
[FileHandle] MEMORY: bbs:node3/callerslog bufLen=12103 pos=12103 avail=0 reading=0 eofSeekCount=1
[FileHandle] SEEK: bbs:node3/callerslog from=0 to=11103 whence=2 offset=-1000 justEof=false
[FileHandle] SEEK: bbs:node3/callerslog from=11103 to=11103 whence=1 offset=0 justEof=false
[FileHandle] MEMORY: bbs:node3/callerslog bufLen=12103 pos=11103 avail=1000 reading=512 eofSeekCount=0
[FileHandle] SEEK: bbs:node3/callerslog from=11615 to=11615 whence=1 offset=0 justEof=false
[FileHandle] MEMORY: bbs:node3/callerslog bufLen=12103 pos=11615 avail=488 reading=488 eofSeekCount=0
[FileHandle] SEEK: bbs:node3/callerslog from=12103 to=12103 whence=1 offset=0 justEof=false
[FileHandle] MEMORY: bbs:node3/callerslog bufLen=12103 pos=12103 avail=0 reading=0 eofSeekCount=0
[FileHandle] SEEK: bbs:node3/callerslog from=12103 to=12103 whence=1 offset=0 justEof=true
[FileHandle] SEEK: bbs:node3/callerslog from=12103 to=11855 whence=0 offset=11855 justEof=true
[FileHandle] EOF-SEEK-BACK: bbs:node3/callerslog count=1 (seeking backwards after EOF)
[FileHandle] MEMORY: bbs:node3/callerslog bufLen=12103 pos=11855 avail=248 reading=248 eofSeekCount=1
[FileHandle] MEMORY: bbs:node3/callerslog bufLen=12103 pos=12103 avail=0 reading=0 eofSeekCount=1
[FileHandle] MEMORY: dOORS:dRE/dRE!WAll/dRE!WAll.dAtA bufLen=100 pos=0 avail=100 reading=100 eofSeekCount=0
[FileHandle] MEMORY: dOORS:dRE/dRE!WAll/dRE!WAll.dAtA bufLen=100 pos=100 avail=0 reading=0 eofSeekCount=0
[FileHandle] SEEK: bbs:node3/callerslog from=0 to=11103 whence=2 offset=-1000 justEof=false
[FileHandle] SEEK: bbs:node3/callerslog from=11103 to=11103 whence=1 offset=0 justEof=false
[FileHandle] MEMORY: bbs:node3/callerslog bufLen=12103 pos=11103 avail=1000 reading=512 eofSeekCount=0
[FileHandle] SEEK: bbs:node3/callerslog from=11615 to=11615 whence=1 offset=0 justEof=false
[FileHandle] MEMORY: bbs:node3/callerslog bufLen=12103 pos=11615 avail=488 reading=488 eofSeekCount=0
[FileHandle] SEEK: bbs:node3/callerslog from=12103 to=12103 whence=1 offset=0 justEof=false
[FileHandle] MEMORY: bbs:node3/callerslog bufLen=12103 pos=12103 avail=0 reading=0 eofSeekCount=0
[FileHandle] SEEK: bbs:node3/callerslog from=12103 to=12103 whence=1 offset=0 justEof=true
[FileHandle] SEEK: bbs:node3/callerslog from=12103 to=11855 whence=0 offset=11855 justEof=true
[FileHandle] EOF-SEEK-BACK: bbs:node3/callerslog count=1 (seeking backwards after EOF)
[FileHandle] MEMORY: bbs:node3/callerslog bufLen=12103 pos=11855 avail=248 reading=248 eofSeekCount=1
[FileHandle] MEMORY: bbs:node3/callerslog bufLen=12103 pos=12103 avail=0 reading=0 eofSeekCount=1
[FileHandle] MEMORY: dOORS:dRE/dRE!WAll/dRE!WAll.dAtA bufLen=100 pos=0 avail=100 reading=100 eofSeekCount=0
[FileHandle] MEMORY: dOORS:dRE/dRE!WAll/dRE!WAll.dAtA bufLen=100 pos=100 avail=0 reading=0 eofSeekCount=0
[FileHandle] SEEK: bbs:node3/callerslog from=0 to=11103 whence=2 offset=-1000 justEof=false
[FileHandle] SEEK: bbs:node3/callerslog from=11103 to=11103 whence=1 offset=0 justEof=false
[FileHandle] MEMORY: bbs:node3/callerslog bufLen=12103 pos=11103 avail=1000 reading=512 eofSeekCount=0
[FileHandle] SEEK: bbs:node3/callerslog from=11615 to=11615 whence=1 offset=0 justEof=false
[FileHandle] MEMORY: bbs:node3/callerslog bufLen=12103 pos=11615 avail=488 reading=488 eofSeekCount=0
[FileHandle] SEEK: bbs:node3/callerslog from=12103 to=12103 whence=1 offset=0 justEof=false
[FileHandle] MEMORY: bbs:node3/callerslog bufLen=12103 pos=12103 avail=0 reading=0 eofSeekCount=0
[FileHandle] SEEK: bbs:node3/callerslog from=12103 to=12103 whence=1 offset=0 justEof=true
[FileHandle] SEEK: bbs:node3/callerslog from=12103 to=11855 whence=0 offset=11855 justEof=true
[FileHandle] EOF-SEEK-BACK: bbs:node3/callerslog count=1 (seeking backwards after EOF)
[FileHandle] MEMORY: bbs:node3/callerslog bufLen=12103 pos=11855 avail=248 reading=248 eofSeekCount=1
[FileHandle] MEMORY: bbs:node3/callerslog bufLen=12103 pos=12103 avail=0 reading=0 eofSeekCount=1
[FileHandle] MEMORY: dOORS:dRE/dRE!WAll/dRE!WAll.dAtA bufLen=100 pos=0 avail=100 reading=100 eofSeekCount=0
[FileHandle] MEMORY: dOORS:dRE/dRE!WAll/dRE!WAll.dAtA bufLen=100 pos=100 avail=0 reading=0 eofSeekCount=0
[FileHandle] SEEK: bbs:node3/callerslog from=0 to=11170 whence=2 offset=-1000 justEof=false
[FileHandle] SEEK: bbs:node3/callerslog from=11170 to=11170 whence=1 offset=0 justEof=false
[FileHandle] MEMORY: bbs:node3/callerslog bufLen=12170 pos=11170 avail=1000 reading=512 eofSeekCount=0
[FileHandle] SEEK: bbs:node3/callerslog from=11682 to=11682 whence=1 offset=0 justEof=false
[FileHandle] MEMORY: bbs:node3/callerslog bufLen=12170 pos=11682 avail=488 reading=488 eofSeekCount=0
[FileHandle] SEEK: bbs:node3/callerslog from=12170 to=12170 whence=1 offset=0 justEof=false
[FileHandle] MEMORY: bbs:node3/callerslog bufLen=12170 pos=12170 avail=0 reading=0 eofSeekCount=0
[FileHandle] SEEK: bbs:node3/callerslog from=12170 to=12170 whence=1 offset=0 justEof=true
[FileHandle] SEEK: bbs:node3/callerslog from=12170 to=11855 whence=0 offset=11855 justEof=true
[FileHandle] EOF-SEEK-BACK: bbs:node3/callerslog count=1 (seeking backwards after EOF)
[FileHandle] MEMORY: bbs:node3/callerslog bufLen=12170 pos=11855 avail=315 reading=315 eofSeekCount=1
[FileHandle] MEMORY: bbs:node3/callerslog bufLen=12170 pos=12170 avail=0 reading=0 eofSeekCount=1
[FileHandle] MEMORY: dOORS:dRE/dRE!WAll/dRE!WAll.dAtA bufLen=100 pos=0 avail=100 reading=100 eofSeekCount=0
[FileHandle] MEMORY: dOORS:dRE/dRE!WAll/dRE!WAll.dAtA bufLen=100 pos=100 avail=0 reading=0 eofSeekCount=0
